关键词,题材,意图,操作对象,指纹,内容策略,题材分,搜索量,需求级别
WPS办公软件,Office通用,品牌直达,通用,Office通用·品牌直达·通用,高关联(整篇WPS),0.857,261.0,
WPS演示,PPT,教程操作,通用,PPT·教程操作·通用,中关联(通用+WPS章节),1.0,5.0,
WPS表格,Excel,品牌直达,表格,Excel·品牌直达·表格,高关联(整篇WPS),0.274,7541.0,
wps软件,WPS综合,品牌直达,通用,WPS综合·品牌直达·通用,高关联(整篇WPS),0.8135,370.0,
WPS,WPS综合,品牌直达,通用,WPS综合·品牌直达·通用,高关联(整篇WPS),0.8135,318652.0,
办公软件excel表格,Excel,品牌直达,表格,Excel·品牌直达·表格,高关联(整篇WPS),0.274,3.0,
金山word,Word,品牌直达,通用,Word·品牌直达·通用,高关联(整篇WPS),0.4224,85.0,
wps365教育版,WPS综合,品牌直达,通用,WPS综合·品牌直达·通用,高关联(整篇WPS),0.8135,0.0,
wps365旗舰版,WPS综合,品牌直达,通用,WPS综合·品牌直达·通用,高关联(整篇WPS),0.8135,0.0,
wpsofficePC,Office通用,品牌直达,通用,Office通用·品牌直达·通用,高关联(整篇WPS),0.857,64.0,
wpsoffice可以卸载吗,Office通用,下载安装,通用,Office通用·下载安装·通用,高关联(整篇WPS),0.857,0.0,
wpsoffice教育考试专用版,Office通用,品牌直达,通用,Office通用·品牌直达·通用,高关联(整篇WPS),0.857,0.0,
wpsoffice是干什么的,Office通用,功能认知,通用,Office通用·功能认知·通用,中关联(通用+WPS章节),0.857,0.0,
wps使用解析,WPS综合,教程操作,通用,WPS综合·教程操作·通用,中关联(通用+WPS章节),0.8135,0.0,
wps演示在试图打开文件时遇到错误请尝试下…,PPT,教程操作,通用,PPT·教程操作·通用,中关联(通用+WPS章节),1.0,0.0,
wps演示工具,PPT,教程操作,通用,PPT·教程操作·通用,中关联(通用+WPS章节),1.0,0.0,
wps演示文稿,PPT,教程操作,通用,PPT·教程操作·通用,中关联(通用+WPS章节),1.0,0.0,
"wps演示无法从所选文件添加视频,请检查",PPT,教程操作,通用,PPT·教程操作·通用,中关联(通用+WPS章节),1.0,0.0,
wps演示者模式,PPT,教程操作,通用,PPT·教程操作·通用,中关联(通用+WPS章节),1.0,0.0,
wps演示者视图,PPT,教程操作,通用,PPT·教程操作·通用,中关联(通用+WPS章节),1.0,0.0,
wps演示西文默认,PPT,教程操作,通用,PPT·教程操作·通用,中关联(通用+WPS章节),1.0,0.0,
wps进入演示者视图,PPT,教程操作,通用,PPT·教程操作·通用,中关联(通用+WPS章节),1.0,0.0,
线上办公,其他/泛,品牌直达,通用,其他/泛·品牌直达·通用,低关联(方法论轻带),0.0,0.0,
wps,WPS综合,品牌直达,通用,WPS综合·品牌直达·通用,高关联(整篇WPS),0.8135,834739.0,
wps office,Office通用,品牌直达,通用,Office通用·品牌直达·通用,高关联(整篇WPS),0.857,69450.0,
wps网页版,云文档/在线,品牌直达,通用,云文档/在线·品牌直达·通用,高关联(整篇WPS),0.4399,3042.0,
WPS Office,Office通用,品牌直达,通用,Office通用·品牌直达·通用,高关联(整篇WPS),0.857,69450.0,
wpsoffice,Office通用,品牌直达,通用,Office通用·品牌直达·通用,高关联(整篇WPS),0.857,9051.0,
Wps,WPS综合,品牌直达,通用,WPS综合·品牌直达·通用,高关联(整篇WPS),0.8135,156299.0,
wps在线,云文档/在线,品牌直达,通用,云文档/在线·品牌直达·通用,高关联(整篇WPS),0.4399,965.0,
wps网页版入口,云文档/在线,品牌直达,通用,云文档/在线·品牌直达·通用,高关联(整篇WPS),0.4399,866.0,
WPS office,Office通用,品牌直达,通用,Office通用·品牌直达·通用,高关联(整篇WPS),0.857,69450.0,
wPS,WPS综合,品牌直达,通用,WPS综合·品牌直达·通用,高关联(整篇WPS),0.8135,156299.0,
WPs,WPS综合,品牌直达,通用,WPS综合·品牌直达·通用,高关联(整篇WPS),0.8135,156299.0,
WPS网页版,云文档/在线,品牌直达,通用,云文档/在线·品牌直达·通用,高关联(整篇WPS),0.4399,548.0,
金山wps,WPS综合,品牌直达,通用,WPS综合·品牌直达·通用,高关联(整篇WPS),0.8135,449.0,
www.wps.cn,WPS综合,品牌直达,通用,WPS综合·品牌直达·通用,高关联(整篇WPS),0.8135,449.0,
WPS OFFICE,Office通用,品牌直达,通用,Office通用·品牌直达·通用,高关联(整篇WPS),0.857,69450.0,
在线wps,云文档/在线,品牌直达,通用,云文档/在线·品牌直达·通用,高关联(整篇WPS),0.4399,322.0,
WPS在线,云文档/在线,品牌直达,通用,云文档/在线·品牌直达·通用,高关联(整篇WPS),0.4399,292.0,
wps个人版,WPS综合,品牌直达,通用,WPS综合·品牌直达·通用,高关联(整篇WPS),0.8135,276.0,
金山WPS,WPS综合,品牌直达,通用,WPS综合·品牌直达·通用,高关联(整篇WPS),0.8135,273.0,
wps.cn,WPS综合,品牌直达,通用,WPS综合·品牌直达·通用,高关联(整篇WPS),0.8135,270.0,
wpS,WPS综合,品牌直达,通用,WPS综合·品牌直达·通用,高关联(整篇WPS),0.8135,156299.0,
WPSoffice,Office通用,品牌直达,通用,Office通用·品牌直达·通用,高关联(整篇WPS),0.857,9051.0,
wps\,WPS综合,品牌直达,通用,WPS综合·品牌直达·通用,高关联(整篇WPS),0.8135,227.0,
wps网页,WPS综合,品牌直达,通用,WPS综合·品牌直达·通用,高关联(整篇WPS),0.8135,214.0,
wps网页版登录入口,云文档/在线,品牌直达,通用,云文档/在线·品牌直达·通用,高关联(整篇WPS),0.4399,189.0,
wps在线表格,Excel,品牌直达,表格,Excel·品牌直达·表格,高关联(整篇WPS),0.274,173.0,
wps在线使用,云文档/在线,教程操作,通用,云文档/在线·教程操作·通用,中关联(通用+WPS章节),0.4399,159.0,
wps表格,Excel,品牌直达,表格,Excel·品牌直达·表格,高关联(整篇WPS),0.274,7541.0,
wps365,WPS综合,品牌直达,通用,WPS综合·品牌直达·通用,高关联(整篇WPS),0.8135,133.0,
w'p'swps,WPS综合,品牌直达,通用,WPS综合·品牌直达·通用,高关联(整篇WPS),0.8135,125.0,
wps wps,WPS综合,品牌直达,通用,WPS综合·品牌直达·通用,高关联(整篇WPS),0.8135,120.0,
wps word文档,Word,品牌直达,通用,Word·品牌直达·通用,高关联(整篇WPS),0.4224,117.0,
WpS,WPS综合,品牌直达,通用,WPS综合·品牌直达·通用,高关联(整篇WPS),0.8135,156299.0,
wps网页版在线使用,云文档/在线,教程操作,通用,云文档/在线·教程操作·通用,中关联(通用+WPS章节),0.4399,112.0,
在线WPS,云文档/在线,品牌直达,通用,云文档/在线·品牌直达·通用,高关联(整篇WPS),0.4399,100.0,
wps ppt,PPT,品牌直达,通用,PPT·品牌直达·通用,高关联(整篇WPS),1.0,98.0,
WPSOFFICE,Office通用,品牌直达,通用,Office通用·品牌直达·通用,高关联(整篇WPS),0.857,9051.0,
WPS网页,WPS综合,品牌直达,通用,WPS综合·品牌直达·通用,高关联(整篇WPS),0.8135,92.0,
wps 在线,云文档/在线,品牌直达,通用,云文档/在线·品牌直达·通用,高关联(整篇WPS),0.4399,89.0,
wps offce,WPS综合,品牌直达,通用,WPS综合·品牌直达·通用,高关联(整篇WPS),0.8135,89.0,
WPS\,WPS综合,品牌直达,通用,WPS综合·品牌直达·通用,高关联(整篇WPS),0.8135,85.0,
wps文档,WPS综合,品牌直达,通用,WPS综合·品牌直达·通用,高关联(整篇WPS),0.8135,1025.0,
在线wps网页版,云文档/在线,品牌直达,通用,云文档/在线·品牌直达·通用,高关联(整篇WPS),0.4399,81.0,
https://www.wps.cn/,WPS综合,品牌直达,通用,WPS综合·品牌直达·通用,高关联(整篇WPS),0.8135,78.0,
www.wps,WPS综合,品牌直达,通用,WPS综合·品牌直达·通用,高关联(整篇WPS),0.8135,76.0,
WPS在线表格,Excel,品牌直达,表格,Excel·品牌直达·表格,高关联(整篇WPS),0.274,76.0,
WPSOffice,Office通用,品牌直达,通用,Office通用·品牌直达·通用,高关联(整篇WPS),0.857,9051.0,
"wps,",WPS综合,品牌直达,通用,WPS综合·品牌直达·通用,高关联(整篇WPS),0.8135,66.0,
WPS个人版,WPS综合,品牌直达,通用,WPS综合·品牌直达·通用,高关联(整篇WPS),0.8135,64.0,
wps 网页版,云文档/在线,品牌直达,通用,云文档/在线·品牌直达·通用,高关联(整篇WPS),0.4399,57.0,
wps在线版,云文档/在线,品牌直达,通用,云文档/在线·品牌直达·通用,高关联(整篇WPS),0.4399,56.0,
wps政府版,WPS综合,品牌直达,通用,WPS综合·品牌直达·通用,高关联(整篇WPS),0.8135,54.0,
wps办公软件,Office通用,品牌直达,通用,Office通用·品牌直达·通用,高关联(整篇WPS),0.857,261.0,
wps2023,WPS综合,品牌直达,通用,WPS综合·品牌直达·通用,高关联(整篇WPS),0.8135,53.0,
WPS 网页版,云文档/在线,品牌直达,通用,云文档/在线·品牌直达·通用,高关联(整篇WPS),0.4399,53.0,
wps图片,WPS综合,教程操作,通用,WPS综合·教程操作·通用,中关联(通用+WPS章节),0.8135,46.0,
wwps,WPS综合,品牌直达,通用,WPS综合·品牌直达·通用,高关联(整篇WPS),0.8135,46.0,
WPS Office办公软件,Office通用,品牌直达,通用,Office通用·品牌直达·通用,高关联(整篇WPS),0.857,459.0,
WPS365,WPS综合,品牌直达,通用,WPS综合·品牌直达·通用,高关联(整篇WPS),0.8135,45.0,
wps管网,WPS综合,品牌直达,通用,WPS综合·品牌直达·通用,高关联(整篇WPS),0.8135,44.0,
https://www.wps.cn,WPS综合,品牌直达,通用,WPS综合·品牌直达·通用,高关联(整篇WPS),0.8135,43.0,
wPs,WPS综合,品牌直达,通用,WPS综合·品牌直达·通用,高关联(整篇WPS),0.8135,156299.0,
wpsppt,PPT,品牌直达,通用,PPT·品牌直达·通用,高关联(整篇WPS),1.0,42.0,
wps office网页版,云文档/在线,品牌直达,通用,云文档/在线·品牌直达·通用,高关联(整篇WPS),0.4399,269.0,
wpsoffice网页版,云文档/在线,品牌直达,通用,云文档/在线·品牌直达·通用,高关联(整篇WPS),0.4399,192.0,
wps64位,WPS综合,品牌直达,通用,WPS综合·品牌直达·通用,高关联(整篇WPS),0.8135,38.0,
网页版wps,云文档/在线,品牌直达,通用,云文档/在线·品牌直达·通用,高关联(整篇WPS),0.4399,37.0,
WPS在线版,云文档/在线,品牌直达,通用,云文档/在线·品牌直达·通用,高关联(整篇WPS),0.4399,36.0,
WPS PPT,PPT,品牌直达,通用,PPT·品牌直达·通用,高关联(整篇WPS),1.0,36.0,
wps excel,Excel,品牌直达,通用,Excel·品牌直达·通用,高关联(整篇WPS),0.274,35.0,
WPS管网,WPS综合,品牌直达,通用,WPS综合·品牌直达·通用,高关联(整篇WPS),0.8135,34.0,
wps线上,WPS综合,品牌直达,通用,WPS综合·品牌直达·通用,高关联(整篇WPS),0.8135,32.0,
www.wps.cn/,WPS综合,品牌直达,通用,WPS综合·品牌直达·通用,高关联(整篇WPS),0.8135,32.0,
WPS Office 个人版,Office通用,品牌直达,通用,Office通用·品牌直达·通用,高关联(整篇WPS),0.857,115.0,
office wps,Office通用,品牌直达,通用,Office通用·品牌直达·通用,高关联(整篇WPS),0.857,101.0,
wps pdf,PDF,品牌直达,通用,PDF·品牌直达·通用,高关联(整篇WPS),0.2212,30.0,
WPS图片,WPS综合,教程操作,通用,WPS综合·教程操作·通用,中关联(通用+WPS章节),0.8135,30.0,
wps office个人版,Office通用,品牌直达,通用,Office通用·品牌直达·通用,高关联(整篇WPS),0.857,200.0,
WPS在线使用,云文档/在线,教程操作,通用,云文档/在线·教程操作·通用,中关联(通用+WPS章节),0.4399,30.0,
wps专业版,WPS综合,品牌直达,通用,WPS综合·品牌直达·通用,高关联(整篇WPS),0.8135,29.0,
WWW.WPS.CN,WPS综合,品牌直达,通用,WPS综合·品牌直达·通用,高关联(整篇WPS),0.8135,29.0,
网页版WPS,云文档/在线,品牌直达,通用,云文档/在线·品牌直达·通用,高关联(整篇WPS),0.4399,29.0,
金山office,Office通用,品牌直达,通用,Office通用·品牌直达·通用,高关联(整篇WPS),0.857,29.0,
wps协作,云文档/在线,教程操作,通用,云文档/在线·教程操作·通用,中关联(通用+WPS章节),0.4399,28.0,
WPS PDF,PDF,品牌直达,通用,PDF·品牌直达·通用,高关联(整篇WPS),0.2212,28.0,
WPS WPS,WPS综合,品牌直达,通用,WPS综合·品牌直达·通用,高关联(整篇WPS),0.8135,28.0,
WPS 在线版,云文档/在线,品牌直达,通用,云文档/在线·品牌直达·通用,高关联(整篇WPS),0.4399,26.0,
wps word,Word,品牌直达,通用,Word·品牌直达·通用,高关联(整篇WPS),0.4224,273.0,
wps OFFICE,Office通用,品牌直达,通用,Office通用·品牌直达·通用,高关联(整篇WPS),0.857,69450.0,
办公软件wps,Office通用,品牌直达,通用,Office通用·品牌直达·通用,高关联(整篇WPS),0.857,5128.0,
金山软件wps,WPS综合,品牌直达,通用,WPS综合·品牌直达·通用,高关联(整篇WPS),0.8135,25.0,
WPS线上,WPS综合,品牌直达,通用,WPS综合·品牌直达·通用,高关联(整篇WPS),0.8135,25.0,
WPS2023,WPS综合,品牌直达,通用,WPS综合·品牌直达·通用,高关联(整篇WPS),0.8135,25.0,
wps灵犀,WPS AI,AI认知,通用,WPS AI·AI认知·通用,中关联(通用+WPS章节),0.0,23.0,
wps.com,WPS综合,品牌直达,通用,WPS综合·品牌直达·通用,高关联(整篇WPS),0.8135,6450.0,
wps路cn,WPS综合,品牌直达,通用,WPS综合·品牌直达·通用,高关联(整篇WPS),0.8135,22.0,
WPS64位,WPS综合,品牌直达,通用,WPS综合·品牌直达·通用,高关联(整篇WPS),0.8135,22.0,
wps网站,WPS综合,品牌直达,通用,WPS综合·品牌直达·通用,高关联(整篇WPS),0.8135,22.0,
wps办公,WPS综合,品牌直达,通用,WPS综合·品牌直达·通用,高关联(整篇WPS),0.8135,22.0,
wps Office,Office通用,品牌直达,通用,Office通用·品牌直达·通用,高关联(整篇WPS),0.857,69450.0,
wpsguanwang,WPS综合,品牌直达,通用,WPS综合·品牌直达·通用,高关联(整篇WPS),0.8135,21.0,
在线wps网页版入口,云文档/在线,品牌直达,通用,云文档/在线·品牌直达·通用,高关联(整篇WPS),0.4399,21.0,
wps 个人版,WPS综合,品牌直达,通用,WPS综合·品牌直达·通用,高关联(整篇WPS),0.8135,21.0,
wps 365,WPS综合,品牌直达,通用,WPS综合·品牌直达·通用,高关联(整篇WPS),0.8135,20.0,
WPS 在线,云文档/在线,品牌直达,通用,云文档/在线·品牌直达·通用,高关联(整篇WPS),0.4399,20.0,
wpss,WPS综合,品牌直达,通用,WPS综合·品牌直达·通用,高关联(整篇WPS),0.8135,127.0,
www.wps.com,WPS综合,品牌直达,通用,WPS综合·品牌直达·通用,高关联(整篇WPS),0.8135,19.0,
WPS.CN,WPS综合,品牌直达,通用,WPS综合·品牌直达·通用,高关联(整篇WPS),0.8135,19.0,
wps 文档,WPS综合,品牌直达,通用,WPS综合·品牌直达·通用,高关联(整篇WPS),0.8135,19.0,
WPS 365,WPS综合,品牌直达,通用,WPS综合·品牌直达·通用,高关联(整篇WPS),0.8135,19.0,
WPS Office网页版,云文档/在线,品牌直达,通用,云文档/在线·品牌直达·通用,高关联(整篇WPS),0.4399,269.0,
WPS软件,WPS综合,品牌直达,通用,WPS综合·品牌直达·通用,高关联(整篇WPS),0.8135,370.0,
WPS专业版,WPS综合,品牌直达,通用,WPS综合·品牌直达·通用,高关联(整篇WPS),0.8135,18.0,
WPS文档,WPS综合,品牌直达,通用,WPS综合·品牌直达·通用,高关联(整篇WPS),0.8135,1025.0,
wpscn,WPS综合,品牌直达,通用,WPS综合·品牌直达·通用,高关联(整篇WPS),0.8135,18.0,
wpswps,WPS综合,品牌直达,通用,WPS综合·品牌直达·通用,高关联(整篇WPS),0.8135,127.0,
wwwwpscn,WPS综合,品牌直达,通用,WPS综合·品牌直达·通用,高关联(整篇WPS),0.8135,17.0,
WPS路CN,WPS综合,品牌直达,通用,WPS综合·品牌直达·通用,高关联(整篇WPS),0.8135,17.0,
wps云盘,WPS综合,品牌直达,通用,WPS综合·品牌直达·通用,高关联(整篇WPS),0.8135,17.0,
在线wps文档,云文档/在线,品牌直达,通用,云文档/在线·品牌直达·通用,高关联(整篇WPS),0.4399,17.0,
wps pro,WPS综合,品牌直达,通用,WPS综合·品牌直达·通用,高关联(整篇WPS),0.8135,259.0,
金山 wps,WPS综合,品牌直达,通用,WPS综合·品牌直达·通用,高关联(整篇WPS),0.8135,16.0,
wps office在线使用,云文档/在线,教程操作,通用,云文档/在线·教程操作·通用,中关联(通用+WPS章节),0.4399,16.0,
wps 64位,WPS综合,品牌直达,通用,WPS综合·品牌直达·通用,高关联(整篇WPS),0.8135,16.0,
wps在线网页版,云文档/在线,品牌直达,通用,云文档/在线·品牌直达·通用,高关联(整篇WPS),0.4399,15.0,
WPSguanwang,WPS综合,品牌直达,通用,WPS综合·品牌直达·通用,高关联(整篇WPS),0.8135,15.0,
wps协作网页版登录入口,云文档/在线,教程操作,通用,云文档/在线·教程操作·通用,中关联(通用+WPS章节),0.4399,15.0,
https://www.wps./,WPS综合,品牌直达,通用,WPS综合·品牌直达·通用,高关联(整篇WPS),0.8135,15.0,
WPS灵犀,WPS AI,AI认知,通用,WPS AI·AI认知·通用,中关联(通用+WPS章节),0.0,15.0,
wpsoffic,WPS综合,品牌直达,通用,WPS综合·品牌直达·通用,高关联(整篇WPS),0.8135,58.0,
"WPS,",WPS综合,品牌直达,通用,WPS综合·品牌直达·通用,高关联(整篇WPS),0.8135,15.0,
cn.wps.wps-office-pro,Office通用,品牌直达,通用,Office通用·品牌直达·通用,高关联(整篇WPS),0.857,14.0,
WPS ppt,PPT,品牌直达,通用,PPT·品牌直达·通用,高关联(整篇WPS),1.0,14.0,
wps最新版,WPS综合,下载安装,通用,WPS综合·下载安装·通用,高关联(整篇WPS),0.8135,14.0,
http://www.wps.cn,WPS综合,品牌直达,通用,WPS综合·品牌直达·通用,高关联(整篇WPS),0.8135,13.0,
线上wps,WPS综合,品牌直达,通用,WPS综合·品牌直达·通用,高关联(整篇WPS),0.8135,13.0,
wps office在线,云文档/在线,品牌直达,通用,云文档/在线·品牌直达·通用,高关联(整篇WPS),0.4399,13.0,
officewps,Office通用,品牌直达,通用,Office通用·品牌直达·通用,高关联(整篇WPS),0.857,13.0,
wps纯净版,WPS综合,品牌直达,通用,WPS综合·品牌直达·通用,高关联(整篇WPS),0.8135,13.0,
wps网页端,WPS综合,品牌直达,通用,WPS综合·品牌直达·通用,高关联(整篇WPS),0.8135,13.0,
wps精简版,WPS综合,品牌直达,通用,WPS综合·品牌直达·通用,高关联(整篇WPS),0.8135,13.0,
wps office办公软件,Office通用,品牌直达,通用,Office通用·品牌直达·通用,高关联(整篇WPS),0.857,459.0,
wps文档在线,云文档/在线,品牌直达,通用,云文档/在线·品牌直达·通用,高关联(整篇WPS),0.4399,12.0,
wps-office,Office通用,品牌直达,通用,Office通用·品牌直达·通用,高关联(整篇WPS),0.857,12.0,
wps 网页,WPS综合,品牌直达,通用,WPS综合·品牌直达·通用,高关联(整篇WPS),0.8135,12.0,
wps2024,WPS综合,品牌直达,通用,WPS综合·品牌直达·通用,高关联(整篇WPS),0.8135,12.0,
WWW.wps.cn/,WPS综合,品牌直达,通用,WPS综合·品牌直达·通用,高关联(整篇WPS),0.8135,12.0,
在线表格wps,Excel,品牌直达,表格,Excel·品牌直达·表格,高关联(整篇WPS),0.274,12.0,
WPS 个人版,WPS综合,品牌直达,通用,WPS综合·品牌直达·通用,高关联(整篇WPS),0.8135,12.0,
WPSPPT,PPT,品牌直达,通用,PPT·品牌直达·通用,高关联(整篇WPS),1.0,12.0,
WWw.wps.cn/,WPS综合,品牌直达,通用,WPS综合·品牌直达·通用,高关联(整篇WPS),0.8135,12.0,
wps文字,Word,品牌直达,通用,Word·品牌直达·通用,高关联(整篇WPS),0.4224,253.0,
wps app,WPS综合,品牌直达,通用,WPS综合·品牌直达·通用,高关联(整篇WPS),0.8135,269.0,
网页wps,WPS综合,品牌直达,通用,WPS综合·品牌直达·通用,高关联(整篇WPS),0.8135,11.0,
WPS.cn,WPS综合,品牌直达,通用,WPS综合·品牌直达·通用,高关联(整篇WPS),0.8135,11.0,
WPS历史版本,WPS综合,品牌直达,通用,WPS综合·品牌直达·通用,高关联(整篇WPS),0.8135,11.0,
wps online,WPS综合,品牌直达,通用,WPS综合·品牌直达·通用,高关联(整篇WPS),0.8135,11.0,
wps专业增强版,WPS综合,品牌直达,通用,WPS综合·品牌直达·通用,高关联(整篇WPS),0.8135,11.0,
WPS Office个人版,Office通用,品牌直达,通用,Office通用·品牌直达·通用,高关联(整篇WPS),0.857,200.0,
wps最新版本,WPS综合,下载安装,通用,WPS综合·下载安装·通用,高关联(整篇WPS),0.8135,715.0,
wps网站入口,WPS综合,品牌直达,通用,WPS综合·品牌直达·通用,高关联(整篇WPS),0.8135,11.0,
我wps,WPS综合,品牌直达,通用,WPS综合·品牌直达·通用,高关联(整篇WPS),0.8135,10.0,
wpspc,WPS综合,品牌直达,通用,WPS综合·品牌直达·通用,高关联(整篇WPS),0.8135,10.0,
wps 在线版,云文档/在线,品牌直达,通用,云文档/在线·品牌直达·通用,高关联(整篇WPS),0.4399,10.0,
wps1,WPS综合,品牌直达,通用,WPS综合·品牌直达·通用,高关联(整篇WPS),0.8135,10.0,
www..wps.cn,WPS综合,品牌直达,通用,WPS综合·品牌直达·通用,高关联(整篇WPS),0.8135,10.0,
WPSS,WPS综合,品牌直达,通用,WPS综合·品牌直达·通用,高关联(整篇WPS),0.8135,127.0,
WPS 64位,WPS综合,品牌直达,通用,WPS综合·品牌直达·通用,高关联(整篇WPS),0.8135,10.0,
wps最新,WPS综合,品牌直达,通用,WPS综合·品牌直达·通用,高关联(整篇WPS),0.8135,10.0,
wps offic,WPS综合,品牌直达,通用,WPS综合·品牌直达·通用,高关联(整篇WPS),0.8135,147.0,
WPS在线网页版,云文档/在线,品牌直达,通用,云文档/在线·品牌直达·通用,高关联(整篇WPS),0.4399,10.0,
wps offfice,WPS综合,品牌直达,通用,WPS综合·品牌直达·通用,高关联(整篇WPS),0.8135,10.0,
WPS协作,云文档/在线,教程操作,通用,云文档/在线·教程操作·通用,中关联(通用+WPS章节),0.4399,10.0,
WPS客户端,WPS综合,品牌直达,通用,WPS综合·品牌直达·通用,高关联(整篇WPS),0.8135,10.0,
wps PPT,PPT,品牌直达,通用,PPT·品牌直达·通用,高关联(整篇WPS),1.0,10.0,
在线office办公软件,云文档/在线,品牌直达,通用,云文档/在线·品牌直达·通用,高关联(整篇WPS),0.4399,9.0,
wps。cn,WPS综合,品牌直达,通用,WPS综合·品牌直达·通用,高关联(整篇WPS),0.8135,9.0,
WPS网站,WPS综合,品牌直达,通用,WPS综合·品牌直达·通用,高关联(整篇WPS),0.8135,9.0,
WPS最新版,WPS综合,下载安装,通用,WPS综合·下载安装·通用,高关联(整篇WPS),0.8135,9.0,
wps pc版,WPS综合,品牌直达,通用,WPS综合·品牌直达·通用,高关联(整篇WPS),0.8135,558.0,
WPS在线工具,云文档/在线,品牌直达,通用,云文档/在线·品牌直达·通用,高关联(整篇WPS),0.4399,9.0,
wps linux,WPS综合,品牌直达,通用,WPS综合·品牌直达·通用,高关联(整篇WPS),0.8135,9.0,
WPSWPS,WPS综合,品牌直达,通用,WPS综合·品牌直达·通用,高关联(整篇WPS),0.8135,127.0,
wpsOffice,Office通用,品牌直达,通用,Office通用·品牌直达·通用,高关联(整篇WPS),0.857,9051.0,
金山WPS Office,Office通用,品牌直达,通用,Office通用·品牌直达·通用,高关联(整篇WPS),0.857,9.0,
wps主页,WPS综合,品牌直达,通用,WPS综合·品牌直达·通用,高关联(整篇WPS),0.8135,9.0,
在线打开wps,云文档/在线,品牌直达,通用,云文档/在线·品牌直达·通用,高关联(整篇WPS),0.4399,9.0,
Wps office,Office通用,品牌直达,通用,Office通用·品牌直达·通用,高关联(整篇WPS),0.857,69450.0,
金山wps office,Office通用,品牌直达,通用,Office通用·品牌直达·通用,高关联(整篇WPS),0.857,8.0,
wWPS,WPS综合,品牌直达,通用,WPS综合·品牌直达·通用,高关联(整篇WPS),0.8135,8.0,
w p swps,WPS综合,品牌直达,通用,WPS综合·品牌直达·通用,高关联(整篇WPS),0.8135,8.0,
wps office PC,Office通用,品牌直达,通用,Office通用·品牌直达·通用,高关联(整篇WPS),0.857,614.0,
wps64,WPS综合,品牌直达,通用,WPS综合·品牌直达·通用,高关联(整篇WPS),0.8135,8.0,
wpsoffice网页版入口,云文档/在线,品牌直达,通用,云文档/在线·品牌直达·通用,高关联(整篇WPS),0.4399,8.0,
www.wps.gov.cn,WPS综合,品牌直达,通用,WPS综合·品牌直达·通用,高关联(整篇WPS),0.8135,8.0,
wps pc,WPS综合,品牌直达,通用,WPS综合·品牌直达·通用,高关联(整篇WPS),0.8135,316.0,
wpsPDF,PDF,品牌直达,通用,PDF·品牌直达·通用,高关联(整篇WPS),0.2212,8.0,
wps2019专业版,WPS综合,品牌直达,通用,WPS综合·品牌直达·通用,高关联(整篇WPS),0.8135,8.0,
wps2022,WPS综合,品牌直达,通用,WPS综合·品牌直达·通用,高关联(整篇WPS),0.8135,8.0,
WPS办公,WPS综合,品牌直达,通用,WPS综合·品牌直达·通用,高关联(整篇WPS),0.8135,8.0,
wps旧版本,WPS综合,品牌直达,通用,WPS综合·品牌直达·通用,高关联(整篇WPS),0.8135,8.0,
wpsofl,WPS综合,品牌直达,通用,WPS综合·品牌直达·通用,高关联(整篇WPS),0.8135,8.0,
wps线上文档,WPS综合,品牌直达,通用,WPS综合·品牌直达·通用,高关联(整篇WPS),0.8135,8.0,
WPS  office,Office通用,品牌直达,通用,Office通用·品牌直达·通用,高关联(整篇WPS),0.857,8.0,
wps word文档网页版,Word,品牌直达,通用,Word·品牌直达·通用,高关联(整篇WPS),0.4224,8.0,
WPS网页版本,云文档/在线,品牌直达,通用,云文档/在线·品牌直达·通用,高关联(整篇WPS),0.4399,8.0,
网页版wps登录入口,云文档/在线,品牌直达,通用,云文档/在线·品牌直达·通用,高关联(整篇WPS),0.4399,8.0,
wps],WPS综合,品牌直达,通用,WPS综合·品牌直达·通用,高关联(整篇WPS),0.8135,8.0,
wps在线打开,云文档/在线,品牌直达,通用,云文档/在线·品牌直达·通用,高关联(整篇WPS),0.4399,7.0,
.wps,WPS综合,品牌直达,通用,WPS综合·品牌直达·通用,高关联(整篇WPS),0.8135,92.0,
office办公软件wps,Office通用,品牌直达,通用,Office通用·品牌直达·通用,高关联(整篇WPS),0.857,7.0,
365.wps.cn,WPS综合,品牌直达,通用,WPS综合·品牌直达·通用,高关联(整篇WPS),0.8135,7.0,
wps办公版,WPS综合,品牌直达,通用,WPS综合·品牌直达·通用,高关联(整篇WPS),0.8135,7.0,
WPS-支,WPS综合,品牌直达,通用,WPS综合·品牌直达·通用,高关联(整篇WPS),0.8135,7.0,
wps WPS,WPS综合,品牌直达,通用,WPS综合·品牌直达·通用,高关联(整篇WPS),0.8135,7.0,
wpswps office,Office通用,品牌直达,通用,Office通用·品牌直达·通用,高关联(整篇WPS),0.857,96.0,
wps office是干什么的,Office通用,功能认知,通用,Office通用·功能认知·通用,中关联(通用+WPS章节),0.857,2604.0,
WWW.WPS,WPS综合,品牌直达,通用,WPS综合·品牌直达·通用,高关联(整篇WPS),0.8135,7.0,
WPS路cn,WPS综合,品牌直达,通用,WPS综合·品牌直达·通用,高关联(整篇WPS),0.8135,7.0,
wps教育版,WPS综合,品牌直达,通用,WPS综合·品牌直达·通用,高关联(整篇WPS),0.8135,7.0,
wps‘,WPS综合,品牌直达,通用,WPS综合·品牌直达·通用,高关联(整篇WPS),0.8135,7.0,
wps office电脑,Office通用,品牌直达,通用,Office通用·品牌直达·通用,高关联(整篇WPS),0.857,7.0,
wps更新,WPS综合,品牌直达,通用,WPS综合·品牌直达·通用,高关联(整篇WPS),0.8135,7.0,
WPSppt,PPT,品牌直达,通用,PPT·品牌直达·通用,高关联(整篇WPS),1.0,7.0,
\wps,WPS综合,品牌直达,通用,WPS综合·品牌直达·通用,高关联(整篇WPS),0.8135,7.0,
wps 2023,WPS综合,品牌直达,通用,WPS综合·品牌直达·通用,高关联(整篇WPS),0.8135,7.0,
Wps网页版,云文档/在线,品牌直达,通用,云文档/在线·品牌直达·通用,高关联(整篇WPS),0.4399,7.0,
WWPS,WPS综合,品牌直达,通用,WPS综合·品牌直达·通用,高关联(整篇WPS),0.8135,7.0,
wps演示,PPT,教程操作,通用,PPT·教程操作·通用,中关联(通用+WPS章节),1.0,7.0,
wps金山,WPS综合,品牌直达,通用,WPS综合·品牌直达·通用,高关联(整篇WPS),0.8135,7.0,
wps云盘网页版,云文档/在线,品牌直达,通用,云文档/在线·品牌直达·通用,高关联(整篇WPS),0.4399,7.0,
wpsoffce,WPS综合,品牌直达,通用,WPS综合·品牌直达·通用,高关联(整篇WPS),0.8135,7.0,
金山软件WPS,WPS综合,品牌直达,通用,WPS综合·品牌直达·通用,高关联(整篇WPS),0.8135,7.0,
www.wps.c,WPS综合,品牌直达,通用,WPS综合·品牌直达·通用,高关联(整篇WPS),0.8135,7.0,
wps网络版,WPS综合,品牌直达,通用,WPS综合·品牌直达·通用,高关联(整篇WPS),0.8135,7.0,
WPS应用,WPS综合,品牌直达,通用,WPS综合·品牌直达·通用,高关联(整篇WPS),0.8135,6.0,
wps 表格,Excel,品牌直达,表格,Excel·品牌直达·表格,高关联(整篇WPS),0.274,6.0,
wpsoffice在线使用,云文档/在线,教程操作,通用,云文档/在线·教程操作·通用,中关联(通用+WPS章节),0.4399,6.0,
wpsOFFICE,Office通用,品牌直达,通用,Office通用·品牌直达·通用,高关联(整篇WPS),0.857,9051.0,
wps离线,WPS综合,品牌直达,通用,WPS综合·品牌直达·通用,高关联(整篇WPS),0.8135,6.0,
wps .cn,WPS综合,品牌直达,通用,WPS综合·品牌直达·通用,高关联(整篇WPS),0.8135,6.0,
wps/cn,WPS综合,品牌直达,通用,WPS综合·品牌直达·通用,高关联(整篇WPS),0.8135,6.0,
wps国内版,WPS综合,品牌直达,通用,WPS综合·品牌直达·通用,高关联(整篇WPS),0.8135,6.0,
wpsoffice个人版,Office通用,品牌直达,通用,Office通用·品牌直达·通用,高关联(整篇WPS),0.857,6.0,
wps共享文档,WPS综合,品牌直达,通用,WPS综合·品牌直达·通用,高关联(整篇WPS),0.8135,6.0,
WPS云盘,WPS综合,品牌直达,通用,WPS综合·品牌直达·通用,高关联(整篇WPS),0.8135,6.0,
www.wps.con,WPS综合,品牌直达,通用,WPS综合·品牌直达·通用,高关联(整篇WPS),0.8135,6.0,
WPS文档网页版,云文档/在线,品牌直达,通用,云文档/在线·品牌直达·通用,高关联(整篇WPS),0.4399,6.0,
wps wpa,WPS综合,品牌直达,通用,WPS综合·品牌直达·通用,高关联(整篇WPS),0.8135,6.0,
WPS oFFICE,Office通用,品牌直达,通用,Office通用·品牌直达·通用,高关联(整篇WPS),0.857,69450.0,
WPS 在线表格,Excel,品牌直达,表格,Excel·品牌直达·表格,高关联(整篇WPS),0.274,6.0,
WPS 线上,WPS综合,品牌直达,通用,WPS综合·品牌直达·通用,高关联(整篇WPS),0.8135,6.0,
wps网页版本,云文档/在线,品牌直达,通用,云文档/在线·品牌直达·通用,高关联(整篇WPS),0.4399,6.0,
wps表格在线,Excel,品牌直达,表格,Excel·品牌直达·表格,高关联(整篇WPS),0.274,6.0,
www.365.wps.cn,WPS综合,品牌直达,通用,WPS综合·品牌直达·通用,高关联(整篇WPS),0.8135,6.0,
wps2021,WPS综合,品牌直达,通用,WPS综合·品牌直达·通用,高关联(整篇WPS),0.8135,6.0,
wpsw,WPS综合,品牌直达,通用,WPS综合·品牌直达·通用,高关联(整篇WPS),0.8135,6.0,
WPS365网页版,云文档/在线,品牌直达,通用,云文档/在线·品牌直达·通用,高关联(整篇WPS),0.4399,6.0,
网页WPS,WPS综合,品牌直达,通用,WPS综合·品牌直达·通用,高关联(整篇WPS),0.8135,6.0,
i.wps.cn,WPS综合,品牌直达,通用,WPS综合·品牌直达·通用,高关联(整篇WPS),0.8135,6.0,
线上WPS,WPS综合,品牌直达,通用,WPS综合·品牌直达·通用,高关联(整篇WPS),0.8135,6.0,
wps解压,WPS综合,品牌直达,通用,WPS综合·品牌直达·通用,高关联(整篇WPS),0.8135,6.0,
wps在线工具,云文档/在线,品牌直达,通用,云文档/在线·品牌直达·通用,高关联(整篇WPS),0.4399,6.0,
wps 协作,云文档/在线,教程操作,通用,云文档/在线·教程操作·通用,中关联(通用+WPS章节),0.4399,6.0,
WPS文字,Word,品牌直达,通用,Word·品牌直达·通用,高关联(整篇WPS),0.4224,253.0,
https://www.wps/,WPS综合,品牌直达,通用,WPS综合·品牌直达·通用,高关联(整篇WPS),0.8135,6.0,
金山wps在线,云文档/在线,品牌直达,通用,云文档/在线·品牌直达·通用,高关联(整篇WPS),0.4399,6.0,
"www.wps,cn",WPS综合,品牌直达,通用,WPS综合·品牌直达·通用,高关联(整篇WPS),0.8135,6.0,
wps工具,WPS综合,品牌直达,通用,WPS综合·品牌直达·通用,高关联(整篇WPS),0.8135,6.0,
WPS wps,WPS综合,品牌直达,通用,WPS综合·品牌直达·通用,高关联(整篇WPS),0.8135,5.0,
wps网络编辑文档网址,WPS综合,教程操作,通用,WPS综合·教程操作·通用,中关联(通用+WPS章节),0.8135,5.0,
wps32位,WPS综合,品牌直达,通用,WPS综合·品牌直达·通用,高关联(整篇WPS),0.8135,5.0,
wps office网页版入口,云文档/在线,品牌直达,通用,云文档/在线·品牌直达·通用,高关联(整篇WPS),0.4399,5.0,
www.wps.cnx,WPS综合,品牌直达,通用,WPS综合·品牌直达·通用,高关联(整篇WPS),0.8135,5.0,
wps历史版本,WPS综合,品牌直达,通用,WPS综合·品牌直达·通用,高关联(整篇WPS),0.8135,5.0,
wps o,WPS综合,品牌直达,通用,WPS综合·品牌直达·通用,高关联(整篇WPS),0.8135,5.0,
wps文档网页版,云文档/在线,品牌直达,通用,云文档/在线·品牌直达·通用,高关联(整篇WPS),0.4399,5.0,
wps个人,WPS综合,品牌直达,通用,WPS综合·品牌直达·通用,高关联(整篇WPS),0.8135,5.0,
wpsoffiec,WPS综合,品牌直达,通用,WPS综合·品牌直达·通用,高关联(整篇WPS),0.8135,5.0,
WPS Comate,WPS综合,品牌直达,通用,WPS综合·品牌直达·通用,高关联(整篇WPS),0.8135,5.0,
https://official-packbage.wps.cn/wps/wps_windows/wps_setup.exe,WPS综合,品牌直达,通用,WPS综合·品牌直达·通用,高关联(整篇WPS),0.8135,5.0,
"wps,cn",WPS综合,品牌直达,通用,WPS综合·品牌直达·通用,高关联(整篇WPS),0.8135,5.0,
wps office.com,Office通用,品牌直达,通用,Office通用·品牌直达·通用,高关联(整篇WPS),0.857,5.0,
w WPS,WPS综合,品牌直达,通用,WPS综合·品牌直达·通用,高关联(整篇WPS),0.8135,5.0,
wps多维表格,Excel,品牌直达,表格,Excel·品牌直达·表格,高关联(整篇WPS),0.274,5.0,
wps统信,WPS综合,品牌直达,通用,WPS综合·品牌直达·通用,高关联(整篇WPS),0.8135,5.0,
wps看图软件,WPS综合,品牌直达,通用,WPS综合·品牌直达·通用,高关联(整篇WPS),0.8135,5.0,
WPS网页端,WPS综合,品牌直达,通用,WPS综合·品牌直达·通用,高关联(整篇WPS),0.8135,5.0,
wps宏,WPS综合,教程操作,宏,WPS综合·教程操作·宏,中关联(通用+WPS章节),0.8135,241.0,
wps 线上,WPS综合,品牌直达,通用,WPS综合·品牌直达·通用,高关联(整篇WPS),0.8135,5.0,
WPS .cn,WPS综合,品牌直达,通用,WPS综合·品牌直达·通用,高关联(整篇WPS),0.8135,5.0,
drive.wps.cn,WPS综合,品牌直达,通用,WPS综合·品牌直达·通用,高关联(整篇WPS),0.8135,5.0,
WPS2024,WPS综合,品牌直达,通用,WPS综合·品牌直达·通用,高关联(整篇WPS),0.8135,5.0,
wps offi,WPS综合,品牌直达,通用,WPS综合·品牌直达·通用,高关联(整篇WPS),0.8135,5.0,
wps \,WPS综合,品牌直达,通用,WPS综合·品牌直达·通用,高关联(整篇WPS),0.8135,5.0,
WPS 网页,WPS综合,品牌直达,通用,WPS综合·品牌直达·通用,高关联(整篇WPS),0.8135,5.0,
wps.,WPS综合,品牌直达,通用,WPS综合·品牌直达·通用,高关联(整篇WPS),0.8135,69286.0,
wps麒麟版,WPS综合,品牌直达,通用,WPS综合·品牌直达·通用,高关联(整篇WPS),0.8135,5.0,
WPS O,WPS综合,品牌直达,通用,WPS综合·品牌直达·通用,高关联(整篇WPS),0.8135,5.0,
WPS 办公软件,Office通用,品牌直达,通用,Office通用·品牌直达·通用,高关联(整篇WPS),0.857,5.0,
WPS 文字,Word,品牌直达,通用,Word·品牌直达·通用,高关联(整篇WPS),0.4224,5.0,
-wps,WPS综合,品牌直达,通用,WPS综合·品牌直达·通用,高关联(整篇WPS),0.8135,5.0,
wps powerpoint,PPT,品牌直达,通用,PPT·品牌直达·通用,高关联(整篇WPS),1.0,5.0,
在线打开WPS,云文档/在线,品牌直达,通用,云文档/在线·品牌直达·通用,高关联(整篇WPS),0.4399,5.0,
https://platform.wps.cn/,WPS综合,品牌直达,通用,WPS综合·品牌直达·通用,高关联(整篇WPS),0.8135,5.0,
wps在线ppt,PPT,品牌直达,通用,PPT·品牌直达·通用,高关联(整篇WPS),1.0,5.0,
wps office pc,Office通用,品牌直达,通用,Office通用·品牌直达·通用,高关联(整篇WPS),0.857,614.0,
wps2026,WPS综合,品牌直达,通用,WPS综合·品牌直达·通用,高关联(整篇WPS),0.8135,5.0,
wps2020,WPS综合,品牌直达,通用,WPS综合·品牌直达·通用,高关联(整篇WPS),0.8135,5.0,
wps.cm,WPS综合,品牌直达,通用,WPS综合·品牌直达·通用,高关联(整篇WPS),0.8135,5.0,
wps网页版在线,云文档/在线,品牌直达,通用,云文档/在线·品牌直达·通用,高关联(整篇WPS),0.4399,5.0,
wps云空间,WPS综合,品牌直达,通用,WPS综合·品牌直达·通用,高关联(整篇WPS),0.8135,5.0,
wps官網,WPS综合,品牌直达,通用,WPS综合·品牌直达·通用,高关联(整篇WPS),0.8135,5.0,
wps金山办公,WPS综合,品牌直达,通用,WPS综合·品牌直达·通用,高关联(整篇WPS),0.8135,5.0,
32位wps,WPS综合,品牌直达,通用,WPS综合·品牌直达·通用,高关联(整篇WPS),0.8135,5.0,
wps客户端,WPS综合,品牌直达,通用,WPS综合·品牌直达·通用,高关联(整篇WPS),0.8135,5.0,
office办公软件,Office通用,品牌直达,通用,Office通用·品牌直达·通用,高关联(整篇WPS),0.857,17514.0,
wps office网页版登录入口,云文档/在线,品牌直达,通用,云文档/在线·品牌直达·通用,高关联(整篇WPS),0.4399,4.0,
wps office365,Office通用,品牌直达,通用,Office通用·品牌直达·通用,高关联(整篇WPS),0.857,4.0,
wps word网页版,Word,品牌直达,通用,Word·品牌直达·通用,高关联(整篇WPS),0.4224,4.0,
WPS主页,WPS综合,品牌直达,通用,WPS综合·品牌直达·通用,高关联(整篇WPS),0.8135,4.0,
wps cn,WPS综合,品牌直达,通用,WPS综合·品牌直达·通用,高关联(整篇WPS),0.8135,4.0,
wps商业版,WPS综合,品牌直达,通用,WPS综合·品牌直达·通用,高关联(整篇WPS),0.8135,4.0,
www.wps.,WPS综合,品牌直达,通用,WPS综合·品牌直达·通用,高关联(整篇WPS),0.8135,4.0,
金山wps软件,WPS综合,品牌直达,通用,WPS综合·品牌直达·通用,高关联(整篇WPS),0.8135,4.0,
WPS VBA插件,WPS综合,教程操作,vba,WPS综合·教程操作·vba,中关联(通用+WPS章节),0.8135,4.0,
wps线上版,WPS综合,品牌直达,通用,WPS综合·品牌直达·通用,高关联(整篇WPS),0.8135,4.0,
wps2023专业版,WPS综合,品牌直达,通用,WPS综合·品牌直达·通用,高关联(整篇WPS),0.8135,4.0,
WPS‘,WPS综合,品牌直达,通用,WPS综合·品牌直达·通用,高关联(整篇WPS),0.8135,4.0,
wps2025,WPS综合,品牌直达,通用,WPS综合·品牌直达·通用,高关联(整篇WPS),0.8135,4.0,
wps.CN,WPS综合,品牌直达,通用,WPS综合·品牌直达·通用,高关联(整篇WPS),0.8135,4.0,
wps64位版,WPS综合,品牌直达,通用,WPS综合·品牌直达·通用,高关联(整篇WPS),0.8135,4.0,
WPS OFFice,Office通用,品牌直达,通用,Office通用·品牌直达·通用,高关联(整篇WPS),0.857,69450.0,
Word/WPS,Word,品牌直达,通用,Word·品牌直达·通用,高关联(整篇WPS),0.4224,4.0,
wps office电脑端,Office通用,品牌直达,通用,Office通用·品牌直达·通用,高关联(整篇WPS),0.857,4.0,
wps图片查看器,WPS综合,教程操作,通用,WPS综合·教程操作·通用,中关联(通用+WPS章节),0.8135,4.0,
WPS Office 2023,Office通用,品牌直达,通用,Office通用·品牌直达·通用,高关联(整篇WPS),0.857,4.0,
wps office网站,Office通用,品牌直达,通用,Office通用·品牌直达·通用,高关联(整篇WPS),0.857,4.0,
wps office 在线,云文档/在线,品牌直达,通用,云文档/在线·品牌直达·通用,高关联(整篇WPS),0.4399,4.0,
WPS 64,WPS综合,品牌直达,通用,WPS综合·品牌直达·通用,高关联(整篇WPS),0.8135,4.0,
wps 64,WPS综合,品牌直达,通用,WPS综合·品牌直达·通用,高关联(整篇WPS),0.8135,4.0,
wps 专业版,WPS综合,品牌直达,通用,WPS综合·品牌直达·通用,高关联(整篇WPS),0.8135,256.0,
wps office国内版,Office通用,品牌直达,通用,Office通用·品牌直达·通用,高关联(整篇WPS),0.857,4.0,
WPS xp版,WPS综合,品牌直达,通用,WPS综合·品牌直达·通用,高关联(整篇WPS),0.8135,206.0,
WPS 文档,WPS综合,品牌直达,通用,WPS综合·品牌直达·通用,高关联(整篇WPS),0.8135,4.0,
wps最新更新,WPS综合,品牌直达,通用,WPS综合·品牌直达·通用,高关联(整篇WPS),0.8135,4.0,
wps编辑器,WPS综合,教程操作,通用,WPS综合·教程操作·通用,中关联(通用+WPS章节),0.8135,4.0,
wps线上编辑,WPS综合,教程操作,通用,WPS综合·教程操作·通用,中关联(通用+WPS章节),0.8135,4.0,
wps office 在线使用,云文档/在线,教程操作,通用,云文档/在线·教程操作·通用,中关联(通用+WPS章节),0.4399,4.0,
wps离线版,WPS综合,品牌直达,通用,WPS综合·品牌直达·通用,高关联(整篇WPS),0.8135,4.0,
WPS金山,WPS综合,品牌直达,通用,WPS综合·品牌直达·通用,高关联(整篇WPS),0.8135,4.0,
路wps,WPS综合,品牌直达,通用,WPS综合·品牌直达·通用,高关联(整篇WPS),0.8135,4.0,
wpslinux版本,WPS综合,品牌直达,通用,WPS综合·品牌直达·通用,高关联(整篇WPS),0.8135,4.0,
jinshanwps,WPS综合,品牌直达,通用,WPS综合·品牌直达·通用,高关联(整篇WPS),0.8135,4.0,
wps office 个人版,Office通用,品牌直达,通用,Office通用·品牌直达·通用,高关联(整篇WPS),0.857,115.0,
wps桌面,WPS综合,品牌直达,通用,WPS综合·品牌直达·通用,高关联(整篇WPS),0.8135,4.0,
wps登陆,WPS综合,品牌直达,通用,WPS综合·品牌直达·通用,高关联(整篇WPS),0.8135,4.0,
wwwwps,WPS综合,品牌直达,通用,WPS综合·品牌直达·通用,高关联(整篇WPS),0.8135,4.0,
\WPS,WPS综合,品牌直达,通用,WPS综合·品牌直达·通用,高关联(整篇WPS),0.8135,4.0,
wps wps wps wps,WPS综合,品牌直达,通用,WPS综合·品牌直达·通用,高关联(整篇WPS),0.8135,4.0,
wps网页版网址,云文档/在线,品牌直达,通用,云文档/在线·品牌直达·通用,高关联(整篇WPS),0.4399,4.0,
金山办公wps,WPS综合,品牌直达,通用,WPS综合·品牌直达·通用,高关联(整篇WPS),0.8135,4.0,
wps office 网页版,云文档/在线,品牌直达,通用,云文档/在线·品牌直达·通用,高关联(整篇WPS),0.4399,51.0,
WPS 32位,WPS综合,品牌直达,通用,WPS综合·品牌直达·通用,高关联(整篇WPS),0.8135,4.0,
Wps Office,Office通用,品牌直达,通用,Office通用·品牌直达·通用,高关联(整篇WPS),0.857,69450.0,
WINDOWS8中WPS更新不了， 就用不了最新函数公式是吗,Excel,教程操作,函数,Excel·教程操作·函数,中关联(通用+WPS章节),0.274,4.0,
32wei wps,WPS综合,品牌直达,通用,WPS综合·品牌直达·通用,高关联(整篇WPS),0.8135,4.0,
WPSOFFCE,WPS综合,品牌直达,通用,WPS综合·品牌直达·通用,高关联(整篇WPS),0.8135,4.0,
wpswendang,WPS综合,品牌直达,通用,WPS综合·品牌直达·通用,高关联(整篇WPS),0.8135,4.0,
WPS office办公软件,Office通用,品牌直达,通用,Office通用·品牌直达·通用,高关联(整篇WPS),0.857,459.0,
wps 软件,WPS综合,品牌直达,通用,WPS综合·品牌直达·通用,高关联(整篇WPS),0.8135,4.0,
WPS 2023,WPS综合,品牌直达,通用,WPS综合·品牌直达·通用,高关联(整篇WPS),0.8135,4.0,
wps协作网页版,云文档/在线,教程操作,通用,云文档/在线·教程操作·通用,中关联(通用+WPS章节),0.4399,4.0,
最新版WPS,WPS综合,下载安装,通用,WPS综合·下载安装·通用,高关联(整篇WPS),0.8135,4.0,
wps web,WPS综合,品牌直达,通用,WPS综合·品牌直达·通用,高关联(整篇WPS),0.8135,4.0,
wps文档中心,WPS综合,品牌直达,通用,WPS综合·品牌直达·通用,高关联(整篇WPS),0.8135,4.0,
owps,WPS综合,品牌直达,通用,WPS综合·品牌直达·通用,高关联(整篇WPS),0.8135,4.0,
WPS在线PPT,PPT,品牌直达,通用,PPT·品牌直达·通用,高关联(整篇WPS),1.0,4.0,
WPS2019政企版,WPS综合,品牌直达,通用,WPS综合·品牌直达·通用,高关联(整篇WPS),0.8135,3.0,
WPS 金山,WPS综合,品牌直达,通用,WPS综合·品牌直达·通用,高关联(整篇WPS),0.8135,3.0,
wps中文版,WPS综合,品牌直达,通用,WPS综合·品牌直达·通用,高关联(整篇WPS),0.8135,3.0,
在线wps表格,Excel,品牌直达,表格,Excel·品牌直达·表格,高关联(整篇WPS),0.274,3.0,
"www,wps.cn",WPS综合,品牌直达,通用,WPS综合·品牌直达·通用,高关联(整篇WPS),0.8135,3.0,
wps pdf tools,PDF,品牌直达,通用,PDF·品牌直达·通用,高关联(整篇WPS),0.2212,3.0,
wpsxiaz,WPS综合,品牌直达,通用,WPS综合·品牌直达·通用,高关联(整篇WPS),0.8135,3.0,
wps ptt,WPS综合,品牌直达,通用,WPS综合·品牌直达·通用,高关联(整篇WPS),0.8135,3.0,
wps win11,WPS综合,品牌直达,通用,WPS综合·品牌直达·通用,高关联(整篇WPS),0.8135,3.0,
wpsps,WPS综合,品牌直达,通用,WPS综合·品牌直达·通用,高关联(整篇WPS),0.8135,3.0,
wpsoffice办公软件,Office通用,品牌直达,通用,Office通用·品牌直达·通用,高关联(整篇WPS),0.857,65.0,
http://www.wps.cn/,WPS综合,品牌直达,通用,WPS综合·品牌直达·通用,高关联(整篇WPS),0.8135,3.0,
百度一下wps,WPS综合,品牌直达,通用,WPS综合·品牌直达·通用,高关联(整篇WPS),0.8135,3.0,
wps guanwang,WPS综合,品牌直达,通用,WPS综合·品牌直达·通用,高关联(整篇WPS),0.8135,3.0,
wps路CN,WPS综合,品牌直达,通用,WPS综合·品牌直达·通用,高关联(整篇WPS),0.8135,3.0,
WPS协作网站入口,云文档/在线,教程操作,通用,云文档/在线·教程操作·通用,中关联(通用+WPS章节),0.4399,3.0,
wps2022版本,WPS综合,品牌直达,通用,WPS综合·品牌直达·通用,高关联(整篇WPS),0.8135,3.0,
WPS教育版,WPS综合,品牌直达,通用,WPS综合·品牌直达·通用,高关联(整篇WPS),0.8135,3.0,
wps网盘,WPS综合,品牌直达,通用,WPS综合·品牌直达·通用,高关联(整篇WPS),0.8135,3.0,
wps office 最新版,Office通用,下载安装,通用,Office通用·下载安装·通用,高关联(整篇WPS),0.857,3.0,
wps 在线表格,Excel,品牌直达,表格,Excel·品牌直达·表格,高关联(整篇WPS),0.274,3.0,
WPS WebOffice,Office通用,品牌直达,通用,Office通用·品牌直达·通用,高关联(整篇WPS),0.857,3.0,
在线版wps,云文档/在线,品牌直达,通用,云文档/在线·品牌直达·通用,高关联(整篇WPS),0.4399,3.0,
OFFICE WPS,Office通用,品牌直达,通用,Office通用·品牌直达·通用,高关联(整篇WPS),0.857,101.0,
“WPS”,WPS综合,品牌直达,通用,WPS综合·品牌直达·通用,高关联(整篇WPS),0.8135,3.0,
WPS网页版登录入口网址,云文档/在线,品牌直达,通用,云文档/在线·品牌直达·通用,高关联(整篇WPS),0.4399,3.0,
wps安卓,WPS综合,下载安装,通用,WPS综合·下载安装·通用,高关联(整篇WPS),0.8135,3.0,
WPS极简版,WPS综合,品牌直达,通用,WPS综合·品牌直达·通用,高关联(整篇WPS),0.8135,3.0,
在线 wps,云文档/在线,品牌直达,通用,云文档/在线·品牌直达·通用,高关联(整篇WPS),0.4399,3.0,
wps中国,WPS综合,品牌直达,通用,WPS综合·品牌直达·通用,高关联(整篇WPS),0.8135,3.0,
【WPS Office】,Office通用,品牌直达,通用,Office通用·品牌直达·通用,高关联(整篇WPS),0.857,3.0,
www.WPS,WPS综合,品牌直达,通用,WPS综合·品牌直达·通用,高关联(整篇WPS),0.8135,3.0,
网页版WPS:https://365.kdocs.cn/latest?utm_source=wps&utm_medium=navigation,Word,品牌直达,通用,Word·品牌直达·通用,高关联(整篇WPS),0.4224,3.0,
WPS共享,WPS综合,品牌直达,通用,WPS综合·品牌直达·通用,高关联(整篇WPS),0.8135,3.0,
WPS首页,WPS综合,品牌直达,通用,WPS综合·品牌直达·通用,高关联(整篇WPS),0.8135,3.0,
WPSoffice在线使用,云文档/在线,教程操作,通用,云文档/在线·教程操作·通用,中关联(通用+WPS章节),0.4399,3.0,
www路wps路cn,WPS综合,品牌直达,通用,WPS综合·品牌直达·通用,高关联(整篇WPS),0.8135,3.0,
WPS VBA 插件,WPS综合,教程操作,vba,WPS综合·教程操作·vba,中关联(通用+WPS章节),0.8135,3.0,
wps office网页,Office通用,品牌直达,通用,Office通用·品牌直达·通用,高关联(整篇WPS),0.857,3.0,
WPS在线版本,云文档/在线,品牌直达,通用,云文档/在线·品牌直达·通用,高关联(整篇WPS),0.4399,3.0,
wps linux版,WPS综合,品牌直达,通用,WPS综合·品牌直达·通用,高关联(整篇WPS),0.8135,3.0,
VBA for WPS,WPS综合,教程操作,vba,WPS综合·教程操作·vba,中关联(通用+WPS章节),0.8135,3.0,
wps人工在线客服,云文档/在线,品牌直达,通用,云文档/在线·品牌直达·通用,高关联(整篇WPS),0.4399,3.0,
wps office客户端,Office通用,品牌直达,通用,Office通用·品牌直达·通用,高关联(整篇WPS),0.857,3.0,
wps网页版登入页面,云文档/在线,品牌直达,通用,云文档/在线·品牌直达·通用,高关联(整篇WPS),0.4399,3.0,
wps电脑网页版入口,云文档/在线,品牌直达,通用,云文档/在线·品牌直达·通用,高关联(整篇WPS),0.4399,3.0,
wps登录入口,WPS综合,品牌直达,通用,WPS综合·品牌直达·通用,高关联(整篇WPS),0.8135,3.0,
WPSlinux版本,WPS综合,品牌直达,通用,WPS综合·品牌直达·通用,高关联(整篇WPS),0.8135,3.0,
wps 32位,WPS综合,品牌直达,通用,WPS综合·品牌直达·通用,高关联(整篇WPS),0.8135,3.0,
WPS Office 在线版,云文档/在线,品牌直达,通用,云文档/在线·品牌直达·通用,高关联(整篇WPS),0.4399,3.0,
wps wps wps,WPS综合,品牌直达,通用,WPS综合·品牌直达·通用,高关联(整篇WPS),0.8135,3.0,
wps登录,WPS综合,品牌直达,通用,WPS综合·品牌直达·通用,高关联(整篇WPS),0.8135,3.0,
wps、、,WPS综合,品牌直达,通用,WPS综合·品牌直达·通用,高关联(整篇WPS),0.8135,3.0,
wps2026专业版,WPS综合,品牌直达,通用,WPS综合·品牌直达·通用,高关联(整篇WPS),0.8135,3.0,
wps适合win8,WPS综合,品牌直达,通用,WPS综合·品牌直达·通用,高关联(整篇WPS),0.8135,3.0,
www.wps.n,WPS综合,品牌直达,通用,WPS综合·品牌直达·通用,高关联(整篇WPS),0.8135,3.0,
http://www.wps.cn/product/wps2016/,WPS综合,品牌直达,通用,WPS综合·品牌直达·通用,高关联(整篇WPS),0.8135,3.0,
wpsoffice客户端,Office通用,品牌直达,通用,Office通用·品牌直达·通用,高关联(整篇WPS),0.857,3.0,
WPS工具,WPS综合,品牌直达,通用,WPS综合·品牌直达·通用,高关联(整篇WPS),0.8135,3.0,
`wps,WPS综合,品牌直达,通用,WPS综合·品牌直达·通用,高关联(整篇WPS),0.8135,3.0,
WPS 在线网页版,云文档/在线,品牌直达,通用,云文档/在线·品牌直达·通用,高关联(整篇WPS),0.4399,3.0,
电脑wps office,Office通用,品牌直达,通用,Office通用·品牌直达·通用,高关联(整篇WPS),0.857,61.0,
wps vba插件,WPS综合,教程操作,vba,WPS综合·教程操作·vba,中关联(通用+WPS章节),0.8135,3.0,
在线wps编辑,云文档/在线,教程操作,通用,云文档/在线·教程操作·通用,中关联(通用+WPS章节),0.4399,3.0,
wps office、,Office通用,品牌直达,通用,Office通用·品牌直达·通用,高关联(整篇WPS),0.857,3.0,
wps网页版登录,云文档/在线,品牌直达,通用,云文档/在线·品牌直达·通用,高关联(整篇WPS),0.4399,3.0,
www.WPS.cn,WPS综合,品牌直达,通用,WPS综合·品牌直达·通用,高关联(整篇WPS),0.8135,3.0,
金山WPS Office办公软件,Office通用,品牌直达,通用,Office通用·品牌直达·通用,高关联(整篇WPS),0.857,3.0,
、wps,WPS综合,品牌直达,通用,WPS综合·品牌直达·通用,高关联(整篇WPS),0.8135,3.0,
WPS excel,Excel,品牌直达,通用,Excel·品牌直达·通用,高关联(整篇WPS),0.274,3.0,
WPS编辑器,WPS综合,教程操作,通用,WPS综合·教程操作·通用,中关联(通用+WPS章节),0.8135,3.0,
wps大陆版,WPS综合,品牌直达,通用,WPS综合·品牌直达·通用,高关联(整篇WPS),0.8135,3.0,
啊、、wps,WPS综合,品牌直达,通用,WPS综合·品牌直达·通用,高关联(整篇WPS),0.8135,3.0,
wps office online,Office通用,品牌直达,通用,Office通用·品牌直达·通用,高关联(整篇WPS),0.857,3.0,
wps更新到最新版本,WPS综合,下载安装,通用,WPS综合·下载安装·通用,高关联(整篇WPS),0.8135,3.0,
wpsofflce,WPS综合,品牌直达,通用,WPS综合·品牌直达·通用,高关联(整篇WPS),0.8135,258.0,
WPS.COM,WPS综合,品牌直达,通用,WPS综合·品牌直达·通用,高关联(整篇WPS),0.8135,6450.0,
wps逛网,WPS综合,品牌直达,通用,WPS综合·品牌直达·通用,高关联(整篇WPS),0.8135,3.0,
wps comate,WPS综合,品牌直达,通用,WPS综合·品牌直达·通用,高关联(整篇WPS),0.8135,3.0,
wps 文字,Word,品牌直达,通用,Word·品牌直达·通用,高关联(整篇WPS),0.4224,3.0,
文档wps,WPS综合,品牌直达,通用,WPS综合·品牌直达·通用,高关联(整篇WPS),0.8135,3.0,
wps 精简版,WPS综合,品牌直达,通用,WPS综合·品牌直达·通用,高关联(整篇WPS),0.8135,3.0,
https//www.wps.cn,WPS综合,品牌直达,通用,WPS综合·品牌直达·通用,高关联(整篇WPS),0.8135,3.0,
金山办公网页版,云文档/在线,品牌直达,通用,云文档/在线·品牌直达·通用,高关联(整篇WPS),0.4399,3.0,
WPS路,WPS综合,品牌直达,通用,WPS综合·品牌直达·通用,高关联(整篇WPS),0.8135,3.0,
WPSoffic,WPS综合,品牌直达,通用,WPS综合·品牌直达·通用,高关联(整篇WPS),0.8135,58.0,
WPS VBA模块,WPS综合,教程操作,vba,WPS综合·教程操作·vba,中关联(通用+WPS章节),0.8135,3.0,
金山wps网页版,云文档/在线,品牌直达,通用,云文档/在线·品牌直达·通用,高关联(整篇WPS),0.4399,3.0,
我WPS,WPS综合,品牌直达,通用,WPS综合·品牌直达·通用,高关联(整篇WPS),0.8135,3.0,
office WPS,Office通用,品牌直达,通用,Office通用·品牌直达·通用,高关联(整篇WPS),0.857,101.0,
WPS pdf,PDF,品牌直达,通用,PDF·品牌直达·通用,高关联(整篇WPS),0.2212,3.0,
WPS Office(个人版),Office通用,品牌直达,通用,Office通用·品牌直达·通用,高关联(整篇WPS),0.857,3.0,
wps offIce,Office通用,品牌直达,通用,Office通用·品牌直达·通用,高关联(整篇WPS),0.857,69450.0,
https://www.wps.com,WPS综合,品牌直达,通用,WPS综合·品牌直达·通用,高关联(整篇WPS),0.8135,3.0,
https://official-package.wps.cn/wps/wps_windows/WPSSetup.exe,WPS综合,品牌直达,通用,WPS综合·品牌直达·通用,高关联(整篇WPS),0.8135,3.0,
WPS精简版,WPS综合,品牌直达,通用,WPS综合·品牌直达·通用,高关联(整篇WPS),0.8135,3.0,
金山在线wps,云文档/在线,品牌直达,通用,云文档/在线·品牌直达·通用,高关联(整篇WPS),0.4399,3.0,
wpsofficexp版,Office通用,品牌直达,通用,Office通用·品牌直达·通用,高关联(整篇WPS),0.857,3.0,
64位WPS,WPS综合,品牌直达,通用,WPS综合·品牌直达·通用,高关联(整篇WPS),0.8135,3.0,
"www,wps,cn",WPS综合,品牌直达,通用,WPS综合·品牌直达·通用,高关联(整篇WPS),0.8135,3.0,
wps·cn,WPS综合,品牌直达,通用,WPS综合·品牌直达·通用,高关联(整篇WPS),0.8135,3.0,
WPS云盘登录入口,WPS综合,品牌直达,通用,WPS综合·品牌直达·通用,高关联(整篇WPS),0.8135,3.0,
wps;,WPS综合,品牌直达,通用,WPS综合·品牌直达·通用,高关联(整篇WPS),0.8135,3.0,
wps首页,WPS综合,品牌直达,通用,WPS综合·品牌直达·通用,高关联(整篇WPS),0.8135,3.0,
WPS文档在线,云文档/在线,品牌直达,通用,云文档/在线·品牌直达·通用,高关联(整篇WPS),0.4399,3.0,
Excel/WPS,Excel,品牌直达,通用,Excel·品牌直达·通用,高关联(整篇WPS),0.274,3.0,
excelwps,Excel,品牌直达,通用,Excel·品牌直达·通用,高关联(整篇WPS),0.274,3.0,
wps网页版入口直接打开,云文档/在线,品牌直达,通用,云文档/在线·品牌直达·通用,高关联(整篇WPS),0.4399,3.0,
wps網頁版,WPS综合,品牌直达,通用,WPS综合·品牌直达·通用,高关联(整篇WPS),0.8135,3.0,
wps PDF,PDF,品牌直达,通用,PDF·品牌直达·通用,高关联(整篇WPS),0.2212,3.0,
WPS协作网页版,云文档/在线,教程操作,通用,云文档/在线·教程操作·通用,中关联(通用+WPS章节),0.4399,3.0,
wps政企版,WPS综合,品牌直达,通用,WPS综合·品牌直达·通用,高关联(整篇WPS),0.8135,3.0,
wps图片工具,WPS综合,教程操作,通用,WPS综合·教程操作·通用,中关联(通用+WPS章节),0.8135,3.0,
www.wps .cn,WPS综合,品牌直达,通用,WPS综合·品牌直达·通用,高关联(整篇WPS),0.8135,3.0,
wps visio,WPS综合,品牌直达,通用,WPS综合·品牌直达·通用,高关联(整篇WPS),0.8135,3.0,
搜wps,WPS综合,品牌直达,通用,WPS综合·品牌直达·通用,高关联(整篇WPS),0.8135,3.0,
金山办公WPS,WPS综合,品牌直达,通用,WPS综合·品牌直达·通用,高关联(整篇WPS),0.8135,3.0,
excel wps,Excel,品牌直达,通用,Excel·品牌直达·通用,高关联(整篇WPS),0.274,3.0,
wps线上版本,WPS综合,品牌直达,通用,WPS综合·品牌直达·通用,高关联(整篇WPS),0.8135,3.0,
wps国际版,WPS综合,品牌直达,通用,WPS综合·品牌直达·通用,高关联(整篇WPS),0.8135,3.0,
WWW.WPS.C,WPS综合,品牌直达,通用,WPS综合·品牌直达·通用,高关联(整篇WPS),0.8135,3.0,
wpsPPT,PPT,品牌直达,通用,PPT·品牌直达·通用,高关联(整篇WPS),1.0,3.0,
wps 金山,WPS综合,品牌直达,通用,WPS综合·品牌直达·通用,高关联(整篇WPS),0.8135,3.0,
WPs Office,Office通用,品牌直达,通用,Office通用·品牌直达·通用,高关联(整篇WPS),0.857,69450.0,
wps tv版 apk,WPS综合,品牌直达,通用,WPS综合·品牌直达·通用,高关联(整篇WPS),0.8135,3.0,
WPS 客户端,WPS综合,品牌直达,通用,WPS综合·品牌直达·通用,高关联(整篇WPS),0.8135,3.0,
wps基础版,WPS综合,品牌直达,通用,WPS综合·品牌直达·通用,高关联(整篇WPS),0.8135,3.0,
wps vba,WPS综合,教程操作,vba,WPS综合·教程操作·vba,中关联(通用+WPS章节),0.8135,3.0,
wps表格在线版本,Excel,品牌直达,表格,Excel·品牌直达·表格,高关联(整篇WPS),0.274,3.0,
WPSOffice在线版,云文档/在线,品牌直达,通用,云文档/在线·品牌直达·通用,高关联(整篇WPS),0.4399,3.0,
金山WPS网页版,云文档/在线,品牌直达,通用,云文档/在线·品牌直达·通用,高关联(整篇WPS),0.4399,3.0,
WPS Office 2016,Office通用,品牌直达,通用,Office通用·品牌直达·通用,高关联(整篇WPS),0.857,187.0,
WPS Office 客户端,Office通用,品牌直达,通用,Office通用·品牌直达·通用,高关联(整篇WPS),0.857,3.0,
www.wps.conm,WPS综合,品牌直达,通用,WPS综合·品牌直达·通用,高关联(整篇WPS),0.8135,3.0,
www.wps.colm,WPS综合,品牌直达,通用,WPS综合·品牌直达·通用,高关联(整篇WPS),0.8135,3.0,
最新版wps,WPS综合,下载安装,通用,WPS综合·下载安装·通用,高关联(整篇WPS),0.8135,2.0,
WPs网页版,云文档/在线,品牌直达,通用,云文档/在线·品牌直达·通用,高关联(整篇WPS),0.4399,2.0,
android wps,WPS综合,品牌直达,通用,WPS综合·品牌直达·通用,高关联(整篇WPS),0.8135,2.0,
WPS 首页,WPS综合,品牌直达,通用,WPS综合·品牌直达·通用,高关联(整篇WPS),0.8135,2.0,
wps. cn,WPS综合,品牌直达,通用,WPS综合·品牌直达·通用,高关联(整篇WPS),0.8135,2.0,
wps下早,WPS综合,品牌直达,通用,WPS综合·品牌直达·通用,高关联(整篇WPS),0.8135,2.0,
wps oFFICE,Office通用,品牌直达,通用,Office通用·品牌直达·通用,高关联(整篇WPS),0.857,69450.0,
wps所有版本,WPS综合,品牌直达,通用,WPS综合·品牌直达·通用,高关联(整篇WPS),0.8135,2.0,
wps协作在线,云文档/在线,教程操作,通用,云文档/在线·教程操作·通用,中关联(通用+WPS章节),0.4399,2.0,
WPS学生,WPS综合,品牌直达,通用,WPS综合·品牌直达·通用,高关联(整篇WPS),0.8135,2.0,
WPS纯净版,WPS综合,品牌直达,通用,WPS综合·品牌直达·通用,高关联(整篇WPS),0.8135,2.0,
WPS政府版,WPS综合,品牌直达,通用,WPS综合·品牌直达·通用,高关联(整篇WPS),0.8135,2.0,
wps offiice,WPS综合,品牌直达,通用,WPS综合·品牌直达·通用,高关联(整篇WPS),0.8135,2.0,
wpsguanwag,WPS综合,品牌直达,通用,WPS综合·品牌直达·通用,高关联(整篇WPS),0.8135,2.0,
WPS最新个人版本,WPS综合,品牌直达,通用,WPS综合·品牌直达·通用,高关联(整篇WPS),0.8135,2.0,
wps 2026,WPS综合,品牌直达,通用,WPS综合·品牌直达·通用,高关联(整篇WPS),0.8135,2.0,
WPS Office在线版,云文档/在线,品牌直达,通用,云文档/在线·品牌直达·通用,高关联(整篇WPS),0.4399,2.0,
wps应用,WPS综合,品牌直达,通用,WPS综合·品牌直达·通用,高关联(整篇WPS),0.8135,2.0,
365wps,WPS综合,品牌直达,通用,WPS综合·品牌直达·通用,高关联(整篇WPS),0.8135,2.0,
WPS最新版本,WPS综合,下载安装,通用,WPS综合·下载安装·通用,高关联(整篇WPS),0.8135,715.0,
wps在线登录,云文档/在线,品牌直达,通用,云文档/在线·品牌直达·通用,高关联(整篇WPS),0.4399,2.0,
WPS?,WPS综合,品牌直达,通用,WPS综合·品牌直达·通用,高关联(整篇WPS),0.8135,2.0,
WPS Offic,WPS综合,品牌直达,通用,WPS综合·品牌直达·通用,高关联(整篇WPS),0.8135,147.0,
wps office在线版,云文档/在线,品牌直达,通用,云文档/在线·品牌直达·通用,高关联(整篇WPS),0.4399,2.0,
https://wps.cn,WPS综合,品牌直达,通用,WPS综合·品牌直达·通用,高关联(整篇WPS),0.8135,2.0,
wps office64位,Office通用,品牌直达,通用,Office通用·品牌直达·通用,高关联(整篇WPS),0.857,2.0,
https://platform.wps.cn/2023/,WPS综合,品牌直达,通用,WPS综合·品牌直达·通用,高关联(整篇WPS),0.8135,2.0,
WPS最新无广告无插件版,WPS综合,品牌直达,通用,WPS综合·品牌直达·通用,高关联(整篇WPS),0.8135,2.0,
www.wpscom,WPS综合,品牌直达,通用,WPS综合·品牌直达·通用,高关联(整篇WPS),0.8135,2.0,
WPS文字app,Word,品牌直达,通用,Word·品牌直达·通用,高关联(整篇WPS),0.4224,2.0,
wps移动端,WPS综合,品牌直达,通用,WPS综合·品牌直达·通用,高关联(整篇WPS),0.8135,2.0,
www.wps.cnWPS,WPS综合,品牌直达,通用,WPS综合·品牌直达·通用,高关联(整篇WPS),0.8135,2.0,
www.wps..cn,WPS综合,品牌直达,通用,WPS综合·品牌直达·通用,高关联(整篇WPS),0.8135,2.0,
WPS完整版,WPS综合,品牌直达,通用,WPS综合·品牌直达·通用,高关联(整篇WPS),0.8135,2.0,
WPS 2026,WPS综合,品牌直达,通用,WPS综合·品牌直达·通用,高关联(整篇WPS),0.8135,2.0,
WPS word,Word,品牌直达,通用,Word·品牌直达·通用,高关联(整篇WPS),0.4224,273.0,
wps 办公,WPS综合,品牌直达,通用,WPS综合·品牌直达·通用,高关联(整篇WPS),0.8135,2.0,
wps 统信wps-office11.1.0.11664amd64,Office通用,品牌直达,通用,Office通用·品牌直达·通用,高关联(整篇WPS),0.857,2.0,
wps版,WPS综合,品牌直达,通用,WPS综合·品牌直达·通用,高关联(整篇WPS),0.8135,2.0,
wps'‘’,WPS综合,品牌直达,通用,WPS综合·品牌直达·通用,高关联(整篇WPS),0.8135,2.0,
wps客服在线咨询,云文档/在线,品牌直达,通用,云文档/在线·品牌直达·通用,高关联(整篇WPS),0.4399,2.0,
wpsoffie,WPS综合,品牌直达,通用,WPS综合·品牌直达·通用,高关联(整篇WPS),0.8135,2.0,
qwps,WPS综合,品牌直达,通用,WPS综合·品牌直达·通用,高关联(整篇WPS),0.8135,2.0,
64位wps,WPS综合,品牌直达,通用,WPS综合·品牌直达·通用,高关联(整篇WPS),0.8135,2.0,
WPS1,WPS综合,品牌直达,通用,WPS综合·品牌直达·通用,高关联(整篇WPS),0.8135,2.0,
wps个人版本,WPS综合,品牌直达,通用,WPS综合·品牌直达·通用,高关联(整篇WPS),0.8135,2.0,
https://www.wps..com,WPS综合,品牌直达,通用,WPS综合·品牌直达·通用,高关联(整篇WPS),0.8135,2.0,
wps灵犀专业版,WPS AI,AI认知,通用,WPS AI·AI认知·通用,中关联(通用+WPS章节),0.0,2.0,
金山办公管网,WPS综合,品牌直达,通用,WPS综合·品牌直达·通用,高关联(整篇WPS),0.8135,2.0,
WPS 在线工具,云文档/在线,品牌直达,通用,云文档/在线·品牌直达·通用,高关联(整篇WPS),0.4399,2.0,
WPS app,WPS综合,品牌直达,通用,WPS综合·品牌直达·通用,高关联(整篇WPS),0.8135,269.0,
WPS TV版,WPS综合,品牌直达,通用,WPS综合·品牌直达·通用,高关联(整篇WPS),0.8135,2.0,
wps.cn、,WPS综合,品牌直达,通用,WPS综合·品牌直达·通用,高关联(整篇WPS),0.8135,2.0,
wps 最新,WPS综合,品牌直达,通用,WPS综合·品牌直达·通用,高关联(整篇WPS),0.8135,2.0,
wps在线版本,云文档/在线,品牌直达,通用,云文档/在线·品牌直达·通用,高关联(整篇WPS),0.4399,2.0,
金山办公wps pdf,PDF,品牌直达,通用,PDF·品牌直达·通用,高关联(整篇WPS),0.2212,2.0,
wps office 工具,Office通用,品牌直达,通用,Office通用·品牌直达·通用,高关联(整篇WPS),0.857,2.0,
wps office 个人,Office通用,品牌直达,通用,Office通用·品牌直达·通用,高关联(整篇WPS),0.857,2.0,
www.wps.ch,WPS综合,品牌直达,通用,WPS综合·品牌直达·通用,高关联(整篇WPS),0.8135,2.0,
www:wps.cn,WPS综合,品牌直达,通用,WPS综合·品牌直达·通用,高关联(整篇WPS),0.8135,2.0,
wps execl,WPS综合,品牌直达,通用,WPS综合·品牌直达·通用,高关联(整篇WPS),0.8135,2.0,
wps极简版,WPS综合,品牌直达,通用,WPS综合·品牌直达·通用,高关联(整篇WPS),0.8135,2.0,
wps在线表,云文档/在线,品牌直达,通用,云文档/在线·品牌直达·通用,高关联(整篇WPS),0.4399,2.0,
WPS2019Linux,WPS综合,品牌直达,通用,WPS综合·品牌直达·通用,高关联(整篇WPS),0.8135,2.0,
http://wps.cn,WPS综合,品牌直达,通用,WPS综合·品牌直达·通用,高关联(整篇WPS),0.8135,2.0,
WPS新版,WPS综合,品牌直达,通用,WPS综合·品牌直达·通用,高关联(整篇WPS),0.8135,2.0,
WPS最新,WPS综合,品牌直达,通用,WPS综合·品牌直达·通用,高关联(整篇WPS),0.8135,2.0,
wps weboffice,Office通用,品牌直达,通用,Office通用·品牌直达·通用,高关联(整篇WPS),0.857,2.0,
WPS 在线 PPT,PPT,品牌直达,通用,PPT·品牌直达·通用,高关联(整篇WPS),1.0,2.0,
网页版的wps,云文档/在线,品牌直达,通用,云文档/在线·品牌直达·通用,高关联(整篇WPS),0.4399,2.0,
www.wps/cn,WPS综合,品牌直达,通用,WPS综合·品牌直达·通用,高关联(整篇WPS),0.8135,2.0,
WPS网页ban,WPS综合,品牌直达,通用,WPS综合·品牌直达·通用,高关联(整篇WPS),0.8135,2.0,
WPS2029版,WPS综合,品牌直达,通用,WPS综合·品牌直达·通用,高关联(整篇WPS),0.8135,2.0,
(www.wps.cn),WPS综合,品牌直达,通用,WPS综合·品牌直达·通用,高关联(整篇WPS),0.8135,2.0,
wps365网页版,云文档/在线,品牌直达,通用,云文档/在线·品牌直达·通用,高关联(整篇WPS),0.4399,2.0,
WPS官,WPS综合,品牌直达,通用,WPS综合·品牌直达·通用,高关联(整篇WPS),0.8135,1013.0,
wps】,WPS综合,品牌直达,通用,WPS综合·品牌直达·通用,高关联(整篇WPS),0.8135,2.0,
WPS网页版登录入口,云文档/在线,品牌直达,通用,云文档/在线·品牌直达·通用,高关联(整篇WPS),0.4399,2.0,
wps offcie,WPS综合,品牌直达,通用,WPS综合·品牌直达·通用,高关联(整篇WPS),0.8135,2.0,
"www.wps.cn,",WPS综合,品牌直达,通用,WPS综合·品牌直达·通用,高关联(整篇WPS),0.8135,2.0,
WPS单机版,WPS综合,品牌直达,通用,WPS综合·品牌直达·通用,高关联(整篇WPS),0.8135,2.0,
wps老版本,WPS综合,品牌直达,通用,WPS综合·品牌直达·通用,高关联(整篇WPS),0.8135,2.0,
wps账号登陆,WPS综合,品牌直达,通用,WPS综合·品牌直达·通用,高关联(整篇WPS),0.8135,2.0,
WPS PRO,WPS综合,品牌直达,通用,WPS综合·品牌直达·通用,高关联(整篇WPS),0.8135,259.0,
wordwps,Word,品牌直达,通用,Word·品牌直达·通用,高关联(整篇WPS),0.4224,2.0,
wps 网站,WPS综合,品牌直达,通用,WPS综合·品牌直达·通用,高关联(整篇WPS),0.8135,2.0,
wps老旧版本大全,WPS综合,品牌直达,通用,WPS综合·品牌直达·通用,高关联(整篇WPS),0.8135,2.0,
wpsguanw,WPS综合,品牌直达,通用,WPS综合·品牌直达·通用,高关联(整篇WPS),0.8135,2.0,
wps office管网,Office通用,品牌直达,通用,Office通用·品牌直达·通用,高关联(整篇WPS),0.857,2.0,
https www wps com,WPS综合,品牌直达,通用,WPS综合·品牌直达·通用,高关联(整篇WPS),0.8135,2.0,
wps共享文档多人编辑,云文档/在线,教程操作,通用,云文档/在线·教程操作·通用,中关联(通用+WPS章节),0.4399,2.0,
WPS国际版,WPS综合,品牌直达,通用,WPS综合·品牌直达·通用,高关联(整篇WPS),0.8135,2.0,
WPS2026,WPS综合,品牌直达,通用,WPS综合·品牌直达·通用,高关联(整篇WPS),0.8135,2.0,
wps在线登录入口网页版,云文档/在线,品牌直达,通用,云文档/在线·品牌直达·通用,高关联(整篇WPS),0.4399,2.0,
jinshan wps,WPS综合,品牌直达,通用,WPS综合·品牌直达·通用,高关联(整篇WPS),0.8135,2.0,
wps的客户端,WPS综合,品牌直达,通用,WPS综合·品牌直达·通用,高关联(整篇WPS),0.8135,2.0,
wps账号注册,WPS综合,品牌直达,通用,WPS综合·品牌直达·通用,高关联(整篇WPS),0.8135,2.0,
wps+,WPS综合,品牌直达,通用,WPS综合·品牌直达·通用,高关联(整篇WPS),0.8135,2.0,
微wps,WPS综合,品牌直达,通用,WPS综合·品牌直达·通用,高关联(整篇WPS),0.8135,2.0,
wps网址,WPS综合,品牌直达,通用,WPS综合·品牌直达·通用,高关联(整篇WPS),0.8135,2.0,
WPS专业版增强版,WPS综合,品牌直达,通用,WPS综合·品牌直达·通用,高关联(整篇WPS),0.8135,2.0,
WPSOFFE,WPS综合,品牌直达,通用,WPS综合·品牌直达·通用,高关联(整篇WPS),0.8135,2.0,
32位系统WPS,WPS综合,品牌直达,通用,WPS综合·品牌直达·通用,高关联(整篇WPS),0.8135,2.0,
金山WPS OFFICE,Office通用,品牌直达,通用,Office通用·品牌直达·通用,高关联(整篇WPS),0.857,2.0,
wps在线文件,云文档/在线,品牌直达,通用,云文档/在线·品牌直达·通用,高关联(整篇WPS),0.4399,2.0,
wps东莞市政府专用版,WPS综合,品牌直达,通用,WPS综合·品牌直达·通用,高关联(整篇WPS),0.8135,2.0,
WPSPC,WPS综合,品牌直达,通用,WPS综合·品牌直达·通用,高关联(整篇WPS),0.8135,2.0,
wps字体,WPS综合,教程操作,字体,WPS综合·教程操作·字体,中关联(通用+WPS章节),0.8135,2.0,
wpsgaunwang,WPS综合,品牌直达,通用,WPS综合·品牌直达·通用,高关联(整篇WPS),0.8135,2.0,
网页版WPS网页版,云文档/在线,品牌直达,通用,云文档/在线·品牌直达·通用,高关联(整篇WPS),0.4399,2.0,
wps office最新,Office通用,品牌直达,通用,Office通用·品牌直达·通用,高关联(整篇WPS),0.857,2.0,
wps在线使用网页版,云文档/在线,教程操作,通用,云文档/在线·教程操作·通用,中关联(通用+WPS章节),0.4399,2.0,
WPSPro,WPS综合,品牌直达,通用,WPS综合·品牌直达·通用,高关联(整篇WPS),0.8135,2.0,
搜WPS,WPS综合,品牌直达,通用,WPS综合·品牌直达·通用,高关联(整篇WPS),0.8135,2.0,
在线打开wps文件,云文档/在线,品牌直达,通用,云文档/在线·品牌直达·通用,高关联(整篇WPS),0.4399,2.0,
Www .WPS.CN,WPS综合,品牌直达,通用,WPS综合·品牌直达·通用,高关联(整篇WPS),0.8135,2.0,
www.wpsep.net,WPS综合,品牌直达,通用,WPS综合·品牌直达·通用,高关联(整篇WPS),0.8135,2.0,
wpsoffine,WPS综合,品牌直达,通用,WPS综合·品牌直达·通用,高关联(整篇WPS),0.8135,2.0,
WWW.WPS.CO,WPS综合,品牌直达,通用,WPS综合·品牌直达·通用,高关联(整篇WPS),0.8135,2.0,
vba for wps,WPS综合,教程操作,vba,WPS综合·教程操作·vba,中关联(通用+WPS章节),0.8135,2.0,
wps excel在线,Excel,品牌直达,通用,Excel·品牌直达·通用,高关联(整篇WPS),0.274,2.0,
WPS 表格,Excel,品牌直达,表格,Excel·品牌直达·表格,高关联(整篇WPS),0.274,2.0,
wps4,WPS综合,品牌直达,通用,WPS综合·品牌直达·通用,高关联(整篇WPS),0.8135,2.0,
wps2014版,WPS综合,品牌直达,通用,WPS综合·品牌直达·通用,高关联(整篇WPS),0.8135,2.0,
bwps网页版,云文档/在线,品牌直达,通用,云文档/在线·品牌直达·通用,高关联(整篇WPS),0.4399,2.0,
wps新版,WPS综合,品牌直达,通用,WPS综合·品牌直达·通用,高关联(整篇WPS),0.8135,2.0,
www。.wps.com,WPS综合,品牌直达,通用,WPS综合·品牌直达·通用,高关联(整篇WPS),0.8135,2.0,
wps办公平台,WPS综合,品牌直达,通用,WPS综合·品牌直达·通用,高关联(整篇WPS),0.8135,2.0,
WPS Office 表格,Excel,品牌直达,表格,Excel·品牌直达·表格,高关联(整篇WPS),0.274,2.0,
WPS OFFICE软件,Office通用,品牌直达,通用,Office通用·品牌直达·通用,高关联(整篇WPS),0.857,2.0,
金山麒麟WPS办公软件V11,Office通用,品牌直达,通用,Office通用·品牌直达·通用,高关联(整篇WPS),0.857,2.0,
wps中心,WPS综合,品牌直达,通用,WPS综合·品牌直达·通用,高关联(整篇WPS),0.8135,2.0,
wpS office,Office通用,品牌直达,通用,Office通用·品牌直达·通用,高关联(整篇WPS),0.857,69450.0,
wPS网页板,WPS综合,品牌直达,通用,WPS综合·品牌直达·通用,高关联(整篇WPS),0.8135,2.0,
wps 协作版,云文档/在线,教程操作,通用,云文档/在线·教程操作·通用,中关联(通用+WPS章节),0.4399,2.0,
www.wps.com/,WPS综合,品牌直达,通用,WPS综合·品牌直达·通用,高关联(整篇WPS),0.8135,2.0,
wps linux x86,WPS综合,品牌直达,通用,WPS综合·品牌直达·通用,高关联(整篇WPS),0.8135,2.0,
wps离线版本,WPS综合,品牌直达,通用,WPS综合·品牌直达·通用,高关联(整篇WPS),0.8135,2.0,
www. WPS.CN,WPS综合,品牌直达,通用,WPS综合·品牌直达·通用,高关联(整篇WPS),0.8135,2.0,
wps考试专用版,WPS综合,品牌直达,通用,WPS综合·品牌直达·通用,高关联(整篇WPS),0.8135,2.0,
wps表格软件,Excel,品牌直达,表格,Excel·品牌直达·表格,高关联(整篇WPS),0.274,2.0,
WPS解压,WPS综合,品牌直达,通用,WPS综合·品牌直达·通用,高关联(整篇WPS),0.8135,2.0,
wps卸载清理工具在哪,下载/安装,下载安装,通用,下载/安装·下载安装·通用,高关联(整篇WPS),0.0,2.0,
WPS visio,WPS综合,品牌直达,通用,WPS综合·品牌直达·通用,高关联(整篇WPS),0.8135,2.0,
https://www.wps.com.cn/,WPS综合,品牌直达,通用,WPS综合·品牌直达·通用,高关联(整篇WPS),0.8135,2.0,
wps 32位版,WPS综合,品牌直达,通用,WPS综合·品牌直达·通用,高关联(整篇WPS),0.8135,2.0,
金山协作,云文档/在线,教程操作,通用,云文档/在线·教程操作·通用,中关联(通用+WPS章节),0.4399,2.0,
wps云,WPS综合,品牌直达,通用,WPS综合·品牌直达·通用,高关联(整篇WPS),0.8135,2.0,
pdf.wps.cn,PDF,品牌直达,通用,PDF·品牌直达·通用,高关联(整篇WPS),0.2212,2.0,
金山OFFICE,Office通用,品牌直达,通用,Office通用·品牌直达·通用,高关联(整篇WPS),0.857,2.0,
Office WPS,Office通用,品牌直达,通用,Office通用·品牌直达·通用,高关联(整篇WPS),0.857,101.0,
wpsoffices,Office通用,品牌直达,通用,Office通用·品牌直达·通用,高关联(整篇WPS),0.857,2.0,
wps 国内版,WPS综合,品牌直达,通用,WPS综合·品牌直达·通用,高关联(整篇WPS),0.8135,2.0,
WPS 2023 linux专业版,WPS综合,品牌直达,通用,WPS综合·品牌直达·通用,高关联(整篇WPS),0.8135,2.0,
WPSProPlus,WPS综合,品牌直达,通用,WPS综合·品牌直达·通用,高关联(整篇WPS),0.8135,2.0,
intitle:WPS,WPS综合,品牌直达,通用,WPS综合·品牌直达·通用,高关联(整篇WPS),0.8135,2.0,
WPSpowerpoint,PPT,品牌直达,通用,PPT·品牌直达·通用,高关联(整篇WPS),1.0,2.0,
wps 安卓,WPS综合,下载安装,通用,WPS综合·下载安装·通用,高关联(整篇WPS),0.8135,2.0,
wps office中文版,Office通用,品牌直达,通用,Office通用·品牌直达·通用,高关联(整篇WPS),0.857,2.0,
WPS在线 PPT 网页编辑器,PPT,教程操作,通用,PPT·教程操作·通用,中关联(通用+WPS章节),1.0,2.0,
wps‘’,WPS综合,品牌直达,通用,WPS综合·品牌直达·通用,高关联(整篇WPS),0.8135,2.0,
WPS 多维表,WPS综合,品牌直达,通用,WPS综合·品牌直达·通用,高关联(整篇WPS),0.8135,2.0,
WPS云空间,WPS综合,品牌直达,通用,WPS综合·品牌直达·通用,高关联(整篇WPS),0.8135,2.0,
在线WPS文档,云文档/在线,品牌直达,通用,云文档/在线·品牌直达·通用,高关联(整篇WPS),0.4399,2.0,
wps纯,WPS综合,品牌直达,通用,WPS综合·品牌直达·通用,高关联(整篇WPS),0.8135,2.0,
.WPS,WPS综合,品牌直达,通用,WPS综合·品牌直达·通用,高关联(整篇WPS),0.8135,92.0,
搜狗wps办公软件,Office通用,品牌直达,通用,Office通用·品牌直达·通用,高关联(整篇WPS),0.857,2.0,
网页版办公软件,云文档/在线,品牌直达,通用,云文档/在线·品牌直达·通用,低关联(方法论轻带),0.4399,2.0,
WPS版,WPS综合,品牌直达,通用,WPS综合·品牌直达·通用,高关联(整篇WPS),0.8135,2.0,
WPS客户,WPS综合,品牌直达,通用,WPS综合·品牌直达·通用,高关联(整篇WPS),0.8135,2.0,
wpsofficepc端,Office通用,品牌直达,通用,Office通用·品牌直达·通用,高关联(整篇WPS),0.857,2.0,
wps gerenban,WPS综合,品牌直达,通用,WPS综合·品牌直达·通用,高关联(整篇WPS),0.8135,2.0,
WPS2022版本,WPS综合,品牌直达,通用,WPS综合·品牌直达·通用,高关联(整篇WPS),0.8135,2.0,
wps在线ppt编辑,PPT,教程操作,通用,PPT·教程操作·通用,中关联(通用+WPS章节),1.0,2.0,
wps office最新版本,Office通用,下载安装,通用,Office通用·下载安装·通用,高关联(整篇WPS),0.857,2.0,
pc.wps.cn,WPS综合,品牌直达,通用,WPS综合·品牌直达·通用,高关联(整篇WPS),0.8135,2.0,
WPS Office PC,Office通用,品牌直达,通用,Office通用·品牌直达·通用,高关联(整篇WPS),0.857,614.0,
麒麟wps,WPS综合,品牌直达,通用,WPS综合·品牌直达·通用,高关联(整篇WPS),0.8135,2.0,
WPS麒麟版,WPS综合,品牌直达,通用,WPS综合·品牌直达·通用,高关联(整篇WPS),0.8135,2.0,
在线表格WPS,Excel,品牌直达,表格,Excel·品牌直达·表格,高关联(整篇WPS),0.274,2.0,
wps专业版最新,WPS综合,品牌直达,通用,WPS综合·品牌直达·通用,高关联(整篇WPS),0.8135,2.0,
wpsofficepc,Office通用,品牌直达,通用,Office通用·品牌直达·通用,高关联(整篇WPS),0.857,64.0,
cloud.wps.cn,WPS综合,品牌直达,通用,WPS综合·品牌直达·通用,高关联(整篇WPS),0.8135,2.0,
wps最新正式版,WPS综合,品牌直达,通用,WPS综合·品牌直达·通用,高关联(整篇WPS),0.8135,2.0,
wps在线网页版入口,云文档/在线,品牌直达,通用,云文档/在线·品牌直达·通用,高关联(整篇WPS),0.4399,2.0,
=WPS,WPS综合,品牌直达,通用,WPS综合·品牌直达·通用,高关联(整篇WPS),0.8135,2.0,
www.wps.cn金山,WPS综合,品牌直达,通用,WPS综合·品牌直达·通用,高关联(整篇WPS),0.8135,2.0,
- WPS Office,Office通用,品牌直达,通用,Office通用·品牌直达·通用,高关联(整篇WPS),0.857,2.0,
https : //f.wps.cn/g/U4yqhrMN/,WPS综合,品牌直达,通用,WPS综合·品牌直达·通用,高关联(整篇WPS),0.8135,2.0,
wps offce网页,WPS综合,品牌直达,通用,WPS综合·品牌直达·通用,高关联(整篇WPS),0.8135,2.0,
http://www.wps.c,WPS综合,品牌直达,通用,WPS综合·品牌直达·通用,高关联(整篇WPS),0.8135,2.0,
WPSoffice办公软件,Office通用,品牌直达,通用,Office通用·品牌直达·通用,高关联(整篇WPS),0.857,65.0,
https://www.wps,WPS综合,品牌直达,通用,WPS综合·品牌直达·通用,高关联(整篇WPS),0.8135,2.0,
wps共享文档网页,WPS综合,品牌直达,通用,WPS综合·品牌直达·通用,高关联(整篇WPS),0.8135,2.0,
https://dl.wps.cn/wps/wps_windows_free.exe,WPS综合,品牌直达,通用,WPS综合·品牌直达·通用,高关联(整篇WPS),0.8135,2.0,
w'wps,WPS综合,品牌直达,通用,WPS综合·品牌直达·通用,高关联(整篇WPS),0.8135,2.0,
国内WPS,WPS综合,品牌直达,通用,WPS综合·品牌直达·通用,高关联(整篇WPS),0.8135,2.0,
wps32位和64位,WPS综合,品牌直达,通用,WPS综合·品牌直达·通用,高关联(整篇WPS),0.8135,2.0,
http:wps.cn,WPS综合,品牌直达,通用,WPS综合·品牌直达·通用,高关联(整篇WPS),0.8135,2.0,
www。.wps.cn/,WPS综合,品牌直达,通用,WPS综合·品牌直达·通用,高关联(整篇WPS),0.8135,2.0,
office办公软件在线,云文档/在线,品牌直达,通用,云文档/在线·品牌直达·通用,高关联(整篇WPS),0.4399,2.0,
WPS电脑专业版2026,WPS综合,品牌直达,通用,WPS综合·品牌直达·通用,高关联(整篇WPS),0.8135,2.0,
WPS 协作,云文档/在线,教程操作,通用,云文档/在线·教程操作·通用,中关联(通用+WPS章节),0.4399,2.0,
安卓wps,WPS综合,下载安装,通用,WPS综合·下载安装·通用,高关联(整篇WPS),0.8135,2.0,
intitle:wps,WPS综合,品牌直达,通用,WPS综合·品牌直达·通用,高关联(整篇WPS),0.8135,2.0,
WPS网盘,WPS综合,品牌直达,通用,WPS综合·品牌直达·通用,高关联(整篇WPS),0.8135,2.0,
Wpsoffice,Office通用,品牌直达,通用,Office通用·品牌直达·通用,高关联(整篇WPS),0.857,9051.0,
wps365登录,WPS综合,品牌直达,通用,WPS综合·品牌直达·通用,高关联(整篇WPS),0.8135,2.0,
docs.wps.cn,Word,品牌直达,通用,Word·品牌直达·通用,高关联(整篇WPS),0.4224,2.0,
wpsarm版,WPS综合,品牌直达,通用,WPS综合·品牌直达·通用,高关联(整篇WPS),0.8135,2.0,
WPS tv,WPS综合,品牌直达,通用,WPS综合·品牌直达·通用,高关联(整篇WPS),0.8135,2.0,
WPS 的,WPS综合,品牌直达,通用,WPS综合·品牌直达·通用,高关联(整篇WPS),0.8135,2.0,
WPS 2021,WPS综合,品牌直达,通用,WPS综合·品牌直达·通用,高关联(整篇WPS),0.8135,2.0,
wpsoffi,WPS综合,品牌直达,通用,WPS综合·品牌直达·通用,高关联(整篇WPS),0.8135,2.0,
wps便签,WPS综合,品牌直达,通用,WPS综合·品牌直达·通用,高关联(整篇WPS),0.8135,2.0,
wps网页1,WPS综合,品牌直达,通用,WPS综合·品牌直达·通用,高关联(整篇WPS),0.8135,2.0,
WPS客服电话,WPS综合,品牌直达,通用,WPS综合·品牌直达·通用,高关联(整篇WPS),0.8135,2.0,
3wps,WPS综合,品牌直达,通用,WPS综合·品牌直达·通用,高关联(整篇WPS),0.8135,2.0,
wps office 10.8.0.5838,Office通用,品牌直达,通用,Office通用·品牌直达·通用,高关联(整篇WPS),0.857,2.0,
WPS看图,WPS综合,品牌直达,通用,WPS综合·品牌直达·通用,高关联(整篇WPS),0.8135,2.0,
金山在线表格网页版,Excel,品牌直达,表格,Excel·品牌直达·表格,高关联(整篇WPS),0.274,2.0,
wpsoffice、,Office通用,品牌直达,通用,Office通用·品牌直达·通用,高关联(整篇WPS),0.857,2.0,
线上WPS网页版,云文档/在线,品牌直达,通用,云文档/在线·品牌直达·通用,高关联(整篇WPS),0.4399,2.0,
微WPS,WPS综合,品牌直达,通用,WPS综合·品牌直达·通用,高关联(整篇WPS),0.8135,2.0,
WPS历史版本 豌豆荚,WPS综合,品牌直达,通用,WPS综合·品牌直达·通用,高关联(整篇WPS),0.8135,2.0,
WPS文档中心,WPS综合,品牌直达,通用,WPS综合·品牌直达·通用,高关联(整篇WPS),0.8135,2.0,
WPS中心,WPS综合,品牌直达,通用,WPS综合·品牌直达·通用,高关联(整篇WPS),0.8135,2.0,
WWW.WPS.cn,WPS综合,品牌直达,通用,WPS综合·品牌直达·通用,高关联(整篇WPS),0.8135,2.0,
wwwwps.cn,WPS综合,品牌直达,通用,WPS综合·品牌直达·通用,高关联(整篇WPS),0.8135,2.0,
wps 10.11.6,WPS综合,品牌直达,通用,WPS综合·品牌直达·通用,高关联(整篇WPS),0.8135,2.0,
WPS..CN,WPS综合,品牌直达,通用,WPS综合·品牌直达·通用,高关联(整篇WPS),0.8135,2.0,
wps 编辑office,Office通用,教程操作,通用,Office通用·教程操作·通用,中关联(通用+WPS章节),0.857,2.0,
「WPS Office」,Office通用,品牌直达,通用,Office通用·品牌直达·通用,高关联(整篇WPS),0.857,2.0,
WPS共享文档主页,WPS综合,品牌直达,通用,WPS综合·品牌直达·通用,高关联(整篇WPS),0.8135,2.0,
wps绘图,WPS综合,品牌直达,通用,WPS综合·品牌直达·通用,高关联(整篇WPS),0.8135,2.0,
wps入口,WPS综合,品牌直达,通用,WPS综合·品牌直达·通用,高关联(整篇WPS),0.8135,2.0,
WWW.WPSCN,WPS综合,品牌直达,通用,WPS综合·品牌直达·通用,高关联(整篇WPS),0.8135,2.0,
wps协作版,云文档/在线,教程操作,通用,云文档/在线·教程操作·通用,中关联(通用+WPS章节),0.4399,2.0,
wps for mac,WPS综合,品牌直达,通用,WPS综合·品牌直达·通用,高关联(整篇WPS),0.8135,636.0,
http://wps.com.cn/,WPS综合,品牌直达,通用,WPS综合·品牌直达·通用,高关联(整篇WPS),0.8135,2.0,
在线 WPS,云文档/在线,品牌直达,通用,云文档/在线·品牌直达·通用,高关联(整篇WPS),0.4399,2.0,
wps.com.cn,WPS综合,品牌直达,通用,WPS综合·品牌直达·通用,高关联(整篇WPS),0.8135,2.0,
网页版 WPS,云文档/在线,品牌直达,通用,云文档/在线·品牌直达·通用,高关联(整篇WPS),0.4399,2.0,
wpsanzhuang,WPS综合,品牌直达,通用,WPS综合·品牌直达·通用,高关联(整篇WPS),0.8135,2.0,
wps灵犀客户端,WPS AI,AI认知,通用,WPS AI·AI认知·通用,中关联(通用+WPS章节),0.0,2.0,
wps 首页,WPS综合,品牌直达,通用,WPS综合·品牌直达·通用,高关联(整篇WPS),0.8135,2.0,
www.wps.cnn,WPS综合,品牌直达,通用,WPS综合·品牌直达·通用,高关联(整篇WPS),0.8135,2.0,
wps在线网址,云文档/在线,品牌直达,通用,云文档/在线·品牌直达·通用,高关联(整篇WPS),0.4399,2.0,
wps guan,WPS综合,品牌直达,通用,WPS综合·品牌直达·通用,高关联(整篇WPS),0.8135,2.0,
"wps,.cn",WPS综合,品牌直达,通用,WPS综合·品牌直达·通用,高关联(整篇WPS),0.8135,2.0,
wps.exe(WPS Office),Office通用,品牌直达,通用,Office通用·品牌直达·通用,高关联(整篇WPS),0.857,2.0,
https://www.WPS.CN,WPS综合,品牌直达,通用,WPS综合·品牌直达·通用,高关联(整篇WPS),0.8135,2.0,
WPS PC客户端,WPS综合,品牌直达,通用,WPS综合·品牌直达·通用,高关联(整篇WPS),0.8135,2.0,
金山WPS office,Office通用,品牌直达,通用,Office通用·品牌直达·通用,高关联(整篇WPS),0.857,2.0,
、WPS,WPS综合,品牌直达,通用,WPS综合·品牌直达·通用,高关联(整篇WPS),0.8135,2.0,
wpspdf,PDF,品牌直达,通用,PDF·品牌直达·通用,高关联(整篇WPS),0.2212,2.0,
https//:www.wps.cn,WPS综合,品牌直达,通用,WPS综合·品牌直达·通用,高关联(整篇WPS),0.8135,2.0,
WPS office PC,Office通用,品牌直达,通用,Office通用·品牌直达·通用,高关联(整篇WPS),0.857,614.0,
wps独立版,WPS综合,品牌直达,通用,WPS综合·品牌直达·通用,高关联(整篇WPS),0.8135,2.0,
wps政府机关专业版,WPS综合,品牌直达,通用,WPS综合·品牌直达·通用,高关联(整篇WPS),0.8135,2.0,
wps office网址,Office通用,品牌直达,通用,Office通用·品牌直达·通用,高关联(整篇WPS),0.857,2.0,
WPS PPT 网页版,PPT,品牌直达,通用,PPT·品牌直达·通用,高关联(整篇WPS),1.0,2.0,
https://www.wps..cn,WPS综合,品牌直达,通用,WPS综合·品牌直达·通用,高关联(整篇WPS),0.8135,2.0,
word wps,Word,品牌直达,通用,Word·品牌直达·通用,高关联(整篇WPS),0.4224,2.0,
在线WPs,云文档/在线,品牌直达,通用,云文档/在线·品牌直达·通用,高关联(整篇WPS),0.4399,2.0,
WPS / Word,Word,品牌直达,通用,Word·品牌直达·通用,高关联(整篇WPS),0.4224,2.0,
WPS VBA,WPS综合,教程操作,vba,WPS综合·教程操作·vba,中关联(通用+WPS章节),0.8135,2.0,
wps看图,WPS综合,品牌直达,通用,WPS综合·品牌直达·通用,高关联(整篇WPS),0.8135,2.0,
wps政企,WPS综合,品牌直达,通用,WPS综合·品牌直达·通用,高关联(整篇WPS),0.8135,2.0,
WPS OFFIce,Office通用,品牌直达,通用,Office通用·品牌直达·通用,高关联(整篇WPS),0.857,69450.0,
wps office2022版,Office通用,品牌直达,通用,Office通用·品牌直达·通用,高关联(整篇WPS),0.857,2.0,
wps.dn,WPS综合,品牌直达,通用,WPS综合·品牌直达·通用,高关联(整篇WPS),0.8135,2.0,
文WPS,WPS综合,品牌直达,通用,WPS综合·品牌直达·通用,高关联(整篇WPS),0.8135,2.0,
wps office cn,Office通用,品牌直达,通用,Office通用·品牌直达·通用,高关联(整篇WPS),0.857,2.0,
wpsoffice软件,Office通用,品牌直达,通用,Office通用·品牌直达·通用,高关联(整篇WPS),0.857,2.0,
wps officwe,WPS综合,品牌直达,通用,WPS综合·品牌直达·通用,高关联(整篇WPS),0.8135,1.0,
WPS共享文档在线使用,云文档/在线,教程操作,通用,云文档/在线·教程操作·通用,中关联(通用+WPS章节),0.4399,1.0,
wps connect,WPS综合,品牌直达,通用,WPS综合·品牌直达·通用,高关联(整篇WPS),0.8135,1.0,
ofd WPS,WPS综合,品牌直达,通用,WPS综合·品牌直达·通用,高关联(整篇WPS),0.8135,1.0,
WPS个人最新版,WPS综合,下载安装,通用,WPS综合·下载安装·通用,高关联(整篇WPS),0.8135,1.0,
https://i.wps.cn,WPS综合,品牌直达,通用,WPS综合·品牌直达·通用,高关联(整篇WPS),0.8135,1.0,
wps在线修改,云文档/在线,教程操作,通用,云文档/在线·教程操作·通用,中关联(通用+WPS章节),0.4399,1.0,
wps 插件市场,WPS综合,品牌直达,通用,WPS综合·品牌直达·通用,高关联(整篇WPS),0.8135,1.0,
WPS字体替换,WPS综合,教程操作,字体,WPS综合·教程操作·字体,中关联(通用+WPS章节),0.8135,1.0,
wps麒麟版本,WPS综合,品牌直达,通用,WPS综合·品牌直达·通用,高关联(整篇WPS),0.8135,1.0,
wps365pro版,WPS综合,品牌直达,通用,WPS综合·品牌直达·通用,高关联(整篇WPS),0.8135,1.0,
wps团队文档,WPS综合,品牌直达,通用,WPS综合·品牌直达·通用,高关联(整篇WPS),0.8135,1.0,
wps office2023版,Office通用,品牌直达,通用,Office通用·品牌直达·通用,高关联(整篇WPS),0.857,1.0,
WPS 中国,WPS综合,品牌直达,通用,WPS综合·品牌直达·通用,高关联(整篇WPS),0.8135,1.0,
ww.wps.cn,WPS综合,品牌直达,通用,WPS综合·品牌直达·通用,高关联(整篇WPS),0.8135,1.0,
wps线上表格,Excel,品牌直达,表格,Excel·品牌直达·表格,高关联(整篇WPS),0.274,1.0,
WPS办公资源门户,WPS综合,品牌直达,通用,WPS综合·品牌直达·通用,高关联(整篇WPS),0.8135,1.0,
wps极速版,WPS综合,品牌直达,通用,WPS综合·品牌直达·通用,高关联(整篇WPS),0.8135,75.0,
wpsexcel,Excel,品牌直达,通用,Excel·品牌直达·通用,高关联(整篇WPS),0.274,1.0,
=wps,WPS综合,品牌直达,通用,WPS综合·品牌直达·通用,高关联(整篇WPS),0.8135,1.0,
WPS 网络版,WPS综合,品牌直达,通用,WPS综合·品牌直达·通用,高关联(整篇WPS),0.8135,1.0,
WPS国内版,WPS综合,品牌直达,通用,WPS综合·品牌直达·通用,高关联(整篇WPS),0.8135,1.0,
wps网页版登录入口网址,云文档/在线,品牌直达,通用,云文档/在线·品牌直达·通用,高关联(整篇WPS),0.4399,1.0,
+wps,WPS综合,品牌直达,通用,WPS综合·品牌直达·通用,高关联(整篇WPS),0.8135,1.0,
wps 网络版,WPS综合,品牌直达,通用,WPS综合·品牌直达·通用,高关联(整篇WPS),0.8135,1.0,
:wps,WPS综合,品牌直达,通用,WPS综合·品牌直达·通用,高关联(整篇WPS),0.8135,1.0,
wps官,WPS综合,品牌直达,通用,WPS综合·品牌直达·通用,高关联(整篇WPS),0.8135,1013.0,
wps协作网页版在线使用,云文档/在线,教程操作,通用,云文档/在线·教程操作·通用,中关联(通用+WPS章节),0.4399,1.0,
;wps,WPS综合,品牌直达,通用,WPS综合·品牌直达·通用,高关联(整篇WPS),0.8135,1.0,
wps website,WPS综合,品牌直达,通用,WPS综合·品牌直达·通用,高关联(整篇WPS),0.8135,1.0,
WPS online,WPS综合,品牌直达,通用,WPS综合·品牌直达·通用,高关联(整篇WPS),0.8135,1.0,
wps无广告版,WPS综合,品牌直达,通用,WPS综合·品牌直达·通用,高关联(整篇WPS),0.8135,1.0,
wps电子文档,WPS综合,品牌直达,通用,WPS综合·品牌直达·通用,高关联(整篇WPS),0.8135,1.0,
wps最新政府版,WPS综合,品牌直达,通用,WPS综合·品牌直达·通用,高关联(整篇WPS),0.8135,1.0,
wps表格网页版,Excel,品牌直达,表格,Excel·品牌直达·表格,高关联(整篇WPS),0.274,1.0,
金山 WPS,WPS综合,品牌直达,通用,WPS综合·品牌直达·通用,高关联(整篇WPS),0.8135,1.0,
wps共享,WPS综合,品牌直达,通用,WPS综合·品牌直达·通用,高关联(整篇WPS),0.8135,1.0,
WPS],WPS综合,品牌直达,通用,WPS综合·品牌直达·通用,高关联(整篇WPS),0.8135,1.0,
wps+协作,云文档/在线,教程操作,通用,云文档/在线·教程操作·通用,中关联(通用+WPS章节),0.4399,1.0,
麒麟系统WPS,WPS综合,品牌直达,通用,WPS综合·品牌直达·通用,高关联(整篇WPS),0.8135,1.0,
WPS2021,WPS综合,品牌直达,通用,WPS综合·品牌直达·通用,高关联(整篇WPS),0.8135,1.0,
wps ppt在线,PPT,品牌直达,通用,PPT·品牌直达·通用,高关联(整篇WPS),1.0,1.0,
wpsq,WPS综合,品牌直达,通用,WPS综合·品牌直达·通用,高关联(整篇WPS),0.8135,1.0,
·wps,WPS综合,品牌直达,通用,WPS综合·品牌直达·通用,高关联(整篇WPS),0.8135,1.0,
wps office表格,Excel,品牌直达,表格,Excel·品牌直达·表格,高关联(整篇WPS),0.274,1.0,
WWWWPS,WPS综合,品牌直达,通用,WPS综合·品牌直达·通用,高关联(整篇WPS),0.8135,1.0,
wps pc端,WPS综合,品牌直达,通用,WPS综合·品牌直达·通用,高关联(整篇WPS),0.8135,1.0,
WPS Office。,Office通用,品牌直达,通用,Office通用·品牌直达·通用,高关联(整篇WPS),0.857,1.0,
WPS电脑端,WPS综合,品牌直达,通用,WPS综合·品牌直达·通用,高关联(整篇WPS),0.8135,1.0,
wpsexceli,Excel,品牌直达,通用,Excel·品牌直达·通用,高关联(整篇WPS),0.274,1.0,
wpsqffice,WPS综合,品牌直达,通用,WPS综合·品牌直达·通用,高关联(整篇WPS),0.8135,1.0,
wps 个人版 linux版,WPS综合,品牌直达,通用,WPS综合·品牌直达·通用,高关联(整篇WPS),0.8135,1.0,
wpsxiaza,WPS综合,品牌直达,通用,WPS综合·品牌直达·通用,高关联(整篇WPS),0.8135,1.0,
WPS 商业订阅版,WPS综合,品牌直达,通用,WPS综合·品牌直达·通用,高关联(整篇WPS),0.8135,1.0,
wps 网址,WPS综合,品牌直达,通用,WPS综合·品牌直达·通用,高关联(整篇WPS),0.8135,1.0,
wps2025专业版,WPS综合,品牌直达,通用,WPS综合·品牌直达·通用,高关联(整篇WPS),0.8135,1.0,
wps win10版,WPS综合,品牌直达,通用,WPS综合·品牌直达·通用,高关联(整篇WPS),0.8135,1.0,
WPS图片 6.0.0.1,WPS综合,教程操作,通用,WPS综合·教程操作·通用,中关联(通用+WPS章节),0.8135,1.0,
wps在线office,云文档/在线,品牌直达,通用,云文档/在线·品牌直达·通用,高关联(整篇WPS),0.4399,1.0,
金山wpsoffice,Office通用,品牌直达,通用,Office通用·品牌直达·通用,高关联(整篇WPS),0.857,1.0,
WPS政企版,WPS综合,品牌直达,通用,WPS综合·品牌直达·通用,高关联(整篇WPS),0.8135,1.0,
wps 冬季版,WPS综合,品牌直达,通用,WPS综合·品牌直达·通用,高关联(整篇WPS),0.8135,1.0,
完全版wps,WPS综合,品牌直达,通用,WPS综合·品牌直达·通用,高关联(整篇WPS),0.8135,1.0,
oofficewps,Office通用,品牌直达,通用,Office通用·品牌直达·通用,高关联(整篇WPS),0.857,1.0,
WPSOffICE,Office通用,品牌直达,通用,Office通用·品牌直达·通用,高关联(整篇WPS),0.857,9051.0,
百度一下你就知道wps,WPS综合,品牌直达,通用,WPS综合·品牌直达·通用,高关联(整篇WPS),0.8135,1.0,
统信UOS系统 WPS 字体,WPS综合,教程操作,字体,WPS综合·教程操作·字体,中关联(通用+WPS章节),0.8135,1.0,
WPS简版,WPS综合,品牌直达,通用,WPS综合·品牌直达·通用,高关联(整篇WPS),0.8135,1.0,
欢迎使用WPSOfficye,WPS综合,教程操作,通用,WPS综合·教程操作·通用,中关联(通用+WPS章节),0.8135,1.0,
www.wps office.com,Office通用,品牌直达,通用,Office通用·品牌直达·通用,高关联(整篇WPS),0.857,1.0,
wpsuos版,WPS综合,品牌直达,通用,WPS综合·品牌直达·通用,高关联(整篇WPS),0.8135,1.0,
wpsgwang,WPS综合,品牌直达,通用,WPS综合·品牌直达·通用,高关联(整篇WPS),0.8135,1.0,
wps windows7版本,WPS综合,品牌直达,通用,WPS综合·品牌直达·通用,高关联(整篇WPS),0.8135,1.0,
wps网站登录入口,WPS综合,品牌直达,通用,WPS综合·品牌直达·通用,高关联(整篇WPS),0.8135,1.0,
WPS OFFICE个人版,Office通用,品牌直达,通用,Office通用·品牌直达·通用,高关联(整篇WPS),0.857,200.0,
SWPS.CN,WPS综合,品牌直达,通用,WPS综合·品牌直达·通用,高关联(整篇WPS),0.8135,1.0,
weWPS,WPS综合,品牌直达,通用,WPS综合·品牌直达·通用,高关联(整篇WPS),0.8135,1.0,
在线WPS文档编辑器,云文档/在线,教程操作,通用,云文档/在线·教程操作·通用,中关联(通用+WPS章节),0.4399,1.0,
WPS软件2022年版,WPS综合,品牌直达,通用,WPS综合·品牌直达·通用,高关联(整篇WPS),0.8135,1.0,
wps共享文档网页版,云文档/在线,品牌直达,通用,云文档/在线·品牌直达·通用,高关联(整篇WPS),0.4399,1.0,
仿宋_GB2312 wps,WPS综合,品牌直达,通用,WPS综合·品牌直达·通用,高关联(整篇WPS),0.8135,1.0,
金山WPS网页版入口,云文档/在线,品牌直达,通用,云文档/在线·品牌直达·通用,高关联(整篇WPS),0.4399,1.0,
wps简洁版电脑,WPS综合,品牌直达,通用,WPS综合·品牌直达·通用,高关联(整篇WPS),0.8135,1.0,
WPS文件在线,云文档/在线,品牌直达,通用,云文档/在线·品牌直达·通用,高关联(整篇WPS),0.4399,1.0,
wps 简版,WPS综合,品牌直达,通用,WPS综合·品牌直达·通用,高关联(整篇WPS),0.8135,1.0,
wps 版本,WPS综合,品牌直达,通用,WPS综合·品牌直达·通用,高关联(整篇WPS),0.8135,1.0,
WPS 学堂,WPS综合,品牌直达,通用,WPS综合·品牌直达·通用,高关联(整篇WPS),0.8135,1.0,
WPS 2024,WPS综合,品牌直达,通用,WPS综合·品牌直达·通用,高关联(整篇WPS),0.8135,1.0,
WPS2019专业版,WPS综合,品牌直达,通用,WPS综合·品牌直达·通用,高关联(整篇WPS),0.8135,1.0,
wps12.8.2版本,WPS综合,品牌直达,通用,WPS综合·品牌直达·通用,高关联(整篇WPS),0.8135,1.0,
wps个人arm版,WPS综合,品牌直达,通用,WPS综合·品牌直达·通用,高关联(整篇WPS),0.8135,1.0,
wps windows8,WPS综合,品牌直达,通用,WPS综合·品牌直达·通用,高关联(整篇WPS),0.8135,1.0,
WPS 在线版:,云文档/在线,品牌直达,通用,云文档/在线·品牌直达·通用,高关联(整篇WPS),0.4399,1.0,
WPS 麒麟版,WPS综合,品牌直达,通用,WPS综合·品牌直达·通用,高关联(整篇WPS),0.8135,1.0,
wps 单机版,WPS综合,品牌直达,通用,WPS综合·品牌直达·通用,高关联(整篇WPS),0.8135,1.0,
WPS字体库,WPS综合,教程操作,字体,WPS综合·教程操作·字体,中关联(通用+WPS章节),0.8135,1.0,
wpsppt在线,PPT,品牌直达,通用,PPT·品牌直达·通用,高关联(整篇WPS),1.0,1.0,
WPS浏览器,WPS综合,品牌直达,通用,WPS综合·品牌直达·通用,高关联(整篇WPS),0.8135,1.0,
offic wps,WPS综合,品牌直达,通用,WPS综合·品牌直达·通用,高关联(整篇WPS),0.8135,1.0,
wpsforpad,WPS综合,品牌直达,通用,WPS综合·品牌直达·通用,高关联(整篇WPS),0.8135,1.0,
wps软,WPS综合,品牌直达,通用,WPS综合·品牌直达·通用,高关联(整篇WPS),0.8135,1.0,
金山Wps,WPS综合,品牌直达,通用,WPS综合·品牌直达·通用,高关联(整篇WPS),0.8135,1.0,
wewps,WPS综合,品牌直达,通用,WPS综合·品牌直达·通用,高关联(整篇WPS),0.8135,1.0,
WPS 文档网页版,云文档/在线,品牌直达,通用,云文档/在线·品牌直达·通用,高关联(整篇WPS),0.4399,1.0,
WPScffce,WPS综合,品牌直达,通用,WPS综合·品牌直达·通用,高关联(整篇WPS),0.8135,1.0,
wps在线表格入口,Excel,品牌直达,表格,Excel·品牌直达·表格,高关联(整篇WPS),0.274,1.0,
wps mac 中国版,WPS综合,品牌直达,通用,WPS综合·品牌直达·通用,高关联(整篇WPS),0.8135,1.0,
wps word文档在线,Word,品牌直达,通用,Word·品牌直达·通用,高关联(整篇WPS),0.4224,1.0,
wps可以解压压缩包吗,WPS综合,教程操作,通用,WPS综合·教程操作·通用,中关联(通用+WPS章节),0.8135,1.0,
金山pdf专业版麒麟,PDF,品牌直达,通用,PDF·品牌直达·通用,高关联(整篇WPS),0.2212,1.0,
金山办公网页版网址,云文档/在线,品牌直达,通用,云文档/在线·品牌直达·通用,高关联(整篇WPS),0.4399,1.0,
2023wps,WPS综合,品牌直达,通用,WPS综合·品牌直达·通用,高关联(整篇WPS),0.8135,1.0,
wps10,WPS综合,品牌直达,通用,WPS综合·品牌直达·通用,高关联(整篇WPS),0.8135,1.0,
wpsword在线,Word,品牌直达,通用,Word·品牌直达·通用,高关联(整篇WPS),0.4224,1.0,
压缩软件wps,WPS综合,教程操作,通用,WPS综合·教程操作·通用,中关联(通用+WPS章节),0.8135,1.0,
WPS VBA 模块,WPS综合,教程操作,vba,WPS综合·教程操作·vba,中关联(通用+WPS章节),0.8135,1.0,
WPS Offce.lnk,WPS综合,品牌直达,通用,WPS综合·品牌直达·通用,高关联(整篇WPS),0.8135,1.0,
wps中文网,WPS综合,品牌直达,通用,WPS综合·品牌直达·通用,高关联(整篇WPS),0.8135,1.0,
简易版wps,WPS综合,品牌直达,通用,WPS综合·品牌直达·通用,高关联(整篇WPS),0.8135,1.0,
wps.office,Office通用,品牌直达,通用,Office通用·品牌直达·通用,高关联(整篇WPS),0.857,1.0,
WPSoffiec,WPS综合,品牌直达,通用,WPS综合·品牌直达·通用,高关联(整篇WPS),0.8135,1.0,
wps win10,WPS综合,品牌直达,通用,WPS综合·品牌直达·通用,高关联(整篇WPS),0.8135,1.0,
WSP office办公软件,Office通用,品牌直达,通用,Office通用·品牌直达·通用,高关联(整篇WPS),0.857,1.0,
wps专业,WPS综合,品牌直达,通用,WPS综合·品牌直达·通用,高关联(整篇WPS),0.8135,1.0,
https://www wps.cn,WPS综合,品牌直达,通用,WPS综合·品牌直达·通用,高关联(整篇WPS),0.8135,1.0,
WPS Office 软件,Office通用,品牌直达,通用,Office通用·品牌直达·通用,高关联(整篇WPS),0.857,1.0,
wps cloud files cachedata,WPS综合,品牌直达,通用,WPS综合·品牌直达·通用,高关联(整篇WPS),0.8135,1.0,
WPS在线文件,云文档/在线,品牌直达,通用,云文档/在线·品牌直达·通用,高关联(整篇WPS),0.4399,1.0,
PDF WPS,PDF,品牌直达,通用,PDF·品牌直达·通用,高关联(整篇WPS),0.2212,1.0,
wps备份中心,WPS综合,品牌直达,通用,WPS综合·品牌直达·通用,高关联(整篇WPS),0.8135,1.0,
WPS在哪找,WPS综合,品牌直达,通用,WPS综合·品牌直达·通用,高关联(整篇WPS),0.8135,1.0,
wps离线包,下载/安装,下载安装,通用,下载/安装·下载安装·通用,高关联(整篇WPS),0.0,1.0,
wps低版本,WPS综合,品牌直达,通用,WPS综合·品牌直达·通用,高关联(整篇WPS),0.8135,1.0,
WPS 联通版,WPS综合,品牌直达,通用,WPS综合·品牌直达·通用,高关联(整篇WPS),0.8135,1.0,
WPS 64位版,WPS综合,品牌直达,通用,WPS综合·品牌直达·通用,高关联(整篇WPS),0.8135,1.0,
Wps演示,PPT,教程操作,通用,PPT·教程操作·通用,中关联(通用+WPS章节),1.0,1.0,
wps office网址是多少,Office通用,品牌直达,通用,Office通用·品牌直达·通用,高关联(整篇WPS),0.857,1.0,
WPS office guanwang,Office通用,品牌直达,通用,Office通用·品牌直达·通用,高关联(整篇WPS),0.857,1.0,
wpsw'p,WPS综合,品牌直达,通用,WPS综合·品牌直达·通用,高关联(整篇WPS),0.8135,1.0,
https://www.wps.cn/product/wpslinux,WPS综合,品牌直达,通用,WPS综合·品牌直达·通用,高关联(整篇WPS),0.8135,1.0,
wwpsps,WPS综合,品牌直达,通用,WPS综合·品牌直达·通用,高关联(整篇WPS),0.8135,1.0,
WPS单机无网络版,WPS综合,品牌直达,通用,WPS综合·品牌直达·通用,高关联(整篇WPS),0.8135,1.0,
WPSOffice网页版,云文档/在线,品牌直达,通用,云文档/在线·品牌直达·通用,高关联(整篇WPS),0.4399,192.0,
wpsfoofice网页版,云文档/在线,品牌直达,通用,云文档/在线·品牌直达·通用,高关联(整篇WPS),0.4399,1.0,
WPS Office 首页,Office通用,品牌直达,通用,Office通用·品牌直达·通用,高关联(整篇WPS),0.857,1.0,
WPS个人版最新版本15712（win8.1专用版）,WPS综合,下载安装,通用,WPS综合·下载安装·通用,高关联(整篇WPS),0.8135,1.0,
wps wiindows xp,WPS综合,品牌直达,通用,WPS综合·品牌直达·通用,高关联(整篇WPS),0.8135,1.0,
wps共享文档在线地址,云文档/在线,品牌直达,通用,云文档/在线·品牌直达·通用,高关联(整篇WPS),0.4399,1.0,
wps-office.com,Office通用,品牌直达,通用,Office通用·品牌直达·通用,高关联(整篇WPS),0.857,1.0,
wps 在线服务,云文档/在线,品牌直达,通用,云文档/在线·品牌直达·通用,高关联(整篇WPS),0.4399,1.0,
WPS 网站,WPS综合,品牌直达,通用,WPS综合·品牌直达·通用,高关联(整篇WPS),0.8135,1.0,
wps 表格软件,Excel,品牌直达,表格,Excel·品牌直达·表格,高关联(整篇WPS),0.274,1.0,
wps网页版登陆,云文档/在线,品牌直达,通用,云文档/在线·品牌直达·通用,高关联(整篇WPS),0.4399,1.0,
pc版wps 安卓,WPS综合,下载安装,通用,WPS综合·下载安装·通用,高关联(整篇WPS),0.8135,1.0,
金山wps 最新,WPS综合,品牌直达,通用,WPS综合·品牌直达·通用,高关联(整篇WPS),0.8135,1.0,
在线版本wps,云文档/在线,品牌直达,通用,云文档/在线·品牌直达·通用,高关联(整篇WPS),0.4399,1.0,
wps2019Linux,WPS综合,品牌直达,通用,WPS综合·品牌直达·通用,高关联(整篇WPS),0.8135,1.0,
wps共享ppt多人编辑,PPT,教程操作,通用,PPT·教程操作·通用,中关联(通用+WPS章节),1.0,1.0,
WpS网页版,云文档/在线,品牌直达,通用,云文档/在线·品牌直达·通用,高关联(整篇WPS),0.4399,1.0,
WPS离线版,WPS综合,品牌直达,通用,WPS综合·品牌直达·通用,高关联(整篇WPS),0.8135,1.0,
WPS蒙文版,WPS综合,品牌直达,通用,WPS综合·品牌直达·通用,高关联(整篇WPS),0.8135,1.0,
wps苹果版,WPS综合,品牌直达,通用,WPS综合·品牌直达·通用,高关联(整篇WPS),0.8135,1.0,
WPS统信版,WPS综合,品牌直达,通用,WPS综合·品牌直达·通用,高关联(整篇WPS),0.8135,1.0,
教育版WPS,WPS综合,品牌直达,通用,WPS综合·品牌直达·通用,高关联(整篇WPS),0.8135,1.0,
WPS excle,WPS综合,品牌直达,通用,WPS综合·品牌直达·通用,高关联(整篇WPS),0.8135,1.0,
wpsqiyeban,WPS综合,品牌直达,通用,WPS综合·品牌直达·通用,高关联(整篇WPS),0.8135,1.0,
https://office.wps.cn,Office通用,品牌直达,通用,Office通用·品牌直达·通用,高关联(整篇WPS),0.857,1.0,
wps office 2023官,Office通用,品牌直达,通用,Office通用·品牌直达·通用,高关联(整篇WPS),0.857,1.0,
WPs软件,WPS综合,品牌直达,通用,WPS综合·品牌直达·通用,高关联(整篇WPS),0.8135,370.0,
统信WPS,WPS综合,品牌直达,通用,WPS综合·品牌直达·通用,高关联(整篇WPS),0.8135,1.0,
微信WPS,WPS综合,品牌直达,通用,WPS综合·品牌直达·通用,高关联(整篇WPS),0.8135,1.0,
64位 WPS,WPS综合,品牌直达,通用,WPS综合·品牌直达·通用,高关联(整篇WPS),0.8135,1.0,
WPSwold,WPS综合,品牌直达,通用,WPS综合·品牌直达·通用,高关联(整篇WPS),0.8135,1.0,
wpss\,WPS综合,品牌直达,通用,WPS综合·品牌直达·通用,高关联(整篇WPS),0.8135,1.0,
wps office光网,Office通用,品牌直达,通用,Office通用·品牌直达·通用,高关联(整篇WPS),0.857,1.0,
wps VBA 编辑器,WPS综合,教程操作,vba,WPS综合·教程操作·vba,中关联(通用+WPS章节),0.8135,1.0,
WPS\\,WPS综合,品牌直达,通用,WPS综合·品牌直达·通用,高关联(整篇WPS),0.8135,1.0,
WPS office网页版,云文档/在线,品牌直达,通用,云文档/在线·品牌直达·通用,高关联(整篇WPS),0.4399,269.0,
word文档在线wps,Word,品牌直达,通用,Word·品牌直达·通用,高关联(整篇WPS),0.4224,1.0,
电脑上wpsoffce,WPS综合,品牌直达,通用,WPS综合·品牌直达·通用,高关联(整篇WPS),0.8135,1.0,
2021WPS,WPS综合,品牌直达,通用,WPS综合·品牌直达·通用,高关联(整篇WPS),0.8135,1.0,
wpsoffice2025年最新版本,Office通用,下载安装,通用,Office通用·下载安装·通用,高关联(整篇WPS),0.857,1.0,
WPS/Word,Word,品牌直达,通用,Word·品牌直达·通用,高关联(整篇WPS),0.4224,1.0,
wps.co,WPS综合,品牌直达,通用,WPS综合·品牌直达·通用,高关联(整篇WPS),0.8135,1.0,
wps网页版入口链接,云文档/在线,教程操作,通用,云文档/在线·教程操作·通用,中关联(通用+WPS章节),0.4399,1.0,
wps共享文档网页端,WPS综合,品牌直达,通用,WPS综合·品牌直达·通用,高关联(整篇WPS),0.8135,1.0,
wps 图片,WPS综合,教程操作,通用,WPS综合·教程操作·通用,中关联(通用+WPS章节),0.8135,1.0,
wps ofic,WPS综合,品牌直达,通用,WPS综合·品牌直达·通用,高关联(整篇WPS),0.8135,1.0,
WPs 线上,WPS综合,品牌直达,通用,WPS综合·品牌直达·通用,高关联(整篇WPS),0.8135,1.0,
WPS .COM,WPS综合,品牌直达,通用,WPS综合·品牌直达·通用,高关联(整篇WPS),0.8135,1.0,
WPS TV,WPS综合,品牌直达,通用,WPS综合·品牌直达·通用,高关联(整篇WPS),0.8135,1.0,
WPS专业增强版,WPS综合,品牌直达,通用,WPS综合·品牌直达·通用,高关联(整篇WPS),0.8135,1.0,
wps仿宋_GB2312,WPS综合,品牌直达,通用,WPS综合·品牌直达·通用,高关联(整篇WPS),0.8135,1.0,
wps project,WPS综合,品牌直达,通用,WPS综合·品牌直达·通用,高关联(整篇WPS),0.8135,1.0,
www路WPS.cn,WPS综合,品牌直达,通用,WPS综合·品牌直达·通用,高关联(整篇WPS),0.8135,1.0,
WPs个人版,WPS综合,品牌直达,通用,WPS综合·品牌直达·通用,高关联(整篇WPS),0.8135,1.0,
"wps, 64位",WPS综合,品牌直达,通用,WPS综合·品牌直达·通用,高关联(整篇WPS),0.8135,1.0,
UOS 的wps,WPS综合,品牌直达,通用,WPS综合·品牌直达·通用,高关联(整篇WPS),0.8135,1.0,
Office wps,Office通用,品牌直达,通用,Office通用·品牌直达·通用,高关联(整篇WPS),0.857,101.0,
wpsoffics,WPS综合,品牌直达,通用,WPS综合·品牌直达·通用,高关联(整篇WPS),0.8135,1.0,
WPSOffIce,Office通用,品牌直达,通用,Office通用·品牌直达·通用,高关联(整篇WPS),0.857,9051.0,
WPS 64bit,WPS综合,品牌直达,通用,WPS综合·品牌直达·通用,高关联(整篇WPS),0.8135,1.0,
wps  excle,WPS综合,品牌直达,通用,WPS综合·品牌直达·通用,高关联(整篇WPS),0.8135,1.0,
www.wps.xn,WPS综合,品牌直达,通用,WPS综合·品牌直达·通用,高关联(整篇WPS),0.8135,1.0,
wps快查,WPS综合,品牌直达,通用,WPS综合·品牌直达·通用,高关联(整篇WPS),0.8135,1.0,
wps.cn正贝【钱多多】功击琏戏@qdd2000葁贝青倥搜录膏架叟亮,WPS综合,品牌直达,通用,WPS综合·品牌直达·通用,高关联(整篇WPS),0.8135,1.0,
https://pc.wps.cn/,WPS综合,品牌直达,通用,WPS综合·品牌直达·通用,高关联(整篇WPS),0.8135,1.0,
wpsX64位,WPS综合,品牌直达,通用,WPS综合·品牌直达·通用,高关联(整篇WPS),0.8135,1.0,
WPS excel在线版,Excel,品牌直达,通用,Excel·品牌直达·通用,高关联(整篇WPS),0.274,1.0,
http://ww.wps.cn/,WPS综合,品牌直达,通用,WPS综合·品牌直达·通用,高关联(整篇WPS),0.8135,1.0,
Wps365,WPS综合,品牌直达,通用,WPS综合·品牌直达·通用,高关联(整篇WPS),0.8135,1.0,
wps64位版本,WPS综合,品牌直达,通用,WPS综合·品牌直达·通用,高关联(整篇WPS),0.8135,1.0,
wps云字体,WPS综合,教程操作,字体,WPS综合·教程操作·字体,中关联(通用+WPS章节),0.8135,1.0,
WPS工作版,WPS综合,品牌直达,通用,WPS综合·品牌直达·通用,高关联(整篇WPS),0.8135,1.0,
www.wps.cn..,WPS综合,品牌直达,通用,WPS综合·品牌直达·通用,高关联(整篇WPS),0.8135,1.0,
WPS TV 版,WPS综合,品牌直达,通用,WPS综合·品牌直达·通用,高关联(整篇WPS),0.8135,1.0,
wPSoffice,Office通用,品牌直达,通用,Office通用·品牌直达·通用,高关联(整篇WPS),0.857,9051.0,
WPSOFFICe,Office通用,品牌直达,通用,Office通用·品牌直达·通用,高关联(整篇WPS),0.857,9051.0,
WPS·,WPS综合,品牌直达,通用,WPS综合·品牌直达·通用,高关联(整篇WPS),0.8135,1.0,
wpsffice,WPS综合,品牌直达,通用,WPS综合·品牌直达·通用,高关联(整篇WPS),0.8135,1.0,
https://www. wps.cn,WPS综合,品牌直达,通用,WPS综合·品牌直达·通用,高关联(整篇WPS),0.8135,1.0,
wps表格文件共创,Excel,品牌直达,表格,Excel·品牌直达·表格,高关联(整篇WPS),0.274,1.0,
WPS]\,WPS综合,品牌直达,通用,WPS综合·品牌直达·通用,高关联(整篇WPS),0.8135,1.0,
wps offic个人版,WPS综合,品牌直达,通用,WPS综合·品牌直达·通用,高关联(整篇WPS),0.8135,1.0,
WPSoffice网页版,云文档/在线,品牌直达,通用,云文档/在线·品牌直达·通用,高关联(整篇WPS),0.4399,192.0,
https://www.wps.cn/product/wps-office,Office通用,品牌直达,通用,Office通用·品牌直达·通用,高关联(整篇WPS),0.857,1.0,
wps2019,WPS综合,品牌直达,通用,WPS综合·品牌直达·通用,高关联(整篇WPS),0.8135,1.0,
金山WPS Comate,WPS综合,品牌直达,通用,WPS综合·品牌直达·通用,高关联(整篇WPS),0.8135,1.0,
wps.cb,WPS综合,品牌直达,通用,WPS综合·品牌直达·通用,高关联(整篇WPS),0.8135,1.0,
WPS Of'fi'ceAL,Office通用,品牌直达,通用,Office通用·品牌直达·通用,高关联(整篇WPS),0.857,1.0,
wps电话客服,WPS综合,品牌直达,通用,WPS综合·品牌直达·通用,高关联(整篇WPS),0.8135,1.0,
在线wps表网站,云文档/在线,品牌直达,通用,云文档/在线·品牌直达·通用,高关联(整篇WPS),0.4399,1.0,
WPs Office 个人版,Office通用,品牌直达,通用,Office通用·品牌直达·通用,高关联(整篇WPS),0.857,115.0,
wps PC,WPS综合,品牌直达,通用,WPS综合·品牌直达·通用,高关联(整篇WPS),0.8135,316.0,
wps office管方网站,Office通用,品牌直达,通用,Office通用·品牌直达·通用,高关联(整篇WPS),0.857,1.0,
金山办公灵犀,WPS AI,AI认知,通用,WPS AI·AI认知·通用,中关联(通用+WPS章节),0.0,1.0,
WPS雨糖科技,WPS综合,品牌直达,通用,WPS综合·品牌直达·通用,高关联(整篇WPS),0.8135,1.0,
Wps 在线版本,云文档/在线,品牌直达,通用,云文档/在线·品牌直达·通用,高关联(整篇WPS),0.4399,1.0,
wPS Office,Office通用,品牌直达,通用,Office通用·品牌直达·通用,高关联(整篇WPS),0.857,69450.0,
WPS WPS WPS,WPS综合,品牌直达,通用,WPS综合·品牌直达·通用,高关联(整篇WPS),0.8135,1.0,
WPS 纯净版,WPS综合,品牌直达,通用,WPS综合·品牌直达·通用,高关联(整篇WPS),0.8135,1.0,
arm架构wps,WPS综合,品牌直达,通用,WPS综合·品牌直达·通用,高关联(整篇WPS),0.8135,1.0,
wps agent,WPS综合,品牌直达,通用,WPS综合·品牌直达·通用,高关联(整篇WPS),0.8135,1.0,
64 位 WPS,WPS综合,品牌直达,通用,WPS综合·品牌直达·通用,高关联(整篇WPS),0.8135,1.0,
wps office电脑最新版,Office通用,下载安装,通用,Office通用·下载安装·通用,高关联(整篇WPS),0.857,1.0,
wps团队,WPS综合,品牌直达,通用,WPS综合·品牌直达·通用,高关联(整篇WPS),0.8135,1.0,
百度WPS,WPS综合,品牌直达,通用,WPS综合·品牌直达·通用,高关联(整篇WPS),0.8135,1.0,
WPS多人,云文档/在线,品牌直达,通用,云文档/在线·品牌直达·通用,高关联(整篇WPS),0.4399,1.0,
文档WPS,WPS综合,品牌直达,通用,WPS综合·品牌直达·通用,高关联(整篇WPS),0.8135,1.0,
WPS电脑,WPS综合,品牌直达,通用,WPS综合·品牌直达·通用,高关联(整篇WPS),0.8135,1.0,
WPS笔记,WPS综合,品牌直达,通用,WPS综合·品牌直达·通用,高关联(整篇WPS),0.8135,1.0,
"给我下一个办公文档,就是那种喊的啥子嗯,wps那种是啥子嘛。",WPS综合,品牌直达,通用,WPS综合·品牌直达·通用,高关联(整篇WPS),0.8135,1.0,
WPS Office Writer,Office通用,品牌直达,通用,Office通用·品牌直达·通用,高关联(整篇WPS),0.857,1.0,
https:\\www.wps.cn,WPS综合,品牌直达,通用,WPS综合·品牌直达·通用,高关联(整篇WPS),0.8135,1.0,
wpsxia,WPS综合,品牌直达,通用,WPS综合·品牌直达·通用,高关联(整篇WPS),0.8135,1.0,
wps无新罗马字体,WPS综合,教程操作,字体,WPS综合·教程操作·字体,中关联(通用+WPS章节),0.8135,1.0,
PC WPS,WPS综合,品牌直达,通用,WPS综合·品牌直达·通用,高关联(整篇WPS),0.8135,1.0,
http//www.wps.cn/,WPS综合,品牌直达,通用,WPS综合·品牌直达·通用,高关联(整篇WPS),0.8135,1.0,
wps2019有64位吗,WPS综合,品牌直达,通用,WPS综合·品牌直达·通用,高关联(整篇WPS),0.8135,1.0,
个人版WPSoffice,Office通用,品牌直达,通用,Office通用·品牌直达·通用,高关联(整篇WPS),0.857,1.0,
wps文档软件,WPS综合,品牌直达,通用,WPS综合·品牌直达·通用,高关联(整篇WPS),0.8135,1.0,
金山办公 网址,WPS综合,品牌直达,通用,WPS综合·品牌直达·通用,高关联(整篇WPS),0.8135,1.0,
WPS有在线版吗,云文档/在线,品牌直达,通用,云文档/在线·品牌直达·通用,高关联(整篇WPS),0.4399,1.0,
wps 中国,WPS综合,品牌直达,通用,WPS综合·品牌直达·通用,高关联(整篇WPS),0.8135,1.0,
wps 内网,WPS综合,品牌直达,通用,WPS综合·品牌直达·通用,高关联(整篇WPS),0.8135,1.0,
wps wps\,WPS综合,品牌直达,通用,WPS综合·品牌直达·通用,高关联(整篇WPS),0.8135,1.0,
WPS 打开,WPS综合,品牌直达,通用,WPS综合·品牌直达·通用,高关联(整篇WPS),0.8135,1.0,
WPS在线链接,云文档/在线,教程操作,通用,云文档/在线·教程操作·通用,中关联(通用+WPS章节),0.4399,1.0,
wps演示网页版,PPT,教程操作,通用,PPT·教程操作·通用,中关联(通用+WPS章节),1.0,1.0,
WPS办公文档,WPS综合,品牌直达,通用,WPS综合·品牌直达·通用,高关联(整篇WPS),0.8135,1.0,
wps在线网页,云文档/在线,品牌直达,通用,云文档/在线·品牌直达·通用,高关联(整篇WPS),0.4399,1.0,
WPS金山办公,WPS综合,品牌直达,通用,WPS综合·品牌直达·通用,高关联(整篇WPS),0.8135,1.0,
wps网页版、、,云文档/在线,品牌直达,通用,云文档/在线·品牌直达·通用,高关联(整篇WPS),0.4399,1.0,
excel在线wps,Excel,品牌直达,通用,Excel·品牌直达·通用,高关联(整篇WPS),0.274,1.0,
可以编辑的WPS,WPS综合,教程操作,通用,WPS综合·教程操作·通用,中关联(通用+WPS章节),0.8135,1.0,
www路wps`cn,WPS综合,品牌直达,通用,WPS综合·品牌直达·通用,高关联(整篇WPS),0.8135,1.0,
WPSanzhuang,WPS综合,品牌直达,通用,WPS综合·品牌直达·通用,高关联(整篇WPS),0.8135,1.0,
"drive.wps.cn,",WPS综合,品牌直达,通用,WPS综合·品牌直达·通用,高关联(整篇WPS),0.8135,1.0,
www.wps.com、,WPS综合,品牌直达,通用,WPS综合·品牌直达·通用,高关联(整篇WPS),0.8135,1.0,
www.wps. cn,WPS综合,品牌直达,通用,WPS综合·品牌直达·通用,高关联(整篇WPS),0.8135,1.0,
https://www.wps.cn https://www.wps.cn/,WPS综合,品牌直达,通用,WPS综合·品牌直达·通用,高关联(整篇WPS),0.8135,1.0,
Wps arm linux,WPS综合,品牌直达,通用,WPS综合·品牌直达·通用,高关联(整篇WPS),0.8135,1.0,
wps offce Pc,WPS综合,品牌直达,通用,WPS综合·品牌直达·通用,高关联(整篇WPS),0.8135,1.0,
WPS 内网版,WPS综合,品牌直达,通用,WPS综合·品牌直达·通用,高关联(整篇WPS),0.8135,1.0,
acount.wps.cn,WPS综合,品牌直达,通用,WPS综合·品牌直达·通用,高关联(整篇WPS),0.8135,1.0,
wps国行版,WPS综合,品牌直达,通用,WPS综合·品牌直达·通用,高关联(整篇WPS),0.8135,1.0,
wwps网页版,云文档/在线,品牌直达,通用,云文档/在线·品牌直达·通用,高关联(整篇WPS),0.4399,1.0,
wps青春版,WPS综合,品牌直达,通用,WPS综合·品牌直达·通用,高关联(整篇WPS),0.8135,1.0,
wps内网版,WPS综合,品牌直达,通用,WPS综合·品牌直达·通用,高关联(整篇WPS),0.8135,1.0,
wps ubuntu,WPS综合,品牌直达,通用,WPS综合·品牌直达·通用,高关联(整篇WPS),0.8135,1.0,
WPS-office,Office通用,品牌直达,通用,Office通用·品牌直达·通用,高关联(整篇WPS),0.857,1.0,
WPSWriter,WPS综合,品牌直达,通用,WPS综合·品牌直达·通用,高关联(整篇WPS),0.8135,1.0,
WpS Office,Office通用,品牌直达,通用,Office通用·品牌直达·通用,高关联(整篇WPS),0.857,69450.0,
WPSwendang,WPS综合,品牌直达,通用,WPS综合·品牌直达·通用,高关联(整篇WPS),0.8135,1.0,
www.wps.sn,WPS综合,品牌直达,通用,WPS综合·品牌直达·通用,高关联(整篇WPS),0.8135,1.0,
WPS专区,WPS综合,品牌直达,通用,WPS综合·品牌直达·通用,高关联(整篇WPS),0.8135,1.0,
wps网上,WPS综合,品牌直达,通用,WPS综合·品牌直达·通用,高关联(整篇WPS),0.8135,1.0,
百度wps,WPS综合,品牌直达,通用,WPS综合·品牌直达·通用,高关联(整篇WPS),0.8135,1.0,
WPS个人,WPS综合,品牌直达,通用,WPS综合·品牌直达·通用,高关联(整篇WPS),0.8135,1.0,
"https://www.wps.cn/,",WPS综合,品牌直达,通用,WPS综合·品牌直达·通用,高关联(整篇WPS),0.8135,1.0,
wps登入,WPS综合,品牌直达,通用,WPS综合·品牌直达·通用,高关联(整篇WPS),0.8135,1.0,
wps、cn,WPS综合,品牌直达,通用,WPS综合·品牌直达·通用,高关联(整篇WPS),0.8135,1.0,
http://www.WPS.cn,WPS综合,品牌直达,通用,WPS综合·品牌直达·通用,高关联(整篇WPS),0.8135,1.0,
ppt软件wps office,PPT,品牌直达,通用,PPT·品牌直达·通用,高关联(整篇WPS),1.0,1.0,
wps office离线版,Office通用,品牌直达,通用,Office通用·品牌直达·通用,高关联(整篇WPS),0.857,1.0,
Wps\,WPS综合,品牌直达,通用,WPS综合·品牌直达·通用,高关联(整篇WPS),0.8135,1.0,
wpswindowsxp版,WPS综合,品牌直达,通用,WPS综合·品牌直达·通用,高关联(整篇WPS),0.8135,1.0,
wps网页在线版本,云文档/在线,品牌直达,通用,云文档/在线·品牌直达·通用,高关联(整篇WPS),0.4399,1.0,
WPS 26年旧版本,WPS综合,品牌直达,通用,WPS综合·品牌直达·通用,高关联(整篇WPS),0.8135,1.0,
打开 WPS 网页版,云文档/在线,品牌直达,通用,云文档/在线·品牌直达·通用,高关联(整篇WPS),0.4399,1.0,
‘WPS’,WPS综合,品牌直达,通用,WPS综合·品牌直达·通用,高关联(整篇WPS),0.8135,1.0,
officeWPS办公软件,Office通用,品牌直达,通用,Office通用·品牌直达·通用,高关联(整篇WPS),0.857,1.0,
WPS专业版和个人版,WPS综合,品牌直达,通用,WPS综合·品牌直达·通用,高关联(整篇WPS),0.8135,1.0,
WPS.com,WPS综合,品牌直达,通用,WPS综合·品牌直达·通用,高关联(整篇WPS),0.8135,6450.0,
www.wpswww..cn,WPS综合,品牌直达,通用,WPS综合·品牌直达·通用,高关联(整篇WPS),0.8135,1.0,
WPS改进了吗,WPS综合,品牌直达,通用,WPS综合·品牌直达·通用,高关联(整篇WPS),0.8135,1.0,
WPS OFFICE 个人版,Office通用,品牌直达,通用,Office通用·品牌直达·通用,高关联(整篇WPS),0.857,115.0,
wps在线功能,云文档/在线,功能认知,通用,云文档/在线·功能认知·通用,中关联(通用+WPS章节),0.4399,1.0,
WPS 协助,WPS综合,品牌直达,通用,WPS综合·品牌直达·通用,高关联(整篇WPS),0.8135,1.0,
wps64位内测,WPS综合,品牌直达,通用,WPS综合·品牌直达·通用,高关联(整篇WPS),0.8135,1.0,
WPS离线版本,WPS综合,品牌直达,通用,WPS综合·品牌直达·通用,高关联(整篇WPS),0.8135,1.0,
wps国内地址,WPS综合,品牌直达,通用,WPS综合·品牌直达·通用,高关联(整篇WPS),0.8135,1.0,
WPS PPT网站,PPT,品牌直达,通用,PPT·品牌直达·通用,高关联(整篇WPS),1.0,1.0,
wps2020版本,WPS综合,品牌直达,通用,WPS综合·品牌直达·通用,高关联(整篇WPS),0.8135,1.0,
WPS Office、,Office通用,品牌直达,通用,Office通用·品牌直达·通用,高关联(整篇WPS),0.857,1.0,
www.wps.cn、,WPS综合,品牌直达,通用,WPS综合·品牌直达·通用,高关联(整篇WPS),0.8135,1.0,
www..wps.com,WPS综合,品牌直达,通用,WPS综合·品牌直达·通用,高关联(整篇WPS),0.8135,1.0,
WPS Officel,Office通用,品牌直达,通用,Office通用·品牌直达·通用,高关联(整篇WPS),0.857,1.0,
WPS Office\,Office通用,品牌直达,通用,Office通用·品牌直达·通用,高关联(整篇WPS),0.857,1.0,
"wps 网页版,",云文档/在线,品牌直达,通用,云文档/在线·品牌直达·通用,高关联(整篇WPS),0.4399,1.0,
wps免登录,WPS综合,品牌直达,通用,WPS综合·品牌直达·通用,高关联(整篇WPS),0.8135,1.0,
wps行政版,WPS综合,品牌直达,通用,WPS综合·品牌直达·通用,高关联(整篇WPS),0.8135,1.0,
wps(64位),WPS综合,品牌直达,通用,WPS综合·品牌直达·通用,高关联(整篇WPS),0.8135,1.0,
wps2018版,WPS综合,品牌直达,通用,WPS综合·品牌直达·通用,高关联(整篇WPS),0.8135,1.0,
WPS在线ppt,PPT,品牌直达,通用,PPT·品牌直达·通用,高关联(整篇WPS),1.0,1.0,
wps offie,WPS综合,品牌直达,通用,WPS综合·品牌直达·通用,高关联(整篇WPS),0.8135,1.0,
www.wpscn,WPS综合,品牌直达,通用,WPS综合·品牌直达·通用,高关联(整篇WPS),0.8135,1.0,
wwpsoffce,WPS综合,品牌直达,通用,WPS综合·品牌直达·通用,高关联(整篇WPS),0.8135,1.0,
金山w'p's,WPS综合,品牌直达,通用,WPS综合·品牌直达·通用,高关联(整篇WPS),0.8135,1.0,
wsp office办公软件,Office通用,品牌直达,通用,Office通用·品牌直达·通用,高关联(整篇WPS),0.857,1.0,
wps在线电子表格网页版,Excel,品牌直达,表格,Excel·品牌直达·表格,高关联(整篇WPS),0.274,1.0,
Liongsoft WPS Office,Office通用,品牌直达,通用,Office通用·品牌直达·通用,高关联(整篇WPS),0.857,1.0,
wps看cad,WPS综合,品牌直达,通用,WPS综合·品牌直达·通用,高关联(整篇WPS),0.8135,1.0,
wps国际,WPS综合,品牌直达,通用,WPS综合·品牌直达·通用,高关联(整篇WPS),0.8135,1.0,
:http://www.wps.cn/,WPS综合,品牌直达,通用,WPS综合·品牌直达·通用,高关联(整篇WPS),0.8135,1.0,
WPS 在线 PPT共同编辑,PPT,教程操作,通用,PPT·教程操作·通用,中关联(通用+WPS章节),1.0,1.0,
“wps”,WPS综合,品牌直达,通用,WPS综合·品牌直达·通用,高关联(整篇WPS),0.8135,1.0,
wpsgua,WPS综合,品牌直达,通用,WPS综合·品牌直达·通用,高关联(整篇WPS),0.8135,1.0,
wps文档在线使用,云文档/在线,教程操作,通用,云文档/在线·教程操作·通用,中关联(通用+WPS章节),0.4399,1.0,
wps网页在线入口,云文档/在线,品牌直达,通用,云文档/在线·品牌直达·通用,高关联(整篇WPS),0.4399,1.0,
wps\\,WPS综合,品牌直达,通用,WPS综合·品牌直达·通用,高关联(整篇WPS),0.8135,1.0,
wps query编辑器,WPS综合,教程操作,通用,WPS综合·教程操作·通用,中关联(通用+WPS章节),0.8135,1.0,
wps offce 个人,WPS综合,品牌直达,通用,WPS综合·品牌直达·通用,高关联(整篇WPS),0.8135,1.0,
“WPS,WPS综合,品牌直达,通用,WPS综合·品牌直达·通用,高关联(整篇WPS),0.8135,1.0,
wps office专业版,Office通用,品牌直达,通用,Office通用·品牌直达·通用,高关联(整篇WPS),0.857,153.0,
WPSOF,WPS综合,品牌直达,通用,WPS综合·品牌直达·通用,高关联(整篇WPS),0.8135,1.0,
wps office 表格,Excel,品牌直达,表格,Excel·品牌直达·表格,高关联(整篇WPS),0.274,1.0,
WPS线上文档网页版,云文档/在线,品牌直达,通用,云文档/在线·品牌直达·通用,高关联(整篇WPS),0.4399,1.0,
WPS2025,WPS综合,品牌直达,通用,WPS综合·品牌直达·通用,高关联(整篇WPS),0.8135,1.0,
wps/word,Word,品牌直达,通用,Word·品牌直达·通用,高关联(整篇WPS),0.4224,1.0,
wps..cn,WPS综合,品牌直达,通用,WPS综合·品牌直达·通用,高关联(整篇WPS),0.8135,1.0,
www.wps office,Office通用,品牌直达,通用,Office通用·品牌直达·通用,高关联(整篇WPS),0.857,1.0,
WPS Office.Ink,Office通用,品牌直达,通用,Office通用·品牌直达·通用,高关联(整篇WPS),0.857,1.0,
WPS Office 办工软件,Office通用,品牌直达,通用,Office通用·品牌直达·通用,高关联(整篇WPS),0.857,1.0,
wps视频压缩,WPS综合,教程操作,通用,WPS综合·教程操作·通用,中关联(通用+WPS章节),0.8135,48.0,
WPS文档协作,云文档/在线,教程操作,通用,云文档/在线·教程操作·通用,中关联(通用+WPS章节),0.4399,1.0,
http//www.wps.cn,WPS综合,品牌直达,通用,WPS综合·品牌直达·通用,高关联(整篇WPS),0.8135,1.0,
wps政企定制版,WPS综合,品牌直达,通用,WPS综合·品牌直达·通用,高关联(整篇WPS),0.8135,1.0,
wps文档网页,WPS综合,品牌直达,通用,WPS综合·品牌直达·通用,高关联(整篇WPS),0.8135,1.0,
wpsoffic电脑,WPS综合,品牌直达,通用,WPS综合·品牌直达·通用,高关联(整篇WPS),0.8135,1.0,
电脑办公WORD,Word,品牌直达,通用,Word·品牌直达·通用,高关联(整篇WPS),0.4224,1.0,
适配win7的wps,WPS综合,品牌直达,通用,WPS综合·品牌直达·通用,高关联(整篇WPS),0.8135,1.0,
wpsguanwnag,WPS综合,品牌直达,通用,WPS综合·品牌直达·通用,高关联(整篇WPS),0.8135,1.0,
路WPs office,Office通用,品牌直达,通用,Office通用·品牌直达·通用,高关联(整篇WPS),0.857,1.0,
统信UOS wps,WPS综合,品牌直达,通用,WPS综合·品牌直达·通用,高关联(整篇WPS),0.8135,1.0,
wps网页版在线登录,云文档/在线,品牌直达,通用,云文档/在线·品牌直达·通用,高关联(整篇WPS),0.4399,1.0,
wpsGUANWAGN,WPS综合,品牌直达,通用,WPS综合·品牌直达·通用,高关联(整篇WPS),0.8135,1.0,
WPS PC版”,WPS综合,品牌直达,通用,WPS综合·品牌直达·通用,高关联(整篇WPS),0.8135,1.0,
wps客户段,WPS综合,品牌直达,通用,WPS综合·品牌直达·通用,高关联(整篇WPS),0.8135,1.0,
wps绿色版,下载/安装,下载安装,通用,下载/安装·下载安装·通用,高关联(整篇WPS),0.0,1.0,
wps本地版,WPS综合,品牌直达,通用,WPS综合·品牌直达·通用,高关联(整篇WPS),0.8135,1.0,
WPS Office win8版本,Office通用,品牌直达,通用,Office通用·品牌直达·通用,高关联(整篇WPS),0.857,1.0,
www.wps.cn \,WPS综合,品牌直达,通用,WPS综合·品牌直达·通用,高关联(整篇WPS),0.8135,1.0,
精简版WPS,WPS综合,品牌直达,通用,WPS综合·品牌直达·通用,高关联(整篇WPS),0.8135,1.0,
ep.wps.cn,WPS综合,品牌直达,通用,WPS综合·品牌直达·通用,高关联(整篇WPS),0.8135,1.0,
win10 wps,WPS综合,品牌直达,通用,WPS综合·品牌直达·通用,高关联(整篇WPS),0.8135,1.0,
WPSOFFice,Office通用,品牌直达,通用,Office通用·品牌直达·通用,高关联(整篇WPS),0.857,9051.0,
"WWW,WPS.CN",WPS综合,品牌直达,通用,WPS综合·品牌直达·通用,高关联(整篇WPS),0.8135,1.0,
wps’,WPS综合,品牌直达,通用,WPS综合·品牌直达·通用,高关联(整篇WPS),0.8135,1.0,
cn.wps.office.hap,Office通用,品牌直达,通用,Office通用·品牌直达·通用,高关联(整篇WPS),0.857,1.0,
-WPS,WPS综合,品牌直达,通用,WPS综合·品牌直达·通用,高关联(整篇WPS),0.8135,1.0,
WPS在线表格网页版,Excel,品牌直达,表格,Excel·品牌直达·表格,高关联(整篇WPS),0.274,1.0,
WPS金山软件,WPS综合,品牌直达,通用,WPS综合·品牌直达·通用,高关联(整篇WPS),0.8135,1.0,
wpsoffice在线,云文档/在线,品牌直达,通用,云文档/在线·品牌直达·通用,高关联(整篇WPS),0.4399,1.0,
金山办公 WPS,WPS综合,品牌直达,通用,WPS综合·品牌直达·通用,高关联(整篇WPS),0.8135,1.0,
wps web版,WPS综合,品牌直达,通用,WPS综合·品牌直达·通用,高关联(整篇WPS),0.8135,1.0,
网页版 wps,云文档/在线,品牌直达,通用,云文档/在线·品牌直达·通用,高关联(整篇WPS),0.4399,1.0,
wpsofflec,WPS综合,品牌直达,通用,WPS综合·品牌直达·通用,高关联(整篇WPS),0.8135,1.0,
WPSOfiice,WPS综合,品牌直达,通用,WPS综合·品牌直达·通用,高关联(整篇WPS),0.8135,1.0,
WPS/Excel,Excel,品牌直达,通用,Excel·品牌直达·通用,高关联(整篇WPS),0.274,1.0,
在线WPS\,云文档/在线,品牌直达,通用,云文档/在线·品牌直达·通用,高关联(整篇WPS),0.4399,1.0,
wps组件,WPS综合,品牌直达,通用,WPS综合·品牌直达·通用,高关联(整篇WPS),0.8135,1.0,
wps域名,WPS综合,教程操作,通用,WPS综合·教程操作·通用,中关联(通用+WPS章节),0.8135,1.0,
wps学堂,WPS综合,品牌直达,通用,WPS综合·品牌直达·通用,高关联(整篇WPS),0.8135,1.0,
wps excel 在线 编辑 网站,Excel,教程操作,通用,Excel·教程操作·通用,中关联(通用+WPS章节),0.274,1.0,
wps下砸,WPS综合,品牌直达,通用,WPS综合·品牌直达·通用,高关联(整篇WPS),0.8135,1.0,
https://account.wps.cn,WPS综合,品牌直达,通用,WPS综合·品牌直达·通用,高关联(整篇WPS),0.8135,1.0,
wps在线 excel 编辑,Excel,教程操作,通用,Excel·教程操作·通用,中关联(通用+WPS章节),0.274,1.0,
WPS编辑,WPS综合,教程操作,通用,WPS综合·教程操作·通用,中关联(通用+WPS章节),0.8135,1.0,
zxwps,WPS综合,品牌直达,通用,WPS综合·品牌直达·通用,高关联(整篇WPS),0.8135,1.0,
WPSgw,WPS综合,品牌直达,通用,WPS综合·品牌直达·通用,高关联(整篇WPS),0.8135,1.0,
wps word office,Word,品牌直达,通用,Word·品牌直达·通用,高关联(整篇WPS),0.4224,1.0,
https://www.wps.cn/金山办公,WPS综合,品牌直达,通用,WPS综合·品牌直达·通用,高关联(整篇WPS),0.8135,1.0,
WPS Office 办公软件,Office通用,品牌直达,通用,Office通用·品牌直达·通用,高关联(整篇WPS),0.857,1.0,
wps在先表格,Excel,品牌直达,表格,Excel·品牌直达·表格,高关联(整篇WPS),0.274,1.0,
wps uwp,WPS综合,品牌直达,通用,WPS综合·品牌直达·通用,高关联(整篇WPS),0.8135,1.0,
WPS OFFS,WPS综合,品牌直达,通用,WPS综合·品牌直达·通用,高关联(整篇WPS),0.8135,1.0,
wps在线地址,云文档/在线,品牌直达,通用,云文档/在线·品牌直达·通用,高关联(整篇WPS),0.4399,1.0,
WPS线上编辑,WPS综合,教程操作,通用,WPS综合·教程操作·通用,中关联(通用+WPS章节),0.8135,1.0,
WPS 2023 版本,WPS综合,品牌直达,通用,WPS综合·品牌直达·通用,高关联(整篇WPS),0.8135,1.0,
Linux版WPS2025,WPS综合,品牌直达,通用,WPS综合·品牌直达·通用,高关联(整篇WPS),0.8135,1.0,
WPS Office 2022,Office通用,品牌直达,通用,Office通用·品牌直达·通用,高关联(整篇WPS),0.857,1.0,
WPSoffice协作,云文档/在线,教程操作,通用,云文档/在线·教程操作·通用,中关联(通用+WPS章节),0.4399,1.0,
在线使用wps,云文档/在线,教程操作,通用,云文档/在线·教程操作·通用,中关联(通用+WPS章节),0.4399,1.0,
wps vlookup,Excel,品牌直达,vlookup,Excel·品牌直达·vlookup,高关联(整篇WPS),0.274,1.0,
WPS Officece,Office通用,品牌直达,通用,Office通用·品牌直达·通用,高关联(整篇WPS),0.857,1.0,
wps 电脑端,WPS综合,品牌直达,通用,WPS综合·品牌直达·通用,高关联(整篇WPS),0.8135,1.0,
wps网页办,WPS综合,品牌直达,通用,WPS综合·品牌直达·通用,高关联(整篇WPS),0.8135,1.0,
wpsxp版本,WPS综合,品牌直达,通用,WPS综合·品牌直达·通用,高关联(整篇WPS),0.8135,1.0,
wpswangye,WPS综合,品牌直达,通用,WPS综合·品牌直达·通用,高关联(整篇WPS),0.8135,1.0,
纯净版WPS,WPS综合,品牌直达,通用,WPS综合·品牌直达·通用,高关联(整篇WPS),0.8135,1.0,
https://www.wps.cnwww.,WPS综合,品牌直达,通用,WPS综合·品牌直达·通用,高关联(整篇WPS),0.8135,1.0,
网上wps,WPS综合,品牌直达,通用,WPS综合·品牌直达·通用,高关联(整篇WPS),0.8135,1.0,
WPS下,WPS综合,品牌直达,通用,WPS综合·品牌直达·通用,高关联(整篇WPS),0.8135,1.0,
wps版本,WPS综合,品牌直达,通用,WPS综合·品牌直达·通用,高关联(整篇WPS),0.8135,17468.0,
wps officegerenban,Office通用,品牌直达,通用,Office通用·品牌直达·通用,高关联(整篇WPS),0.857,1.0,
https://www.WPS.com,WPS综合,品牌直达,通用,WPS综合·品牌直达·通用,高关联(整篇WPS),0.8135,1.0,
wwww.wps,WPS综合,品牌直达,通用,WPS综合·品牌直达·通用,高关联(整篇WPS),0.8135,1.0,
国产优秀办公利器 WPS2023 v2026.0801 永久Plus增强版,WPS综合,品牌直达,通用,WPS综合·品牌直达·通用,高关联(整篇WPS),0.8135,1.0,
wps Office精简版,Office通用,品牌直达,通用,Office通用·品牌直达·通用,高关联(整篇WPS),0.857,97.0,
wps无广告最新版,WPS综合,下载安装,通用,WPS综合·下载安装·通用,高关联(整篇WPS),0.8135,1.0,
excel wps 网页版,Excel,品牌直达,通用,Excel·品牌直达·通用,高关联(整篇WPS),0.274,1.0,
www.wps.cn _WPS Office网页版登录入口,云文档/在线,品牌直达,通用,云文档/在线·品牌直达·通用,高关联(整篇WPS),0.4399,1.0,
wps文档gaunwang,WPS综合,品牌直达,通用,WPS综合·品牌直达·通用,高关联(整篇WPS),0.8135,1.0,
WpS.cn,WPS综合,品牌直达,通用,WPS综合·品牌直达·通用,高关联(整篇WPS),0.8135,1.0,
wps Office 个人版,Office通用,品牌直达,通用,Office通用·品牌直达·通用,高关联(整篇WPS),0.857,115.0,
wps条形码插件,WPS综合,品牌直达,通用,WPS综合·品牌直达·通用,高关联(整篇WPS),0.8135,1.0,
WPS多维表格,Excel,品牌直达,表格,Excel·品牌直达·表格,高关联(整篇WPS),0.274,1.0,
wps电脑在线版,云文档/在线,品牌直达,通用,云文档/在线·品牌直达·通用,高关联(整篇WPS),0.4399,1.0,
wps线上版入口,WPS综合,品牌直达,通用,WPS综合·品牌直达·通用,高关联(整篇WPS),0.8135,1.0,
wps apk,WPS综合,品牌直达,通用,WPS综合·品牌直达·通用,高关联(整篇WPS),0.8135,1.0,
Wps \,WPS综合,品牌直达,通用,WPS综合·品牌直达·通用,高关联(整篇WPS),0.8135,1.0,
wbs wps,WPS综合,品牌直达,通用,WPS综合·品牌直达·通用,高关联(整篇WPS),0.8135,1.0,
WPS pc端,WPS综合,品牌直达,通用,WPS综合·品牌直达·通用,高关联(整篇WPS),0.8135,1.0,
wps 协作入口,云文档/在线,教程操作,通用,云文档/在线·教程操作·通用,中关联(通用+WPS章节),0.4399,1.0,
wps 仿宋GB2312,WPS综合,品牌直达,通用,WPS综合·品牌直达·通用,高关联(整篇WPS),0.8135,1.0,
wps纯净高级版,WPS综合,品牌直达,通用,WPS综合·品牌直达·通用,高关联(整篇WPS),0.8135,1.0,
wps网络编辑,WPS综合,教程操作,通用,WPS综合·教程操作·通用,中关联(通用+WPS章节),0.8135,1.0,
wps 12.1.0.26895,WPS综合,品牌直达,通用,WPS综合·品牌直达·通用,高关联(整篇WPS),0.8135,1.0,
http://wps.cn/,WPS综合,品牌直达,通用,WPS综合·品牌直达·通用,高关联(整篇WPS),0.8135,1.0,
xp能用的wps,WPS综合,品牌直达,通用,WPS综合·品牌直达·通用,高关联(整篇WPS),0.8135,1.0,
wpswangyeban,WPS综合,品牌直达,通用,WPS综合·品牌直达·通用,高关联(整篇WPS),0.8135,1.0,
WPSs Office,Office通用,品牌直达,通用,Office通用·品牌直达·通用,高关联(整篇WPS),0.857,1.0,
http://wps/,WPS综合,品牌直达,通用,WPS综合·品牌直达·通用,高关联(整篇WPS),0.8135,1.0,
wps 电视版,WPS综合,品牌直达,通用,WPS综合·品牌直达·通用,高关联(整篇WPS),0.8135,1.0,
wps增强版,WPS综合,品牌直达,通用,WPS综合·品牌直达·通用,高关联(整篇WPS),0.8135,1.0,
wps字体包,WPS综合,教程操作,字体,WPS综合·教程操作·字体,中关联(通用+WPS章节),0.8135,1.0,
wps迷你版,WPS综合,品牌直达,通用,WPS综合·品牌直达·通用,高关联(整篇WPS),0.8135,1.0,
WPS旧版本,WPS综合,品牌直达,通用,WPS综合·品牌直达·通用,高关联(整篇WPS),0.8135,1.0,
WPS商业版,WPS综合,品牌直达,通用,WPS综合·品牌直达·通用,高关联(整篇WPS),0.8135,1.0,
WPS软件、,WPS综合,品牌直达,通用,WPS综合·品牌直达·通用,高关联(整篇WPS),0.8135,1.0,
wps统信版,WPS综合,品牌直达,通用,WPS综合·品牌直达·通用,高关联(整篇WPS),0.8135,1.0,
wps pc 版,WPS综合,品牌直达,通用,WPS综合·品牌直达·通用,高关联(整篇WPS),0.8135,1.0,
旧版本wps,WPS综合,品牌直达,通用,WPS综合·品牌直达·通用,高关联(整篇WPS),0.8135,1.0,
wps Excel,Excel,品牌直达,通用,Excel·品牌直达·通用,高关联(整篇WPS),0.274,1.0,
http://www.wps.com.cn/,WPS综合,品牌直达,通用,WPS综合·品牌直达·通用,高关联(整篇WPS),0.8135,1.0,
wps极简,WPS综合,品牌直达,通用,WPS综合·品牌直达·通用,高关联(整篇WPS),0.8135,1.0,
钉wps,WPS综合,品牌直达,通用,WPS综合·品牌直达·通用,高关联(整篇WPS),0.8135,1.0,
p\wps,WPS综合,品牌直达,通用,WPS综合·品牌直达·通用,高关联(整篇WPS),0.8135,1.0,
WPSoffs,WPS综合,品牌直达,通用,WPS综合·品牌直达·通用,高关联(整篇WPS),0.8135,1.0,
wps共享文档网站,WPS综合,品牌直达,通用,WPS综合·品牌直达·通用,高关联(整篇WPS),0.8135,1.0,
WPS2016,WPS综合,品牌直达,通用,WPS综合·品牌直达·通用,高关联(整篇WPS),0.8135,1.0,
在线WPS Office,云文档/在线,品牌直达,通用,云文档/在线·品牌直达·通用,高关联(整篇WPS),0.4399,1.0,
wps珠海市政府专用版,WPS综合,品牌直达,通用,WPS综合·品牌直达·通用,高关联(整篇WPS),0.8135,1.0,
WPS可商用字体,WPS综合,教程操作,字体,WPS综合·教程操作·字体,中关联(通用+WPS章节),0.8135,1.0,
WPS \,WPS综合,品牌直达,通用,WPS综合·品牌直达·通用,高关联(整篇WPS),0.8135,1.0,
wps365个人版,WPS综合,品牌直达,通用,WPS综合·品牌直达·通用,高关联(整篇WPS),0.8135,1.0,
wps mac版本,WPS综合,品牌直达,通用,WPS综合·品牌直达·通用,高关联(整篇WPS),0.8135,947.0,
wps图片查看,WPS综合,教程操作,通用,WPS综合·教程操作·通用,中关联(通用+WPS章节),0.8135,1.0,
wps网页编辑,WPS综合,教程操作,通用,WPS综合·教程操作·通用,中关联(通用+WPS章节),0.8135,1.0,
wpswps office pc,Office通用,品牌直达,通用,Office通用·品牌直达·通用,高关联(整篇WPS),0.857,1.0,
wps win7版本,WPS综合,品牌直达,通用,WPS综合·品牌直达·通用,高关联(整篇WPS),0.8135,1.0,
文档编辑wps,WPS综合,教程操作,通用,WPS综合·教程操作·通用,中关联(通用+WPS章节),0.8135,1.0,
wwww.wps.con,WPS综合,品牌直达,通用,WPS综合·品牌直达·通用,高关联(整篇WPS),0.8135,1.0,
"wps.才能,",WPS综合,品牌直达,通用,WPS综合·品牌直达·通用,高关联(整篇WPS),0.8135,1.0,
wps onlien,WPS综合,品牌直达,通用,WPS综合·品牌直达·通用,高关联(整篇WPS),0.8135,1.0,
WPS Writer,WPS综合,品牌直达,通用,WPS综合·品牌直达·通用,高关联(整篇WPS),0.8135,1.0,
WPS OFFOCE,WPS综合,品牌直达,通用,WPS综合·品牌直达·通用,高关联(整篇WPS),0.8135,1.0,
f.wps,WPS综合,品牌直达,通用,WPS综合·品牌直达·通用,高关联(整篇WPS),0.8135,1.0,
WPSoffe,WPS综合,品牌直达,通用,WPS综合·品牌直达·通用,高关联(整篇WPS),0.8135,1.0,
https：//www.wps.cn,WPS综合,品牌直达,通用,WPS综合·品牌直达·通用,高关联(整篇WPS),0.8135,1.0,
wps金山办公软件,Office通用,品牌直达,通用,Office通用·品牌直达·通用,高关联(整篇WPS),0.857,1.0,
wwPS,WPS综合,品牌直达,通用,WPS综合·品牌直达·通用,高关联(整篇WPS),0.8135,1.0,
WPSOFL,WPS综合,品牌直达,通用,WPS综合·品牌直达·通用,高关联(整篇WPS),0.8135,1.0,
在线WPS制作PPT,PPT,教程操作,通用,PPT·教程操作·通用,中关联(通用+WPS章节),1.0,1.0,
wps密码去除工具在哪,WPS综合,品牌直达,通用,WPS综合·品牌直达·通用,高关联(整篇WPS),0.8135,1.0,
WPS2020,WPS综合,品牌直达,通用,WPS综合·品牌直达·通用,高关联(整篇WPS),0.8135,1.0,
wps11.1,WPS综合,品牌直达,通用,WPS综合·品牌直达·通用,高关联(整篇WPS),0.8135,1.0,
"wps.,cn",WPS综合,品牌直达,通用,WPS综合·品牌直达·通用,高关联(整篇WPS),0.8135,1.0,
wps有新版吗,WPS综合,品牌直达,通用,WPS综合·品牌直达·通用,高关联(整篇WPS),0.8135,1.0,
WPS办公助手,WPS AI,AI认知,通用,WPS AI·AI认知·通用,中关联(通用+WPS章节),0.0,1.0,
wps 版,WPS综合,品牌直达,通用,WPS综合·品牌直达·通用,高关联(整篇WPS),0.8135,1.0,
WPS 大陆,WPS综合,品牌直达,通用,WPS综合·品牌直达·通用,高关联(整篇WPS),0.8135,1.0,
金山wps个人,WPS综合,品牌直达,通用,WPS综合·品牌直达·通用,高关联(整篇WPS),0.8135,1.0,
金山wps网站,WPS综合,品牌直达,通用,WPS综合·品牌直达·通用,高关联(整篇WPS),0.8135,1.0,
wps 最新版本,WPS综合,下载安装,通用,WPS综合·下载安装·通用,高关联(整篇WPS),0.8135,1.0,
wps official,WPS综合,品牌直达,通用,WPS综合·品牌直达·通用,高关联(整篇WPS),0.8135,1.0,
www.wps.coim,WPS综合,品牌直达,通用,WPS综合·品牌直达·通用,高关联(整篇WPS),0.8135,1.0,
在线wps excel,Excel,品牌直达,通用,Excel·品牌直达·通用,高关联(整篇WPS),0.274,1.0,
WPSGUANWANG,WPS综合,品牌直达,通用,WPS综合·品牌直达·通用,高关联(整篇WPS),0.8135,1.0,
金山wps云,WPS综合,品牌直达,通用,WPS综合·品牌直达·通用,高关联(整篇WPS),0.8135,1.0,
wps电脑端,WPS综合,品牌直达,通用,WPS综合·品牌直达·通用,高关联(整篇WPS),0.8135,1.0,
officeWPS,Office通用,品牌直达,通用,Office通用·品牌直达·通用,高关联(整篇WPS),0.857,1.0,
wpS演示,PPT,教程操作,通用,PPT·教程操作·通用,中关联(通用+WPS章节),1.0,1.0,
wps系列,WPS综合,品牌直达,通用,WPS综合·品牌直达·通用,高关联(整篇WPS),0.8135,1.0,
WPS 2025春季更新12.1.0.21170版本,WPS综合,品牌直达,通用,WPS综合·品牌直达·通用,高关联(整篇WPS),0.8135,1.0,
WPS啊、,WPS综合,品牌直达,通用,WPS综合·品牌直达·通用,高关联(整篇WPS),0.8135,1.0,
http://wps.com.cn,WPS综合,品牌直达,通用,WPS综合·品牌直达·通用,高关联(整篇WPS),0.8135,1.0,
馃晵WPS,WPS综合,品牌直达,通用,WPS综合·品牌直达·通用,高关联(整篇WPS),0.8135,1.0,
https://www.Wps.cn,WPS综合,品牌直达,通用,WPS综合·品牌直达·通用,高关联(整篇WPS),0.8135,1.0,
WPSwoed,WPS综合,品牌直达,通用,WPS综合·品牌直达·通用,高关联(整篇WPS),0.8135,1.0,
【wps,WPS综合,品牌直达,通用,WPS综合·品牌直达·通用,高关联(整篇WPS),0.8135,1.0,
wps word文档网页,Word,品牌直达,通用,Word·品牌直达·通用,高关联(整篇WPS),0.4224,1.0,
WPS OFFICe个人版,Office通用,品牌直达,通用,Office通用·品牌直达·通用,高关联(整篇WPS),0.857,200.0,
WPS office网址,Office通用,品牌直达,通用,Office通用·品牌直达·通用,高关联(整篇WPS),0.857,1.0,
wps 2025 秋季版,WPS综合,品牌直达,通用,WPS综合·品牌直达·通用,高关联(整篇WPS),0.8135,1.0,
wps2016,WPS综合,品牌直达,通用,WPS综合·品牌直达·通用,高关联(整篇WPS),0.8135,1.0,
wps wps for pad,WPS综合,品牌直达,通用,WPS综合·品牌直达·通用,高关联(整篇WPS),0.8135,1.0,
HTTPS://WWW.WPS.,WPS综合,品牌直达,通用,WPS综合·品牌直达·通用,高关联(整篇WPS),0.8135,1.0,
WPS办公文件,WPS综合,品牌直达,通用,WPS综合·品牌直达·通用,高关联(整篇WPS),0.8135,1.0,
wps网页在线版,云文档/在线,品牌直达,通用,云文档/在线·品牌直达·通用,高关联(整篇WPS),0.4399,1.0,
wps在线处理,云文档/在线,品牌直达,通用,云文档/在线·品牌直达·通用,高关联(整篇WPS),0.4399,1.0,
wps 个人,WPS综合,品牌直达,通用,WPS综合·品牌直达·通用,高关联(整篇WPS),0.8135,1.0,
wps 2022,WPS综合,品牌直达,通用,WPS综合·品牌直达·通用,高关联(整篇WPS),0.8135,1.0,
wps cad,WPS综合,品牌直达,通用,WPS综合·品牌直达·通用,高关联(整篇WPS),0.8135,1.0,
WPS Wps,WPS综合,品牌直达,通用,WPS综合·品牌直达·通用,高关联(整篇WPS),0.8135,1.0,
WPS国内版本,WPS综合,品牌直达,通用,WPS综合·品牌直达·通用,高关联(整篇WPS),0.8135,1.0,
WPS共享文档,WPS综合,品牌直达,通用,WPS综合·品牌直达·通用,高关联(整篇WPS),0.8135,1.0,
wps64位更新,WPS综合,品牌直达,通用,WPS综合·品牌直达·通用,高关联(整篇WPS),0.8135,1.0,
WPS在线打开,云文档/在线,品牌直达,通用,云文档/在线·品牌直达·通用,高关联(整篇WPS),0.4399,1.0,
wps 在线共享文档excel,Excel,品牌直达,通用,Excel·品牌直达·通用,高关联(整篇WPS),0.274,1.0,
wps 协作mac,云文档/在线,教程操作,通用,云文档/在线·教程操作·通用,中关联(通用+WPS章节),0.4399,1.0,
wps线上word,Word,品牌直达,通用,Word·品牌直达·通用,高关联(整篇WPS),0.4224,1.0,
WPS guanwang,WPS综合,品牌直达,通用,WPS综合·品牌直达·通用,高关联(整篇WPS),0.8135,1.0,
www. wps.cn,WPS综合,品牌直达,通用,WPS综合·品牌直达·通用,高关联(整篇WPS),0.8135,1.0,
wpsguanfang,WPS综合,品牌直达,通用,WPS综合·品牌直达·通用,高关联(整篇WPS),0.8135,1.0,
WW、WPS、CON,WPS综合,品牌直达,通用,WPS综合·品牌直达·通用,高关联(整篇WPS),0.8135,1.0,
wps office\,Office通用,品牌直达,通用,Office通用·品牌直达·通用,高关联(整篇WPS),0.857,1.0,
www.WPS.ofice,WPS综合,品牌直达,通用,WPS综合·品牌直达·通用,高关联(整篇WPS),0.8135,1.0,
WWW、WPS、CON,WPS综合,品牌直达,通用,WPS综合·品牌直达·通用,高关联(整篇WPS),0.8135,1.0,
WPS GUANWANG,WPS综合,品牌直达,通用,WPS综合·品牌直达·通用,高关联(整篇WPS),0.8135,1.0,
wPS网页版,云文档/在线,品牌直达,通用,云文档/在线·品牌直达·通用,高关联(整篇WPS),0.4399,1.0,
wps移动版,WPS综合,品牌直达,通用,WPS综合·品牌直达·通用,高关联(整篇WPS),0.8135,1.0,
wps新版本,WPS综合,品牌直达,通用,WPS综合·品牌直达·通用,高关联(整篇WPS),0.8135,1.0,
wps 客户端,WPS综合,品牌直达,通用,WPS综合·品牌直达·通用,高关联(整篇WPS),0.8135,1.0,
wps -广告,WPS综合,品牌直达,通用,WPS综合·品牌直达·通用,高关联(整篇WPS),0.8135,1.0,
在线版WPS,云文档/在线,品牌直达,通用,云文档/在线·品牌直达·通用,高关联(整篇WPS),0.4399,1.0,
wpspffice,WPS综合,品牌直达,通用,WPS综合·品牌直达·通用,高关联(整篇WPS),0.8135,1.0,
wpscdn.cn,WPS综合,品牌直达,通用,WPS综合·品牌直达·通用,高关联(整篇WPS),0.8135,1.0,
Excel WPS,Excel,品牌直达,通用,Excel·品牌直达·通用,高关联(整篇WPS),0.274,1.0,
WPS Office - 正式版,Office通用,品牌直达,通用,Office通用·品牌直达·通用,高关联(整篇WPS),0.857,1.0,
wps注册,WPS综合,品牌直达,通用,WPS综合·品牌直达·通用,高关联(整篇WPS),0.8135,1.0,
https://www.wps.cn11.1.0,WPS综合,品牌直达,通用,WPS综合·品牌直达·通用,高关联(整篇WPS),0.8135,1.0,
web版WPS,WPS综合,品牌直达,通用,WPS综合·品牌直达·通用,高关联(整篇WPS),0.8135,1.0,
https://wps office,Office通用,品牌直达,通用,Office通用·品牌直达·通用,高关联(整篇WPS),0.857,1.0,
wpwpss,WPS综合,品牌直达,通用,WPS综合·品牌直达·通用,高关联(整篇WPS),0.8135,1.0,
"q,wps",WPS综合,品牌直达,通用,WPS综合·品牌直达·通用,高关联(整篇WPS),0.8135,1.0,
a'wps,WPS综合,品牌直达,通用,WPS综合·品牌直达·通用,高关联(整篇WPS),0.8135,1.0,
d xg wps,WPS综合,品牌直达,通用,WPS综合·品牌直达·通用,高关联(整篇WPS),0.8135,1.0,
wps技术支持电话,WPS综合,品牌直达,通用,WPS综合·品牌直达·通用,高关联(整篇WPS),0.8135,1.0,
|WPS,WPS综合,品牌直达,通用,WPS综合·品牌直达·通用,高关联(整篇WPS),0.8135,1.0,
WPS Office‘’,Office通用,品牌直达,通用,Office通用·品牌直达·通用,高关联(整篇WPS),0.857,1.0,
WPS表格在线多人编辑,Excel,教程操作,表格,Excel·教程操作·表格,中关联(通用+WPS章节),0.274,1.0,
Wps.cn,WPS综合,品牌直达,通用,WPS综合·品牌直达·通用,高关联(整篇WPS),0.8135,1.0,
WPS Office 在线版 (,云文档/在线,品牌直达,通用,云文档/在线·品牌直达·通用,高关联(整篇WPS),0.4399,1.0,
wps文档网网页,WPS综合,品牌直达,通用,WPS综合·品牌直达·通用,高关联(整篇WPS),0.8135,1.0,
wps最新版管网,WPS综合,下载安装,通用,WPS综合·下载安装·通用,高关联(整篇WPS),0.8135,1.0,
wps wold,WPS综合,品牌直达,通用,WPS综合·品牌直达·通用,高关联(整篇WPS),0.8135,1.0,
WPS 个人,WPS综合,品牌直达,通用,WPS综合·品牌直达·通用,高关联(整篇WPS),0.8135,1.0,
WPS guan,WPS综合,品牌直达,通用,WPS综合·品牌直达·通用,高关联(整篇WPS),0.8135,1.0,
wps版本有哪些,WPS综合,功能认知,通用,WPS综合·功能认知·通用,中关联(通用+WPS章节),0.8135,1.0,
WPS excel在线,Excel,品牌直达,通用,Excel·品牌直达·通用,高关联(整篇WPS),0.274,1.0,
wps插件大全,WPS综合,品牌直达,通用,WPS综合·品牌直达·通用,高关联(整篇WPS),0.8135,1.0,
WPS365 网页版,云文档/在线,品牌直达,通用,云文档/在线·品牌直达·通用,高关联(整篇WPS),0.4399,1.0,
WPS的vba模块,WPS综合,教程操作,vba,WPS综合·教程操作·vba,中关联(通用+WPS章节),0.8135,1.0,
wps ppt 在线,PPT,品牌直达,通用,PPT·品牌直达·通用,高关联(整篇WPS),1.0,1.0,
统信系统WPS,WPS综合,品牌直达,通用,WPS综合·品牌直达·通用,高关联(整篇WPS),0.8135,1.0,
在线ppt wps,PPT,品牌直达,通用,PPT·品牌直达·通用,高关联(整篇WPS),1.0,1.0,
Android wps,WPS综合,品牌直达,通用,WPS综合·品牌直达·通用,高关联(整篇WPS),0.8135,1.0,
WPS最新版2025,WPS综合,下载安装,通用,WPS综合·下载安装·通用,高关联(整篇WPS),0.8135,1.0,
wps excel表格网页版,Excel,品牌直达,表格,Excel·品牌直达·表格,高关联(整篇WPS),0.274,1.0,
wpsoffice线上文档,Office通用,品牌直达,通用,Office通用·品牌直达·通用,高关联(整篇WPS),0.857,1.0,
excel 金山,Excel,品牌直达,通用,Excel·品牌直达·通用,高关联(整篇WPS),0.274,1.0,
wPS字体库,WPS综合,教程操作,字体,WPS综合·教程操作·字体,中关联(通用+WPS章节),0.8135,1.0,
WPS网络版,WPS综合,品牌直达,通用,WPS综合·品牌直达·通用,高关联(整篇WPS),0.8135,1.0,
wpsPDF首页,PDF,品牌直达,通用,PDF·品牌直达·通用,高关联(整篇WPS),0.2212,1.0,
wps w文档,WPS综合,品牌直达,通用,WPS综合·品牌直达·通用,高关联(整篇WPS),0.8135,1.0,
wps offics,WPS综合,品牌直达,通用,WPS综合·品牌直达·通用,高关联(整篇WPS),0.8135,1.0,
wpsofffice,WPS综合,品牌直达,通用,WPS综合·品牌直达·通用,高关联(整篇WPS),0.8135,1.0,
WPSoffoice,WPS综合,品牌直达,通用,WPS综合·品牌直达·通用,高关联(整篇WPS),0.8135,1.0,
(i.wps.cn),WPS综合,品牌直达,通用,WPS综合·品牌直达·通用,高关联(整篇WPS),0.8135,1.0,
wpsoffice.,Office通用,品牌直达,通用,Office通用·品牌直达·通用,高关联(整篇WPS),0.857,1.0,
WPS ofice,WPS综合,品牌直达,通用,WPS综合·品牌直达·通用,高关联(整篇WPS),0.8135,1.0,
WPS/Office,Office通用,品牌直达,通用,Office通用·品牌直达·通用,高关联(整篇WPS),0.857,1.0,
wps 64wei,WPS综合,品牌直达,通用,WPS综合·品牌直达·通用,高关联(整篇WPS),0.8135,1.0,
www/wps.cn,WPS综合,品牌直达,通用,WPS综合·品牌直达·通用,高关联(整篇WPS),0.8135,1.0,
wps UOS 版,WPS综合,品牌直达,通用,WPS综合·品牌直达·通用,高关联(整篇WPS),0.8135,1.0,
https://www.wps.cn/yun,WPS综合,品牌直达,通用,WPS综合·品牌直达·通用,高关联(整篇WPS),0.8135,1.0,
电脑WPS,WPS综合,品牌直达,通用,WPS综合·品牌直达·通用,高关联(整篇WPS),0.8135,135.0,
WPS宋体,WPS综合,品牌直达,通用,WPS综合·品牌直达·通用,高关联(整篇WPS),0.8135,1.0,
统信 WPS,WPS综合,品牌直达,通用,WPS综合·品牌直达·通用,高关联(整篇WPS),0.8135,1.0,
https://www.wps.com/,WPS综合,品牌直达,通用,WPS综合·品牌直达·通用,高关联(整篇WPS),0.8135,1.0,
wps稻壳,WPS综合,品牌直达,通用,WPS综合·品牌直达·通用,高关联(整篇WPS),0.8135,1.0,
WPS。CN,WPS综合,品牌直达,通用,WPS综合·品牌直达·通用,高关联(整篇WPS),0.8135,1.0,
"https://www,wps.cn",WPS综合,品牌直达,通用,WPS综合·品牌直达·通用,高关联(整篇WPS),0.8135,1.0,
https://www.wps.cn/ https://www.wps.cn/ https://www.wps.cn/,WPS综合,品牌直达,通用,WPS综合·品牌直达·通用,高关联(整篇WPS),0.8135,1.0,
wps office完整版,Office通用,品牌直达,通用,Office通用·品牌直达·通用,高关联(整篇WPS),0.857,1.0,
WPSguanw,WPS综合,品牌直达,通用,WPS综合·品牌直达·通用,高关联(整篇WPS),0.8135,1.0,
wps银河麒麟版本,WPS综合,品牌直达,通用,WPS综合·品牌直达·通用,高关联(整篇WPS),0.8135,1.0,
WPSoffice个人版,Office通用,品牌直达,通用,Office通用·品牌直达·通用,高关联(整篇WPS),0.857,1.0,
wps在线版excel,Excel,品牌直达,通用,Excel·品牌直达·通用,高关联(整篇WPS),0.274,1.0,
wps power query,WPS综合,品牌直达,通用,WPS综合·品牌直达·通用,高关联(整篇WPS),0.8135,1.0,
"www.wps.com,cn",WPS综合,品牌直达,通用,WPS综合·品牌直达·通用,高关联(整篇WPS),0.8135,1.0,
platform.wps.cn,WPS综合,品牌直达,通用,WPS综合·品牌直达·通用,高关联(整篇WPS),0.8135,1.0,
"wps.cn,",WPS综合,品牌直达,通用,WPS综合·品牌直达·通用,高关联(整篇WPS),0.8135,1.0,
wps--,WPS综合,品牌直达,通用,WPS综合·品牌直达·通用,高关联(整篇WPS),0.8135,1.0,
wps教师优惠,WPS综合,品牌直达,通用,WPS综合·品牌直达·通用,高关联(整篇WPS),0.8135,1.0,
WPS纯净离线版,WPS综合,品牌直达,通用,WPS综合·品牌直达·通用,高关联(整篇WPS),0.8135,1.0,
WPS网页版地址,云文档/在线,品牌直达,通用,云文档/在线·品牌直达·通用,高关联(整篇WPS),0.4399,1.0,
wps应用工具,WPS综合,品牌直达,通用,WPS综合·品牌直达·通用,高关联(整篇WPS),0.8135,1.0,
wps 绿色,WPS综合,品牌直达,通用,WPS综合·品牌直达·通用,高关联(整篇WPS),0.8135,1.0,
wps win7,WPS综合,品牌直达,通用,WPS综合·品牌直达·通用,高关联(整篇WPS),0.8135,1.0,
WPS COM,WPS综合,品牌直达,通用,WPS综合·品牌直达·通用,高关联(整篇WPS),0.8135,1.0,
wps2026政府版,WPS综合,品牌直达,通用,WPS综合·品牌直达·通用,高关联(整篇WPS),0.8135,1.0,
wps 32位版本,WPS综合,品牌直达,通用,WPS综合·品牌直达·通用,高关联(整篇WPS),0.8135,1.0,
WPS Office启动首页,Office通用,品牌直达,通用,Office通用·品牌直达·通用,高关联(整篇WPS),0.857,1.0,
wps网址版,WPS综合,品牌直达,通用,WPS综合·品牌直达·通用,高关联(整篇WPS),0.8135,1.0,
WPS 专业版,WPS综合,品牌直达,通用,WPS综合·品牌直达·通用,高关联(整篇WPS),0.8135,256.0,
WPS在线板,云文档/在线,品牌直达,通用,云文档/在线·品牌直达·通用,高关联(整篇WPS),0.4399,1.0,
WPS office 7,Office通用,品牌直达,通用,Office通用·品牌直达·通用,高关联(整篇WPS),0.857,1.0,
业务网wps,WPS综合,品牌直达,通用,WPS综合·品牌直达·通用,高关联(整篇WPS),0.8135,1.0,
"WPS,EXECL",WPS综合,品牌直达,通用,WPS综合·品牌直达·通用,高关联(整篇WPS),0.8135,1.0,
www.wps.cn[(WPS Office)],Office通用,品牌直达,通用,Office通用·品牌直达·通用,高关联(整篇WPS),0.857,1.0,
wps.cn正贝【钱多多】功击葁贝青倥搜录膏架叟亮琏戏@qdd2000,WPS综合,品牌直达,通用,WPS综合·品牌直达·通用,高关联(整篇WPS),0.8135,1.0,
wps照片,WPS综合,品牌直达,通用,WPS综合·品牌直达·通用,高关联(整篇WPS),0.8135,1.0,
wps校验,WPS综合,品牌直达,通用,WPS综合·品牌直达·通用,高关联(整篇WPS),0.8135,1.0,
wps图标,WPS综合,模板获取,通用,WPS综合·模板获取·通用,中关联(通用+WPS章节),0.8135,1.0,
WPs网页,WPS综合,品牌直达,通用,WPS综合·品牌直达·通用,高关联(整篇WPS),0.8135,1.0,
WPS Office网页版入口,云文档/在线,品牌直达,通用,云文档/在线·品牌直达·通用,高关联(整篇WPS),0.4399,1.0,
64位 wps,WPS综合,品牌直达,通用,WPS综合·品牌直达·通用,高关联(整篇WPS),0.8135,1.0,
wps广告,WPS综合,品牌直达,通用,WPS综合·品牌直达·通用,高关联(整篇WPS),0.8135,1.0,
WPS的PDF,PDF,品牌直达,通用,PDF·品牌直达·通用,高关联(整篇WPS),0.2212,1.0,
公共wps,WPS综合,品牌直达,通用,WPS综合·品牌直达·通用,高关联(整篇WPS),0.8135,1.0,
wps2019一站式办公平台,WPS综合,品牌直达,通用,WPS综合·品牌直达·通用,高关联(整篇WPS),0.8135,1.0,
wwps/com,WPS综合,品牌直达,通用,WPS综合·品牌直达·通用,高关联(整篇WPS),0.8135,1.0,
Wwps,WPS综合,品牌直达,通用,WPS综合·品牌直达·通用,高关联(整篇WPS),0.8135,1.0,
WPS`,WPS综合,品牌直达,通用,WPS综合·品牌直达·通用,高关联(整篇WPS),0.8135,1.0,
wps直接登录入口,WPS综合,品牌直达,通用,WPS综合·品牌直达·通用,高关联(整篇WPS),0.8135,1.0,
wps统信uos系统,WPS综合,品牌直达,通用,WPS综合·品牌直达·通用,高关联(整篇WPS),0.8135,1.0,
wpsOffice办公软件,Office通用,品牌直达,通用,Office通用·品牌直达·通用,高关联(整篇WPS),0.857,65.0,
wps office 最新,Office通用,品牌直达,通用,Office通用·品牌直达·通用,高关联(整篇WPS),0.857,1.0,
wpsoffice什么软件,Office通用,品牌直达,通用,Office通用·品牌直达·通用,高关联(整篇WPS),0.857,1.0,
wps office 软件,Office通用,品牌直达,通用,Office通用·品牌直达·通用,高关联(整篇WPS),0.857,1.0,
wps在线演示网页版,PPT,教程操作,通用,PPT·教程操作·通用,中关联(通用+WPS章节),1.0,1.0,
wps网页版excel,Excel,品牌直达,通用,Excel·品牌直达·通用,高关联(整篇WPS),0.274,1.0,
https://www.wps.,WPS综合,品牌直达,通用,WPS综合·品牌直达·通用,高关联(整篇WPS),0.8135,1.0,
wps2013,WPS综合,品牌直达,通用,WPS综合·品牌直达·通用,高关联(整篇WPS),0.8135,1.0,
kingsoft-wps.com,WPS综合,品牌直达,通用,WPS综合·品牌直达·通用,高关联(整篇WPS),0.8135,1.0,
https://.wps.cn/,WPS综合,品牌直达,通用,WPS综合·品牌直达·通用,高关联(整篇WPS),0.8135,1.0,
wps有类似onenote的产品吗,WPS综合,品牌直达,通用,WPS综合·品牌直达·通用,高关联(整篇WPS),0.8135,1.0,
wps系列软件,WPS综合,品牌直达,通用,WPS综合·品牌直达·通用,高关联(整篇WPS),0.8135,1.0,
wps文档上传,WPS综合,教程操作,通用,WPS综合·教程操作·通用,中关联(通用+WPS章节),0.8135,1.0,
wps ppt网页,PPT,品牌直达,通用,PPT·品牌直达·通用,高关联(整篇WPS),1.0,1.0,
wps officeb,Office通用,品牌直达,通用,Office通用·品牌直达·通用,高关联(整篇WPS),0.857,1.0,
wpszuixinban,WPS综合,品牌直达,通用,WPS综合·品牌直达·通用,高关联(整篇WPS),0.8135,1.0,
www. wps. cn,WPS综合,品牌直达,通用,WPS综合·品牌直达·通用,高关联(整篇WPS),0.8135,1.0,
WPS多维表,WPS综合,品牌直达,通用,WPS综合·品牌直达·通用,高关联(整篇WPS),0.8135,1.0,
WPS 政府版,WPS综合,品牌直达,通用,WPS综合·品牌直达·通用,高关联(整篇WPS),0.8135,1.0,
wps英文版,WPS综合,品牌直达,通用,WPS综合·品牌直达·通用,高关联(整篇WPS),0.8135,1.0,
"www.wps.co,",WPS综合,品牌直达,通用,WPS综合·品牌直达·通用,高关联(整篇WPS),0.8135,1.0,
专业版wps,WPS综合,品牌直达,通用,WPS综合·品牌直达·通用,高关联(整篇WPS),0.8135,1.0,
wps官WANG,WPS综合,品牌直达,通用,WPS综合·品牌直达·通用,高关联(整篇WPS),0.8135,1.0,
wps offiCE,Office通用,品牌直达,通用,Office通用·品牌直达·通用,高关联(整篇WPS),0.857,69450.0,
wpsoffile,WPS综合,品牌直达,通用,WPS综合·品牌直达·通用,高关联(整篇WPS),0.8135,1.0,
gov@wps.cn,WPS综合,品牌直达,通用,WPS综合·品牌直达·通用,高关联(整篇WPS),0.8135,1.0,
WPS文档在线使用网页版,云文档/在线,教程操作,通用,云文档/在线·教程操作·通用,中关联(通用+WPS章节),0.4399,1.0,
WPS官页,WPS综合,品牌直达,通用,WPS综合·品牌直达·通用,高关联(整篇WPS),0.8135,1.0,
wps表单,WPS综合,品牌直达,通用,WPS综合·品牌直达·通用,高关联(整篇WPS),0.8135,1.0,
编辑WPS,WPS综合,教程操作,通用,WPS综合·教程操作·通用,中关联(通用+WPS章节),0.8135,1.0,
https://dl-file.cn/wps/wps_wid.exe,WPS综合,品牌直达,通用,WPS综合·品牌直达·通用,高关联(整篇WPS),0.8135,1.0,
intitle:wps office,Office通用,品牌直达,通用,Office通用·品牌直达·通用,高关联(整篇WPS),0.857,1.0,
w'pwps,WPS综合,品牌直达,通用,WPS综合·品牌直达·通用,高关联(整篇WPS),0.8135,1.0,
",wps",WPS综合,品牌直达,通用,WPS综合·品牌直达·通用,高关联(整篇WPS),0.8135,1.0,
网wps,WPS综合,品牌直达,通用,WPS综合·品牌直达·通用,高关联(整篇WPS),0.8135,1.0,
wpspffic网页版,云文档/在线,品牌直达,通用,云文档/在线·品牌直达·通用,高关联(整篇WPS),0.4399,1.0,
WPS office个人版,Office通用,品牌直达,通用,Office通用·品牌直达·通用,高关联(整篇WPS),0.857,200.0,
WPS办公文档软件,WPS综合,品牌直达,通用,WPS综合·品牌直达·通用,高关联(整篇WPS),0.8135,1.0,
WPS客户端/网页端,WPS综合,品牌直达,通用,WPS综合·品牌直达·通用,高关联(整篇WPS),0.8135,1.0,
网页版 wps打开,云文档/在线,品牌直达,通用,云文档/在线·品牌直达·通用,高关联(整篇WPS),0.4399,1.0,
WpsOffce,WPS综合,品牌直达,通用,WPS综合·品牌直达·通用,高关联(整篇WPS),0.8135,1.0,
WPS Office 64位,Office通用,品牌直达,通用,Office通用·品牌直达·通用,高关联(整篇WPS),0.857,64.0,
wps office32位,Office通用,品牌直达,通用,Office通用·品牌直达·通用,高关联(整篇WPS),0.857,1.0,
wps3,WPS综合,品牌直达,通用,WPS综合·品牌直达·通用,高关联(整篇WPS),0.8135,1.0,
新版wps office,Office通用,品牌直达,通用,Office通用·品牌直达·通用,高关联(整篇WPS),0.857,1.0,
WPS专业版LINUX,WPS综合,品牌直达,通用,WPS综合·品牌直达·通用,高关联(整篇WPS),0.8135,1.0,
WPS Office 最新版,Office通用,下载安装,通用,Office通用·下载安装·通用,高关联(整篇WPS),0.857,1.0,
wps有网页版,云文档/在线,品牌直达,通用,云文档/在线·品牌直达·通用,高关联(整篇WPS),0.4399,1.0,
wps首页入口,WPS综合,品牌直达,通用,WPS综合·品牌直达·通用,高关联(整篇WPS),0.8135,1.0,
wps桌面助手,WPS AI,AI认知,通用,WPS AI·AI认知·通用,中关联(通用+WPS章节),0.0,1.0,
wps wor,WPS综合,品牌直达,通用,WPS综合·品牌直达·通用,高关联(整篇WPS),0.8135,1.0,
wps x64,WPS综合,品牌直达,通用,WPS综合·品牌直达·通用,高关联(整篇WPS),0.8135,1.0,
WPS 精简,WPS综合,品牌直达,通用,WPS综合·品牌直达·通用,高关联(整篇WPS),0.8135,1.0,
WPS APPT,PPT,品牌直达,通用,PPT·品牌直达·通用,高关联(整篇WPS),1.0,1.0,
WPS PDf,PDF,品牌直达,通用,PDF·品牌直达·通用,高关联(整篇WPS),0.2212,1.0,
在线金山编辑,云文档/在线,教程操作,通用,云文档/在线·教程操作·通用,中关联(通用+WPS章节),0.4399,1.0,
wps deb格式,WPS综合,品牌直达,通用,WPS综合·品牌直达·通用,高关联(整篇WPS),0.8135,1.0,
文档在线wps,云文档/在线,品牌直达,通用,云文档/在线·品牌直达·通用,高关联(整篇WPS),0.4399,1.0,
wps office办公系统,Office通用,品牌直达,通用,Office通用·品牌直达·通用,高关联(整篇WPS),0.857,1.0,
www路wps路com,WPS综合,品牌直达,通用,WPS综合·品牌直达·通用,高关联(整篇WPS),0.8135,1.0,
WPSwangyeban,WPS综合,品牌直达,通用,WPS综合·品牌直达·通用,高关联(整篇WPS),0.8135,1.0,
www.wps/com,WPS综合,品牌直达,通用,WPS综合·品牌直达·通用,高关联(整篇WPS),0.8135,1.0,
wps for linux,WPS综合,品牌直达,通用,WPS综合·品牌直达·通用,高关联(整篇WPS),0.8135,1.0,
wps 无广告,WPS综合,品牌直达,通用,WPS综合·品牌直达·通用,高关联(整篇WPS),0.8135,1.0,
online.wps.cn,WPS综合,品牌直达,通用,WPS综合·品牌直达·通用,高关联(整篇WPS),0.8135,1.0,
wps的网址,WPS综合,品牌直达,通用,WPS综合·品牌直达·通用,高关联(整篇WPS),0.8135,1.0,
WPS Office :,Office通用,品牌直达,通用,Office通用·品牌直达·通用,高关联(整篇WPS),0.857,1.0,
WPS(64位),WPS综合,品牌直达,通用,WPS综合·品牌直达·通用,高关联(整篇WPS),0.8135,1.0,
wps wps、,WPS综合,品牌直达,通用,WPS综合·品牌直达·通用,高关联(整篇WPS),0.8135,1.0,
words wps,Word,品牌直达,通用,Word·品牌直达·通用,高关联(整篇WPS),0.4224,1.0,
中华人民共和国WPS,WPS综合,品牌直达,通用,WPS综合·品牌直达·通用,高关联(整篇WPS),0.8135,1.0,
wps教,WPS综合,品牌直达,通用,WPS综合·品牌直达·通用,高关联(整篇WPS),0.8135,1.0,
office办公软件 WPS,Office通用,品牌直达,通用,Office通用·品牌直达·通用,高关联(整篇WPS),0.857,1.0,
WPS office在线版,云文档/在线,品牌直达,通用,云文档/在线·品牌直达·通用,高关联(整篇WPS),0.4399,1.0,
",WPS",WPS综合,品牌直达,通用,WPS综合·品牌直达·通用,高关联(整篇WPS),0.8135,1.0,
wpsPC版,WPS综合,品牌直达,通用,WPS综合·品牌直达·通用,高关联(整篇WPS),0.8135,1.0,
WPSAPP,WPS综合,品牌直达,通用,WPS综合·品牌直达·通用,高关联(整篇WPS),0.8135,122.0,
办公表格网页,Excel,品牌直达,表格,Excel·品牌直达·表格,低关联(方法论轻带),0.274,1.0,
wps!,WPS综合,品牌直达,通用,WPS综合·品牌直达·通用,高关联(整篇WPS),0.8135,1.0,
WPS 演示,PPT,教程操作,通用,PPT·教程操作·通用,中关联(通用+WPS章节),1.0,1.0,
金山wps主页,WPS综合,品牌直达,通用,WPS综合·品牌直达·通用,高关联(整篇WPS),0.8135,1.0,
国务院版wps,WPS综合,品牌直达,通用,WPS综合·品牌直达·通用,高关联(整篇WPS),0.8135,1.0,
WPS Of'fi'ce,Office通用,品牌直达,通用,Office通用·品牌直达·通用,高关联(整篇WPS),0.857,1.0,
Wps 网页版,云文档/在线,品牌直达,通用,云文档/在线·品牌直达·通用,高关联(整篇WPS),0.4399,1.0,
wangye wps,WPS综合,品牌直达,通用,WPS综合·品牌直达·通用,高关联(整篇WPS),0.8135,1.0,
wps ofiice,WPS综合,品牌直达,通用,WPS综合·品牌直达·通用,高关联(整篇WPS),0.8135,1.0,
简版wps,WPS综合,品牌直达,通用,WPS综合·品牌直达·通用,高关联(整篇WPS),0.8135,1.0,
pc级wps,WPS综合,品牌直达,通用,WPS综合·品牌直达·通用,高关联(整篇WPS),0.8135,1.0,
网页 wps,WPS综合,品牌直达,通用,WPS综合·品牌直达·通用,高关联(整篇WPS),0.8135,1.0,
Microsoft Word / WPS,Word,品牌直达,通用,Word·品牌直达·通用,高关联(整篇WPS),0.4224,1.0,
。wps.cn,WPS综合,品牌直达,通用,WPS综合·品牌直达·通用,高关联(整篇WPS),0.8135,1.0,
wps哪种版本好用,WPS综合,品牌直达,通用,WPS综合·品牌直达·通用,高关联(整篇WPS),0.8135,1.0,
wps office 光网,Office通用,品牌直达,通用,Office通用·品牌直达·通用,高关联(整篇WPS),0.857,1.0,
wps.中国,WPS综合,品牌直达,通用,WPS综合·品牌直达·通用,高关联(整篇WPS),0.8135,1.0,
"WPS,CN",WPS综合,品牌直达,通用,WPS综合·品牌直达·通用,高关联(整篇WPS),0.8135,1.0,
https://www.WPS,WPS综合,品牌直达,通用,WPS综合·品牌直达·通用,高关联(整篇WPS),0.8135,1.0,
在线WPS程序,云文档/在线,品牌直达,通用,云文档/在线·品牌直达·通用,高关联(整篇WPS),0.4399,1.0,
https:www.wps.cn,WPS综合,品牌直达,通用,WPS综合·品牌直达·通用,高关联(整篇WPS),0.8135,1.0,
Wps wps,WPS综合,品牌直达,通用,WPS综合·品牌直达·通用,高关联(整篇WPS),0.8135,1.0,
Wps pc,WPS综合,品牌直达,通用,WPS综合·品牌直达·通用,高关联(整篇WPS),0.8135,316.0,
WPS pro,WPS综合,品牌直达,通用,WPS综合·品牌直达·通用,高关联(整篇WPS),0.8135,259.0,
WPS APP,WPS综合,品牌直达,通用,WPS综合·品牌直达·通用,高关联(整篇WPS),0.8135,269.0,
wps有在线的吗,云文档/在线,品牌直达,通用,云文档/在线·品牌直达·通用,高关联(整篇WPS),0.4399,1.0,
wps更新版本,WPS综合,品牌直达,通用,WPS综合·品牌直达·通用,高关联(整篇WPS),0.8135,1.0,
wps pdf独立版,PDF,品牌直达,通用,PDF·品牌直达·通用,高关联(整篇WPS),0.2212,1.0,
WPS2026政府版定制,WPS综合,品牌直达,通用,WPS综合·品牌直达·通用,高关联(整篇WPS),0.8135,1.0,
WPS 政企版,WPS综合,品牌直达,通用,WPS综合·品牌直达·通用,高关联(整篇WPS),0.8135,1.0,
wpsoffice .ce,Office通用,品牌直达,通用,Office通用·品牌直达·通用,高关联(整篇WPS),0.857,1.0,
WPS无广告,WPS综合,品牌直达,通用,WPS综合·品牌直达·通用,高关联(整篇WPS),0.8135,1.0,
wps2023版,WPS综合,品牌直达,通用,WPS综合·品牌直达·通用,高关联(整篇WPS),0.8135,1.0,
wps pffice,WPS综合,品牌直达,通用,WPS综合·品牌直达·通用,高关联(整篇WPS),0.8135,1.0,
wps+office,Office通用,品牌直达,通用,Office通用·品牌直达·通用,高关联(整篇WPS),0.857,58.0,
WPS OFFIC,WPS综合,品牌直达,通用,WPS综合·品牌直达·通用,高关联(整篇WPS),0.8135,147.0,
麒麟 wps,WPS综合,品牌直达,通用,WPS综合·品牌直达·通用,高关联(整篇WPS),0.8135,1.0,
麒麟WPS,WPS综合,品牌直达,通用,WPS综合·品牌直达·通用,高关联(整篇WPS),0.8135,1.0,
https://account.wps.cn/,WPS综合,品牌直达,通用,WPS综合·品牌直达·通用,高关联(整篇WPS),0.8135,1.0,
www.wps.cnWPS Office,Office通用,品牌直达,通用,Office通用·品牌直达·通用,高关联(整篇WPS),0.857,1.0,
WPS网址,WPS综合,品牌直达,通用,WPS综合·品牌直达·通用,高关联(整篇WPS),0.8135,1.0,
WPs管网,WPS综合,品牌直达,通用,WPS综合·品牌直达·通用,高关联(整篇WPS),0.8135,1.0,
WPS登录,WPS综合,品牌直达,通用,WPS综合·品牌直达·通用,高关联(整篇WPS),0.8135,1.0,
wps referenceerror,WPS综合,品牌直达,通用,WPS综合·品牌直达·通用,高关联(整篇WPS),0.8135,1.0,
http://365.wps.cn,WPS综合,品牌直达,通用,WPS综合·品牌直达·通用,高关联(整篇WPS),0.8135,1.0,
https://www.wps.cnw,WPS综合,品牌直达,通用,WPS综合·品牌直达·通用,高关联(整篇WPS),0.8135,1.0,
https;//www.wps.cn,WPS综合,品牌直达,通用,WPS综合·品牌直达·通用,高关联(整篇WPS),0.8135,1.0,
https.//www.wps.cn,WPS综合,品牌直达,通用,WPS综合·品牌直达·通用,高关联(整篇WPS),0.8135,1.0,
wpsws,WPS综合,品牌直达,通用,WPS综合·品牌直达·通用,高关联(整篇WPS),0.8135,1.0,
` wps,WPS综合,品牌直达,通用,WPS综合·品牌直达·通用,高关联(整篇WPS),0.8135,1.0,
wps2024linux版本,WPS综合,品牌直达,通用,WPS综合·品牌直达·通用,高关联(整篇WPS),0.8135,1.0,
WPS Office网站,Office通用,品牌直达,通用,Office通用·品牌直达·通用,高关联(整篇WPS),0.857,1.0,
百度wps office,Office通用,品牌直达,通用,Office通用·品牌直达·通用,高关联(整篇WPS),0.857,1.0,
wps office  win7,Office通用,品牌直达,通用,Office通用·品牌直达·通用,高关联(整篇WPS),0.857,1.0,
WPS字体压缩包,WPS综合,教程操作,字体,WPS综合·教程操作·字体,中关联(通用+WPS章节),0.8135,1.0,
在线wpsword文档编辑,Word,教程操作,通用,Word·教程操作·通用,中关联(通用+WPS章节),0.4224,1.0,
wps 银河,WPS综合,品牌直达,通用,WPS综合·品牌直达·通用,高关联(整篇WPS),0.8135,1.0,
wps arm,WPS综合,品牌直达,通用,WPS综合·品牌直达·通用,高关联(整篇WPS),0.8135,1.0,
wps网上文档,WPS综合,品牌直达,通用,WPS综合·品牌直达·通用,高关联(整篇WPS),0.8135,1.0,
WPS PDF专业版,PDF,品牌直达,通用,PDF·品牌直达·通用,高关联(整篇WPS),0.2212,1.0,
wpsexcel在线,Excel,品牌直达,通用,Excel·品牌直达·通用,高关联(整篇WPS),0.274,1.0,
WPS在线 文档,云文档/在线,品牌直达,通用,云文档/在线·品牌直达·通用,高关联(整篇WPS),0.4399,1.0,
wpsoffice.lnk,Office通用,品牌直达,通用,Office通用·品牌直达·通用,高关联(整篇WPS),0.857,1.0,
WPS豌豆荚,WPS综合,品牌直达,通用,WPS综合·品牌直达·通用,高关联(整篇WPS),0.8135,1.0,
wps简洁版,WPS综合,品牌直达,通用,WPS综合·品牌直达·通用,高关联(整篇WPS),0.8135,1.0,
金山WPS 365,WPS综合,品牌直达,通用,WPS综合·品牌直达·通用,高关联(整篇WPS),0.8135,1.0,
wps校园版,WPS综合,品牌直达,通用,WPS综合·品牌直达·通用,高关联(整篇WPS),0.8135,1.0,
wps,WPS综合,品牌直达,通用,WPS综合·品牌直达·通用,高关联(整篇WPS),0.8135,1.0,
麒麟版wps,WPS综合,品牌直达,通用,WPS综合·品牌直达·通用,高关联(整篇WPS),0.8135,1.0,
wpsofficeg,Office通用,品牌直达,通用,Office通用·品牌直达·通用,高关联(整篇WPS),0.857,1.0,
jinshanWPS,WPS综合,品牌直达,通用,WPS综合·品牌直达·通用,高关联(整篇WPS),0.8135,1.0,
Office/WPS,Office通用,品牌直达,通用,Office通用·品牌直达·通用,高关联(整篇WPS),0.857,1.0,
excel WPS,Excel,品牌直达,通用,Excel·品牌直达·通用,高关联(整篇WPS),0.274,1.0,
wps.wps.cn,WPS综合,品牌直达,通用,WPS综合·品牌直达·通用,高关联(整篇WPS),0.8135,1.0,
个人WPS,WPS综合,品牌直达,通用,WPS综合·品牌直达·通用,高关联(整篇WPS),0.8135,1.0,
wps2019专业版linux,WPS综合,品牌直达,通用,WPS综合·品牌直达·通用,高关联(整篇WPS),0.8135,1.0,
zwps,WPS综合,品牌直达,通用,WPS综合·品牌直达·通用,高关联(整篇WPS),0.8135,1.0,
swps.cn,WPS综合,品牌直达,通用,WPS综合·品牌直达·通用,高关联(整篇WPS),0.8135,1.0,
WPSpdf,PDF,品牌直达,通用,PDF·品牌直达·通用,高关联(整篇WPS),0.2212,1.0,
WPS文档线上入口,WPS综合,品牌直达,通用,WPS综合·品牌直达·通用,高关联(整篇WPS),0.8135,1.0,
wps office最新版,Office通用,下载安装,通用,Office通用·下载安装·通用,高关联(整篇WPS),0.857,1.0,
wsp线上办公软件,Office通用,品牌直达,通用,Office通用·品牌直达·通用,低关联(方法论轻带),0.857,1.0,
WPS linux 灵犀,WPS AI,AI认知,通用,WPS AI·AI认知·通用,中关联(通用+WPS章节),0.0,1.0,
wps-office_11.1.0.11723.XA_amd64.deb,Office通用,品牌直达,通用,Office通用·品牌直达·通用,高关联(整篇WPS),0.857,1.0,
金山办公软件wps,Office通用,品牌直达,通用,Office通用·品牌直达·通用,高关联(整篇WPS),0.857,1.0,
wps登录入口网页版,云文档/在线,品牌直达,通用,云文档/在线·品牌直达·通用,高关联(整篇WPS),0.4399,1.0,
https://www.wps.cn/?act=problemshow&mod=function,WPS综合,品牌直达,通用,WPS综合·品牌直达·通用,高关联(整篇WPS),0.8135,1.0,
wps 光网,WPS综合,品牌直达,通用,WPS综合·品牌直达·通用,高关联(整篇WPS),0.8135,1.0,
wps Ppt,PPT,品牌直达,通用,PPT·品牌直达·通用,高关联(整篇WPS),1.0,1.0,
wps网页云盘,WPS综合,品牌直达,通用,WPS综合·品牌直达·通用,高关联(整篇WPS),0.8135,1.0,
WPS 画图,WPS综合,品牌直达,通用,WPS综合·品牌直达·通用,高关联(整篇WPS),0.8135,1.0,
WPS 办公,WPS综合,品牌直达,通用,WPS综合·品牌直达·通用,高关联(整篇WPS),0.8135,1.0,
金山协作办公,云文档/在线,教程操作,通用,云文档/在线·教程操作·通用,中关联(通用+WPS章节),0.4399,1.0,
wps百度一下,WPS综合,品牌直达,通用,WPS综合·品牌直达·通用,高关联(整篇WPS),0.8135,1.0,
wps 微信登录,WPS综合,品牌直达,通用,WPS综合·品牌直达·通用,高关联(整篇WPS),0.8135,1.0,
wps2026统信版,WPS综合,品牌直达,通用,WPS综合·品牌直达·通用,高关联(整篇WPS),0.8135,1.0,
wps 办公软件,Office通用,品牌直达,通用,Office通用·品牌直达·通用,高关联(整篇WPS),0.857,1.0,
365wps教育版,WPS综合,品牌直达,通用,WPS综合·品牌直达·通用,高关联(整篇WPS),0.8135,1.0,
wps32位版本,WPS综合,品牌直达,通用,WPS综合·品牌直达·通用,高关联(整篇WPS),0.8135,1.0,
wps 365登录,WPS综合,品牌直达,通用,WPS综合·品牌直达·通用,高关联(整篇WPS),0.8135,1.0,
wps office是,Office通用,品牌直达,通用,Office通用·品牌直达·通用,高关联(整篇WPS),0.857,1.0,
wps office 2021,Office通用,品牌直达,通用,Office通用·品牌直达·通用,高关联(整篇WPS),0.857,1.0,
办公WPSOffce,WPS综合,品牌直达,通用,WPS综合·品牌直达·通用,高关联(整篇WPS),0.8135,1.0,
WPS office365,Office通用,品牌直达,通用,Office通用·品牌直达·通用,高关联(整篇WPS),0.857,1.0,
WPS FOR WIN7,WPS综合,品牌直达,通用,WPS综合·品牌直达·通用,高关联(整篇WPS),0.8135,1.0,
wps知识库,WPS综合,功能认知,通用,WPS综合·功能认知·通用,中关联(通用+WPS章节),0.8135,1.0,
WPS桌面版,WPS综合,品牌直达,通用,WPS综合·品牌直达·通用,高关联(整篇WPS),0.8135,1.0,
WPS文字、,Word,品牌直达,通用,Word·品牌直达·通用,高关联(整篇WPS),0.4224,1.0,
政企版wps,WPS综合,品牌直达,通用,WPS综合·品牌直达·通用,高关联(整篇WPS),0.8135,1.0,
wps'office,Office通用,品牌直达,通用,Office通用·品牌直达·通用,高关联(整篇WPS),0.857,1.0,
WPS offIce,Office通用,品牌直达,通用,Office通用·品牌直达·通用,高关联(整篇WPS),0.857,69450.0,
wps网官,WPS综合,品牌直达,通用,WPS综合·品牌直达·通用,高关联(整篇WPS),0.8135,1.0,
wps观望,WPS综合,品牌直达,通用,WPS综合·品牌直达·通用,高关联(整篇WPS),0.8135,1.0,
WPS更新,WPS综合,品牌直达,通用,WPS综合·品牌直达·通用,高关联(整篇WPS),0.8135,1.0,
WPS插图,WPS综合,品牌直达,通用,WPS综合·品牌直达·通用,高关联(整篇WPS),0.8135,1.0,
wps。com,WPS综合,品牌直达,通用,WPS综合·品牌直达·通用,高关联(整篇WPS),0.8135,1.0,
/wps,WPS综合,品牌直达,通用,WPS综合·品牌直达·通用,高关联(整篇WPS),0.8135,1.0,
wps,WPS综合,品牌直达,通用,WPS综合·品牌直达·通用,高关联(整篇WPS),0.8135,1.0,
wpspjb,WPS综合,品牌直达,通用,WPS综合·品牌直达·通用,高关联(整篇WPS),0.8135,1.0,
WPSoffse,WPS综合,品牌直达,通用,WPS综合·品牌直达·通用,高关联(整篇WPS),0.8135,1.0,
wpsl;,WPS综合,品牌直达,通用,WPS综合·品牌直达·通用,高关联(整篇WPS),0.8135,1.0,
WPS办公软件管网,Office通用,品牌直达,通用,Office通用·品牌直达·通用,高关联(整篇WPS),0.857,1.0,
Word/Wps,Word,品牌直达,通用,Word·品牌直达·通用,高关联(整篇WPS),0.4224,1.0,
wps.cn / www.wps.cn,WPS综合,品牌直达,通用,WPS综合·品牌直达·通用,高关联(整篇WPS),0.8135,1.0,
.wps文件在线阅读,云文档/在线,品牌直达,通用,云文档/在线·品牌直达·通用,高关联(整篇WPS),0.4399,1.0,
wps office线上,Office通用,品牌直达,通用,Office通用·品牌直达·通用,高关联(整篇WPS),0.857,1.0,
wps office个人搬,Office通用,品牌直达,通用,Office通用·品牌直达·通用,高关联(整篇WPS),0.857,1.0,
WPS Linux个人版,WPS综合,品牌直达,通用,WPS综合·品牌直达·通用,高关联(整篇WPS),0.8135,1.0,
金山wps办公软件,Office通用,品牌直达,通用,Office通用·品牌直达·通用,高关联(整篇WPS),0.857,1.0,
WPSOFFIC,WPS综合,品牌直达,通用,WPS综合·品牌直达·通用,高关联(整篇WPS),0.8135,58.0,
在线打开WPS文件,云文档/在线,品牌直达,通用,云文档/在线·品牌直达·通用,高关联(整篇WPS),0.4399,1.0,
wps winserver版,WPS综合,品牌直达,通用,WPS综合·品牌直达·通用,高关联(整篇WPS),0.8135,1.0,
WPSCN,WPS综合,品牌直达,通用,WPS综合·品牌直达·通用,高关联(整篇WPS),0.8135,1.0,
wps独立图片编辑器,WPS综合,教程操作,通用,WPS综合·教程操作·通用,中关联(通用+WPS章节),0.8135,1.0,
WPS/CN,WPS综合,品牌直达,通用,WPS综合·品牌直达·通用,高关联(整篇WPS),0.8135,1.0,
WPS APK,WPS综合,品牌直达,通用,WPS综合·品牌直达·通用,高关联(整篇WPS),0.8135,1.0,
WPS x64,WPS综合,品牌直达,通用,WPS综合·品牌直达·通用,高关联(整篇WPS),0.8135,1.0,
wps在线浏览,云文档/在线,品牌直达,通用,云文档/在线·品牌直达·通用,高关联(整篇WPS),0.4399,1.0,
WPS考试专用版,WPS综合,品牌直达,通用,WPS综合·品牌直达·通用,高关联(整篇WPS),0.8135,1.0,
wps 64位 入口在哪,WPS综合,品牌直达,通用,WPS综合·品牌直达·通用,高关联(整篇WPS),0.8135,1.0,
wps网登录页版,WPS综合,品牌直达,通用,WPS综合·品牌直达·通用,高关联(整篇WPS),0.8135,1.0,
wps网页版”,云文档/在线,品牌直达,通用,云文档/在线·品牌直达·通用,高关联(整篇WPS),0.4399,1.0,
wps文档中台,WPS综合,品牌直达,通用,WPS综合·品牌直达·通用,高关联(整篇WPS),0.8135,1.0,
WPS2023专业版,WPS综合,品牌直达,通用,WPS综合·品牌直达·通用,高关联(整篇WPS),0.8135,1.0,
WPS 365网页版,云文档/在线,品牌直达,通用,云文档/在线·品牌直达·通用,高关联(整篇WPS),0.4399,1.0,
wps开放平台,WPS综合,品牌直达,通用,WPS综合·品牌直达·通用,高关联(整篇WPS),0.8135,1.0,
wpsoffice文档,Office通用,品牌直达,通用,Office通用·品牌直达·通用,高关联(整篇WPS),0.857,1.0,
www.WPS路cn,WPS综合,品牌直达,通用,WPS综合·品牌直达·通用,高关联(整篇WPS),0.8135,1.0,
平板PC版WPS,WPS综合,品牌直达,通用,WPS综合·品牌直达·通用,高关联(整篇WPS),0.8135,1.0,
文档wpsoffice,Office通用,品牌直达,通用,Office通用·品牌直达·通用,高关联(整篇WPS),0.857,1.0,
WPSofficePC,Office通用,品牌直达,通用,Office通用·品牌直达·通用,高关联(整篇WPS),0.857,64.0,
office.wps.cn,Office通用,品牌直达,通用,Office通用·品牌直达·通用,高关联(整篇WPS),0.857,1.0,
wps网页班,WPS综合,品牌直达,通用,WPS综合·品牌直达·通用,高关联(整篇WPS),0.8135,1.0,
wps轻量版,WPS综合,品牌直达,通用,WPS综合·品牌直达·通用,高关联(整篇WPS),0.8135,1.0,
WPS电子版,WPS综合,品牌直达,通用,WPS综合·品牌直达·通用,高关联(整篇WPS),0.8135,1.0,
电脑端WPS,WPS综合,品牌直达,通用,WPS综合·品牌直达·通用,高关联(整篇WPS),0.8135,1.0,
个人版WPS,WPS综合,品牌直达,通用,WPS综合·品牌直达·通用,高关联(整篇WPS),0.8135,1.0,
wpsottice,WPS综合,品牌直达,通用,WPS综合·品牌直达·通用,高关联(整篇WPS),0.8135,1.0,
WWW.wps.cn,WPS综合,品牌直达,通用,WPS综合·品牌直达·通用,高关联(整篇WPS),0.8135,1.0,
新版wps,WPS综合,品牌直达,通用,WPS综合·品牌直达·通用,高关联(整篇WPS),0.8135,1.0,
"wps在线,",云文档/在线,品牌直达,通用,云文档/在线·品牌直达·通用,高关联(整篇WPS),0.4399,1.0,
最新wps,WPS综合,品牌直达,通用,WPS综合·品牌直达·通用,高关联(整篇WPS),0.8135,1.0,
WPS介绍,WPS综合,功能认知,通用,WPS综合·功能认知·通用,中关联(通用+WPS章节),0.8135,1.0,
办公WPS,WPS综合,品牌直达,通用,WPS综合·品牌直达·通用,高关联(整篇WPS),0.8135,1.0,
wps、=,WPS综合,品牌直达,通用,WPS综合·品牌直达·通用,高关联(整篇WPS),0.8135,1.0,
WPS、、,WPS综合,品牌直达,通用,WPS综合·品牌直达·通用,高关联(整篇WPS),0.8135,1.0,
WPS Office.com.cn,Office通用,品牌直达,通用,Office通用·品牌直达·通用,高关联(整篇WPS),0.857,1.0,
q、wps,WPS综合,品牌直达,通用,WPS综合·品牌直达·通用,高关联(整篇WPS),0.8135,1.0,
",,wps",WPS综合,品牌直达,通用,WPS综合·品牌直达·通用,高关联(整篇WPS),0.8135,1.0,
金山在线表格网址,Excel,品牌直达,表格,Excel·品牌直达·表格,高关联(整篇WPS),0.274,1.0,
wps 文档网页版,云文档/在线,品牌直达,通用,云文档/在线·品牌直达·通用,高关联(整篇WPS),0.4399,1.0,
WPS 专业增强版,WPS综合,品牌直达,通用,WPS综合·品牌直达·通用,高关联(整篇WPS),0.8135,1.0,
wps word文档入口,Word,品牌直达,通用,Word·品牌直达·通用,高关联(整篇WPS),0.4224,1.0,
https://www..wps.cn,WPS综合,品牌直达,通用,WPS综合·品牌直达·通用,高关联(整篇WPS),0.8135,1.0,
excalwps,WPS综合,品牌直达,通用,WPS综合·品牌直达·通用,高关联(整篇WPS),0.8135,1.0,
wps完整版vba组件,WPS综合,教程操作,vba,WPS综合·教程操作·vba,中关联(通用+WPS章节),0.8135,1.0,
wps在线共享编辑,云文档/在线,教程操作,通用,云文档/在线·教程操作·通用,中关联(通用+WPS章节),0.4399,1.0,
wps多维表格文档,Excel,品牌直达,表格,Excel·品牌直达·表格,高关联(整篇WPS),0.274,1.0,
金山办公WPS64位,WPS综合,品牌直达,通用,WPS综合·品牌直达·通用,高关联(整篇WPS),0.8135,1.0,
",,WPS",WPS综合,品牌直达,通用,WPS综合·品牌直达·通用,高关联(整篇WPS),0.8135,1.0,
WPS OFFICE電腦版,Office通用,品牌直达,通用,Office通用·品牌直达·通用,高关联(整篇WPS),0.857,1.0,
WPS32位,WPS综合,品牌直达,通用,WPS综合·品牌直达·通用,高关联(整篇WPS),0.8135,1.0,
wps客服24小时人工服务热线,WPS综合,品牌直达,通用,WPS综合·品牌直达·通用,高关联(整篇WPS),0.8135,1.0,
wps office excel,Excel,品牌直达,通用,Excel·品牌直达·通用,高关联(整篇WPS),0.274,1.0,
wps 灵犀,WPS AI,AI认知,通用,WPS AI·AI认知·通用,中关联(通用+WPS章节),0.0,1.0,
WPS 】,WPS综合,品牌直达,通用,WPS综合·品牌直达·通用,高关联(整篇WPS),0.8135,1.0,
WPS网页版登录,云文档/在线,品牌直达,通用,云文档/在线·品牌直达·通用,高关联(整篇WPS),0.4399,1.0,
wps电脑网页,WPS综合,品牌直达,通用,WPS综合·品牌直达·通用,高关联(整篇WPS),0.8135,1.0,
wps稳定版本,WPS综合,品牌直达,通用,WPS综合·品牌直达·通用,高关联(整篇WPS),0.8135,1.0,
wps ppt网页版,PPT,品牌直达,通用,PPT·品牌直达·通用,高关联(整篇WPS),1.0,1.0,
wps电脑办公,WPS综合,品牌直达,通用,WPS综合·品牌直达·通用,高关联(整篇WPS),0.8135,1.0,
2016版本wps,WPS综合,品牌直达,通用,WPS综合·品牌直达·通用,高关联(整篇WPS),0.8135,1.0,
wps windows,WPS综合,品牌直达,通用,WPS综合·品牌直达·通用,高关联(整篇WPS),0.8135,101.0,
wwww.wps.cn,WPS综合,品牌直达,通用,WPS综合·品牌直达·通用,高关联(整篇WPS),0.8135,1.0,
wpswangyewban,WPS综合,品牌直达,通用,WPS综合·品牌直达·通用,高关联(整篇WPS),0.8135,1.0,
WPS365_office,Office通用,品牌直达,通用,Office通用·品牌直达·通用,高关联(整篇WPS),0.857,1.0,
在线wps ppt,PPT,品牌直达,通用,PPT·品牌直达·通用,高关联(整篇WPS),1.0,1.0,
wps w'p'swps,WPS综合,品牌直达,通用,WPS综合·品牌直达·通用,高关联(整篇WPS),0.8135,1.0,
WPS 云服务,WPS综合,品牌直达,通用,WPS综合·品牌直达·通用,高关联(整篇WPS),0.8135,1.0,
WWW.WPS.CON,WPS综合,品牌直达,通用,WPS综合·品牌直达·通用,高关联(整篇WPS),0.8135,1.0,
wpsoffice2025,Office通用,品牌直达,通用,Office通用·品牌直达·通用,高关联(整篇WPS),0.857,1.0,
wps输入法,WPS综合,品牌直达,通用,WPS综合·品牌直达·通用,高关联(整篇WPS),0.8135,1.0,
wps客服端,WPS综合,品牌直达,通用,WPS综合·品牌直达·通用,高关联(整篇WPS),0.8135,1.0,
wps在心啊,WPS综合,品牌直达,通用,WPS综合·品牌直达·通用,高关联(整篇WPS),0.8135,1.0,
WPS线上版,WPS综合,品牌直达,通用,WPS综合·品牌直达·通用,高关联(整篇WPS),0.8135,1.0,
WPS365在线,云文档/在线,品牌直达,通用,云文档/在线·品牌直达·通用,高关联(整篇WPS),0.4399,1.0,
"www.wps/cp,",WPS综合,品牌直达,通用,WPS综合·品牌直达·通用,高关联(整篇WPS),0.8135,1.0,
wps网站PPT,PPT,品牌直达,通用,PPT·品牌直达·通用,高关联(整篇WPS),1.0,1.0,
"那就装WPS,",WPS综合,品牌直达,通用,WPS综合·品牌直达·通用,高关联(整篇WPS),0.8135,1.0,
wps excle,WPS综合,品牌直达,通用,WPS综合·品牌直达·通用,高关联(整篇WPS),0.8135,1.0,
WPS Linux,WPS综合,品牌直达,通用,WPS综合·品牌直达·通用,高关联(整篇WPS),0.8135,1.0,
ww.wps.con,WPS综合,品牌直达,通用,WPS综合·品牌直达·通用,高关联(整篇WPS),0.8135,1.0,
"www,WPS,CN",WPS综合,品牌直达,通用,WPS综合·品牌直达·通用,高关联(整篇WPS),0.8135,1.0,
www wps cn,WPS综合,品牌直达,通用,WPS综合·品牌直达·通用,高关联(整篇WPS),0.8135,1.0,
金三wps,WPS综合,品牌直达,通用,WPS综合·品牌直达·通用,高关联(整篇WPS),0.8135,1.0,
国网WPS,WPS综合,品牌直达,通用,WPS综合·品牌直达·通用,高关联(整篇WPS),0.8135,1.0,
表格wps,Excel,品牌直达,表格,Excel·品牌直达·表格,高关联(整篇WPS),0.274,1.0,
TV版wps,WPS综合,品牌直达,通用,WPS综合·品牌直达·通用,高关联(整篇WPS),0.8135,1.0,
WPS网,WPS综合,品牌直达,通用,WPS综合·品牌直达·通用,高关联(整篇WPS),0.8135,1.0,
wps商家,WPS综合,品牌直达,通用,WPS综合·品牌直达·通用,高关联(整篇WPS),0.8135,1.0,
wps word文档在线使用,Word,教程操作,通用,Word·教程操作·通用,中关联(通用+WPS章节),0.4224,1.0,
搜狗wps,WPS综合,品牌直达,通用,WPS综合·品牌直达·通用,高关联(整篇WPS),0.8135,1.0,
WWW》WPS,WPS综合,品牌直达,通用,WPS综合·品牌直达·通用,高关联(整篇WPS),0.8135,1.0,
WPS》cn,WPS综合,品牌直达,通用,WPS综合·品牌直达·通用,高关联(整篇WPS),0.8135,1.0,
https://www.wps.con,WPS综合,品牌直达,通用,WPS综合·品牌直达·通用,高关联(整篇WPS),0.8135,1.0,
wp;s wps,WPS综合,品牌直达,通用,WPS综合·品牌直达·通用,高关联(整篇WPS),0.8135,1.0,
WPS Office在线,云文档/在线,品牌直达,通用,云文档/在线·品牌直达·通用,高关联(整篇WPS),0.4399,1.0,
wps word文档官網,Word,品牌直达,通用,Word·品牌直达·通用,高关联(整篇WPS),0.4224,1.0,
wPS\,WPS综合,品牌直达,通用,WPS综合·品牌直达·通用,高关联(整篇WPS),0.8135,1.0,
wps在线登录入口,云文档/在线,品牌直达,通用,云文档/在线·品牌直达·通用,高关联(整篇WPS),0.4399,1.0,
wps无广告纯净版,WPS综合,品牌直达,通用,WPS综合·品牌直达·通用,高关联(整篇WPS),0.8135,1.0,
WPS>CN,WPS综合,品牌直达,通用,WPS综合·品牌直达·通用,高关联(整篇WPS),0.8135,1.0,
Wps64位,WPS综合,品牌直达,通用,WPS综合·品牌直达·通用,高关联(整篇WPS),0.8135,1.0,
wps windows xp,WPS综合,品牌直达,通用,WPS综合·品牌直达·通用,高关联(整篇WPS),0.8135,1.0,
wps1在线,云文档/在线,品牌直达,通用,云文档/在线·品牌直达·通用,高关联(整篇WPS),0.4399,1.0,
WOR/WPS,WPS综合,品牌直达,通用,WPS综合·品牌直达·通用,高关联(整篇WPS),0.8135,1.0,
WPS多人协作,云文档/在线,教程操作,通用,云文档/在线·教程操作·通用,中关联(通用+WPS章节),0.4399,1.0,
wps ppt软件,PPT,品牌直达,通用,PPT·品牌直达·通用,高关联(整篇WPS),1.0,1.0,
wps#,WPS综合,品牌直达,通用,WPS综合·品牌直达·通用,高关联(整篇WPS),0.8135,1.0,
wps ofd插件,WPS综合,品牌直达,通用,WPS综合·品牌直达·通用,高关联(整篇WPS),0.8135,1.0,
wps 工作,WPS综合,品牌直达,通用,WPS综合·品牌直达·通用,高关联(整篇WPS),0.8135,1.0,
wpsoffice网页,Office通用,品牌直达,通用,Office通用·品牌直达·通用,高关联(整篇WPS),0.857,1.0,
WPSoffice管网,Office通用,品牌直达,通用,Office通用·品牌直达·通用,高关联(整篇WPS),0.857,1.0,
WPS 最新版本,WPS综合,下载安装,通用,WPS综合·下载安装·通用,高关联(整篇WPS),0.8135,1.0,
wps arm64版本,WPS综合,品牌直达,通用,WPS综合·品牌直达·通用,高关联(整篇WPS),0.8135,1.0,
wps word在线,Word,品牌直达,通用,Word·品牌直达·通用,高关联(整篇WPS),0.4224,1.0,
WPS2025政府版,WPS综合,品牌直达,通用,WPS综合·品牌直达·通用,高关联(整篇WPS),0.8135,1.0,
在线WPS编辑,云文档/在线,教程操作,通用,云文档/在线·教程操作·通用,中关联(通用+WPS章节),0.4399,1.0,
wps哪一年的最好用,WPS综合,品牌直达,通用,WPS综合·品牌直达·通用,高关联(整篇WPS),0.8135,1.0,
xianshangwps,WPS综合,品牌直达,通用,WPS综合·品牌直达·通用,高关联(整篇WPS),0.8135,1.0,
Offices wps,Office通用,品牌直达,通用,Office通用·品牌直达·通用,高关联(整篇WPS),0.857,1.0,
在线WPS excel,Excel,品牌直达,通用,Excel·品牌直达·通用,高关联(整篇WPS),0.274,1.0,
wps offic2019,WPS综合,品牌直达,通用,WPS综合·品牌直达·通用,高关联(整篇WPS),0.8135,1.0,
https://wps-office.com.cn,Office通用,品牌直达,通用,Office通用·品牌直达·通用,高关联(整篇WPS),0.857,1.0,
wps 最新版,WPS综合,下载安装,通用,WPS综合·下载安装·通用,高关联(整篇WPS),0.8135,1.0,
WPS 网页端,WPS综合,品牌直达,通用,WPS综合·品牌直达·通用,高关联(整篇WPS),0.8135,1.0,
wps软件apk,WPS综合,品牌直达,通用,WPS综合·品牌直达·通用,高关联(整篇WPS),0.8135,1.0,
wpsooffice,Office通用,品牌直达,通用,Office通用·品牌直达·通用,高关联(整篇WPS),0.857,1.0,
WPs office,Office通用,品牌直达,通用,Office通用·品牌直达·通用,高关联(整篇WPS),0.857,69450.0,
www.wps.cn金山办公,WPS综合,品牌直达,通用,WPS综合·品牌直达·通用,高关联(整篇WPS),0.8135,1.0,
www.wps.on,WPS综合,品牌直达,通用,WPS综合·品牌直达·通用,高关联(整篇WPS),0.8135,1.0,
wps压缩,WPS综合,教程操作,通用,WPS综合·教程操作·通用,中关联(通用+WPS章节),0.8135,1.0,
灵犀wps,WPS AI,AI认知,通用,WPS AI·AI认知·通用,中关联(通用+WPS章节),0.0,1.0,
路WPS,WPS综合,品牌直达,通用,WPS综合·品牌直达·通用,高关联(整篇WPS),0.8135,1.0,
wps-cn,WPS综合,品牌直达,通用,WPS综合·品牌直达·通用,高关联(整篇WPS),0.8135,1.0,
www.wps.cn.wps,WPS综合,品牌直达,通用,WPS综合·品牌直达·通用,高关联(整篇WPS),0.8135,1.0,
WPS Office 个人版本,Office通用,品牌直达,通用,Office通用·品牌直达·通用,高关联(整篇WPS),0.857,1.0,
wps桌面整理,WPS综合,品牌直达,通用,WPS综合·品牌直达·通用,高关联(整篇WPS),0.8135,1.0,
wps精简版电脑,WPS综合,品牌直达,通用,WPS综合·品牌直达·通用,高关联(整篇WPS),0.8135,1.0,
wps tv,WPS综合,品牌直达,通用,WPS综合·品牌直达·通用,高关联(整篇WPS),0.8135,1.0,
wps +,WPS综合,品牌直达,通用,WPS综合·品牌直达·通用,高关联(整篇WPS),0.8135,1.0,
wps专业版vba,WPS综合,教程操作,vba,WPS综合·教程操作·vba,中关联(通用+WPS章节),0.8135,1.0,
www.WPS .com,WPS综合,品牌直达,通用,WPS综合·品牌直达·通用,高关联(整篇WPS),0.8135,1.0,
WpsOffice,Office通用,品牌直达,通用,Office通用·品牌直达·通用,高关联(整篇WPS),0.857,9051.0,
WPSZUIXIN,WPS综合,品牌直达,通用,WPS综合·品牌直达·通用,高关联(整篇WPS),0.8135,1.0,
WPS win11,WPS综合,品牌直达,通用,WPS综合·品牌直达·通用,高关联(整篇WPS),0.8135,1.0,
wpswin8.1,WPS综合,品牌直达,通用,WPS综合·品牌直达·通用,高关联(整篇WPS),0.8135,1.0,
wps文件,WPS综合,品牌直达,通用,WPS综合·品牌直达·通用,高关联(整篇WPS),0.8135,129.0,
办公软件wps office,Office通用,品牌直达,通用,Office通用·品牌直达·通用,高关联(整篇WPS),0.857,1.0,
(https://www.wps.cn/,WPS综合,品牌直达,通用,WPS综合·品牌直达·通用,高关联(整篇WPS),0.8135,1.0,
wps office单机版,Office通用,品牌直达,通用,Office通用·品牌直达·通用,高关联(整篇WPS),0.857,1.0,
鈥學PS Office WPS,Office通用,品牌直达,通用,Office通用·品牌直达·通用,高关联(整篇WPS),0.857,1.0,
qWPS,WPS综合,品牌直达,通用,WPS综合·品牌直达·通用,高关联(整篇WPS),0.8135,1.0,
0WPS,WPS综合,品牌直达,通用,WPS综合·品牌直达·通用,高关联(整篇WPS),0.8135,1.0,
wps 2025,WPS综合,品牌直达,通用,WPS综合·品牌直达·通用,高关联(整篇WPS),0.8135,1.0,
wps w,WPS综合,品牌直达,通用,WPS综合·品牌直达·通用,高关联(整篇WPS),0.8135,1.0,
WPS 管网,WPS综合,品牌直达,通用,WPS综合·品牌直达·通用,高关联(整篇WPS),0.8135,1.0,
WPS W,WPS综合,品牌直达,通用,WPS综合·品牌直达·通用,高关联(整篇WPS),0.8135,1.0,
WPS软件最新,WPS综合,品牌直达,通用,WPS综合·品牌直达·通用,高关联(整篇WPS),0.8135,1.0,
excel wps在线,Excel,品牌直达,通用,Excel·品牌直达·通用,高关联(整篇WPS),0.274,1.0,
金山wps版本,WPS综合,品牌直达,通用,WPS综合·品牌直达·通用,高关联(整篇WPS),0.8135,1.0,
wpsguangwang,WPS综合,品牌直达,通用,WPS综合·品牌直达·通用,高关联(整篇WPS),0.8135,1.0,
wps outlook,WPS综合,品牌直达,通用,WPS综合·品牌直达·通用,高关联(整篇WPS),0.8135,1.0,
work.wps.cn,WPS综合,品牌直达,通用,WPS综合·品牌直达·通用,高关联(整篇WPS),0.8135,1.0,
plus.wps.cn,WPS综合,品牌直达,通用,WPS综合·品牌直达·通用,高关联(整篇WPS),0.8135,1.0,
wpsofficepc版,Office通用,品牌直达,通用,Office通用·品牌直达·通用,高关联(整篇WPS),0.857,1.0,
wps在线网页版登录,云文档/在线,品牌直达,通用,云文档/在线·品牌直达·通用,高关联(整篇WPS),0.4399,1.0,
wps64版本,WPS综合,品牌直达,通用,WPS综合·品牌直达·通用,高关联(整篇WPS),0.8135,1.0,
wps offica,WPS综合,品牌直达,通用,WPS综合·品牌直达·通用,高关联(整篇WPS),0.8135,1.0,
mo.wps.cn,WPS综合,品牌直达,通用,WPS综合·品牌直达·通用,高关联(整篇WPS),0.8135,1.0,
wps ofice,WPS综合,品牌直达,通用,WPS综合·品牌直达·通用,高关联(整篇WPS),0.8135,1.0,
wps人工,WPS综合,品牌直达,通用,WPS综合·品牌直达·通用,高关联(整篇WPS),0.8135,1.0,
wps老版,WPS综合,品牌直达,通用,WPS综合·品牌直达·通用,高关联(整篇WPS),0.8135,1.0,
office办公软件WPS,Office通用,品牌直达,通用,Office通用·品牌直达·通用,高关联(整篇WPS),0.857,1.0,
WPS OFFICE 客户端首页,Office通用,品牌直达,通用,Office通用·品牌直达·通用,高关联(整篇WPS),0.857,1.0,
WPS版本,WPS综合,品牌直达,通用,WPS综合·品牌直达·通用,高关联(整篇WPS),0.8135,17468.0,
wps电脑网页版登录入口,云文档/在线,品牌直达,通用,云文档/在线·品牌直达·通用,高关联(整篇WPS),0.4399,1.0,
教师wps,WPS综合,品牌直达,通用,WPS综合·品牌直达·通用,高关联(整篇WPS),0.8135,1.0,
WPS在线登录入口,云文档/在线,品牌直达,通用,云文档/在线·品牌直达·通用,高关联(整篇WPS),0.4399,1.0,
金山WPS流式软件,WPS综合,品牌直达,通用,WPS综合·品牌直达·通用,高关联(整篇WPS),0.8135,1.0,
wps在线打开文档,云文档/在线,品牌直达,通用,云文档/在线·品牌直达·通用,高关联(整篇WPS),0.4399,1.0,
wps2019银河麒麟版,WPS综合,品牌直达,通用,WPS综合·品牌直达·通用,高关联(整篇WPS),0.8135,1.0,
wps professional,WPS综合,品牌直达,通用,WPS综合·品牌直达·通用,高关联(整篇WPS),0.8135,1.0,
WPS365.,WPS综合,品牌直达,通用,WPS综合·品牌直达·通用,高关联(整篇WPS),0.8135,1.0,
wPS2023,WPS综合,品牌直达,通用,WPS综合·品牌直达·通用,高关联(整篇WPS),0.8135,1.0,
wps.COM,WPS综合,品牌直达,通用,WPS综合·品牌直达·通用,高关联(整篇WPS),0.8135,6450.0,
WPS浏览器助手,WPS AI,AI认知,通用,WPS AI·AI认知·通用,中关联(通用+WPS章节),0.0,1.0,
WPS XP,WPS综合,品牌直达,通用,WPS综合·品牌直达·通用,高关联(整篇WPS),0.8135,1.0,
wps图片应用,WPS综合,教程操作,通用,WPS综合·教程操作·通用,中关联(通用+WPS章节),0.8135,1.0,
wps网盘网页版,云文档/在线,品牌直达,通用,云文档/在线·品牌直达·通用,高关联(整篇WPS),0.4399,1.0,
wps国产版本,WPS综合,品牌直达,通用,WPS综合·品牌直达·通用,高关联(整篇WPS),0.8135,1.0,
wps2019个人版,WPS综合,品牌直达,通用,WPS综合·品牌直达·通用,高关联(整篇WPS),0.8135,1.0,
wps pc网页版,云文档/在线,品牌直达,通用,云文档/在线·品牌直达·通用,高关联(整篇WPS),0.4399,1.0,
WPS最新绿色版,下载/安装,下载安装,通用,下载/安装·下载安装·通用,高关联(整篇WPS),0.0,1.0,
WPS WPS文档,WPS综合,品牌直达,通用,WPS综合·品牌直达·通用,高关联(整篇WPS),0.8135,1.0,
WPS云盘客户端,WPS综合,品牌直达,通用,WPS综合·品牌直达·通用,高关联(整篇WPS),0.8135,1.0,
wpsexcel软件,Excel,品牌直达,通用,Excel·品牌直达·通用,高关联(整篇WPS),0.274,1.0,
金山wps 64位,WPS综合,品牌直达,通用,WPS综合·品牌直达·通用,高关联(整篇WPS),0.8135,1.0,
wps升级64位,WPS综合,品牌直达,通用,WPS综合·品牌直达·通用,高关联(整篇WPS),0.8135,1.0,
wps 在线ppt,PPT,品牌直达,通用,PPT·品牌直达·通用,高关联(整篇WPS),1.0,1.0,
word网页版wps,Word,品牌直达,通用,Word·品牌直达·通用,高关联(整篇WPS),0.4224,1.0,
32位版本的WPS,WPS综合,品牌直达,通用,WPS综合·品牌直达·通用,高关联(整篇WPS),0.8135,1.0,
wps officePC,Office通用,品牌直达,通用,Office通用·品牌直达·通用,高关联(整篇WPS),0.857,1.0,
wpsoffice2026,Office通用,品牌直达,通用,Office通用·品牌直达·通用,高关联(整篇WPS),0.857,1.0,
wps宏插件,WPS综合,教程操作,宏,WPS综合·教程操作·宏,中关联(通用+WPS章节),0.8135,1.0,
wps国产版,WPS综合,品牌直达,通用,WPS综合·品牌直达·通用,高关联(整篇WPS),0.8135,1.0,
wpsppt协作,PPT,教程操作,通用,PPT·教程操作·通用,中关联(通用+WPS章节),1.0,1.0,
WPS-Office,Office通用,品牌直达,通用,Office通用·品牌直达·通用,高关联(整篇WPS),0.857,1.0,
WPS Oddice,WPS综合,品牌直达,通用,WPS综合·品牌直达·通用,高关联(整篇WPS),0.8135,1.0,
金山wpsoffice网页版,云文档/在线,品牌直达,通用,云文档/在线·品牌直达·通用,高关联(整篇WPS),0.4399,1.0,
http://www.wpsoffic.com/,WPS综合,品牌直达,通用,WPS综合·品牌直达·通用,高关联(整篇WPS),0.8135,1.0,
https://www.wps.cn/WPS,WPS综合,品牌直达,通用,WPS综合·品牌直达·通用,高关联(整篇WPS),0.8135,1.0,
wps下載,WPS综合,品牌直达,通用,WPS综合·品牌直达·通用,高关联(整篇WPS),0.8135,1.0,
wps社区,WPS综合,品牌直达,通用,WPS综合·品牌直达·通用,高关联(整篇WPS),0.8135,1.0,
wps網頁,WPS综合,品牌直达,通用,WPS综合·品牌直达·通用,高关联(整篇WPS),0.8135,1.0,
WPS公网,WPS综合,品牌直达,通用,WPS综合·品牌直达·通用,高关联(整篇WPS),0.8135,1.0,
wps officeguanwang,Office通用,品牌直达,通用,Office通用·品牌直达·通用,高关联(整篇WPS),0.857,1.0,
ww.wps,WPS综合,品牌直达,通用,WPS综合·品牌直达·通用,高关联(整篇WPS),0.8135,1.0,
】wps,WPS综合,品牌直达,通用,WPS综合·品牌直达·通用,高关联(整篇WPS),0.8135,1.0,
wps 64位beta版本,WPS综合,品牌直达,通用,WPS综合·品牌直达·通用,高关联(整篇WPS),0.8135,1.0,
WPSXP版,WPS综合,品牌直达,通用,WPS综合·品牌直达·通用,高关联(整篇WPS),0.8135,1.0,
wpsWPS,WPS综合,品牌直达,通用,WPS综合·品牌直达·通用,高关联(整篇WPS),0.8135,127.0,
:WPS,WPS综合,品牌直达,通用,WPS综合·品牌直达·通用,高关联(整篇WPS),0.8135,1.0,
WPS Office 在线,云文档/在线,品牌直达,通用,云文档/在线·品牌直达·通用,高关联(整篇WPS),0.4399,1.0,
wps方正小标宋简体,WPS综合,品牌直达,通用,WPS综合·品牌直达·通用,高关联(整篇WPS),0.8135,1.0,
ps://www.wps.cn/,WPS综合,品牌直达,通用,WPS综合·品牌直达·通用,高关联(整篇WPS),0.8135,1.0,
金山 wps office,Office通用,品牌直达,通用,Office通用·品牌直达·通用,高关联(整篇WPS),0.857,1.0,
wps.365,WPS综合,品牌直达,通用,WPS综合·品牌直达·通用,高关联(整篇WPS),0.8135,1.0,
WPS.,WPS综合,品牌直达,通用,WPS综合·品牌直达·通用,高关联(整篇WPS),0.8135,69286.0,
http://wps..cn,WPS综合,品牌直达,通用,WPS综合·品牌直达·通用,高关联(整篇WPS),0.8135,1.0,
wps个人完整版,WPS综合,品牌直达,通用,WPS综合·品牌直达·通用,高关联(整篇WPS),0.8135,1.0,
wps在线服务,云文档/在线,品牌直达,通用,云文档/在线·品牌直达·通用,高关联(整篇WPS),0.4399,1.0,
wps 3654,WPS综合,品牌直达,通用,WPS综合·品牌直达·通用,高关联(整篇WPS),0.8135,1.0,
wps网页版ppt,PPT,品牌直达,通用,PPT·品牌直达·通用,高关联(整篇WPS),1.0,1.0,
WPSWANGZHAN,WPS综合,品牌直达,通用,WPS综合·品牌直达·通用,高关联(整篇WPS),0.8135,1.0,
wps官司网,WPS综合,品牌直达,通用,WPS综合·品牌直达·通用,高关联(整篇WPS),0.8135,1.0,
WPS的在线,云文档/在线,品牌直达,通用,云文档/在线·品牌直达·通用,高关联(整篇WPS),0.4399,1.0,
WPS绿色版,下载/安装,下载安装,通用,下载/安装·下载安装·通用,高关联(整篇WPS),0.0,1.0,
wps office 在线的,云文档/在线,品牌直达,通用,云文档/在线·品牌直达·通用,高关联(整篇WPS),0.4399,1.0,
WPS+Office,Office通用,品牌直达,通用,Office通用·品牌直达·通用,高关联(整篇WPS),0.857,58.0,
WPS comate,WPS综合,品牌直达,通用,WPS综合·品牌直达·通用,高关联(整篇WPS),0.8135,1.0,
WPS EXCEL,Excel,品牌直达,通用,Excel·品牌直达·通用,高关联(整篇WPS),0.274,1.0,
wpscom,WPS综合,品牌直达,通用,WPS综合·品牌直达·通用,高关联(整篇WPS),0.8135,1.0,
www.wps.coom,WPS综合,品牌直达,通用,WPS综合·品牌直达·通用,高关联(整篇WPS),0.8135,1.0,
wpsoffce软件,WPS综合,品牌直达,通用,WPS综合·品牌直达·通用,高关联(整篇WPS),0.8135,1.0,
wps word表格,Excel,品牌直达,表格,Excel·品牌直达·表格,高关联(整篇WPS),0.274,1.0,
办公软件 wps,Office通用,品牌直达,通用,Office通用·品牌直达·通用,高关联(整篇WPS),0.857,1.0,
wpsoffice网页版登录,云文档/在线,品牌直达,通用,云文档/在线·品牌直达·通用,高关联(整篇WPS),0.4399,1.0,
百度一下 wps,WPS综合,品牌直达,通用,WPS综合·品牌直达·通用,高关联(整篇WPS),0.8135,1.0,
wps应用中心 电脑端,WPS综合,品牌直达,通用,WPS综合·品牌直达·通用,高关联(整篇WPS),0.8135,1.0,
wps 新版,WPS综合,品牌直达,通用,WPS综合·品牌直达·通用,高关联(整篇WPS),0.8135,0.0,
金山pdf专业版,PDF,品牌直达,通用,PDF·品牌直达·通用,高关联(整篇WPS),0.2212,0.0,
excel办公软件,Excel,品牌直达,通用,Excel·品牌直达·通用,高关联(整篇WPS),0.274,0.0,
金山pdf阅读器,PDF,品牌直达,通用,PDF·品牌直达·通用,高关联(整篇WPS),0.2212,0.0,
金山pdf独立版,PDF,品牌直达,通用,PDF·品牌直达·通用,高关联(整篇WPS),0.2212,0.0,
wps转化为word,Word,品牌直达,通用,Word·品牌直达·通用,高关联(整篇WPS),0.4224,0.0,
wps压缩pdf文件大小,PDF,教程操作,通用,PDF·教程操作·通用,中关联(通用+WPS章节),0.2212,0.0,
word办公软件,Word,品牌直达,通用,Word·品牌直达·通用,高关联(整篇WPS),0.4224,0.0,
wps的excel,Excel,品牌直达,通用,Excel·品牌直达·通用,高关联(整篇WPS),0.274,0.0,
wps的ppt,PPT,品牌直达,通用,PPT·品牌直达·通用,高关联(整篇WPS),1.0,0.0,
wps的pdf,PDF,品牌直达,通用,PDF·品牌直达·通用,高关联(整篇WPS),0.2212,0.0,
wps中excel,Excel,品牌直达,通用,Excel·品牌直达·通用,高关联(整篇WPS),0.274,0.0,
wps中的excel,Excel,品牌直达,通用,Excel·品牌直达·通用,高关联(整篇WPS),0.274,0.0,
wps的word文档,Word,品牌直达,通用,Word·品牌直达·通用,高关联(整篇WPS),0.4224,0.0,
金山pdf,PDF,品牌直达,通用,PDF·品牌直达·通用,高关联(整篇WPS),0.2212,0.0,
w'p's,WPS综合,品牌直达,通用,WPS综合·品牌直达·通用,高关联(整篇WPS),0.8135,769.0,
wsp官网,其他/泛,品牌直达,通用,其他/泛·品牌直达·通用,高关联(整篇WPS),0.0,115.0,
waps office,Office通用,品牌直达,通用,Office通用·品牌直达·通用,高关联(整篇WPS),0.857,54.0,
WSP官网,其他/泛,品牌直达,通用,其他/泛·品牌直达·通用,高关联(整篇WPS),0.0,37.0,
wp's,WPS综合,品牌直达,通用,WPS综合·品牌直达·通用,高关联(整篇WPS),0.8135,34.0,
WSP官方,其他/泛,品牌直达,通用,其他/泛·品牌直达·通用,低关联(方法论轻带),0.0,34.0,
wsp office,Office通用,品牌直达,通用,Office通用·品牌直达·通用,高关联(整篇WPS),0.857,33.0,
鈥學PS Office,Office通用,品牌直达,通用,Office通用·品牌直达·通用,高关联(整篇WPS),0.857,29.0,
w'ps,WPS综合,品牌直达,通用,WPS综合·品牌直达·通用,高关联(整篇WPS),0.8135,27.0,
wspoffice,Office通用,品牌直达,通用,Office通用·品牌直达·通用,高关联(整篇WPS),0.857,25.0,
wpd官网网站入口,其他/泛,品牌直达,通用,其他/泛·品牌直达·通用,高关联(整篇WPS),0.0,16.0,
w'pso'f'fi'ce,Office通用,品牌直达,通用,Office通用·品牌直达·通用,高关联(整篇WPS),0.857,15.0,
wsp网页版,云文档/在线,品牌直达,通用,云文档/在线·品牌直达·通用,低关联(方法论轻带),0.4399,15.0,
wp;s,WPS综合,品牌直达,通用,WPS综合·品牌直达·通用,高关联(整篇WPS),0.8135,9.0,
w'p's官网,WPS综合,品牌直达,通用,WPS综合·品牌直达·通用,高关联(整篇WPS),0.8135,7.0,
wsp官方,其他/泛,品牌直达,通用,其他/泛·品牌直达·通用,低关联(方法论轻带),0.0,6.0,
waps office官网,Office通用,品牌直达,通用,Office通用·品牌直达·通用,高关联(整篇WPS),0.857,6.0,
wpp网页版,云文档/在线,品牌直达,通用,云文档/在线·品牌直达·通用,低关联(方法论轻带),0.4399,5.0,
wpx官网,其他/泛,品牌直达,通用,其他/泛·品牌直达·通用,高关联(整篇WPS),0.0,5.0,
wap office,Office通用,品牌直达,通用,Office通用·品牌直达·通用,高关联(整篇WPS),0.857,5.0,
w\ps,WPS综合,品牌直达,通用,WPS综合·品牌直达·通用,高关联(整篇WPS),0.8135,4.0,
WP[S,WPS综合,品牌直达,通用,WPS综合·品牌直达·通用,高关联(整篇WPS),0.8135,4.0,
wp[s,WPS综合,品牌直达,通用,WPS综合·品牌直达·通用,高关联(整篇WPS),0.8135,3.0,
wpd官网入口,其他/泛,品牌直达,通用,其他/泛·品牌直达·通用,高关联(整篇WPS),0.0,3.0,
wbs office,Office通用,品牌直达,通用,Office通用·品牌直达·通用,高关联(整篇WPS),0.857,3.0,
在线office,云文档/在线,品牌直达,通用,云文档/在线·品牌直达·通用,高关联(整篇WPS),0.4399,2.0,
w.p.s.,WPS综合,品牌直达,通用,WPS综合·品牌直达·通用,高关联(整篇WPS),0.8135,2.0,
WSP 编辑版,其他/泛,教程操作,通用,其他/泛·教程操作·通用,中关联(通用+WPS章节),0.0,2.0,
www.ps.cn,WPS综合,品牌直达,通用,WPS综合·品牌直达·通用,高关联(整篇WPS),0.8135,2.0,
woffice,Office通用,品牌直达,通用,Office通用·品牌直达·通用,高关联(整篇WPS),0.857,2.0,
W'p's,WPS综合,品牌直达,通用,WPS综合·品牌直达·通用,高关联(整篇WPS),0.8135,2.0,
W\PS,WPS综合,品牌直达,通用,WPS综合·品牌直达·通用,高关联(整篇WPS),0.8135,2.0,
WPD网页版,云文档/在线,品牌直达,通用,云文档/在线·品牌直达·通用,低关联(方法论轻带),0.4399,2.0,
Wp's,WPS综合,品牌直达,通用,WPS综合·品牌直达·通用,高关联(整篇WPS),0.8135,2.0,
waps官网,其他/泛,品牌直达,通用,其他/泛·品牌直达·通用,高关联(整篇WPS),0.0,2.0,
wspoffice官网,Office通用,品牌直达,通用,Office通用·品牌直达·通用,高关联(整篇WPS),0.857,2.0,
wpd网页版,云文档/在线,品牌直达,通用,云文档/在线·品牌直达·通用,低关联(方法论轻带),0.4399,2.0,
WP\S,WPS综合,品牌直达,通用,WPS综合·品牌直达·通用,高关联(整篇WPS),0.8135,2.0,
wpd网页版入口,云文档/在线,品牌直达,通用,云文档/在线·品牌直达·通用,低关联(方法论轻带),0.4399,2.0,
ｗｐｓ官网,其他/泛,品牌直达,通用,其他/泛·品牌直达·通用,高关联(整篇WPS),0.0,2.0,
wsp office官网,Office通用,品牌直达,通用,Office通用·品牌直达·通用,高关联(整篇WPS),0.857,2.0,
pws office,Office通用,品牌直达,通用,Office通用·品牌直达·通用,高关联(整篇WPS),0.857,2.0,
WAP office,Office通用,品牌直达,通用,Office通用·品牌直达·通用,高关联(整篇WPS),0.857,2.0,
W.P.S,WPS综合,品牌直达,通用,WPS综合·品牌直达·通用,高关联(整篇WPS),0.8135,2.0,
wsp 官网,其他/泛,品牌直达,通用,其他/泛·品牌直达·通用,高关联(整篇WPS),0.0,2.0,
WPX官网,其他/泛,品牌直达,通用,其他/泛·品牌直达·通用,高关联(整篇WPS),0.0,1.0,
waps网页,其他/泛,品牌直达,通用,其他/泛·品牌直达·通用,低关联(方法论轻带),0.0,1.0,
Wpoffice,Office通用,品牌直达,通用,Office通用·品牌直达·通用,高关联(整篇WPS),0.857,1.0,
w.p.s,WPS综合,品牌直达,通用,WPS综合·品牌直达·通用,高关联(整篇WPS),0.8135,1.0,
Office网页版,云文档/在线,品牌直达,通用,云文档/在线·品牌直达·通用,高关联(整篇WPS),0.4399,1.0,
WPD Office,Office通用,品牌直达,通用,Office通用·品牌直达·通用,高关联(整篇WPS),0.857,1.0,
在线office打开,云文档/在线,品牌直达,通用,云文档/在线·品牌直达·通用,高关联(整篇WPS),0.4399,1.0,
WSoffice,Office通用,品牌直达,通用,Office通用·品牌直达·通用,高关联(整篇WPS),0.857,1.0,
轻量级office软件,Office通用,品牌直达,通用,Office通用·品牌直达·通用,高关联(整篇WPS),0.857,1.0,
wspoffice官方网站,Office通用,品牌直达,通用,Office通用·品牌直达·通用,高关联(整篇WPS),0.857,1.0,
wsp官网登录入口,其他/泛,品牌直达,通用,其他/泛·品牌直达·通用,高关联(整篇WPS),0.0,1.0,
office官网wp,Office通用,品牌直达,通用,Office通用·品牌直达·通用,高关联(整篇WPS),0.857,1.0,
WPD 网页版,云文档/在线,品牌直达,通用,云文档/在线·品牌直达·通用,低关联(方法论轻带),0.4399,1.0,
wsp officeguanwang,Office通用,品牌直达,通用,Office通用·品牌直达·通用,高关联(整篇WPS),0.857,1.0,
WSP 官网,其他/泛,品牌直达,通用,其他/泛·品牌直达·通用,高关联(整篇WPS),0.0,1.0,
鈥學PSOffice,Office通用,品牌直达,通用,Office通用·品牌直达·通用,高关联(整篇WPS),0.857,1.0,
WPC OFFICE,Office通用,品牌直达,通用,Office通用·品牌直达·通用,高关联(整篇WPS),0.857,1.0,
wpc office官网,Office通用,品牌直达,通用,Office通用·品牌直达·通用,高关联(整篇WPS),0.857,1.0,
wap office官网,Office通用,品牌直达,通用,Office通用·品牌直达·通用,高关联(整篇WPS),0.857,1.0,
wsoffice,Office通用,品牌直达,通用,Office通用·品牌直达·通用,高关联(整篇WPS),0.857,1.0,
wbs OFFICE,Office通用,品牌直达,通用,Office通用·品牌直达·通用,高关联(整篇WPS),0.857,1.0,
WSp官方,其他/泛,品牌直达,通用,其他/泛·品牌直达·通用,低关联(方法论轻带),0.0,1.0,
w\PS,WPS综合,品牌直达,通用,WPS综合·品牌直达·通用,高关联(整篇WPS),0.8135,1.0,
w'p's网页版,云文档/在线,品牌直达,通用,云文档/在线·品牌直达·通用,高关联(整篇WPS),0.4399,1.0,
w'p'soffice,Office通用,品牌直达,通用,Office通用·品牌直达·通用,高关联(整篇WPS),0.857,1.0,
Wpc office,Office通用,品牌直达,通用,Office通用·品牌直达·通用,高关联(整篇WPS),0.857,1.0,
WSPoffice,Office通用,品牌直达,通用,Office通用·品牌直达·通用,高关联(整篇WPS),0.857,1.0,
WOS office,Office通用,品牌直达,通用,Office通用·品牌直达·通用,高关联(整篇WPS),0.857,1.0,
WPC office,Office通用,品牌直达,通用,Office通用·品牌直达·通用,高关联(整篇WPS),0.857,1.0,
wap office官方,Office通用,品牌直达,通用,Office通用·品牌直达·通用,高关联(整篇WPS),0.857,1.0,
wsp学堂官网,其他/泛,品牌直达,通用,其他/泛·品牌直达·通用,高关联(整篇WPS),0.0,1.0,
网上编辑w'p's,WPS综合,教程操作,通用,WPS综合·教程操作·通用,中关联(通用+WPS章节),0.8135,1.0,
wsp office 网络版,Office通用,品牌直达,通用,Office通用·品牌直达·通用,高关联(整篇WPS),0.857,1.0,
wops office,Office通用,品牌直达,通用,Office通用·品牌直达·通用,高关联(整篇WPS),0.857,1.0,
Wspoffice,Office通用,品牌直达,通用,Office通用·品牌直达·通用,高关联(整篇WPS),0.857,1.0,
wbsoffice,Office通用,品牌直达,通用,Office通用·品牌直达·通用,高关联(整篇WPS),0.857,1.0,
WSP网页版,云文档/在线,品牌直达,通用,云文档/在线·品牌直达·通用,低关联(方法论轻带),0.4399,1.0,
ＷＰＳ官网２０２３版,其他/泛,品牌直达,通用,其他/泛·品牌直达·通用,高关联(整篇WPS),0.0,1.0,
wp\s,WPS综合,品牌直达,通用,WPS综合·品牌直达·通用,高关联(整篇WPS),0.8135,1.0,
WSP office,Office通用,品牌直达,通用,Office通用·品牌直达·通用,高关联(整篇WPS),0.857,1.0,
wsp官方网站,其他/泛,品牌直达,通用,其他/泛·品牌直达·通用,低关联(方法论轻带),0.0,1.0,
wapoffice官网,Office通用,品牌直达,通用,Office通用·品牌直达·通用,高关联(整篇WPS),0.857,1.0,
WSPOffice,Office通用,品牌直达,通用,Office通用·品牌直达·通用,高关联(整篇WPS),0.857,1.0,
wpx office,Office通用,品牌直达,通用,Office通用·品牌直达·通用,高关联(整篇WPS),0.857,1.0,
wpd office,Office通用,品牌直达,通用,Office通用·品牌直达·通用,高关联(整篇WPS),0.857,1.0,
wsp线上,其他/泛,品牌直达,通用,其他/泛·品牌直达·通用,低关联(方法论轻带),0.0,1.0,
W PS office.,Office通用,品牌直达,通用,Office通用·品牌直达·通用,高关联(整篇WPS),0.857,1.0,
w'pso'f'f'ce,WPS综合,品牌直达,通用,WPS综合·品牌直达·通用,高关联(整篇WPS),0.8135,1.0,
WTSoffice,Office通用,品牌直达,通用,Office通用·品牌直达·通用,高关联(整篇WPS),0.857,1.0,
在线office编辑,云文档/在线,教程操作,通用,云文档/在线·教程操作·通用,中关联(通用+WPS章节),0.4399,1.0,
wsp 在线版,云文档/在线,品牌直达,通用,云文档/在线·品牌直达·通用,低关联(方法论轻带),0.4399,1.0,
wsp365官网,其他/泛,品牌直达,通用,其他/泛·品牌直达·通用,高关联(整篇WPS),0.0,1.0,
w.ps,WPS综合,品牌直达,通用,WPS综合·品牌直达·通用,高关联(整篇WPS),0.8135,1.0,
WPS官网,WPS综合,品牌直达,通用,WPS综合·品牌直达·通用,高关联(整篇WPS),0.8135,4304.0,S
WPS官网下载,下载/安装,下载安装,下载,下载/安装·下载安装·下载,高关联(整篇WPS),0.0,213.0,S
WPS Office下载,Office通用,下载安装,下载,Office通用·下载安装·下载,高关联(整篇WPS),0.857,29108.0,S
WPS正版下载,下载/安装,下载安装,下载,下载/安装·下载安装·下载,高关联(整篇WPS),0.0,8393.0,S
WPS安卓版下载,下载/安装,下载安装,下载,下载/安装·下载安装·下载,高关联(整篇WPS),0.0,297.0,A
WPS官方下载电脑版,下载/安装,下载安装,下载,下载/安装·下载安装·下载,高关联(整篇WPS),0.0,0.0,S
WPS下载手机版,下载/安装,下载安装,下载,下载/安装·下载安装·下载,高关联(整篇WPS),0.0,15593.0,S
WPS下载并安装,下载/安装,下载安装,下载,下载/安装·下载安装·下载,高关联(整篇WPS),0.0,9877.0,S
WPS安装包官方下载,下载/安装,下载安装,下载,下载/安装·下载安装·下载,高关联(整篇WPS),0.0,0.0,S
WPS Mac版下载,下载/安装,下载安装,下载,下载/安装·下载安装·下载,高关联(整篇WPS),0.0,0.0,A
WPS仿宋GB2312字体下载,下载/安装,教程操作,下载,下载/安装·教程操作·下载,中关联(通用+WPS章节),0.0,0.0,B
WPS字体库免费下载,下载/安装,教程操作,下载,下载/安装·教程操作·下载,中关联(通用+WPS章节),0.0,0.0,B
WPS字体库官方下载,下载/安装,教程操作,下载,下载/安装·教程操作·下载,中关联(通用+WPS章节),0.0,0.0,C
wps365官网,WPS综合,品牌直达,通用,WPS综合·品牌直达·通用,高关联(整篇WPS),0.8135,11.0,
wps官网,WPS综合,品牌直达,通用,WPS综合·品牌直达·通用,高关联(整篇WPS),0.8135,114357.0,
wps官网首页,WPS综合,品牌直达,通用,WPS综合·品牌直达·通用,高关联(整篇WPS),0.8135,4004.0,
wps官方网站入口,WPS综合,品牌直达,通用,WPS综合·品牌直达·通用,高关联(整篇WPS),0.8135,2183.0,
wps官网网址,WPS综合,品牌直达,通用,WPS综合·品牌直达·通用,高关联(整篇WPS),0.8135,1046.0,
wps office官网,Office通用,品牌直达,通用,Office通用·品牌直达·通用,高关联(整篇WPS),0.857,1470.0,
金山办公官网,WPS综合,品牌直达,通用,WPS综合·品牌直达·通用,高关联(整篇WPS),0.8135,328.0,
wps官网入口,WPS综合,品牌直达,通用,WPS综合·品牌直达·通用,高关联(整篇WPS),0.8135,305.0,
WPS 官网,WPS综合,品牌直达,通用,WPS综合·品牌直达·通用,高关联(整篇WPS),0.8135,1436.0,
wps 官网,WPS综合,品牌直达,通用,WPS综合·品牌直达·通用,高关联(整篇WPS),0.8135,1436.0,
wps官方网站,WPS综合,品牌直达,通用,WPS综合·品牌直达·通用,高关联(整篇WPS),0.8135,152.0,
Wps官网,WPS综合,品牌直达,通用,WPS综合·品牌直达·通用,高关联(整篇WPS),0.8135,145.0,
WPS Office官网,Office通用,品牌直达,通用,Office通用·品牌直达·通用,高关联(整篇WPS),0.857,1470.0,
wps官网首页入口,WPS综合,品牌直达,通用,WPS综合·品牌直达·通用,高关联(整篇WPS),0.8135,122.0,
wps office官方网站,Office通用,品牌直达,通用,Office通用·品牌直达·通用,高关联(整篇WPS),0.857,121.0,
wps官网登录入口,WPS综合,品牌直达,通用,WPS综合·品牌直达·通用,高关联(整篇WPS),0.8135,109.0,
wps office官网首页,Office通用,品牌直达,通用,Office通用·品牌直达·通用,高关联(整篇WPS),0.857,134.0,
www.wps.cn 官网,WPS综合,品牌直达,通用,WPS综合·品牌直达·通用,高关联(整篇WPS),0.8135,102.0,
WPS office官网,Office通用,品牌直达,通用,Office通用·品牌直达·通用,高关联(整篇WPS),0.857,1470.0,
wps官网首页官方入口,WPS综合,品牌直达,通用,WPS综合·品牌直达·通用,高关联(整篇WPS),0.8135,95.0,
WPSOFI官方网站,WPS综合,品牌直达,通用,WPS综合·品牌直达·通用,高关联(整篇WPS),0.8135,94.0,
wps官方,WPS综合,品牌直达,通用,WPS综合·品牌直达·通用,高关联(整篇WPS),0.8135,91.0,
WPS官方网站,WPS综合,品牌直达,通用,WPS综合·品牌直达·通用,高关联(整篇WPS),0.8135,86.0,
WPSOffice官网,Office通用,品牌直达,通用,Office通用·品牌直达·通用,高关联(整篇WPS),0.857,491.0,
金山wps官网首页,WPS综合,品牌直达,通用,WPS综合·品牌直达·通用,高关联(整篇WPS),0.8135,75.0,
金山wps官网,WPS综合,品牌直达,通用,WPS综合·品牌直达·通用,高关联(整篇WPS),0.8135,75.0,
wps office 官网,Office通用,品牌直达,通用,Office通用·品牌直达·通用,高关联(整篇WPS),0.857,154.0,
wps官方官网入口,WPS综合,品牌直达,通用,WPS综合·品牌直达·通用,高关联(整篇WPS),0.8135,52.0,
WPSoffice官网,Office通用,品牌直达,通用,Office通用·品牌直达·通用,高关联(整篇WPS),0.857,491.0,
wps office官方,Office通用,品牌直达,通用,Office通用·品牌直达·通用,高关联(整篇WPS),0.857,47.0,
wpsoffice官网,Office通用,品牌直达,通用,Office通用·品牌直达·通用,高关联(整篇WPS),0.857,491.0,
WPS官方,WPS综合,品牌直达,通用,WPS综合·品牌直达·通用,高关联(整篇WPS),0.8135,42.0,
wpsoffice官网网址,Office通用,品牌直达,通用,Office通用·品牌直达·通用,高关联(整篇WPS),0.857,38.0,
wps官方官网,WPS综合,品牌直达,通用,WPS综合·品牌直达·通用,高关联(整篇WPS),0.8135,33.0,
WPS Office官方网站,Office通用,品牌直达,通用,Office通用·品牌直达·通用,高关联(整篇WPS),0.857,32.0,
wps官方站,WPS综合,品牌直达,通用,WPS综合·品牌直达·通用,高关联(整篇WPS),0.8135,30.0,
wps官方网站入口登录,WPS综合,品牌直达,通用,WPS综合·品牌直达·通用,高关联(整篇WPS),0.8135,30.0,
https www wps cn官网,WPS综合,品牌直达,通用,WPS综合·品牌直达·通用,高关联(整篇WPS),0.8135,30.0,
wps文档官网,WPS综合,品牌直达,通用,WPS综合·品牌直达·通用,高关联(整篇WPS),0.8135,29.0,
WPS Office 官网,Office通用,品牌直达,通用,Office通用·品牌直达·通用,高关联(整篇WPS),0.857,154.0,
wps 官方官网,WPS综合,品牌直达,通用,WPS综合·品牌直达·通用,高关联(整篇WPS),0.8135,25.0,
WPSTV官网,WPS综合,品牌直达,通用,WPS综合·品牌直达·通用,高关联(整篇WPS),0.8135,24.0,
wps官网首页中文版,WPS综合,品牌直达,通用,WPS综合·品牌直达·通用,高关联(整篇WPS),0.8135,23.0,
wps offce官网,WPS综合,品牌直达,通用,WPS综合·品牌直达·通用,高关联(整篇WPS),0.8135,21.0,
金山WPS官网,WPS综合,品牌直达,通用,WPS综合·品牌直达·通用,高关联(整篇WPS),0.8135,20.0,
wps正版官网,WPS综合,品牌直达,通用,WPS综合·品牌直达·通用,高关联(整篇WPS),0.8135,19.0,
金山办公软件官网,Office通用,品牌直达,通用,Office通用·品牌直达·通用,高关联(整篇WPS),0.857,18.0,
WPS官网网址,WPS综合,品牌直达,通用,WPS综合·品牌直达·通用,高关联(整篇WPS),0.8135,17.0,
WPS OFFICE官网,Office通用,品牌直达,通用,Office通用·品牌直达·通用,高关联(整篇WPS),0.857,1470.0,
wpsofi官方网站,WPS综合,品牌直达,通用,WPS综合·品牌直达·通用,高关联(整篇WPS),0.8135,17.0,
WPS官方网站入口,WPS综合,品牌直达,通用,WPS综合·品牌直达·通用,高关联(整篇WPS),0.8135,16.0,
wps官网网站,WPS综合,品牌直达,通用,WPS综合·品牌直达·通用,高关联(整篇WPS),0.8135,16.0,
wps官网首页登录,WPS综合,品牌直达,通用,WPS综合·品牌直达·通用,高关联(整篇WPS),0.8135,15.0,
wpsoffice官方网站,Office通用,品牌直达,通用,Office通用·品牌直达·通用,高关联(整篇WPS),0.857,15.0,
wps网页版入口官网,云文档/在线,品牌直达,通用,云文档/在线·品牌直达·通用,高关联(整篇WPS),0.4399,14.0,
WPS Office 官方网站,Office通用,品牌直达,通用,Office通用·品牌直达·通用,高关联(整篇WPS),0.857,14.0,
wps.cn官网,WPS综合,品牌直达,通用,WPS综合·品牌直达·通用,高关联(整篇WPS),0.8135,14.0,
wps灵犀官网,WPS AI,AI认知,通用,WPS AI·AI认知·通用,中关联(通用+WPS章节),0.0,14.0,
WPS office 官方网站,Office通用,品牌直达,通用,Office通用·品牌直达·通用,高关联(整篇WPS),0.857,14.0,
wps网页版登录入口官网,云文档/在线,品牌直达,通用,云文档/在线·品牌直达·通用,高关联(整篇WPS),0.4399,14.0,
wpsofl官方网站,WPS综合,品牌直达,通用,WPS综合·品牌直达·通用,高关联(整篇WPS),0.8135,13.0,
WPS官网入口,WPS综合,品牌直达,通用,WPS综合·品牌直达·通用,高关联(整篇WPS),0.8135,12.0,
wps官网入口登录,WPS综合,品牌直达,通用,WPS综合·品牌直达·通用,高关联(整篇WPS),0.8135,12.0,
wps办公软件官方官网,Office通用,品牌直达,通用,Office通用·品牌直达·通用,高关联(整篇WPS),0.857,12.0,
WPs官网,WPS综合,品牌直达,通用,WPS综合·品牌直达·通用,高关联(整篇WPS),0.8135,12.0,
金山wps office官网,Office通用,品牌直达,通用,Office通用·品牌直达·通用,高关联(整篇WPS),0.857,12.0,
wps灵犀官网入口,WPS AI,AI认知,通用,WPS AI·AI认知·通用,中关联(通用+WPS章节),0.0,11.0,
wps365官网登录入口,WPS综合,品牌直达,通用,WPS综合·品牌直达·通用,高关联(整篇WPS),0.8135,11.0,
wps.com 官网,WPS综合,品牌直达,通用,WPS综合·品牌直达·通用,高关联(整篇WPS),0.8135,10.0,
WPS文档官网,WPS综合,品牌直达,通用,WPS综合·品牌直达·通用,高关联(整篇WPS),0.8135,10.0,
WPS office的官网,Office通用,品牌直达,通用,Office通用·品牌直达·通用,高关联(整篇WPS),0.857,10.0,
wps金山办公官网,WPS综合,品牌直达,通用,WPS综合·品牌直达·通用,高关联(整篇WPS),0.8135,10.0,
WPS灵犀官网,WPS AI,AI认知,通用,WPS AI·AI认知·通用,中关联(通用+WPS章节),0.0,9.0,
WPS专业版官网入口,WPS综合,品牌直达,通用,WPS综合·品牌直达·通用,高关联(整篇WPS),0.8135,9.0,
wps协作官网入口,云文档/在线,教程操作,通用,云文档/在线·教程操作·通用,中关联(通用+WPS章节),0.4399,9.0,
wpsoffice官方网站入口,Office通用,品牌直达,通用,Office通用·品牌直达·通用,高关联(整篇WPS),0.857,9.0,
WPS office官方网站,Office通用,品牌直达,通用,Office通用·品牌直达·通用,高关联(整篇WPS),0.857,9.0,
wps文档官方,WPS综合,品牌直达,通用,WPS综合·品牌直达·通用,高关联(整篇WPS),0.8135,9.0,
wps office官网地址,Office通用,品牌直达,通用,Office通用·品牌直达·通用,高关联(整篇WPS),0.857,8.0,
wps官网、,WPS综合,品牌直达,通用,WPS综合·品牌直达·通用,高关联(整篇WPS),0.8135,8.0,
wps官网网页版,云文档/在线,品牌直达,通用,云文档/在线·品牌直达·通用,高关联(整篇WPS),0.4399,8.0,
wps最新版官网,WPS综合,下载安装,通用,WPS综合·下载安装·通用,高关联(整篇WPS),0.8135,8.0,
WPS表格官网,Excel,品牌直达,表格,Excel·品牌直达·表格,高关联(整篇WPS),0.274,8.0,
wps表格官网,Excel,品牌直达,表格,Excel·品牌直达·表格,高关联(整篇WPS),0.274,7.0,
wps 官方网站,WPS综合,品牌直达,通用,WPS综合·品牌直达·通用,高关联(整篇WPS),0.8135,7.0,
金山office官网,Office通用,品牌直达,通用,Office通用·品牌直达·通用,高关联(整篇WPS),0.857,7.0,
WPS office 官网,Office通用,品牌直达,通用,Office通用·品牌直达·通用,高关联(整篇WPS),0.857,154.0,
wps64位官网首页,WPS综合,品牌直达,通用,WPS综合·品牌直达·通用,高关联(整篇WPS),0.8135,7.0,
WPS 官方网站,WPS综合,品牌直达,通用,WPS综合·品牌直达·通用,高关联(整篇WPS),0.8135,7.0,
wps个人版官网,WPS综合,品牌直达,通用,WPS综合·品牌直达·通用,高关联(整篇WPS),0.8135,7.0,
金山办公 官网,WPS综合,品牌直达,通用,WPS综合·品牌直达·通用,高关联(整篇WPS),0.8135,7.0,
WPS365官网,WPS综合,品牌直达,通用,WPS综合·品牌直达·通用,高关联(整篇WPS),0.8135,7.0,
WPS官方官网,WPS综合,品牌直达,通用,WPS综合·品牌直达·通用,高关联(整篇WPS),0.8135,6.0,
wps办公官网,WPS综合,品牌直达,通用,WPS综合·品牌直达·通用,高关联(整篇WPS),0.8135,6.0,
wpS官网,WPS综合,品牌直达,通用,WPS综合·品牌直达·通用,高关联(整篇WPS),0.8135,6.0,
WPS OFFICE官方网站,Office通用,品牌直达,通用,Office通用·品牌直达·通用,高关联(整篇WPS),0.857,6.0,
wps电脑网页版登录入口官网,云文档/在线,品牌直达,通用,云文档/在线·品牌直达·通用,高关联(整篇WPS),0.4399,6.0,
wps登录入口官网,WPS综合,品牌直达,通用,WPS综合·品牌直达·通用,高关联(整篇WPS),0.8135,6.0,
wps政府版官网入口,WPS综合,品牌直达,通用,WPS综合·品牌直达·通用,高关联(整篇WPS),0.8135,6.0,
WPSOffice官方网站,Office通用,品牌直达,通用,Office通用·品牌直达·通用,高关联(整篇WPS),0.857,6.0,
金山软件官方网站,WPS综合,品牌直达,通用,WPS综合·品牌直达·通用,高关联(整篇WPS),0.8135,6.0,
wps 官方,WPS综合,品牌直达,通用,WPS综合·品牌直达·通用,高关联(整篇WPS),0.8135,6.0,
wps.cn官网登录,WPS综合,品牌直达,通用,WPS综合·品牌直达·通用,高关联(整篇WPS),0.8135,6.0,
WPS office官网入口,Office通用,品牌直达,通用,Office通用·品牌直达·通用,高关联(整篇WPS),0.857,6.0,
金山软件官网,WPS综合,品牌直达,通用,WPS综合·品牌直达·通用,高关联(整篇WPS),0.8135,5.0,
WPSOFFICE官方网站,Office通用,品牌直达,通用,Office通用·品牌直达·通用,高关联(整篇WPS),0.857,5.0,
www.wps.cn官方网站,WPS综合,品牌直达,通用,WPS综合·品牌直达·通用,高关联(整篇WPS),0.8135,5.0,
wps官方网址,WPS综合,品牌直达,通用,WPS综合·品牌直达·通用,高关联(整篇WPS),0.8135,5.0,
wps官网入口网页版,云文档/在线,品牌直达,通用,云文档/在线·品牌直达·通用,高关联(整篇WPS),0.4399,5.0,
wps offce 官网,WPS综合,品牌直达,通用,WPS综合·品牌直达·通用,高关联(整篇WPS),0.8135,5.0,
wps在线官网,云文档/在线,品牌直达,通用,云文档/在线·品牌直达·通用,高关联(整篇WPS),0.4399,5.0,
wps offce官方网站,WPS综合,品牌直达,通用,WPS综合·品牌直达·通用,高关联(整篇WPS),0.8135,5.0,
wps官网网站入口,WPS综合,品牌直达,通用,WPS综合·品牌直达·通用,高关联(整篇WPS),0.8135,5.0,
wps官方网,WPS综合,品牌直达,通用,WPS综合·品牌直达·通用,高关联(整篇WPS),0.8135,5.0,
wpsoffice官网首页,Office通用,品牌直达,通用,Office通用·品牌直达·通用,高关联(整篇WPS),0.857,5.0,
WPS办公软件官网,Office通用,品牌直达,通用,Office通用·品牌直达·通用,高关联(整篇WPS),0.857,5.0,
wps官网wps,WPS综合,品牌直达,通用,WPS综合·品牌直达·通用,高关联(整篇WPS),0.8135,5.0,
wps.官网,WPS综合,品牌直达,通用,WPS综合·品牌直达·通用,高关联(整篇WPS),0.8135,5.0,
wps office官方网站入口,Office通用,品牌直达,通用,Office通用·品牌直达·通用,高关联(整篇WPS),0.857,5.0,
WPS官网首页,WPS综合,品牌直达,通用,WPS综合·品牌直达·通用,高关联(整篇WPS),0.8135,4.0,
wps word官网,Word,品牌直达,通用,Word·品牌直达·通用,高关联(整篇WPS),0.4224,4.0,
WPS中文官网,WPS综合,品牌直达,通用,WPS综合·品牌直达·通用,高关联(整篇WPS),0.8135,4.0,
WPS 官方,WPS综合,品牌直达,通用,WPS综合·品牌直达·通用,高关联(整篇WPS),0.8135,4.0,
wps办公软件官网,Office通用,品牌直达,通用,Office通用·品牌直达·通用,高关联(整篇WPS),0.857,4.0,
wps网页版官网,云文档/在线,品牌直达,通用,云文档/在线·品牌直达·通用,高关联(整篇WPS),0.4399,4.0,
WPS Office的官方网站,Office通用,品牌直达,通用,Office通用·品牌直达·通用,高关联(整篇WPS),0.857,4.0,
wps官网登录入口链接,WPS综合,教程操作,通用,WPS综合·教程操作·通用,中关联(通用+WPS章节),0.8135,4.0,
wps官方网站入口链接最新版,WPS综合,教程操作,通用,WPS综合·教程操作·通用,中关联(通用+WPS章节),0.8135,4.0,
WPSoffice官方网站,Office通用,品牌直达,通用,Office通用·品牌直达·通用,高关联(整篇WPS),0.857,4.0,
wps教育版官网入口,WPS综合,品牌直达,通用,WPS综合·品牌直达·通用,高关联(整篇WPS),0.8135,4.0,
金山办公官网网址,WPS综合,品牌直达,通用,WPS综合·品牌直达·通用,高关联(整篇WPS),0.8135,4.0,
wps图片官网,WPS综合,教程操作,通用,WPS综合·教程操作·通用,中关联(通用+WPS章节),0.8135,4.0,
wps官网首页wps,WPS综合,品牌直达,通用,WPS综合·品牌直达·通用,高关联(整篇WPS),0.8135,4.0,
wps官网地址,WPS综合,品牌直达,通用,WPS综合·品牌直达·通用,高关联(整篇WPS),0.8135,4.0,
wps网页版官网入口,云文档/在线,品牌直达,通用,云文档/在线·品牌直达·通用,高关联(整篇WPS),0.4399,4.0,
wps软件官网,WPS综合,品牌直达,通用,WPS综合·品牌直达·通用,高关联(整篇WPS),0.8135,4.0,
wps官网 金山软件,WPS综合,品牌直达,通用,WPS综合·品牌直达·通用,高关联(整篇WPS),0.8135,4.0,
wps专业版官网首页,WPS综合,品牌直达,通用,WPS综合·品牌直达·通用,高关联(整篇WPS),0.8135,3.0,
wps协作官网,云文档/在线,教程操作,通用,云文档/在线·教程操作·通用,中关联(通用+WPS章节),0.4399,3.0,
金山WPS官网入口,WPS综合,品牌直达,通用,WPS综合·品牌直达·通用,高关联(整篇WPS),0.8135,3.0,
WPS office官方网址,Office通用,品牌直达,通用,Office通用·品牌直达·通用,高关联(整篇WPS),0.857,3.0,
官方wps,WPS综合,品牌直达,通用,WPS综合·品牌直达·通用,高关联(整篇WPS),0.8135,3.0,
www.wps.cn官网,WPS综合,品牌直达,通用,WPS综合·品牌直达·通用,高关联(整篇WPS),0.8135,3.0,
wps专业版官网入口,WPS综合,品牌直达,通用,WPS综合·品牌直达·通用,高关联(整篇WPS),0.8135,3.0,
wps教育版官网,WPS综合,品牌直达,通用,WPS综合·品牌直达·通用,高关联(整篇WPS),0.8135,3.0,
金山官网wps,WPS综合,品牌直达,通用,WPS综合·品牌直达·通用,高关联(整篇WPS),0.8135,3.0,
wps中文官网,WPS综合,品牌直达,通用,WPS综合·品牌直达·通用,高关联(整篇WPS),0.8135,3.0,
金山办公wps官网,WPS综合,品牌直达,通用,WPS综合·品牌直达·通用,高关联(整篇WPS),0.8135,3.0,
WPS OFFICE 官网,Office通用,品牌直达,通用,Office通用·品牌直达·通用,高关联(整篇WPS),0.857,154.0,
wps官方官网首页,WPS综合,品牌直达,通用,WPS综合·品牌直达·通用,高关联(整篇WPS),0.8135,3.0,
wpsoffice官方,Office通用,品牌直达,通用,Office通用·品牌直达·通用,高关联(整篇WPS),0.857,3.0,
wps入口官网,WPS综合,品牌直达,通用,WPS综合·品牌直达·通用,高关联(整篇WPS),0.8135,3.0,
wps官方网页,WPS综合,品牌直达,通用,WPS综合·品牌直达·通用,高关联(整篇WPS),0.8135,3.0,
WPS office官方,Office通用,品牌直达,通用,Office通用·品牌直达·通用,高关联(整篇WPS),0.857,3.0,
wps官网在线使用,云文档/在线,教程操作,通用,云文档/在线·教程操作·通用,中关联(通用+WPS章节),0.4399,3.0,
金山wps官网入口,WPS综合,品牌直达,通用,WPS综合·品牌直达·通用,高关联(整篇WPS),0.8135,3.0,
wps官网最新版,WPS综合,下载安装,通用,WPS综合·下载安装·通用,高关联(整篇WPS),0.8135,3.0,
wps word文档官网,Word,品牌直达,通用,Word·品牌直达·通用,高关联(整篇WPS),0.4224,3.0,
wps官网2016,WPS综合,品牌直达,通用,WPS综合·品牌直达·通用,高关联(整篇WPS),0.8135,3.0,
wps官网登录入口网页版,云文档/在线,品牌直达,通用,云文档/在线·品牌直达·通用,高关联(整篇WPS),0.4399,3.0,
WPS官方网址,WPS综合,品牌直达,通用,WPS综合·品牌直达·通用,高关联(整篇WPS),0.8135,3.0,
wps官网64位,WPS综合,品牌直达,通用,WPS综合·品牌直达·通用,高关联(整篇WPS),0.8135,3.0,
wps群发官网,WPS综合,品牌直达,通用,WPS综合·品牌直达·通用,高关联(整篇WPS),0.8135,3.0,
office办公软件官网网址,Office通用,品牌直达,通用,Office通用·品牌直达·通用,高关联(整篇WPS),0.857,2.0,
wps精简版官网,WPS综合,品牌直达,通用,WPS综合·品牌直达·通用,高关联(整篇WPS),0.8135,2.0,
WPS官方网页,WPS综合,品牌直达,通用,WPS综合·品牌直达·通用,高关联(整篇WPS),0.8135,2.0,
wps官方卸载清理工具,下载/安装,下载安装,通用,下载/安装·下载安装·通用,高关联(整篇WPS),0.0,2.0,
官网WPS,WPS综合,品牌直达,通用,WPS综合·品牌直达·通用,高关联(整篇WPS),0.8135,2.0,
wps5官网,WPS综合,品牌直达,通用,WPS综合·品牌直达·通用,高关联(整篇WPS),0.8135,2.0,
wps快查官网入口,WPS综合,品牌直达,通用,WPS综合·品牌直达·通用,高关联(整篇WPS),0.8135,2.0,
wps官方网站首页,WPS综合,品牌直达,通用,WPS综合·品牌直达·通用,高关联(整篇WPS),0.8135,2.0,
wps官网官网,WPS综合,品牌直达,通用,WPS综合·品牌直达·通用,高关联(整篇WPS),0.8135,2.0,
WPSOFFICE官网,Office通用,品牌直达,通用,Office通用·品牌直达·通用,高关联(整篇WPS),0.857,491.0,
WPS官方软件,WPS综合,品牌直达,通用,WPS综合·品牌直达·通用,高关联(整篇WPS),0.8135,2.0,
Wps office官网,Office通用,品牌直达,通用,Office通用·品牌直达·通用,高关联(整篇WPS),0.857,1470.0,
wps云盘官网,WPS综合,品牌直达,通用,WPS综合·品牌直达·通用,高关联(整篇WPS),0.8135,2.0,
wps在线工具官网入口,云文档/在线,品牌直达,通用,云文档/在线·品牌直达·通用,高关联(整篇WPS),0.4399,2.0,
wps 官网、,WPS综合,品牌直达,通用,WPS综合·品牌直达·通用,高关联(整篇WPS),0.8135,2.0,
wps国际版官网,WPS综合,品牌直达,通用,WPS综合·品牌直达·通用,高关联(整篇WPS),0.8135,2.0,
wps协作教育版官网入口,云文档/在线,教程操作,通用,云文档/在线·教程操作·通用,中关联(通用+WPS章节),0.4399,2.0,
办公软件官网,Office通用,品牌直达,通用,Office通用·品牌直达·通用,高关联(整篇WPS),0.857,2.0,
wps官网\,WPS综合,品牌直达,通用,WPS综合·品牌直达·通用,高关联(整篇WPS),0.8135,2.0,
wps客户端官网,WPS综合,品牌直达,通用,WPS综合·品牌直达·通用,高关联(整篇WPS),0.8135,2.0,
wps 365 官网,WPS综合,品牌直达,通用,WPS综合·品牌直达·通用,高关联(整篇WPS),0.8135,2.0,
wps官方正版,WPS综合,品牌直达,通用,WPS综合·品牌直达·通用,高关联(整篇WPS),0.8135,2.0,
WPS软件官网,WPS综合,品牌直达,通用,WPS综合·品牌直达·通用,高关联(整篇WPS),0.8135,2.0,
wpsoffice教育版官网,Office通用,品牌直达,通用,Office通用·品牌直达·通用,高关联(整篇WPS),0.857,2.0,
WPS官方网页版入口,云文档/在线,品牌直达,通用,云文档/在线·品牌直达·通用,高关联(整篇WPS),0.4399,2.0,
wps教育官网,WPS综合,品牌直达,通用,WPS综合·品牌直达·通用,高关联(整篇WPS),0.8135,2.0,
WPS金山官网,WPS综合,品牌直达,通用,WPS综合·品牌直达·通用,高关联(整篇WPS),0.8135,2.0,
www.wps.cn官方官网,WPS综合,品牌直达,通用,WPS综合·品牌直达·通用,高关联(整篇WPS),0.8135,2.0,
wps官方文档,WPS综合,品牌直达,通用,WPS综合·品牌直达·通用,高关联(整篇WPS),0.8135,2.0,
WPS PDF官网,PDF,品牌直达,通用,PDF·品牌直达·通用,高关联(整篇WPS),0.2212,2.0,
WPS灵犀官网入口,WPS AI,AI认知,通用,WPS AI·AI认知·通用,中关联(通用+WPS章节),0.0,2.0,
WPS 在线工具官网,云文档/在线,品牌直达,通用,云文档/在线·品牌直达·通用,高关联(整篇WPS),0.4399,2.0,
WPSOffice专业版官网,Office通用,品牌直达,通用,Office通用·品牌直达·通用,高关联(整篇WPS),0.857,2.0,
金山软件 官网,WPS综合,品牌直达,通用,WPS综合·品牌直达·通用,高关联(整篇WPS),0.8135,2.0,
官网wps,WPS综合,品牌直达,通用,WPS综合·品牌直达·通用,高关联(整篇WPS),0.8135,2.0,
wps2019官网,WPS综合,品牌直达,通用,WPS综合·品牌直达·通用,高关联(整篇WPS),0.8135,2.0,
WPSOffice金山官网,Office通用,品牌直达,通用,Office通用·品牌直达·通用,高关联(整篇WPS),0.857,2.0,
WPS个人版官方,WPS综合,品牌直达,通用,WPS综合·品牌直达·通用,高关联(整篇WPS),0.8135,2.0,
wps官网在线,云文档/在线,品牌直达,通用,云文档/在线·品牌直达·通用,高关联(整篇WPS),0.4399,2.0,
wps 官方网页,WPS综合,品牌直达,通用,WPS综合·品牌直达·通用,高关联(整篇WPS),0.8135,2.0,
wps2023专业版官网,WPS综合,品牌直达,通用,WPS综合·品牌直达·通用,高关联(整篇WPS),0.8135,2.0,
金山软件官网首页,WPS综合,品牌直达,通用,WPS综合·品牌直达·通用,高关联(整篇WPS),0.8135,2.0,
wpsoff官网,WPS综合,品牌直达,通用,WPS综合·品牌直达·通用,高关联(整篇WPS),0.8135,2.0,
office办公软件官网,Office通用,品牌直达,通用,Office通用·品牌直达·通用,高关联(整篇WPS),0.857,2.0,
wps官网最新,WPS综合,品牌直达,通用,WPS综合·品牌直达·通用,高关联(整篇WPS),0.8135,2.0,
旧版wps官网,WPS综合,品牌直达,通用,WPS综合·品牌直达·通用,高关联(整篇WPS),0.8135,2.0,
https://www.wps.cn官网,WPS综合,品牌直达,通用,WPS综合·品牌直达·通用,高关联(整篇WPS),0.8135,2.0,
wps官网入口在哪,WPS综合,品牌直达,通用,WPS综合·品牌直达·通用,高关联(整篇WPS),0.8135,2.0,
wps官方网站地址,WPS综合,品牌直达,通用,WPS综合·品牌直达·通用,高关联(整篇WPS),0.8135,2.0,
wps官方网站网址,WPS综合,品牌直达,通用,WPS综合·品牌直达·通用,高关联(整篇WPS),0.8135,2.0,
WPS Office官方,Office通用,品牌直达,通用,Office通用·品牌直达·通用,高关联(整篇WPS),0.857,2.0,
WPS官方网页入口,WPS综合,品牌直达,通用,WPS综合·品牌直达·通用,高关联(整篇WPS),0.8135,2.0,
wps官网下,WPS综合,品牌直达,通用,WPS综合·品牌直达·通用,高关联(整篇WPS),0.8135,2.0,
WPS 官网上线,WPS综合,品牌直达,通用,WPS综合·品牌直达·通用,高关联(整篇WPS),0.8135,2.0,
wps官网里,WPS综合,品牌直达,通用,WPS综合·品牌直达·通用,高关联(整篇WPS),0.8135,2.0,
wps纯净版 官网,WPS综合,品牌直达,通用,WPS综合·品牌直达·通用,高关联(整篇WPS),0.8135,2.0,
wps文档中台官网,WPS综合,品牌直达,通用,WPS综合·品牌直达·通用,高关联(整篇WPS),0.8135,2.0,
wps excel官网,Excel,品牌直达,通用,Excel·品牌直达·通用,高关联(整篇WPS),0.274,2.0,
wpsTV版官网,WPS综合,品牌直达,通用,WPS综合·品牌直达·通用,高关联(整篇WPS),0.8135,2.0,
WPS在线官网,云文档/在线,品牌直达,通用,云文档/在线·品牌直达·通用,高关联(整篇WPS),0.4399,2.0,
wps官网首页入口官方,WPS综合,品牌直达,通用,WPS综合·品牌直达·通用,高关联(整篇WPS),0.8135,2.0,
wps word官方,Word,品牌直达,通用,Word·品牌直达·通用,高关联(整篇WPS),0.4224,2.0,
wpsoffer官网,WPS综合,品牌直达,通用,WPS综合·品牌直达·通用,高关联(整篇WPS),0.8135,2.0,
wps云官网,WPS综合,品牌直达,通用,WPS综合·品牌直达·通用,高关联(整篇WPS),0.8135,2.0,
WPS 中文官网,WPS综合,品牌直达,通用,WPS综合·品牌直达·通用,高关联(整篇WPS),0.8135,2.0,
WPS网页版官方入口,云文档/在线,品牌直达,通用,云文档/在线·品牌直达·通用,高关联(整篇WPS),0.4399,2.0,
wps中文官网官方,WPS综合,品牌直达,通用,WPS综合·品牌直达·通用,高关联(整篇WPS),0.8135,2.0,
WPS office官方网站入口,Office通用,品牌直达,通用,Office通用·品牌直达·通用,高关联(整篇WPS),0.857,2.0,
wps官网是多少,WPS综合,品牌直达,通用,WPS综合·品牌直达·通用,高关联(整篇WPS),0.8135,2.0,
“WPS官网”,WPS综合,品牌直达,通用,WPS综合·品牌直达·通用,高关联(整篇WPS),0.8135,2.0,
wps office 官方网站,Office通用,品牌直达,通用,Office通用·品牌直达·通用,高关联(整篇WPS),0.857,2.0,
wps官网首页wps安全,WPS综合,品牌直达,通用,WPS综合·品牌直达·通用,高关联(整篇WPS),0.8135,1.0,
WPS office 金山官网,Office通用,品牌直达,通用,Office通用·品牌直达·通用,高关联(整篇WPS),0.857,1.0,
Wps官方网站,WPS综合,品牌直达,通用,WPS综合·品牌直达·通用,高关联(整篇WPS),0.8135,1.0,
WPS官网网站,WPS综合,品牌直达,通用,WPS综合·品牌直达·通用,高关联(整篇WPS),0.8135,1.0,
wps的官网,WPS综合,品牌直达,通用,WPS综合·品牌直达·通用,高关联(整篇WPS),0.8135,1.0,
WPS的官网,WPS综合,品牌直达,通用,WPS综合·品牌直达·通用,高关联(整篇WPS),0.8135,1.0,
WPSPro官网,WPS综合,品牌直达,通用,WPS综合·品牌直达·通用,高关联(整篇WPS),0.8135,1.0,
WPS协作官网,云文档/在线,教程操作,通用,云文档/在线·教程操作·通用,中关联(通用+WPS章节),0.4399,1.0,
wps官网办公,WPS综合,品牌直达,通用,WPS综合·品牌直达·通用,高关联(整篇WPS),0.8135,1.0,
wps金山官网,WPS综合,品牌直达,通用,WPS综合·品牌直达·通用,高关联(整篇WPS),0.8135,1.0,
wps365官网首页,WPS综合,品牌直达,通用,WPS综合·品牌直达·通用,高关联(整篇WPS),0.8135,1.0,
wps专业版官方官网,WPS综合,品牌直达,通用,WPS综合·品牌直达·通用,高关联(整篇WPS),0.8135,1.0,
wps专业增强版官网,WPS综合,品牌直达,通用,WPS综合·品牌直达·通用,高关联(整篇WPS),0.8135,1.0,
wps官网64,WPS综合,品牌直达,通用,WPS综合·品牌直达·通用,高关联(整篇WPS),0.8135,1.0,
wpsoffce官方,WPS综合,品牌直达,通用,WPS综合·品牌直达·通用,高关联(整篇WPS),0.8135,1.0,
金山wps软件官网,WPS综合,品牌直达,通用,WPS综合·品牌直达·通用,高关联(整篇WPS),0.8135,1.0,
WPS官网产品中心,WPS综合,品牌直达,通用,WPS综合·品牌直达·通用,高关联(整篇WPS),0.8135,1.0,
WPS Office官网网址,Office通用,品牌直达,通用,Office通用·品牌直达·通用,高关联(整篇WPS),0.857,1.0,
WPS office官网首页,Office通用,品牌直达,通用,Office通用·品牌直达·通用,高关联(整篇WPS),0.857,134.0,
WPS家庭版官网,WPS综合,品牌直达,通用,WPS综合·品牌直达·通用,高关联(整篇WPS),0.8135,1.0,
wps看图官网,WPS综合,品牌直达,通用,WPS综合·品牌直达·通用,高关联(整篇WPS),0.8135,1.0,
www.wps.cn 官网个人版,WPS综合,品牌直达,通用,WPS综合·品牌直达·通用,高关联(整篇WPS),0.8135,1.0,
WPSOFFICEG官网,Office通用,品牌直达,通用,Office通用·品牌直达·通用,高关联(整篇WPS),0.857,1.0,
wps中心官网入口,WPS综合,品牌直达,通用,WPS综合·品牌直达·通用,高关联(整篇WPS),0.8135,1.0,
珠海金山办公软件 官网,Office通用,品牌直达,通用,Office通用·品牌直达·通用,高关联(整篇WPS),0.857,1.0,
wps文档的官网,WPS综合,品牌直达,通用,WPS综合·品牌直达·通用,高关联(整篇WPS),0.8135,1.0,
wps 灵犀官网,WPS AI,AI认知,通用,WPS AI·AI认知·通用,中关联(通用+WPS章节),0.0,1.0,
wps官网更新包,WPS综合,品牌直达,通用,WPS综合·品牌直达·通用,高关联(整篇WPS),0.8135,1.0,
wpsoffics官网,WPS综合,品牌直达,通用,WPS综合·品牌直达·通用,高关联(整篇WPS),0.8135,1.0,
金山wps 官网,WPS综合,品牌直达,通用,WPS综合·品牌直达·通用,高关联(整篇WPS),0.8135,1.0,
wps官网PC,WPS综合,品牌直达,通用,WPS综合·品牌直达·通用,高关联(整篇WPS),0.8135,1.0,
金山办公官方网站首页,WPS综合,品牌直达,通用,WPS综合·品牌直达·通用,高关联(整篇WPS),0.8135,1.0,
wps官网?,WPS综合,品牌直达,通用,WPS综合·品牌直达·通用,高关联(整篇WPS),0.8135,1.0,
wps 官网 整合版,WPS综合,品牌直达,通用,WPS综合·品牌直达·通用,高关联(整篇WPS),0.8135,1.0,
wpsoffice2019官网,Office通用,品牌直达,通用,Office通用·品牌直达·通用,高关联(整篇WPS),0.857,1.0,
wps整合版官方入口,WPS综合,品牌直达,通用,WPS综合·品牌直达·通用,高关联(整篇WPS),0.8135,1.0,
wps官网网页版入口,云文档/在线,品牌直达,通用,云文档/在线·品牌直达·通用,高关联(整篇WPS),0.4399,1.0,
WPS最新版官网,WPS综合,下载安装,通用,WPS综合·下载安装·通用,高关联(整篇WPS),0.8135,1.0,
wps官方网页版,云文档/在线,品牌直达,通用,云文档/在线·品牌直达·通用,高关联(整篇WPS),0.4399,1.0,
金山 wps 官网,WPS综合,品牌直达,通用,WPS综合·品牌直达·通用,高关联(整篇WPS),0.8135,1.0,
WPS offce官网,WPS综合,品牌直达,通用,WPS综合·品牌直达·通用,高关联(整篇WPS),0.8135,1.0,
WPS PDF 官网,PDF,品牌直达,通用,PDF·品牌直达·通用,高关联(整篇WPS),0.2212,1.0,
wps offfice官网,WPS综合,品牌直达,通用,WPS综合·品牌直达·通用,高关联(整篇WPS),0.8135,1.0,
wps OFFICCE官网,WPS综合,品牌直达,通用,WPS综合·品牌直达·通用,高关联(整篇WPS),0.8135,1.0,
wps 官网首页,WPS综合,品牌直达,通用,WPS综合·品牌直达·通用,高关联(整篇WPS),0.8135,1.0,
wps官网中文,WPS综合,品牌直达,通用,WPS综合·品牌直达·通用,高关联(整篇WPS),0.8135,1.0,
wps官方首页,WPS综合,品牌直达,通用,WPS综合·品牌直达·通用,高关联(整篇WPS),0.8135,1.0,
wps进官网,WPS综合,品牌直达,通用,WPS综合·品牌直达·通用,高关联(整篇WPS),0.8135,1.0,
金山办公软件在线官网,云文档/在线,品牌直达,通用,云文档/在线·品牌直达·通用,高关联(整篇WPS),0.4399,1.0,
WPS 官网 Windows 64 位版本 WPS,WPS综合,品牌直达,通用,WPS综合·品牌直达·通用,高关联(整篇WPS),0.8135,1.0,
https//www.wps.cn官网,WPS综合,品牌直达,通用,WPS综合·品牌直达·通用,高关联(整篇WPS),0.8135,1.0,
wpstv版官网,WPS综合,品牌直达,通用,WPS综合·品牌直达·通用,高关联(整篇WPS),0.8135,1.0,
WPS官网在线,云文档/在线,品牌直达,通用,云文档/在线·品牌直达·通用,高关联(整篇WPS),0.4399,1.0,
wps2016官网,WPS综合,品牌直达,通用,WPS综合·品牌直达·通用,高关联(整篇WPS),0.8135,1.0,
wps国内版官网,WPS综合,品牌直达,通用,WPS综合·品牌直达·通用,高关联(整篇WPS),0.8135,1.0,
WPS2021版官网,WPS综合,品牌直达,通用,WPS综合·品牌直达·通用,高关联(整篇WPS),0.8135,1.0,
WPS office官方入口,Office通用,品牌直达,通用,Office通用·品牌直达·通用,高关联(整篇WPS),0.857,1.0,
wps32官网,WPS综合,品牌直达,通用,WPS综合·品牌直达·通用,高关联(整篇WPS),0.8135,1.0,
wps  官网,WPS综合,品牌直达,通用,WPS综合·品牌直达·通用,高关联(整篇WPS),0.8135,1.0,
wps官网‘,WPS综合,品牌直达,通用,WPS综合·品牌直达·通用,高关联(整篇WPS),0.8135,1.0,
金山办公官网首页,WPS综合,品牌直达,通用,WPS综合·品牌直达·通用,高关联(整篇WPS),0.8135,1.0,
wps官网首页网址,WPS综合,品牌直达,通用,WPS综合·品牌直达·通用,高关联(整篇WPS),0.8135,1.0,
2026wps官网,WPS综合,品牌直达,通用,WPS综合·品牌直达·通用,高关联(整篇WPS),0.8135,1.0,
wps官方王章,WPS综合,品牌直达,通用,WPS综合·品牌直达·通用,高关联(整篇WPS),0.8135,1.0,
教育版wps官网,WPS综合,品牌直达,通用,WPS综合·品牌直达·通用,高关联(整篇WPS),0.8135,1.0,
WPSoffce官方,WPS综合,品牌直达,通用,WPS综合·品牌直达·通用,高关联(整篇WPS),0.8135,1.0,
WPS云空间官网网站,WPS综合,品牌直达,通用,WPS综合·品牌直达·通用,高关联(整篇WPS),0.8135,1.0,
金山办公官网登录入口,WPS综合,品牌直达,通用,WPS综合·品牌直达·通用,高关联(整篇WPS),0.8135,1.0,
wps网页版官方网站入口,云文档/在线,品牌直达,通用,云文档/在线·品牌直达·通用,高关联(整篇WPS),0.4399,1.0,
wps官网.,WPS综合,品牌直达,通用,WPS综合·品牌直达·通用,高关联(整篇WPS),0.8135,1.0,
WPS官网 便携版,WPS综合,品牌直达,通用,WPS综合·品牌直达·通用,高关联(整篇WPS),0.8135,1.0,
WPSOFI官方网站I,WPS综合,品牌直达,通用,WPS综合·品牌直达·通用,高关联(整篇WPS),0.8135,1.0,
wpsOffice官网入口,Office通用,品牌直达,通用,Office通用·品牌直达·通用,高关联(整篇WPS),0.857,1.0,
wps2026官网,WPS综合,品牌直达,通用,WPS综合·品牌直达·通用,高关联(整篇WPS),0.8135,1.0,
wps官网简约,WPS综合,品牌直达,通用,WPS综合·品牌直达·通用,高关联(整篇WPS),0.8135,1.0,
wpsofice官方,WPS综合,品牌直达,通用,WPS综合·品牌直达·通用,高关联(整篇WPS),0.8135,1.0,
WPS Office TV版官网,Office通用,品牌直达,通用,Office通用·品牌直达·通用,高关联(整篇WPS),0.857,1.0,
wps office的官方网站,Office通用,品牌直达,通用,Office通用·品牌直达·通用,高关联(整篇WPS),0.857,1.0,
金山wps表格官网,Excel,品牌直达,表格,Excel·品牌直达·表格,高关联(整篇WPS),0.274,1.0,
WPS 官网在线工具,云文档/在线,品牌直达,通用,云文档/在线·品牌直达·通用,高关联(整篇WPS),0.4399,1.0,
word软件官方 wps,Word,品牌直达,通用,Word·品牌直达·通用,高关联(整篇WPS),0.4224,1.0,
WPS官方网站登录入口,WPS综合,品牌直达,通用,WPS综合·品牌直达·通用,高关联(整篇WPS),0.8135,1.0,
wpsword官网,Word,品牌直达,通用,Word·品牌直达·通用,高关联(整篇WPS),0.4224,1.0,
wps官网瞎子啊,WPS综合,品牌直达,通用,WPS综合·品牌直达·通用,高关联(整篇WPS),0.8135,1.0,
wps官网客户端,WPS综合,品牌直达,通用,WPS综合·品牌直达·通用,高关联(整篇WPS),0.8135,1.0,
WPS器官网,WPS综合,品牌直达,通用,WPS综合·品牌直达·通用,高关联(整篇WPS),0.8135,1.0,
WPSPDF官网,PDF,品牌直达,通用,PDF·品牌直达·通用,高关联(整篇WPS),0.2212,1.0,
wps官网首页wps商务,WPS综合,品牌直达,通用,WPS综合·品牌直达·通用,高关联(整篇WPS),0.8135,1.0,
wps网站官网入口,WPS综合,品牌直达,通用,WPS综合·品牌直达·通用,高关联(整篇WPS),0.8135,1.0,
WPS最新版本官网,WPS综合,下载安装,通用,WPS综合·下载安装·通用,高关联(整篇WPS),0.8135,1.0,
WPS在线使用官方,云文档/在线,教程操作,通用,云文档/在线·教程操作·通用,中关联(通用+WPS章节),0.4399,1.0,
wps.cn官方客户端,WPS综合,品牌直达,通用,WPS综合·品牌直达·通用,高关联(整篇WPS),0.8135,1.0,
WPS offce官方网站最新版,WPS综合,下载安装,通用,WPS综合·下载安装·通用,高关联(整篇WPS),0.8135,1.0,
wps在线使用官方网站,云文档/在线,教程操作,通用,云文档/在线·教程操作·通用,中关联(通用+WPS章节),0.4399,1.0,
wps专业版2023官网,WPS综合,品牌直达,通用,WPS综合·品牌直达·通用,高关联(整篇WPS),0.8135,1.0,
WPSoffice官方,Office通用,品牌直达,通用,Office通用·品牌直达·通用,高关联(整篇WPS),0.857,1.0,
www WPS cn百度官网,WPS综合,品牌直达,通用,WPS综合·品牌直达·通用,高关联(整篇WPS),0.8135,1.0,
金山官网首页-金山办公,WPS综合,品牌直达,通用,WPS综合·品牌直达·通用,高关联(整篇WPS),0.8135,1.0,
wps Office官网,Office通用,品牌直达,通用,Office通用·品牌直达·通用,高关联(整篇WPS),0.857,1470.0,
wps.cn官方网站,WPS综合,品牌直达,通用,WPS综合·品牌直达·通用,高关联(整篇WPS),0.8135,1.0,
WPS网页版官网,云文档/在线,品牌直达,通用,云文档/在线·品牌直达·通用,高关联(整篇WPS),0.4399,1.0,
金山办公官方网站,WPS综合,品牌直达,通用,WPS综合·品牌直达·通用,高关联(整篇WPS),0.8135,1.0,
wps OFFICE官网,Office通用,品牌直达,通用,Office通用·品牌直达·通用,高关联(整篇WPS),0.857,1470.0,
金山办公官网官方,WPS综合,品牌直达,通用,WPS综合·品牌直达·通用,高关联(整篇WPS),0.8135,1.0,
WPS Office 官方,Office通用,品牌直达,通用,Office通用·品牌直达·通用,高关联(整篇WPS),0.857,1.0,
WPS 官网首页,WPS综合,品牌直达,通用,WPS综合·品牌直达·通用,高关联(整篇WPS),0.8135,1.0,
officewps 官方网站,Office通用,品牌直达,通用,Office通用·品牌直达·通用,高关联(整篇WPS),0.857,1.0,
WPS 官方官网,WPS综合,品牌直达,通用,WPS综合·品牌直达·通用,高关联(整篇WPS),0.8135,1.0,
wpsoffic官网,WPS综合,品牌直达,通用,WPS综合·品牌直达·通用,高关联(整篇WPS),0.8135,1.0,
wpspdf官网,PDF,品牌直达,通用,PDF·品牌直达·通用,高关联(整篇WPS),0.2212,1.0,
。WPS官网,WPS综合,品牌直达,通用,WPS综合·品牌直达·通用,高关联(整篇WPS),0.8135,1.0,
wps官网APP,WPS综合,品牌直达,通用,WPS综合·品牌直达·通用,高关联(整篇WPS),0.8135,1.0,
wps office 2023增强版 官网,Office通用,品牌直达,通用,Office通用·品牌直达·通用,高关联(整篇WPS),0.857,1.0,
wpsofFce官方网站,WPS综合,品牌直达,通用,WPS综合·品牌直达·通用,高关联(整篇WPS),0.8135,1.0,
word办公软件官网,Word,品牌直达,通用,Word·品牌直达·通用,高关联(整篇WPS),0.4224,1.0,
office办公软件 官网,Office通用,品牌直达,通用,Office通用·品牌直达·通用,高关联(整篇WPS),0.857,1.0,
中华人民共和国WPS Office官网,Office通用,品牌直达,通用,Office通用·品牌直达·通用,高关联(整篇WPS),0.857,1.0,
金山wpsoffice移动版官网,Office通用,品牌直达,通用,Office通用·品牌直达·通用,高关联(整篇WPS),0.857,1.0,
wps的官方网站,WPS综合,品牌直达,通用,WPS综合·品牌直达·通用,高关联(整篇WPS),0.8135,1.0,
wps pdf官网,PDF,品牌直达,通用,PDF·品牌直达·通用,高关联(整篇WPS),0.2212,1.0,
wps官网2026,WPS综合,品牌直达,通用,WPS综合·品牌直达·通用,高关联(整篇WPS),0.8135,1.0,
WPS官网PPT,PPT,品牌直达,通用,PPT·品牌直达·通用,高关联(整篇WPS),1.0,1.0,
www.wps.cn官网登录入口,WPS综合,品牌直达,通用,WPS综合·品牌直达·通用,高关联(整篇WPS),0.8135,1.0,
wps offce 个人版 官网地址,WPS综合,品牌直达,通用,WPS综合·品牌直达·通用,高关联(整篇WPS),0.8135,1.0,
精简版wps 官网,WPS综合,品牌直达,通用,WPS综合·品牌直达·通用,高关联(整篇WPS),0.8135,1.0,
Wps office官网。,Office通用,品牌直达,通用,Office通用·品牌直达·通用,高关联(整篇WPS),0.857,1.0,
金山wps官网首页网址,WPS综合,品牌直达,通用,WPS综合·品牌直达·通用,高关联(整篇WPS),0.8135,1.0,
WPS Office 官网入口,Office通用,品牌直达,通用,Office通用·品牌直达·通用,高关联(整篇WPS),0.857,1.0,
wps offce 个人版 官网,WPS综合,品牌直达,通用,WPS综合·品牌直达·通用,高关联(整篇WPS),0.8135,1.0,
wps版本官网,WPS综合,品牌直达,通用,WPS综合·品牌直达·通用,高关联(整篇WPS),0.8135,1.0,
wps2021官方,WPS综合,品牌直达,通用,WPS综合·品牌直达·通用,高关联(整篇WPS),0.8135,1.0,
wpsexcel官网,Excel,品牌直达,通用,Excel·品牌直达·通用,高关联(整篇WPS),0.274,1.0,
wps官网 2023,WPS综合,品牌直达,通用,WPS综合·品牌直达·通用,高关联(整篇WPS),0.8135,1.0,
wps官网XP,WPS综合,品牌直达,通用,WPS综合·品牌直达·通用,高关联(整篇WPS),0.8135,1.0,
WPS软件清理缓存 WPS官方,WPS综合,品牌直达,通用,WPS综合·品牌直达·通用,高关联(整篇WPS),0.8135,1.0,
WPS 365官网,WPS综合,品牌直达,通用,WPS综合·品牌直达·通用,高关联(整篇WPS),0.8135,1.0,
wps官方官方,WPS综合,品牌直达,通用,WPS综合·品牌直达·通用,高关联(整篇WPS),0.8135,1.0,
wps pdf 官网,PDF,品牌直达,通用,PDF·品牌直达·通用,高关联(整篇WPS),0.2212,1.0,
WPSOFFICE官方网址,Office通用,品牌直达,通用,Office通用·品牌直达·通用,高关联(整篇WPS),0.857,1.0,
wpstv官网,WPS综合,品牌直达,通用,WPS综合·品牌直达·通用,高关联(整篇WPS),0.8135,1.0,
珠海金山办公软件官网,Office通用,品牌直达,通用,Office通用·品牌直达·通用,高关联(整篇WPS),0.857,1.0,
wpsoffice 官网,Office通用,品牌直达,通用,Office通用·品牌直达·通用,高关联(整篇WPS),0.857,1.0,
wps办公软件官方,Office通用,品牌直达,通用,Office通用·品牌直达·通用,高关联(整篇WPS),0.857,1.0,
WPS官方网址入口,WPS综合,品牌直达,通用,WPS综合·品牌直达·通用,高关联(整篇WPS),0.8135,1.0,
金山办公wps office官网,Office通用,品牌直达,通用,Office通用·品牌直达·通用,高关联(整篇WPS),0.857,1.0,
wps2025官网,WPS综合,品牌直达,通用,WPS综合·品牌直达·通用,高关联(整篇WPS),0.8135,1.0,
wps云服务官网,WPS综合,品牌直达,通用,WPS综合·品牌直达·通用,高关联(整篇WPS),0.8135,1.0,
wps.office官方网站,Office通用,品牌直达,通用,Office通用·品牌直达·通用,高关联(整篇WPS),0.857,1.0,
wps office官方文档,Office通用,品牌直达,通用,Office通用·品牌直达·通用,高关联(整篇WPS),0.857,1.0,
wpsi官网,WPS综合,品牌直达,通用,WPS综合·品牌直达·通用,高关联(整篇WPS),0.8135,1.0,
WPS Linux 官网,WPS综合,品牌直达,通用,WPS综合·品牌直达·通用,高关联(整篇WPS),0.8135,1.0,
wps中国大陆官网,WPS综合,品牌直达,通用,WPS综合·品牌直达·通用,高关联(整篇WPS),0.8135,1.0,
WPS教育官网,WPS综合,品牌直达,通用,WPS综合·品牌直达·通用,高关联(整篇WPS),0.8135,1.0,
办公表格官网,Excel,品牌直达,表格,Excel·品牌直达·表格,高关联(整篇WPS),0.274,1.0,
wps官网简易版,WPS综合,品牌直达,通用,WPS综合·品牌直达·通用,高关联(整篇WPS),0.8135,1.0,
wps在线版官方,云文档/在线,品牌直达,通用,云文档/在线·品牌直达·通用,高关联(整篇WPS),0.4399,1.0,
“wps官网”,WPS综合,品牌直达,通用,WPS综合·品牌直达·通用,高关联(整篇WPS),0.8135,1.0,
WPS官方站,WPS综合,品牌直达,通用,WPS综合·品牌直达·通用,高关联(整篇WPS),0.8135,1.0,
wpso官网,WPS综合,品牌直达,通用,WPS综合·品牌直达·通用,高关联(整篇WPS),0.8135,1.0,
WPSoffer官方网站,WPS综合,品牌直达,通用,WPS综合·品牌直达·通用,高关联(整篇WPS),0.8135,1.0,
wps官网 wps官网,WPS综合,品牌直达,通用,WPS综合·品牌直达·通用,高关联(整篇WPS),0.8135,1.0,
WPS 官网 金山,WPS综合,品牌直达,通用,WPS综合·品牌直达·通用,高关联(整篇WPS),0.8135,1.0,
wps官网个人版,WPS综合,品牌直达,通用,WPS综合·品牌直达·通用,高关联(整篇WPS),0.8135,1.0,
WPS 灵犀官网,WPS AI,AI认知,通用,WPS AI·AI认知·通用,中关联(通用+WPS章节),0.0,1.0,
wps官网版,WPS综合,品牌直达,通用,WPS综合·品牌直达·通用,高关联(整篇WPS),0.8135,1.0,
WpS官网,WPS综合,品牌直达,通用,WPS综合·品牌直达·通用,高关联(整篇WPS),0.8135,1.0,
WPS官网搜索,WPS综合,品牌直达,通用,WPS综合·品牌直达·通用,高关联(整篇WPS),0.8135,1.0,
wps麒麟官网,WPS综合,品牌直达,通用,WPS综合·品牌直达·通用,高关联(整篇WPS),0.8135,1.0,
WPS ppt官网,PPT,品牌直达,通用,PPT·品牌直达·通用,高关联(整篇WPS),1.0,1.0,
wps官方网文档,WPS综合,品牌直达,通用,WPS综合·品牌直达·通用,高关联(整篇WPS),0.8135,1.0,
官网 wps,WPS综合,品牌直达,通用,WPS综合·品牌直达·通用,高关联(整篇WPS),0.8135,1.0,
官方WPS,WPS综合,品牌直达,通用,WPS综合·品牌直达·通用,高关联(整篇WPS),0.8135,1.0,
wps官方网站金山,WPS综合,品牌直达,通用,WPS综合·品牌直达·通用,高关联(整篇WPS),0.8135,1.0,
wps官网首页官网,WPS综合,品牌直达,通用,WPS综合·品牌直达·通用,高关联(整篇WPS),0.8135,1.0,
wps office 官方,Office通用,品牌直达,通用,Office通用·品牌直达·通用,高关联(整篇WPS),0.857,1.0,
wps官网电脑网页版,云文档/在线,品牌直达,通用,云文档/在线·品牌直达·通用,高关联(整篇WPS),0.4399,1.0,
正版wps官网,WPS综合,品牌直达,通用,WPS综合·品牌直达·通用,高关联(整篇WPS),0.8135,1.0,
wps官网下在,WPS综合,品牌直达,通用,WPS综合·品牌直达·通用,高关联(整篇WPS),0.8135,1.0,
WPS 官方文档,WPS综合,品牌直达,通用,WPS综合·品牌直达·通用,高关联(整篇WPS),0.8135,1.0,
wps pc官网,WPS综合,品牌直达,通用,WPS综合·品牌直达·通用,高关联(整篇WPS),0.8135,1.0,
office官方办公软件,Office通用,品牌直达,通用,Office通用·品牌直达·通用,高关联(整篇WPS),0.857,1.0,
wps ofiice官网,WPS综合,品牌直达,通用,WPS综合·品牌直达·通用,高关联(整篇WPS),0.8135,1.0,
WPS在线填表官网,云文档/在线,品牌直达,通用,云文档/在线·品牌直达·通用,高关联(整篇WPS),0.4399,1.0,
wps官方入口,WPS综合,品牌直达,通用,WPS综合·品牌直达·通用,高关联(整篇WPS),0.8135,1.0,
wps电视版官网,WPS综合,品牌直达,通用,WPS综合·品牌直达·通用,高关联(整篇WPS),0.8135,1.0,
WPS精简版官网,WPS综合,品牌直达,通用,WPS综合·品牌直达·通用,高关联(整篇WPS),0.8135,1.0,
wps官网纯净版,WPS综合,品牌直达,通用,WPS综合·品牌直达·通用,高关联(整篇WPS),0.8135,1.0,
WPS官方旗舰店,WPS综合,品牌直达,通用,WPS综合·品牌直达·通用,高关联(整篇WPS),0.8135,1.0,
wps官网在线客户,云文档/在线,品牌直达,通用,云文档/在线·品牌直达·通用,高关联(整篇WPS),0.4399,1.0,
金山官网首页wps,WPS综合,品牌直达,通用,WPS综合·品牌直达·通用,高关联(整篇WPS),0.8135,1.0,
www.wps.cn(金山官方网站),WPS综合,品牌直达,通用,WPS综合·品牌直达·通用,高关联(整篇WPS),0.8135,1.0,
wps官方卸载工具在哪,下载/安装,下载安装,通用,下载/安装·下载安装·通用,高关联(整篇WPS),0.0,1.0,
WPSTV官网入口,WPS综合,品牌直达,通用,WPS综合·品牌直达·通用,高关联(整篇WPS),0.8135,1.0,
wps官网统信,WPS综合,品牌直达,通用,WPS综合·品牌直达·通用,高关联(整篇WPS),0.8135,1.0,
"wps官网,",WPS综合,品牌直达,通用,WPS综合·品牌直达·通用,高关联(整篇WPS),0.8135,1.0,
"WPS官网,",WPS综合,品牌直达,通用,WPS综合·品牌直达·通用,高关联(整篇WPS),0.8135,1.0,
WPSOFFI官方网站,WPS综合,品牌直达,通用,WPS综合·品牌直达·通用,高关联(整篇WPS),0.8135,1.0,
wps网页官网,WPS综合,品牌直达,通用,WPS综合·品牌直达·通用,高关联(整篇WPS),0.8135,1.0,
蓝色wps官网,WPS综合,品牌直达,通用,WPS综合·品牌直达·通用,高关联(整篇WPS),0.8135,1.0,
WPS教育版官网,WPS综合,品牌直达,通用,WPS综合·品牌直达·通用,高关联(整篇WPS),0.8135,1.0,
WPS官网专业版,WPS综合,品牌直达,通用,WPS综合·品牌直达·通用,高关联(整篇WPS),0.8135,1.0,
wps官网金山,WPS综合,品牌直达,通用,WPS综合·品牌直达·通用,高关联(整篇WPS),0.8135,1.0,
WPS官方文档,WPS综合,品牌直达,通用,WPS综合·品牌直达·通用,高关联(整篇WPS),0.8135,1.0,
wps office官方网页,Office通用,品牌直达,通用,Office通用·品牌直达·通用,高关联(整篇WPS),0.857,1.0,
wps offi官网,WPS综合,品牌直达,通用,WPS综合·品牌直达·通用,高关联(整篇WPS),0.8135,1.0,
WPS 官网登录入口,WPS综合,品牌直达,通用,WPS综合·品牌直达·通用,高关联(整篇WPS),0.8135,1.0,
WPS官网64位版本,WPS综合,品牌直达,通用,WPS综合·品牌直达·通用,高关联(整篇WPS),0.8135,1.0,
金山wps网页版登录入口官网,云文档/在线,品牌直达,通用,云文档/在线·品牌直达·通用,高关联(整篇WPS),0.4399,1.0,
wpsoffice国际版官方,Office通用,品牌直达,通用,Office通用·品牌直达·通用,高关联(整篇WPS),0.857,1.0,
wps的官网网址,WPS综合,品牌直达,通用,WPS综合·品牌直达·通用,高关联(整篇WPS),0.8135,1.0,
WPS字体官网,WPS综合,教程操作,字体,WPS综合·教程操作·字体,中关联(通用+WPS章节),0.8135,1.0,
wps官网pc版,WPS综合,品牌直达,通用,WPS综合·品牌直达·通用,高关联(整篇WPS),0.8135,1.0,
wps官网版本,WPS综合,品牌直达,通用,WPS综合·品牌直达·通用,高关联(整篇WPS),0.8135,1.0,
wps、官网,WPS综合,品牌直达,通用,WPS综合·品牌直达·通用,高关联(整篇WPS),0.8135,1.0,
WPS Office个人版官网,Office通用,品牌直达,通用,Office通用·品牌直达·通用,高关联(整篇WPS),0.857,1.0,
drive.wps.cn官网,WPS综合,品牌直达,通用,WPS综合·品牌直达·通用,高关联(整篇WPS),0.8135,1.0,
"WWW,WPS,CM官方",WPS综合,品牌直达,通用,WPS综合·品牌直达·通用,高关联(整篇WPS),0.8135,1.0,
电脑WPS官网,WPS综合,品牌直达,通用,WPS综合·品牌直达·通用,高关联(整篇WPS),0.8135,1.0,
wps官网版入口,WPS综合,品牌直达,通用,WPS综合·品牌直达·通用,高关联(整篇WPS),0.8135,1.0,
wps官网工具,WPS综合,品牌直达,通用,WPS综合·品牌直达·通用,高关联(整篇WPS),0.8135,1.0,
wps官网首页在线使用,云文档/在线,教程操作,通用,云文档/在线·教程操作·通用,中关联(通用+WPS章节),0.4399,1.0,
wpsoffice 64位官网,Office通用,品牌直达,通用,Office通用·品牌直达·通用,高关联(整篇WPS),0.857,1.0,
WPS 365 官网专业版,WPS综合,品牌直达,通用,WPS综合·品牌直达·通用,高关联(整篇WPS),0.8135,1.0,
金山办公(WPS)官方网站,WPS综合,品牌直达,通用,WPS综合·品牌直达·通用,高关联(整篇WPS),0.8135,1.0,
https://www. wps cn官网,WPS综合,品牌直达,通用,WPS综合·品牌直达·通用,高关联(整篇WPS),0.8135,1.0,
wps官网安卓平板,WPS综合,下载安装,通用,WPS综合·下载安装·通用,高关联(整篇WPS),0.8135,1.0,
office wps官方,Office通用,品牌直达,通用,Office通用·品牌直达·通用,高关联(整篇WPS),0.857,1.0,
wps 官方 excel,Excel,品牌直达,通用,Excel·品牌直达·通用,高关联(整篇WPS),0.274,1.0,
wps办公软件官网首页,Office通用,品牌直达,通用,Office通用·品牌直达·通用,高关联(整篇WPS),0.857,1.0,
官网WPS2026,WPS综合,品牌直达,通用,WPS综合·品牌直达·通用,高关联(整篇WPS),0.8135,1.0,
wps word文档官方网站,Word,品牌直达,通用,Word·品牌直达·通用,高关联(整篇WPS),0.4224,1.0,
https://www.wps.cn/官网,WPS综合,品牌直达,通用,WPS综合·品牌直达·通用,高关联(整篇WPS),0.8135,1.0,
WPS官网在线工具,云文档/在线,品牌直达,通用,云文档/在线·品牌直达·通用,高关联(整篇WPS),0.4399,1.0,
wps官网首页官方,WPS综合,品牌直达,通用,WPS综合·品牌直达·通用,高关联(整篇WPS),0.8135,1.0,
wps中国官网,WPS综合,品牌直达,通用,WPS综合·品牌直达·通用,高关联(整篇WPS),0.8135,1.0,
WPS我、官网,WPS综合,品牌直达,通用,WPS综合·品牌直达·通用,高关联(整篇WPS),0.8135,1.0,
WPS 灵犀 官网,WPS AI,AI认知,通用,WPS AI·AI认知·通用,中关联(通用+WPS章节),0.0,1.0,
wps官方 网站,WPS综合,品牌直达,通用,WPS综合·品牌直达·通用,高关联(整篇WPS),0.8135,1.0,
wps office官方官网,Office通用,品牌直达,通用,Office通用·品牌直达·通用,高关联(整篇WPS),0.857,1.0,
wps官方网页版入口,云文档/在线,品牌直达,通用,云文档/在线·品牌直达·通用,高关联(整篇WPS),0.4399,1.0,
wps纯净版官网,WPS综合,品牌直达,通用,WPS综合·品牌直达·通用,高关联(整篇WPS),0.8135,1.0,
金山WPS 官网,WPS综合,品牌直达,通用,WPS综合·品牌直达·通用,高关联(整篇WPS),0.8135,1.0,
wps office金山官方,Office通用,品牌直达,通用,Office通用·品牌直达·通用,高关联(整篇WPS),0.857,1.0,
www.wps.com官网,WPS综合,品牌直达,通用,WPS综合·品牌直达·通用,高关联(整篇WPS),0.8135,1.0,
wps官方电话人工服务,WPS综合,品牌直达,通用,WPS综合·品牌直达·通用,高关联(整篇WPS),0.8135,1.0,
wps官方在线平台官网,云文档/在线,品牌直达,通用,云文档/在线·品牌直达·通用,高关联(整篇WPS),0.4399,1.0,
wps国际官网,WPS综合,品牌直达,通用,WPS综合·品牌直达·通用,高关联(整篇WPS),0.8135,1.0,
wps进入官网,WPS综合,品牌直达,通用,WPS综合·品牌直达·通用,高关联(整篇WPS),0.8135,1.0,
wps offer官网,WPS综合,品牌直达,通用,WPS综合·品牌直达·通用,高关联(整篇WPS),0.8135,1.0,
wps官网】,WPS综合,品牌直达,通用,WPS综合·品牌直达·通用,高关联(整篇WPS),0.8135,1.0,
wps官网exe,WPS综合,品牌直达,通用,WPS综合·品牌直达·通用,高关联(整篇WPS),0.8135,1.0,
WPS金山软件官网,WPS综合,品牌直达,通用,WPS综合·品牌直达·通用,高关联(整篇WPS),0.8135,1.0,
金山wps官方网站,WPS综合,品牌直达,通用,WPS综合·品牌直达·通用,高关联(整篇WPS),0.8135,1.0,
wps官网首页登入,WPS综合,品牌直达,通用,WPS综合·品牌直达·通用,高关联(整篇WPS),0.8135,1.0,
wps官网wps个人版,WPS综合,品牌直达,通用,WPS综合·品牌直达·通用,高关联(整篇WPS),0.8135,1.0,
金山麒麟wps官网,WPS综合,品牌直达,通用,WPS综合·品牌直达·通用,高关联(整篇WPS),0.8135,1.0,
wps行政版官网入口,WPS综合,品牌直达,通用,WPS综合·品牌直达·通用,高关联(整篇WPS),0.8135,1.0,
wps协作版官网入口,云文档/在线,教程操作,通用,云文档/在线·教程操作·通用,中关联(通用+WPS章节),0.4399,1.0,
wps网页登录入口官网,WPS综合,品牌直达,通用,WPS综合·品牌直达·通用,高关联(整篇WPS),0.8135,1.0,
wps网盘官网,WPS综合,品牌直达,通用,WPS综合·品牌直达·通用,高关联(整篇WPS),0.8135,1.0,
wps笔记官网,WPS综合,品牌直达,通用,WPS综合·品牌直达·通用,高关联(整篇WPS),0.8135,1.0,
WPS官方入口,WPS综合,品牌直达,通用,WPS综合·品牌直达·通用,高关联(整篇WPS),0.8135,1.0,
wps电脑端官网,WPS综合,品牌直达,通用,WPS综合·品牌直达·通用,高关联(整篇WPS),0.8135,1.0,
wps 官方网址,WPS综合,品牌直达,通用,WPS综合·品牌直达·通用,高关联(整篇WPS),0.8135,1.0,
WPS官网·,WPS综合,品牌直达,通用,WPS综合·品牌直达·通用,高关联(整篇WPS),0.8135,1.0,
北京金山办公软件 官网 wps,Office通用,品牌直达,通用,Office通用·品牌直达·通用,高关联(整篇WPS),0.857,1.0,
WPS 官方卸载工具,下载/安装,下载安装,通用,下载/安装·下载安装·通用,高关联(整篇WPS),0.0,1.0,
intitle:wps官网,WPS综合,品牌直达,通用,WPS综合·品牌直达·通用,高关联(整篇WPS),0.8135,1.0,
wps64位官网,WPS综合,品牌直达,通用,WPS综合·品牌直达·通用,高关联(整篇WPS),0.8135,1.0,
WPS官网瞎子啊,WPS综合,品牌直达,通用,WPS综合·品牌直达·通用,高关联(整篇WPS),0.8135,1.0,
WPS TV版 官网,WPS综合,品牌直达,通用,WPS综合·品牌直达·通用,高关联(整篇WPS),0.8135,1.0,
wpspro官网,WPS综合,品牌直达,通用,WPS综合·品牌直达·通用,高关联(整篇WPS),0.8135,1.0,
wps官网’,WPS综合,品牌直达,通用,WPS综合·品牌直达·通用,高关联(整篇WPS),0.8135,1.0,
WPS官网。,WPS综合,品牌直达,通用,WPS综合·品牌直达·通用,高关联(整篇WPS),0.8135,1.0,
上海金山在线365官网,云文档/在线,品牌直达,通用,云文档/在线·品牌直达·通用,高关联(整篇WPS),0.4399,1.0,
wps 简体中文　官网,WPS综合,品牌直达,通用,WPS综合·品牌直达·通用,高关联(整篇WPS),0.8135,1.0,
金山pdf官网,PDF,品牌直达,通用,PDF·品牌直达·通用,高关联(整篇WPS),0.2212,0.0,
wps正版,WPS综合,品牌直达,通用,WPS综合·品牌直达·通用,高关联(整篇WPS),0.8135,123.0,
正版WPS,WPS综合,品牌直达,通用,WPS综合·品牌直达·通用,高关联(整篇WPS),0.8135,3.0,
wps office正版,Office通用,品牌直达,通用,Office通用·品牌直达·通用,高关联(整篇WPS),0.857,3.0,
WPS Office正版,Office通用,品牌直达,通用,Office通用·品牌直达·通用,高关联(整篇WPS),0.857,3.0,
WPS Office破解,Office通用,品牌直达,通用,Office通用·品牌直达·通用,高关联(整篇WPS),0.857,103.0,
金山wps正版,WPS综合,品牌直达,通用,WPS综合·品牌直达·通用,高关联(整篇WPS),0.8135,1.0,
wps破解版,下载/安装,下载安装,通用,下载/安装·下载安装·通用,高关联(整篇WPS),0.0,1.0,
WPs破解版,下载/安装,下载安装,通用,下载/安装·下载安装·通用,高关联(整篇WPS),0.0,1.0,
WPS破解版,下载/安装,下载安装,通用,下载/安装·下载安装·通用,高关联(整篇WPS),0.0,1.0,
WPS365破解,WPS综合,品牌直达,通用,WPS综合·品牌直达·通用,高关联(整篇WPS),0.8135,1.0,
wps国际破解版,下载/安装,下载安装,通用,下载/安装·下载安装·通用,高关联(整篇WPS),0.0,1.0,
wps政府版2025专业版破解版,下载/安装,下载安装,通用,下载/安装·下载安装·通用,高关联(整篇WPS),0.0,1.0,
金山pdf破解版,PDF,下载安装,通用,PDF·下载安装·通用,高关联(整篇WPS),0.2212,0.0,
WPS正版免费下载,下载/安装,下载安装,下载,下载/安装·下载安装·下载,高关联(整篇WPS),0.0,0.0,S
WPS破解版安全吗,下载/安装,下载安装,通用,下载/安装·下载安装·通用,高关联(整篇WPS),0.0,0.0,A
WPS激活码有风险吗,下载/安装,下载安装,通用,下载/安装·下载安装·通用,高关联(整篇WPS),0.0,0.0,B
WPS破解版和正版区别,下载/安装,对比选型,通用,下载/安装·对比选型·通用,低关联(方法论轻带),0.0,0.0,B
WPS绿色版安全吗,下载/安装,下载安装,通用,下载/安装·下载安装·通用,高关联(整篇WPS),0.0,0.0,B
WPS电脑版安装包,下载/安装,下载安装,安装,下载/安装·下载安装·安装,高关联(整篇WPS),0.0,237.0,
wps下载windows,下载/安装,下载安装,下载,下载/安装·下载安装·下载,高关联(整篇WPS),0.0,1.0,
wps下载平板电脑版,下载/安装,下载安装,下载,下载/安装·下载安装·下载,高关联(整篇WPS),0.0,92.0,
wps下载电脑版安装包,下载/安装,下载安装,下载,下载/安装·下载安装·下载,高关联(整篇WPS),0.0,2.0,
wps office官方电脑版,Office通用,品牌直达,通用,Office通用·品牌直达·通用,高关联(整篇WPS),0.857,618.0,
wps官网电脑版,WPS综合,品牌直达,通用,WPS综合·品牌直达·通用,高关联(整篇WPS),0.8135,200.0,
wps官网首页电脑版,WPS综合,品牌直达,通用,WPS综合·品牌直达·通用,高关联(整篇WPS),0.8135,142.0,
wps官网电脑版下载,下载/安装,下载安装,下载,下载/安装·下载安装·下载,高关联(整篇WPS),0.0,120.0,
wps电脑版下载,下载/安装,下载安装,下载,下载/安装·下载安装·下载,高关联(整篇WPS),0.0,734.0,
wps电脑版官网,WPS综合,品牌直达,通用,WPS综合·品牌直达·通用,高关联(整篇WPS),0.8135,56.0,
wps电脑版,WPS综合,品牌直达,通用,WPS综合·品牌直达·通用,高关联(整篇WPS),0.8135,586.0,
wps安装包电脑版,下载/安装,下载安装,安装,下载/安装·下载安装·安装,高关联(整篇WPS),0.0,41.0,
wps电脑版下载官网,下载/安装,下载安装,下载,下载/安装·下载安装·下载,高关联(整篇WPS),0.0,475.0,
wps电脑版网页版入口,云文档/在线,品牌直达,通用,云文档/在线·品牌直达·通用,高关联(整篇WPS),0.4399,39.0,
wps办公软件官方下载电脑版免费,Office通用,下载安装,下载,Office通用·下载安装·下载,高关联(整篇WPS),0.857,34.0,
wps电脑版官方下载,下载/安装,下载安装,下载,下载/安装·下载安装·下载,高关联(整篇WPS),0.0,33.0,
wps电脑版免费下载,下载/安装,下载安装,下载,下载/安装·下载安装·下载,高关联(整篇WPS),0.0,20.0,
wps官网首页电脑版下载,下载/安装,下载安装,下载,下载/安装·下载安装·下载,高关联(整篇WPS),0.0,17.0,
wps office电脑版,Office通用,品牌直达,通用,Office通用·品牌直达·通用,高关联(整篇WPS),0.857,222.0,
WPS Office 电脑版官方下载,Office通用,下载安装,下载,Office通用·下载安装·下载,高关联(整篇WPS),0.857,17.0,
wps电脑版官方下载官网,下载/安装,下载安装,下载,下载/安装·下载安装·下载,高关联(整篇WPS),0.0,14.0,
wps下载官方版电脑版,下载/安装,下载安装,下载,下载/安装·下载安装·下载,高关联(整篇WPS),0.0,13.0,
wps office下载电脑版官方下载,Office通用,下载安装,下载,Office通用·下载安装·下载,高关联(整篇WPS),0.857,13.0,
下载wps电脑版,下载/安装,下载安装,下载,下载/安装·下载安装·下载,高关联(整篇WPS),0.0,12.0,
WPS电脑版下载,下载/安装,下载安装,下载,下载/安装·下载安装·下载,高关联(整篇WPS),0.0,734.0,
wps官网下载电脑版,下载/安装,下载安装,下载,下载/安装·下载安装·下载,高关联(整篇WPS),0.0,10.0,
wps办公软件官方下载电脑版,Office通用,下载安装,下载,Office通用·下载安装·下载,高关联(整篇WPS),0.857,10.0,
wpsoffice下载电脑版,Office通用,下载安装,下载,Office通用·下载安装·下载,高关联(整篇WPS),0.857,10.0,
WPS电脑版,WPS综合,品牌直达,通用,WPS综合·品牌直达·通用,高关联(整篇WPS),0.8135,586.0,
WPS office下载电脑版官方免费中文版,Office通用,下载安装,下载,Office通用·下载安装·下载,高关联(整篇WPS),0.857,7.0,
wps office官方电脑版官网,Office通用,品牌直达,通用,Office通用·品牌直达·通用,高关联(整篇WPS),0.857,6.0,
WPS电脑版网页入口,WPS综合,品牌直达,通用,WPS综合·品牌直达·通用,高关联(整篇WPS),0.8135,6.0,
wps office下载电脑版,Office通用,下载安装,下载,Office通用·下载安装·下载,高关联(整篇WPS),0.857,6.0,
wps office下载电脑版 官网,Office通用,下载安装,下载,Office通用·下载安装·下载,高关联(整篇WPS),0.857,6.0,
wps官网首页电脑版下载官网,下载/安装,下载安装,下载,下载/安装·下载安装·下载,高关联(整篇WPS),0.0,5.0,
wps2021电脑版官网下载,下载/安装,下载安装,下载,下载/安装·下载安装·下载,高关联(整篇WPS),0.0,5.0,
wps官方电脑版下载,下载/安装,下载安装,下载,下载/安装·下载安装·下载,高关联(整篇WPS),0.0,5.0,
WPS 电脑版官网,WPS综合,品牌直达,通用,WPS综合·品牌直达·通用,高关联(整篇WPS),0.8135,5.0,
wps平板pc版下载,下载/安装,下载安装,下载,下载/安装·下载安装·下载,高关联(整篇WPS),0.0,5.0,
wps官方下载电脑版,下载/安装,下载安装,下载,下载/安装·下载安装·下载,高关联(整篇WPS),0.0,5.0,
wpscn电脑版,WPS综合,品牌直达,通用,WPS综合·品牌直达·通用,高关联(整篇WPS),0.8135,5.0,
wps office 电脑版下载,Office通用,下载安装,下载,Office通用·下载安装·下载,高关联(整篇WPS),0.857,88.0,
WPS office电脑版官方下载,Office通用,下载安装,下载,Office通用·下载安装·下载,高关联(整篇WPS),0.857,4.0,
wps官网windows下载,下载/安装,下载安装,下载,下载/安装·下载安装·下载,高关联(整篇WPS),0.0,4.0,
wps官网电脑版网址,WPS综合,品牌直达,通用,WPS综合·品牌直达·通用,高关联(整篇WPS),0.8135,4.0,
WPSoffice平板PC版下载,Office通用,下载安装,下载,Office通用·下载安装·下载,高关联(整篇WPS),0.857,4.0,
wps office 官网下载电脑,Office通用,下载安装,下载,Office通用·下载安装·下载,高关联(整篇WPS),0.857,4.0,
wps电脑端官网下载,下载/安装,下载安装,下载,下载/安装·下载安装·下载,高关联(整篇WPS),0.0,4.0,
wps电脑版官方,WPS综合,品牌直达,通用,WPS综合·品牌直达·通用,高关联(整篇WPS),0.8135,4.0,
wps2016电脑版官方下载,下载/安装,下载安装,下载,下载/安装·下载安装·下载,高关联(整篇WPS),0.0,3.0,
www.wps.com 电脑版,WPS综合,品牌直达,通用,WPS综合·品牌直达·通用,高关联(整篇WPS),0.8135,3.0,
wps下载官网电脑版,下载/安装,下载安装,下载,下载/安装·下载安装·下载,高关联(整篇WPS),0.0,3.0,
wps64位官网首页电脑版下载,下载/安装,下载安装,下载,下载/安装·下载安装·下载,高关联(整篇WPS),0.0,3.0,
wps office电脑端下载,Office通用,下载安装,下载,Office通用·下载安装·下载,高关联(整篇WPS),0.857,3.0,
wsp电脑版官方下载官网,下载/安装,下载安装,下载,下载/安装·下载安装·下载,高关联(整篇WPS),0.0,3.0,
下载wps电脑版官方下载,下载/安装,下载安装,下载,下载/安装·下载安装·下载,高关联(整篇WPS),0.0,3.0,
wpspc版下载官网,下载/安装,下载安装,下载,下载/安装·下载安装·下载,高关联(整篇WPS),0.0,3.0,
wps下载电脑版,下载/安装,下载安装,下载,下载/安装·下载安装·下载,高关联(整篇WPS),0.0,3.0,
wps电脑版下载安装包,下载/安装,下载安装,下载,下载/安装·下载安装·下载,高关联(整篇WPS),0.0,3.0,
wps office pc端下载,Office通用,下载安装,下载,Office通用·下载安装·下载,高关联(整篇WPS),0.857,3.0,
WPSOffice电脑版下载,Office通用,下载安装,下载,Office通用·下载安装·下载,高关联(整篇WPS),0.857,2.0,
wps电脑客户端官方下载,下载/安装,下载安装,下载,下载/安装·下载安装·下载,高关联(整篇WPS),0.0,2.0,
WPS office官方电脑版,Office通用,品牌直达,通用,Office通用·品牌直达·通用,高关联(整篇WPS),0.857,2.0,
wps官方下载电脑版官网,下载/安装,下载安装,下载,下载/安装·下载安装·下载,高关联(整篇WPS),0.0,2.0,
wpsoffice官方电脑版在线使用网页版,云文档/在线,教程操作,通用,云文档/在线·教程操作·通用,中关联(通用+WPS章节),0.4399,2.0,
wps下载电脑版官方下载,下载/安装,下载安装,下载,下载/安装·下载安装·下载,高关联(整篇WPS),0.0,2.0,
电脑版wps下载官网,下载/安装,下载安装,下载,下载/安装·下载安装·下载,高关联(整篇WPS),0.0,2.0,
WPS Office 官网下载 Windows 2026,Office通用,下载安装,下载,Office通用·下载安装·下载,高关联(整篇WPS),0.857,2.0,
wps国际版电脑版,WPS综合,品牌直达,通用,WPS综合·品牌直达·通用,高关联(整篇WPS),0.8135,2.0,
wps官网下载电脑版官方下载,下载/安装,下载安装,下载,下载/安装·下载安装·下载,高关联(整篇WPS),0.0,2.0,
wps软件官方免费下载电脑版,下载/安装,下载安装,下载,下载/安装·下载安装·下载,高关联(整篇WPS),0.0,2.0,
WPS Office 官网下载电脑版,Office通用,下载安装,下载,Office通用·下载安装·下载,高关联(整篇WPS),0.857,2.0,
wps办公软件官方下载电脑版官网,Office通用,下载安装,下载,Office通用·下载安装·下载,高关联(整篇WPS),0.857,2.0,
wps官网首页电脑版下载免费,下载/安装,下载安装,下载,下载/安装·下载安装·下载,高关联(整篇WPS),0.0,2.0,
wps官网电脑版入口,WPS综合,品牌直达,通用,WPS综合·品牌直达·通用,高关联(整篇WPS),0.8135,2.0,
wps office官方电脑版免费下载2025最新版本,Office通用,下载安装,下载,Office通用·下载安装·下载,高关联(整篇WPS),0.857,2.0,
下载wps office电脑版官方下载,Office通用,下载安装,下载,Office通用·下载安装·下载,高关联(整篇WPS),0.857,2.0,
wps2025电脑版下载官网,下载/安装,下载安装,下载,下载/安装·下载安装·下载,高关联(整篇WPS),0.0,2.0,
下载wps电脑版官网网址,下载/安装,下载安装,下载,下载/安装·下载安装·下载,高关联(整篇WPS),0.0,2.0,
wps2025电脑版,WPS综合,品牌直达,通用,WPS综合·品牌直达·通用,高关联(整篇WPS),0.8135,2.0,
wpcoffice正版下载,Office通用,下载安装,下载,Office通用·下载安装·下载,高关联(整篇WPS),0.857,2.0,
wps官方下载官网电脑版网址,下载/安装,下载安装,下载,下载/安装·下载安装·下载,高关联(整篇WPS),0.0,2.0,
WPSOffice官网电脑下载,Office通用,下载安装,下载,Office通用·下载安装·下载,高关联(整篇WPS),0.857,2.0,
WPSOffice官网电脑版,Office通用,品牌直达,通用,Office通用·品牌直达·通用,高关联(整篇WPS),0.857,2.0,
wps网页版电脑版,云文档/在线,品牌直达,通用,云文档/在线·品牌直达·通用,高关联(整篇WPS),0.4399,2.0,
WPS电脑版下载官网,下载/安装,下载安装,下载,下载/安装·下载安装·下载,高关联(整篇WPS),0.0,475.0,
WPS电脑版下载网址官网,下载/安装,下载安装,下载,下载/安装·下载安装·下载,高关联(整篇WPS),0.0,2.0,
wps官网首页电脑版登录,WPS综合,品牌直达,通用,WPS综合·品牌直达·通用,高关联(整篇WPS),0.8135,2.0,
wps电脑版官方网站,WPS综合,品牌直达,通用,WPS综合·品牌直达·通用,高关联(整篇WPS),0.8135,2.0,
wps电脑版网页,WPS综合,品牌直达,通用,WPS综合·品牌直达·通用,高关联(整篇WPS),0.8135,2.0,
wps电脑版官网下载,下载/安装,下载安装,下载,下载/安装·下载安装·下载,高关联(整篇WPS),0.0,2.0,
wps 下载电脑版 安装,下载/安装,下载安装,下载,下载/安装·下载安装·下载,高关联(整篇WPS),0.0,2.0,
wps官方版电脑版,WPS综合,品牌直达,通用,WPS综合·品牌直达·通用,高关联(整篇WPS),0.8135,2.0,
wps office官方电脑版下载,Office通用,下载安装,下载,Office通用·下载安装·下载,高关联(整篇WPS),0.857,2.0,
破解版wps office电脑版,Office通用,下载安装,通用,Office通用·下载安装·通用,高关联(整篇WPS),0.857,2.0,
WPS电脑版官方下载,下载/安装,下载安装,下载,下载/安装·下载安装·下载,高关联(整篇WPS),0.0,2.0,
wps下载安装电脑,下载/安装,下载安装,下载,下载/安装·下载安装·下载,高关联(整篇WPS),0.0,2.0,
wpcoffice官方正版下载,Office通用,下载安装,下载,Office通用·下载安装·下载,高关联(整篇WPS),0.857,2.0,
wps电脑安装包,下载/安装,下载安装,安装,下载/安装·下载安装·安装,高关联(整篇WPS),0.0,2.0,
WPS office官方下载电脑版,Office通用,下载安装,下载,Office通用·下载安装·下载,高关联(整篇WPS),0.857,2.0,
wps办公软件下载官网电脑版,Office通用,下载安装,下载,Office通用·下载安装·下载,高关联(整篇WPS),0.857,2.0,
wps电脑版登录入口,WPS综合,品牌直达,通用,WPS综合·品牌直达·通用,高关联(整篇WPS),0.8135,2.0,
wps office 官方电脑版,Office通用,品牌直达,通用,Office通用·品牌直达·通用,高关联(整篇WPS),0.857,2.0,
WPS电脑版官网下载,下载/安装,下载安装,下载,下载/安装·下载安装·下载,高关联(整篇WPS),0.0,2.0,
wps官方下载免费完整版电脑版,下载/安装,下载安装,下载,下载/安装·下载安装·下载,高关联(整篇WPS),0.0,2.0,
wps电脑版安装包,下载/安装,下载安装,安装,下载/安装·下载安装·安装,高关联(整篇WPS),0.0,237.0,
wps下载电脑版官方下载官网,下载/安装,下载安装,下载,下载/安装·下载安装·下载,高关联(整篇WPS),0.0,1.0,
wps下载电脑版安装,下载/安装,下载安装,下载,下载/安装·下载安装·下载,高关联(整篇WPS),0.0,1.0,
wps 网页电脑版,WPS综合,品牌直达,通用,WPS综合·品牌直达·通用,高关联(整篇WPS),0.8135,1.0,
wps电脑版下载官方版,下载/安装,下载安装,下载,下载/安装·下载安装·下载,高关联(整篇WPS),0.0,1.0,
官方wps电脑版官方下载,下载/安装,下载安装,下载,下载/安装·下载安装·下载,高关联(整篇WPS),0.0,1.0,
免费下载wps办公软件电脑版,Office通用,下载安装,下载,Office通用·下载安装·下载,高关联(整篇WPS),0.857,1.0,
WPS office电脑 下载,Office通用,下载安装,下载,Office通用·下载安装·下载,高关联(整篇WPS),0.857,1.0,
wps电脑版在线使用,云文档/在线,教程操作,通用,云文档/在线·教程操作·通用,中关联(通用+WPS章节),0.4399,1.0,
wps office电脑版官方,Office通用,品牌直达,通用,Office通用·品牌直达·通用,高关联(整篇WPS),0.857,1.0,
wps pc版下载,下载/安装,下载安装,下载,下载/安装·下载安装·下载,高关联(整篇WPS),0.0,1.0,
wps.cn电脑版,WPS综合,品牌直达,通用,WPS综合·品牌直达·通用,高关联(整篇WPS),0.8135,1.0,
wps云文档电脑版下载,云文档/在线,下载安装,下载,云文档/在线·下载安装·下载,高关联(整篇WPS),0.4399,1.0,
wps电脑版官方下载安装,下载/安装,下载安装,下载,下载/安装·下载安装·下载,高关联(整篇WPS),0.0,1.0,
wps电脑版官方下载官网免费安装,下载/安装,下载安装,下载,下载/安装·下载安装·下载,高关联(整篇WPS),0.0,1.0,
电脑安装不上wps,下载/安装,下载安装,安装,下载/安装·下载安装·安装,高关联(整篇WPS),0.0,1.0,
电脑版wps官网,WPS综合,品牌直达,通用,WPS综合·品牌直达·通用,高关联(整篇WPS),0.8135,1.0,
wps表格官方下载电脑版,Excel,下载安装,表格,Excel·下载安装·表格,高关联(整篇WPS),0.274,1.0,
WPSoffice电脑版官方正版下载入口,Office通用,下载安装,下载,Office通用·下载安装·下载,高关联(整篇WPS),0.857,1.0,
wpsofficewindows下载,Office通用,下载安装,下载,Office通用·下载安装·下载,高关联(整篇WPS),0.857,1.0,
wps电脑版下载官网安装包,下载/安装,下载安装,下载,下载/安装·下载安装·下载,高关联(整篇WPS),0.0,1.0,
WPS下载电脑版,下载/安装,下载安装,下载,下载/安装·下载安装·下载,高关联(整篇WPS),0.0,1.0,
wps表格下载电脑版,Excel,下载安装,表格,Excel·下载安装·表格,高关联(整篇WPS),0.274,1.0,
下载wps软件并安装到电脑上,下载/安装,下载安装,下载,下载/安装·下载安装·下载,高关联(整篇WPS),0.0,1.0,
电脑版wps下载,下载/安装,下载安装,下载,下载/安装·下载安装·下载,高关联(整篇WPS),0.0,203.0,
电脑版WPS下载,下载/安装,下载安装,下载,下载/安装·下载安装·下载,高关联(整篇WPS),0.0,203.0,
wps off官网电脑版,WPS综合,品牌直达,通用,WPS综合·品牌直达·通用,高关联(整篇WPS),0.8135,1.0,
WPSPC版下载,下载/安装,下载安装,下载,下载/安装·下载安装·下载,高关联(整篇WPS),0.0,1.0,
WPS电脑端官方正版下载,下载/安装,下载安装,下载,下载/安装·下载安装·下载,高关联(整篇WPS),0.0,1.0,
wps官网电脑版官方下载,下载/安装,下载安装,下载,下载/安装·下载安装·下载,高关联(整篇WPS),0.0,1.0,
www.wps.cn电脑下载,下载/安装,下载安装,下载,下载/安装·下载安装·下载,高关联(整篇WPS),0.0,1.0,
wps文字下载官网电脑版,Word,下载安装,下载,Word·下载安装·下载,高关联(整篇WPS),0.4224,1.0,
wps协作软件下载官网电脑客户端,云文档/在线,教程操作,下载,云文档/在线·教程操作·下载,中关联(通用+WPS章节),0.4399,1.0,
wps电脑官方下载,下载/安装,下载安装,下载,下载/安装·下载安装·下载,高关联(整篇WPS),0.0,1.0,
wpsoffice下载电脑版网页,Office通用,下载安装,下载,Office通用·下载安装·下载,高关联(整篇WPS),0.857,1.0,
wpsoffice下载安装电脑版,Office通用,下载安装,下载,Office通用·下载安装·下载,高关联(整篇WPS),0.857,1.0,
wpswindows版本下载,下载/安装,下载安装,下载,下载/安装·下载安装·下载,高关联(整篇WPS),0.0,1.0,
wps电脑版离线安装包,下载/安装,下载安装,安装,下载/安装·下载安装·安装,高关联(整篇WPS),0.0,1.0,
wps电脑版官网下载安装,下载/安装,下载安装,下载,下载/安装·下载安装·下载,高关联(整篇WPS),0.0,1.0,
电脑wps安装包下载地址,下载/安装,下载安装,下载,下载/安装·下载安装·下载,高关联(整篇WPS),0.0,1.0,
WPSOfficial PC 下载,下载/安装,下载安装,下载,下载/安装·下载安装·下载,高关联(整篇WPS),0.0,1.0,
wps电脑官网下载,下载/安装,下载安装,下载,下载/安装·下载安装·下载,高关联(整篇WPS),0.0,1.0,
WPS官网电脑版安装包,下载/安装,下载安装,安装,下载/安装·下载安装·安装,高关联(整篇WPS),0.0,1.0,
WPS用不了数据透视表 是电脑版本的原因吗,Excel,教程操作,数据透视,Excel·教程操作·数据透视,中关联(通用+WPS章节),0.274,1.0,
WPS电脑官网下载,下载/安装,下载安装,下载,下载/安装·下载安装·下载,高关联(整篇WPS),0.0,1.0,
wps国产电脑安装包,下载/安装,下载安装,安装,下载/安装·下载安装·安装,高关联(整篇WPS),0.0,1.0,
WPS 免费电脑版官方下载,下载/安装,下载安装,下载,下载/安装·下载安装·下载,高关联(整篇WPS),0.0,1.0,
WPS Office 下载电脑版免费,Office通用,下载安装,下载,Office通用·下载安装·下载,高关联(整篇WPS),0.857,1.0,
金山wps电脑版官网,WPS综合,品牌直达,通用,WPS综合·品牌直达·通用,高关联(整篇WPS),0.8135,1.0,
wps电脑版官网入口,WPS综合,品牌直达,通用,WPS综合·品牌直达·通用,高关联(整篇WPS),0.8135,1.0,
wps office电脑下载,Office通用,下载安装,下载,Office通用·下载安装·下载,高关联(整篇WPS),0.857,59.0,
wps office pc级下载,Office通用,下载安装,下载,Office通用·下载安装·下载,高关联(整篇WPS),0.857,1.0,
金山文档下载电脑版官方下载,云文档/在线,下载安装,下载,云文档/在线·下载安装·下载,高关联(整篇WPS),0.4399,1.0,
wps office官网首页 电脑版,Office通用,品牌直达,通用,Office通用·品牌直达·通用,高关联(整篇WPS),0.857,1.0,
wps电脑版官方下载免费安装,下载/安装,下载安装,下载,下载/安装·下载安装·下载,高关联(整篇WPS),0.0,1.0,
WPS office官方下载电脑版免费中文版,Office通用,下载安装,下载,Office通用·下载安装·下载,高关联(整篇WPS),0.857,1.0,
WPS Office下载电脑端,Office通用,下载安装,下载,Office通用·下载安装·下载,高关联(整篇WPS),0.857,1.0,
wps office2020电脑版,Office通用,品牌直达,通用,Office通用·品牌直达·通用,高关联(整篇WPS),0.857,1.0,
wps官网电脑版官方,WPS综合,品牌直达,通用,WPS综合·品牌直达·通用,高关联(整篇WPS),0.8135,1.0,
wps 32位下载电脑版官方下载,下载/安装,下载安装,下载,下载/安装·下载安装·下载,高关联(整篇WPS),0.0,1.0,
wps office安装包电脑版,Office通用,下载安装,安装,Office通用·下载安装·安装,高关联(整篇WPS),0.857,1.0,
电脑版WPS,WPS综合,品牌直达,通用,WPS综合·品牌直达·通用,高关联(整篇WPS),0.8135,1.0,
WPS Office的官方电脑版下载,Office通用,下载安装,下载,Office通用·下载安装·下载,高关联(整篇WPS),0.857,1.0,
电脑wpsoffice下载官网,Office通用,下载安装,下载,Office通用·下载安装·下载,高关联(整篇WPS),0.857,1.0,
wps下载官网电脑,下载/安装,下载安装,下载,下载/安装·下载安装·下载,高关联(整篇WPS),0.0,1.0,
华为电脑wps下载,下载/安装,下载安装,下载,下载/安装·下载安装·下载,高关联(整篇WPS),0.0,1.0,
wps电脑版32位下载,下载/安装,下载安装,下载,下载/安装·下载安装·下载,高关联(整篇WPS),0.0,1.0,
wps电脑版官方下载免费完整版,下载/安装,下载安装,下载,下载/安装·下载安装·下载,高关联(整篇WPS),0.0,1.0,
wps官网免费下载电脑版,下载/安装,下载安装,下载,下载/安装·下载安装·下载,高关联(整篇WPS),0.0,1.0,
wpsoffice官方电脑版32位,Office通用,品牌直达,通用,Office通用·品牌直达·通用,高关联(整篇WPS),0.857,1.0,
WPS电脑版下载网址,下载/安装,下载安装,下载,下载/安装·下载安装·下载,高关联(整篇WPS),0.0,1.0,
wps电脑版官方下载免费,下载/安装,下载安装,下载,下载/安装·下载安装·下载,高关联(整篇WPS),0.0,1.0,
wps协作电脑版官网网页登录,云文档/在线,教程操作,通用,云文档/在线·教程操作·通用,中关联(通用+WPS章节),0.4399,1.0,
WPS office免费下载电脑版,Office通用,下载安装,下载,Office通用·下载安装·下载,高关联(整篇WPS),0.857,1.0,
wps office下载官网电脑版,Office通用,下载安装,下载,Office通用·下载安装·下载,高关联(整篇WPS),0.857,1.0,
wpsoffice安装包电脑版,Office通用,下载安装,安装,Office通用·下载安装·安装,高关联(整篇WPS),0.857,1.0,
wps专业版电脑版官方下载,下载/安装,下载安装,下载,下载/安装·下载安装·下载,高关联(整篇WPS),0.0,1.0,
wps国产电脑版,WPS综合,品牌直达,通用,WPS综合·品牌直达·通用,高关联(整篇WPS),0.8135,1.0,
wps苹果电脑版,WPS综合,品牌直达,通用,WPS综合·品牌直达·通用,高关联(整篇WPS),0.8135,1.0,
wps软件电脑版下载,下载/安装,下载安装,下载,下载/安装·下载安装·下载,高关联(整篇WPS),0.0,1.0,
WPS官网电脑版下载,下载/安装,下载安装,下载,下载/安装·下载安装·下载,高关联(整篇WPS),0.0,1.0,
WPS office 电脑版,Office通用,品牌直达,通用,Office通用·品牌直达·通用,高关联(整篇WPS),0.857,1.0,
wps2020电脑版,WPS综合,品牌直达,通用,WPS综合·品牌直达·通用,高关联(整篇WPS),0.8135,1.0,
wpswindows版,WPS综合,品牌直达,通用,WPS综合·品牌直达·通用,高关联(整篇WPS),0.8135,1.0,
WPS office下载电脑版官方下载2025,Office通用,下载安装,下载,Office通用·下载安装·下载,高关联(整篇WPS),0.857,1.0,
2025 wps下载电脑,下载/安装,下载安装,下载,下载/安装·下载安装·下载,高关联(整篇WPS),0.0,1.0,
官网下载wps电脑版,下载/安装,下载安装,下载,下载/安装·下载安装·下载,高关联(整篇WPS),0.0,1.0,
wpswin7电脑版,WPS综合,品牌直达,通用,WPS综合·品牌直达·通用,高关联(整篇WPS),0.8135,1.0,
WPSOffice电脑版网页版,云文档/在线,品牌直达,通用,云文档/在线·品牌直达·通用,高关联(整篇WPS),0.4399,1.0,
金山wps office电脑版,Office通用,品牌直达,通用,Office通用·品牌直达·通用,高关联(整篇WPS),0.857,1.0,
wps下载官方免费下载安装电脑版,下载/安装,下载安装,下载,下载/安装·下载安装·下载,高关联(整篇WPS),0.0,1.0,
wps2025下载电脑版官方下载,下载/安装,下载安装,下载,下载/安装·下载安装·下载,高关联(整篇WPS),0.0,1.0,
wps365官网首页电脑版下载,下载/安装,下载安装,下载,下载/安装·下载安装·下载,高关联(整篇WPS),0.0,1.0,
wps文字电脑版下载,Word,下载安装,下载,Word·下载安装·下载,高关联(整篇WPS),0.4224,1.0,
wps电脑版下载官网网址,下载/安装,下载安装,下载,下载/安装·下载安装·下载,高关联(整篇WPS),0.0,1.0,
wps office电脑版、,Office通用,品牌直达,通用,Office通用·品牌直达·通用,高关联(整篇WPS),0.857,1.0,
WPS电脑下载官网,下载/安装,下载安装,下载,下载/安装·下载安装·下载,高关联(整篇WPS),0.0,1.0,
wps官网 电脑版,WPS综合,品牌直达,通用,WPS综合·品牌直达·通用,高关联(整篇WPS),0.8135,1.0,
wps官网pc端下载,下载/安装,下载安装,下载,下载/安装·下载安装·下载,高关联(整篇WPS),0.0,1.0,
电脑wps安装,下载/安装,下载安装,安装,下载/安装·下载安装·安装,高关联(整篇WPS),0.0,1.0,
wps办公软件官方下载电脑版免费/////,Office通用,下载安装,下载,Office通用·下载安装·下载,高关联(整篇WPS),0.857,1.0,
WPS 下载电脑版官方,下载/安装,下载安装,下载,下载/安装·下载安装·下载,高关联(整篇WPS),0.0,1.0,
wps免费下载电脑版下载,下载/安装,下载安装,下载,下载/安装·下载安装·下载,高关联(整篇WPS),0.0,1.0,
wps下载电脑版安装官网,下载/安装,下载安装,下载,下载/安装·下载安装·下载,高关联(整篇WPS),0.0,1.0,
wapoffice电脑版,Office通用,品牌直达,通用,Office通用·品牌直达·通用,高关联(整篇WPS),0.857,1.0,
wps电脑下载官网网址,下载/安装,下载安装,下载,下载/安装·下载安装·下载,高关联(整篇WPS),0.0,1.0,
wps官方电脑版官网,WPS综合,品牌直达,通用,WPS综合·品牌直达·通用,高关联(整篇WPS),0.8135,1.0,
wps正版电脑版下载,下载/安装,下载安装,下载,下载/安装·下载安装·下载,高关联(整篇WPS),0.0,1.0,
wps office破解版电脑版,Office通用,下载安装,通用,Office通用·下载安装·通用,高关联(整篇WPS),0.857,1.0,
wps官网下载电脑,下载/安装,下载安装,下载,下载/安装·下载安装·下载,高关联(整篇WPS),0.0,1.0,
wps WOR电脑版下载,下载/安装,下载安装,下载,下载/安装·下载安装·下载,高关联(整篇WPS),0.0,1.0,
wps office官方电脑版官网登录,Office通用,品牌直达,通用,Office通用·品牌直达·通用,高关联(整篇WPS),0.857,1.0,
WPS电脑版官方下载官网,下载/安装,下载安装,下载,下载/安装·下载安装·下载,高关联(整篇WPS),0.0,1.0,
WPS电脑端下载,下载/安装,下载安装,下载,下载/安装·下载安装·下载,高关联(整篇WPS),0.0,1.0,
wps office官方电脑版免费下载官网,Office通用,下载安装,下载,Office通用·下载安装·下载,高关联(整篇WPS),0.857,1.0,
wps2016电脑版,WPS综合,品牌直达,通用,WPS综合·品牌直达·通用,高关联(整篇WPS),0.8135,1.0,
wps2016电脑版安装包,下载/安装,下载安装,安装,下载/安装·下载安装·安装,高关联(整篇WPS),0.0,1.0,
wps office官方电脑版在线使用网页版,云文档/在线,教程操作,通用,云文档/在线·教程操作·通用,中关联(通用+WPS章节),0.4399,1.0,
wpsWindows下载,下载/安装,下载安装,下载,下载/安装·下载安装·下载,高关联(整篇WPS),0.0,1.0,
wps office官方电脑版下载安装,Office通用,下载安装,下载,Office通用·下载安装·下载,高关联(整篇WPS),0.857,1.0,
wps电脑版下载官网下载,下载/安装,下载安装,下载,下载/安装·下载安装·下载,高关联(整篇WPS),0.0,1.0,
wpswindows下载,下载/安装,下载安装,下载,下载/安装·下载安装·下载,高关联(整篇WPS),0.0,1.0,
wps office教育电脑版,Office通用,品牌直达,通用,Office通用·品牌直达·通用,高关联(整篇WPS),0.857,1.0,
wps office离线版官方电脑版,Office通用,品牌直达,通用,Office通用·品牌直达·通用,高关联(整篇WPS),0.857,1.0,
金山wps电脑版官方下载,下载/安装,下载安装,下载,下载/安装·下载安装·下载,高关联(整篇WPS),0.0,1.0,
word软件电脑版,Word,品牌直达,通用,Word·品牌直达·通用,高关联(整篇WPS),0.4224,1.0,
excel表格下载电脑版,Excel,下载安装,表格,Excel·下载安装·表格,高关联(整篇WPS),0.274,0.0,
excel下载电脑版,Excel,下载安装,下载,Excel·下载安装·下载,高关联(整篇WPS),0.274,0.0,
word文档下载电脑版,Word,下载安装,下载,Word·下载安装·下载,高关联(整篇WPS),0.4224,0.0,
word电脑版安装包,Word,下载安装,安装,Word·下载安装·安装,高关联(整篇WPS),0.4224,0.0,
word文档电脑版,Word,品牌直达,通用,Word·品牌直达·通用,高关联(整篇WPS),0.4224,0.0,
excel免费下载电脑版,Excel,下载安装,下载,Excel·下载安装·下载,高关联(整篇WPS),0.274,0.0,
PDF阅读器电脑版下载,PDF,下载安装,下载,PDF·下载安装·下载,高关联(整篇WPS),0.2212,0.0,
word电脑版,Word,品牌直达,通用,Word·品牌直达·通用,高关联(整篇WPS),0.4224,0.0,
excel2016下载电脑版,Excel,下载安装,下载,Excel·下载安装·下载,高关联(整篇WPS),0.274,0.0,
电脑word文档怎么下载,Word,教程操作,下载,Word·教程操作·下载,中关联(通用+WPS章节),0.4224,0.0,
word电脑版下载,Word,下载安装,下载,Word·下载安装·下载,高关联(整篇WPS),0.4224,0.0,
word2016电脑版下载,Word,下载安装,下载,Word·下载安装·下载,高关联(整篇WPS),0.4224,0.0,
word2007电脑版下载,Word,下载安装,下载,Word·下载安装·下载,高关联(整篇WPS),0.4224,0.0,
WPS下载,下载/安装,下载安装,下载,下载/安装·下载安装·下载,高关联(整篇WPS),0.0,89568.0,
word文档下载,Word,下载安装,下载,Word·下载安装·下载,高关联(整篇WPS),0.4224,895.0,
wpsapp下载,下载/安装,下载安装,下载,下载/安装·下载安装·下载,高关联(整篇WPS),0.0,1844.0,
wpsoffer软件下载,下载/安装,下载安装,下载,下载/安装·下载安装·下载,高关联(整篇WPS),0.0,1.0,
wpsoffice下载,Office通用,下载安装,下载,Office通用·下载安装·下载,高关联(整篇WPS),0.857,368.0,
wps下载,下载/安装,下载安装,下载,下载/安装·下载安装·下载,高关联(整篇WPS),0.0,89568.0,
wps下载官方版,下载/安装,下载安装,下载,下载/安装·下载安装·下载,高关联(整篇WPS),0.0,369.0,
wps下载最新版,下载/安装,下载安装,下载,下载/安装·下载安装·下载,高关联(整篇WPS),0.0,7.0,
wps免费下载,下载/安装,下载安装,下载,下载/安装·下载安装·下载,高关联(整篇WPS),0.0,3.0,
wps办公软件下载并安装,Office通用,下载安装,下载,Office通用·下载安装·下载,高关联(整篇WPS),0.857,3.0,
wps官网下载,下载/安装,下载安装,下载,下载/安装·下载安装·下载,高关联(整篇WPS),0.0,390.0,
wps文档下载,下载/安装,下载安装,下载,下载/安装·下载安装·下载,高关联(整篇WPS),0.0,4.0,
wps演示下载,PPT,教程操作,下载,PPT·教程操作·下载,中关联(通用+WPS章节),1.0,3.0,
wps表格下载,Excel,下载安装,表格,Excel·下载安装·表格,高关联(整篇WPS),0.274,4.0,
下载WPS,下载/安装,下载安装,下载,下载/安装·下载安装·下载,高关联(整篇WPS),0.0,281.0,
word软件官方下载,Word,下载安装,下载,Word·下载安装·下载,高关联(整篇WPS),0.4224,3.0,
pdf官方下载,PDF,下载安装,下载,PDF·下载安装·下载,高关联(整篇WPS),0.2212,2.0,
免费word文档下载,Word,下载安装,下载,Word·下载安装·下载,高关联(整篇WPS),0.4224,2.0,
pdf24中文版免费下载,PDF,下载安装,下载,PDF·下载安装·下载,高关联(整篇WPS),0.2212,0.0,
云文件下载,下载/安装,下载安装,下载,下载/安装·下载安装·下载,低关联(方法论轻带),0.0,0.0,
云文档怎么下载,云文档/在线,教程操作,下载,云文档/在线·教程操作·下载,中关联(通用+WPS章节),0.4399,0.0,
协同办公app下载安装,云文档/在线,下载安装,下载,云文档/在线·下载安装·下载,低关联(方法论轻带),0.4399,0.0,
协同办公app官方下载,云文档/在线,下载安装,下载,云文档/在线·下载安装·下载,低关联(方法论轻带),0.4399,0.0,
wps office下载,Office通用,下载安装,下载,Office通用·下载安装·下载,高关联(整篇WPS),0.857,29108.0,
wps下载并安装,下载/安装,下载安装,下载,下载/安装·下载安装·下载,高关联(整篇WPS),0.0,9877.0,
wps下载官网下载,下载/安装,下载安装,下载,下载/安装·下载安装·下载,高关联(整篇WPS),0.0,246.0,
WPS 下载,下载/安装,下载安装,下载,下载/安装·下载安装·下载,高关联(整篇WPS),0.0,129.0,
WPS官方下载,下载/安装,下载安装,下载,下载/安装·下载安装·下载,高关联(整篇WPS),0.0,93.0,
wps安装,下载/安装,下载安装,安装,下载/安装·下载安装·安装,高关联(整篇WPS),0.0,212.0,
wps官方下载官网,下载/安装,下载安装,下载,下载/安装·下载安装·下载,高关联(整篇WPS),0.0,108.0,
wps官方正版下载,下载/安装,下载安装,下载,下载/安装·下载安装·下载,高关联(整篇WPS),0.0,323.0,
wps 下载,下载/安装,下载安装,下载,下载/安装·下载安装·下载,高关联(整篇WPS),0.0,52.0,
wps软件下载官方免费下载,下载/安装,下载安装,下载,下载/安装·下载安装·下载,高关联(整篇WPS),0.0,102.0,
WPS Office 下载,Office通用,下载安装,下载,Office通用·下载安装·下载,高关联(整篇WPS),0.857,270.0,
WPS Office 官网下载,Office通用,下载安装,下载,Office通用·下载安装·下载,高关联(整篇WPS),0.857,51.0,
wps 64位下载,下载/安装,下载安装,下载,下载/安装·下载安装·下载,高关联(整篇WPS),0.0,41.0,
wps下载官网,下载/安装,下载安装,下载,下载/安装·下载安装·下载,高关联(整篇WPS),0.0,41.0,
WPS 官网下载,下载/安装,下载安装,下载,下载/安装·下载安装·下载,高关联(整篇WPS),0.0,40.0,
wps官方下载,下载/安装,下载安装,下载,下载/安装·下载安装·下载,高关联(整篇WPS),0.0,39.0,
WPS安装,下载/安装,下载安装,安装,下载/安装·下载安装·安装,高关联(整篇WPS),0.0,212.0,
wps安装包,下载/安装,下载安装,安装,下载/安装·下载安装·安装,高关联(整篇WPS),0.0,299.0,
wps下载官网入口,下载/安装,下载安装,下载,下载/安装·下载安装·下载,高关联(整篇WPS),0.0,28.0,
wps离线安装包,下载/安装,下载安装,安装,下载/安装·下载安装·安装,高关联(整篇WPS),0.0,24.0,
wps下载官网首页,下载/安装,下载安装,下载,下载/安装·下载安装·下载,高关联(整篇WPS),0.0,24.0,
下载wps,下载/安装,下载安装,下载,下载/安装·下载安装·下载,高关联(整篇WPS),0.0,281.0,
WPS下载安装,下载/安装,下载安装,下载,下载/安装·下载安装·下载,高关联(整篇WPS),0.0,86.0,
wps下载安装,下载/安装,下载安装,下载,下载/安装·下载安装·下载,高关联(整篇WPS),0.0,86.0,
wps专业版官网下载,下载/安装,下载安装,下载,下载/安装·下载安装·下载,高关联(整篇WPS),0.0,22.0,
wpsoffice官方免费下载,Office通用,下载安装,下载,Office通用·下载安装·下载,高关联(整篇WPS),0.857,439.0,
wpsapp官方下载,下载/安装,下载安装,下载,下载/安装·下载安装·下载,高关联(整篇WPS),0.0,20.0,
wps官网下载安装,下载/安装,下载安装,下载,下载/安装·下载安装·下载,高关联(整篇WPS),0.0,20.0,
wps下载官方,下载/安装,下载安装,下载,下载/安装·下载安装·下载,高关联(整篇WPS),0.0,17.0,
wps官方下载官网入口,下载/安装,下载安装,下载,下载/安装·下载安装·下载,高关联(整篇WPS),0.0,16.0,
wps office官方下载,Office通用,下载安装,下载,Office通用·下载安装·下载,高关联(整篇WPS),0.857,189.0,
wps表格官方下载,Excel,下载安装,表格,Excel·下载安装·表格,高关联(整篇WPS),0.274,14.0,
wps协作app下载,云文档/在线,教程操作,下载,云文档/在线·教程操作·下载,中关联(通用+WPS章节),0.4399,13.0,
wps教育版下载官网,下载/安装,下载安装,下载,下载/安装·下载安装·下载,高关联(整篇WPS),0.0,12.0,
下载wps办公软件,Office通用,下载安装,下载,Office通用·下载安装·下载,高关联(整篇WPS),0.857,11.0,
wsp下载,下载/安装,下载安装,下载,下载/安装·下载安装·下载,低关联(方法论轻带),0.0,11.0,
wps专业版下载,下载/安装,下载安装,下载,下载/安装·下载安装·下载,高关联(整篇WPS),0.0,138.0,
wps 官网下载,下载/安装,下载安装,下载,下载/安装·下载安装·下载,高关联(整篇WPS),0.0,10.0,
wps2025官网下载,下载/安装,下载安装,下载,下载/安装·下载安装·下载,高关联(整篇WPS),0.0,10.0,
wps office官网下载,Office通用,下载安装,下载,Office通用·下载安装·下载,高关联(整篇WPS),0.857,165.0,
WPS官网下载WPS Office,Office通用,下载安装,下载,Office通用·下载安装·下载,高关联(整篇WPS),0.857,10.0,
WSP下载,下载/安装,下载安装,下载,下载/安装·下载安装·下载,低关联(方法论轻带),0.0,9.0,
下载wps软件并安装,下载/安装,下载安装,下载,下载/安装·下载安装·下载,高关联(整篇WPS),0.0,157.0,
WPS office官网下载,Office通用,下载安装,下载,Office通用·下载安装·下载,高关联(整篇WPS),0.857,165.0,
WPS官网下载VBA插件,下载/安装,教程操作,下载,下载/安装·教程操作·下载,中关联(通用+WPS章节),0.0,9.0,
WPS安装包,下载/安装,下载安装,安装,下载/安装·下载安装·安装,高关联(整篇WPS),0.0,299.0,
wps官网首页下载安装,下载/安装,下载安装,下载,下载/安装·下载安装·下载,高关联(整篇WPS),0.0,9.0,
www.wps.cn下载,下载/安装,下载安装,下载,下载/安装·下载安装·下载,高关联(整篇WPS),0.0,9.0,
http//www.wps.cn官网下载,下载/安装,下载安装,下载,下载/安装·下载安装·下载,高关联(整篇WPS),0.0,8.0,
wps 官方下载,下载/安装,下载安装,下载,下载/安装·下载安装·下载,高关联(整篇WPS),0.0,8.0,
wps表格官网下载,Excel,下载安装,表格,Excel·下载安装·表格,高关联(整篇WPS),0.274,8.0,
wps 安装,下载/安装,下载安装,安装,下载/安装·下载安装·安装,高关联(整篇WPS),0.0,8.0,
wps下载并安装官方下载,下载/安装,下载安装,下载,下载/安装·下载安装·下载,高关联(整篇WPS),0.0,8.0,
WPS office官方正版下载,Office通用,下载安装,下载,Office通用·下载安装·下载,高关联(整篇WPS),0.857,8.0,
wps office 官网下载,Office通用,下载安装,下载,Office通用·下载安装·下载,高关联(整篇WPS),0.857,51.0,
wps office 下载,Office通用,下载安装,下载,Office通用·下载安装·下载,高关联(整篇WPS),0.857,270.0,
wps最新版本下载,下载/安装,下载安装,下载,下载/安装·下载安装·下载,高关联(整篇WPS),0.0,7.0,
wps64位下载,下载/安装,下载安装,下载,下载/安装·下载安装·下载,高关联(整篇WPS),0.0,7.0,
wps官网入口下载,下载/安装,下载安装,下载,下载/安装·下载安装·下载,高关联(整篇WPS),0.0,271.0,
wspoffice下载,Office通用,下载安装,下载,Office通用·下载安装·下载,高关联(整篇WPS),0.857,6.0,
办公软件下载,Office通用,下载安装,下载,Office通用·下载安装·下载,低关联(方法论轻带),0.857,228.0,
wps官方下载免费完整版,下载/安装,下载安装,下载,下载/安装·下载安装·下载,高关联(整篇WPS),0.0,6.0,
wps离线安装包下载,下载/安装,下载安装,下载,下载/安装·下载安装·下载,高关联(整篇WPS),0.0,6.0,
wps离线版安装包,下载/安装,下载安装,安装,下载/安装·下载安装·安装,高关联(整篇WPS),0.0,6.0,
wps中文版官方下载,下载/安装,下载安装,下载,下载/安装·下载安装·下载,高关联(整篇WPS),0.0,6.0,
wps官网下载旧版本,下载/安装,下载安装,下载,下载/安装·下载安装·下载,高关联(整篇WPS),0.0,92.0,
wps office官网下载安装,Office通用,下载安装,下载,Office通用·下载安装·下载,高关联(整篇WPS),0.857,6.0,
wps下载安装官方版,下载/安装,下载安装,下载,下载/安装·下载安装·下载,高关联(整篇WPS),0.0,6.0,
wpsoffice免费下载,Office通用,下载安装,下载,Office通用·下载安装·下载,高关联(整篇WPS),0.857,527.0,
wps下载官网免费,下载/安装,下载安装,下载,下载/安装·下载安装·下载,高关联(整篇WPS),0.0,6.0,
WPS Office 官方下载,Office通用,下载安装,下载,Office通用·下载安装·下载,高关联(整篇WPS),0.857,133.0,
WPS离线安装包,下载/安装,下载安装,安装,下载/安装·下载安装·安装,高关联(整篇WPS),0.0,6.0,
WPS OFFICE 官方下载,Office通用,下载安装,下载,Office通用·下载安装·下载,高关联(整篇WPS),0.857,133.0,
wps office安装包,Office通用,下载安装,安装,Office通用·下载安装·安装,高关联(整篇WPS),0.857,64.0,
wps tv版下载,下载/安装,下载安装,下载,下载/安装·下载安装·下载,高关联(整篇WPS),0.0,5.0,
wps表格软件下载,Excel,下载安装,表格,Excel·下载安装·表格,高关联(整篇WPS),0.274,5.0,
w'p's下载,下载/安装,下载安装,下载,下载/安装·下载安装·下载,高关联(整篇WPS),0.0,5.0,
WPS office下载,Office通用,下载安装,下载,Office通用·下载安装·下载,高关联(整篇WPS),0.857,29108.0,
wpstv版官方下载,下载/安装,下载安装,下载,下载/安装·下载安装·下载,高关联(整篇WPS),0.0,5.0,
wps下载官方版网站,下载/安装,下载安装,下载,下载/安装·下载安装·下载,高关联(整篇WPS),0.0,5.0,
wps个人版怎么下载,下载/安装,教程操作,下载,下载/安装·教程操作·下载,中关联(通用+WPS章节),0.0,5.0,
wps官方下载地址,下载/安装,下载安装,下载,下载/安装·下载安装·下载,高关联(整篇WPS),0.0,5.0,
wps个人免费版怎么下载,下载/安装,教程操作,下载,下载/安装·教程操作·下载,中关联(通用+WPS章节),0.0,5.0,
wps图片下载,下载/安装,教程操作,下载,下载/安装·教程操作·下载,中关联(通用+WPS章节),0.0,5.0,
WPS下载官网,下载/安装,下载安装,下载,下载/安装·下载安装·下载,高关联(整篇WPS),0.0,5.0,
xls表格下载,Excel,下载安装,表格,Excel·下载安装·表格,低关联(方法论轻带),0.274,5.0,
wps办公软件下载,Office通用,下载安装,下载,Office通用·下载安装·下载,高关联(整篇WPS),0.857,5.0,
wps专业版下载 官网,下载/安装,下载安装,下载,下载/安装·下载安装·下载,高关联(整篇WPS),0.0,5.0,
金山wps官网下载,下载/安装,下载安装,下载,下载/安装·下载安装·下载,高关联(整篇WPS),0.0,4.0,
wps卸载工具官方版,下载/安装,下载安装,通用,下载/安装·下载安装·通用,高关联(整篇WPS),0.0,4.0,
wps官网安装,下载/安装,下载安装,安装,下载/安装·下载安装·安装,高关联(整篇WPS),0.0,4.0,
wps官方版,WPS综合,品牌直达,通用,WPS综合·品牌直达·通用,高关联(整篇WPS),0.8135,4.0,
wps365官网下载入口,下载/安装,下载安装,下载,下载/安装·下载安装·下载,高关联(整篇WPS),0.0,4.0,
wps官网64位下载,下载/安装,下载安装,下载,下载/安装·下载安装·下载,高关联(整篇WPS),0.0,4.0,
wps专业增强版下载,下载/安装,下载安装,下载,下载/安装·下载安装·下载,高关联(整篇WPS),0.0,4.0,
wps 32位下载,下载/安装,下载安装,下载,下载/安装·下载安装·下载,高关联(整篇WPS),0.0,4.0,
下载 wps office,Office通用,下载安装,下载,Office通用·下载安装·下载,高关联(整篇WPS),0.857,4.0,
ARM版WPS安装包,下载/安装,下载安装,安装,下载/安装·下载安装·安装,高关联(整篇WPS),0.0,4.0,
wps官网免费下载,下载/安装,下载安装,下载,下载/安装·下载安装·下载,高关联(整篇WPS),0.0,4.0,
wps软件下载,下载/安装,下载安装,下载,下载/安装·下载安装·下载,高关联(整篇WPS),0.0,2548.0,
wps安装包下载,下载/安装,下载安装,下载,下载/安装·下载安装·下载,高关联(整篇WPS),0.0,4.0,
安装wps,下载/安装,下载安装,安装,下载/安装·下载安装·安装,高关联(整篇WPS),0.0,4.0,
wps图片下载官网,下载/安装,教程操作,下载,下载/安装·教程操作·下载,中关联(通用+WPS章节),0.0,4.0,
WPS 安装,下载/安装,下载安装,安装,下载/安装·下载安装·安装,高关联(整篇WPS),0.0,4.0,
WPS office官方下载,Office通用,下载安装,下载,Office通用·下载安装·下载,高关联(整篇WPS),0.857,189.0,
wps office下载官网,Office通用,下载安装,下载,Office通用·下载安装·下载,高关联(整篇WPS),0.857,4.0,
wps最新版本官方下载,下载/安装,下载安装,下载,下载/安装·下载安装·下载,高关联(整篇WPS),0.0,104.0,
wps下载官方下载官网,下载/安装,下载安装,下载,下载/安装·下载安装·下载,高关联(整篇WPS),0.0,4.0,
wps官方安装,下载/安装,下载安装,安装,下载/安装·下载安装·安装,高关联(整篇WPS),0.0,4.0,
wps官网 下载,下载/安装,下载安装,下载,下载/安装·下载安装·下载,高关联(整篇WPS),0.0,4.0,
WPS个人版下载,下载/安装,下载安装,下载,下载/安装·下载安装·下载,高关联(整篇WPS),0.0,4.0,
wps个人版官网下载,下载/安装,下载安装,下载,下载/安装·下载安装·下载,高关联(整篇WPS),0.0,4.0,
金山WPS官网下载,下载/安装,下载安装,下载,下载/安装·下载安装·下载,高关联(整篇WPS),0.0,4.0,
WPS Office官方下载入口,Office通用,下载安装,下载,Office通用·下载安装·下载,高关联(整篇WPS),0.857,3.0,
wsp官网下载,下载/安装,下载安装,下载,下载/安装·下载安装·下载,高关联(整篇WPS),0.0,3.0,
wps官网下载入口,下载/安装,下载安装,下载,下载/安装·下载安装·下载,高关联(整篇WPS),0.0,3.0,
wps免费下载安装,下载/安装,下载安装,下载,下载/安装·下载安装·下载,高关联(整篇WPS),0.0,3.0,
wps网页版下载,云文档/在线,下载安装,下载,云文档/在线·下载安装·下载,高关联(整篇WPS),0.4399,3.0,
WPT官网下载,下载/安装,下载安装,下载,下载/安装·下载安装·下载,高关联(整篇WPS),0.0,3.0,
wps安装下载,下载/安装,下载安装,下载,下载/安装·下载安装·下载,高关联(整篇WPS),0.0,3.0,
WPS Office官方下载,Office通用,下载安装,下载,Office通用·下载安装·下载,高关联(整篇WPS),0.857,189.0,
下载表格excel表格文件,Excel,下载安装,表格,Excel·下载安装·表格,高关联(整篇WPS),0.274,3.0,
wts下载安装,下载/安装,下载安装,下载,下载/安装·下载安装·下载,低关联(方法论轻带),0.0,3.0,
wpsoffice32位官方下载,Office通用,下载安装,下载,Office通用·下载安装·下载,高关联(整篇WPS),0.857,3.0,
wps office 2023官方版,Office通用,品牌直达,通用,Office通用·品牌直达·通用,高关联(整篇WPS),0.857,3.0,
waps下载,下载/安装,下载安装,下载,下载/安装·下载安装·下载,低关联(方法论轻带),0.0,3.0,
wps mac下载,下载/安装,下载安装,下载,下载/安装·下载安装·下载,高关联(整篇WPS),0.0,3.0,
wps官方官网下载,下载/安装,下载安装,下载,下载/安装·下载安装·下载,高关联(整篇WPS),0.0,3.0,
wps2016版本下载,下载/安装,下载安装,下载,下载/安装·下载安装·下载,高关联(整篇WPS),0.0,3.0,
"wps下载,",下载/安装,下载安装,下载,下载/安装·下载安装·下载,高关联(整篇WPS),0.0,3.0,
wps官方下载免费完整版,下载/安装,下载安装,下载,下载/安装·下载安装·下载,高关联(整篇WPS),0.0,3.0,
wpsapp下载官方,下载/安装,下载安装,下载,下载/安装·下载安装·下载,高关联(整篇WPS),0.0,3.0,
xlsx表格下载,Excel,下载安装,表格,Excel·下载安装·表格,低关联(方法论轻带),0.274,3.0,
wps图片软件下载,下载/安装,教程操作,下载,下载/安装·教程操作·下载,中关联(通用+WPS章节),0.0,3.0,
wps word文档下载,Word,下载安装,下载,Word·下载安装·下载,高关联(整篇WPS),0.4224,3.0,
wpsoffice下载安装 软件下载,Office通用,下载安装,下载,Office通用·下载安装·下载,高关联(整篇WPS),0.857,3.0,
wps comate下载,下载/安装,下载安装,下载,下载/安装·下载安装·下载,高关联(整篇WPS),0.0,3.0,
wps历史版本下载官网,下载/安装,下载安装,下载,下载/安装·下载安装·下载,高关联(整篇WPS),0.0,3.0,
下载 WPS,下载/安装,下载安装,下载,下载/安装·下载安装·下载,高关联(整篇WPS),0.0,3.0,
wps企业版下载官网,下载/安装,下载安装,下载,下载/安装·下载安装·下载,高关联(整篇WPS),0.0,3.0,
wps协作下载,云文档/在线,教程操作,下载,云文档/在线·教程操作·下载,中关联(通用+WPS章节),0.4399,3.0,
WPS免费下载,下载/安装,下载安装,下载,下载/安装·下载安装·下载,高关联(整篇WPS),0.0,3.0,
wps官方正版下载入口,下载/安装,下载安装,下载,下载/安装·下载安装·下载,高关联(整篇WPS),0.0,3.0,
wps下载mac版,下载/安装,下载安装,下载,下载/安装·下载安装·下载,高关联(整篇WPS),0.0,3.0,
wps 安装包,下载/安装,下载安装,安装,下载/安装·下载安装·安装,高关联(整篇WPS),0.0,3.0,
安装WPS,下载/安装,下载安装,安装,下载/安装·下载安装·安装,高关联(整篇WPS),0.0,3.0,
wpsoffice app下载,Office通用,下载安装,下载,Office通用·下载安装·下载,高关联(整篇WPS),0.857,3.0,
wps最新版下载官网,下载/安装,下载安装,下载,下载/安装·下载安装·下载,高关联(整篇WPS),0.0,3.0,
WPS企业下载,下载/安装,下载安装,下载,下载/安装·下载安装·下载,高关联(整篇WPS),0.0,3.0,
wps云盘下载,下载/安装,下载安装,下载,下载/安装·下载安装·下载,高关联(整篇WPS),0.0,3.0,
wps word下载,Word,下载安装,下载,Word·下载安装·下载,高关联(整篇WPS),0.4224,3.0,
wps图片安装包,下载/安装,教程操作,安装,下载/安装·教程操作·安装,中关联(通用+WPS章节),0.0,3.0,
WPSApp下载,下载/安装,下载安装,下载,下载/安装·下载安装·下载,高关联(整篇WPS),0.0,1844.0,
免费word办公软件下载,Word,下载安装,下载,Word·下载安装·下载,高关联(整篇WPS),0.4224,3.0,
ws下载,下载/安装,下载安装,下载,下载/安装·下载安装·下载,低关联(方法论轻带),0.0,3.0,
WPS office 下载,Office通用,下载安装,下载,Office通用·下载安装·下载,高关联(整篇WPS),0.857,270.0,
wps企业版下载,下载/安装,下载安装,下载,下载/安装·下载安装·下载,高关联(整篇WPS),0.0,3.0,
WPS软件下载,下载/安装,下载安装,下载,下载/安装·下载安装·下载,高关联(整篇WPS),0.0,2548.0,
WPSoffice下载,Office通用,下载安装,下载,Office通用·下载安装·下载,高关联(整篇WPS),0.857,368.0,
WPSapp下载,下载/安装,下载安装,下载,下载/安装·下载安装·下载,高关联(整篇WPS),0.0,1844.0,
WPS官网下载地址,下载/安装,下载安装,下载,下载/安装·下载安装·下载,高关联(整篇WPS),0.0,3.0,
wps office安装包下载,Office通用,下载安装,下载,Office通用·下载安装·下载,高关联(整篇WPS),0.857,3.0,
wapoffice下载安装,Office通用,下载安装,下载,Office通用·下载安装·下载,高关联(整篇WPS),0.857,3.0,
wps在线安装,云文档/在线,下载安装,安装,云文档/在线·下载安装·安装,高关联(整篇WPS),0.4399,3.0,
wps 64位官网下载,下载/安装,下载安装,下载,下载/安装·下载安装·下载,高关联(整篇WPS),0.0,3.0,
wps个人版下载,下载/安装,下载安装,下载,下载/安装·下载安装·下载,高关联(整篇WPS),0.0,3.0,
wps纯净版下载,下载/安装,下载安装,下载,下载/安装·下载安装·下载,高关联(整篇WPS),0.0,3.0,
wps office下载官方版,Office通用,下载安装,下载,Office通用·下载安装·下载,高关联(整篇WPS),0.857,3.0,
wps2026下载,下载/安装,下载安装,下载,下载/安装·下载安装·下载,高关联(整篇WPS),0.0,3.0,
"wps2023官方下载链接,或者第三方大企业软件助手的下载链接",WPS AI,教程操作,下载,WPS AI·教程操作·下载,中关联(通用+WPS章节),0.0,3.0,
wps怎么下载,下载/安装,教程操作,下载,下载/安装·教程操作·下载,中关联(通用+WPS章节),0.0,116.0,
wsp官方下载,下载/安装,下载安装,下载,下载/安装·下载安装·下载,低关联(方法论轻带),0.0,2.0,
wps pro下载,下载/安装,下载安装,下载,下载/安装·下载安装·下载,高关联(整篇WPS),0.0,2.0,
wpsoffice办公软件下载,Office通用,下载安装,下载,Office通用·下载安装·下载,高关联(整篇WPS),0.857,2.0,
wps专业版2025下载,下载/安装,下载安装,下载,下载/安装·下载安装·下载,高关联(整篇WPS),0.0,2.0,
wps 官方版,WPS综合,品牌直达,通用,WPS综合·品牌直达·通用,高关联(整篇WPS),0.8135,2.0,
wpsword下载安装,Word,下载安装,下载,Word·下载安装·下载,高关联(整篇WPS),0.4224,2.0,
wps完整版下载,下载/安装,下载安装,下载,下载/安装·下载安装·下载,高关联(整篇WPS),0.0,2.0,
"WPS,下载",下载/安装,下载安装,下载,下载/安装·下载安装·下载,高关联(整篇WPS),0.0,2.0,
wps官方正版免费下载,下载/安装,下载安装,下载,下载/安装·下载安装·下载,高关联(整篇WPS),0.0,2.0,
wps官方网站下载,下载/安装,下载安装,下载,下载/安装·下载安装·下载,高关联(整篇WPS),0.0,2.0,
办公软件office2025官方免费下载,Office通用,下载安装,下载,Office通用·下载安装·下载,高关联(整篇WPS),0.857,2.0,
VBA宏插件下载免费,下载/安装,教程操作,下载,下载/安装·教程操作·下载,中关联(通用+WPS章节),0.0,2.0,
wps2019个人版下载,下载/安装,下载安装,下载,下载/安装·下载安装·下载,高关联(整篇WPS),0.0,2.0,
文挡下载,下载/安装,下载安装,下载,下载/安装·下载安装·下载,低关联(方法论轻带),0.0,2.0,
wps.cn官网下载,下载/安装,下载安装,下载,下载/安装·下载安装·下载,高关联(整篇WPS),0.0,2.0,
wps办公软件官方下载,Office通用,下载安装,下载,Office通用·下载安装·下载,高关联(整篇WPS),0.857,2.0,
下载wps官网,下载/安装,下载安装,下载,下载/安装·下载安装·下载,高关联(整篇WPS),0.0,2.0,
wps教育版官方下载,下载/安装,下载安装,下载,下载/安装·下载安装·下载,高关联(整篇WPS),0.0,141.0,
Wps下载,下载/安装,下载安装,下载,下载/安装·下载安装·下载,高关联(整篇WPS),0.0,89568.0,
金山办公app官方下载,下载/安装,下载安装,下载,下载/安装·下载安装·下载,高关联(整篇WPS),0.0,2.0,
wps麒麟版安装包,下载/安装,下载安装,安装,下载/安装·下载安装·安装,高关联(整篇WPS),0.0,2.0,
免费下载wps,下载/安装,下载安装,下载,下载/安装·下载安装·下载,高关联(整篇WPS),0.0,2.0,
wps电视版官方下载,下载/安装,下载安装,下载,下载/安装·下载安装·下载,高关联(整篇WPS),0.0,2.0,
wpsword官网下载,Word,下载安装,下载,Word·下载安装·下载,高关联(整篇WPS),0.4224,2.0,
金山wps office正版软件下载,Office通用,下载安装,下载,Office通用·下载安装·下载,高关联(整篇WPS),0.857,2.0,
wps旧版本下载,下载/安装,下载安装,下载,下载/安装·下载安装·下载,高关联(整篇WPS),0.0,87.0,
wps365下载,下载/安装,下载安装,下载,下载/安装·下载安装·下载,高关联(整篇WPS),0.0,2.0,
下载wps官方免费,下载/安装,下载安装,下载,下载/安装·下载安装·下载,高关联(整篇WPS),0.0,2.0,
办公软件下载wps,Office通用,下载安装,下载,Office通用·下载安装·下载,高关联(整篇WPS),0.857,2.0,
WPSOffice官方下载安装,Office通用,下载安装,下载,Office通用·下载安装·下载,高关联(整篇WPS),0.857,2.0,
wps64位官方下载,下载/安装,下载安装,下载,下载/安装·下载安装·下载,高关联(整篇WPS),0.0,2.0,
wps32位下载官网,下载/安装,下载安装,下载,下载/安装·下载安装·下载,高关联(整篇WPS),0.0,2.0,
永久免费wps软件下载,下载/安装,下载安装,下载,下载/安装·下载安装·下载,高关联(整篇WPS),0.0,2.0,
企业安装wps,下载/安装,下载安装,安装,下载/安装·下载安装·安装,高关联(整篇WPS),0.0,2.0,
wps麒麟版下载,下载/安装,下载安装,下载,下载/安装·下载安装·下载,高关联(整篇WPS),0.0,2.0,
wps pro官网下载,下载/安装,下载安装,下载,下载/安装·下载安装·下载,高关联(整篇WPS),0.0,2.0,
wps安装包2019,下载/安装,下载安装,安装,下载/安装·下载安装·安装,高关联(整篇WPS),0.0,2.0,
wps表格软件安装,Excel,下载安装,表格,Excel·下载安装·表格,高关联(整篇WPS),0.274,2.0,
麒麟系统wps官方下载,下载/安装,下载安装,下载,下载/安装·下载安装·下载,高关联(整篇WPS),0.0,2.0,
wps个人版 下载,下载/安装,下载安装,下载,下载/安装·下载安装·下载,高关联(整篇WPS),0.0,2.0,
WPS下载方式,下载/安装,下载安装,下载,下载/安装·下载安装·下载,高关联(整篇WPS),0.0,2.0,
WPS统信版下载官网,下载/安装,下载安装,下载,下载/安装·下载安装·下载,高关联(整篇WPS),0.0,2.0,
wps 2025版本下载,下载/安装,下载安装,下载,下载/安装·下载安装·下载,高关联(整篇WPS),0.0,2.0,
免费办公软件下载官方网站,Office通用,下载安装,下载,Office通用·下载安装·下载,低关联(方法论轻带),0.857,2.0,
wps老版本免费下载,下载/安装,下载安装,下载,下载/安装·下载安装·下载,高关联(整篇WPS),0.0,2.0,
免费下载wps办公软件,Office通用,下载安装,下载,Office通用·下载安装·下载,高关联(整篇WPS),0.857,2.0,
wps2023专业版下载地址,下载/安装,下载安装,下载,下载/安装·下载安装·下载,高关联(整篇WPS),0.0,2.0,
WPS 下载中心,下载/安装,下载安装,下载,下载/安装·下载安装·下载,高关联(整篇WPS),0.0,2.0,
wps 专业增强版 官网下载,下载/安装,下载安装,下载,下载/安装·下载安装·下载,高关联(整篇WPS),0.0,2.0,
wps离线安装包下载官网,下载/安装,下载安装,下载,下载/安装·下载安装·下载,高关联(整篇WPS),0.0,2.0,
wps的vba模块官方下载,下载/安装,教程操作,下载,下载/安装·教程操作·下载,中关联(通用+WPS章节),0.0,2.0,
wpsoffce下载官网正版,下载/安装,下载安装,下载,下载/安装·下载安装·下载,高关联(整篇WPS),0.0,2.0,
WPS下载官网首页,下载/安装,下载安装,下载,下载/安装·下载安装·下载,高关联(整篇WPS),0.0,2.0,
wps linux个人版下载,下载/安装,下载安装,下载,下载/安装·下载安装·下载,高关联(整篇WPS),0.0,2.0,
下载wpsoffice,Office通用,下载安装,下载,Office通用·下载安装·下载,高关联(整篇WPS),0.857,64.0,
WPS mac 下载,下载/安装,下载安装,下载,下载/安装·下载安装·下载,高关联(整篇WPS),0.0,2.0,
wps下载中心,下载/安装,下载安装,下载,下载/安装·下载安装·下载,高关联(整篇WPS),0.0,2.0,
WPS表格下载,Excel,下载安装,表格,Excel·下载安装·表格,高关联(整篇WPS),0.274,2.0,
wps软件下载官网,下载/安装,下载安装,下载,下载/安装·下载安装·下载,高关联(整篇WPS),0.0,2.0,
wps看图软件下载,下载/安装,下载安装,下载,下载/安装·下载安装·下载,高关联(整篇WPS),0.0,2.0,
w下载,下载/安装,下载安装,下载,下载/安装·下载安装·下载,低关联(方法论轻带),0.0,2.0,
wpsOFFICE官网下载,Office通用,下载安装,下载,Office通用·下载安装·下载,高关联(整篇WPS),0.857,2.0,
wpsoffice办公软件官方版,Office通用,品牌直达,通用,Office通用·品牌直达·通用,高关联(整篇WPS),0.857,2.0,
wps下载安装包,下载/安装,下载安装,下载,下载/安装·下载安装·下载,高关联(整篇WPS),0.0,114.0,
WPS下载网站,下载/安装,下载安装,下载,下载/安装·下载安装·下载,高关联(整篇WPS),0.0,2.0,
wps2025下载,下载/安装,下载安装,下载,下载/安装·下载安装·下载,高关联(整篇WPS),0.0,2.0,
WPS 官方下载,下载/安装,下载安装,下载,下载/安装·下载安装·下载,高关联(整篇WPS),0.0,2.0,
wps office免费下载,Office通用,下载安装,下载,Office通用·下载安装·下载,高关联(整篇WPS),0.857,78.0,
wps 64位 下载,下载/安装,下载安装,下载,下载/安装·下载安装·下载,高关联(整篇WPS),0.0,2.0,
wps最新版本2026官方下载,下载/安装,下载安装,下载,下载/安装·下载安装·下载,高关联(整篇WPS),0.0,2.0,
wps vba宏插件下载,下载/安装,教程操作,下载,下载/安装·教程操作·下载,中关联(通用+WPS章节),0.0,2.0,
WPS Office 下载官网,Office通用,下载安装,下载,Office通用·下载安装·下载,高关联(整篇WPS),0.857,2.0,
wps下载入口,下载/安装,下载安装,下载,下载/安装·下载安装·下载,高关联(整篇WPS),0.0,2.0,
wps2023官方下载,下载/安装,下载安装,下载,下载/安装·下载安装·下载,高关联(整篇WPS),0.0,2.0,
WPS官方正版下载,下载/安装,下载安装,下载,下载/安装·下载安装·下载,高关联(整篇WPS),0.0,323.0,
wps官方版下载入口,下载/安装,下载安装,下载,下载/安装·下载安装·下载,高关联(整篇WPS),0.0,2.0,
wps教育考试专用版下载,下载/安装,下载安装,下载,下载/安装·下载安装·下载,高关联(整篇WPS),0.0,2.0,
wps软件下载免费完整版,下载/安装,下载安装,下载,下载/安装·下载安装·下载,高关联(整篇WPS),0.0,2.0,
金山WPS Office下载,Office通用,下载安装,下载,Office通用·下载安装·下载,高关联(整篇WPS),0.857,2.0,
wpsoffice最新版本下载,Office通用,下载安装,下载,Office通用·下载安装·下载,高关联(整篇WPS),0.857,2.0,
WPS office官网下载安装,Office通用,下载安装,下载,Office通用·下载安装·下载,高关联(整篇WPS),0.857,2.0,
wps office下载安装官网,Office通用,下载安装,下载,Office通用·下载安装·下载,高关联(整篇WPS),0.857,2.0,
wps安装官方,下载/安装,下载安装,安装,下载/安装·下载安装·安装,高关联(整篇WPS),0.0,2.0,
wps office 安装,Office通用,下载安装,安装,Office通用·下载安装·安装,高关联(整篇WPS),0.857,2.0,
wps2023版本下载,下载/安装,下载安装,下载,下载/安装·下载安装·下载,高关联(整篇WPS),0.0,2.0,
wps中国官网下载,下载/安装,下载安装,下载,下载/安装·下载安装·下载,高关联(整篇WPS),0.0,2.0,
wps offic下载,下载/安装,下载安装,下载,下载/安装·下载安装·下载,高关联(整篇WPS),0.0,2.0,
wps会议app官方下载,下载/安装,下载安装,下载,下载/安装·下载安装·下载,高关联(整篇WPS),0.0,2.0,
WPS协作下载,云文档/在线,教程操作,下载,云文档/在线·教程操作·下载,中关联(通用+WPS章节),0.4399,2.0,
WPS 安装包,下载/安装,下载安装,安装,下载/安装·下载安装·安装,高关联(整篇WPS),0.0,2.0,
wps统信系统安装包下载,下载/安装,下载安装,下载,下载/安装·下载安装·下载,高关联(整篇WPS),0.0,2.0,
wps企业版下载 官网,下载/安装,下载安装,下载,下载/安装·下载安装·下载,高关联(整篇WPS),0.0,2.0,
WPS中文版下载,下载/安装,下载安装,下载,下载/安装·下载安装·下载,高关联(整篇WPS),0.0,2.0,
"wps下载""",下载/安装,下载安装,下载,下载/安装·下载安装·下载,高关联(整篇WPS),0.0,2.0,
wps2024下载,下载/安装,下载安装,下载,下载/安装·下载安装·下载,高关联(整篇WPS),0.0,2.0,
wps tv版官网下载,下载/安装,下载安装,下载,下载/安装·下载安装·下载,高关联(整篇WPS),0.0,2.0,
wps电视版安装包,下载/安装,下载安装,安装,下载/安装·下载安装·安装,高关联(整篇WPS),0.0,2.0,
wps2019下载官网,下载/安装,下载安装,下载,下载/安装·下载安装·下载,高关联(整篇WPS),0.0,2.0,
wps国际版下载官网,下载/安装,下载安装,下载,下载/安装·下载安装·下载,高关联(整篇WPS),0.0,2.0,
wps excel下载,Excel,下载安装,下载,Excel·下载安装·下载,高关联(整篇WPS),0.274,2.0,
WPS 64位下载,下载/安装,下载安装,下载,下载/安装·下载安装·下载,高关联(整篇WPS),0.0,2.0,
WPS Office_官方安全下载,Office通用,下载安装,下载,Office通用·下载安装·下载,高关联(整篇WPS),0.857,2.0,
wps旧版本下载官网,下载/安装,下载安装,下载,下载/安装·下载安装·下载,高关联(整篇WPS),0.0,2.0,
www.wps.cn 下载,下载/安装,下载安装,下载,下载/安装·下载安装·下载,高关联(整篇WPS),0.0,2.0,
wps 64位下载官网,下载/安装,下载安装,下载,下载/安装·下载安装·下载,高关联(整篇WPS),0.0,2.0,
wps 下载安装,下载/安装,下载安装,下载,下载/安装·下载安装·下载,高关联(整篇WPS),0.0,2.0,
wps office网页版下载,云文档/在线,下载安装,下载,云文档/在线·下载安装·下载,高关联(整篇WPS),0.4399,2.0,
wps32位安装包,下载/安装,下载安装,安装,下载/安装·下载安装·安装,高关联(整篇WPS),0.0,2.0,
WPSTV版安装包,下载/安装,下载安装,安装,下载/安装·下载安装·安装,高关联(整篇WPS),0.0,2.0,
wps政务版下载,下载/安装,下载安装,下载,下载/安装·下载安装·下载,高关联(整篇WPS),0.0,1.0,
wps deb安装包,下载/安装,下载安装,安装,下载/安装·下载安装·安装,高关联(整篇WPS),0.0,1.0,
wsp下载官方,下载/安装,下载安装,下载,下载/安装·下载安装·下载,低关联(方法论轻带),0.0,1.0,
wps最新版下载,下载/安装,下载安装,下载,下载/安装·下载安装·下载,高关联(整篇WPS),0.0,1.0,
wps0fflce软件下载,下载/安装,下载安装,下载,下载/安装·下载安装·下载,高关联(整篇WPS),0.0,1.0,
wps下载地址,下载/安装,下载安装,下载,下载/安装·下载安装·下载,高关联(整篇WPS),0.0,1.0,
wps文字下载安装,Word,下载安装,下载,Word·下载安装·下载,高关联(整篇WPS),0.4224,1.0,
wps安装包官网,下载/安装,下载安装,安装,下载/安装·下载安装·安装,高关联(整篇WPS),0.0,1.0,
WPs下载,下载/安装,下载安装,下载,下载/安装·下载安装·下载,高关联(整篇WPS),0.0,89568.0,
wps个人版官方下载,下载/安装,下载安装,下载,下载/安装·下载安装·下载,高关联(整篇WPS),0.0,1.0,
wps文字下载,Word,下载安装,下载,Word·下载安装·下载,高关联(整篇WPS),0.4224,1.0,
麒麟系统wps黑体字体下载安装,下载/安装,教程操作,下载,下载/安装·教程操作·下载,中关联(通用+WPS章节),0.0,1.0,
wps office官方免费下载,Office通用,下载安装,下载,Office通用·下载安装·下载,高关联(整篇WPS),0.857,1.0,
wps32位下载,下载/安装,下载安装,下载,下载/安装·下载安装·下载,高关联(整篇WPS),0.0,1.0,
WPS365下载,下载/安装,下载安装,下载,下载/安装·下载安装·下载,高关联(整篇WPS),0.0,1.0,
wps office 免费下载安装,Office通用,下载安装,下载,Office通用·下载安装·下载,高关联(整篇WPS),0.857,1.0,
wps OFFICE办公软件官方下载,Office通用,下载安装,下载,Office通用·下载安装·下载,高关联(整篇WPS),0.857,1.0,
wsp安装,下载/安装,下载安装,安装,下载/安装·下载安装·安装,低关联(方法论轻带),0.0,1.0,
wps官网网址下载,下载/安装,下载安装,下载,下载/安装·下载安装·下载,高关联(整篇WPS),0.0,1.0,
wps下载安装官网,下载/安装,下载安装,下载,下载/安装·下载安装·下载,高关联(整篇WPS),0.0,1.0,
wps2019麒麟版下载,下载/安装,下载安装,下载,下载/安装·下载安装·下载,高关联(整篇WPS),0.0,1.0,
wps 下载 官网,下载/安装,下载安装,下载,下载/安装·下载安装·下载,高关联(整篇WPS),0.0,1.0,
WPS 下载 官网,下载/安装,下载安装,下载,下载/安装·下载安装·下载,高关联(整篇WPS),0.0,1.0,
wps家庭版下载,下载/安装,下载安装,下载,下载/安装·下载安装·下载,高关联(整篇WPS),0.0,1.0,
WPS下载 官网,下载/安装,下载安装,下载,下载/安装·下载安装·下载,高关联(整篇WPS),0.0,1.0,
microsoft office免费下载,Office通用,下载安装,下载,Office通用·下载安装·下载,高关联(整篇WPS),0.857,1.0,
下载wpsOffice,Office通用,下载安装,下载,Office通用·下载安装·下载,高关联(整篇WPS),0.857,64.0,
wps95下载,下载/安装,下载安装,下载,下载/安装·下载安装·下载,高关联(整篇WPS),0.0,1.0,
WPS Office 64位下载,Office通用,下载安装,下载,Office通用·下载安装·下载,高关联(整篇WPS),0.857,1.0,
wps官网下载并安装,下载/安装,下载安装,下载,下载/安装·下载安装·下载,高关联(整篇WPS),0.0,1.0,
下载Wps,下载/安装,下载安装,下载,下载/安装·下载安装·下载,高关联(整篇WPS),0.0,281.0,
wpS下载,下载/安装,下载安装,下载,下载/安装·下载安装·下载,高关联(整篇WPS),0.0,89568.0,
wps离线安装包怎么下载,下载/安装,教程操作,下载,下载/安装·教程操作·下载,中关联(通用+WPS章节),0.0,1.0,
wwps下载,下载/安装,下载安装,下载,下载/安装·下载安装·下载,高关联(整篇WPS),0.0,1.0,
WPS TV版安装包,下载/安装,下载安装,安装,下载/安装·下载安装·安装,高关联(整篇WPS),0.0,1.0,
WPS表格官网下载,Excel,下载安装,表格,Excel·下载安装·表格,高关联(整篇WPS),0.274,1.0,
WPS在线文档下载,云文档/在线,下载安装,下载,云文档/在线·下载安装·下载,高关联(整篇WPS),0.4399,1.0,
wps官网下载wps,下载/安装,下载安装,下载,下载/安装·下载安装·下载,高关联(整篇WPS),0.0,1.0,
wps官网下载免广告,下载/安装,下载安装,下载,下载/安装·下载安装·下载,高关联(整篇WPS),0.0,1.0,
wps官方下载2025,下载/安装,下载安装,下载,下载/安装·下载安装·下载,高关联(整篇WPS),0.0,1.0,
wps中文版免费下载,下载/安装,下载安装,下载,下载/安装·下载安装·下载,高关联(整篇WPS),0.0,1.0,
wpS官方下载,下载/安装,下载安装,下载,下载/安装·下载安装·下载,高关联(整篇WPS),0.0,1.0,
wps.apk下载,下载/安装,下载安装,下载,下载/安装·下载安装·下载,高关联(整篇WPS),0.0,1.0,
wps解压软件官方下载,下载/安装,下载安装,下载,下载/安装·下载安装·下载,高关联(整篇WPS),0.0,1.0,
"wps下载,官网",下载/安装,下载安装,下载,下载/安装·下载安装·下载,高关联(整篇WPS),0.0,1.0,
wsp 下载,下载/安装,下载安装,下载,下载/安装·下载安装·下载,低关联(方法论轻带),0.0,1.0,
wps office 官网安装,Office通用,下载安装,安装,Office通用·下载安装·安装,高关联(整篇WPS),0.857,1.0,
wps vba宏插件下载安装,下载/安装,教程操作,下载,下载/安装·教程操作·下载,中关联(通用+WPS章节),0.0,1.0,
wps2019个人版离线安装包,下载/安装,下载安装,安装,下载/安装·下载安装·安装,高关联(整篇WPS),0.0,1.0,
wps安装包 官网,下载/安装,下载安装,安装,下载/安装·下载安装·安装,高关联(整篇WPS),0.0,1.0,
WPS办公软件下载,Office通用,下载安装,下载,Office通用·下载安装·下载,高关联(整篇WPS),0.857,1.0,
wps365官网下载,下载/安装,下载安装,下载,下载/安装·下载安装·下载,高关联(整篇WPS),0.0,1.0,
wpsoffice下载官网,Office通用,下载安装,下载,Office通用·下载安装·下载,高关联(整篇WPS),0.857,1.0,
wps官网下载个人版,下载/安装,下载安装,下载,下载/安装·下载安装·下载,高关联(整篇WPS),0.0,1.0,
wps校园版官方下载,下载/安装,下载安装,下载,下载/安装·下载安装·下载,高关联(整篇WPS),0.0,1.0,
WPT官方下载,下载/安装,下载安装,下载,下载/安装·下载安装·下载,低关联(方法论轻带),0.0,1.0,
WPS 64位 下载,下载/安装,下载安装,下载,下载/安装·下载安装·下载,高关联(整篇WPS),0.0,1.0,
WPS文档软件免费下载,下载/安装,下载安装,下载,下载/安装·下载安装·下载,高关联(整篇WPS),0.0,1.0,
wps下载 官网,下载/安装,下载安装,下载,下载/安装·下载安装·下载,高关联(整篇WPS),0.0,1.0,
wps10314下载,下载/安装,下载安装,下载,下载/安装·下载安装·下载,高关联(整篇WPS),0.0,1.0,
免费word在线编辑下载,Word,教程操作,下载,Word·教程操作·下载,中关联(通用+WPS章节),0.4224,1.0,
WPS Office个人版下载,Office通用,下载安装,下载,Office通用·下载安装·下载,高关联(整篇WPS),0.857,104.0,
WPS表格软件安装,Excel,下载安装,表格,Excel·下载安装·表格,高关联(整篇WPS),0.274,1.0,
wps官网下载地址,下载/安装,下载安装,下载,下载/安装·下载安装·下载,高关联(整篇WPS),0.0,1.0,
WPS官方下载网址,下载/安装,下载安装,下载,下载/安装·下载安装·下载,高关联(整篇WPS),0.0,1.0,
文档软件免费下载,下载/安装,下载安装,下载,下载/安装·下载安装·下载,低关联(方法论轻带),0.0,1.0,
wps协作软件下载官网,云文档/在线,教程操作,下载,云文档/在线·教程操作·下载,中关联(通用+WPS章节),0.4399,1.0,
wpsoffice 软件下载,Office通用,下载安装,下载,Office通用·下载安装·下载,高关联(整篇WPS),0.857,249.0,
wps公文字体包下载,Word,教程操作,下载,Word·教程操作·下载,中关联(通用+WPS章节),0.4224,1.0,
wps安装程序,下载/安装,下载安装,安装,下载/安装·下载安装·安装,高关联(整篇WPS),0.0,1.0,
wps字库下载,下载/安装,下载安装,下载,下载/安装·下载安装·下载,高关联(整篇WPS),0.0,1.0,
wps2020下载,下载/安装,下载安装,下载,下载/安装·下载安装·下载,高关联(整篇WPS),0.0,1.0,
WPS官网安装,下载/安装,下载安装,安装,下载/安装·下载安装·安装,高关联(整篇WPS),0.0,1.0,
wps64位安装,下载/安装,下载安装,安装,下载/安装·下载安装·安装,高关联(整篇WPS),0.0,1.0,
wps 2025 下载,下载/安装,下载安装,下载,下载/安装·下载安装·下载,高关联(整篇WPS),0.0,1.0,
下载官网 wps,下载/安装,下载安装,下载,下载/安装·下载安装·下载,高关联(整篇WPS),0.0,1.0,
下载WPSOffice,Office通用,下载安装,下载,Office通用·下载安装·下载,高关联(整篇WPS),0.857,64.0,
wps 下载 官网地址,下载/安装,下载安装,下载,下载/安装·下载安装·下载,高关联(整篇WPS),0.0,1.0,
wps表格下载并安装,Excel,下载安装,表格,Excel·下载安装·表格,高关联(整篇WPS),0.274,1.0,
wps office v11. 1 下载,Office通用,下载安装,下载,Office通用·下载安装·下载,高关联(整篇WPS),0.857,1.0,
WPS教育考试专用版下载,下载/安装,下载安装,下载,下载/安装·下载安装·下载,高关联(整篇WPS),0.0,1.0,
wps官网金山办公软件下载,Office通用,下载安装,下载,Office通用·下载安装·下载,高关联(整篇WPS),0.857,1.0,
下载wps办公软件 官网安装,Office通用,下载安装,下载,Office通用·下载安装·下载,高关联(整篇WPS),0.857,1.0,
wps解压下载,下载/安装,下载安装,下载,下载/安装·下载安装·下载,高关联(整篇WPS),0.0,1.0,
wps笔记下载,下载/安装,下载安装,下载,下载/安装·下载安装·下载,高关联(整篇WPS),0.0,1.0,
wps 表格 下载,Excel,下载安装,表格,Excel·下载安装·表格,高关联(整篇WPS),0.274,1.0,
软件下载办公,下载/安装,下载安装,下载,下载/安装·下载安装·下载,低关联(方法论轻带),0.0,1.0,
下载wps文档,下载/安装,下载安装,下载,下载/安装·下载安装·下载,高关联(整篇WPS),0.0,1.0,
officewps办公软件免费下载版,Office通用,下载安装,下载,Office通用·下载安装·下载,高关联(整篇WPS),0.857,1.0,
下载w,下载/安装,下载安装,下载,下载/安装·下载安装·下载,低关联(方法论轻带),0.0,1.0,
WPS office网页版下载,云文档/在线,下载安装,下载,云文档/在线·下载安装·下载,高关联(整篇WPS),0.4399,1.0,
wps安装包官方网站入口,下载/安装,下载安装,安装,下载/安装·下载安装·安装,高关联(整篇WPS),0.0,1.0,
wps图片官网下载,下载/安装,教程操作,下载,下载/安装·教程操作·下载,中关联(通用+WPS章节),0.0,1.0,
wps办公软件最新版官方下载,Office通用,下载安装,下载,Office通用·下载安装·下载,高关联(整篇WPS),0.857,1.0,
offce wps 下载,下载/安装,下载安装,下载,下载/安装·下载安装·下载,高关联(整篇WPS),0.0,1.0,
WPS Query 下载,下载/安装,下载安装,下载,下载/安装·下载安装·下载,高关联(整篇WPS),0.0,1.0,
wps办公软件下载官网,Office通用,下载安装,下载,Office通用·下载安装·下载,高关联(整篇WPS),0.857,1.0,
wps蓝色版本下载官网,下载/安装,下载安装,下载,下载/安装·下载安装·下载,高关联(整篇WPS),0.0,1.0,
wps图片查看器下载,下载/安装,教程操作,下载,下载/安装·教程操作·下载,中关联(通用+WPS章节),0.0,1.0,
金山WPS下载,下载/安装,下载安装,下载,下载/安装·下载安装·下载,高关联(整篇WPS),0.0,1.0,
WPS64位下载,下载/安装,下载安装,下载,下载/安装·下载安装·下载,高关联(整篇WPS),0.0,1.0,
WPS2026下载,下载/安装,下载安装,下载,下载/安装·下载安装·下载,高关联(整篇WPS),0.0,1.0,
WPS中国版下载,下载/安装,下载安装,下载,下载/安装·下载安装·下载,高关联(整篇WPS),0.0,1.0,
wps极速版下载,下载/安装,下载安装,下载,下载/安装·下载安装·下载,高关联(整篇WPS),0.0,1.0,
免费wps办公软件下载,Office通用,下载安装,下载,Office通用·下载安装·下载,高关联(整篇WPS),0.857,1.0,
WPSpro下载,下载/安装,下载安装,下载,下载/安装·下载安装·下载,高关联(整篇WPS),0.0,1.0,
wps office 官方下载,Office通用,下载安装,下载,Office通用·下载安装·下载,高关联(整篇WPS),0.857,133.0,
microsoft office官方下载,Office通用,下载安装,下载,Office通用·下载安装·下载,高关联(整篇WPS),0.857,1.0,
wPS下载,下载/安装,下载安装,下载,下载/安装·下载安装·下载,高关联(整篇WPS),0.0,89568.0,
wps office免费下载APP.,Office通用,下载安装,下载,Office通用·下载安装·下载,高关联(整篇WPS),0.857,1.0,
WPS大客户版下载,下载/安装,下载安装,下载,下载/安装·下载安装·下载,高关联(整篇WPS),0.0,1.0,
wps 麒麟系统下载,下载/安装,下载安装,下载,下载/安装·下载安装·下载,高关联(整篇WPS),0.0,1.0,
下载wpsoffice软件并安装,Office通用,下载安装,下载,Office通用·下载安装·下载,高关联(整篇WPS),0.857,1.0,
wps免费下载完整版,下载/安装,下载安装,下载,下载/安装·下载安装·下载,高关联(整篇WPS),0.0,1.0,
wps office软件下载,Office通用,下载安装,下载,Office通用·下载安装·下载,高关联(整篇WPS),0.857,51.0,
wps国内版官网下载,下载/安装,下载安装,下载,下载/安装·下载安装·下载,高关联(整篇WPS),0.0,1.0,
WPS最新版官方下载,下载/安装,下载安装,下载,下载/安装·下载安装·下载,高关联(整篇WPS),0.0,1.0,
wps纯净版官方下载,下载/安装,下载安装,下载,下载/安装·下载安装·下载,高关联(整篇WPS),0.0,1.0,
wps2023专业版下载,下载/安装,下载安装,下载,下载/安装·下载安装·下载,高关联(整篇WPS),0.0,1.0,
wps offce 免费下载,下载/安装,下载安装,下载,下载/安装·下载安装·下载,高关联(整篇WPS),0.0,1.0,
wps 在线下载,云文档/在线,下载安装,下载,云文档/在线·下载安装·下载,高关联(整篇WPS),0.4399,1.0,
WPS会议下载,下载/安装,下载安装,下载,下载/安装·下载安装·下载,高关联(整篇WPS),0.0,1.0,
WPS在线下载,云文档/在线,下载安装,下载,云文档/在线·下载安装·下载,高关联(整篇WPS),0.4399,1.0,
国内wps下载,下载/安装,下载安装,下载,下载/安装·下载安装·下载,高关联(整篇WPS),0.0,1.0,
表格wps下载,Excel,下载安装,表格,Excel·下载安装·表格,高关联(整篇WPS),0.274,1.0,
安装wps下载,下载/安装,下载安装,下载,下载/安装·下载安装·下载,高关联(整篇WPS),0.0,1.0,
WPS MAC下载,下载/安装,下载安装,下载,下载/安装·下载安装·下载,高关联(整篇WPS),0.0,1.0,
WPS 32位下载,下载/安装,下载安装,下载,下载/安装·下载安装·下载,高关联(整篇WPS),0.0,1.0,
WPSG=官网下载,下载/安装,下载安装,下载,下载/安装·下载安装·下载,高关联(整篇WPS),0.0,1.0,
wps msi安装包,下载/安装,下载安装,安装,下载/安装·下载安装·安装,高关联(整篇WPS),0.0,1.0,
wps无广告纯净版下载,下载/安装,下载安装,下载,下载/安装·下载安装·下载,高关联(整篇WPS),0.0,1.0,
wps office最新版下载,Office通用,下载安装,下载,Office通用·下载安装·下载,高关联(整篇WPS),0.857,1.0,
WPS下载官网网址,下载/安装,下载安装,下载,下载/安装·下载安装·下载,高关联(整篇WPS),0.0,1.0,
wps免安装版下载,下载/安装,下载安装,下载,下载/安装·下载安装·下载,高关联(整篇WPS),0.0,1.0,
wps桌面助手下载,WPS AI,下载安装,下载,WPS AI·下载安装·下载,高关联(整篇WPS),0.0,1.0,
wps离线版本下载,下载/安装,下载安装,下载,下载/安装·下载安装·下载,高关联(整篇WPS),0.0,1.0,
word文档官网下载,Word,下载安装,下载,Word·下载安装·下载,高关联(整篇WPS),0.4224,1.0,
wps office旧版本下载官网,Office通用,下载安装,下载,Office通用·下载安装·下载,高关联(整篇WPS),0.857,1.0,
wps中文版下载官网,下载/安装,下载安装,下载,下载/安装·下载安装·下载,高关联(整篇WPS),0.0,1.0,
wps 管网下载,下载/安装,下载安装,下载,下载/安装·下载安装·下载,高关联(整篇WPS),0.0,1.0,
wsp下载链接,下载/安装,教程操作,下载,下载/安装·教程操作·下载,中关联(通用+WPS章节),0.0,1.0,
WPS2025下载,下载/安装,下载安装,下载,下载/安装·下载安装·下载,高关联(整篇WPS),0.0,1.0,
WPS安装版下载,下载/安装,下载安装,下载,下载/安装·下载安装·下载,高关联(整篇WPS),0.0,1.0,
新创版wps下载,下载/安装,下载安装,下载,下载/安装·下载安装·下载,高关联(整篇WPS),0.0,1.0,
wps图片官网下载安装,下载/安装,教程操作,下载,下载/安装·教程操作·下载,中关联(通用+WPS章节),0.0,1.0,
wps下载64,下载/安装,下载安装,下载,下载/安装·下载安装·下载,高关联(整篇WPS),0.0,1.0,
WPS v11.0.1.12919下载,下载/安装,下载安装,下载,下载/安装·下载安装·下载,高关联(整篇WPS),0.0,1.0,
wps电视版apk安装包,下载/安装,下载安装,安装,下载/安装·下载安装·安装,高关联(整篇WPS),0.0,1.0,
wps最新版官方下载官网,下载/安装,下载安装,下载,下载/安装·下载安装·下载,高关联(整篇WPS),0.0,1.0,
wps官网入口下载最新版,下载/安装,下载安装,下载,下载/安装·下载安装·下载,高关联(整篇WPS),0.0,1.0,
wps office官网首页下载,Office通用,下载安装,下载,Office通用·下载安装·下载,高关联(整篇WPS),0.857,1.0,
下载 wps,下载/安装,下载安装,下载,下载/安装·下载安装·下载,高关联(整篇WPS),0.0,1.0,
wps office个人版下载,Office通用,下载安装,下载,Office通用·下载安装·下载,高关联(整篇WPS),0.857,104.0,
W下载,下载/安装,下载安装,下载,下载/安装·下载安装·下载,低关联(方法论轻带),0.0,1.0,
WPS office官方免费下载,Office通用,下载安装,下载,Office通用·下载安装·下载,高关联(整篇WPS),0.857,1.0,
wps官网下载网站,下载/安装,下载安装,下载,下载/安装·下载安装·下载,高关联(整篇WPS),0.0,1.0,
wps.cn官方下载,下载/安装,下载安装,下载,下载/安装·下载安装·下载,高关联(整篇WPS),0.0,1.0,
官网WPSapp下载,下载/安装,下载安装,下载,下载/安装·下载安装·下载,高关联(整篇WPS),0.0,1.0,
wps64位版本下载,下载/安装,下载安装,下载,下载/安装·下载安装·下载,高关联(整篇WPS),0.0,1.0,
wps官方下载入口,下载/安装,下载安装,下载,下载/安装·下载安装·下载,高关联(整篇WPS),0.0,1.0,
wpsAPP下载官方版,下载/安装,下载安装,下载,下载/安装·下载安装·下载,高关联(整篇WPS),0.0,1.0,
WPS下载 - 百度,下载/安装,下载安装,下载,下载/安装·下载安装·下载,高关联(整篇WPS),0.0,1.0,
WPS Office安装包,Office通用,下载安装,安装,Office通用·下载安装·安装,高关联(整篇WPS),0.857,64.0,
WPS office安装,Office通用,下载安装,安装,Office通用·下载安装·安装,高关联(整篇WPS),0.857,1.0,
WPS64位的如何下载,下载/安装,教程操作,下载,下载/安装·教程操作·下载,中关联(通用+WPS章节),0.0,1.0,
wps 线上表格 下载,Excel,下载安装,表格,Excel·下载安装·表格,高关联(整篇WPS),0.274,1.0,
国内版wps下载入口,下载/安装,下载安装,下载,下载/安装·下载安装·下载,高关联(整篇WPS),0.0,1.0,
wps的安装包,下载/安装,下载安装,安装,下载/安装·下载安装·安装,高关联(整篇WPS),0.0,1.0,
金山wps下载,下载/安装,下载安装,下载,下载/安装·下载安装·下载,高关联(整篇WPS),0.0,1.0,
wps app下载,下载/安装,下载安装,下载,下载/安装·下载安装·下载,高关联(整篇WPS),0.0,1.0,
wps商业版下载,下载/安装,下载安装,下载,下载/安装·下载安装·下载,高关联(整篇WPS),0.0,1.0,
WPS下载网址,下载/安装,下载安装,下载,下载/安装·下载安装·下载,高关联(整篇WPS),0.0,2625.0,
下载办公软件,Office通用,下载安装,下载,Office通用·下载安装·下载,低关联(方法论轻带),0.857,298.0,
WPS最新安装包,下载/安装,下载安装,安装,下载/安装·下载安装·安装,高关联(整篇WPS),0.0,1.0,
wps免广告版下载,下载/安装,下载安装,下载,下载/安装·下载安装·下载,高关联(整篇WPS),0.0,1.0,
最新wps下载安装,下载/安装,下载安装,下载,下载/安装·下载安装·下载,高关联(整篇WPS),0.0,1.0,
wps2019下载,下载/安装,下载安装,下载,下载/安装·下载安装·下载,高关联(整篇WPS),0.0,1.0,
WPS下载32位,下载/安装,下载安装,下载,下载/安装·下载安装·下载,高关联(整篇WPS),0.0,1.0,
WPS 专业版 2026下载,下载/安装,下载安装,下载,下载/安装·下载安装·下载,高关联(整篇WPS),0.0,1.0,
WPS专业增强版官方下载,下载/安装,下载安装,下载,下载/安装·下载安装·下载,高关联(整篇WPS),0.0,1.0,
WPS官网下载以前的版本,下载/安装,下载安装,下载,下载/安装·下载安装·下载,高关联(整篇WPS),0.0,1.0,
免费下载wpsoffice,Office通用,下载安装,下载,Office通用·下载安装·下载,高关联(整篇WPS),0.857,1.0,
",wps下载",下载/安装,下载安装,下载,下载/安装·下载安装·下载,高关联(整篇WPS),0.0,1.0,
稻壳wps官网下载,下载/安装,下载安装,下载,下载/安装·下载安装·下载,高关联(整篇WPS),0.0,1.0,
WPSoffice官网下载,Office通用,下载安装,下载,Office通用·下载安装·下载,高关联(整篇WPS),0.857,1.0,
WPS文字下载,Word,下载安装,下载,Word·下载安装·下载,高关联(整篇WPS),0.4224,1.0,
w'p's下载官网,下载/安装,下载安装,下载,下载/安装·下载安装·下载,高关联(整篇WPS),0.0,1.0,
wps下载免费,下载/安装,下载安装,下载,下载/安装·下载安装·下载,高关联(整篇WPS),0.0,1.0,
wps官方版下载,下载/安装,下载安装,下载,下载/安装·下载安装·下载,高关联(整篇WPS),0.0,1.0,
WPSapp官方下载安装软件下载,下载/安装,下载安装,下载,下载/安装·下载安装·下载,高关联(整篇WPS),0.0,1.0,
WPS离线安装包(免费)官网,下载/安装,下载安装,安装,下载/安装·下载安装·安装,高关联(整篇WPS),0.0,1.0,
wps考试专用版官网下载,下载/安装,下载安装,下载,下载/安装·下载安装·下载,高关联(整篇WPS),0.0,1.0,
wps软件下载官方免费下载安装,下载/安装,下载安装,下载,下载/安装·下载安装·下载,高关联(整篇WPS),0.0,1.0,
wps2025专业版官网下载,下载/安装,下载安装,下载,下载/安装·下载安装·下载,高关联(整篇WPS),0.0,1.0,
wps电视版官网下载地址,下载/安装,下载安装,下载,下载/安装·下载安装·下载,高关联(整篇WPS),0.0,1.0,
wpsoffice官网下载免费,Office通用,下载安装,下载,Office通用·下载安装·下载,高关联(整篇WPS),0.857,1.0,
下载带VBA版本的wps,下载/安装,教程操作,下载,下载/安装·教程操作·下载,中关联(通用+WPS章节),0.0,1.0,
wps离线安装包官方下载,下载/安装,下载安装,下载,下载/安装·下载安装·下载,高关联(整篇WPS),0.0,1.0,
WPS office2026下载官网,Office通用,下载安装,下载,Office通用·下载安装·下载,高关联(整篇WPS),0.857,1.0,
wps官网插件下载,下载/安装,下载安装,下载,下载/安装·下载安装·下载,高关联(整篇WPS),0.0,1.0,
wps表格下载安装,Excel,下载安装,表格,Excel·下载安装·表格,高关联(整篇WPS),0.274,1.0,
wps灵犀专业版下载,WPS AI,下载安装,下载,WPS AI·下载安装·下载,高关联(整篇WPS),0.0,1.0,
wps offce官网下载,下载/安装,下载安装,下载,下载/安装·下载安装·下载,高关联(整篇WPS),0.0,1.0,
WPS Office 11.8.2.13000下载,Office通用,下载安装,下载,Office通用·下载安装·下载,高关联(整篇WPS),0.857,1.0,
WPS便签下载,下载/安装,下载安装,下载,下载/安装·下载安装·下载,高关联(整篇WPS),0.0,1.0,
WPSmac版下载,下载/安装,下载安装,下载,下载/安装·下载安装·下载,高关联(整篇WPS),0.0,1.0,
WPS协作app官方下载,云文档/在线,教程操作,下载,云文档/在线·教程操作·下载,中关联(通用+WPS章节),0.4399,1.0,
wps旧版安装包,下载/安装,下载安装,安装,下载/安装·下载安装·安装,高关联(整篇WPS),0.0,1.0,
wps免费安装,下载/安装,下载安装,安装,下载/安装·下载安装·安装,高关联(整篇WPS),0.0,1.0,
wps下载 安装,下载/安装,下载安装,下载,下载/安装·下载安装·下载,高关联(整篇WPS),0.0,1.0,
wps word 下载,Word,下载安装,下载,Word·下载安装·下载,高关联(整篇WPS),0.4224,1.0,
WPS下载 64位,下载/安装,下载安装,下载,下载/安装·下载安装·下载,高关联(整篇WPS),0.0,1.0,
WPS 官网下载标准版,下载/安装,下载安装,下载,下载/安装·下载安装·下载,高关联(整篇WPS),0.0,1.0,
wps下载·,下载/安装,下载安装,下载,下载/安装·下载安装·下载,高关联(整篇WPS),0.0,1.0,
wps下载xp,下载/安装,下载安装,下载,下载/安装·下载安装·下载,高关联(整篇WPS),0.0,1.0,
wps软件下载安装,下载/安装,下载安装,下载,下载/安装·下载安装·下载,高关联(整篇WPS),0.0,1.0,
wpsppt软件下载,PPT,下载安装,下载,PPT·下载安装·下载,高关联(整篇WPS),1.0,1.0,
ppt软件wps下载,PPT,下载安装,下载,PPT·下载安装·下载,高关联(整篇WPS),1.0,1.0,
金山wpS官方下载,下载/安装,下载安装,下载,下载/安装·下载安装·下载,高关联(整篇WPS),0.0,1.0,
wps最新下载,下载/安装,下载安装,下载,下载/安装·下载安装·下载,高关联(整篇WPS),0.0,1.0,
wps百度下载,下载/安装,下载安装,下载,下载/安装·下载安装·下载,高关联(整篇WPS),0.0,1.0,
wwps下载官网,下载/安装,下载安装,下载,下载/安装·下载安装·下载,高关联(整篇WPS),0.0,1.0,
wps浏览器下载,下载/安装,下载安装,下载,下载/安装·下载安装·下载,高关联(整篇WPS),0.0,1.0,
linuxwps安装,下载/安装,下载安装,安装,下载/安装·下载安装·安装,高关联(整篇WPS),0.0,1.0,
wps win10下载,下载/安装,下载安装,下载,下载/安装·下载安装·下载,高关联(整篇WPS),0.0,1.0,
安装WPSOffice,Office通用,下载安装,安装,Office通用·下载安装·安装,高关联(整篇WPS),0.857,1.0,
WPSOffice官方正版下载,Office通用,下载安装,下载,Office通用·下载安装·下载,高关联(整篇WPS),0.857,1.0,
WPS安装到91%就不动了是怎么回事,下载/安装,教程操作,安装,下载/安装·教程操作·安装,中关联(通用+WPS章节),0.0,1.0,
wps pdf打印机安装文件,PDF,教程操作,打印,PDF·教程操作·打印,中关联(通用+WPS章节),0.2212,1.0,
WPS官方下载官网,下载/安装,下载安装,下载,下载/安装·下载安装·下载,高关联(整篇WPS),0.0,108.0,
wps历史版本下载,下载/安装,下载安装,下载,下载/安装·下载安装·下载,高关联(整篇WPS),0.0,20436.0,
wsp office下载,Office通用,下载安装,下载,Office通用·下载安装·下载,高关联(整篇WPS),0.857,1.0,
WPS/Office下载,Office通用,下载安装,下载,Office通用·下载安装·下载,高关联(整篇WPS),0.857,1.0,
wps office安装,Office通用,下载安装,安装,Office通用·下载安装·安装,高关联(整篇WPS),0.857,1.0,
office WPS 下载,Office通用,下载安装,下载,Office通用·下载安装·下载,高关联(整篇WPS),0.857,1.0,
http://下载wps/,下载/安装,下载安装,下载,下载/安装·下载安装·下载,高关联(整篇WPS),0.0,1.0,
wps简易版下载,下载/安装,下载安装,下载,下载/安装·下载安装·下载,高关联(整篇WPS),0.0,1.0,
wps2025旧版本下载官网,下载/安装,下载安装,下载,下载/安装·下载安装·下载,高关联(整篇WPS),0.0,1.0,
WPS 官方 最新版 下载,下载/安装,下载安装,下载,下载/安装·下载安装·下载,高关联(整篇WPS),0.0,1.0,
wpx下载,下载/安装,下载安装,下载,下载/安装·下载安装·下载,低关联(方法论轻带),0.0,1.0,
怎么下载免费的wps,下载/安装,教程操作,下载,下载/安装·教程操作·下载,中关联(通用+WPS章节),0.0,1.0,
WPS-Office在线编辑安装,云文档/在线,教程操作,安装,云文档/在线·教程操作·安装,中关联(通用+WPS章节),0.4399,1.0,
wps office最新版本下载,Office通用,下载安装,下载,Office通用·下载安装·下载,高关联(整篇WPS),0.857,1.0,
wps offcie下载,下载/安装,下载安装,下载,下载/安装·下载安装·下载,高关联(整篇WPS),0.0,1.0,
WPS mac 版下载,下载/安装,下载安装,下载,下载/安装·下载安装·下载,高关联(整篇WPS),0.0,1.0,
wps官方安装官网,下载/安装,下载安装,安装,下载/安装·下载安装·安装,高关联(整篇WPS),0.0,1.0,
vba for wps下载,下载/安装,教程操作,下载,下载/安装·教程操作·下载,中关联(通用+WPS章节),0.0,1.0,
WPS 离线安装包下载,下载/安装,下载安装,下载,下载/安装·下载安装·下载,高关联(整篇WPS),0.0,1.0,
wps投影宝官网下载,下载/安装,下载安装,下载,下载/安装·下载安装·下载,高关联(整篇WPS),0.0,1.0,
word 软件免费下载,Word,下载安装,下载,Word·下载安装·下载,高关联(整篇WPS),0.4224,1.0,
WPS11.6.2版本下载,下载/安装,下载安装,下载,下载/安装·下载安装·下载,高关联(整篇WPS),0.0,1.0,
wps完整安装版,下载/安装,下载安装,安装,下载/安装·下载安装·安装,高关联(整篇WPS),0.0,1.0,
win7 wps下载,下载/安装,下载安装,下载,下载/安装·下载安装·下载,高关联(整篇WPS),0.0,1.0,
WPS MAC 下载,下载/安装,下载安装,下载,下载/安装·下载安装·下载,高关联(整篇WPS),0.0,1.0,
金山软件app官网下载,下载/安装,下载安装,下载,下载/安装·下载安装·下载,高关联(整篇WPS),0.0,1.0,
WPS Office 下载安装,Office通用,下载安装,下载,Office通用·下载安装·下载,高关联(整篇WPS),0.857,1.0,
wps word文档官网下载,Word,下载安装,下载,Word·下载安装·下载,高关联(整篇WPS),0.4224,1.0,
下载 wPS,下载/安装,下载安装,下载,下载/安装·下载安装·下载,高关联(整篇WPS),0.0,1.0,
wps官网下载网址,下载/安装,下载安装,下载,下载/安装·下载安装·下载,高关联(整篇WPS),0.0,1.0,
wpsoffce软件下载,下载/安装,下载安装,下载,下载/安装·下载安装·下载,高关联(整篇WPS),0.0,1.0,
wps word免费下载,Word,下载安装,下载,Word·下载安装·下载,高关联(整篇WPS),0.4224,1.0,
2019wps官方下载免费,下载/安装,下载安装,下载,下载/安装·下载安装·下载,高关联(整篇WPS),0.0,1.0,
WPSapp免费下载安装,下载/安装,下载安装,下载,下载/安装·下载安装·下载,高关联(整篇WPS),0.0,1.0,
WPS Office_11.1.0.10314下载,Office通用,下载安装,下载,Office通用·下载安装·下载,高关联(整篇WPS),0.857,1.0,
wpswapp下载,下载/安装,下载安装,下载,下载/安装·下载安装·下载,高关联(整篇WPS),0.0,1.0,
wps增强版下载,下载/安装,下载安装,下载,下载/安装·下载安装·下载,高关联(整篇WPS),0.0,1.0,
wps中文版下载,下载/安装,下载安装,下载,下载/安装·下载安装·下载,高关联(整篇WPS),0.0,1.0,
wps精简版下载,下载/安装,下载安装,下载,下载/安装·下载安装·下载,高关联(整篇WPS),0.0,1.0,
wps下载32位,下载/安装,下载安装,下载,下载/安装·下载安装·下载,高关联(整篇WPS),0.0,1.0,
wps网页版下载官方,云文档/在线,下载安装,下载,云文档/在线·下载安装·下载,高关联(整篇WPS),0.4399,1.0,
下载ws软件,下载/安装,下载安装,下载,下载/安装·下载安装·下载,低关联(方法论轻带),0.0,1.0,
wps下载官,下载/安装,下载安装,下载,下载/安装·下载安装·下载,高关联(整篇WPS),0.0,1.0,
wps  下载,下载/安装,下载安装,下载,下载/安装·下载安装·下载,高关联(整篇WPS),0.0,1.0,
wpsoffice下载安装,Office通用,下载安装,下载,Office通用·下载安装·下载,高关联(整篇WPS),0.857,1.0,
wpsoffice官方下载免费完整版,Office通用,下载安装,下载,Office通用·下载安装·下载,高关联(整篇WPS),0.857,1.0,
wps下载官网官网,下载/安装,下载安装,下载,下载/安装·下载安装·下载,高关联(整篇WPS),0.0,1.0,
wps 64位怎么下载,下载/安装,教程操作,下载,下载/安装·教程操作·下载,中关联(通用+WPS章节),0.0,1.0,
如何下载WPS软件,下载/安装,教程操作,下载,下载/安装·教程操作·下载,中关联(通用+WPS章节),0.0,1.0,
wps轻办公官方下载,下载/安装,下载安装,下载,下载/安装·下载安装·下载,高关联(整篇WPS),0.0,1.0,
WPS 下载 免费,下载/安装,下载安装,下载,下载/安装·下载安装·下载,高关联(整篇WPS),0.0,1.0,
WPS文档下载,下载/安装,下载安装,下载,下载/安装·下载安装·下载,高关联(整篇WPS),0.0,1.0,
WPS 2023下载,下载/安装,下载安装,下载,下载/安装·下载安装·下载,高关联(整篇WPS),0.0,1.0,
WPS下载官网免费下载,下载/安装,下载安装,下载,下载/安装·下载安装·下载,高关联(整篇WPS),0.0,1.0,
wps2026专业增强版下载,下载/安装,下载安装,下载,下载/安装·下载安装·下载,高关联(整篇WPS),0.0,1.0,
wps2025专业版下载官网,下载/安装,下载安装,下载,下载/安装·下载安装·下载,高关联(整篇WPS),0.0,1.0,
WPSapp下载安装官方版,下载/安装,下载安装,下载,下载/安装·下载安装·下载,高关联(整篇WPS),0.0,1.0,
怎样安装wps office办公软件,Office通用,下载安装,安装,Office通用·下载安装·安装,高关联(整篇WPS),0.857,1.0,
办公软件官方下载,Office通用,下载安装,下载,Office通用·下载安装·下载,低关联(方法论轻带),0.857,1.0,
wps企业版官网下载,下载/安装,下载安装,下载,下载/安装·下载安装·下载,高关联(整篇WPS),0.0,1.0,
金山wps软件下载中心,下载/安装,下载安装,下载,下载/安装·下载安装·下载,高关联(整篇WPS),0.0,1.0,
wps专业版官方下载,下载/安装,下载安装,下载,下载/安装·下载安装·下载,高关联(整篇WPS),0.0,1.0,
wps 个人版官方下载,下载/安装,下载安装,下载,下载/安装·下载安装·下载,高关联(整篇WPS),0.0,1.0,
wps 下载中心,下载/安装,下载安装,下载,下载/安装·下载安装·下载,高关联(整篇WPS),0.0,1.0,
wPS 下载,下载/安装,下载安装,下载,下载/安装·下载安装·下载,高关联(整篇WPS),0.0,1.0,
商网办公下载,下载/安装,下载安装,下载,下载/安装·下载安装·下载,低关联(方法论轻带),0.0,1.0,
w官网正版下载,下载/安装,下载安装,下载,下载/安装·下载安装·下载,高关联(整篇WPS),0.0,1.0,
wps安装不了,下载/安装,下载安装,安装,下载/安装·下载安装·安装,高关联(整篇WPS),0.0,1.0,
WPS教育版下载,下载/安装,下载安装,下载,下载/安装·下载安装·下载,高关联(整篇WPS),0.0,1.0,
wps32位安装,下载/安装,下载安装,安装,下载/安装·下载安装·安装,高关联(整篇WPS),0.0,1.0,
WPS Office下载链接,Office通用,教程操作,下载,Office通用·教程操作·下载,中关联(通用+WPS章节),0.857,1.0,
WPS office下载安装包,Office通用,下载安装,下载,Office通用·下载安装·下载,高关联(整篇WPS),0.857,1.0,
wps office网页端下载,Office通用,下载安装,下载,Office通用·下载安装·下载,高关联(整篇WPS),0.857,1.0,
wps在线文档下载,云文档/在线,下载安装,下载,云文档/在线·下载安装·下载,高关联(整篇WPS),0.4399,1.0,
办公工具免费下载,下载/安装,下载安装,下载,下载/安装·下载安装·下载,低关联(方法论轻带),0.0,1.0,
wps365企业版下载,下载/安装,下载安装,下载,下载/安装·下载安装·下载,高关联(整篇WPS),0.0,1.0,
WPS office安装包,Office通用,下载安装,安装,Office通用·下载安装·安装,高关联(整篇WPS),0.857,64.0,
wps客户端下载官网,下载/安装,下载安装,下载,下载/安装·下载安装·下载,高关联(整篇WPS),0.0,1.0,
WPS pdf专业版下载,PDF,下载安装,下载,PDF·下载安装·下载,高关联(整篇WPS),0.2212,1.0,
wps 24034版本下载,下载/安装,下载安装,下载,下载/安装·下载安装·下载,高关联(整篇WPS),0.0,1.0,
wpsapp官方免费下载,下载/安装,下载安装,下载,下载/安装·下载安装·下载,高关联(整篇WPS),0.0,1.0,
wps安装软件,下载/安装,下载安装,安装,下载/安装·下载安装·安装,高关联(整篇WPS),0.0,1.0,
WPS安装官网,下载/安装,下载安装,安装,下载/安装·下载安装·安装,高关联(整篇WPS),0.0,1.0,
WPS 下载官网,下载/安装,下载安装,下载,下载/安装·下载安装·下载,高关联(整篇WPS),0.0,1.0,
wps2021下载,下载/安装,下载安装,下载,下载/安装·下载安装·下载,高关联(整篇WPS),0.0,1.0,
WPS字体安装,下载/安装,教程操作,安装,下载/安装·教程操作·安装,中关联(通用+WPS章节),0.0,1.0,
离线wps安装包,下载/安装,下载安装,安装,下载/安装·下载安装·安装,高关联(整篇WPS),0.0,1.0,
WPS Word下载,Word,下载安装,下载,Word·下载安装·下载,高关联(整篇WPS),0.4224,1.0,
wps app 下载,下载/安装,下载安装,下载,下载/安装·下载安装·下载,高关联(整篇WPS),0.0,1.0,
wps 2016 下载,下载/安装,下载安装,下载,下载/安装·下载安装·下载,高关联(整篇WPS),0.0,1.0,
WPSAPP下载,下载/安装,下载安装,下载,下载/安装·下载安装·下载,高关联(整篇WPS),0.0,1844.0,
WPS Office软件官方网站下载,Office通用,下载安装,下载,Office通用·下载安装·下载,高关联(整篇WPS),0.857,1.0,
wpsguanwang下载,下载/安装,下载安装,下载,下载/安装·下载安装·下载,高关联(整篇WPS),0.0,1.0,
wps mac离线安装包,下载/安装,下载安装,安装,下载/安装·下载安装·安装,高关联(整篇WPS),0.0,1.0,
wps专业版下载官网,下载/安装,下载安装,下载,下载/安装·下载安装·下载,高关联(整篇WPS),0.0,1.0,
wps中国版官网下载,下载/安装,下载安装,下载,下载/安装·下载安装·下载,高关联(整篇WPS),0.0,1.0,
wsp下载官网,下载/安装,下载安装,下载,下载/安装·下载安装·下载,高关联(整篇WPS),0.0,1.0,
WPS网页版下载,云文档/在线,下载安装,下载,云文档/在线·下载安装·下载,高关联(整篇WPS),0.4399,1.0,
wps桌面助手官网下载,WPS AI,下载安装,下载,WPS AI·下载安装·下载,高关联(整篇WPS),0.0,1.0,
wps下载 官方,下载/安装,下载安装,下载,下载/安装·下载安装·下载,高关联(整篇WPS),0.0,1.0,
wps office xp版下载,Office通用,下载安装,下载,Office通用·下载安装·下载,高关联(整篇WPS),0.857,1.0,
wps最新专业增强版下载,下载/安装,下载安装,下载,下载/安装·下载安装·下载,高关联(整篇WPS),0.0,1.0,
wps office 2020下载,Office通用,下载安装,下载,Office通用·下载安装·下载,高关联(整篇WPS),0.857,1.0,
wps2026官方下载,下载/安装,下载安装,下载,下载/安装·下载安装·下载,高关联(整篇WPS),0.0,1.0,
Excel下载,Excel,下载安装,下载,Excel·下载安装·下载,高关联(整篇WPS),0.274,1.0,
办公软件下载 安装,Office通用,下载安装,下载,Office通用·下载安装·下载,低关联(方法论轻带),0.857,1.0,
表格制作下载什么软件,Excel,教程操作,表格,Excel·教程操作·表格,中关联(通用+WPS章节),0.274,1.0,
金山文档官网下载,云文档/在线,下载安装,下载,云文档/在线·下载安装·下载,高关联(整篇WPS),0.4399,108.0,
WPS PDF 官网下载,PDF,下载安装,下载,PDF·下载安装·下载,高关联(整篇WPS),0.2212,1.0,
wps office 个人版下载安装,Office通用,下载安装,下载,Office通用·下载安装·下载,高关联(整篇WPS),0.857,1.0,
wps教育版官网下载,下载/安装,下载安装,下载,下载/安装·下载安装·下载,高关联(整篇WPS),0.0,1.0,
wps纯净版官网下载,下载/安装,下载安装,下载,下载/安装·下载安装·下载,高关联(整篇WPS),0.0,1.0,
ppt wps 企业版下载,PPT,下载安装,下载,PPT·下载安装·下载,高关联(整篇WPS),1.0,1.0,
wps插件下载,下载/安装,下载安装,下载,下载/安装·下载安装·下载,高关联(整篇WPS),0.0,1.0,
wps宋体下载,下载/安装,下载安装,下载,下载/安装·下载安装·下载,高关联(整篇WPS),0.0,1.0,
wps 365下载,下载/安装,下载安装,下载,下载/安装·下载安装·下载,高关联(整篇WPS),0.0,1.0,
金山wps下载官网下载,下载/安装,下载安装,下载,下载/安装·下载安装·下载,高关联(整篇WPS),0.0,1.0,
wps13版本下载,下载/安装,下载安装,下载,下载/安装·下载安装·下载,高关联(整篇WPS),0.0,1.0,
官网下载wps,下载/安装,下载安装,下载,下载/安装·下载安装·下载,高关联(整篇WPS),0.0,1.0,
WPS下载2025,下载/安装,下载安装,下载,下载/安装·下载安装·下载,高关联(整篇WPS),0.0,1.0,
wps2019linux deb 下载,下载/安装,下载安装,下载,下载/安装·下载安装·下载,高关联(整篇WPS),0.0,1.0,
哪里可以下载免费的WPS软件,下载/安装,下载安装,下载,下载/安装·下载安装·下载,高关联(整篇WPS),0.0,1.0,
WPSoffice下载安装,Office通用,下载安装,下载,Office通用·下载安装·下载,高关联(整篇WPS),0.857,1.0,
wpsoffice官方官网下载,Office通用,下载安装,下载,Office通用·下载安装·下载,高关联(整篇WPS),0.857,1.0,
wps office官网入口下载,Office通用,下载安装,下载,Office通用·下载安装·下载,高关联(整篇WPS),0.857,1.0,
wps官网下载64位,下载/安装,下载安装,下载,下载/安装·下载安装·下载,高关联(整篇WPS),0.0,1.0,
wps客户端下载,下载/安装,下载安装,下载,下载/安装·下载安装·下载,高关联(整篇WPS),0.0,1.0,
wps下载官方免费下载,下载/安装,下载安装,下载,下载/安装·下载安装·下载,高关联(整篇WPS),0.0,1.0,
office办公软件下载 免费完整版,Office通用,下载安装,下载,Office通用·下载安装·下载,高关联(整篇WPS),0.857,1.0,
wps office国内版下载,Office通用,下载安装,下载,Office通用·下载安装·下载,高关联(整篇WPS),0.857,1.0,
wps 离线安装包,下载/安装,下载安装,安装,下载/安装·下载安装·安装,高关联(整篇WPS),0.0,1.0,
wps图片下载安装,下载/安装,教程操作,下载,下载/安装·教程操作·下载,中关联(通用+WPS章节),0.0,1.0,
w'p'swps下载官方,下载/安装,下载安装,下载,下载/安装·下载安装·下载,高关联(整篇WPS),0.0,1.0,
wps安装统信系统,下载/安装,下载安装,安装,下载/安装·下载安装·安装,高关联(整篇WPS),0.0,1.0,
办公软件wps下载,Office通用,下载安装,下载,Office通用·下载安装·下载,高关联(整篇WPS),0.857,1.0,
WPS下载安装官方免费下载,下载/安装,下载安装,下载,下载/安装·下载安装·下载,高关联(整篇WPS),0.0,1.0,
官网免费wps下载,下载/安装,下载安装,下载,下载/安装·下载安装·下载,高关联(整篇WPS),0.0,1.0,
麒麟系统wps下载,下载/安装,下载安装,下载,下载/安装·下载安装·下载,高关联(整篇WPS),0.0,1.0,
如何下载64位wps,下载/安装,教程操作,下载,下载/安装·教程操作·下载,中关联(通用+WPS章节),0.0,1.0,
"wps,下载",下载/安装,下载安装,下载,下载/安装·下载安装·下载,高关联(整篇WPS),0.0,1.0,
wps正版下载,下载/安装,下载安装,下载,下载/安装·下载安装·下载,高关联(整篇WPS),0.0,8393.0,
新版WPS下载,下载/安装,下载安装,下载,下载/安装·下载安装·下载,高关联(整篇WPS),0.0,1.0,
excel怎么下载,Excel,教程操作,下载,Excel·教程操作·下载,中关联(通用+WPS章节),0.274,1.0,
office下载免费完整版,Office通用,下载安装,下载,Office通用·下载安装·下载,高关联(整篇WPS),0.857,1.0,
vba宏安装包下载wps免费版官网最新版,下载/安装,教程操作,下载,下载/安装·教程操作·下载,中关联(通用+WPS章节),0.0,1.0,
wps官网首页下载,下载/安装,下载安装,下载,下载/安装·下载安装·下载,高关联(整篇WPS),0.0,1.0,
WPS OFFICE下载,Office通用,下载安装,下载,Office通用·下载安装·下载,高关联(整篇WPS),0.857,29108.0,
wps正式版官方下载,下载/安装,下载安装,下载,下载/安装·下载安装·下载,高关联(整篇WPS),0.0,1.0,
wps电信版官网下载,下载/安装,下载安装,下载,下载/安装·下载安装·下载,高关联(整篇WPS),0.0,1.0,
wps vba支持库下载,下载/安装,教程操作,下载,下载/安装·教程操作·下载,中关联(通用+WPS章节),0.0,1.0,
wps mac版下载,下载/安装,下载安装,下载,下载/安装·下载安装·下载,高关联(整篇WPS),0.0,1.0,
wps卸载工具官方下载,下载/安装,下载安装,下载,下载/安装·下载安装·下载,高关联(整篇WPS),0.0,1.0,
WPS办公系统免费下载,下载/安装,下载安装,下载,下载/安装·下载安装·下载,高关联(整篇WPS),0.0,1.0,
wpsoffice官方正版下载,Office通用,下载安装,下载,Office通用·下载安装·下载,高关联(整篇WPS),0.857,1.0,
wps官网首页中文版下载,下载/安装,下载安装,下载,下载/安装·下载安装·下载,高关联(整篇WPS),0.0,1.0,
统信uos系统wps安装包,下载/安装,下载安装,安装,下载/安装·下载安装·安装,高关联(整篇WPS),0.0,1.0,
WPSapp下载官网,下载/安装,下载安装,下载,下载/安装·下载安装·下载,高关联(整篇WPS),0.0,1.0,
WAPS下载,下载/安装,下载安装,下载,下载/安装·下载安装·下载,低关联(方法论轻带),0.0,1.0,
银河麒麟安装wps,下载/安装,下载安装,安装,下载/安装·下载安装·安装,高关联(整篇WPS),0.0,1.0,
WPS下载安装2026最新版免费,下载/安装,下载安装,下载,下载/安装·下载安装·下载,高关联(整篇WPS),0.0,1.0,
wps旧版下载2016,下载/安装,下载安装,下载,下载/安装·下载安装·下载,高关联(整篇WPS),0.0,1.0,
wps安装包官方下载,下载/安装,下载安装,下载,下载/安装·下载安装·下载,高关联(整篇WPS),0.0,1.0,
WPS官方最新版下载,下载/安装,下载安装,下载,下载/安装·下载安装·下载,高关联(整篇WPS),0.0,1.0,
WPS2023专业版下载,下载/安装,下载安装,下载,下载/安装·下载安装·下载,高关联(整篇WPS),0.0,1.0,
wps标准下载,下载/安装,下载安装,下载,下载/安装·下载安装·下载,高关联(整篇WPS),0.0,1.0,
wps便签下载,下载/安装,下载安装,下载,下载/安装·下载安装·下载,高关联(整篇WPS),0.0,1.0,
wps稻壳下载,下载/安装,下载安装,下载,下载/安装·下载安装·下载,高关联(整篇WPS),0.0,1.0,
wps下载应用,下载/安装,下载安装,下载,下载/安装·下载安装·下载,高关联(整篇WPS),0.0,1.0,
wps老版本下载,下载/安装,下载安装,下载,下载/安装·下载安装·下载,高关联(整篇WPS),0.0,1.0,
下载wps官方版,下载/安装,下载安装,下载,下载/安装·下载安装·下载,高关联(整篇WPS),0.0,1.0,
麒麟wps安装包,下载/安装,下载安装,安装,下载/安装·下载安装·安装,高关联(整篇WPS),0.0,1.0,
wpsvba6安装包,下载/安装,教程操作,安装,下载/安装·教程操作·安装,中关联(通用+WPS章节),0.0,1.0,
wps清理大师官网下载,下载/安装,下载安装,下载,下载/安装·下载安装·下载,高关联(整篇WPS),0.0,1.0,
WPS葵安装,下载/安装,下载安装,安装,下载/安装·下载安装·安装,高关联(整篇WPS),0.0,1.0,
WPS官方版,WPS综合,品牌直达,通用,WPS综合·品牌直达·通用,高关联(整篇WPS),0.8135,1.0,
www.wps.cn/官网下载,下载/安装,下载安装,下载,下载/安装·下载安装·下载,高关联(整篇WPS),0.0,1.0,
wps专业增强版官网下载,下载/安装,下载安装,下载,下载/安装·下载安装·下载,高关联(整篇WPS),0.0,1.0,
wps word文档官方下载,Word,下载安装,下载,Word·下载安装·下载,高关联(整篇WPS),0.4224,1.0,
办公软件wps官方下载免费完整版,Office通用,下载安装,下载,Office通用·下载安装·下载,高关联(整篇WPS),0.857,1.0,
WPS Office官方免费下载,Office通用,下载安装,下载,Office通用·下载安装·下载,高关联(整篇WPS),0.857,1.0,
http/wwwwps.cn官网下载,下载/安装,下载安装,下载,下载/安装·下载安装·下载,高关联(整篇WPS),0.0,1.0,
wps稻壳官方下载,下载/安装,下载安装,下载,下载/安装·下载安装·下载,高关联(整篇WPS),0.0,1.0,
金山wps办公软件官方下载,Office通用,下载安装,下载,Office通用·下载安装·下载,高关联(整篇WPS),0.857,1.0,
制表软件excel下载,Excel,下载安装,下载,Excel·下载安装·下载,高关联(整篇WPS),0.274,1.0,
普通wps官方版,WPS综合,品牌直达,通用,WPS综合·品牌直达·通用,高关联(整篇WPS),0.8135,1.0,
wps arm版下载,下载/安装,下载安装,下载,下载/安装·下载安装·下载,高关联(整篇WPS),0.0,1.0,
wps 安装官方,下载/安装,下载安装,安装,下载/安装·下载安装·安装,高关联(整篇WPS),0.0,1.0,
下载wps 64位,下载/安装,下载安装,下载,下载/安装·下载安装·下载,高关联(整篇WPS),0.0,1.0,
wps官方免费下载安装,下载/安装,下载安装,下载,下载/安装·下载安装·下载,高关联(整篇WPS),0.0,1.0,
wpstv版下载官网,下载/安装,下载安装,下载,下载/安装·下载安装·下载,高关联(整篇WPS),0.0,1.0,
WPSPDF阅读器下载,PDF,下载安装,下载,PDF·下载安装·下载,高关联(整篇WPS),0.2212,1.0,
免费的office下载,Office通用,下载安装,下载,Office通用·下载安装·下载,高关联(整篇WPS),0.857,1.0,
WPS安装免费下载官网,下载/安装,下载安装,下载,下载/安装·下载安装·下载,高关联(整篇WPS),0.0,1.0,
wps普通下载,下载/安装,下载安装,下载,下载/安装·下载安装·下载,高关联(整篇WPS),0.0,1.0,
金山文档下载,云文档/在线,下载安装,下载,云文档/在线·下载安装·下载,高关联(整篇WPS),0.4399,3867.0,
mac wps下载,下载/安装,下载安装,下载,下载/安装·下载安装·下载,高关联(整篇WPS),0.0,1.0,
WPS最新版下载,下载/安装,下载安装,下载,下载/安装·下载安装·下载,高关联(整篇WPS),0.0,1.0,
wps2016官方版,WPS综合,品牌直达,通用,WPS综合·品牌直达·通用,高关联(整篇WPS),0.8135,1.0,
wps ppt安装,PPT,下载安装,安装,PPT·下载安装·安装,高关联(整篇WPS),1.0,1.0,
wps离线版安装包下载,下载/安装,下载安装,下载,下载/安装·下载安装·下载,高关联(整篇WPS),0.0,1.0,
wps下载‘,下载/安装,下载安装,下载,下载/安装·下载安装·下载,高关联(整篇WPS),0.0,1.0,
wps 11.2.0.11990 下载,下载/安装,下载安装,下载,下载/安装·下载安装·下载,高关联(整篇WPS),0.0,1.0,
wpsoffice软件下载安装,Office通用,下载安装,下载,Office通用·下载安装·下载,高关联(整篇WPS),0.857,1.0,
下载WP S,下载/安装,下载安装,下载,下载/安装·下载安装·下载,低关联(方法论轻带),0.0,1.0,
wps解压缩软件官方下载,下载/安装,教程操作,下载,下载/安装·教程操作·下载,中关联(通用+WPS章节),0.0,1.0,
wpsoffce2016个人版下载,下载/安装,下载安装,下载,下载/安装·下载安装·下载,高关联(整篇WPS),0.0,1.0,
免费WPS Office下载安装,Office通用,下载安装,下载,Office通用·下载安装·下载,高关联(整篇WPS),0.857,1.0,
中国电信wps专用版下载官网,下载/安装,下载安装,下载,下载/安装·下载安装·下载,高关联(整篇WPS),0.0,1.0,
wps官方正版安装,下载/安装,下载安装,安装,下载/安装·下载安装·安装,高关联(整篇WPS),0.0,1.0,
wps清理大师官方下载最新版,下载/安装,下载安装,下载,下载/安装·下载安装·下载,高关联(整篇WPS),0.0,1.0,
政府网站下载wps,下载/安装,下载安装,下载,下载/安装·下载安装·下载,高关联(整篇WPS),0.0,1.0,
WPS下安装免费下载,下载/安装,下载安装,下载,下载/安装·下载安装·下载,高关联(整篇WPS),0.0,1.0,
金山文档 mac 下载,云文档/在线,下载安装,下载,云文档/在线·下载安装·下载,高关联(整篇WPS),0.4399,1.0,
wps中文下载,下载/安装,下载安装,下载,下载/安装·下载安装·下载,高关联(整篇WPS),0.0,1.0,
WPS图片下载,下载/安装,教程操作,下载,下载/安装·教程操作·下载,中关联(通用+WPS章节),0.0,1.0,
excel表下载,Excel,下载安装,下载,Excel·下载安装·下载,高关联(整篇WPS),0.274,1.0,
wpx office官方下载,Office通用,下载安装,下载,Office通用·下载安装·下载,高关联(整篇WPS),0.857,1.0,
wps字体库下载,下载/安装,教程操作,下载,下载/安装·教程操作·下载,中关联(通用+WPS章节),0.0,1.0,
wps办公软件免费下载,Office通用,下载安装,下载,Office通用·下载安装·下载,高关联(整篇WPS),0.857,1.0,
WinXP wps下载,下载/安装,下载安装,下载,下载/安装·下载安装·下载,高关联(整篇WPS),0.0,1.0,
wps压缩软件官方下载,下载/安装,教程操作,下载,下载/安装·教程操作·下载,中关联(通用+WPS章节),0.0,1.0,
wps字体仿宋gb2312下载,下载/安装,教程操作,下载,下载/安装·教程操作·下载,中关联(通用+WPS章节),0.0,1.0,
wps专业版怎么安装,下载/安装,教程操作,安装,下载/安装·教程操作·安装,中关联(通用+WPS章节),0.0,1.0,
wps excel下载安装,Excel,下载安装,下载,Excel·下载安装·下载,高关联(整篇WPS),0.274,1.0,
wps压缩包软件官方下载免费版,下载/安装,教程操作,下载,下载/安装·教程操作·下载,中关联(通用+WPS章节),0.0,1.0,
WPS Office官方正版下载网址,Office通用,下载安装,下载,Office通用·下载安装·下载,高关联(整篇WPS),0.857,1.0,
wps网页官方下载入口在哪,下载/安装,下载安装,下载,下载/安装·下载安装·下载,高关联(整篇WPS),0.0,1.0,
金山wps官网下载入口网址,下载/安装,下载安装,下载,下载/安装·下载安装·下载,高关联(整篇WPS),0.0,1.0,
wps356政府版下载,下载/安装,下载安装,下载,下载/安装·下载安装·下载,高关联(整篇WPS),0.0,1.0,
免费WPSPDF虚拟打印机的安装包,PDF,教程操作,打印,PDF·教程操作·打印,中关联(通用+WPS章节),0.2212,1.0,
wps vba插件下载官网,下载/安装,教程操作,下载,下载/安装·教程操作·下载,中关联(通用+WPS章节),0.0,1.0,
wps下载完整版,下载/安装,下载安装,下载,下载/安装·下载安装·下载,高关联(整篇WPS),0.0,1.0,
wps官网下载页,下载/安装,下载安装,下载,下载/安装·下载安装·下载,高关联(整篇WPS),0.0,1.0,
wps国内版下载,下载/安装,下载安装,下载,下载/安装·下载安装·下载,高关联(整篇WPS),0.0,1.0,
pdf文件下载,PDF,下载安装,下载,PDF·下载安装·下载,高关联(整篇WPS),0.2212,0.0,
word下载,Word,下载安装,下载,Word·下载安装·下载,高关联(整篇WPS),0.4224,17936.0,
pdf免费下载,PDF,下载安装,下载,PDF·下载安装·下载,高关联(整篇WPS),0.2212,0.0,
excel下载,Excel,下载安装,下载,Excel·下载安装·下载,高关联(整篇WPS),0.274,0.0,
pdf阅读器下载,PDF,下载安装,下载,PDF·下载安装·下载,高关联(整篇WPS),0.2212,0.0,
ppt下载免费完整版,PPT,下载安装,下载,PPT·下载安装·下载,高关联(整篇WPS),1.0,0.0,
福昕pdf阅读器下载,PDF,下载安装,下载,PDF·下载安装·下载,高关联(整篇WPS),0.2212,0.0,
pdf电子书下载,PDF,下载安装,下载,PDF·下载安装·下载,高关联(整篇WPS),0.2212,0.0,
pdf软件官方下载,PDF,下载安装,下载,PDF·下载安装·下载,高关联(整篇WPS),0.2212,0.0,
pdf虚拟打印机下载,PDF,教程操作,打印,PDF·教程操作·打印,中关联(通用+WPS章节),0.2212,0.0,
免费下载ppt网站,PPT,下载安装,下载,PPT·下载安装·下载,高关联(整篇WPS),1.0,0.0,
pdf软件下载,PDF,下载安装,下载,PDF·下载安装·下载,高关联(整篇WPS),0.2212,0.0,
ppt下载,PPT,下载安装,下载,PPT·下载安装·下载,高关联(整篇WPS),1.0,0.0,
下载ppt,PPT,下载安装,下载,PPT·下载安装·下载,高关联(整篇WPS),1.0,0.0,
excel表格免费下载,Excel,下载安装,表格,Excel·下载安装·表格,高关联(整篇WPS),0.274,0.0,
课件ppt免费下载,PPT,下载安装,下载,PPT·下载安装·下载,高关联(整篇WPS),1.0,0.0,
excel下载安装,Excel,下载安装,下载,Excel·下载安装·下载,高关联(整篇WPS),0.274,0.0,
word字体下载,Word,教程操作,下载,Word·教程操作·下载,中关联(通用+WPS章节),0.4224,0.0,
pdf24下载,PDF,下载安装,下载,PDF·下载安装·下载,高关联(整篇WPS),0.2212,0.0,
ppt免费下载,PPT,下载安装,下载,PPT·下载安装·下载,高关联(整篇WPS),1.0,0.0,
word官方免费下载,Word,下载安装,下载,Word·下载安装·下载,高关联(整篇WPS),0.4224,0.0,
excel官方下载,Excel,下载安装,下载,Excel·下载安装·下载,高关联(整篇WPS),0.274,0.0,
免费下载ppt,PPT,下载安装,下载,PPT·下载安装·下载,高关联(整篇WPS),1.0,0.0,
excel官网下载,Excel,下载安装,下载,Excel·下载安装·下载,高关联(整篇WPS),0.274,0.0,
word免费下载,Word,下载安装,下载,Word·下载安装·下载,高关联(整篇WPS),0.4224,0.0,
ppt模版下载,PPT,下载安装,下载,PPT·下载安装·下载,高关联(整篇WPS),1.0,0.0,
免费pdf下载,PDF,下载安装,下载,PDF·下载安装·下载,高关联(整篇WPS),0.2212,0.0,
ppt素材下载,PPT,模板获取,下载,PPT·模板获取·下载,中关联(通用+WPS章节),1.0,0.0,
下载pdf,PDF,下载安装,下载,PDF·下载安装·下载,高关联(整篇WPS),0.2212,0.0,
pdf破解版下载,PDF,下载安装,下载,PDF·下载安装·下载,高关联(整篇WPS),0.2212,0.0,
绘本ppt免费下载,PPT,下载安装,下载,PPT·下载安装·下载,高关联(整篇WPS),1.0,0.0,
excel表格下载,Excel,下载安装,表格,Excel·下载安装·表格,高关联(整篇WPS),0.274,0.0,
ppt图标素材免费下载,PPT,模板获取,下载,PPT·模板获取·下载,中关联(通用+WPS章节),1.0,0.0,
pdf电子书下载网,PDF,下载安装,下载,PDF·下载安装·下载,高关联(整篇WPS),0.2212,0.0,
下载word文档,Word,下载安装,下载,Word·下载安装·下载,高关联(整篇WPS),0.4224,0.0,
ppt模版免费下载,PPT,下载安装,下载,PPT·下载安装·下载,高关联(整篇WPS),1.0,0.0,
pdf虚拟打印机下载破解版,PDF,教程操作,打印,PDF·教程操作·打印,中关联(通用+WPS章节),0.2212,0.0,
word 2007下载,Word,下载安装,下载,Word·下载安装·下载,高关联(整篇WPS),0.4224,0.0,
免费ppt模版下载,PPT,下载安装,下载,PPT·下载安装·下载,高关联(整篇WPS),1.0,0.0,
pdf书籍免费下载网站,PDF,下载安装,下载,PDF·下载安装·下载,高关联(整篇WPS),0.2212,0.0,
excel安装包,Excel,下载安装,安装,Excel·下载安装·安装,高关联(整篇WPS),0.274,0.0,
word破解版下载,Word,下载安装,下载,Word·下载安装·下载,高关联(整篇WPS),0.4224,0.0,
excel免费下载,Excel,下载安装,下载,Excel·下载安装·下载,高关联(整篇WPS),0.274,0.0,
福昕pdf下载,PDF,下载安装,下载,PDF·下载安装·下载,高关联(整篇WPS),0.2212,0.0,
pdf.js 下载,PDF,下载安装,下载,PDF·下载安装·下载,高关联(整篇WPS),0.2212,0.0,
pdf.js下载,PDF,下载安装,下载,PDF·下载安装·下载,高关联(整篇WPS),0.2212,0.0,
word官网下载,Word,下载安装,下载,Word·下载安装·下载,高关联(整篇WPS),0.4224,0.0,
迅读pdf下载,PDF,下载安装,下载,PDF·下载安装·下载,高关联(整篇WPS),0.2212,0.0,
网页pdf怎么下载,PDF,教程操作,下载,PDF·教程操作·下载,中关联(通用+WPS章节),0.2212,0.0,
pdf安装,PDF,下载安装,安装,PDF·下载安装·安装,高关联(整篇WPS),0.2212,0.0,
word文档免费下载,Word,下载安装,下载,Word·下载安装·下载,高关联(整篇WPS),0.4224,0.0,
ppt下载软件,PPT,下载安装,下载,PPT·下载安装·下载,高关联(整篇WPS),1.0,0.0,
ppt软件下载,PPT,下载安装,下载,PPT·下载安装·下载,高关联(整篇WPS),1.0,0.0,
ppt字体下载,PPT,教程操作,下载,PPT·教程操作·下载,中关联(通用+WPS章节),1.0,0.0,
pdf书籍下载,PDF,下载安装,下载,PDF·下载安装·下载,高关联(整篇WPS),0.2212,0.0,
网页pdf下载,PDF,下载安装,下载,PDF·下载安装·下载,高关联(整篇WPS),0.2212,0.0,
金山pdf下载,PDF,下载安装,下载,PDF·下载安装·下载,高关联(整篇WPS),0.2212,0.0,
word安装,Word,下载安装,安装,Word·下载安装·安装,高关联(整篇WPS),0.4224,0.0,
excel安装,Excel,下载安装,安装,Excel·下载安装·安装,高关联(整篇WPS),0.274,0.0,
下载pdf电子书,PDF,下载安装,下载,PDF·下载安装·下载,高关联(整篇WPS),0.2212,0.0,
pdf文档下载,PDF,下载安装,下载,PDF·下载安装·下载,高关联(整篇WPS),0.2212,0.0,
下载word,Word,下载安装,下载,Word·下载安装·下载,高关联(整篇WPS),0.4224,0.0,
word2007版本下载,Word,下载安装,下载,Word·下载安装·下载,高关联(整篇WPS),0.4224,0.0,
excel2010下载,Excel,下载安装,下载,Excel·下载安装·下载,高关联(整篇WPS),0.274,0.0,
下载excel表格,Excel,下载安装,表格,Excel·下载安装·表格,高关联(整篇WPS),0.274,0.0,
廉洁教育ppt免费下载,PPT,下载安装,下载,PPT·下载安装·下载,高关联(整篇WPS),1.0,0.0,
pdf下载网,PDF,下载安装,下载,PDF·下载安装·下载,高关联(整篇WPS),0.2212,0.0,
word2016下载,Word,下载安装,下载,Word·下载安装·下载,高关联(整篇WPS),0.4224,0.0,
word安装包,Word,下载安装,安装,Word·下载安装·安装,高关联(整篇WPS),0.4224,0.0,
excel破解版下载,Excel,下载安装,下载,Excel·下载安装·下载,高关联(整篇WPS),0.274,0.0,
免费ppt下载网,PPT,下载安装,下载,PPT·下载安装·下载,高关联(整篇WPS),1.0,0.0,
演界网ppt免费下载,PPT,下载安装,下载,PPT·下载安装·下载,高关联(整篇WPS),1.0,0.0,
pdf下载,PDF,下载安装,下载,PDF·下载安装·下载,高关联(整篇WPS),0.2212,0.0,
下载pdf文件,PDF,下载安装,下载,PDF·下载安装·下载,高关联(整篇WPS),0.2212,0.0,
pdf插件下载,PDF,下载安装,下载,PDF·下载安装·下载,高关联(整篇WPS),0.2212,0.0,
电子书pdf下载网站,PDF,下载安装,下载,PDF·下载安装·下载,高关联(整篇WPS),0.2212,0.0,
word官方下载,Word,下载安装,下载,Word·下载安装·下载,高关联(整篇WPS),0.4224,0.0,
word字体下载官网,Word,教程操作,下载,Word·教程操作·下载,中关联(通用+WPS章节),0.4224,0.0,
excel软件下载,Excel,下载安装,下载,Excel·下载安装·下载,高关联(整篇WPS),0.274,0.0,
团课ppt免费下载,PPT,下载安装,下载,PPT·下载安装·下载,高关联(整篇WPS),1.0,0.0,
pdf浏览器官方下载,PDF,下载安装,下载,PDF·下载安装·下载,高关联(整篇WPS),0.2212,0.0,
word字体安装,Word,教程操作,安装,Word·教程操作·安装,中关联(通用+WPS章节),0.4224,0.0,
word仿宋gb2312字体下载,Word,教程操作,下载,Word·教程操作·下载,中关联(通用+WPS章节),0.4224,0.0,
第一ppt免费下载,PPT,下载安装,下载,PPT·下载安装·下载,高关联(整篇WPS),1.0,0.0,
职业规划ppt免费下载,PPT,下载安装,下载,PPT·下载安装·下载,高关联(整篇WPS),1.0,0.0,
下载ppt软件免费下载,PPT,下载安装,下载,PPT·下载安装·下载,高关联(整篇WPS),1.0,0.0,
pdf打印机怎么安装,PDF,教程操作,打印,PDF·教程操作·打印,中关联(通用+WPS章节),0.2212,0.0,
一级建造师电子版教材下载pdf,PDF,下载安装,下载,PDF·下载安装·下载,高关联(整篇WPS),0.2212,0.0,
pdf控件怎么下载安装,PDF,教程操作,下载,PDF·教程操作·下载,中关联(通用+WPS章节),0.2212,0.0,
pdf软件下载官方网站,PDF,下载安装,下载,PDF·下载安装·下载,高关联(整篇WPS),0.2212,0.0,
电子书pdf下载,PDF,下载安装,下载,PDF·下载安装·下载,高关联(整篇WPS),0.2212,0.0,
word2007下载,Word,下载安装,下载,Word·下载安装·下载,高关联(整篇WPS),0.4224,0.0,
word软件下载,Word,下载安装,下载,Word·下载安装·下载,高关联(整篇WPS),0.4224,0.0,
excel2016下载,Excel,下载安装,下载,Excel·下载安装·下载,高关联(整篇WPS),0.274,0.0,
免费ppt下载,PPT,下载安装,下载,PPT·下载安装·下载,高关联(整篇WPS),1.0,0.0,
职业生涯规划ppt免费下载,PPT,下载安装,下载,PPT·下载安装·下载,高关联(整篇WPS),1.0,0.0,
word如何下载新字体,Word,教程操作,下载,Word·教程操作·下载,中关联(通用+WPS章节),0.4224,0.0,
word2010下载,Word,下载安装,下载,Word·下载安装·下载,高关联(整篇WPS),0.4224,0.0,
下载excel,Excel,下载安装,下载,Excel·下载安装·下载,高关联(整篇WPS),0.274,0.0,
ppt下载网站,PPT,下载安装,下载,PPT·下载安装·下载,高关联(整篇WPS),1.0,0.0,
ppt下载网,PPT,下载安装,下载,PPT·下载安装·下载,高关联(整篇WPS),1.0,0.0,
大学教材pdf下载网站,PDF,下载安装,下载,PDF·下载安装·下载,高关联(整篇WPS),0.2212,0.0,
pdf安装包,PDF,下载安装,安装,PDF·下载安装·安装,高关联(整篇WPS),0.2212,0.0,
毛选pdf下载,PDF,下载安装,下载,PDF·下载安装·下载,高关联(整篇WPS),0.2212,0.0,
极速pdf阅读器下载,PDF,下载安装,下载,PDF·下载安装·下载,高关联(整篇WPS),0.2212,0.0,
word安装字体,Word,教程操作,安装,Word·教程操作·安装,中关联(通用+WPS章节),0.4224,0.0,
免费ppt下载网站有哪些,PPT,下载安装,下载,PPT·下载安装·下载,高关联(整篇WPS),1.0,0.0,
ppt背景图片免费下载,PPT,教程操作,背景,PPT·教程操作·背景,中关联(通用+WPS章节),1.0,0.0,
ppt素材免费下载,PPT,模板获取,下载,PPT·模板获取·下载,中关联(通用+WPS章节),1.0,0.0,
ppt美化大师下载,PPT,教程操作,下载,PPT·教程操作·下载,中关联(通用+WPS章节),1.0,0.0,
pdf查看器官方下载,PDF,下载安装,下载,PDF·下载安装·下载,高关联(整篇WPS),0.2212,0.0,
word怎么安装字体,Word,教程操作,安装,Word·教程操作·安装,中关联(通用+WPS章节),0.4224,0.0,
微软word下载,Word,下载安装,下载,Word·下载安装·下载,高关联(整篇WPS),0.4224,0.0,
word2016破解版下载,Word,下载安装,下载,Word·下载安装·下载,高关联(整篇WPS),0.4224,0.0,
word官网免费下载,Word,下载安装,下载,Word·下载安装·下载,高关联(整篇WPS),0.4224,0.0,
wps下载手机版,下载/安装,下载安装,下载,下载/安装·下载安装·下载,高关联(整篇WPS),0.0,15593.0,
WPSOffice安卓版下载,Office通用,下载安装,下载,Office通用·下载安装·下载,高关联(整篇WPS),0.857,0.0,
WPSOffice手机版下载,Office通用,下载安装,下载,Office通用·下载安装·下载,高关联(整篇WPS),0.857,0.0,
wpsoffice手机版,Office通用,品牌直达,通用,Office通用·品牌直达·通用,高关联(整篇WPS),0.857,165.0,
wps下载手机版安卓免费安装,下载/安装,下载安装,下载,下载/安装·下载安装·下载,高关联(整篇WPS),0.0,0.0,
wps手机版下载安装,下载/安装,下载安装,下载,下载/安装·下载安装·下载,高关联(整篇WPS),0.0,0.0,
云文档下载到手机,云文档/在线,下载安装,下载,云文档/在线·下载安装·下载,低关联(方法论轻带),0.4399,0.0,
手机版pdf24下载,PDF,下载安装,下载,PDF·下载安装·下载,高关联(整篇WPS),0.2212,0.0,
wps安卓平板电脑版,WPS综合,下载安装,通用,WPS综合·下载安装·通用,高关联(整篇WPS),0.8135,3.0,
wps下载手机版官网,下载/安装,下载安装,下载,下载/安装·下载安装·下载,高关联(整篇WPS),0.0,2.0,
wps安卓版,WPS综合,下载安装,通用,WPS综合·下载安装·通用,高关联(整篇WPS),0.8135,2.0,
wps安卓版下载,下载/安装,下载安装,下载,下载/安装·下载安装·下载,高关联(整篇WPS),0.0,297.0,
wps安卓版下载apk,下载/安装,下载安装,下载,下载/安装·下载安装·下载,高关联(整篇WPS),0.0,2.0,
下载wps手机版,下载/安装,下载安装,下载,下载/安装·下载安装·下载,高关联(整篇WPS),0.0,992.0,
wsp下载安卓版,下载/安装,下载安装,下载,下载/安装·下载安装·下载,低关联(方法论轻带),0.0,1.0,
wps下载ios,下载/安装,下载安装,下载,下载/安装·下载安装·下载,高关联(整篇WPS),0.0,1.0,
WPS office下载安卓版,Office通用,下载安装,下载,Office通用·下载安装·下载,高关联(整篇WPS),0.857,1.0,
wpsapp下载安卓版,下载/安装,下载安装,下载,下载/安装·下载安装·下载,高关联(整篇WPS),0.0,1.0,
wps安卓电脑版下载,下载/安装,下载安装,下载,下载/安装·下载安装·下载,高关联(整篇WPS),0.0,1.0,
手机版wps免费下载,下载/安装,下载安装,下载,下载/安装·下载安装·下载,高关联(整篇WPS),0.0,1.0,
免费下载手机wps,下载/安装,下载安装,下载,下载/安装·下载安装·下载,高关联(整篇WPS),0.0,1.0,
wps下载安卓版,下载/安装,下载安装,下载,下载/安装·下载安装·下载,高关联(整篇WPS),0.0,1.0,
WPS安卓版,WPS综合,下载安装,通用,WPS综合·下载安装·通用,高关联(整篇WPS),0.8135,1.0,
wps office安卓32位下载,Office通用,下载安装,下载,Office通用·下载安装·下载,高关联(整篇WPS),0.857,1.0,
手机版pdf阅读器,PDF,品牌直达,通用,PDF·品牌直达·通用,高关联(整篇WPS),0.2212,0.0,
pdf阅读器手机版下载,PDF,下载安装,下载,PDF·下载安装·下载,高关联(整篇WPS),0.2212,0.0,
文档软件word手机版,Word,品牌直达,通用,Word·品牌直达·通用,高关联(整篇WPS),0.4224,0.0,
wps会员怎么退款,WPS综合,教程操作,通用,WPS综合·教程操作·通用,中关联(通用+WPS章节),0.8135,0.0,
计算机二级wps会员领取截止时间,WPS综合,教程操作,通用,WPS综合·教程操作·通用,中关联(通用+WPS章节),0.8135,1.0,
报考计算机二级怎么领取wps会员,WPS综合,教程操作,通用,WPS综合·教程操作·通用,中关联(通用+WPS章节),0.8135,1.0,
WPS365是什么,WPS综合,功能认知,通用,WPS综合·功能认知·通用,中关联(通用+WPS章节),0.8135,0.0,A
WPS会员和超级会员区别,WPS综合,对比选型,通用,WPS综合·对比选型·通用,低关联(方法论轻带),0.8135,0.0,A
WPS个人版和专业版区别,WPS综合,对比选型,通用,WPS综合·对比选型·通用,低关联(方法论轻带),0.8135,0.0,B
WPS教育版怎么下载,下载/安装,教程操作,下载,下载/安装·教程操作·下载,中关联(通用+WPS章节),0.0,0.0,B
免费办公软件excel,Excel,品牌直达,通用,Excel·品牌直达·通用,高关联(整篇WPS),0.274,1.0,
pdf修改编辑文字免费,PDF,教程操作,通用,PDF·教程操作·通用,中关联(通用+WPS章节),0.2212,0.0,
wpsoffice是免费的吗,Office通用,品牌直达,通用,Office通用·品牌直达·通用,高关联(整篇WPS),0.857,0.0,
免费word办公软件,Word,品牌直达,通用,Word·品牌直达·通用,高关联(整篇WPS),0.4224,0.0,
免费生成ppt,PPT,教程操作,通用,PPT·教程操作·通用,中关联(通用+WPS章节),1.0,0.0,
手机免费做word文档,Word,品牌直达,通用,Word·品牌直达·通用,高关联(整篇WPS),0.4224,0.0,
wps免费版永久使用,WPS综合,教程操作,通用,WPS综合·教程操作·通用,中关联(通用+WPS章节),0.8135,20.0,
免费wps网站免费观看,WPS综合,品牌直达,通用,WPS综合·品牌直达·通用,高关联(整篇WPS),0.8135,18.0,
免费wps的网站入口在哪里,WPS综合,品牌直达,通用,WPS综合·品牌直达·通用,高关联(整篇WPS),0.8135,15.0,
免费wps网站,WPS综合,品牌直达,通用,WPS综合·品牌直达·通用,高关联(整篇WPS),0.8135,10.0,
免费wps网站在线观看软件,云文档/在线,品牌直达,通用,云文档/在线·品牌直达·通用,高关联(整篇WPS),0.4399,7.0,
免费wps办公软件,Office通用,品牌直达,通用,Office通用·品牌直达·通用,高关联(整篇WPS),0.857,7.0,
免费word在线编辑,Word,教程操作,通用,Word·教程操作·通用,中关联(通用+WPS章节),0.4224,4.0,
wps是免费的吗,WPS综合,品牌直达,通用,WPS综合·品牌直达·通用,高关联(整篇WPS),0.8135,4.0,
正版wps永久免费,WPS综合,品牌直达,通用,WPS综合·品牌直达·通用,高关联(整篇WPS),0.8135,3.0,
免费的wps办公软件,Office通用,品牌直达,通用,Office通用·品牌直达·通用,高关联(整篇WPS),0.857,3.0,
wps网站免费入口,WPS综合,品牌直达,通用,WPS综合·品牌直达·通用,高关联(整篇WPS),0.8135,2.0,
免费wps,WPS综合,品牌直达,通用,WPS综合·品牌直达·通用,高关联(整篇WPS),0.8135,2.0,
wps个人版是免费的吗,WPS综合,品牌直达,通用,WPS综合·品牌直达·通用,高关联(整篇WPS),0.8135,2.0,
WPS免费,WPS综合,品牌直达,通用,WPS综合·品牌直达·通用,高关联(整篇WPS),0.8135,2.0,
免费wps的网站入口,WPS综合,品牌直达,通用,WPS综合·品牌直达·通用,高关联(整篇WPS),0.8135,2.0,
wps免费,WPS综合,品牌直达,通用,WPS综合·品牌直达·通用,高关联(整篇WPS),0.8135,1.0,
永久免费WPS网站入口推荐,WPS综合,品牌直达,通用,WPS综合·品牌直达·通用,高关联(整篇WPS),0.8135,1.0,
wps office2022免费Pc完整版,Office通用,品牌直达,通用,Office通用·品牌直达·通用,高关联(整篇WPS),0.857,1.0,
免费的wps,WPS综合,品牌直达,通用,WPS综合·品牌直达·通用,高关联(整篇WPS),0.8135,1.0,
在线wps网页版免费,云文档/在线,品牌直达,通用,云文档/在线·品牌直达·通用,高关联(整篇WPS),0.4399,1.0,
wps免费能用,WPS综合,品牌直达,通用,WPS综合·品牌直达·通用,高关联(整篇WPS),0.8135,1.0,
wps免费Pc版,WPS综合,品牌直达,通用,WPS综合·品牌直达·通用,高关联(整篇WPS),0.8135,1.0,
免费wps办公软件正版永久版,Office通用,品牌直达,通用,Office通用·品牌直达·通用,高关联(整篇WPS),0.857,1.0,
www.wps.cn免费网站,WPS综合,品牌直达,通用,WPS综合·品牌直达·通用,高关联(整篇WPS),0.8135,1.0,
免费的wps网站,WPS综合,品牌直达,通用,WPS综合·品牌直达·通用,高关联(整篇WPS),0.8135,1.0,
WPS免费网页在线编辑,云文档/在线,教程操作,通用,云文档/在线·教程操作·通用,中关联(通用+WPS章节),0.4399,1.0,
WPS有免费的,WPS综合,品牌直达,通用,WPS综合·品牌直达·通用,高关联(整篇WPS),0.8135,1.0,
word文档免费使用,Word,教程操作,通用,Word·教程操作·通用,中关联(通用+WPS章节),0.4224,1.0,
wps免费网页版,云文档/在线,品牌直达,通用,云文档/在线·品牌直达·通用,高关联(整篇WPS),0.4399,1.0,
WPS免费纯净版,WPS综合,品牌直达,通用,WPS综合·品牌直达·通用,高关联(整篇WPS),0.8135,1.0,
免费的Office,Office通用,品牌直达,通用,Office通用·品牌直达·通用,高关联(整篇WPS),0.857,1.0,
office免费软件,Office通用,品牌直达,通用,Office通用·品牌直达·通用,高关联(整篇WPS),0.857,1.0,
wpsoffice免费版永久使用,Office通用,教程操作,通用,Office通用·教程操作·通用,中关联(通用+WPS章节),0.857,1.0,
免费Office,Office通用,品牌直达,通用,Office通用·品牌直达·通用,高关联(整篇WPS),0.857,1.0,
免费WPS,WPS综合,品牌直达,通用,WPS综合·品牌直达·通用,高关联(整篇WPS),0.8135,1.0,
wps教学视频全集免费,WPS综合,教程操作,通用,WPS综合·教程操作·通用,中关联(通用+WPS章节),0.8135,1.0,
WPS免费官网,WPS综合,品牌直达,通用,WPS综合·品牌直达·通用,高关联(整篇WPS),0.8135,1.0,
官方wps有免费的吗,WPS综合,品牌直达,通用,WPS综合·品牌直达·通用,高关联(整篇WPS),0.8135,1.0,
wps免费能用的,WPS综合,品牌直达,通用,WPS综合·品牌直达·通用,高关联(整篇WPS),0.8135,1.0,
免费wps网页版入口在线观看,云文档/在线,品牌直达,通用,云文档/在线·品牌直达·通用,高关联(整篇WPS),0.4399,1.0,
WPS Office 个人版免费,Office通用,品牌直达,通用,Office通用·品牌直达·通用,高关联(整篇WPS),0.857,1.0,
WPS免费在线文档,云文档/在线,品牌直达,通用,云文档/在线·品牌直达·通用,高关联(整篇WPS),0.4399,1.0,
wps官网免费,WPS综合,品牌直达,通用,WPS综合·品牌直达·通用,高关联(整篇WPS),0.8135,1.0,
WPS免费破解版,下载/安装,下载安装,通用,下载/安装·下载安装·通用,高关联(整篇WPS),0.0,1.0,
免费的wps网站直接进入,WPS综合,品牌直达,通用,WPS综合·品牌直达·通用,高关联(整篇WPS),0.8135,1.0,
wps麒麟版免费,WPS综合,品牌直达,通用,WPS综合·品牌直达·通用,高关联(整篇WPS),0.8135,1.0,
WPS 免费 高版本,WPS综合,品牌直达,通用,WPS综合·品牌直达·通用,高关联(整篇WPS),0.8135,1.0,
WPS免费编辑,WPS综合,教程操作,通用,WPS综合·教程操作·通用,中关联(通用+WPS章节),0.8135,1.0,
wordoffice免费版怎么下,Word,教程操作,通用,Word·教程操作·通用,中关联(通用+WPS章节),0.4224,1.0,
win8.1 wps免费,WPS综合,品牌直达,通用,WPS综合·品牌直达·通用,高关联(整篇WPS),0.8135,1.0,
wps官方网站免费进入,WPS综合,品牌直达,通用,WPS综合·品牌直达·通用,高关联(整篇WPS),0.8135,1.0,
wps在线办公平台免费,云文档/在线,品牌直达,通用,云文档/在线·品牌直达·通用,高关联(整篇WPS),0.4399,1.0,
在线office编辑网页 免费,云文档/在线,教程操作,通用,云文档/在线·教程操作·通用,中关联(通用+WPS章节),0.4399,1.0,
wps office免费使用,Office通用,教程操作,通用,Office通用·教程操作·通用,中关联(通用+WPS章节),0.857,1.0,
wps免费网页,WPS综合,品牌直达,通用,WPS综合·品牌直达·通用,高关联(整篇WPS),0.8135,1.0,
网上有免费的WPS吗,WPS综合,品牌直达,通用,WPS综合·品牌直达·通用,高关联(整篇WPS),0.8135,1.0,
比wps好用的免费办公软件,Office通用,品牌直达,通用,Office通用·品牌直达·通用,高关联(整篇WPS),0.857,1.0,
WPS免费使用,WPS综合,教程操作,通用,WPS综合·教程操作·通用,中关联(通用+WPS章节),0.8135,1.0,
"免费的在线文档,适用于多人协作",云文档/在线,教程操作,通用,云文档/在线·教程操作·通用,中关联(通用+WPS章节),0.4399,1.0,
免费wps软件,WPS综合,品牌直达,通用,WPS综合·品牌直达·通用,高关联(整篇WPS),0.8135,1.0,
免费WORD,Word,品牌直达,通用,Word·品牌直达·通用,高关联(整篇WPS),0.4224,1.0,
wps在线免费编辑网页版,云文档/在线,教程操作,通用,云文档/在线·教程操作·通用,中关联(通用+WPS章节),0.4399,1.0,
免费使用wps软件,WPS综合,教程操作,通用,WPS综合·教程操作·通用,中关联(通用+WPS章节),0.8135,1.0,
免费的wps电脑软件,WPS综合,品牌直达,通用,WPS综合·品牌直达·通用,高关联(整篇WPS),0.8135,1.0,
电脑wps怎么免费使用,WPS综合,教程操作,通用,WPS综合·教程操作·通用,中关联(通用+WPS章节),0.8135,1.0,
wps演示官方免费版,PPT,教程操作,通用,PPT·教程操作·通用,中关联(通用+WPS章节),1.0,1.0,
免费pdf,PDF,品牌直达,通用,PDF·品牌直达·通用,高关联(整篇WPS),0.2212,0.0,
pdf免费编辑器,PDF,教程操作,通用,PDF·教程操作·通用,中关联(通用+WPS章节),0.2212,0.0,
PPT模版免费,PPT,品牌直达,通用,PPT·品牌直达·通用,高关联(整篇WPS),1.0,0.0,
pdf免费编辑软件,PDF,教程操作,通用,PDF·教程操作·通用,中关联(通用+WPS章节),0.2212,0.0,
ppt免费模版,PPT,品牌直达,通用,PPT·品牌直达·通用,高关联(整篇WPS),1.0,0.0,
免费将图片转为pdf的软件,PDF,教程操作,通用,PDF·教程操作·通用,中关联(通用+WPS章节),0.2212,0.0,
免费ppt素材,PPT,模板获取,通用,PPT·模板获取·通用,中关联(通用+WPS章节),1.0,0.0,
pdf免费编辑,PDF,教程操作,通用,PDF·教程操作·通用,中关联(通用+WPS章节),0.2212,0.0,
消防安全ppt课件免费,PPT,品牌直达,通用,PPT·品牌直达·通用,高关联(整篇WPS),1.0,0.0,
免费ppt网站,PPT,品牌直达,通用,PPT·品牌直达·通用,高关联(整篇WPS),1.0,0.0,
免费合并pdf,PDF,教程操作,合并,PDF·教程操作·合并,中关联(通用+WPS章节),0.2212,0.0,
编辑pdf的免费软件,PDF,教程操作,通用,PDF·教程操作·通用,中关联(通用+WPS章节),0.2212,0.0,
pdf在线合并免费,PDF,教程操作,合并,PDF·教程操作·合并,中关联(通用+WPS章节),0.2212,0.0,
免费ppt制作软件,PPT,教程操作,通用,PPT·教程操作·通用,中关联(通用+WPS章节),1.0,0.0,
免费拆分pdf的软件,PDF,教程操作,拆分,PDF·教程操作·拆分,中关联(通用+WPS章节),0.2212,0.0,
ppt免费制作,PPT,教程操作,通用,PPT·教程操作·通用,中关联(通用+WPS章节),1.0,0.0,
pdf免费软件,PDF,品牌直达,通用,PDF·品牌直达·通用,高关联(整篇WPS),0.2212,0.0,
word免费,Word,品牌直达,通用,Word·品牌直达·通用,高关联(整篇WPS),0.4224,0.0,
excel免费,Excel,品牌直达,通用,Excel·品牌直达·通用,高关联(整篇WPS),0.274,0.0,
pdf翻译免费,PDF,品牌直达,通用,PDF·品牌直达·通用,高关联(整篇WPS),0.2212,0.0,
pdf在线压缩免费,PDF,教程操作,通用,PDF·教程操作·通用,中关联(通用+WPS章节),0.2212,0.0,
免费编辑pdf,PDF,教程操作,通用,PDF·教程操作·通用,中关联(通用+WPS章节),0.2212,0.0,
免费ppt制作,PPT,教程操作,通用,PPT·教程操作·通用,中关联(通用+WPS章节),1.0,0.0,
心理健康ppt课件免费,PPT,品牌直达,通用,PPT·品牌直达·通用,高关联(整篇WPS),1.0,0.0,
pdf免费翻译,PDF,品牌直达,通用,PDF·品牌直达·通用,高关联(整篇WPS),0.2212,0.0,
免费word,Word,品牌直达,通用,Word·品牌直达·通用,高关联(整篇WPS),0.4224,0.0,
ppt免费网站,PPT,品牌直达,通用,PPT·品牌直达·通用,高关联(整篇WPS),1.0,0.0,
pdf免费拆分,PDF,教程操作,拆分,PDF·教程操作·拆分,中关联(通用+WPS章节),0.2212,0.0,
pdf转cad免费,PDF,品牌直达,通用,PDF·品牌直达·通用,高关联(整篇WPS),0.2212,0.0,
免费pdf阅读器,PDF,品牌直达,通用,PDF·品牌直达·通用,高关联(整篇WPS),0.2212,0.0,
免费的pdf软件,PDF,品牌直达,通用,PDF·品牌直达·通用,高关联(整篇WPS),0.2212,0.0,
pdf免费在线压缩,PDF,教程操作,通用,PDF·教程操作·通用,中关联(通用+WPS章节),0.2212,0.0,
免费word文档,Word,品牌直达,通用,Word·品牌直达·通用,高关联(整篇WPS),0.4224,0.0,
免费ppt,PPT,品牌直达,通用,PPT·品牌直达·通用,高关联(整篇WPS),1.0,0.0,
ppt免费素材,PPT,模板获取,通用,PPT·模板获取·通用,中关联(通用+WPS章节),1.0,0.0,
ppt素材免费,PPT,模板获取,通用,PPT·模板获取·通用,中关联(通用+WPS章节),1.0,0.0,
ppt背景图片免费,PPT,教程操作,背景,PPT·教程操作·背景,中关联(通用+WPS章节),1.0,0.0,
免费编辑pdf用什么软件,PDF,教程操作,通用,PDF·教程操作·通用,中关联(通用+WPS章节),0.2212,0.0,
word文档免费,Word,品牌直达,通用,Word·品牌直达·通用,高关联(整篇WPS),0.4224,0.0,
pdf在线免费编辑,PDF,教程操作,通用,PDF·教程操作·通用,中关联(通用+WPS章节),0.2212,0.0,
ppt免费,PPT,品牌直达,通用,PPT·品牌直达·通用,高关联(整篇WPS),1.0,0.0,
免费excel,Excel,品牌直达,通用,Excel·品牌直达·通用,高关联(整篇WPS),0.274,0.0,
pdf阅读器免费,PDF,品牌直达,通用,PDF·品牌直达·通用,高关联(整篇WPS),0.2212,0.0,
免费压缩pdf文件,PDF,教程操作,通用,PDF·教程操作·通用,中关联(通用+WPS章节),0.2212,0.0,
pdf免费加水印,PDF,品牌直达,水印,PDF·品牌直达·水印,高关联(整篇WPS),0.2212,0.0,
pdf免费,PDF,品牌直达,通用,PDF·品牌直达·通用,高关联(整篇WPS),0.2212,0.0,
pdf免费压缩,PDF,教程操作,通用,PDF·教程操作·通用,中关联(通用+WPS章节),0.2212,0.0,
免费合并pdf文件的软件,PDF,教程操作,合并,PDF·教程操作·合并,中关联(通用+WPS章节),0.2212,0.0,
word2010免费破解版,Word,下载安装,通用,Word·下载安装·通用,高关联(整篇WPS),0.4224,0.0,
免费的ppt,PPT,品牌直达,通用,PPT·品牌直达·通用,高关联(整篇WPS),1.0,0.0,
pdf转jpg免费,PDF,品牌直达,通用,PDF·品牌直达·通用,高关联(整篇WPS),0.2212,0.0,
免费拆分pdf,PDF,教程操作,拆分,PDF·教程操作·拆分,中关联(通用+WPS章节),0.2212,0.0,
pdf免费压缩软件,PDF,教程操作,通用,PDF·教程操作·通用,中关联(通用+WPS章节),0.2212,0.0,
免费ppt课件,PPT,品牌直达,通用,PPT·品牌直达·通用,高关联(整篇WPS),1.0,0.0,
pdf文件免费压缩,PDF,教程操作,通用,PDF·教程操作·通用,中关联(通用+WPS章节),0.2212,0.0,
pdf在线编辑 免费,PDF,教程操作,通用,PDF·教程操作·通用,中关联(通用+WPS章节),0.2212,0.0,
pdf免费压缩大小,PDF,教程操作,通用,PDF·教程操作·通用,中关联(通用+WPS章节),0.2212,0.0,
免费excel表格,Excel,品牌直达,表格,Excel·品牌直达·表格,高关联(整篇WPS),0.274,0.0,
在线免费压缩pdf,PDF,教程操作,通用,PDF·教程操作·通用,中关联(通用+WPS章节),0.2212,0.0,
免费制作ppt的软件,PPT,教程操作,通用,PPT·教程操作·通用,中关联(通用+WPS章节),1.0,0.0,
ppt免费背景图片,PPT,教程操作,背景,PPT·教程操作·背景,中关联(通用+WPS章节),1.0,0.0,
pdf免费合并,PDF,教程操作,合并,PDF·教程操作·合并,中关联(通用+WPS章节),0.2212,0.0,
免费在线压缩pdf,PDF,教程操作,通用,PDF·教程操作·通用,中关联(通用+WPS章节),0.2212,0.0,
免费ppt模版,PPT,品牌直达,通用,PPT·品牌直达·通用,高关联(整篇WPS),1.0,0.0,
ppt素材大全免费,PPT,模板获取,通用,PPT·模板获取·通用,中关联(通用+WPS章节),1.0,0.0,
ppt免费末班,PPT,品牌直达,通用,PPT·品牌直达·通用,高关联(整篇WPS),1.0,0.0,
wps会员取消自动续费怎么取消,WPS综合,教程操作,通用,WPS综合·教程操作·通用,中关联(通用+WPS章节),0.8135,0.0,
pdf,PDF,品牌直达,通用,PDF·品牌直达·通用,高关联(整篇WPS),0.2212,12.0,
pdf上直接修改文字,PDF,教程操作,通用,PDF·教程操作·通用,中关联(通用+WPS章节),0.2212,0.0,
PDF,PDF,品牌直达,通用,PDF·品牌直达·通用,高关联(整篇WPS),0.2212,13.0,
PDF软件,PDF,品牌直达,通用,PDF·品牌直达·通用,高关联(整篇WPS),0.2212,1.0,
pdf加密,PDF,教程操作,加密,PDF·教程操作·加密,中关联(通用+WPS章节),0.2212,0.0,
PDF转TXT,PDF,品牌直达,通用,PDF·品牌直达·通用,高关联(整篇WPS),0.2212,0.0,
pdf工具,PDF,品牌直达,通用,PDF·品牌直达·通用,高关联(整篇WPS),0.2212,0.0,
pdf打印机,PDF,教程操作,打印,PDF·教程操作·打印,中关联(通用+WPS章节),0.2212,0.0,
pdf 解密,PDF,品牌直达,解密,PDF·品牌直达·解密,高关联(整篇WPS),0.2212,0.0,
pdf在线压缩,PDF,教程操作,通用,PDF·教程操作·通用,中关联(通用+WPS章节),0.2212,0.0,
编辑pdf,PDF,教程操作,通用,PDF·教程操作·通用,中关联(通用+WPS章节),0.2212,0.0,
pdf加水印,PDF,品牌直达,水印,PDF·品牌直达·水印,高关联(整篇WPS),0.2212,0.0,
百年孤独pdf,PDF,品牌直达,通用,PDF·品牌直达·通用,高关联(整篇WPS),0.2212,0.0,
pdf在线合并,PDF,教程操作,合并,PDF·教程操作·合并,中关联(通用+WPS章节),0.2212,0.0,
pdf阅览器,PDF,品牌直达,通用,PDF·品牌直达·通用,高关联(整篇WPS),0.2212,0.0,
福昕pdf官网,PDF,品牌直达,通用,PDF·品牌直达·通用,高关联(整篇WPS),0.2212,0.0,
pdf转html,PDF,品牌直达,通用,PDF·品牌直达·通用,高关联(整篇WPS),0.2212,0.0,
pdf打开方式,PDF,品牌直达,通用,PDF·品牌直达·通用,高关联(整篇WPS),0.2212,0.0,
pdf文件修改,PDF,教程操作,通用,PDF·教程操作·通用,中关联(通用+WPS章节),0.2212,0.0,
pdf水印,PDF,品牌直达,水印,PDF·品牌直达·水印,高关联(整篇WPS),0.2212,0.0,
pdf文件用什么软件打开,PDF,品牌直达,通用,PDF·品牌直达·通用,高关联(整篇WPS),0.2212,0.0,
pdf转dwg,PDF,品牌直达,通用,PDF·品牌直达·通用,高关联(整篇WPS),0.2212,0.0,
福昕pdf破解版,PDF,下载安装,通用,PDF·下载安装·通用,高关联(整篇WPS),0.2212,0.0,
pdf修改器,PDF,教程操作,通用,PDF·教程操作·通用,中关联(通用+WPS章节),0.2212,0.0,
pdf盖章,PDF,品牌直达,通用,PDF·品牌直达·通用,高关联(整篇WPS),0.2212,0.0,
easy pdf,PDF,品牌直达,通用,PDF·品牌直达·通用,高关联(整篇WPS),0.2212,0.0,
pdf之家,PDF,品牌直达,通用,PDF·品牌直达·通用,高关联(整篇WPS),0.2212,0.0,
pdf阅读器adobe,PDF,品牌直达,通用,PDF·品牌直达·通用,高关联(整篇WPS),0.2212,0.0,
pdf看图软件,PDF,品牌直达,通用,PDF·品牌直达·通用,高关联(整篇WPS),0.2212,0.0,
pdf转doc,PDF,品牌直达,通用,PDF·品牌直达·通用,高关联(整篇WPS),0.2212,0.0,
pdf文件压缩,PDF,教程操作,通用,PDF·教程操作·通用,中关联(通用+WPS章节),0.2212,0.0,
pdf制作,PDF,教程操作,通用,PDF·教程操作·通用,中关联(通用+WPS章节),0.2212,0.0,
pdf合成,PDF,品牌直达,通用,PDF·品牌直达·通用,高关联(整篇WPS),0.2212,0.0,
pdf查看软件,PDF,品牌直达,通用,PDF·品牌直达·通用,高关联(整篇WPS),0.2212,0.0,
pdf转png,PDF,品牌直达,通用,PDF·品牌直达·通用,高关联(整篇WPS),0.2212,0.0,
双层pdf,PDF,品牌直达,通用,PDF·品牌直达·通用,高关联(整篇WPS),0.2212,0.0,
vue-pdf,PDF,品牌直达,通用,PDF·品牌直达·通用,高关联(整篇WPS),0.2212,0.0,
在线pdf,PDF,品牌直达,通用,PDF·品牌直达·通用,高关联(整篇WPS),0.2212,0.0,
pdf批量打印,PDF,教程操作,打印,PDF·教程操作·打印,中关联(通用+WPS章节),0.2212,0.0,
ps导出pdf,PDF,教程操作,通用,PDF·教程操作·通用,中关联(通用+WPS章节),0.2212,0.0,
pdf解析,PDF,品牌直达,通用,PDF·品牌直达·通用,高关联(整篇WPS),0.2212,0.0,
图片转为pdf,PDF,教程操作,通用,PDF·教程操作·通用,中关联(通用+WPS章节),0.2212,0.0,
pdf修改软件,PDF,教程操作,通用,PDF·教程操作·通用,中关联(通用+WPS章节),0.2212,0.0,
pdf用什么软件打开,PDF,品牌直达,通用,PDF·品牌直达·通用,高关联(整篇WPS),0.2212,0.0,
pdf查看,PDF,品牌直达,通用,PDF·品牌直达·通用,高关联(整篇WPS),0.2212,0.0,
pdf删除空白页,PDF,教程操作,通用,PDF·教程操作·通用,中关联(通用+WPS章节),0.2212,0.0,
pdf添加水印,PDF,教程操作,水印,PDF·教程操作·水印,中关联(通用+WPS章节),0.2212,0.0,
pdf在线拆分,PDF,教程操作,拆分,PDF·教程操作·拆分,中关联(通用+WPS章节),0.2212,0.0,
pdf拼接,PDF,品牌直达,通用,PDF·品牌直达·通用,高关联(整篇WPS),0.2212,0.0,
无需软件pdf转jpg格式,PDF,品牌直达,通用,PDF·品牌直达·通用,高关联(整篇WPS),0.2212,0.0,
pdf转jpg在线,PDF,品牌直达,通用,PDF·品牌直达·通用,高关联(整篇WPS),0.2212,0.0,
word插入pdf,PDF,教程操作,通用,PDF·教程操作·通用,中关联(通用+WPS章节),0.2212,0.0,
pdf打开软件,PDF,品牌直达,通用,PDF·品牌直达·通用,高关联(整篇WPS),0.2212,0.0,
毛选pdf,PDF,品牌直达,通用,PDF·品牌直达·通用,高关联(整篇WPS),0.2212,0.0,
极速pdf,PDF,品牌直达,通用,PDF·品牌直达·通用,高关联(整篇WPS),0.2212,0.0,
在线合并pdf,PDF,教程操作,合并,PDF·教程操作·合并,中关联(通用+WPS章节),0.2212,0.0,
pdf密码,PDF,品牌直达,通用,PDF·品牌直达·通用,高关联(整篇WPS),0.2212,0.0,
pdf缩小,PDF,教程操作,通用,PDF·教程操作·通用,中关联(通用+WPS章节),0.2212,0.0,
pdf合成一个文件,PDF,品牌直达,通用,PDF·品牌直达·通用,高关联(整篇WPS),0.2212,0.0,
pdf2cad,PDF,品牌直达,通用,PDF·品牌直达·通用,高关联(整篇WPS),0.2212,0.0,
pdf解除密码,PDF,品牌直达,通用,PDF·品牌直达·通用,高关联(整篇WPS),0.2212,0.0,
spire.pdf,PDF,品牌直达,通用,PDF·品牌直达·通用,高关联(整篇WPS),0.2212,0.0,
pdf打印,PDF,教程操作,打印,PDF·教程操作·打印,中关联(通用+WPS章节),0.2212,0.0,
压缩pdf,PDF,教程操作,通用,PDF·教程操作·通用,中关联(通用+WPS章节),0.2212,0.0,
FreePic2Pdf,PDF,品牌直达,通用,PDF·品牌直达·通用,高关联(整篇WPS),0.2212,0.0,
pdf破解,PDF,品牌直达,通用,PDF·品牌直达·通用,高关联(整篇WPS),0.2212,0.0,
pdf转化,PDF,品牌直达,通用,PDF·品牌直达·通用,高关联(整篇WPS),0.2212,0.0,
pdf裁剪,PDF,品牌直达,通用,PDF·品牌直达·通用,高关联(整篇WPS),0.2212,0.0,
pdf可以编辑吗,PDF,教程操作,通用,PDF·教程操作·通用,中关联(通用+WPS章节),0.2212,0.0,
html2pdf,PDF,品牌直达,通用,PDF·品牌直达·通用,高关联(整篇WPS),0.2212,0.0,
pdf导入cad,PDF,教程操作,通用,PDF·教程操作·通用,中关联(通用+WPS章节),0.2212,0.0,
马克思主义基本原理概论pdf,PDF,品牌直达,通用,PDF·品牌直达·通用,高关联(整篇WPS),0.2212,0.0,
pdf去除密码,PDF,品牌直达,通用,PDF·品牌直达·通用,高关联(整篇WPS),0.2212,0.0,
pdf翻译成中文,PDF,品牌直达,通用,PDF·品牌直达·通用,高关联(整篇WPS),0.2212,0.0,
cad输出为pdf,PDF,品牌直达,通用,PDF·品牌直达·通用,高关联(整篇WPS),0.2212,0.0,
pdf查看器,PDF,品牌直达,通用,PDF·品牌直达·通用,高关联(整篇WPS),0.2212,0.0,
pdf文件翻译,PDF,品牌直达,通用,PDF·品牌直达·通用,高关联(整篇WPS),0.2212,0.0,
pdf加页码,PDF,品牌直达,通用,PDF·品牌直达·通用,高关联(整篇WPS),0.2212,0.0,
pdf图片,PDF,教程操作,通用,PDF·教程操作·通用,中关联(通用+WPS章节),0.2212,0.0,
网页保存为pdf,PDF,教程操作,通用,PDF·教程操作·通用,中关联(通用+WPS章节),0.2212,0.0,
pdf文档翻译,PDF,品牌直达,通用,PDF·品牌直达·通用,高关联(整篇WPS),0.2212,0.0,
在线pdf转jpg,PDF,品牌直达,通用,PDF·品牌直达·通用,高关联(整篇WPS),0.2212,0.0,
pdf转cad在线,PDF,品牌直达,通用,PDF·品牌直达·通用,高关联(整篇WPS),0.2212,0.0,
pdf去除水印,PDF,品牌直达,水印,PDF·品牌直达·水印,高关联(整篇WPS),0.2212,0.0,
pdf转mobi,PDF,品牌直达,通用,PDF·品牌直达·通用,高关联(整篇WPS),0.2212,0.0,
cad导出pdf,PDF,教程操作,通用,PDF·教程操作·通用,中关联(通用+WPS章节),0.2212,0.0,
pdf去密码,PDF,品牌直达,通用,PDF·品牌直达·通用,高关联(整篇WPS),0.2212,0.0,
福昕pdf阅读器官网,PDF,品牌直达,通用,PDF·品牌直达·通用,高关联(整篇WPS),0.2212,0.0,
pdf转xml,PDF,品牌直达,通用,PDF·品牌直达·通用,高关联(整篇WPS),0.2212,0.0,
pdf插件,PDF,品牌直达,通用,PDF·品牌直达·通用,高关联(整篇WPS),0.2212,0.0,
pdf生成,PDF,教程操作,通用,PDF·教程操作·通用,中关联(通用+WPS章节),0.2212,0.0,
pdf文件编辑,PDF,教程操作,通用,PDF·教程操作·通用,中关联(通用+WPS章节),0.2212,0.0,
图片生成pdf,PDF,教程操作,通用,PDF·教程操作·通用,中关联(通用+WPS章节),0.2212,0.0,
pdf插入图片,PDF,教程操作,通用,PDF·教程操作·通用,中关联(通用+WPS章节),0.2212,0.0,
pdf转成图片,PDF,教程操作,通用,PDF·教程操作·通用,中关联(通用+WPS章节),0.2212,0.0,
pdf官网,PDF,品牌直达,通用,PDF·品牌直达·通用,高关联(整篇WPS),0.2212,0.0,
修改pdf文件中的文字,PDF,教程操作,通用,PDF·教程操作·通用,中关联(通用+WPS章节),0.2212,0.0,
压缩pdf文件大小,PDF,教程操作,通用,PDF·教程操作·通用,中关联(通用+WPS章节),0.2212,0.0,
图片转化为pdf,PDF,教程操作,通用,PDF·教程操作·通用,中关联(通用+WPS章节),0.2212,0.0,
考研英语二历年真题pdf,PDF,品牌直达,通用,PDF·品牌直达·通用,高关联(整篇WPS),0.2212,0.0,
pdf预览,PDF,品牌直达,通用,PDF·品牌直达·通用,高关联(整篇WPS),0.2212,0.0,
pdf电子书,PDF,品牌直达,通用,PDF·品牌直达·通用,高关联(整篇WPS),0.2212,0.0,
pdf删除页面,PDF,教程操作,通用,PDF·教程操作·通用,中关联(通用+WPS章节),0.2212,0.0,
福昕pdf激活码,PDF,下载安装,通用,PDF·下载安装·通用,高关联(整篇WPS),0.2212,0.0,
pdf解密工具,PDF,品牌直达,解密,PDF·品牌直达·解密,高关联(整篇WPS),0.2212,0.0,
pdf猫,PDF,品牌直达,通用,PDF·品牌直达·通用,高关联(整篇WPS),0.2212,0.0,
pdf添加页码,PDF,教程操作,通用,PDF·教程操作·通用,中关联(通用+WPS章节),0.2212,0.0,
ceb2pdf,PDF,品牌直达,通用,PDF·品牌直达·通用,高关联(整篇WPS),0.2212,0.0,
pdf转长图,PDF,品牌直达,通用,PDF·品牌直达·通用,高关联(整篇WPS),0.2212,0.0,
pdf转为图片,PDF,教程操作,通用,PDF·教程操作·通用,中关联(通用+WPS章节),0.2212,0.0,
党章  pdf,PDF,品牌直达,通用,PDF·品牌直达·通用,高关联(整篇WPS),0.2212,0.0,
批量打印pdf,PDF,教程操作,打印,PDF·教程操作·打印,中关联(通用+WPS章节),0.2212,0.0,
.pdf,PDF,品牌直达,通用,PDF·品牌直达·通用,高关联(整篇WPS),0.2212,0.0,
pdf文件合并成一个文件,PDF,教程操作,合并,PDF·教程操作·合并,中关联(通用+WPS章节),0.2212,0.0,
pdf字数统计,PDF,教程操作,通用,PDF·教程操作·通用,中关联(通用+WPS章节),0.2212,0.0,
爱pdf,PDF,品牌直达,通用,PDF·品牌直达·通用,高关联(整篇WPS),0.2212,0.0,
pdf转照片,PDF,品牌直达,通用,PDF·品牌直达·通用,高关联(整篇WPS),0.2212,0.0,
pdf转成jpg,PDF,品牌直达,通用,PDF·品牌直达·通用,高关联(整篇WPS),0.2212,0.0,
缩小pdf文件大小,PDF,教程操作,通用,PDF·教程操作·通用,中关联(通用+WPS章节),0.2212,0.0,
pdf解密软件,PDF,品牌直达,解密,PDF·品牌直达·解密,高关联(整篇WPS),0.2212,0.0,
PDF Shaper,PDF,品牌直达,通用,PDF·品牌直达·通用,高关联(整篇WPS),0.2212,0.0,
pdf转成word,PDF,品牌直达,通用,PDF·品牌直达·通用,高关联(整篇WPS),0.2212,0.0,
pdf文件解密,PDF,品牌直达,解密,PDF·品牌直达·解密,高关联(整篇WPS),0.2212,0.0,
pdf瘦身,PDF,品牌直达,通用,PDF·品牌直达·通用,高关联(整篇WPS),0.2212,0.0,
党章 pdf,PDF,品牌直达,通用,PDF·品牌直达·通用,高关联(整篇WPS),0.2212,0.0,
pdf文件加密,PDF,教程操作,加密,PDF·教程操作·加密,中关联(通用+WPS章节),0.2212,0.0,
cad导入pdf,PDF,教程操作,通用,PDF·教程操作·通用,中关联(通用+WPS章节),0.2212,0.0,
pdf怎样转成word,PDF,品牌直达,通用,PDF·品牌直达·通用,高关联(整篇WPS),0.2212,0.0,
do pdf,PDF,品牌直达,通用,PDF·品牌直达·通用,高关联(整篇WPS),0.2212,0.0,
pdf在线合成,PDF,品牌直达,通用,PDF·品牌直达·通用,高关联(整篇WPS),0.2212,0.0,
在线pdf转cad,PDF,品牌直达,通用,PDF·品牌直达·通用,高关联(整篇WPS),0.2212,0.0,
istyle pdf,PDF,品牌直达,通用,PDF·品牌直达·通用,高关联(整篇WPS),0.2212,0.0,
adobe pdf 破解版,PDF,下载安装,通用,PDF·下载安装·通用,高关联(整篇WPS),0.2212,0.0,
pdf扫描,PDF,品牌直达,通用,PDF·品牌直达·通用,高关联(整篇WPS),0.2212,0.0,
pdf旋转,PDF,教程操作,通用,PDF·教程操作·通用,中关联(通用+WPS章节),0.2212,0.0,
pdf解密在线,PDF,品牌直达,解密,PDF·品牌直达·解密,高关联(整篇WPS),0.2212,0.0,
pdf宝,PDF,品牌直达,通用,PDF·品牌直达·通用,高关联(整篇WPS),0.2212,0.0,
pdf全文翻译,PDF,品牌直达,通用,PDF·品牌直达·通用,高关联(整篇WPS),0.2212,0.0,
PDF阅读软件,PDF,品牌直达,通用,PDF·品牌直达·通用,高关联(整篇WPS),0.2212,0.0,
考研英语一历年真题pdf,PDF,品牌直达,通用,PDF·品牌直达·通用,高关联(整篇WPS),0.2212,0.0,
好用的pdf阅读器,PDF,品牌直达,通用,PDF·品牌直达·通用,高关联(整篇WPS),0.2212,0.0,
pdf签字,PDF,品牌直达,通用,PDF·品牌直达·通用,高关联(整篇WPS),0.2212,0.0,
pdf破解版,PDF,下载安装,通用,PDF·下载安装·通用,高关联(整篇WPS),0.2212,0.0,
pdf转曲,PDF,品牌直达,通用,PDF·品牌直达·通用,高关联(整篇WPS),0.2212,0.0,
pdf导出为图片,PDF,教程操作,通用,PDF·教程操作·通用,中关联(通用+WPS章节),0.2212,0.0,
修改pdf,PDF,教程操作,通用,PDF·教程操作·通用,中关联(通用+WPS章节),0.2212,0.0,
pdf转cad软件,PDF,品牌直达,通用,PDF·品牌直达·通用,高关联(整篇WPS),0.2212,0.0,
pdf阅读器破解版,PDF,下载安装,通用,PDF·下载安装·通用,高关联(整篇WPS),0.2212,0.0,
PDF工具箱,PDF,品牌直达,通用,PDF·品牌直达·通用,高关联(整篇WPS),0.2212,0.0,
pdf文件在线压缩,PDF,教程操作,通用,PDF·教程操作·通用,中关联(通用+WPS章节),0.2212,0.0,
拆分pdf,PDF,教程操作,拆分,PDF·教程操作·拆分,中关联(通用+WPS章节),0.2212,0.0,
pdf签名,PDF,品牌直达,通用,PDF·品牌直达·通用,高关联(整篇WPS),0.2212,0.0,
福pdf,PDF,品牌直达,通用,PDF·品牌直达·通用,高关联(整篇WPS),0.2212,0.0,
被讨厌的勇气pdf,PDF,品牌直达,通用,PDF·品牌直达·通用,高关联(整篇WPS),0.2212,0.0,
2345pdf阅读器,PDF,品牌直达,通用,PDF·品牌直达·通用,高关联(整篇WPS),0.2212,0.0,
图片合并pdf,PDF,教程操作,合并,PDF·教程操作·合并,中关联(通用+WPS章节),0.2212,0.0,
pdf修复,PDF,故障解决,通用,PDF·故障解决·通用,中关联(通用+WPS章节),0.2212,0.0,
pdf分页,PDF,教程操作,分页,PDF·教程操作·分页,中关联(通用+WPS章节),0.2212,0.0,
黄帝内经pdf,PDF,品牌直达,通用,PDF·品牌直达·通用,高关联(整篇WPS),0.2212,0.0,
pdf转化器,PDF,品牌直达,通用,PDF·品牌直达·通用,高关联(整篇WPS),0.2212,0.0,
pdf转化为jpg,PDF,品牌直达,通用,PDF·品牌直达·通用,高关联(整篇WPS),0.2212,0.0,
word中插入pdf,PDF,教程操作,通用,PDF·教程操作·通用,中关联(通用+WPS章节),0.2212,0.0,
pdf转jpg,PDF,品牌直达,通用,PDF·品牌直达·通用,高关联(整篇WPS),0.2212,0.0,
pdf2doc,PDF,品牌直达,通用,PDF·品牌直达·通用,高关联(整篇WPS),0.2212,0.0,
打开pdf,PDF,品牌直达,通用,PDF·品牌直达·通用,高关联(整篇WPS),0.2212,0.0,
pdf增效工具,PDF,品牌直达,通用,PDF·品牌直达·通用,高关联(整篇WPS),0.2212,0.0,
pdf图标,PDF,模板获取,通用,PDF·模板获取·通用,中关联(通用+WPS章节),0.2212,0.0,
pdf电子签名,PDF,品牌直达,通用,PDF·品牌直达·通用,高关联(整篇WPS),0.2212,0.0,
股票大作手回忆录pdf,PDF,品牌直达,通用,PDF·品牌直达·通用,高关联(整篇WPS),0.2212,0.0,
图片转成pdf,PDF,教程操作,通用,PDF·教程操作·通用,中关联(通用+WPS章节),0.2212,0.0,
pdf打不开,PDF,故障解决,打不开,PDF·故障解决·打不开,中关联(通用+WPS章节),0.2212,0.0,
pdf阅读器 破解版,PDF,下载安装,通用,PDF·下载安装·通用,高关联(整篇WPS),0.2212,0.0,
360pdf,PDF,品牌直达,通用,PDF·品牌直达·通用,高关联(整篇WPS),0.2212,0.0,
Aspose.Pdf,PDF,品牌直达,通用,PDF·品牌直达·通用,高关联(整篇WPS),0.2212,0.0,
pdf打开,PDF,品牌直达,通用,PDF·品牌直达·通用,高关联(整篇WPS),0.2212,0.0,
生成pdf,PDF,教程操作,通用,PDF·教程操作·通用,中关联(通用+WPS章节),0.2212,0.0,
pdf 在线解密,PDF,品牌直达,解密,PDF·品牌直达·解密,高关联(整篇WPS),0.2212,0.0,
pdf快速看图,PDF,品牌直达,通用,PDF·品牌直达·通用,高关联(整篇WPS),0.2212,0.0,
pdf在线,PDF,品牌直达,通用,PDF·品牌直达·通用,高关联(整篇WPS),0.2212,0.0,
pdf打码,PDF,品牌直达,通用,PDF·品牌直达·通用,高关联(整篇WPS),0.2212,0.0,
xps 转 pdf,PDF,品牌直达,通用,PDF·品牌直达·通用,高关联(整篇WPS),0.2212,0.0,
压缩pdf大小,PDF,教程操作,通用,PDF·教程操作·通用,中关联(通用+WPS章节),0.2212,0.0,
pdf转base64,PDF,品牌直达,通用,PDF·品牌直达·通用,高关联(整篇WPS),0.2212,0.0,
乡土中国 pdf,PDF,品牌直达,通用,PDF·品牌直达·通用,高关联(整篇WPS),0.2212,0.0,
pdf替换其中一页,PDF,教程操作,通用,PDF·教程操作·通用,中关联(通用+WPS章节),0.2212,0.0,
pdf卡片数据库,PDF,品牌直达,通用,PDF·品牌直达·通用,高关联(整篇WPS),0.2212,0.0,
电子书pdf,PDF,品牌直达,通用,PDF·品牌直达·通用,高关联(整篇WPS),0.2212,0.0,
压缩pdf文件,PDF,教程操作,通用,PDF·教程操作·通用,中关联(通用+WPS章节),0.2212,0.0,
pdf文件拆分,PDF,教程操作,拆分,PDF·教程操作·拆分,中关联(通用+WPS章节),0.2212,0.0,
六级真题pdf,PDF,品牌直达,通用,PDF·品牌直达·通用,高关联(整篇WPS),0.2212,0.0,
pdf密码解除,PDF,品牌直达,通用,PDF·品牌直达·通用,高关联(整篇WPS),0.2212,0.0,
pdf生成二维码,PDF,教程操作,通用,PDF·教程操作·通用,中关联(通用+WPS章节),0.2212,0.0,
cad打印pdf,PDF,教程操作,打印,PDF·教程操作·打印,中关联(通用+WPS章节),0.2212,0.0,
合并pdf文件,PDF,教程操作,合并,PDF·教程操作·合并,中关联(通用+WPS章节),0.2212,0.0,
pdf转成cad,PDF,品牌直达,通用,PDF·品牌直达·通用,高关联(整篇WPS),0.2212,0.0,
日本蜡烛图技术pdf,PDF,品牌直达,通用,PDF·品牌直达·通用,高关联(整篇WPS),0.2212,0.0,
风云pdf,PDF,品牌直达,通用,PDF·品牌直达·通用,高关联(整篇WPS),0.2212,0.0,
pdf补丁丁,PDF,品牌直达,通用,PDF·品牌直达·通用,高关联(整篇WPS),0.2212,0.0,
pdf帝,PDF,品牌直达,通用,PDF·品牌直达·通用,高关联(整篇WPS),0.2212,0.0,
pdf插入页码,PDF,教程操作,通用,PDF·教程操作·通用,中关联(通用+WPS章节),0.2212,0.0,
java生成pdf,PDF,教程操作,通用,PDF·教程操作·通用,中关联(通用+WPS章节),0.2212,0.0,
pdf翻译器,PDF,品牌直达,通用,PDF·品牌直达·通用,高关联(整篇WPS),0.2212,0.0,
pdf大师,PDF,品牌直达,通用,PDF·品牌直达·通用,高关联(整篇WPS),0.2212,0.0,
PDF417,PDF,品牌直达,通用,PDF·品牌直达·通用,高关联(整篇WPS),0.2212,0.0,
pdf全称,PDF,品牌直达,通用,PDF·品牌直达·通用,高关联(整篇WPS),0.2212,0.0,
pdf切割,PDF,品牌直达,通用,PDF·品牌直达·通用,高关联(整篇WPS),0.2212,0.0,
福昕高级pdf,PDF,品牌直达,通用,PDF·品牌直达·通用,高关联(整篇WPS),0.2212,0.0,
福昕pdf破解,PDF,品牌直达,通用,PDF·品牌直达·通用,高关联(整篇WPS),0.2212,0.0,
pdf转为word,PDF,品牌直达,通用,PDF·品牌直达·通用,高关联(整篇WPS),0.2212,0.0,
我爱pdf,PDF,品牌直达,通用,PDF·品牌直达·通用,高关联(整篇WPS),0.2212,0.0,
pdf在线解密,PDF,品牌直达,解密,PDF·品牌直达·解密,高关联(整篇WPS),0.2212,0.0,
pdf修改编辑文字,PDF,教程操作,通用,PDF·教程操作·通用,中关联(通用+WPS章节),0.2212,0.0,
pdf文件合并,PDF,教程操作,合并,PDF·教程操作·合并,中关联(通用+WPS章节),0.2212,0.0,
cad导出黑白pdf,PDF,教程操作,通用,PDF·教程操作·通用,中关联(通用+WPS章节),0.2212,0.0,
迅捷pdf阅读器,PDF,品牌直达,通用,PDF·品牌直达·通用,高关联(整篇WPS),0.2212,0.0,
资本论pdf,PDF,品牌直达,通用,PDF·品牌直达·通用,高关联(整篇WPS),0.2212,0.0,
pdf朗读,PDF,品牌直达,通用,PDF·品牌直达·通用,高关联(整篇WPS),0.2212,0.0,
pdf大小压缩,PDF,教程操作,通用,PDF·教程操作·通用,中关联(通用+WPS章节),0.2212,0.0,
pdf马赛克,PDF,品牌直达,通用,PDF·品牌直达·通用,高关联(整篇WPS),0.2212,0.0,
pdf在线工具,PDF,品牌直达,通用,PDF·品牌直达·通用,高关联(整篇WPS),0.2212,0.0,
pdf打马赛克,PDF,品牌直达,通用,PDF·品牌直达·通用,高关联(整篇WPS),0.2212,0.0,
pdf另存为jpg,PDF,教程操作,通用,PDF·教程操作·通用,中关联(通用+WPS章节),0.2212,0.0,
在线pdf解密,PDF,品牌直达,解密,PDF·品牌直达·解密,高关联(整篇WPS),0.2212,0.0,
pdf加马赛克,PDF,品牌直达,通用,PDF·品牌直达·通用,高关联(整篇WPS),0.2212,0.0,
pdf转svg,PDF,品牌直达,通用,PDF·品牌直达·通用,高关联(整篇WPS),0.2212,0.0,
初级会计实务电子书pdf,PDF,品牌直达,通用,PDF·品牌直达·通用,高关联(整篇WPS),0.2212,0.0,
迅捷pdf官网,PDF,品牌直达,通用,PDF·品牌直达·通用,高关联(整篇WPS),0.2212,0.0,
python编程从入门到实践pdf,PDF,教程操作,通用,PDF·教程操作·通用,中关联(通用+WPS章节),0.2212,0.0,
微软pdf,PDF,品牌直达,通用,PDF·品牌直达·通用,高关联(整篇WPS),0.2212,0.0,
pdf生成目录,PDF,教程操作,目录,PDF·教程操作·目录,中关联(通用+WPS章节),0.2212,0.0,
doc 转 pdf,PDF,品牌直达,通用,PDF·品牌直达·通用,高关联(整篇WPS),0.2212,0.0,
pdf转文档,PDF,品牌直达,通用,PDF·品牌直达·通用,高关联(整篇WPS),0.2212,0.0,
pdf取消密码,PDF,品牌直达,通用,PDF·品牌直达·通用,高关联(整篇WPS),0.2212,0.0,
百年孤独 pdf,PDF,品牌直达,通用,PDF·品牌直达·通用,高关联(整篇WPS),0.2212,0.0,
pdf转dxf,PDF,品牌直达,通用,PDF·品牌直达·通用,高关联(整篇WPS),0.2212,0.0,
加加pdf,PDF,品牌直达,通用,PDF·品牌直达·通用,高关联(整篇WPS),0.2212,0.0,
pdf2word,PDF,品牌直达,通用,PDF·品牌直达·通用,高关联(整篇WPS),0.2212,0.0,
pdf解锁,PDF,品牌直达,通用,PDF·品牌直达·通用,高关联(整篇WPS),0.2212,0.0,
pdf 制作,PDF,教程操作,通用,PDF·教程操作·通用,中关联(通用+WPS章节),0.2212,0.0,
pdf在线修改,PDF,教程操作,通用,PDF·教程操作·通用,中关联(通用+WPS章节),0.2212,0.0,
资治通鉴pdf,PDF,品牌直达,通用,PDF·品牌直达·通用,高关联(整篇WPS),0.2212,0.0,
中国历代政治得失pdf,PDF,品牌直达,通用,PDF·品牌直达·通用,高关联(整篇WPS),0.2212,0.0,
pdf在线分割,PDF,品牌直达,通用,PDF·品牌直达·通用,高关联(整篇WPS),0.2212,0.0,
悉达多pdf,PDF,品牌直达,通用,PDF·品牌直达·通用,高关联(整篇WPS),0.2212,0.0,
刻意练习 pdf,PDF,品牌直达,通用,PDF·品牌直达·通用,高关联(整篇WPS),0.2212,0.0,
i2pdf,PDF,品牌直达,通用,PDF·品牌直达·通用,高关联(整篇WPS),0.2212,0.0,
新概念英语pdf,PDF,品牌直达,通用,PDF·品牌直达·通用,高关联(整篇WPS),0.2212,0.0,
添加pdf打印机,PDF,教程操作,打印,PDF·教程操作·打印,中关联(通用+WPS章节),0.2212,0.0,
pdf骑缝章,PDF,品牌直达,通用,PDF·品牌直达·通用,高关联(整篇WPS),0.2212,0.0,
pdf裁剪页面,PDF,品牌直达,通用,PDF·品牌直达·通用,高关联(整篇WPS),0.2212,0.0,
pdf阅读,PDF,品牌直达,通用,PDF·品牌直达·通用,高关联(整篇WPS),0.2212,0.0,
pdf 转 epub,PDF,品牌直达,通用,PDF·品牌直达·通用,高关联(整篇WPS),0.2212,0.0,
pdf福昕,PDF,品牌直达,通用,PDF·品牌直达·通用,高关联(整篇WPS),0.2212,0.0,
pdf翻译软件,PDF,品牌直达,通用,PDF·品牌直达·通用,高关联(整篇WPS),0.2212,0.0,
悦书pdf阅读器,PDF,品牌直达,通用,PDF·品牌直达·通用,高关联(整篇WPS),0.2212,0.0,
pdf能编辑吗,PDF,教程操作,通用,PDF·教程操作·通用,中关联(通用+WPS章节),0.2212,0.0,
红楼梦pdf,PDF,品牌直达,通用,PDF·品牌直达·通用,高关联(整篇WPS),0.2212,0.0,
pdf文档合并,PDF,教程操作,合并,PDF·教程操作·合并,中关联(通用+WPS章节),0.2212,0.0,
pdf 增加水印,PDF,品牌直达,水印,PDF·品牌直达·水印,高关联(整篇WPS),0.2212,0.0,
pdf解锁工具,PDF,品牌直达,通用,PDF·品牌直达·通用,高关联(整篇WPS),0.2212,0.0,
pdf-viewer,PDF,品牌直达,通用,PDF·品牌直达·通用,高关联(整篇WPS),0.2212,0.0,
cad输出pdf,PDF,品牌直达,通用,PDF·品牌直达·通用,高关联(整篇WPS),0.2212,0.0,
将网页保存为pdf,PDF,教程操作,通用,PDF·教程操作·通用,中关联(通用+WPS章节),0.2212,0.0,
劳动法 pdf,PDF,品牌直达,通用,PDF·品牌直达·通用,高关联(整篇WPS),0.2212,0.0,
99pdf,PDF,品牌直达,通用,PDF·品牌直达·通用,高关联(整篇WPS),0.2212,0.0,
邓小平时代 pdf,PDF,品牌直达,通用,PDF·品牌直达·通用,高关联(整篇WPS),0.2212,0.0,
打印pdf,PDF,教程操作,打印,PDF·教程操作·打印,中关联(通用+WPS章节),0.2212,0.0,
图片pdf,PDF,教程操作,通用,PDF·教程操作·通用,中关联(通用+WPS章节),0.2212,0.0,
pdf删除,PDF,教程操作,通用,PDF·教程操作·通用,中关联(通用+WPS章节),0.2212,0.0,
pdf浏览,PDF,品牌直达,通用,PDF·品牌直达·通用,高关联(整篇WPS),0.2212,0.0,
pdf目录,PDF,教程操作,目录,PDF·教程操作·目录,中关联(通用+WPS章节),0.2212,0.0,
word转为pdf,PDF,品牌直达,通用,PDF·品牌直达·通用,高关联(整篇WPS),0.2212,0.0,
pdf软件,PDF,品牌直达,通用,PDF·品牌直达·通用,高关联(整篇WPS),0.2212,0.0,
极速PDF阅读器,PDF,品牌直达,通用,PDF·品牌直达·通用,高关联(整篇WPS),0.2212,0.0,
pdf分割,PDF,品牌直达,通用,PDF·品牌直达·通用,高关联(整篇WPS),0.2212,0.0,
在线压缩pdf,PDF,教程操作,通用,PDF·教程操作·通用,中关联(通用+WPS章节),0.2212,0.0,
穷查理宝典 pdf,PDF,品牌直达,通用,PDF·品牌直达·通用,高关联(整篇WPS),0.2212,0.0,
扫描pdf,PDF,品牌直达,通用,PDF·品牌直达·通用,高关联(整篇WPS),0.2212,0.0,
pdf导出图片,PDF,教程操作,通用,PDF·教程操作·通用,中关联(通用+WPS章节),0.2212,0.0,
怎样压缩pdf文件,PDF,教程操作,通用,PDF·教程操作·通用,中关联(通用+WPS章节),0.2212,0.0,
永中pdf,PDF,品牌直达,通用,PDF·品牌直达·通用,高关联(整篇WPS),0.2212,0.0,
pdf书签,PDF,教程操作,通用,PDF·教程操作·通用,中关联(通用+WPS章节),0.2212,0.0,
pdf搜索,PDF,品牌直达,通用,PDF·品牌直达·通用,高关联(整篇WPS),0.2212,0.0,
pdf双面打印,PDF,教程操作,打印,PDF·教程操作·打印,中关联(通用+WPS章节),0.2212,0.0,
好用的pdf,PDF,品牌直达,通用,PDF·品牌直达·通用,高关联(整篇WPS),0.2212,0.0,
pdf加密码,PDF,教程操作,加密,PDF·教程操作·加密,中关联(通用+WPS章节),0.2212,0.0,
pdf转黑白,PDF,品牌直达,通用,PDF·品牌直达·通用,高关联(整篇WPS),0.2212,0.0,
pdf在线预览,PDF,品牌直达,通用,PDF·品牌直达·通用,高关联(整篇WPS),0.2212,0.0,
pdf解码,PDF,品牌直达,通用,PDF·品牌直达·通用,高关联(整篇WPS),0.2212,0.0,
pdf权限密码,PDF,品牌直达,通用,PDF·品牌直达·通用,高关联(整篇WPS),0.2212,0.0,
pdf橡皮擦,PDF,品牌直达,通用,PDF·品牌直达·通用,高关联(整篇WPS),0.2212,0.0,
悦书pdf,PDF,品牌直达,通用,PDF·品牌直达·通用,高关联(整篇WPS),0.2212,0.0,
网页另存为pdf,PDF,教程操作,通用,PDF·教程操作·通用,中关联(通用+WPS章节),0.2212,0.0,
pdf文字编辑,PDF,教程操作,通用,PDF·教程操作·通用,中关联(通用+WPS章节),0.2212,0.0,
pdf文件加水印,PDF,品牌直达,水印,PDF·品牌直达·水印,高关联(整篇WPS),0.2212,0.0,
迅捷pdf转cad,PDF,品牌直达,通用,PDF·品牌直达·通用,高关联(整篇WPS),0.2212,0.0,
乌合之众 pdf,PDF,品牌直达,通用,PDF·品牌直达·通用,高关联(整篇WPS),0.2212,0.0,
在线拆分pdf,PDF,教程操作,拆分,PDF·教程操作·拆分,中关联(通用+WPS章节),0.2212,0.0,
万历十五年pdf,PDF,品牌直达,通用,PDF·品牌直达·通用,高关联(整篇WPS),0.2212,0.0,
pdf转化为word,PDF,品牌直达,通用,PDF·品牌直达·通用,高关联(整篇WPS),0.2212,0.0,
pdf插入word,PDF,教程操作,通用,PDF·教程操作·通用,中关联(通用+WPS章节),0.2212,0.0,
pdf转epub,PDF,品牌直达,通用,PDF·品牌直达·通用,高关联(整篇WPS),0.2212,0.0,
pdf转,PDF,品牌直达,通用,PDF·品牌直达·通用,高关联(整篇WPS),0.2212,0.0,
pdf拼接合并,PDF,教程操作,合并,PDF·教程操作·合并,中关联(通用+WPS章节),0.2212,0.0,
pdf格式文件,PDF,品牌直达,通用,PDF·品牌直达·通用,高关联(整篇WPS),0.2212,0.0,
cad保存为pdf,PDF,教程操作,通用,PDF·教程操作·通用,中关联(通用+WPS章节),0.2212,0.0,
金字塔原理pdf,PDF,品牌直达,通用,PDF·品牌直达·通用,高关联(整篇WPS),0.2212,0.0,
普林斯顿微积分读本pdf,PDF,品牌直达,通用,PDF·品牌直达·通用,高关联(整篇WPS),0.2212,0.0,
pdf转化为图片,PDF,教程操作,通用,PDF·教程操作·通用,中关联(通用+WPS章节),0.2212,0.0,
在线翻译pdf,PDF,品牌直达,通用,PDF·品牌直达·通用,高关联(整篇WPS),0.2212,0.0,
pdf 转 eps,PDF,品牌直达,通用,PDF·品牌直达·通用,高关联(整篇WPS),0.2212,0.0,
漫画pdf,PDF,品牌直达,通用,PDF·品牌直达·通用,高关联(整篇WPS),0.2212,0.0,
福昕pdf阅读,PDF,品牌直达,通用,PDF·品牌直达·通用,高关联(整篇WPS),0.2212,0.0,
虚拟pdf打印机,PDF,教程操作,打印,PDF·教程操作·打印,中关联(通用+WPS章节),0.2212,0.0,
去除pdf水印,PDF,品牌直达,水印,PDF·品牌直达·水印,高关联(整篇WPS),0.2212,0.0,
pdf看图王,PDF,品牌直达,通用,PDF·品牌直达·通用,高关联(整篇WPS),0.2212,0.0,
pdf删除一页,PDF,教程操作,通用,PDF·教程操作·通用,中关联(通用+WPS章节),0.2212,0.0,
pdf文件缩小,PDF,教程操作,通用,PDF·教程操作·通用,中关联(通用+WPS章节),0.2212,0.0,
pdf打印软件,PDF,教程操作,打印,PDF·教程操作·打印,中关联(通用+WPS章节),0.2212,0.0,
pdf整合,PDF,品牌直达,通用,PDF·品牌直达·通用,高关联(整篇WPS),0.2212,0.0,
pdf缩略图,PDF,品牌直达,通用,PDF·品牌直达·通用,高关联(整篇WPS),0.2212,0.0,
pdf工厂,PDF,品牌直达,通用,PDF·品牌直达·通用,高关联(整篇WPS),0.2212,0.0,
pdf删除水印,PDF,教程操作,水印,PDF·教程操作·水印,中关联(通用+WPS章节),0.2212,0.0,
pdf转扫描件,PDF,品牌直达,通用,PDF·品牌直达·通用,高关联(整篇WPS),0.2212,0.0,
pdf分割页面,PDF,品牌直达,通用,PDF·品牌直达·通用,高关联(整篇WPS),0.2212,0.0,
在线修改pdf,PDF,教程操作,通用,PDF·教程操作·通用,中关联(通用+WPS章节),0.2212,0.0,
pdf阅读器推荐,PDF,品牌直达,通用,PDF·品牌直达·通用,高关联(整篇WPS),0.2212,0.0,
pdf修改工具,PDF,教程操作,通用,PDF·教程操作·通用,中关联(通用+WPS章节),0.2212,0.0,
pdf调整页面顺序,PDF,教程操作,通用,PDF·教程操作·通用,中关联(通用+WPS章节),0.2212,0.0,
pdf转二维码,PDF,品牌直达,通用,PDF·品牌直达·通用,高关联(整篇WPS),0.2212,0.0,
word转成pdf,PDF,品牌直达,通用,PDF·品牌直达·通用,高关联(整篇WPS),0.2212,0.0,
word里插入pdf,PDF,教程操作,通用,PDF·教程操作·通用,中关联(通用+WPS章节),0.2212,0.0,
pdf解密,PDF,品牌直达,解密,PDF·品牌直达·解密,高关联(整篇WPS),0.2212,0.0,
迅捷pdf,PDF,品牌直达,通用,PDF·品牌直达·通用,高关联(整篇WPS),0.2212,0.0,
pdf在线翻译,PDF,品牌直达,通用,PDF·品牌直达·通用,高关联(整篇WPS),0.2212,0.0,
pdf删除页,PDF,教程操作,通用,PDF·教程操作·通用,中关联(通用+WPS章节),0.2212,0.0,
迅捷pdf在线,PDF,品牌直达,通用,PDF·品牌直达·通用,高关联(整篇WPS),0.2212,0.0,
pdf快速看图破解版,PDF,下载安装,通用,PDF·下载安装·通用,高关联(整篇WPS),0.2212,0.0,
pdf文字转曲,PDF,品牌直达,通用,PDF·品牌直达·通用,高关联(整篇WPS),0.2212,0.0,
cad批量导出pdf,PDF,教程操作,通用,PDF·教程操作·通用,中关联(通用+WPS章节),0.2212,0.0,
大话设计模式 pdf,PDF,品牌直达,通用,PDF·品牌直达·通用,高关联(整篇WPS),0.2212,0.0,
图片转化pdf,PDF,教程操作,通用,PDF·教程操作·通用,中关联(通用+WPS章节),0.2212,0.0,
pdf 签字,PDF,品牌直达,通用,PDF·品牌直达·通用,高关联(整篇WPS),0.2212,0.0,
pdf签章,PDF,品牌直达,通用,PDF·品牌直达·通用,高关联(整篇WPS),0.2212,0.0,
pdf添加图片,PDF,教程操作,通用,PDF·教程操作·通用,中关联(通用+WPS章节),0.2212,0.0,
cad插入pdf,PDF,教程操作,通用,PDF·教程操作·通用,中关联(通用+WPS章节),0.2212,0.0,
cad批量打印pdf,PDF,教程操作,打印,PDF·教程操作·打印,中关联(通用+WPS章节),0.2212,0.0,
pdf删除签名,PDF,教程操作,通用,PDF·教程操作·通用,中关联(通用+WPS章节),0.2212,0.0,
pdf页面分割,PDF,品牌直达,通用,PDF·品牌直达·通用,高关联(整篇WPS),0.2212,0.0,
pdf文件修复,PDF,故障解决,通用,PDF·故障解决·通用,中关联(通用+WPS章节),0.2212,0.0,
pdf打水印,PDF,品牌直达,水印,PDF·品牌直达·水印,高关联(整篇WPS),0.2212,0.0,
新华字典pdf,PDF,品牌直达,通用,PDF·品牌直达·通用,高关联(整篇WPS),0.2212,0.0,
pdf增加水印,PDF,品牌直达,水印,PDF·品牌直达·水印,高关联(整篇WPS),0.2212,0.0,
pdf修复工具,PDF,故障解决,通用,PDF·故障解决·通用,中关联(通用+WPS章节),0.2212,0.0,
导出pdf,PDF,教程操作,通用,PDF·教程操作·通用,中关联(通用+WPS章节),0.2212,0.0,
合成pdf,PDF,品牌直达,通用,PDF·品牌直达·通用,高关联(整篇WPS),0.2212,0.0,
pdf看图,PDF,品牌直达,通用,PDF·品牌直达·通用,高关联(整篇WPS),0.2212,0.0,
裁剪pdf,PDF,品牌直达,通用,PDF·品牌直达·通用,高关联(整篇WPS),0.2212,0.0,
cad打开pdf,PDF,品牌直达,通用,PDF·品牌直达·通用,高关联(整篇WPS),0.2212,0.0,
pdf文档加密,PDF,教程操作,加密,PDF·教程操作·加密,中关联(通用+WPS章节),0.2212,0.0,
好用的pdf软件,PDF,品牌直达,通用,PDF·品牌直达·通用,高关联(整篇WPS),0.2212,0.0,
pdf 专业版,PDF,品牌直达,通用,PDF·品牌直达·通用,高关联(整篇WPS),0.2212,0.0,
pdf专业版,PDF,品牌直达,通用,PDF·品牌直达·通用,高关联(整篇WPS),0.2212,0.0,
pdf数字签名,PDF,品牌直达,通用,PDF·品牌直达·通用,高关联(整篇WPS),0.2212,0.0,
闪电pdf,PDF,品牌直达,通用,PDF·品牌直达·通用,高关联(整篇WPS),0.2212,0.0,
pdf英文翻译,PDF,品牌直达,通用,PDF·品牌直达·通用,高关联(整篇WPS),0.2212,0.0,
合并pdf在线,PDF,教程操作,合并,PDF·教程操作·合并,中关联(通用+WPS章节),0.2212,0.0,
在线pdf翻译,PDF,品牌直达,通用,PDF·品牌直达·通用,高关联(整篇WPS),0.2212,0.0,
pdf密码去除,PDF,品牌直达,通用,PDF·品牌直达·通用,高关联(整篇WPS),0.2212,0.0,
ic pdf,PDF,品牌直达,通用,PDF·品牌直达·通用,高关联(整篇WPS),0.2212,0.0,
pdf去掉密码,PDF,教程操作,通用,PDF·教程操作·通用,中关联(通用+WPS章节),0.2212,0.0,
pdf删除密码,PDF,教程操作,通用,PDF·教程操作·通用,中关联(通用+WPS章节),0.2212,0.0,
pdf翻译插件,PDF,品牌直达,通用,PDF·品牌直达·通用,高关联(整篇WPS),0.2212,0.0,
pdf处理软件,PDF,品牌直达,通用,PDF·品牌直达·通用,高关联(整篇WPS),0.2212,0.0,
pdf转eps,PDF,品牌直达,通用,PDF·品牌直达·通用,高关联(整篇WPS),0.2212,0.0,
祈福pdf,PDF,品牌直达,通用,PDF·品牌直达·通用,高关联(整篇WPS),0.2212,0.0,
现代汉语词典 pdf,PDF,品牌直达,通用,PDF·品牌直达·通用,高关联(整篇WPS),0.2212,0.0,
塔木德 pdf,PDF,品牌直达,通用,PDF·品牌直达·通用,高关联(整篇WPS),0.2212,0.0,
pdf转化word,PDF,品牌直达,通用,PDF·品牌直达·通用,高关联(整篇WPS),0.2212,0.0,
PDF阅读器,PDF,品牌直达,通用,PDF·品牌直达·通用,高关联(整篇WPS),0.2212,0.0,
万兴pdf,PDF,品牌直达,通用,PDF·品牌直达·通用,高关联(整篇WPS),0.2212,0.0,
迅读pdf,PDF,品牌直达,通用,PDF·品牌直达·通用,高关联(整篇WPS),0.2212,0.0,
pdf文件阅读器,PDF,品牌直达,通用,PDF·品牌直达·通用,高关联(整篇WPS),0.2212,0.0,
pdf阅读器绿色版,PDF,下载安装,通用,PDF·下载安装·通用,高关联(整篇WPS),0.2212,0.0,
翻译pdf,PDF,品牌直达,通用,PDF·品牌直达·通用,高关联(整篇WPS),0.2212,0.0,
迅捷pdf破解版,PDF,下载安装,通用,PDF·下载安装·通用,高关联(整篇WPS),0.2212,0.0,
pdf两页合并成一页,PDF,教程操作,合并,PDF·教程操作·合并,中关联(通用+WPS章节),0.2212,0.0,
pdf批注,PDF,教程操作,批注,PDF·教程操作·批注,中关联(通用+WPS章节),0.2212,0.0,
pdf缩小文件大小,PDF,教程操作,通用,PDF·教程操作·通用,中关联(通用+WPS章节),0.2212,0.0,
pdf在线压缩工具,PDF,教程操作,通用,PDF·教程操作·通用,中关联(通用+WPS章节),0.2212,0.0,
网页  pdf,PDF,品牌直达,通用,PDF·品牌直达·通用,高关联(整篇WPS),0.2212,0.0,
pdf迅捷,PDF,品牌直达,通用,PDF·品牌直达·通用,高关联(整篇WPS),0.2212,0.0,
合并两个pdf,PDF,教程操作,合并,PDF·教程操作·合并,中关联(通用+WPS章节),0.2212,0.0,
图片合并成pdf,PDF,教程操作,合并,PDF·教程操作·合并,中关联(通用+WPS章节),0.2212,0.0,
pdf电子签章,PDF,品牌直达,通用,PDF·品牌直达·通用,高关联(整篇WPS),0.2212,0.0,
pdf文档解密,PDF,品牌直达,解密,PDF·品牌直达·解密,高关联(整篇WPS),0.2212,0.0,
pdf图书,PDF,品牌直达,通用,PDF·品牌直达·通用,高关联(整篇WPS),0.2212,0.0,
打开pdf文件的软件,PDF,品牌直达,通用,PDF·品牌直达·通用,高关联(整篇WPS),0.2212,0.0,
word另存为pdf,PDF,教程操作,通用,PDF·教程操作·通用,中关联(通用+WPS章节),0.2212,0.0,
word转化成pdf,PDF,品牌直达,通用,PDF·品牌直达·通用,高关联(整篇WPS),0.2212,0.0,
pdf24,PDF,品牌直达,通用,PDF·品牌直达·通用,高关联(整篇WPS),0.2212,0.0,
合并pdf,PDF,教程操作,合并,PDF·教程操作·合并,中关联(通用+WPS章节),0.2212,0.0,
pdf修改,PDF,教程操作,通用,PDF·教程操作·通用,中关联(通用+WPS章节),0.2212,0.0,
pdf转链接,PDF,教程操作,通用,PDF·教程操作·通用,中关联(通用+WPS章节),0.2212,0.0,
非暴力沟通pdf,PDF,品牌直达,通用,PDF·品牌直达·通用,高关联(整篇WPS),0.2212,0.0,
pdf统计字数,PDF,教程操作,通用,PDF·教程操作·通用,中关联(通用+WPS章节),0.2212,0.0,
可以编辑pdf的软件,PDF,教程操作,通用,PDF·教程操作·通用,中关联(通用+WPS章节),0.2212,0.0,
pdf页面,PDF,品牌直达,通用,PDF·品牌直达·通用,高关联(整篇WPS),0.2212,0.0,
pdf转jpeg,PDF,品牌直达,通用,PDF·品牌直达·通用,高关联(整篇WPS),0.2212,0.0,
福昕pdf阅读器破解版,PDF,下载安装,通用,PDF·下载安装·通用,高关联(整篇WPS),0.2212,0.0,
pdf 书签,PDF,教程操作,通用,PDF·教程操作·通用,中关联(通用+WPS章节),0.2212,0.0,
PDF变小,PDF,品牌直达,通用,PDF·品牌直达·通用,高关联(整篇WPS),0.2212,0.0,
分割pdf,PDF,品牌直达,通用,PDF·品牌直达·通用,高关联(整篇WPS),0.2212,0.0,
在线pdf文件,PDF,品牌直达,通用,PDF·品牌直达·通用,高关联(整篇WPS),0.2212,0.0,
pdf控件,PDF,品牌直达,通用,PDF·品牌直达·通用,高关联(整篇WPS),0.2212,0.0,
pdf助手,WPS AI,AI认知,通用,WPS AI·AI认知·通用,中关联(通用+WPS章节),0.0,0.0,
pdf文档压缩,PDF,教程操作,通用,PDF·教程操作·通用,中关联(通用+WPS章节),0.2212,0.0,
去除pdf密码,PDF,品牌直达,通用,PDF·品牌直达·通用,高关联(整篇WPS),0.2212,0.0,
pdf无损压缩,PDF,教程操作,通用,PDF·教程操作·通用,中关联(通用+WPS章节),0.2212,0.0,
明朝那些事儿pdf,PDF,品牌直达,通用,PDF·品牌直达·通用,高关联(整篇WPS),0.2212,0.0,
传习录 pdf,PDF,品牌直达,通用,PDF·品牌直达·通用,高关联(整篇WPS),0.2212,0.0,
pdf在线加水印,PDF,品牌直达,水印,PDF·品牌直达·水印,高关联(整篇WPS),0.2212,0.0,
现代操作系统 pdf,PDF,品牌直达,通用,PDF·品牌直达·通用,高关联(整篇WPS),0.2212,0.0,
2013清单工程量计算规则pdf,PDF,教程操作,通用,PDF·教程操作·通用,中关联(通用+WPS章节),0.2212,0.0,
规训与惩罚 pdf,PDF,品牌直达,通用,PDF·品牌直达·通用,高关联(整篇WPS),0.2212,0.0,
pdf用什么打开,PDF,品牌直达,通用,PDF·品牌直达·通用,高关联(整篇WPS),0.2212,0.0,
福昕pdf,PDF,品牌直达,通用,PDF·品牌直达·通用,高关联(整篇WPS),0.2212,0.0,
PDF文档,PDF,品牌直达,通用,PDF·品牌直达·通用,高关联(整篇WPS),0.2212,0.0,
pdf 合并,PDF,教程操作,合并,PDF·教程操作·合并,中关联(通用+WPS章节),0.2212,0.0,
pdf转cad,PDF,品牌直达,通用,PDF·品牌直达·通用,高关联(整篇WPS),0.2212,0.0,
pdf文件,PDF,品牌直达,通用,PDF·品牌直达·通用,高关联(整篇WPS),0.2212,0.0,
福昕PDF阅读器,PDF,品牌直达,通用,PDF·品牌直达·通用,高关联(整篇WPS),0.2212,0.0,
pdf格式,PDF,品牌直达,通用,PDF·品牌直达·通用,高关联(整篇WPS),0.2212,0.0,
万兴pdf专家,PDF,品牌直达,通用,PDF·品牌直达·通用,高关联(整篇WPS),0.2212,0.0,
pdf 转 jpg,PDF,品牌直达,通用,PDF·品牌直达·通用,高关联(整篇WPS),0.2212,0.0,
pdf翻译,PDF,品牌直达,通用,PDF·品牌直达·通用,高关联(整篇WPS),0.2212,0.0,
pdf虚拟打印机,PDF,教程操作,打印,PDF·教程操作·打印,中关联(通用+WPS章节),0.2212,0.0,
pdf浏览器,PDF,品牌直达,通用,PDF·品牌直达·通用,高关联(整篇WPS),0.2212,0.0,
图片合成pdf,PDF,教程操作,通用,PDF·教程操作·通用,中关联(通用+WPS章节),0.2212,0.0,
pdf绿色版,PDF,下载安装,通用,PDF·下载安装·通用,高关联(整篇WPS),0.2212,0.0,
pdf官方,PDF,品牌直达,通用,PDF·品牌直达·通用,高关联(整篇WPS),0.2212,0.0,
pdf书籍,PDF,品牌直达,通用,PDF·品牌直达·通用,高关联(整篇WPS),0.2212,0.0,
java导出pdf,PDF,教程操作,通用,PDF·教程操作·通用,中关联(通用+WPS章节),0.2212,0.0,
pdf文件打不开,PDF,故障解决,打不开,PDF·故障解决·打不开,中关联(通用+WPS章节),0.2212,0.0,
pdf2jpg,PDF,品牌直达,通用,PDF·品牌直达·通用,高关联(整篇WPS),0.2212,0.0,
pdf修改文字,PDF,教程操作,通用,PDF·教程操作·通用,中关联(通用+WPS章节),0.2212,0.0,
pdf文件太大,PDF,品牌直达,通用,PDF·品牌直达·通用,高关联(整篇WPS),0.2212,0.0,
pdf文件编辑器,PDF,教程操作,通用,PDF·教程操作·通用,中关联(通用+WPS章节),0.2212,0.0,
pdf解除加密,PDF,教程操作,加密,PDF·教程操作·加密,中关联(通用+WPS章节),0.2212,0.0,
说文解字pdf,PDF,品牌直达,通用,PDF·品牌直达·通用,高关联(整篇WPS),0.2212,0.0,
pdf文件瘦身,PDF,品牌直达,通用,PDF·品牌直达·通用,高关联(整篇WPS),0.2212,0.0,
通往奴役之路pdf,PDF,品牌直达,通用,PDF·品牌直达·通用,高关联(整篇WPS),0.2212,0.0,
自动控制原理 pdf,PDF,品牌直达,通用,PDF·品牌直达·通用,高关联(整篇WPS),0.2212,0.0,
pdf转化成word,PDF,品牌直达,通用,PDF·品牌直达·通用,高关联(整篇WPS),0.2212,0.0,
WPS怎么删除空白页,WPS综合,教程操作,通用,WPS综合·教程操作·通用,中关联(通用+WPS章节),0.8135,0.0,S
WPS空白页删不掉怎么办,WPS综合,教程操作,通用,WPS综合·教程操作·通用,中关联(通用+WPS章节),0.8135,0.0,A
WPS自动生成目录怎么弄,WPS AI,教程操作,目录,WPS AI·教程操作·目录,中关联(通用+WPS章节),0.0,0.0,A
WPS自动生成目录,WPS AI,教程操作,目录,WPS AI·教程操作·目录,中关联(通用+WPS章节),0.0,0.0,A
WPS怎么做PPT,PPT,教程操作,通用,PPT·教程操作·通用,中关联(通用+WPS章节),1.0,141.0,A
WPS怎么合并单元格,WPS综合,教程操作,合并单元格,WPS综合·教程操作·合并单元格,中关联(通用+WPS章节),0.8135,0.0,A
WPS如何恢复未保存文件,WPS综合,教程操作,通用,WPS综合·教程操作·通用,中关联(通用+WPS章节),0.8135,0.0,A
WPS怎么制作简历,WPS综合,教程操作,简历,WPS综合·教程操作·简历,中关联(通用+WPS章节),0.8135,0.0,A
WPS表格怎么排序,Excel,教程操作,表格,Excel·教程操作·表格,中关联(通用+WPS章节),0.274,76.0,A
WPS表格怎么筛选,Excel,教程操作,表格,Excel·教程操作·表格,中关联(通用+WPS章节),0.274,0.0,A
WPS 图片转换成文字怎么弄,Word,教程操作,通用,Word·教程操作·通用,中关联(通用+WPS章节),0.4224,0.0,A
WPS 文档怎么删除空白页,WPS综合,教程操作,通用,WPS综合·教程操作·通用,中关联(通用+WPS章节),0.8135,0.0,A
WPS怎么写论文格式,WPS综合,教程操作,通用,WPS综合·教程操作·通用,中关联(通用+WPS章节),0.8135,0.0,A
WPS怎么去水印,WPS综合,教程操作,水印,WPS综合·教程操作·水印,中关联(通用+WPS章节),0.8135,0.0,A
WPS怎么插入页码,WPS综合,教程操作,通用,WPS综合·教程操作·通用,中关联(通用+WPS章节),0.8135,0.0,A
WPS怎么设置自动保存,WPS综合,教程操作,通用,WPS综合·教程操作·通用,中关联(通用+WPS章节),0.8135,0.0,A
WPS表格怎么换行,Excel,教程操作,表格,Excel·教程操作·表格,中关联(通用+WPS章节),0.274,0.0,A
WPS论文目录怎么自动生成,WPS AI,教程操作,目录,WPS AI·教程操作·目录,中关联(通用+WPS章节),0.0,0.0,A
WPS 文档目录怎么自动生成,WPS AI,教程操作,目录,WPS AI·教程操作·目录,中关联(通用+WPS章节),0.0,0.0,A
WPS 图片转换成文档怎么弄,WPS综合,教程操作,通用,WPS综合·教程操作·通用,中关联(通用+WPS章节),0.8135,0.0,A
WPS怎么加水印,WPS综合,教程操作,水印,WPS综合·教程操作·水印,中关联(通用+WPS章节),0.8135,0.0,A
WPS怎么压缩PDF,PDF,教程操作,通用,PDF·教程操作·通用,中关联(通用+WPS章节),0.2212,0.0,A
WPS怎么压缩图片,WPS综合,教程操作,通用,WPS综合·教程操作·通用,中关联(通用+WPS章节),0.8135,0.0,A
WPS怎么设置页眉页脚,Word,教程操作,页眉,Word·教程操作·页眉,中关联(通用+WPS章节),0.4224,0.0,A
WPS自动保存在哪里,WPS综合,教程操作,通用,WPS综合·教程操作·通用,中关联(通用+WPS章节),0.8135,0.0,A
WPS页码从第三页开始,WPS综合,品牌直达,通用,WPS综合·品牌直达·通用,高关联(整篇WPS),0.8135,0.0,A
WPS 文档页码从第三页开始怎么设置,WPS综合,教程操作,通用,WPS综合·教程操作·通用,中关联(通用+WPS章节),0.8135,0.0,B
WPS 表格数据透视表怎么做,Excel,教程操作,数据透视,Excel·教程操作·数据透视,中关联(通用+WPS章节),0.274,0.0,B
WPS PPT怎么压缩大小,PPT,教程操作,通用,PPT·教程操作·通用,中关联(通用+WPS章节),1.0,0.0,B
WPS PPT怎么转pdf,PDF,教程操作,通用,PDF·教程操作·通用,中关联(通用+WPS章节),0.2212,0.0,B
WPS 文档分页怎么设置,WPS综合,教程操作,分页,WPS综合·教程操作·分页,中关联(通用+WPS章节),0.8135,0.0,B
WPS 文档行距怎么调整,WPS综合,教程操作,行距,WPS综合·教程操作·行距,中关联(通用+WPS章节),0.8135,0.0,B
WPS 表格怎么合并单元格,Excel,教程操作,合并单元格,Excel·教程操作·合并单元格,中关联(通用+WPS章节),0.274,0.0,B
WPS怎么打印双面,WPS综合,教程操作,打印,WPS综合·教程操作·打印,中关联(通用+WPS章节),0.8135,0.0,B
WPS怎么批量插入图片,WPS综合,教程操作,通用,WPS综合·教程操作·通用,中关联(通用+WPS章节),0.8135,0.0,B
WPS页眉页脚怎么设置,Word,教程操作,页眉,Word·教程操作·页眉,中关联(通用+WPS章节),0.4224,0.0,B
WPS 文档怎么分页,WPS综合,教程操作,分页,WPS综合·教程操作·分页,中关联(通用+WPS章节),0.8135,0.0,B
WPS 文档怎么设置页眉页脚,Word,教程操作,页眉,Word·教程操作·页眉,中关联(通用+WPS章节),0.4224,0.0,B
WPS 表格下拉选项怎么设置,Excel,教程操作,表格,Excel·教程操作·表格,中关联(通用+WPS章节),0.274,0.0,B
WPS 表格怎么冻结窗口,Excel,教程操作,表格,Excel·教程操作·表格,中关联(通用+WPS章节),0.274,0.0,B
WPS 表格重复值怎么筛选,Excel,教程操作,表格,Excel·教程操作·表格,中关联(通用+WPS章节),0.274,0.0,B
WPS 文档首行缩进怎么设置,WPS综合,教程操作,通用,WPS综合·教程操作·通用,中关联(通用+WPS章节),0.8135,0.0,B
WPS自动保存怎么设置,WPS综合,教程操作,通用,WPS综合·教程操作·通用,中关联(通用+WPS章节),0.8135,0.0,B
WPS PPT怎么插入视频,PPT,教程操作,通用,PPT·教程操作·通用,中关联(通用+WPS章节),1.0,0.0,B
WPS 文档图片怎么排版,WPS综合,教程操作,通用,WPS综合·教程操作·通用,中关联(通用+WPS章节),0.8135,0.0,B
WPS PPT怎么导出图片,PPT,教程操作,通用,PPT·教程操作·通用,中关联(通用+WPS章节),1.0,0.0,B
WPS PPT怎么自动播放,PPT,教程操作,通用,PPT·教程操作·通用,中关联(通用+WPS章节),1.0,0.0,B
WPS PPT怎么设置动画顺序,PPT,教程操作,通用,PPT·教程操作·通用,中关联(通用+WPS章节),1.0,0.0,B
word文档网页版,Word,品牌直达,通用,Word·品牌直达·通用,高关联(整篇WPS),0.4224,8.0,
word文档,Word,品牌直达,通用,Word·品牌直达·通用,高关联(整篇WPS),0.4224,114644.0,
word,Word,品牌直达,通用,Word·品牌直达·通用,高关联(整篇WPS),0.4224,136614.0,
word网页版,Word,品牌直达,通用,Word·品牌直达·通用,高关联(整篇WPS),0.4224,1.0,
word官网,Word,品牌直达,通用,Word·品牌直达·通用,高关联(整篇WPS),0.4224,1.0,
word官方网站入口,Word,品牌直达,通用,Word·品牌直达·通用,高关联(整篇WPS),0.4224,39.0,
word文档官方网站,Word,品牌直达,通用,Word·品牌直达·通用,高关联(整篇WPS),0.4224,6.0,
文档软件word,Word,品牌直达,通用,Word·品牌直达·通用,高关联(整篇WPS),0.4224,5.0,
wordGUANW,Word,品牌直达,通用,Word·品牌直达·通用,高关联(整篇WPS),0.4224,4.0,
文档协作平台,云文档/在线,教程操作,通用,云文档/在线·教程操作·通用,中关联(通用+WPS章节),0.4399,3.0,
文档网页版,云文档/在线,品牌直达,通用,云文档/在线·品牌直达·通用,低关联(方法论轻带),0.4399,2.0,
网页word,Word,品牌直达,通用,Word·品牌直达·通用,高关联(整篇WPS),0.4224,2.0,
WP文档中心官网,其他/泛,品牌直达,通用,其他/泛·品牌直达·通用,高关联(整篇WPS),0.0,2.0,
文档编辑用什么软件,其他/泛,教程操作,通用,其他/泛·教程操作·通用,中关联(通用+WPS章节),0.0,2.0,
word文档网页版在线,Word,品牌直达,通用,Word·品牌直达·通用,高关联(整篇WPS),0.4224,1.0,
word在线版本,Word,品牌直达,通用,Word·品牌直达·通用,高关联(整篇WPS),0.4224,1.0,
word网页版登录入口,Word,品牌直达,通用,Word·品牌直达·通用,高关联(整篇WPS),0.4224,1.0,
word在线版,Word,品牌直达,通用,Word·品牌直达·通用,高关联(整篇WPS),0.4224,1.0,
在线版word,Word,品牌直达,通用,Word·品牌直达·通用,高关联(整篇WPS),0.4224,1.0,
内部文档协作编辑软件,云文档/在线,教程操作,通用,云文档/在线·教程操作·通用,中关联(通用+WPS章节),0.4399,1.0,
在线打开word,Word,品牌直达,通用,Word·品牌直达·通用,高关联(整篇WPS),0.4224,1.0,
编辑查看文档软件,其他/泛,教程操作,通用,其他/泛·教程操作·通用,中关联(通用+WPS章节),0.0,1.0,
Word官网网址,Word,品牌直达,通用,Word·品牌直达·通用,高关联(整篇WPS),0.4224,1.0,
word文档软件,Word,品牌直达,通用,Word·品牌直达·通用,高关联(整篇WPS),0.4224,291.0,
word官网入口,Word,品牌直达,通用,Word·品牌直达·通用,高关联(整篇WPS),0.4224,1.0,
word文档在线版,Word,品牌直达,通用,Word·品牌直达·通用,高关联(整篇WPS),0.4224,1.0,
Word文档网页版,Word,品牌直达,通用,Word·品牌直达·通用,高关联(整篇WPS),0.4224,1.0,
word文档软件官网,Word,品牌直达,通用,Word·品牌直达·通用,高关联(整篇WPS),0.4224,1.0,
word 删除空白页,Word,教程操作,通用,Word·教程操作·通用,中关联(通用+WPS章节),0.4224,0.0,
word删除空白页,Word,教程操作,通用,Word·教程操作·通用,中关联(通用+WPS章节),0.4224,0.0,
图片转化word文档,Word,教程操作,通用,Word·教程操作·通用,中关联(通用+WPS章节),0.4224,0.0,
word目录,Word,教程操作,目录,Word·教程操作·目录,中关联(通用+WPS章节),0.4224,0.0,
word插入目录,Word,教程操作,目录,Word·教程操作·目录,中关联(通用+WPS章节),0.4224,0.0,
删除空白页word,Word,教程操作,通用,Word·教程操作·通用,中关联(通用+WPS章节),0.4224,0.0,
word2vec,Word,品牌直达,通用,Word·品牌直达·通用,高关联(整篇WPS),0.4224,0.0,
在word,Word,品牌直达,通用,Word·品牌直达·通用,高关联(整篇WPS),0.4224,0.0,
word生成目录,Word,教程操作,目录,Word·教程操作·目录,中关联(通用+WPS章节),0.4224,0.0,
word2016,Word,品牌直达,通用,Word·品牌直达·通用,高关联(整篇WPS),0.4224,0.0,
文档word,Word,品牌直达,通用,Word·品牌直达·通用,高关联(整篇WPS),0.4224,0.0,
删除word空白页,Word,教程操作,通用,Word·教程操作·通用,中关联(通用+WPS章节),0.4224,0.0,
word 背景,Word,模板获取,背景,Word·模板获取·背景,中关联(通用+WPS章节),0.4224,0.0,
word2007,Word,品牌直达,通用,Word·品牌直达·通用,高关联(整篇WPS),0.4224,0.0,
word自动生成目录,WPS AI,教程操作,目录,WPS AI·教程操作·目录,中关联(通用+WPS章节),0.0,0.0,
word下划线,Word,教程操作,通用,Word·教程操作·通用,中关联(通用+WPS章节),0.4224,0.0,
word插入图片,Word,教程操作,通用,Word·教程操作·通用,中关联(通用+WPS章节),0.4224,0.0,
key word,Word,品牌直达,通用,Word·品牌直达·通用,高关联(整篇WPS),0.4224,0.0,
word破解版,Word,下载安装,通用,Word·下载安装·通用,高关联(整篇WPS),0.4224,0.0,
word打勾,Word,品牌直达,通用,Word·品牌直达·通用,高关联(整篇WPS),0.4224,0.0,
word删除一整页,Word,教程操作,通用,Word·教程操作·通用,中关联(通用+WPS章节),0.4224,0.0,
word自动编号,Word,教程操作,通用,Word·教程操作·通用,中关联(通用+WPS章节),0.4224,0.0,
word2010,Word,品牌直达,通用,Word·品牌直达·通用,高关联(整篇WPS),0.4224,0.0,
word清除格式,Word,品牌直达,通用,Word·品牌直达·通用,高关联(整篇WPS),0.4224,0.0,
word加水印,Word,品牌直达,水印,Word·品牌直达·水印,高关联(整篇WPS),0.4224,0.0,
word2007版本,Word,品牌直达,通用,Word·品牌直达·通用,高关联(整篇WPS),0.4224,0.0,
word背景,Word,模板获取,背景,Word·模板获取·背景,中关联(通用+WPS章节),0.4224,0.0,
word删除分页符,Word,教程操作,分页,Word·教程操作·分页,中关联(通用+WPS章节),0.4224,0.0,
word文字,Word,品牌直达,通用,Word·品牌直达·通用,高关联(整篇WPS),0.4224,0.0,
多个word合并成一个word,Word,教程操作,合并,Word·教程操作·合并,中关联(通用+WPS章节),0.4224,0.0,
word快捷键,Word,教程操作,通用,Word·教程操作·通用,中关联(通用+WPS章节),0.4224,0.0,
word水印,Word,品牌直达,水印,Word·品牌直达·水印,高关联(整篇WPS),0.4224,0.0,
word分栏,Word,教程操作,通用,Word·教程操作·通用,中关联(通用+WPS章节),0.4224,0.0,
word删除分节符,Word,教程操作,通用,Word·教程操作·通用,中关联(通用+WPS章节),0.4224,0.0,
word空白页删不掉,Word,品牌直达,通用,Word·品牌直达·通用,高关联(整篇WPS),0.4224,0.0,
word批量调整图片大小,Word,教程操作,通用,Word·教程操作·通用,中关联(通用+WPS章节),0.4224,0.0,
word标尺,Word,品牌直达,通用,Word·品牌直达·通用,高关联(整篇WPS),0.4224,0.0,
word合并,Word,教程操作,合并,Word·教程操作·合并,中关联(通用+WPS章节),0.4224,0.0,
word页码,Word,品牌直达,通用,Word·品牌直达·通用,高关联(整篇WPS),0.4224,0.0,
word自动换行,Word,教程操作,通用,Word·教程操作·通用,中关联(通用+WPS章节),0.4224,0.0,
word全选,Word,品牌直达,通用,Word·品牌直达·通用,高关联(整篇WPS),0.4224,0.0,
word压缩,Word,教程操作,通用,Word·教程操作·通用,中关联(通用+WPS章节),0.4224,0.0,
word公式编辑器,Word,教程操作,公式,Word·教程操作·公式,中关联(通用+WPS章节),0.4224,0.0,
word排版,Word,教程操作,通用,Word·教程操作·通用,中关联(通用+WPS章节),0.4224,0.0,
word插入页码,Word,教程操作,通用,Word·教程操作·通用,中关联(通用+WPS章节),0.4224,0.0,
word字体,Word,教程操作,字体,Word·教程操作·字体,中关联(通用+WPS章节),0.4224,0.0,
word合并单元格,Word,教程操作,合并单元格,Word·教程操作·合并单元格,中关联(通用+WPS章节),0.4224,0.0,
word删除页,Word,教程操作,通用,Word·教程操作·通用,中关联(通用+WPS章节),0.4224,0.0,
word2003,Word,品牌直达,通用,Word·品牌直达·通用,高关联(整篇WPS),0.4224,0.0,
word字间距,Word,品牌直达,通用,Word·品牌直达·通用,高关联(整篇WPS),0.4224,0.0,
word转html,Word,品牌直达,通用,Word·品牌直达·通用,高关联(整篇WPS),0.4224,0.0,
word软件,Word,品牌直达,通用,Word·品牌直达·通用,高关联(整篇WPS),0.4224,162.0,
word替换,Word,教程操作,通用,Word·教程操作·通用,中关联(通用+WPS章节),0.4224,0.0,
word删除空行,Word,教程操作,通用,Word·教程操作·通用,中关联(通用+WPS章节),0.4224,0.0,
word格式刷快捷键,Word,教程操作,通用,Word·教程操作·通用,中关联(通用+WPS章节),0.4224,0.0,
word2003版本,Word,品牌直达,通用,Word·品牌直达·通用,高关联(整篇WPS),0.4224,0.0,
word背景图片,Word,教程操作,背景,Word·教程操作·背景,中关联(通用+WPS章节),0.4224,0.0,
word加密,Word,教程操作,加密,Word·教程操作·加密,中关联(通用+WPS章节),0.4224,0.0,
word上下居中,Word,品牌直达,通用,Word·品牌直达·通用,高关联(整篇WPS),0.4224,0.0,
word删除页面,Word,教程操作,通用,Word·教程操作·通用,中关联(通用+WPS章节),0.4224,0.0,
word封面,Word,模板获取,通用,Word·模板获取·通用,中关联(通用+WPS章节),0.4224,0.0,
word背景图,Word,模板获取,背景,Word·模板获取·背景,中关联(通用+WPS章节),0.4224,0.0,
word最后一页删不掉,Word,品牌直达,通用,Word·品牌直达·通用,高关联(整篇WPS),0.4224,0.0,
word批注,Word,教程操作,批注,Word·教程操作·批注,中关联(通用+WPS章节),0.4224,0.0,
word分节符,Word,品牌直达,通用,Word·品牌直达·通用,高关联(整篇WPS),0.4224,0.0,
word删除空白行,Word,教程操作,通用,Word·教程操作·通用,中关联(通用+WPS章节),0.4224,0.0,
word删除,Word,教程操作,通用,Word·教程操作·通用,中关联(通用+WPS章节),0.4224,0.0,
word打钩,Word,教程操作,通用,Word·教程操作·通用,中关联(通用+WPS章节),0.4224,0.0,
word电子签名,Word,品牌直达,通用,Word·品牌直达·通用,高关联(整篇WPS),0.4224,0.0,
word方框打勾,Word,品牌直达,通用,Word·品牌直达·通用,高关联(整篇WPS),0.4224,0.0,
word取消自动编号,Word,教程操作,通用,Word·教程操作·通用,中关联(通用+WPS章节),0.4224,0.0,
word页面,Word,品牌直达,通用,Word·品牌直达·通用,高关联(整篇WPS),0.4224,0.0,
word去除水印,Word,品牌直达,水印,Word·品牌直达·水印,高关联(整篇WPS),0.4224,0.0,
word格式,Word,品牌直达,通用,Word·品牌直达·通用,高关联(整篇WPS),0.4224,0.0,
word公式,Word,教程操作,公式,Word·教程操作·公式,中关联(通用+WPS章节),0.4224,0.0,
word换行,Word,教程操作,通用,Word·教程操作·通用,中关联(通用+WPS章节),0.4224,0.0,
word空白页,Word,品牌直达,通用,Word·品牌直达·通用,高关联(整篇WPS),0.4224,0.0,
word插入视频,Word,教程操作,通用,Word·教程操作·通用,中关联(通用+WPS章节),0.4224,0.0,
word显示分页符,Word,教程操作,分页,Word·教程操作·分页,中关联(通用+WPS章节),0.4224,0.0,
word插入分节符,Word,教程操作,通用,Word·教程操作·通用,中关联(通用+WPS章节),0.4224,0.0,
word插件,Word,品牌直达,通用,Word·品牌直达·通用,高关联(整篇WPS),0.4224,0.0,
word修订模式,Word,教程操作,修订,Word·教程操作·修订,中关联(通用+WPS章节),0.4224,0.0,
在word文档中,Word,品牌直达,通用,Word·品牌直达·通用,高关联(整篇WPS),0.4224,0.0,
word文档删除空白页,Word,教程操作,通用,Word·教程操作·通用,中关联(通用+WPS章节),0.4224,0.0,
word行间距,Word,品牌直达,通用,Word·品牌直达·通用,高关联(整篇WPS),0.4224,0.0,
word图片显示不全,Word,教程操作,通用,Word·教程操作·通用,中关联(通用+WPS章节),0.4224,0.0,
word文档合并,Word,教程操作,合并,Word·教程操作·合并,中关联(通用+WPS章节),0.4224,0.0,
word交叉引用,Word,品牌直达,通用,Word·品牌直达·通用,高关联(整篇WPS),0.4224,0.0,
word文档加密,Word,教程操作,加密,Word·教程操作·加密,中关联(通用+WPS章节),0.4224,0.0,
word身份证尺寸大小,Word,品牌直达,通用,Word·品牌直达·通用,高关联(整篇WPS),0.4224,0.0,
word插入公式,Word,教程操作,公式,Word·教程操作·公式,中关联(通用+WPS章节),0.4224,0.0,
word 编号,Word,教程操作,通用,Word·教程操作·通用,中关联(通用+WPS章节),0.4224,0.0,
word通配符,Word,品牌直达,通用,Word·品牌直达·通用,高关联(整篇WPS),0.4224,0.0,
word插入水印,Word,教程操作,水印,Word·教程操作·水印,中关联(通用+WPS章节),0.4224,0.0,
word求和,Word,品牌直达,通用,Word·品牌直达·通用,高关联(整篇WPS),0.4224,0.0,
word不显示图片,Word,教程操作,通用,Word·教程操作·通用,中关联(通用+WPS章节),0.4224,0.0,
word添加水印,Word,教程操作,水印,Word·教程操作·水印,中关联(通用+WPS章节),0.4224,0.0,
word更新目录,Word,教程操作,目录,Word·教程操作·目录,中关联(通用+WPS章节),0.4224,0.0,
word 脚注,Word,品牌直达,通用,Word·品牌直达·通用,高关联(整篇WPS),0.4224,0.0,
word 画流程图,Word,品牌直达,通用,Word·品牌直达·通用,高关联(整篇WPS),0.4224,0.0,
word翻译,Word,品牌直达,通用,Word·品牌直达·通用,高关联(整篇WPS),0.4224,0.0,
word空白页删除,Word,教程操作,通用,Word·教程操作·通用,中关联(通用+WPS章节),0.4224,0.0,
word文档最后一页空白页删不掉,Word,品牌直达,通用,Word·品牌直达·通用,高关联(整篇WPS),0.4224,0.0,
word方框打钩,Word,教程操作,通用,Word·教程操作·通用,中关联(通用+WPS章节),0.4224,0.0,
word分页,Word,教程操作,分页,Word·教程操作·分页,中关联(通用+WPS章节),0.4224,0.0,
word首行缩进,Word,教程操作,通用,Word·教程操作·通用,中关联(通用+WPS章节),0.4224,0.0,
word邮件合并,Word,教程操作,合并,Word·教程操作·合并,中关联(通用+WPS章节),0.4224,0.0,
word下标快捷键,Word,教程操作,通用,Word·教程操作·通用,中关联(通用+WPS章节),0.4224,0.0,
word隐藏回车符号,Word,教程操作,通用,Word·教程操作·通用,中关联(通用+WPS章节),0.4224,0.0,
word段落,Word,品牌直达,通用,Word·品牌直达·通用,高关联(整篇WPS),0.4224,0.0,
word激活,Word,下载安装,通用,Word·下载安装·通用,高关联(整篇WPS),0.4224,0.0,
word公式编号,Word,教程操作,公式,Word·教程操作·公式,中关联(通用+WPS章节),0.4224,0.0,
word删除某一页,Word,教程操作,通用,Word·教程操作·通用,中关联(通用+WPS章节),0.4224,0.0,
word 删除页眉,Word,教程操作,页眉,Word·教程操作·页眉,中关联(通用+WPS章节),0.4224,0.0,
word添加页码,Word,教程操作,通用,Word·教程操作·通用,中关联(通用+WPS章节),0.4224,0.0,
word中图片显示不全,Word,教程操作,通用,Word·教程操作·通用,中关联(通用+WPS章节),0.4224,0.0,
word上标快捷键,Word,教程操作,通用,Word·教程操作·通用,中关联(通用+WPS章节),0.4224,0.0,
word删除批注,Word,教程操作,批注,Word·教程操作·批注,中关联(通用+WPS章节),0.4224,0.0,
word删除整页,Word,教程操作,通用,Word·教程操作·通用,中关联(通用+WPS章节),0.4224,0.0,
word添加目录,Word,教程操作,目录,Word·教程操作·目录,中关联(通用+WPS章节),0.4224,0.0,
word图片不显示,Word,教程操作,通用,Word·教程操作·通用,中关联(通用+WPS章节),0.4224,0.0,
word行距,Word,品牌直达,行距,Word·品牌直达·行距,高关联(整篇WPS),0.4224,0.0,
word查找替换,Word,教程操作,通用,Word·教程操作·通用,中关联(通用+WPS章节),0.4224,0.0,
word分页符,Word,教程操作,分页,Word·教程操作·分页,中关联(通用+WPS章节),0.4224,0.0,
word压缩图片,Word,教程操作,通用,Word·教程操作·通用,中关联(通用+WPS章节),0.4224,0.0,
word护眼模式,Word,品牌直达,通用,Word·品牌直达·通用,高关联(整篇WPS),0.4224,0.0,
word更新域,Word,教程操作,通用,Word·教程操作·通用,中关联(通用+WPS章节),0.4224,0.0,
word删除页眉,Word,教程操作,页眉,Word·教程操作·页眉,中关联(通用+WPS章节),0.4224,0.0,
word-break,Word,品牌直达,通用,Word·品牌直达·通用,高关联(整篇WPS),0.4224,0.0,
word流程图,Word,品牌直达,通用,Word·品牌直达·通用,高关联(整篇WPS),0.4224,0.0,
word2013,Word,品牌直达,通用,Word·品牌直达·通用,高关联(整篇WPS),0.4224,0.0,
微软word,Word,品牌直达,通用,Word·品牌直达·通用,高关联(整篇WPS),0.4224,0.0,
word分成左右两栏,Word,品牌直达,通用,Word·品牌直达·通用,高关联(整篇WPS),0.4224,0.0,
word编号,Word,教程操作,通用,Word·教程操作·通用,中关联(通用+WPS章节),0.4224,0.0,
word在试图打开文件时遇到错误,Word,故障解决,通用,Word·故障解决·通用,中关联(通用+WPS章节),0.4224,0.0,
word文档目录,Word,教程操作,目录,Word·教程操作·目录,中关联(通用+WPS章节),0.4224,0.0,
word公式显示不全,Word,教程操作,公式,Word·教程操作·公式,中关联(通用+WPS章节),0.4224,0.0,
word插入文件,Word,教程操作,通用,Word·教程操作·通用,中关联(通用+WPS章节),0.4224,0.0,
word字数统计,Word,教程操作,通用,Word·教程操作·通用,中关联(通用+WPS章节),0.4224,0.0,
word插入横线,Word,教程操作,通用,Word·教程操作·通用,中关联(通用+WPS章节),0.4224,0.0,
word合并单元格快捷键,Word,教程操作,合并单元格,Word·教程操作·合并单元格,中关联(通用+WPS章节),0.4224,0.0,
word显示目录,Word,教程操作,目录,Word·教程操作·目录,中关联(通用+WPS章节),0.4224,0.0,
word转jpg,Word,品牌直达,通用,Word·品牌直达·通用,高关联(整篇WPS),0.4224,0.0,
word基础操作,Word,品牌直达,通用,Word·品牌直达·通用,高关联(整篇WPS),0.4224,0.0,
word自动保存,Word,教程操作,通用,Word·教程操作·通用,中关联(通用+WPS章节),0.4224,0.0,
word删除页眉横线,Word,教程操作,页眉,Word·教程操作·页眉,中关联(通用+WPS章节),0.4224,0.0,
合并word,Word,教程操作,合并,Word·教程操作·合并,中关联(通用+WPS章节),0.4224,0.0,
word上标,Word,品牌直达,通用,Word·品牌直达·通用,高关联(整篇WPS),0.4224,0.0,
word删除空格,Word,教程操作,通用,Word·教程操作·通用,中关联(通用+WPS章节),0.4224,0.0,
word换行符,Word,教程操作,通用,Word·教程操作·通用,中关联(通用+WPS章节),0.4224,0.0,
word关闭修订功能,Word,教程操作,修订,Word·教程操作·修订,中关联(通用+WPS章节),0.4224,0.0,
docx是word文件吗,Word,品牌直达,通用,Word·品牌直达·通用,高关联(整篇WPS),0.4224,0.0,
word全选快捷键,Word,教程操作,通用,Word·教程操作·通用,中关联(通用+WPS章节),0.4224,0.0,
word另存为快捷键,Word,教程操作,通用,Word·教程操作·通用,中关联(通用+WPS章节),0.4224,0.0,
word页眉,Word,教程操作,页眉,Word·教程操作·页眉,中关联(通用+WPS章节),0.4224,0.0,
word页边距,Word,教程操作,通用,Word·教程操作·通用,中关联(通用+WPS章节),0.4224,0.0,
word对齐,Word,教程操作,通用,Word·教程操作·通用,中关联(通用+WPS章节),0.4224,0.0,
word加页码,Word,品牌直达,通用,Word·品牌直达·通用,高关联(整篇WPS),0.4224,0.0,
word方框,Word,品牌直达,通用,Word·品牌直达·通用,高关联(整篇WPS),0.4224,0.0,
word模版,Word,品牌直达,通用,Word·品牌直达·通用,高关联(整篇WPS),0.4224,0.0,
word制作目录,Word,教程操作,目录,Word·教程操作·目录,中关联(通用+WPS章节),0.4224,0.0,
打开word,Word,品牌直达,通用,Word·品牌直达·通用,高关联(整篇WPS),0.4224,0.0,
word联盟,Word,品牌直达,通用,Word·品牌直达·通用,高关联(整篇WPS),0.4224,0.0,
word文档官网,Word,品牌直达,通用,Word·品牌直达·通用,高关联(整篇WPS),0.4224,0.0,
word插入脚注,Word,教程操作,通用,Word·教程操作·通用,中关联(通用+WPS章节),0.4224,0.0,
word密钥,Word,品牌直达,通用,Word·品牌直达·通用,高关联(整篇WPS),0.4224,0.0,
word画流程图,Word,品牌直达,通用,Word·品牌直达·通用,高关联(整篇WPS),0.4224,0.0,
word替换快捷键,Word,教程操作,通用,Word·教程操作·通用,中关联(通用+WPS章节),0.4224,0.0,
word页眉横线,Word,教程操作,页眉,Word·教程操作·页眉,中关联(通用+WPS章节),0.4224,0.0,
word怎样删除空白页,Word,教程操作,通用,Word·教程操作·通用,中关联(通用+WPS章节),0.4224,0.0,
word最后一页空白页删不掉,Word,品牌直达,通用,Word·品牌直达·通用,高关联(整篇WPS),0.4224,0.0,
word图标,Word,模板获取,通用,Word·模板获取·通用,中关联(通用+WPS章节),0.4224,0.0,
word文字方向,Word,品牌直达,通用,Word·品牌直达·通用,高关联(整篇WPS),0.4224,0.0,
word查重,Word,品牌直达,通用,Word·品牌直达·通用,高关联(整篇WPS),0.4224,0.0,
word删除一页,Word,教程操作,通用,Word·教程操作·通用,中关联(通用+WPS章节),0.4224,0.0,
word下划线不显示,Word,教程操作,通用,Word·教程操作·通用,中关联(通用+WPS章节),0.4224,0.0,
word无法插入公式,Word,教程操作,公式,Word·教程操作·公式,中关联(通用+WPS章节),0.4224,0.0,
word插入代码,Word,教程操作,通用,Word·教程操作·通用,中关联(通用+WPS章节),0.4224,0.0,
word脚注,Word,品牌直达,通用,Word·品牌直达·通用,高关联(整篇WPS),0.4224,0.0,
word打不开,Word,故障解决,打不开,Word·故障解决·打不开,中关联(通用+WPS章节),0.4224,0.0,
word转txt,Word,品牌直达,通用,Word·品牌直达·通用,高关联(整篇WPS),0.4224,0.0,
word文档格式,Word,品牌直达,通用,Word·品牌直达·通用,高关联(整篇WPS),0.4224,0.0,
word产品密钥,Word,品牌直达,通用,Word·品牌直达·通用,高关联(整篇WPS),0.4224,0.0,
word制作电子公章,Word,教程操作,通用,Word·教程操作·通用,中关联(通用+WPS章节),0.4224,0.0,
word换页,Word,品牌直达,通用,Word·品牌直达·通用,高关联(整篇WPS),0.4224,0.0,
word分割线,Word,品牌直达,通用,Word·品牌直达·通用,高关联(整篇WPS),0.4224,0.0,
word删除线,Word,教程操作,通用,Word·教程操作·通用,中关联(通用+WPS章节),0.4224,0.0,
word显示空格,Word,教程操作,通用,Word·教程操作·通用,中关联(通用+WPS章节),0.4224,0.0,
word文档压缩,Word,教程操作,通用,Word·教程操作·通用,中关联(通用+WPS章节),0.4224,0.0,
word字体库,Word,教程操作,字体,Word·教程操作·字体,中关联(通用+WPS章节),0.4224,0.0,
word字下面有红色波浪线,Word,品牌直达,通用,Word·品牌直达·通用,高关联(整篇WPS),0.4224,0.0,
word插入图片显示不全,Word,教程操作,通用,Word·教程操作·通用,中关联(通用+WPS章节),0.4224,0.0,
怎样删除空白页word,Word,教程操作,通用,Word·教程操作·通用,中关联(通用+WPS章节),0.4224,0.0,
word保存快捷键,Word,教程操作,通用,Word·教程操作·通用,中关联(通用+WPS章节),0.4224,0.0,
word文字对齐,Word,教程操作,通用,Word·教程操作·通用,中关联(通用+WPS章节),0.4224,0.0,
word分节,Word,品牌直达,通用,Word·品牌直达·通用,高关联(整篇WPS),0.4224,0.0,
word段落快捷键,Word,教程操作,通用,Word·教程操作·通用,中关联(通用+WPS章节),0.4224,0.0,
word取消修订模式,Word,教程操作,修订,Word·教程操作·修订,中关联(通用+WPS章节),0.4224,0.0,
word横线,Word,品牌直达,通用,Word·品牌直达·通用,高关联(整篇WPS),0.4224,0.0,
word插入下划线,Word,教程操作,通用,Word·教程操作·通用,中关联(通用+WPS章节),0.4224,0.0,
word图片嵌入式显示不全,Word,教程操作,通用,Word·教程操作·通用,中关联(通用+WPS章节),0.4224,0.0,
word在线,Word,品牌直达,通用,Word·品牌直达·通用,高关联(整篇WPS),0.4224,0.0,
word 插入复选框,Word,教程操作,通用,Word·教程操作·通用,中关联(通用+WPS章节),0.4224,0.0,
word加拼音,Word,品牌直达,通用,Word·品牌直达·通用,高关联(整篇WPS),0.4224,0.0,
word图片显示不完整,Word,教程操作,通用,Word·教程操作·通用,中关联(通用+WPS章节),0.4224,0.0,
word合并单元格的快捷键,Word,教程操作,合并单元格,Word·教程操作·合并单元格,中关联(通用+WPS章节),0.4224,0.0,
word英文单词换行断开,Word,教程操作,通用,Word·教程操作·通用,中关联(通用+WPS章节),0.4224,0.0,
word签名,Word,品牌直达,通用,Word·品牌直达·通用,高关联(整篇WPS),0.4224,0.0,
word无法编辑,Word,教程操作,通用,Word·教程操作·通用,中关联(通用+WPS章节),0.4224,0.0,
word三线表,Word,品牌直达,通用,Word·品牌直达·通用,高关联(整篇WPS),0.4224,0.0,
word批量打印,Word,教程操作,打印,Word·教程操作·打印,中关联(通用+WPS章节),0.4224,0.0,
word删除最后一页空白页,Word,教程操作,通用,Word·教程操作·通用,中关联(通用+WPS章节),0.4224,0.0,
怎样在word,Word,品牌直达,通用,Word·品牌直达·通用,高关联(整篇WPS),0.4224,0.0,
word回车,Word,品牌直达,通用,Word·品牌直达·通用,高关联(整篇WPS),0.4224,0.0,
word删除水印,Word,教程操作,水印,Word·教程操作·水印,中关联(通用+WPS章节),0.4224,0.0,
word文件中的图片压缩,Word,教程操作,通用,Word·教程操作·通用,中关联(通用+WPS章节),0.4224,0.0,
word制表位,Word,品牌直达,通用,Word·品牌直达·通用,高关联(整篇WPS),0.4224,0.0,
word下标,Word,品牌直达,通用,Word·品牌直达·通用,高关联(整篇WPS),0.4224,0.0,
word格式刷,Word,品牌直达,通用,Word·品牌直达·通用,高关联(整篇WPS),0.4224,0.0,
word分节符在哪,Word,品牌直达,通用,Word·品牌直达·通用,高关联(整篇WPS),0.4224,0.0,
word整页复制,Word,教程操作,通用,Word·教程操作·通用,中关联(通用+WPS章节),0.4224,0.0,
word背景图片素材,Word,教程操作,背景,Word·教程操作·背景,中关联(通用+WPS章节),0.4224,0.0,
word调整行距,Word,教程操作,行距,Word·教程操作·行距,中关联(通用+WPS章节),0.4224,0.0,
word文档生成目录,Word,教程操作,目录,Word·教程操作·目录,中关联(通用+WPS章节),0.4224,0.0,
word临时文件保存在哪,Word,教程操作,通用,Word·教程操作·通用,中关联(通用+WPS章节),0.4224,0.0,
word图片压缩,Word,教程操作,通用,Word·教程操作·通用,中关联(通用+WPS章节),0.4224,0.0,
word制表符,Word,品牌直达,通用,Word·品牌直达·通用,高关联(整篇WPS),0.4224,0.0,
word添加字体,Word,教程操作,字体,Word·教程操作·字体,中关联(通用+WPS章节),0.4224,0.0,
word删除页眉页脚,Word,教程操作,页眉,Word·教程操作·页眉,中关联(通用+WPS章节),0.4224,0.0,
word单页横向,Word,品牌直达,通用,Word·品牌直达·通用,高关联(整篇WPS),0.4224,0.0,
word显示分节符,Word,教程操作,通用,Word·教程操作·通用,中关联(通用+WPS章节),0.4224,0.0,
word空白页无法删除,Word,教程操作,通用,Word·教程操作·通用,中关联(通用+WPS章节),0.4224,0.0,
word-wrap,Word,品牌直达,通用,Word·品牌直达·通用,高关联(整篇WPS),0.4224,0.0,
图片粘贴到word显示不全,Word,教程操作,通用,Word·教程操作·通用,中关联(通用+WPS章节),0.4224,0.0,
word图片,Word,教程操作,通用,Word·教程操作·通用,中关联(通用+WPS章节),0.4224,0.0,
word版本,Word,品牌直达,通用,Word·品牌直达·通用,高关联(整篇WPS),0.4224,0.0,
word整页删除,Word,教程操作,通用,Word·教程操作·通用,中关联(通用+WPS章节),0.4224,0.0,
word修订,Word,教程操作,修订,Word·教程操作·修订,中关联(通用+WPS章节),0.4224,0.0,
word超链接,Word,教程操作,通用,Word·教程操作·通用,中关联(通用+WPS章节),0.4224,0.0,
word调整字间距,Word,教程操作,通用,Word·教程操作·通用,中关联(通用+WPS章节),0.4224,0.0,
word插入分页符,Word,教程操作,分页,Word·教程操作·分页,中关联(通用+WPS章节),0.4224,0.0,
word吞字,Word,品牌直达,通用,Word·品牌直达·通用,高关联(整篇WPS),0.4224,0.0,
word文档背景,Word,模板获取,背景,Word·模板获取·背景,中关联(通用+WPS章节),0.4224,0.0,
word上划线,Word,品牌直达,通用,Word·品牌直达·通用,高关联(整篇WPS),0.4224,0.0,
word显示所有格式标记,Word,教程操作,通用,Word·教程操作·通用,中关联(通用+WPS章节),0.4224,0.0,
word编辑,Word,教程操作,通用,Word·教程操作·通用,中关联(通用+WPS章节),0.4224,0.0,
word文档文字,Word,品牌直达,通用,Word·品牌直达·通用,高关联(整篇WPS),0.4224,0.0,
word横向,Word,品牌直达,通用,Word·品牌直达·通用,高关联(整篇WPS),0.4224,0.0,
word表头,Word,品牌直达,通用,Word·品牌直达·通用,高关联(整篇WPS),0.4224,0.0,
word拆分,Word,教程操作,拆分,Word·教程操作·拆分,中关联(通用+WPS章节),0.4224,0.0,
word破解,Word,品牌直达,通用,Word·品牌直达·通用,高关联(整篇WPS),0.4224,0.0,
word行号,Word,品牌直达,通用,Word·品牌直达·通用,高关联(整篇WPS),0.4224,0.0,
word文档翻译,Word,品牌直达,通用,Word·品牌直达·通用,高关联(整篇WPS),0.4224,0.0,
word显示标尺,Word,教程操作,通用,Word·教程操作·通用,中关联(通用+WPS章节),0.4224,0.0,
word批量删除空行,Word,教程操作,通用,Word·教程操作·通用,中关联(通用+WPS章节),0.4224,0.0,
word 打开目录,Word,教程操作,目录,Word·教程操作·目录,中关联(通用+WPS章节),0.4224,0.0,
word快捷键大全,Word,教程操作,通用,Word·教程操作·通用,中关联(通用+WPS章节),0.4224,0.0,
word对号,Word,品牌直达,通用,Word·品牌直达·通用,高关联(整篇WPS),0.4224,0.0,
word文件,Word,品牌直达,通用,Word·品牌直达·通用,高关联(整篇WPS),0.4224,366.0,
word查找,Word,教程操作,通用,Word·教程操作·通用,中关联(通用+WPS章节),0.4224,0.0,
word文档排版,Word,教程操作,通用,Word·教程操作·通用,中关联(通用+WPS章节),0.4224,0.0,
word标题,Word,品牌直达,通用,Word·品牌直达·通用,高关联(整篇WPS),0.4224,0.0,
word插入空白页,Word,教程操作,通用,Word·教程操作·通用,中关联(通用+WPS章节),0.4224,0.0,
word插入图片不显示,Word,教程操作,通用,Word·教程操作·通用,中关联(通用+WPS章节),0.4224,0.0,
批量打印word文档,Word,教程操作,打印,Word·教程操作·打印,中关联(通用+WPS章节),0.4224,0.0,
word背景颜色,Word,教程操作,背景,Word·教程操作·背景,中关联(通用+WPS章节),0.4224,0.0,
word删除页码,Word,教程操作,通用,Word·教程操作·通用,中关联(通用+WPS章节),0.4224,0.0,
word兼容模式,Word,故障解决,通用,Word·故障解决·通用,中关联(通用+WPS章节),0.4224,0.0,
word垂直居中,Word,品牌直达,通用,Word·品牌直达·通用,高关联(整篇WPS),0.4224,0.0,
word 添加行号,Word,教程操作,通用,Word·教程操作·通用,中关联(通用+WPS章节),0.4224,0.0,
word空格下划线不显示,Word,教程操作,通用,Word·教程操作·通用,中关联(通用+WPS章节),0.4224,0.0,
word不能插入公式,Word,教程操作,公式,Word·教程操作·公式,中关联(通用+WPS章节),0.4224,0.0,
word空格,Word,品牌直达,通用,Word·品牌直达·通用,高关联(整篇WPS),0.4224,0.0,
word文件压缩,Word,教程操作,通用,Word·教程操作·通用,中关联(通用+WPS章节),0.4224,0.0,
word复选框,Word,品牌直达,通用,Word·品牌直达·通用,高关联(整篇WPS),0.4224,0.0,
word对勾,Word,品牌直达,通用,Word·品牌直达·通用,高关联(整篇WPS),0.4224,0.0,
word修改模式,Word,教程操作,通用,Word·教程操作·通用,中关联(通用+WPS章节),0.4224,0.0,
word解密,Word,品牌直达,解密,Word·品牌直达·解密,高关联(整篇WPS),0.4224,0.0,
网页版word,Word,品牌直达,通用,Word·品牌直达·通用,高关联(整篇WPS),0.4224,0.0,
word删除节,Word,教程操作,通用,Word·教程操作·通用,中关联(通用+WPS章节),0.4224,0.0,
word显示行数,Word,教程操作,通用,Word·教程操作·通用,中关联(通用+WPS章节),0.4224,0.0,
word替换回车,Word,教程操作,通用,Word·教程操作·通用,中关联(通用+WPS章节),0.4224,0.0,
word删除所有批注,Word,教程操作,批注,Word·教程操作·批注,中关联(通用+WPS章节),0.4224,0.0,
word 页脚,Word,教程操作,页脚,Word·教程操作·页脚,中关联(通用+WPS章节),0.4224,0.0,
word文档修复,Word,故障解决,通用,Word·故障解决·通用,中关联(通用+WPS章节),0.4224,0.0,
word求和公式,Word,教程操作,公式,Word·教程操作·公式,中关联(通用+WPS章节),0.4224,0.0,
word排序,Word,教程操作,通用,Word·教程操作·通用,中关联(通用+WPS章节),0.4224,0.0,
word边框,Word,教程操作,通用,Word·教程操作·通用,中关联(通用+WPS章节),0.4224,0.0,
word图片居中,Word,教程操作,通用,Word·教程操作·通用,中关联(通用+WPS章节),0.4224,0.0,
word插入批注,Word,教程操作,批注,Word·教程操作·批注,中关联(通用+WPS章节),0.4224,0.0,
word引用,Word,品牌直达,通用,Word·品牌直达·通用,高关联(整篇WPS),0.4224,0.0,
word文字竖排,Word,品牌直达,通用,Word·品牌直达·通用,高关联(整篇WPS),0.4224,0.0,
word做目录,Word,教程操作,目录,Word·教程操作·目录,中关联(通用+WPS章节),0.4224,0.0,
word图片旋转,Word,教程操作,通用,Word·教程操作·通用,中关联(通用+WPS章节),0.4224,0.0,
word思维导图,Word,品牌直达,通用,Word·品牌直达·通用,高关联(整篇WPS),0.4224,0.0,
word操作题,Word,品牌直达,通用,Word·品牌直达·通用,高关联(整篇WPS),0.4224,0.0,
word加目录,Word,教程操作,目录,Word·教程操作·目录,中关联(通用+WPS章节),0.4224,0.0,
word取消密码,Word,品牌直达,通用,Word·品牌直达·通用,高关联(整篇WPS),0.4224,0.0,
word插入附件,Word,教程操作,通用,Word·教程操作·通用,中关联(通用+WPS章节),0.4224,0.0,
word调整页边距,Word,教程操作,通用,Word·教程操作·通用,中关联(通用+WPS章节),0.4224,0.0,
Word不显示字数,Word,教程操作,通用,Word·教程操作·通用,中关联(通用+WPS章节),0.4224,0.0,
word清除格式快捷键,Word,教程操作,通用,Word·教程操作·通用,中关联(通用+WPS章节),0.4224,0.0,
删除word,Word,教程操作,通用,Word·教程操作·通用,中关联(通用+WPS章节),0.4224,0.0,
word数字,Word,品牌直达,通用,Word·品牌直达·通用,高关联(整篇WPS),0.4224,0.0,
word参考文献,Word,品牌直达,通用,Word·品牌直达·通用,高关联(整篇WPS),0.4224,0.0,
word中插入图片,Word,教程操作,通用,Word·教程操作·通用,中关联(通用+WPS章节),0.4224,0.0,
word插入方框,Word,教程操作,通用,Word·教程操作·通用,中关联(通用+WPS章节),0.4224,0.0,
word限制编辑,Word,教程操作,通用,Word·教程操作·通用,中关联(通用+WPS章节),0.4224,0.0,
word删除最后一页,Word,教程操作,通用,Word·教程操作·通用,中关联(通用+WPS章节),0.4224,0.0,
word自动排版,Word,教程操作,通用,Word·教程操作·通用,中关联(通用+WPS章节),0.4224,0.0,
word不显示批注,Word,教程操作,批注,Word·教程操作·批注,中关联(通用+WPS章节),0.4224,0.0,
word插入参考文献,Word,教程操作,通用,Word·教程操作·通用,中关联(通用+WPS章节),0.4224,0.0,
word插入分割线,Word,教程操作,通用,Word·教程操作·通用,中关联(通用+WPS章节),0.4224,0.0,
word显示行号,Word,教程操作,通用,Word·教程操作·通用,中关联(通用+WPS章节),0.4224,0.0,
word文档破解版,Word,下载安装,通用,Word·下载安装·通用,高关联(整篇WPS),0.4224,0.0,
word插入复选框,Word,教程操作,通用,Word·教程操作·通用,中关联(通用+WPS章节),0.4224,0.0,
word删除线快捷键,Word,教程操作,通用,Word·教程操作·通用,中关联(通用+WPS章节),0.4224,0.0,
word转epub,Word,品牌直达,通用,Word·品牌直达·通用,高关联(整篇WPS),0.4224,0.0,
word打空格出现点点,Word,品牌直达,通用,Word·品牌直达·通用,高关联(整篇WPS),0.4224,0.0,
word目录自动生成,WPS AI,教程操作,目录,WPS AI·教程操作·目录,中关联(通用+WPS章节),0.0,0.0,
word目录生成,Word,教程操作,目录,Word·教程操作·目录,中关联(通用+WPS章节),0.4224,0.0,
word统一调整图片尺寸,Word,教程操作,通用,Word·教程操作·通用,中关联(通用+WPS章节),0.4224,0.0,
word截图,Word,品牌直达,通用,Word·品牌直达·通用,高关联(整篇WPS),0.4224,0.0,
word 装订线,Word,品牌直达,通用,Word·品牌直达·通用,高关联(整篇WPS),0.4224,0.0,
word居中,Word,品牌直达,通用,Word·品牌直达·通用,高关联(整篇WPS),0.4224,0.0,
word版,Word,品牌直达,通用,Word·品牌直达·通用,高关联(整篇WPS),0.4224,224.0,
word文档下划线,Word,教程操作,通用,Word·教程操作·通用,中关联(通用+WPS章节),0.4224,0.0,
word加下划线,Word,教程操作,通用,Word·教程操作·通用,中关联(通用+WPS章节),0.4224,0.0,
word角标,Word,品牌直达,通用,Word·品牌直达·通用,高关联(整篇WPS),0.4224,0.0,
word添加下划线,Word,教程操作,通用,Word·教程操作·通用,中关联(通用+WPS章节),0.4224,0.0,
word下划线快捷键,Word,教程操作,通用,Word·教程操作·通用,中关联(通用+WPS章节),0.4224,0.0,
word加粗快捷键,Word,教程操作,通用,Word·教程操作·通用,中关联(通用+WPS章节),0.4224,0.0,
word有一段空白删不掉,Word,品牌直达,通用,Word·品牌直达·通用,高关联(整篇WPS),0.4224,0.0,
word导航,Word,品牌直达,通用,Word·品牌直达·通用,高关联(整篇WPS),0.4224,0.0,
word分隔符,Word,品牌直达,通用,Word·品牌直达·通用,高关联(整篇WPS),0.4224,0.0,
word图片排版,Word,教程操作,通用,Word·教程操作·通用,中关联(通用+WPS章节),0.4224,0.0,
word插入背景,Word,教程操作,背景,Word·教程操作·背景,中关联(通用+WPS章节),0.4224,0.0,
word加密码,Word,教程操作,加密,Word·教程操作·加密,中关联(通用+WPS章节),0.4224,0.0,
身份证word尺寸,Word,品牌直达,通用,Word·品牌直达·通用,高关联(整篇WPS),0.4224,0.0,
word关闭自动编号,Word,教程操作,通用,Word·教程操作·通用,中关联(通用+WPS章节),0.4224,0.0,
word调整页面顺序,Word,教程操作,通用,Word·教程操作·通用,中关联(通用+WPS章节),0.4224,0.0,
word样式,Word,教程操作,通用,Word·教程操作·通用,中关联(通用+WPS章节),0.4224,0.0,
word显示页码,Word,教程操作,通用,Word·教程操作·通用,中关联(通用+WPS章节),0.4224,0.0,
word田字格,Word,品牌直达,通用,Word·品牌直达·通用,高关联(整篇WPS),0.4224,0.0,
word修复,Word,故障解决,通用,Word·故障解决·通用,中关联(通用+WPS章节),0.4224,0.0,
word目录更新,Word,教程操作,目录,Word·教程操作·目录,中关联(通用+WPS章节),0.4224,0.0,
word文件合并,Word,教程操作,合并,Word·教程操作·合并,中关联(通用+WPS章节),0.4224,0.0,
word多级列表,Word,品牌直达,通用,Word·品牌直达·通用,高关联(整篇WPS),0.4224,0.0,
word激活码,Word,下载安装,通用,Word·下载安装·通用,高关联(整篇WPS),0.4224,0.0,
word页码不连续,Word,品牌直达,通用,Word·品牌直达·通用,高关联(整篇WPS),0.4224,0.0,
word文档加水印,Word,品牌直达,水印,Word·品牌直达·水印,高关联(整篇WPS),0.4224,0.0,
word创建目录,Word,教程操作,目录,Word·教程操作·目录,中关联(通用+WPS章节),0.4224,0.0,
word打开目录,Word,教程操作,目录,Word·教程操作·目录,中关联(通用+WPS章节),0.4224,0.0,
word删除脚注,Word,教程操作,通用,Word·教程操作·通用,中关联(通用+WPS章节),0.4224,0.0,
word隐藏批注,Word,教程操作,批注,Word·教程操作·批注,中关联(通用+WPS章节),0.4224,0.0,
word工具箱,Word,品牌直达,通用,Word·品牌直达·通用,高关联(整篇WPS),0.4224,0.0,
word插入对号,Word,教程操作,通用,Word·教程操作·通用,中关联(通用+WPS章节),0.4224,0.0,
word框里打勾,Word,品牌直达,通用,Word·品牌直达·通用,高关联(整篇WPS),0.4224,0.0,
word公式自动编号,Word,教程操作,公式,Word·教程操作·公式,中关联(通用+WPS章节),0.4224,0.0,
word文档修复工具,Word,故障解决,通用,Word·故障解决·通用,中关联(通用+WPS章节),0.4224,0.0,
word删除当前页,Word,教程操作,通用,Word·教程操作·通用,中关联(通用+WPS章节),0.4224,0.0,
word文档在线使用,Word,教程操作,通用,Word·教程操作·通用,中关联(通用+WPS章节),0.4224,0.0,
word画图,Word,品牌直达,通用,Word·品牌直达·通用,高关联(整篇WPS),0.4224,0.0,
word底纹,Word,教程操作,通用,Word·教程操作·通用,中关联(通用+WPS章节),0.4224,0.0,
word两端对齐,Word,教程操作,通用,Word·教程操作·通用,中关联(通用+WPS章节),0.4224,0.0,
word修复工具,Word,故障解决,通用,Word·故障解决·通用,中关联(通用+WPS章节),0.4224,0.0,
word密码,Word,品牌直达,通用,Word·品牌直达·通用,高关联(整篇WPS),0.4224,0.0,
word删除空白页快捷键,Word,教程操作,通用,Word·教程操作·通用,中关联(通用+WPS章节),0.4224,0.0,
word字符间距,Word,品牌直达,通用,Word·品牌直达·通用,高关联(整篇WPS),0.4224,0.0,
word文档后缀,Word,品牌直达,通用,Word·品牌直达·通用,高关联(整篇WPS),0.4224,0.0,
word文档编辑,Word,教程操作,通用,Word·教程操作·通用,中关联(通用+WPS章节),0.4224,182.0,
word隐藏文字,Word,教程操作,通用,Word·教程操作·通用,中关联(通用+WPS章节),0.4224,0.0,
word文档自动生成目录,WPS AI,教程操作,目录,WPS AI·教程操作·目录,中关联(通用+WPS章节),0.0,0.0,
word加横线,Word,品牌直达,通用,Word·品牌直达·通用,高关联(整篇WPS),0.4224,0.0,
word文档插入图片,Word,教程操作,通用,Word·教程操作·通用,中关联(通用+WPS章节),0.4224,0.0,
word下一页快捷键,Word,教程操作,通用,Word·教程操作·通用,中关联(通用+WPS章节),0.4224,0.0,
word文字垂直对齐,Word,教程操作,通用,Word·教程操作·通用,中关联(通用+WPS章节),0.4224,0.0,
图片复制到word显示不全,Word,教程操作,通用,Word·教程操作·通用,中关联(通用+WPS章节),0.4224,0.0,
word全屏显示快捷键,Word,教程操作,通用,Word·教程操作·通用,中关联(通用+WPS章节),0.4224,0.0,
word页脚,Word,教程操作,页脚,Word·教程操作·页脚,中关联(通用+WPS章节),0.4224,0.0,
word序号,Word,教程操作,通用,Word·教程操作·通用,中关联(通用+WPS章节),0.4224,0.0,
word乱码,Word,故障解决,乱码,Word·故障解决·乱码,中关联(通用+WPS章节),0.4224,0.0,
word插入文档,Word,教程操作,通用,Word·教程操作·通用,中关联(通用+WPS章节),0.4224,0.0,
word页眉页脚,Word,教程操作,页眉,Word·教程操作·页眉,中关联(通用+WPS章节),0.4224,0.0,
word文字居中,Word,品牌直达,通用,Word·品牌直达·通用,高关联(整篇WPS),0.4224,0.0,
word书签,Word,教程操作,通用,Word·教程操作·通用,中关联(通用+WPS章节),0.4224,0.0,
word制作流程图,Word,教程操作,通用,Word·教程操作·通用,中关联(通用+WPS章节),0.4224,0.0,
word做流程图,Word,品牌直达,通用,Word·品牌直达·通用,高关联(整篇WPS),0.4224,0.0,
word插入序号,Word,教程操作,通用,Word·教程操作·通用,中关联(通用+WPS章节),0.4224,0.0,
word关闭批注,Word,教程操作,批注,Word·教程操作·批注,中关联(通用+WPS章节),0.4224,0.0,
word选中所有图片,Word,教程操作,通用,Word·教程操作·通用,中关联(通用+WPS章节),0.4224,0.0,
word关闭批注模式,Word,教程操作,批注,Word·教程操作·批注,中关联(通用+WPS章节),0.4224,0.0,
word通配符一览表,Word,品牌直达,通用,Word·品牌直达·通用,高关联(整篇WPS),0.4224,0.0,
word箭头,Word,品牌直达,通用,Word·品牌直达·通用,高关联(整篇WPS),0.4224,0.0,
word文档页面,Word,品牌直达,通用,Word·品牌直达·通用,高关联(整篇WPS),0.4224,0.0,
word目录页码,Word,教程操作,目录,Word·教程操作·目录,中关联(通用+WPS章节),0.4224,0.0,
word自动目录,Word,教程操作,目录,Word·教程操作·目录,中关联(通用+WPS章节),0.4224,0.0,
合并word文档,Word,教程操作,合并,Word·教程操作·合并,中关联(通用+WPS章节),0.4224,0.0,
word不能编辑,Word,教程操作,通用,Word·教程操作·通用,中关联(通用+WPS章节),0.4224,0.0,
word信纸,Word,品牌直达,通用,Word·品牌直达·通用,高关联(整篇WPS),0.4224,0.0,
在word2010,Word,品牌直达,通用,Word·品牌直达·通用,高关联(整篇WPS),0.4224,0.0,
word显示批注,Word,教程操作,批注,Word·教程操作·批注,中关联(通用+WPS章节),0.4224,0.0,
word官方,Word,品牌直达,通用,Word·品牌直达·通用,高关联(整篇WPS),0.4224,0.0,
word文档打勾,Word,品牌直达,通用,Word·品牌直达·通用,高关联(整篇WPS),0.4224,0.0,
word文件加密,Word,教程操作,加密,Word·教程操作·加密,中关联(通用+WPS章节),0.4224,0.0,
word去掉水印,Word,教程操作,水印,Word·教程操作·水印,中关联(通用+WPS章节),0.4224,0.0,
word输入分数,Word,品牌直达,通用,Word·品牌直达·通用,高关联(整篇WPS),0.4224,0.0,
论文格式word,Word,品牌直达,通用,Word·品牌直达·通用,高关联(整篇WPS),0.4224,0.0,
word批量插入图片,Word,教程操作,通用,Word·教程操作·通用,中关联(通用+WPS章节),0.4224,0.0,
word全选图片,Word,教程操作,通用,Word·教程操作·通用,中关联(通用+WPS章节),0.4224,0.0,
word勾选框,Word,教程操作,通用,Word·教程操作·通用,中关联(通用+WPS章节),0.4224,0.0,
word标题自动编号,Word,教程操作,通用,Word·教程操作·通用,中关联(通用+WPS章节),0.4224,0.0,
word单独一页横向,Word,品牌直达,通用,Word·品牌直达·通用,高关联(整篇WPS),0.4224,0.0,
java导出word,Word,教程操作,通用,Word·教程操作·通用,中关联(通用+WPS章节),0.4224,0.0,
word激活工具,Word,下载安装,通用,Word·下载安装·通用,高关联(整篇WPS),0.4224,0.0,
word取消分页符,Word,教程操作,分页,Word·教程操作·分页,中关联(通用+WPS章节),0.4224,0.0,
word绿色版,Word,下载安装,通用,Word·下载安装·通用,高关联(整篇WPS),0.4224,0.0,
word公式换行,Word,教程操作,公式,Word·教程操作·公式,中关联(通用+WPS章节),0.4224,0.0,
word删除换行符,Word,教程操作,通用,Word·教程操作·通用,中关联(通用+WPS章节),0.4224,0.0,
word 代码块,Word,品牌直达,通用,Word·品牌直达·通用,高关联(整篇WPS),0.4224,0.0,
压缩word文件大小,Word,教程操作,通用,Word·教程操作·通用,中关联(通用+WPS章节),0.4224,0.0,
word必备工具箱,Word,品牌直达,通用,Word·品牌直达·通用,高关联(整篇WPS),0.4224,0.0,
word替换换行符,Word,教程操作,通用,Word·教程操作·通用,中关联(通用+WPS章节),0.4224,0.0,
word转latex,Word,品牌直达,通用,Word·品牌直达·通用,高关联(整篇WPS),0.4224,0.0,
word文档在线压缩,Word,教程操作,通用,Word·教程操作·通用,中关联(通用+WPS章节),0.4224,0.0,
word纸张方向变横,Word,教程操作,通用,Word·教程操作·通用,中关联(通用+WPS章节),0.4224,0.0,
word艺术字,Word,教程操作,通用,Word·教程操作·通用,中关联(通用+WPS章节),0.4224,0.0,
word文档打不开,Word,故障解决,打不开,Word·故障解决·打不开,中关联(通用+WPS章节),0.4224,0.0,
word文档解密,Word,品牌直达,解密,Word·品牌直达·解密,高关联(整篇WPS),0.4224,0.0,
word上下标,Word,品牌直达,通用,Word·品牌直达·通用,高关联(整篇WPS),0.4224,0.0,
新建word文档,Word,品牌直达,通用,Word·品牌直达·通用,高关联(整篇WPS),0.4224,0.0,
word首字下沉,Word,品牌直达,通用,Word·品牌直达·通用,高关联(整篇WPS),0.4224,0.0,
word宏,Word,教程操作,宏,Word·教程操作·宏,中关联(通用+WPS章节),0.4224,0.0,
word后缀,Word,品牌直达,通用,Word·品牌直达·通用,高关联(整篇WPS),0.4224,0.0,
word文档背景图,Word,模板获取,背景,Word·模板获取·背景,中关联(通用+WPS章节),0.4224,0.0,
word怎样生成目录,Word,教程操作,目录,Word·教程操作·目录,中关联(通用+WPS章节),0.4224,0.0,
word文档全选,Word,品牌直达,通用,Word·品牌直达·通用,高关联(整篇WPS),0.4224,0.0,
word另起一页,Word,品牌直达,通用,Word·品牌直达·通用,高关联(整篇WPS),0.4224,0.0,
word新建空白页,Word,品牌直达,通用,Word·品牌直达·通用,高关联(整篇WPS),0.4224,0.0,
word保存,Word,教程操作,通用,Word·教程操作·通用,中关联(通用+WPS章节),0.4224,0.0,
word打印预览,Word,教程操作,打印,Word·教程操作·打印,中关联(通用+WPS章节),0.4224,0.0,
word导出图片,Word,教程操作,通用,Word·教程操作·通用,中关联(通用+WPS章节),0.4224,0.0,
word文档封面,Word,模板获取,通用,Word·模板获取·通用,中关联(通用+WPS章节),0.4224,0.0,
word无法保存,Word,教程操作,通用,Word·教程操作·通用,中关联(通用+WPS章节),0.4224,0.0,
word复制整页,Word,教程操作,通用,Word·教程操作·通用,中关联(通用+WPS章节),0.4224,0.0,
word默认字体,Word,教程操作,字体,Word·教程操作·字体,中关联(通用+WPS章节),0.4224,0.0,
word文档背景图片,Word,教程操作,背景,Word·教程操作·背景,中关联(通用+WPS章节),0.4224,0.0,
word文字上下居中,Word,品牌直达,通用,Word·品牌直达·通用,高关联(整篇WPS),0.4224,0.0,
word调整行间距,Word,教程操作,通用,Word·教程操作·通用,中关联(通用+WPS章节),0.4224,0.0,
word做思维导图,Word,品牌直达,通用,Word·品牌直达·通用,高关联(整篇WPS),0.4224,0.0,
word底色,Word,品牌直达,通用,Word·品牌直达·通用,高关联(整篇WPS),0.4224,0.0,
压缩word,Word,教程操作,通用,Word·教程操作·通用,中关联(通用+WPS章节),0.4224,0.0,
word只读,Word,品牌直达,通用,Word·品牌直达·通用,高关联(整篇WPS),0.4224,0.0,
word背景色,Word,模板获取,背景,Word·模板获取·背景,中关联(通用+WPS章节),0.4224,0.0,
word改写,Word,教程操作,通用,Word·教程操作·通用,中关联(通用+WPS章节),0.4224,0.0,
图片转成word,Word,教程操作,通用,Word·教程操作·通用,中关联(通用+WPS章节),0.4224,0.0,
word朗读,Word,品牌直达,通用,Word·品牌直达·通用,高关联(整篇WPS),0.4224,0.0,
word美化,Word,教程操作,通用,Word·教程操作·通用,中关联(通用+WPS章节),0.4224,0.0,
word批量替换,Word,教程操作,通用,Word·教程操作·通用,中关联(通用+WPS章节),0.4224,0.0,
word域代码,Word,教程操作,通用,Word·教程操作·通用,中关联(通用+WPS章节),0.4224,0.0,
word文档拆分,Word,教程操作,拆分,Word·教程操作·拆分,中关联(通用+WPS章节),0.4224,0.0,
word卡顿,Word,故障解决,通用,Word·故障解决·通用,中关联(通用+WPS章节),0.4224,0.0,
word空白下划线,Word,教程操作,通用,Word·教程操作·通用,中关联(通用+WPS章节),0.4224,0.0,
word很卡,Word,品牌直达,通用,Word·品牌直达·通用,高关联(整篇WPS),0.4224,0.0,
word打对勾,Word,品牌直达,通用,Word·品牌直达·通用,高关联(整篇WPS),0.4224,0.0,
word中图片不显示,Word,教程操作,通用,Word·教程操作·通用,中关联(通用+WPS章节),0.4224,0.0,
word图片透明度,Word,教程操作,通用,Word·教程操作·通用,中关联(通用+WPS章节),0.4224,0.0,
word基本操作,Word,品牌直达,通用,Word·品牌直达·通用,高关联(整篇WPS),0.4224,0.0,
word中删除空白页,Word,教程操作,通用,Word·教程操作·通用,中关联(通用+WPS章节),0.4224,0.0,
word插入虚线,Word,教程操作,通用,Word·教程操作·通用,中关联(通用+WPS章节),0.4224,0.0,
word审阅模式,Word,品牌直达,通用,Word·品牌直达·通用,高关联(整篇WPS),0.4224,0.0,
word插入题注,Word,教程操作,通用,Word·教程操作·通用,中关联(通用+WPS章节),0.4224,0.0,
word文档无法编辑,Word,教程操作,通用,Word·教程操作·通用,中关联(通用+WPS章节),0.4224,0.0,
word繁体转简体,Word,品牌直达,通用,Word·品牌直达·通用,高关联(整篇WPS),0.4224,0.0,
word007,Word,品牌直达,通用,Word·品牌直达·通用,高关联(整篇WPS),0.4224,0.0,
word加行号,Word,品牌直达,通用,Word·品牌直达·通用,高关联(整篇WPS),0.4224,0.0,
word显示分隔符,Word,教程操作,通用,Word·教程操作·通用,中关联(通用+WPS章节),0.4224,0.0,
word字体颜色快捷键,Word,教程操作,字体,Word·教程操作·字体,中关联(通用+WPS章节),0.4224,0.0,
word插入流程图,Word,教程操作,通用,Word·教程操作·通用,中关联(通用+WPS章节),0.4224,0.0,
word添加行号,Word,教程操作,通用,Word·教程操作·通用,中关联(通用+WPS章节),0.4224,0.0,
word批量修改图片大小,Word,教程操作,通用,Word·教程操作·通用,中关联(通用+WPS章节),0.4224,0.0,
java导出word文档,Word,教程操作,通用,Word·教程操作·通用,中关联(通用+WPS章节),0.4224,0.0,
word文档批量处理大师,Word,教程操作,通用,Word·教程操作·通用,中关联(通用+WPS章节),0.4224,0.0,
word官方网站,Word,品牌直达,通用,Word·品牌直达·通用,高关联(整篇WPS),0.4224,0.0,
word转md,Word,品牌直达,通用,Word·品牌直达·通用,高关联(整篇WPS),0.4224,0.0,
word编辑受限,Word,教程操作,通用,Word·教程操作·通用,中关联(通用+WPS章节),0.4224,0.0,
word删掉空白页,Word,品牌直达,通用,Word·品牌直达·通用,高关联(整篇WPS),0.4224,0.0,
word统一图片尺寸,Word,教程操作,通用,Word·教程操作·通用,中关联(通用+WPS章节),0.4224,0.0,
word钢筋符号,Word,品牌直达,通用,Word·品牌直达·通用,高关联(整篇WPS),0.4224,0.0,
word翻译成中文,Word,品牌直达,通用,Word·品牌直达·通用,高关联(整篇WPS),0.4224,0.0,
word域,Word,教程操作,通用,Word·教程操作·通用,中关联(通用+WPS章节),0.4224,0.0,
word项目符号,Word,教程操作,通用,Word·教程操作·通用,中关联(通用+WPS章节),0.4224,0.0,
word添加空白页,Word,教程操作,通用,Word·教程操作·通用,中关联(通用+WPS章节),0.4224,0.0,
word添加脚注,Word,教程操作,通用,Word·教程操作·通用,中关联(通用+WPS章节),0.4224,0.0,
word增加空白页,Word,品牌直达,通用,Word·品牌直达·通用,高关联(整篇WPS),0.4224,0.0,
word文档替换文字,Word,教程操作,通用,Word·教程操作·通用,中关联(通用+WPS章节),0.4224,0.0,
word文档删除整页,Word,教程操作,通用,Word·教程操作·通用,中关联(通用+WPS章节),0.4224,0.0,
word文字间距,Word,品牌直达,通用,Word·品牌直达·通用,高关联(整篇WPS),0.4224,0.0,
word文字替换,Word,教程操作,通用,Word·教程操作·通用,中关联(通用+WPS章节),0.4224,0.0,
word查找快捷键,Word,教程操作,通用,Word·教程操作·通用,中关联(通用+WPS章节),0.4224,0.0,
word批量处理图片大小,Word,教程操作,通用,Word·教程操作·通用,中关联(通用+WPS章节),0.4224,0.0,
word全屏,Word,品牌直达,通用,Word·品牌直达·通用,高关联(整篇WPS),0.4224,0.0,
word图片显示不出来,Word,教程操作,通用,Word·教程操作·通用,中关联(通用+WPS章节),0.4224,0.0,
论文word格式,Word,品牌直达,通用,Word·品牌直达·通用,高关联(整篇WPS),0.4224,0.0,
word拆分单元格,Word,教程操作,拆分单元格,Word·教程操作·拆分单元格,中关联(通用+WPS章节),0.4224,0.0,
word缩印,Word,品牌直达,通用,Word·品牌直达·通用,高关联(整篇WPS),0.4224,0.0,
word抠图,Word,品牌直达,通用,Word·品牌直达·通用,高关联(整篇WPS),0.4224,0.0,
word下划线对齐,Word,教程操作,通用,Word·教程操作·通用,中关联(通用+WPS章节),0.4224,0.0,
word身份证尺寸,Word,品牌直达,通用,Word·品牌直达·通用,高关联(整篇WPS),0.4224,0.0,
word取消自动换行,Word,教程操作,通用,Word·教程操作·通用,中关联(通用+WPS章节),0.4224,0.0,
word居中快捷键,Word,教程操作,通用,Word·教程操作·通用,中关联(通用+WPS章节),0.4224,0.0,
word显示修改痕迹,Word,教程操作,通用,Word·教程操作·通用,中关联(通用+WPS章节),0.4224,0.0,
word2016破解版,Word,下载安装,通用,Word·下载安装·通用,高关联(整篇WPS),0.4224,0.0,
向程序发送命令时出现问题word,Word,品牌直达,通用,Word·品牌直达·通用,高关联(整篇WPS),0.4224,0.0,
word可以插入视频吗,Word,教程操作,通用,Word·教程操作·通用,中关联(通用+WPS章节),0.4224,0.0,
毕业论文格式word排版,Word,教程操作,通用,Word·教程操作·通用,中关联(通用+WPS章节),0.4224,0.0,
word符号,Word,品牌直达,通用,Word·品牌直达·通用,高关联(整篇WPS),0.4224,0.0,
word不显示,Word,教程操作,通用,Word·教程操作·通用,中关联(通用+WPS章节),0.4224,0.0,
多个word,Word,品牌直达,通用,Word·品牌直达·通用,高关联(整篇WPS),0.4224,0.0,
word隐藏,Word,教程操作,通用,Word·教程操作·通用,中关联(通用+WPS章节),0.4224,0.0,
word预览,Word,品牌直达,通用,Word·品牌直达·通用,高关联(整篇WPS),0.4224,0.0,
word波浪线,Word,品牌直达,通用,Word·品牌直达·通用,高关联(整篇WPS),0.4224,0.0,
word合并文档,Word,教程操作,合并,Word·教程操作·合并,中关联(通用+WPS章节),0.4224,0.0,
word删除横线,Word,教程操作,通用,Word·教程操作·通用,中关联(通用+WPS章节),0.4224,0.0,
word统计字数,Word,教程操作,通用,Word·教程操作·通用,中关联(通用+WPS章节),0.4224,0.0,
word学习,Word,品牌直达,通用,Word·品牌直达·通用,高关联(整篇WPS),0.4224,0.0,
word纸张方向,Word,教程操作,通用,Word·教程操作·通用,中关联(通用+WPS章节),0.4224,0.0,
word删除页脚,Word,教程操作,页脚,Word·教程操作·页脚,中关联(通用+WPS章节),0.4224,0.0,
word目录格式,Word,教程操作,目录,Word·教程操作·目录,中关联(通用+WPS章节),0.4224,0.0,
word字体间距,Word,教程操作,字体,Word·教程操作·字体,中关联(通用+WPS章节),0.4224,0.0,
word回车符号,Word,品牌直达,通用,Word·品牌直达·通用,高关联(整篇WPS),0.4224,0.0,
word空格下划线,Word,教程操作,通用,Word·教程操作·通用,中关联(通用+WPS章节),0.4224,0.0,
word365,Word,品牌直达,通用,Word·品牌直达·通用,高关联(整篇WPS),0.4224,0.0,
word重复标题行,Word,品牌直达,通用,Word·品牌直达·通用,高关联(整篇WPS),0.4224,0.0,
word复制页面,Word,教程操作,通用,Word·教程操作·通用,中关联(通用+WPS章节),0.4224,0.0,
word下角标,Word,品牌直达,通用,Word·品牌直达·通用,高关联(整篇WPS),0.4224,0.0,
word去除空格,Word,品牌直达,通用,Word·品牌直达·通用,高关联(整篇WPS),0.4224,0.0,
word压缩大小,Word,教程操作,通用,Word·教程操作·通用,中关联(通用+WPS章节),0.4224,0.0,
word自动生成序号,WPS AI,教程操作,通用,WPS AI·教程操作·通用,中关联(通用+WPS章节),0.0,0.0,
word中插入文件,Word,教程操作,通用,Word·教程操作·通用,中关联(通用+WPS章节),0.4224,0.0,
word删除空白页面,Word,教程操作,通用,Word·教程操作·通用,中关联(通用+WPS章节),0.4224,0.0,
word文字加拼音,Word,品牌直达,通用,Word·品牌直达·通用,高关联(整篇WPS),0.4224,0.0,
word增加目录,Word,教程操作,目录,Word·教程操作·目录,中关联(通用+WPS章节),0.4224,0.0,
word方框里打勾,Word,品牌直达,通用,Word·品牌直达·通用,高关联(整篇WPS),0.4224,0.0,
word删除最后空白页,Word,教程操作,通用,Word·教程操作·通用,中关联(通用+WPS章节),0.4224,0.0,
word不显示回车,Word,教程操作,通用,Word·教程操作·通用,中关联(通用+WPS章节),0.4224,0.0,
word手写字体,Word,教程操作,字体,Word·教程操作·字体,中关联(通用+WPS章节),0.4224,0.0,
word取消超链接,Word,教程操作,通用,Word·教程操作·通用,中关联(通用+WPS章节),0.4224,0.0,
word改写模式,Word,教程操作,通用,Word·教程操作·通用,中关联(通用+WPS章节),0.4224,0.0,
word吃字,Word,品牌直达,通用,Word·品牌直达·通用,高关联(整篇WPS),0.4224,0.0,
word删除分隔符,Word,教程操作,通用,Word·教程操作·通用,中关联(通用+WPS章节),0.4224,0.0,
word在线预览,Word,品牌直达,通用,Word·品牌直达·通用,高关联(整篇WPS),0.4224,0.0,
word插入分隔符,Word,教程操作,通用,Word·教程操作·通用,中关联(通用+WPS章节),0.4224,0.0,
word目录页码自动生成,WPS AI,教程操作,目录,WPS AI·教程操作·目录,中关联(通用+WPS章节),0.0,0.0,
word添加书签,Word,教程操作,通用,Word·教程操作·通用,中关联(通用+WPS章节),0.4224,0.0,
word插入分数,Word,教程操作,通用,Word·教程操作·通用,中关联(通用+WPS章节),0.4224,0.0,
word目录制作,Word,教程操作,目录,Word·教程操作·目录,中关联(通用+WPS章节),0.4224,0.0,
word查找通配符,Word,教程操作,通用,Word·教程操作·通用,中关联(通用+WPS章节),0.4224,0.0,
word首页不显示页码,Word,教程操作,通用,Word·教程操作·通用,中关联(通用+WPS章节),0.4224,0.0,
word方框内打勾,Word,品牌直达,通用,Word·品牌直达·通用,高关联(整篇WPS),0.4224,0.0,
word插入注释,Word,教程操作,通用,Word·教程操作·通用,中关联(通用+WPS章节),0.4224,0.0,
word文档比对,Word,品牌直达,通用,Word·品牌直达·通用,高关联(整篇WPS),0.4224,0.0,
word无法删除空白页,Word,教程操作,通用,Word·教程操作·通用,中关联(通用+WPS章节),0.4224,0.0,
word批量删除空格,Word,教程操作,通用,Word·教程操作·通用,中关联(通用+WPS章节),0.4224,0.0,
word检查错别字,Word,品牌直达,通用,Word·品牌直达·通用,高关联(整篇WPS),0.4224,0.0,
word合并工具,Word,教程操作,合并,Word·教程操作·合并,中关联(通用+WPS章节),0.4224,0.0,
word左侧显示目录,Word,教程操作,目录,Word·教程操作·目录,中关联(通用+WPS章节),0.4224,0.0,
word批量删除批注,Word,教程操作,批注,Word·教程操作·批注,中关联(通用+WPS章节),0.4224,0.0,
word插入不了公式,Word,教程操作,公式,Word·教程操作·公式,中关联(通用+WPS章节),0.4224,0.0,
word更新域快捷键,Word,教程操作,通用,Word·教程操作·通用,中关联(通用+WPS章节),0.4224,0.0,
word插入公式快捷键,Word,教程操作,公式,Word·教程操作·公式,中关联(通用+WPS章节),0.4224,0.0,
word中公式与文字高度不一致,Word,教程操作,公式,Word·教程操作·公式,中关联(通用+WPS章节),0.4224,0.0,
word激活密钥,Word,下载安装,通用,Word·下载安装·通用,高关联(整篇WPS),0.4224,0.0,
word省略号,Word,品牌直达,通用,Word·品牌直达·通用,高关联(整篇WPS),0.4224,0.0,
ppt,PPT,品牌直达,通用,PPT·品牌直达·通用,高关联(整篇WPS),1.0,34288.0,
在线ppt编辑,PPT,教程操作,通用,PPT·教程操作·通用,中关联(通用+WPS章节),1.0,1.0,
ppt模版,PPT,品牌直达,通用,PPT·品牌直达·通用,高关联(整篇WPS),1.0,0.0,
ppt教学,PPT,教程操作,通用,PPT·教程操作·通用,中关联(通用+WPS章节),1.0,0.0,
工作总结ppt,PPT,品牌直达,通用,PPT·品牌直达·通用,高关联(整篇WPS),1.0,0.0,
ppt制作,PPT,教程操作,通用,PPT·教程操作·通用,中关联(通用+WPS章节),1.0,6620.0,
ppt设计,PPT,品牌直达,通用,PPT·品牌直达·通用,高关联(整篇WPS),1.0,0.0,
ppt素材,PPT,模板获取,通用,PPT·模板获取·通用,中关联(通用+WPS章节),1.0,0.0,
ppt结尾页,PPT,品牌直达,通用,PPT·品牌直达·通用,高关联(整篇WPS),1.0,0.0,
ppt结尾,PPT,品牌直达,通用,PPT·品牌直达·通用,高关联(整篇WPS),1.0,0.0,
做PPT的电脑软件,PPT,品牌直达,通用,PPT·品牌直达·通用,高关联(整篇WPS),1.0,1.0,
ppt在线网站,PPT,品牌直达,通用,PPT·品牌直达·通用,高关联(整篇WPS),1.0,1.0,
在线PPT编辑,PPT,教程操作,通用,PPT·教程操作·通用,中关联(通用+WPS章节),1.0,1.0,
成片PPT网站,PPT,品牌直达,通用,PPT·品牌直达·通用,高关联(整篇WPS),1.0,1.0,
PPT,PPT,品牌直达,通用,PPT·品牌直达·通用,高关联(整篇WPS),1.0,34288.0,
平板可以制作ppt吗,PPT,教程操作,通用,PPT·教程操作·通用,中关联(通用+WPS章节),1.0,1.0,
在线ppt文档,PPT,品牌直达,通用,PPT·品牌直达·通用,高关联(整篇WPS),1.0,1.0,
生成ppt,PPT,教程操作,通用,PPT·教程操作·通用,中关联(通用+WPS章节),1.0,1181.0,
ppt图片,PPT,教程操作,通用,PPT·教程操作·通用,中关联(通用+WPS章节),1.0,2664.0,
熊猫ppt,PPT,品牌直达,通用,PPT·品牌直达·通用,高关联(整篇WPS),1.0,0.0,
游戏ppt,PPT,品牌直达,通用,PPT·品牌直达·通用,高关联(整篇WPS),1.0,0.0,
毕业论文ppt,PPT,品牌直达,通用,PPT·品牌直达·通用,高关联(整篇WPS),1.0,0.0,
自我介绍ppt,PPT,功能认知,通用,PPT·功能认知·通用,中关联(通用+WPS章节),1.0,0.0,
ppt最后一页结束语,PPT,品牌直达,通用,PPT·品牌直达·通用,高关联(整篇WPS),1.0,0.0,
职业规划大赛ppt,PPT,品牌直达,通用,PPT·品牌直达·通用,高关联(整篇WPS),1.0,0.0,
做ppt的软件,PPT,品牌直达,通用,PPT·品牌直达·通用,高关联(整篇WPS),1.0,0.0,
101教育PPT,PPT,品牌直达,通用,PPT·品牌直达·通用,高关联(整篇WPS),1.0,0.0,
述职报告ppt,PPT,品牌直达,通用,PPT·品牌直达·通用,高关联(整篇WPS),1.0,0.0,
ppt课件网,PPT,品牌直达,通用,PPT·品牌直达·通用,高关联(整篇WPS),1.0,0.0,
ppt图片素材,PPT,教程操作,通用,PPT·教程操作·通用,中关联(通用+WPS章节),1.0,0.0,
述职ppt,PPT,品牌直达,通用,PPT·品牌直达·通用,高关联(整篇WPS),1.0,0.0,
自动生成ppt,WPS AI,教程操作,通用,WPS AI·教程操作·通用,中关联(通用+WPS章节),0.0,1794.0,
51ppt,PPT,品牌直达,通用,PPT·品牌直达·通用,高关联(整篇WPS),1.0,0.0,
ppt制作软件,PPT,教程操作,通用,PPT·教程操作·通用,中关联(通用+WPS章节),1.0,0.0,
开题报告ppt,PPT,品牌直达,通用,PPT·品牌直达·通用,高关联(整篇WPS),1.0,0.0,
ppt插入音乐,PPT,教程操作,通用,PPT·教程操作·通用,中关联(通用+WPS章节),1.0,0.0,
ppt素材图片,PPT,教程操作,通用,PPT·教程操作·通用,中关联(通用+WPS章节),1.0,0.0,
ppt自动播放,PPT,品牌直达,通用,PPT·品牌直达·通用,高关联(整篇WPS),1.0,0.0,
垃圾分类ppt,PPT,品牌直达,通用,PPT·品牌直达·通用,高关联(整篇WPS),1.0,0.0,
ppt美化,PPT,教程操作,通用,PPT·教程操作·通用,中关联(通用+WPS章节),1.0,0.0,
唐雎不辱使命ppt,PPT,品牌直达,通用,PPT·品牌直达·通用,高关联(整篇WPS),1.0,0.0,
新年ppt,PPT,品牌直达,通用,PPT·品牌直达·通用,高关联(整篇WPS),1.0,0.0,
ppt背景图片简约,PPT,教程操作,背景,PPT·教程操作·背景,中关联(通用+WPS章节),1.0,0.0,
家长会ppt,PPT,品牌直达,通用,PPT·品牌直达·通用,高关联(整篇WPS),1.0,0.0,
大学生职业生涯规划ppt,PPT,品牌直达,通用,PPT·品牌直达·通用,高关联(整篇WPS),1.0,0.0,
ppt主题,PPT,品牌直达,通用,PPT·品牌直达·通用,高关联(整篇WPS),1.0,0.0,
爱ppt,PPT,品牌直达,通用,PPT·品牌直达·通用,高关联(整篇WPS),1.0,0.0,
ppt时间轴,PPT,品牌直达,通用,PPT·品牌直达·通用,高关联(整篇WPS),1.0,0.0,
出师表ppt,PPT,品牌直达,通用,PPT·品牌直达·通用,高关联(整篇WPS),1.0,0.0,
年会ppt,PPT,品牌直达,通用,PPT·品牌直达·通用,高关联(整篇WPS),1.0,0.0,
怎样制作ppt,PPT,教程操作,通用,PPT·教程操作·通用,中关联(通用+WPS章节),1.0,0.0,
年终述职报告ppt,PPT,品牌直达,通用,PPT·品牌直达·通用,高关联(整篇WPS),1.0,0.0,
陶喆ppt,PPT,品牌直达,通用,PPT·品牌直达·通用,高关联(整篇WPS),1.0,0.0,
www.1ppt.com,PPT,品牌直达,通用,PPT·品牌直达·通用,高关联(整篇WPS),1.0,0.0,
ppt地图,PPT,品牌直达,通用,PPT·品牌直达·通用,高关联(整篇WPS),1.0,0.0,
赤壁赋ppt,PPT,品牌直达,通用,PPT·品牌直达·通用,高关联(整篇WPS),1.0,0.0,
ppt美化大师,PPT,教程操作,通用,PPT·教程操作·通用,中关联(通用+WPS章节),1.0,0.0,
ppt图表,PPT,教程操作,图表,PPT·教程操作·图表,中关联(通用+WPS章节),1.0,0.0,
我的大学生活ppt,PPT,品牌直达,通用,PPT·品牌直达·通用,高关联(整篇WPS),1.0,0.0,
ppt母版,PPT,品牌直达,通用,PPT·品牌直达·通用,高关联(整篇WPS),1.0,0.0,
转正述职ppt,PPT,品牌直达,通用,PPT·品牌直达·通用,高关联(整篇WPS),1.0,0.0,
竞聘ppt,PPT,品牌直达,通用,PPT·品牌直达·通用,高关联(整篇WPS),1.0,0.0,
职业规划ppt,PPT,品牌直达,通用,PPT·品牌直达·通用,高关联(整篇WPS),1.0,0.0,
百度ppt,PPT,品牌直达,通用,PPT·品牌直达·通用,高关联(整篇WPS),1.0,0.0,
转正述职报告ppt,PPT,品牌直达,通用,PPT·品牌直达·通用,高关联(整篇WPS),1.0,0.0,
答辩ppt,PPT,品牌直达,通用,PPT·品牌直达·通用,高关联(整篇WPS),1.0,0.0,
英语ppt,PPT,品牌直达,通用,PPT·品牌直达·通用,高关联(整篇WPS),1.0,0.0,
锐普ppt论坛,PPT,品牌直达,通用,PPT·品牌直达·通用,高关联(整篇WPS),1.0,0.0,
ppt结束语,PPT,品牌直达,通用,PPT·品牌直达·通用,高关联(整篇WPS),1.0,0.0,
制作ppt,PPT,教程操作,通用,PPT·教程操作·通用,中关联(通用+WPS章节),1.0,32.0,
ppt课件,PPT,品牌直达,通用,PPT·品牌直达·通用,高关联(整篇WPS),1.0,0.0,
元旦联欢会ppt,PPT,品牌直达,通用,PPT·品牌直达·通用,高关联(整篇WPS),1.0,0.0,
第一ppt网,PPT,品牌直达,通用,PPT·品牌直达·通用,高关联(整篇WPS),1.0,0.0,
圣诞节ppt,PPT,品牌直达,通用,PPT·品牌直达·通用,高关联(整篇WPS),1.0,0.0,
小米发布会ppt,PPT,品牌直达,通用,PPT·品牌直达·通用,高关联(整篇WPS),1.0,0.0,
精美ppt,PPT,品牌直达,通用,PPT·品牌直达·通用,高关联(整篇WPS),1.0,0.0,
ppt封面背景图片,PPT,教程操作,背景,PPT·教程操作·背景,中关联(通用+WPS章节),1.0,0.0,
ppt文本框,PPT,品牌直达,通用,PPT·品牌直达·通用,高关联(整篇WPS),1.0,0.0,
简约ppt背景,PPT,模板获取,背景,PPT·模板获取·背景,中关联(通用+WPS章节),1.0,0.0,
职业生涯规划书ppt,PPT,品牌直达,通用,PPT·品牌直达·通用,高关联(整篇WPS),1.0,0.0,
年终个人工作总结ppt,PPT,品牌直达,通用,PPT·品牌直达·通用,高关联(整篇WPS),1.0,0.0,
ppt背景音乐,PPT,模板获取,背景,PPT·模板获取·背景,中关联(通用+WPS章节),1.0,0.0,
愚公移山ppt,PPT,品牌直达,通用,PPT·品牌直达·通用,高关联(整篇WPS),1.0,0.0,
曹刿论战ppt,PPT,品牌直达,通用,PPT·品牌直达·通用,高关联(整篇WPS),1.0,0.0,
ppt箭头素材,PPT,模板获取,通用,PPT·模板获取·通用,中关联(通用+WPS章节),1.0,0.0,
ppt之家,PPT,品牌直达,通用,PPT·品牌直达·通用,高关联(整篇WPS),1.0,0.0,
word生成ppt,PPT,教程操作,通用,PPT·教程操作·通用,中关联(通用+WPS章节),1.0,215.0,
ppt结束页背景图片,PPT,教程操作,背景,PPT·教程操作·背景,中关联(通用+WPS章节),1.0,0.0,
安全生产ppt,PPT,品牌直达,通用,PPT·品牌直达·通用,高关联(整篇WPS),1.0,0.0,
心理健康教育主题班会ppt,PPT,品牌直达,通用,PPT·品牌直达·通用,高关联(整篇WPS),1.0,0.0,
ppt动画,PPT,品牌直达,通用,PPT·品牌直达·通用,高关联(整篇WPS),1.0,0.0,
PPT STORE,PPT,品牌直达,通用,PPT·品牌直达·通用,高关联(整篇WPS),1.0,0.0,
ppt市场,PPT,品牌直达,通用,PPT·品牌直达·通用,高关联(整篇WPS),1.0,0.0,
ppt加水印,PPT,品牌直达,水印,PPT·品牌直达·水印,高关联(整篇WPS),1.0,0.0,
ppt中插入视频,PPT,教程操作,通用,PPT·教程操作·通用,中关联(通用+WPS章节),1.0,0.0,
女娲造人ppt,PPT,品牌直达,通用,PPT·品牌直达·通用,高关联(整篇WPS),1.0,0.0,
ppt倒计时插件,PPT,品牌直达,通用,PPT·品牌直达·通用,高关联(整篇WPS),1.0,0.0,
ppt背景图片中国风,PPT,教程操作,背景,PPT·教程操作·背景,中关联(通用+WPS章节),1.0,0.0,
护理职业生涯规划ppt,PPT,品牌直达,通用,PPT·品牌直达·通用,高关联(整篇WPS),1.0,0.0,
端午节ppt,PPT,品牌直达,通用,PPT·品牌直达·通用,高关联(整篇WPS),1.0,0.0,
ppt倒计时,PPT,品牌直达,通用,PPT·品牌直达·通用,高关联(整篇WPS),1.0,0.0,
网络安全ppt,PPT,品牌直达,通用,PPT·品牌直达·通用,高关联(整篇WPS),1.0,0.0,
无忧ppt,PPT,品牌直达,通用,PPT·品牌直达·通用,高关联(整篇WPS),1.0,0.0,
word转为ppt,PPT,品牌直达,通用,PPT·品牌直达·通用,高关联(整篇WPS),1.0,0.0,
毕业论文答辩ppt,PPT,品牌直达,通用,PPT·品牌直达·通用,高关联(整篇WPS),1.0,0.0,
ppt倒计时器,PPT,品牌直达,通用,PPT·品牌直达·通用,高关联(整篇WPS),1.0,0.0,
ppt图片透明度,PPT,教程操作,通用,PPT·教程操作·通用,中关联(通用+WPS章节),1.0,0.0,
团队建设ppt,PPT,品牌直达,通用,PPT·品牌直达·通用,高关联(整篇WPS),1.0,0.0,
党课ppt,PPT,品牌直达,通用,PPT·品牌直达·通用,高关联(整篇WPS),1.0,0.0,
ppt图片背景变透明,PPT,教程操作,背景,PPT·教程操作·背景,中关联(通用+WPS章节),1.0,0.0,
个人简介ppt,PPT,功能认知,通用,PPT·功能认知·通用,中关联(通用+WPS章节),1.0,0.0,
西游记ppt,PPT,品牌直达,通用,PPT·品牌直达·通用,高关联(整篇WPS),1.0,0.0,
迅捷ppt,PPT,品牌直达,通用,PPT·品牌直达·通用,高关联(整篇WPS),1.0,0.0,
毕业答辩ppt,PPT,品牌直达,通用,PPT·品牌直达·通用,高关联(整篇WPS),1.0,0.0,
51ppt官网,PPT,品牌直达,通用,PPT·品牌直达·通用,高关联(整篇WPS),1.0,0.0,
ppt背景图片可爱,PPT,教程操作,背景,PPT·教程操作·背景,中关联(通用+WPS章节),1.0,0.0,
ppt图片背景,PPT,教程操作,背景,PPT·教程操作·背景,中关联(通用+WPS章节),1.0,0.0,
安全教育ppt,PPT,品牌直达,通用,PPT·品牌直达·通用,高关联(整篇WPS),1.0,0.0,
创业计划书ppt,PPT,品牌直达,通用,PPT·品牌直达·通用,高关联(整篇WPS),1.0,0.0,
我与地坛ppt,PPT,品牌直达,通用,PPT·品牌直达·通用,高关联(整篇WPS),1.0,0.0,
ppt演示文稿,PPT,教程操作,通用,PPT·教程操作·通用,中关联(通用+WPS章节),1.0,0.0,
古风ppt背景图片,PPT,教程操作,背景,PPT·教程操作·背景,中关联(通用+WPS章节),1.0,0.0,
制作ppt用什么软件,PPT,教程操作,通用,PPT·教程操作·通用,中关联(通用+WPS章节),1.0,0.0,
安全生产培训资料ppt,PPT,品牌直达,通用,PPT·品牌直达·通用,高关联(整篇WPS),1.0,0.0,
海姆立克急救法ppt,PPT,品牌直达,通用,PPT·品牌直达·通用,高关联(整篇WPS),1.0,0.0,
ppt转视频,PPT,品牌直达,通用,PPT·品牌直达·通用,高关联(整篇WPS),1.0,0.0,
转正答辩ppt,PPT,品牌直达,通用,PPT·品牌直达·通用,高关联(整篇WPS),1.0,0.0,
ppt一键生成,WPS AI,教程操作,通用,WPS AI·教程操作·通用,中关联(通用+WPS章节),0.0,1475.0,
中华优秀传统文化ppt,PPT,品牌直达,通用,PPT·品牌直达·通用,高关联(整篇WPS),1.0,0.0,
1ppt,PPT,品牌直达,通用,PPT·品牌直达·通用,高关联(整篇WPS),1.0,0.0,
年度工作总结ppt,PPT,品牌直达,通用,PPT·品牌直达·通用,高关联(整篇WPS),1.0,0.0,
ppt压缩,PPT,教程操作,通用,PPT·教程操作·通用,中关联(通用+WPS章节),1.0,0.0,
ppt生成器,PPT,教程操作,通用,PPT·教程操作·通用,中关联(通用+WPS章节),1.0,88.0,
颁奖ppt,PPT,品牌直达,通用,PPT·品牌直达·通用,高关联(整篇WPS),1.0,0.0,
第一ppt网站,PPT,品牌直达,通用,PPT·品牌直达·通用,高关联(整篇WPS),1.0,0.0,
诚信考试ppt,PPT,品牌直达,通用,PPT·品牌直达·通用,高关联(整篇WPS),1.0,0.0,
主题班会ppt,PPT,品牌直达,通用,PPT·品牌直达·通用,高关联(整篇WPS),1.0,0.0,
年终工作总结ppt,PPT,品牌直达,通用,PPT·品牌直达·通用,高关联(整篇WPS),1.0,0.0,
求职ppt,PPT,品牌直达,通用,PPT·品牌直达·通用,高关联(整篇WPS),1.0,0.0,
班会ppt,PPT,品牌直达,通用,PPT·品牌直达·通用,高关联(整篇WPS),1.0,0.0,
元旦ppt,PPT,品牌直达,通用,PPT·品牌直达·通用,高关联(整篇WPS),1.0,0.0,
风云ppt,PPT,品牌直达,通用,PPT·品牌直达·通用,高关联(整篇WPS),1.0,0.0,
做ppt,PPT,品牌直达,通用,PPT·品牌直达·通用,高关联(整篇WPS),1.0,0.0,
第1ppt官网,PPT,品牌直达,通用,PPT·品牌直达·通用,高关联(整篇WPS),1.0,0.0,
京剧ppt,PPT,品牌直达,通用,PPT·品牌直达·通用,高关联(整篇WPS),1.0,0.0,
大学生职业生涯规划书ppt,PPT,品牌直达,通用,PPT·品牌直达·通用,高关联(整篇WPS),1.0,0.0,
ppt箭头,PPT,品牌直达,通用,PPT·品牌直达·通用,高关联(整篇WPS),1.0,0.0,
ppt演讲者模式,PPT,品牌直达,通用,PPT·品牌直达·通用,高关联(整篇WPS),1.0,0.0,
ppt大全,PPT,品牌直达,通用,PPT·品牌直达·通用,高关联(整篇WPS),1.0,0.0,
中国传统文化ppt,PPT,品牌直达,通用,PPT·品牌直达·通用,高关联(整篇WPS),1.0,0.0,
ppt素材小图案,PPT,模板获取,通用,PPT·模板获取·通用,中关联(通用+WPS章节),1.0,0.0,
ppt结束页,PPT,品牌直达,通用,PPT·品牌直达·通用,高关联(整篇WPS),1.0,0.0,
ppt插入视频,PPT,教程操作,通用,PPT·教程操作·通用,中关联(通用+WPS章节),1.0,0.0,
ppt封面,PPT,模板获取,通用,PPT·模板获取·通用,中关联(通用+WPS章节),1.0,0.0,
ppt字体统一修改,PPT,教程操作,字体,PPT·教程操作·字体,中关联(通用+WPS章节),1.0,0.0,
说课ppt,PPT,品牌直达,通用,PPT·品牌直达·通用,高关联(整篇WPS),1.0,0.0,
ppt快捷键,PPT,教程操作,通用,PPT·教程操作·通用,中关联(通用+WPS章节),1.0,0.0,
ppt插入图片,PPT,教程操作,通用,PPT·教程操作·通用,中关联(通用+WPS章节),1.0,0.0,
年度总结ppt,PPT,品牌直达,通用,PPT·品牌直达·通用,高关联(整篇WPS),1.0,0.0,
我的家乡ppt,PPT,品牌直达,通用,PPT·品牌直达·通用,高关联(整篇WPS),1.0,0.0,
ppt末班,PPT,品牌直达,通用,PPT·品牌直达·通用,高关联(整篇WPS),1.0,0.0,
毕业答辩 ppt,PPT,品牌直达,通用,PPT·品牌直达·通用,高关联(整篇WPS),1.0,0.0,
颁奖典礼ppt背景图片,PPT,教程操作,背景,PPT·教程操作·背景,中关联(通用+WPS章节),1.0,0.0,
商业计划书ppt,PPT,品牌直达,通用,PPT·品牌直达·通用,高关联(整篇WPS),1.0,0.0,
戏曲ppt,PPT,品牌直达,通用,PPT·品牌直达·通用,高关联(整篇WPS),1.0,0.0,
年度个人工作总结ppt,PPT,品牌直达,通用,PPT·品牌直达·通用,高关联(整篇WPS),1.0,0.0,
红色ppt,PPT,品牌直达,通用,PPT·品牌直达·通用,高关联(整篇WPS),1.0,0.0,
ppt图标素材,PPT,模板获取,通用,PPT·模板获取·通用,中关联(通用+WPS章节),1.0,0.0,
红色ppt背景,PPT,模板获取,背景,PPT·模板获取·背景,中关联(通用+WPS章节),1.0,0.0,
心肺复苏培训ppt课件,PPT,品牌直达,通用,PPT·品牌直达·通用,高关联(整篇WPS),1.0,0.0,
ppt超链接,PPT,教程操作,通用,PPT·教程操作·通用,中关联(通用+WPS章节),1.0,0.0,
在线ppt,PPT,品牌直达,通用,PPT·品牌直达·通用,高关联(整篇WPS),1.0,0.0,
ppt配图,PPT,品牌直达,通用,PPT·品牌直达·通用,高关联(整篇WPS),1.0,0.0,
ppt背景图片红色,PPT,教程操作,背景,PPT·教程操作·背景,中关联(通用+WPS章节),1.0,0.0,
word转化为ppt,PPT,品牌直达,通用,PPT·品牌直达·通用,高关联(整篇WPS),1.0,0.0,
ppt动画效果,PPT,品牌直达,通用,PPT·品牌直达·通用,高关联(整篇WPS),1.0,0.0,
逼格ppt,PPT,品牌直达,通用,PPT·品牌直达·通用,高关联(整篇WPS),1.0,0.0,
ppt网,PPT,品牌直达,通用,PPT·品牌直达·通用,高关联(整篇WPS),1.0,0.0,
路演ppt,PPT,品牌直达,通用,PPT·品牌直达·通用,高关联(整篇WPS),1.0,0.0,
ppt fans,PPT,品牌直达,通用,PPT·品牌直达·通用,高关联(整篇WPS),1.0,0.0,
团支书述职报告ppt,PPT,品牌直达,通用,PPT·品牌直达·通用,高关联(整篇WPS),1.0,0.0,
ppt背景图素材,PPT,模板获取,背景,PPT·模板获取·背景,中关联(通用+WPS章节),1.0,0.0,
苏州园林ppt,PPT,品牌直达,通用,PPT·品牌直达·通用,高关联(整篇WPS),1.0,0.0,
元宵节ppt,PPT,品牌直达,通用,PPT·品牌直达·通用,高关联(整篇WPS),1.0,0.0,
微党课ppt,PPT,品牌直达,通用,PPT·品牌直达·通用,高关联(整篇WPS),1.0,0.0,
ppt翻译,PPT,品牌直达,通用,PPT·品牌直达·通用,高关联(整篇WPS),1.0,0.0,
ppt在线压缩,PPT,教程操作,通用,PPT·教程操作·通用,中关联(通用+WPS章节),1.0,0.0,
团课ppt,PPT,品牌直达,通用,PPT·品牌直达·通用,高关联(整篇WPS),1.0,0.0,
ppt教学课件,PPT,教程操作,通用,PPT·教程操作·通用,中关联(通用+WPS章节),1.0,0.0,
ppt最后一页,PPT,品牌直达,通用,PPT·品牌直达·通用,高关联(整篇WPS),1.0,0.0,
新年ppt背景图,PPT,模板获取,背景,PPT·模板获取·背景,中关联(通用+WPS章节),1.0,0.0,
ppt格式,PPT,品牌直达,通用,PPT·品牌直达·通用,高关联(整篇WPS),1.0,0.0,
年度总结报告ppt,PPT,品牌直达,通用,PPT·品牌直达·通用,高关联(整篇WPS),1.0,0.0,
时间轴ppt,PPT,品牌直达,通用,PPT·品牌直达·通用,高关联(整篇WPS),1.0,0.0,
家长会ppt背景图片,PPT,教程操作,背景,PPT·教程操作·背景,中关联(通用+WPS章节),1.0,0.0,
大学生职业生涯规划大赛ppt,PPT,品牌直达,通用,PPT·品牌直达·通用,高关联(整篇WPS),1.0,0.0,
红色故事ppt,PPT,品牌直达,通用,PPT·品牌直达·通用,高关联(整篇WPS),1.0,0.0,
ppt 计时器,PPT,品牌直达,通用,PPT·品牌直达·通用,高关联(整篇WPS),1.0,0.0,
ppt 视频,PPT,品牌直达,通用,PPT·品牌直达·通用,高关联(整篇WPS),1.0,0.0,
锐普ppt,PPT,品牌直达,通用,PPT·品牌直达·通用,高关联(整篇WPS),1.0,0.0,
故都的秋ppt,PPT,品牌直达,通用,PPT·品牌直达·通用,高关联(整篇WPS),1.0,0.0,
春节ppt素材,PPT,模板获取,通用,PPT·模板获取·通用,中关联(通用+WPS章节),1.0,0.0,
花瓣网ppt,PPT,品牌直达,通用,PPT·品牌直达·通用,高关联(整篇WPS),1.0,0.0,
第一ppt课件,PPT,品牌直达,通用,PPT·品牌直达·通用,高关联(整篇WPS),1.0,0.0,
食品安全ppt,PPT,品牌直达,通用,PPT·品牌直达·通用,高关联(整篇WPS),1.0,0.0,
好书推荐ppt,PPT,品牌直达,通用,PPT·品牌直达·通用,高关联(整篇WPS),1.0,0.0,
合并ppt,PPT,教程操作,合并,PPT·教程操作·合并,中关联(通用+WPS章节),1.0,0.0,
swot分析ppt,PPT,品牌直达,通用,PPT·品牌直达·通用,高关联(整篇WPS),1.0,0.0,
ppt2010,PPT,品牌直达,通用,PPT·品牌直达·通用,高关联(整篇WPS),1.0,0.0,
微软ppt,PPT,品牌直达,通用,PPT·品牌直达·通用,高关联(整篇WPS),1.0,0.0,
ppt合并,PPT,教程操作,合并,PPT·教程操作·合并,中关联(通用+WPS章节),1.0,0.0,
ppt底图,PPT,品牌直达,通用,PPT·品牌直达·通用,高关联(整篇WPS),1.0,0.0,
ppt目录页,PPT,教程操作,目录,PPT·教程操作·目录,中关联(通用+WPS章节),1.0,0.0,
古风ppt,PPT,品牌直达,通用,PPT·品牌直达·通用,高关联(整篇WPS),1.0,0.0,
蓝色ppt背景图片,PPT,教程操作,背景,PPT·教程操作·背景,中关联(通用+WPS章节),1.0,0.0,
ppt转为word,PPT,品牌直达,通用,PPT·品牌直达·通用,高关联(整篇WPS),1.0,0.0,
ppt背景图片素材,PPT,教程操作,背景,PPT·教程操作·背景,中关联(通用+WPS章节),1.0,0.0,
ppt打不开,PPT,故障解决,打不开,PPT·故障解决·打不开,中关联(通用+WPS章节),1.0,0.0,
ppt比例,PPT,品牌直达,通用,PPT·品牌直达·通用,高关联(整篇WPS),1.0,0.0,
ppt页码,PPT,品牌直达,通用,PPT·品牌直达·通用,高关联(整篇WPS),1.0,0.0,
ppt取消自动放映,PPT,品牌直达,通用,PPT·品牌直达·通用,高关联(整篇WPS),1.0,0.0,
元旦ppt背景图片,PPT,教程操作,背景,PPT·教程操作·背景,中关联(通用+WPS章节),1.0,0.0,
诚信教育主题班会ppt,PPT,品牌直达,通用,PPT·品牌直达·通用,高关联(整篇WPS),1.0,0.0,
年度述职ppt,PPT,品牌直达,通用,PPT·品牌直达·通用,高关联(整篇WPS),1.0,0.0,
我和我的祖国ppt,PPT,品牌直达,通用,PPT·品牌直达·通用,高关联(整篇WPS),1.0,0.0,
情绪管理ppt,PPT,品牌直达,通用,PPT·品牌直达·通用,高关联(整篇WPS),1.0,0.0,
大学生职业规划ppt,PPT,品牌直达,通用,PPT·品牌直达·通用,高关联(整篇WPS),1.0,0.0,
ppt用什么软件制作,PPT,教程操作,通用,PPT·教程操作·通用,中关联(通用+WPS章节),1.0,0.0,
ppt插入文件,PPT,教程操作,通用,PPT·教程操作·通用,中关联(通用+WPS章节),1.0,0.0,
ppt瘦身,PPT,品牌直达,通用,PPT·品牌直达·通用,高关联(整篇WPS),1.0,0.0,
辩论赛ppt,PPT,品牌直达,通用,PPT·品牌直达·通用,高关联(整篇WPS),1.0,0.0,
护士长述职报告ppt,PPT,品牌直达,通用,PPT·品牌直达·通用,高关联(整篇WPS),1.0,0.0,
ppt优化,PPT,品牌直达,通用,PPT·品牌直达·通用,高关联(整篇WPS),1.0,0.0,
ppt图片排版,PPT,教程操作,通用,PPT·教程操作·通用,中关联(通用+WPS章节),1.0,0.0,
青花瓷ppt,PPT,品牌直达,通用,PPT·品牌直达·通用,高关联(整篇WPS),1.0,0.0,
心理健康ppt,PPT,品牌直达,通用,PPT·品牌直达·通用,高关联(整篇WPS),1.0,0.0,
苏武传ppt,PPT,品牌直达,通用,PPT·品牌直达·通用,高关联(整篇WPS),1.0,0.0,
ppt计时器,PPT,品牌直达,通用,PPT·品牌直达·通用,高关联(整篇WPS),1.0,0.0,
101ppt,PPT,品牌直达,通用,PPT·品牌直达·通用,高关联(整篇WPS),1.0,0.0,
ppt播放,PPT,品牌直达,通用,PPT·品牌直达·通用,高关联(整篇WPS),1.0,0.0,
ppt导出图片,PPT,教程操作,通用,PPT·教程操作·通用,中关联(通用+WPS章节),1.0,0.0,
锐普ppt官网,PPT,品牌直达,通用,PPT·品牌直达·通用,高关联(整篇WPS),1.0,0.0,
ppt背景简约,PPT,模板获取,背景,PPT·模板获取·背景,中关联(通用+WPS章节),1.0,0.0,
电影鉴赏ppt,PPT,品牌直达,通用,PPT·品牌直达·通用,高关联(整篇WPS),1.0,0.0,
ppt软件,PPT,品牌直达,通用,PPT·品牌直达·通用,高关联(整篇WPS),1.0,0.0,
苹果发布会ppt,PPT,品牌直达,通用,PPT·品牌直达·通用,高关联(整篇WPS),1.0,0.0,
开题报告答辩ppt,PPT,品牌直达,通用,PPT·品牌直达·通用,高关联(整篇WPS),1.0,0.0,
ppt取消所有动画效果,PPT,品牌直达,通用,PPT·品牌直达·通用,高关联(整篇WPS),1.0,0.0,
介绍家乡的ppt,PPT,功能认知,通用,PPT·功能认知·通用,中关联(通用+WPS章节),1.0,0.0,
美图ppt,PPT,品牌直达,通用,PPT·品牌直达·通用,高关联(整篇WPS),1.0,0.0,
沁园春雪ppt,PPT,品牌直达,通用,PPT·品牌直达·通用,高关联(整篇WPS),1.0,0.0,
ppt小图标,PPT,模板获取,通用,PPT·模板获取·通用,中关联(通用+WPS章节),1.0,0.0,
ppt版式,PPT,品牌直达,通用,PPT·品牌直达·通用,高关联(整篇WPS),1.0,0.0,
创新创业ppt,PPT,品牌直达,通用,PPT·品牌直达·通用,高关联(整篇WPS),1.0,0.0,
生涯规划ppt,PPT,品牌直达,通用,PPT·品牌直达·通用,高关联(整篇WPS),1.0,0.0,
美化ppt,PPT,教程操作,通用,PPT·教程操作·通用,中关联(通用+WPS章节),1.0,0.0,
ppt素材网,PPT,模板获取,通用,PPT·模板获取·通用,中关联(通用+WPS章节),1.0,0.0,
国家安全教育ppt,PPT,品牌直达,通用,PPT·品牌直达·通用,高关联(整篇WPS),1.0,0.0,
元旦晚会ppt,PPT,品牌直达,通用,PPT·品牌直达·通用,高关联(整篇WPS),1.0,0.0,
白雪公主ppt,PPT,品牌直达,通用,PPT·品牌直达·通用,高关联(整篇WPS),1.0,0.0,
极简ppt,PPT,品牌直达,通用,PPT·品牌直达·通用,高关联(整篇WPS),1.0,0.0,
ppt嵌入字体保存,PPT,教程操作,字体,PPT·教程操作·字体,中关联(通用+WPS章节),1.0,0.0,
师说ppt,PPT,品牌直达,通用,PPT·品牌直达·通用,高关联(整篇WPS),1.0,0.0,
职业生涯规划大赛ppt,PPT,品牌直达,通用,PPT·品牌直达·通用,高关联(整篇WPS),1.0,0.0,
班会主题ppt,PPT,品牌直达,通用,PPT·品牌直达·通用,高关联(整篇WPS),1.0,0.0,
防诈骗ppt,PPT,品牌直达,通用,PPT·品牌直达·通用,高关联(整篇WPS),1.0,0.0,
工匠精神ppt,PPT,品牌直达,通用,PPT·品牌直达·通用,高关联(整篇WPS),1.0,0.0,
创新创业计划书ppt,PPT,品牌直达,通用,PPT·品牌直达·通用,高关联(整篇WPS),1.0,0.0,
可爱ppt背景图,PPT,模板获取,背景,PPT·模板获取·背景,中关联(通用+WPS章节),1.0,0.0,
乌鸦喝水ppt课件,PPT,品牌直达,通用,PPT·品牌直达·通用,高关联(整篇WPS),1.0,0.0,
ppt文件,PPT,品牌直达,通用,PPT·品牌直达·通用,高关联(整篇WPS),1.0,0.0,
卖火柴的小女孩ppt,PPT,品牌直达,通用,PPT·品牌直达·通用,高关联(整篇WPS),1.0,0.0,
年度述职报告ppt,PPT,品牌直达,通用,PPT·品牌直达·通用,高关联(整篇WPS),1.0,0.0,
幼儿园交通安全ppt课件,PPT,品牌直达,通用,PPT·品牌直达·通用,高关联(整篇WPS),1.0,0.0,
ppt边框,PPT,教程操作,通用,PPT·教程操作·通用,中关联(通用+WPS章节),1.0,0.0,
传统文化ppt,PPT,品牌直达,通用,PPT·品牌直达·通用,高关联(整篇WPS),1.0,0.0,
ppt插图素材,PPT,模板获取,通用,PPT·模板获取·通用,中关联(通用+WPS章节),1.0,0.0,
推荐一本好书ppt,PPT,品牌直达,通用,PPT·品牌直达·通用,高关联(整篇WPS),1.0,0.0,
总结ppt,PPT,品牌直达,通用,PPT·品牌直达·通用,高关联(整篇WPS),1.0,0.0,
ppt标题,PPT,品牌直达,通用,PPT·品牌直达·通用,高关联(整篇WPS),1.0,0.0,
ppt演讲者视图,PPT,品牌直达,通用,PPT·品牌直达·通用,高关联(整篇WPS),1.0,0.0,
红色主题ppt背景图片,PPT,教程操作,背景,PPT·教程操作·背景,中关联(通用+WPS章节),1.0,0.0,
谢谢观看ppt结尾图片,PPT,教程操作,通用,PPT·教程操作·通用,中关联(通用+WPS章节),1.0,0.0,
将进酒ppt,PPT,品牌直达,通用,PPT·品牌直达·通用,高关联(整篇WPS),1.0,0.0,
ppt时间线,PPT,品牌直达,通用,PPT·品牌直达·通用,高关联(整篇WPS),1.0,0.0,
春节ppt背景图片,PPT,教程操作,背景,PPT·教程操作·背景,中关联(通用+WPS章节),1.0,0.0,
好看的ppt背景图,PPT,模板获取,背景,PPT·模板获取·背景,中关联(通用+WPS章节),1.0,0.0,
ppt文字,PPT,品牌直达,通用,PPT·品牌直达·通用,高关联(整篇WPS),1.0,0.0,
ppt插入gif,PPT,教程操作,通用,PPT·教程操作·通用,中关联(通用+WPS章节),1.0,0.0,
毕业论文开题答辩ppt,PPT,品牌直达,通用,PPT·品牌直达·通用,高关联(整篇WPS),1.0,0.0,
ppt插入倒计时,PPT,教程操作,通用,PPT·教程操作·通用,中关联(通用+WPS章节),1.0,0.0,
孙子兵法ppt,PPT,品牌直达,通用,PPT·品牌直达·通用,高关联(整篇WPS),1.0,0.0,
一键生成ppt的软件,WPS AI,教程操作,通用,WPS AI·教程操作·通用,中关联(通用+WPS章节),0.0,0.0,
爱国ppt,PPT,品牌直达,通用,PPT·品牌直达·通用,高关联(整篇WPS),1.0,0.0,
变色龙ppt,PPT,品牌直达,通用,PPT·品牌直达·通用,高关联(整篇WPS),1.0,0.0,
冬季安全教育主题班会ppt,PPT,品牌直达,通用,PPT·品牌直达·通用,高关联(整篇WPS),1.0,0.0,
ppt倒计时软件,PPT,品牌直达,通用,PPT·品牌直达·通用,高关联(整篇WPS),1.0,0.0,
旁门左道ppt,PPT,品牌直达,通用,PPT·品牌直达·通用,高关联(整篇WPS),1.0,0.0,
交通安全教育ppt,PPT,品牌直达,通用,PPT·品牌直达·通用,高关联(整篇WPS),1.0,0.0,
幼儿园ppt,PPT,品牌直达,通用,PPT·品牌直达·通用,高关联(整篇WPS),1.0,0.0,
绘本ppt,PPT,品牌直达,通用,PPT·品牌直达·通用,高关联(整篇WPS),1.0,0.0,
过秦论ppt,PPT,品牌直达,通用,PPT·品牌直达·通用,高关联(整篇WPS),1.0,0.0,
年会ppt背景图片,PPT,教程操作,背景,PPT·教程操作·背景,中关联(通用+WPS章节),1.0,0.0,
个人年终述职报告ppt,PPT,品牌直达,通用,PPT·品牌直达·通用,高关联(整篇WPS),1.0,0.0,
中国地图ppt,PPT,品牌直达,通用,PPT·品牌直达·通用,高关联(整篇WPS),1.0,0.0,
目录ppt,PPT,教程操作,目录,PPT·教程操作·目录,中关联(通用+WPS章节),1.0,0.0,
年终工作总结ppt范文,PPT,模板获取,通用,PPT·模板获取·通用,中关联(通用+WPS章节),1.0,0.0,
中国优秀传统文化ppt,PPT,品牌直达,通用,PPT·品牌直达·通用,高关联(整篇WPS),1.0,0.0,
好看的ppt,PPT,品牌直达,通用,PPT·品牌直达·通用,高关联(整篇WPS),1.0,0.0,
ppt素材大全,PPT,模板获取,通用,PPT·模板获取·通用,中关联(通用+WPS章节),1.0,0.0,
元旦节ppt,PPT,品牌直达,通用,PPT·品牌直达·通用,高关联(整篇WPS),1.0,0.0,
六年级家长会ppt课件,PPT,品牌直达,通用,PPT·品牌直达·通用,高关联(整篇WPS),1.0,0.0,
职称答辩ppt,PPT,品牌直达,通用,PPT·品牌直达·通用,高关联(整篇WPS),1.0,0.0,
word自动生成ppt,WPS AI,教程操作,通用,WPS AI·教程操作·通用,中关联(通用+WPS章节),0.0,0.0,
乌鸦喝水ppt,PPT,品牌直达,通用,PPT·品牌直达·通用,高关联(整篇WPS),1.0,0.0,
比格ppt,PPT,品牌直达,通用,PPT·品牌直达·通用,高关联(整篇WPS),1.0,0.0,
面试ppt,PPT,品牌直达,通用,PPT·品牌直达·通用,高关联(整篇WPS),1.0,0.0,
工作计划ppt,PPT,品牌直达,通用,PPT·品牌直达·通用,高关联(整篇WPS),1.0,0.0,
ppt蒙版,PPT,品牌直达,通用,PPT·品牌直达·通用,高关联(整篇WPS),1.0,0.0,
一键ppt,PPT,品牌直达,通用,PPT·品牌直达·通用,高关联(整篇WPS),1.0,0.0,
端午节ppt背景,PPT,模板获取,背景,PPT·模板获取·背景,中关联(通用+WPS章节),1.0,0.0,
美食ppt,PPT,品牌直达,通用,PPT·品牌直达·通用,高关联(整篇WPS),1.0,0.0,
ppt红色背景,PPT,模板获取,背景,PPT·模板获取·背景,中关联(通用+WPS章节),1.0,0.0,
中国传统节日ppt,PPT,品牌直达,通用,PPT·品牌直达·通用,高关联(整篇WPS),1.0,0.0,
消防安全培训ppt课件,PPT,品牌直达,通用,PPT·品牌直达·通用,高关联(整篇WPS),1.0,0.0,
课件ppt,PPT,品牌直达,通用,PPT·品牌直达·通用,高关联(整篇WPS),1.0,0.0,
医学ppt,PPT,品牌直达,通用,PPT·品牌直达·通用,高关联(整篇WPS),1.0,0.0,
阅读分享ppt,PPT,教程操作,通用,PPT·教程操作·通用,中关联(通用+WPS章节),1.0,0.0,
ppt文本框自动换行,PPT,教程操作,通用,PPT·教程操作·通用,中关联(通用+WPS章节),1.0,0.0,
地图ppt,PPT,品牌直达,通用,PPT·品牌直达·通用,高关联(整篇WPS),1.0,0.0,
感恩节ppt,PPT,品牌直达,通用,PPT·品牌直达·通用,高关联(整篇WPS),1.0,0.0,
三体ppt,PPT,品牌直达,通用,PPT·品牌直达·通用,高关联(整篇WPS),1.0,0.0,
ppt背景图片简约大气,PPT,教程操作,背景,PPT·教程操作·背景,中关联(通用+WPS章节),1.0,0.0,
超级ppt,PPT,品牌直达,通用,PPT·品牌直达·通用,高关联(整篇WPS),1.0,0.0,
时间管理ppt,PPT,品牌直达,通用,PPT·品牌直达·通用,高关联(整篇WPS),1.0,0.0,
大学生职业规划书ppt,PPT,品牌直达,通用,PPT·品牌直达·通用,高关联(整篇WPS),1.0,0.0,
中国共产党章程ppt,PPT,品牌直达,通用,PPT·品牌直达·通用,高关联(整篇WPS),1.0,0.0,
背景ppt,PPT,模板获取,背景,PPT·模板获取·背景,中关联(通用+WPS章节),1.0,0.0,
ppt思维导图,PPT,品牌直达,通用,PPT·品牌直达·通用,高关联(整篇WPS),1.0,0.0,
新疆ppt,PPT,品牌直达,通用,PPT·品牌直达·通用,高关联(整篇WPS),1.0,0.0,
党政ppt,PPT,品牌直达,通用,PPT·品牌直达·通用,高关联(整篇WPS),1.0,0.0,
元旦的ppt,PPT,品牌直达,通用,PPT·品牌直达·通用,高关联(整篇WPS),1.0,0.0,
图片转化为ppt,PPT,教程操作,通用,PPT·教程操作·通用,中关联(通用+WPS章节),1.0,0.0,
音乐ppt,PPT,品牌直达,通用,PPT·品牌直达·通用,高关联(整篇WPS),1.0,0.0,
英文ppt,PPT,品牌直达,通用,PPT·品牌直达·通用,高关联(整篇WPS),1.0,0.0,
ppt图形,PPT,教程操作,通用,PPT·教程操作·通用,中关联(通用+WPS章节),1.0,0.0,
安全生产 ppt,PPT,品牌直达,通用,PPT·品牌直达·通用,高关联(整篇WPS),1.0,0.0,
ppt大师,PPT,品牌直达,通用,PPT·品牌直达·通用,高关联(整篇WPS),1.0,0.0,
ppt熊猫,PPT,品牌直达,通用,PPT·品牌直达·通用,高关联(整篇WPS),1.0,0.0,
花瓣ppt,PPT,品牌直达,通用,PPT·品牌直达·通用,高关联(整篇WPS),1.0,0.0,
荷塘月色ppt,PPT,品牌直达,通用,PPT·品牌直达·通用,高关联(整篇WPS),1.0,0.0,
ppt封面图片,PPT,教程操作,通用,PPT·教程操作·通用,中关联(通用+WPS章节),1.0,0.0,
论文答辩ppt,PPT,品牌直达,通用,PPT·品牌直达·通用,高关联(整篇WPS),1.0,0.0,
ppt自我介绍,PPT,功能认知,通用,PPT·功能认知·通用,中关联(通用+WPS章节),1.0,0.0,
背景图片ppt,PPT,教程操作,背景,PPT·教程操作·背景,中关联(通用+WPS章节),1.0,0.0,
狐假虎威ppt,PPT,品牌直达,通用,PPT·品牌直达·通用,高关联(整篇WPS),1.0,0.0,
拿来主义ppt,PPT,品牌直达,通用,PPT·品牌直达·通用,高关联(整篇WPS),1.0,0.0,
转正ppt,PPT,品牌直达,通用,PPT·品牌直达·通用,高关联(整篇WPS),1.0,0.0,
课件ppt制作,PPT,教程操作,通用,PPT·教程操作·通用,中关联(通用+WPS章节),1.0,0.0,
皇帝的新装ppt,PPT,品牌直达,通用,PPT·品牌直达·通用,高关联(整篇WPS),1.0,0.0,
党员大会ppt背景,PPT,模板获取,背景,PPT·模板获取·背景,中关联(通用+WPS章节),1.0,0.0,
家风家训ppt,PPT,品牌直达,通用,PPT·品牌直达·通用,高关联(整篇WPS),1.0,0.0,
预备党员转正ppt,PPT,品牌直达,通用,PPT·品牌直达·通用,高关联(整篇WPS),1.0,0.0,
ppt官网,PPT,品牌直达,通用,PPT·品牌直达·通用,高关联(整篇WPS),1.0,0.0,
发布会ppt,PPT,品牌直达,通用,PPT·品牌直达·通用,高关联(整篇WPS),1.0,0.0,
ppt背景板,PPT,模板获取,背景,PPT·模板获取·背景,中关联(通用+WPS章节),1.0,0.0,
生日会ppt,PPT,品牌直达,通用,PPT·品牌直达·通用,高关联(整篇WPS),1.0,0.0,
国家安全ppt,PPT,品牌直达,通用,PPT·品牌直达·通用,高关联(整篇WPS),1.0,0.0,
ppt删除动画效果,PPT,教程操作,通用,PPT·教程操作·通用,中关联(通用+WPS章节),1.0,0.0,
中秋节英语ppt,PPT,品牌直达,通用,PPT·品牌直达·通用,高关联(整篇WPS),1.0,0.0,
个人述职ppt,PPT,品牌直达,通用,PPT·品牌直达·通用,高关联(整篇WPS),1.0,0.0,
平凡的世界ppt,PPT,品牌直达,通用,PPT·品牌直达·通用,高关联(整篇WPS),1.0,0.0,
幻灯片ppt,PPT,品牌直达,幻灯片,PPT·品牌直达·幻灯片,高关联(整篇WPS),1.0,0.0,
ppt水印,PPT,品牌直达,水印,PPT·品牌直达·水印,高关联(整篇WPS),1.0,0.0,
欢迎ppt,PPT,品牌直达,通用,PPT·品牌直达·通用,高关联(整篇WPS),1.0,0.0,
ppt图片圆角,PPT,教程操作,通用,PPT·教程操作·通用,中关联(通用+WPS章节),1.0,0.0,
元旦ppt素材,PPT,模板获取,通用,PPT·模板获取·通用,中关联(通用+WPS章节),1.0,0.0,
回忆我的母亲ppt,PPT,品牌直达,通用,PPT·品牌直达·通用,高关联(整篇WPS),1.0,0.0,
ppt图片渐变透明,PPT,教程操作,通用,PPT·教程操作·通用,中关联(通用+WPS章节),1.0,0.0,
会计职业生涯规划ppt,PPT,品牌直达,通用,PPT·品牌直达·通用,高关联(整篇WPS),1.0,0.0,
52ppt,PPT,品牌直达,通用,PPT·品牌直达·通用,高关联(整篇WPS),1.0,0.0,
ppt总结,PPT,品牌直达,通用,PPT·品牌直达·通用,高关联(整篇WPS),1.0,0.0,
word转成ppt,PPT,品牌直达,通用,PPT·品牌直达·通用,高关联(整篇WPS),1.0,0.0,
ppt图标,PPT,模板获取,通用,PPT·模板获取·通用,中关联(通用+WPS章节),1.0,0.0,
大队委竞选ppt,PPT,品牌直达,通用,PPT·品牌直达·通用,高关联(整篇WPS),1.0,0.0,
冬季安全教育ppt,PPT,品牌直达,通用,PPT·品牌直达·通用,高关联(整篇WPS),1.0,0.0,
产品介绍ppt,PPT,功能认知,通用,PPT·功能认知·通用,中关联(通用+WPS章节),1.0,0.0,
数学ppt背景图片,PPT,教程操作,背景,PPT·教程操作·背景,中关联(通用+WPS章节),1.0,0.0,
乡村振兴ppt,PPT,品牌直达,通用,PPT·品牌直达·通用,高关联(整篇WPS),1.0,0.0,
ppt视频自动播放,PPT,品牌直达,通用,PPT·品牌直达·通用,高关联(整篇WPS),1.0,0.0,
ppt嵌入字体,PPT,教程操作,字体,PPT·教程操作·字体,中关联(通用+WPS章节),1.0,0.0,
ppt元素,PPT,品牌直达,通用,PPT·品牌直达·通用,高关联(整篇WPS),1.0,0.0,
流程图ppt,PPT,品牌直达,通用,PPT·品牌直达·通用,高关联(整篇WPS),1.0,0.0,
团队介绍ppt,PPT,功能认知,通用,PPT·功能认知·通用,中关联(通用+WPS章节),1.0,0.0,
ppt图表制作,PPT,教程操作,图表,PPT·教程操作·图表,中关联(通用+WPS章节),1.0,0.0,
ppt简约背景图片,PPT,教程操作,背景,PPT·教程操作·背景,中关联(通用+WPS章节),1.0,0.0,
三国演义ppt,PPT,品牌直达,通用,PPT·品牌直达·通用,高关联(整篇WPS),1.0,0.0,
元旦主题班会ppt,PPT,品牌直达,通用,PPT·品牌直达·通用,高关联(整篇WPS),1.0,0.0,
爱国ppt背景图片,PPT,教程操作,背景,PPT·教程操作·背景,中关联(通用+WPS章节),1.0,0.0,
优秀ppt作品欣赏,PPT,品牌直达,通用,PPT·品牌直达·通用,高关联(整篇WPS),1.0,0.0,
中国茶文化ppt,PPT,品牌直达,通用,PPT·品牌直达·通用,高关联(整篇WPS),1.0,0.0,
彩虹色的花绘本ppt,PPT,品牌直达,通用,PPT·品牌直达·通用,高关联(整篇WPS),1.0,0.0,
ppt照片,PPT,品牌直达,通用,PPT·品牌直达·通用,高关联(整篇WPS),1.0,0.0,
中秋节的ppt,PPT,品牌直达,通用,PPT·品牌直达·通用,高关联(整篇WPS),1.0,0.0,
ppt录屏,PPT,品牌直达,通用,PPT·品牌直达·通用,高关联(整篇WPS),1.0,0.0,
金字塔ppt,PPT,品牌直达,通用,PPT·品牌直达·通用,高关联(整篇WPS),1.0,0.0,
劝学ppt,PPT,品牌直达,通用,PPT·品牌直达·通用,高关联(整篇WPS),1.0,0.0,
ppt和pptx,PPT,品牌直达,通用,PPT·品牌直达·通用,高关联(整篇WPS),1.0,0.0,
ppt配色方案图谱,PPT,品牌直达,通用,PPT·品牌直达·通用,高关联(整篇WPS),1.0,0.0,
论文ppt,PPT,品牌直达,通用,PPT·品牌直达·通用,高关联(整篇WPS),1.0,0.0,
古风ppt背景,PPT,模板获取,背景,PPT·模板获取·背景,中关联(通用+WPS章节),1.0,0.0,
ppt卡通背景图片,PPT,教程操作,背景,PPT·教程操作·背景,中关联(通用+WPS章节),1.0,0.0,
卡通ppt背景图片,PPT,教程操作,背景,PPT·教程操作·背景,中关联(通用+WPS章节),1.0,0.0,
党章ppt,PPT,品牌直达,通用,PPT·品牌直达·通用,高关联(整篇WPS),1.0,0.0,
我爱ppt,PPT,品牌直达,通用,PPT·品牌直达·通用,高关联(整篇WPS),1.0,0.0,
设计ppt,PPT,品牌直达,通用,PPT·品牌直达·通用,高关联(整篇WPS),1.0,0.0,
1ppt.com,PPT,品牌直达,通用,PPT·品牌直达·通用,高关联(整篇WPS),1.0,0.0,
绘本故事ppt,PPT,品牌直达,通用,PPT·品牌直达·通用,高关联(整篇WPS),1.0,0.0,
背景图ppt,PPT,模板获取,背景,PPT·模板获取·背景,中关联(通用+WPS章节),1.0,0.0,
故宫ppt,PPT,品牌直达,通用,PPT·品牌直达·通用,高关联(整篇WPS),1.0,0.0,
安全培训ppt课件,PPT,品牌直达,通用,PPT·品牌直达·通用,高关联(整篇WPS),1.0,0.0,
ppt备注,PPT,品牌直达,通用,PPT·品牌直达·通用,高关联(整篇WPS),1.0,0.0,
人物介绍ppt,PPT,功能认知,通用,PPT·功能认知·通用,中关联(通用+WPS章节),1.0,0.0,
ppt素材图片小插图,PPT,教程操作,通用,PPT·教程操作·通用,中关联(通用+WPS章节),1.0,0.0,
ppt第一,PPT,品牌直达,通用,PPT·品牌直达·通用,高关联(整篇WPS),1.0,0.0,
小米ppt,PPT,品牌直达,通用,PPT·品牌直达·通用,高关联(整篇WPS),1.0,0.0,
千库网ppt,PPT,品牌直达,通用,PPT·品牌直达·通用,高关联(整篇WPS),1.0,0.0,
网络安全培训ppt,PPT,品牌直达,通用,PPT·品牌直达·通用,高关联(整篇WPS),1.0,0.0,
大学职业规划ppt,PPT,品牌直达,通用,PPT·品牌直达·通用,高关联(整篇WPS),1.0,0.0,
教学ppt,PPT,教程操作,通用,PPT·教程操作·通用,中关联(通用+WPS章节),1.0,0.0,
ppt放映快捷键,PPT,教程操作,通用,PPT·教程操作·通用,中关联(通用+WPS章节),1.0,0.0,
诺如病毒ppt,PPT,品牌直达,通用,PPT·品牌直达·通用,高关联(整篇WPS),1.0,0.0,
晋升述职报告ppt范文,PPT,模板获取,通用,PPT·模板获取·通用,中关联(通用+WPS章节),1.0,0.0,
ppt美化大师官网,PPT,教程操作,通用,PPT·教程操作·通用,中关联(通用+WPS章节),1.0,0.0,
幼儿园重阳节ppt,PPT,品牌直达,通用,PPT·品牌直达·通用,高关联(整篇WPS),1.0,0.0,
职业生涯规划ppt背景图,PPT,模板获取,背景,PPT·模板获取·背景,中关联(通用+WPS章节),1.0,0.0,
运动会ppt,PPT,品牌直达,通用,PPT·品牌直达·通用,高关联(整篇WPS),1.0,0.0,
物联网ppt,PPT,品牌直达,通用,PPT·品牌直达·通用,高关联(整篇WPS),1.0,0.0,
安全教育主题班会ppt课件,PPT,品牌直达,通用,PPT·品牌直达·通用,高关联(整篇WPS),1.0,0.0,
图片ppt,PPT,教程操作,通用,PPT·教程操作·通用,中关联(通用+WPS章节),1.0,0.0,
ppt工具,PPT,品牌直达,通用,PPT·品牌直达·通用,高关联(整篇WPS),1.0,0.0,
书法ppt,PPT,品牌直达,通用,PPT·品牌直达·通用,高关联(整篇WPS),1.0,0.0,
校园安全ppt,PPT,品牌直达,通用,PPT·品牌直达·通用,高关联(整篇WPS),1.0,0.0,
大雁归来ppt,PPT,品牌直达,通用,PPT·品牌直达·通用,高关联(整篇WPS),1.0,0.0,
道德经ppt,PPT,品牌直达,通用,PPT·品牌直达·通用,高关联(整篇WPS),1.0,0.0,
第1ppt,PPT,品牌直达,通用,PPT·品牌直达·通用,高关联(整篇WPS),1.0,0.0,
英语演讲ppt,PPT,品牌直达,通用,PPT·品牌直达·通用,高关联(整篇WPS),1.0,0.0,
培训ppt,PPT,品牌直达,通用,PPT·品牌直达·通用,高关联(整篇WPS),1.0,0.0,
ppt触发器,PPT,品牌直达,通用,PPT·品牌直达·通用,高关联(整篇WPS),1.0,0.0,
ppt排版,PPT,教程操作,通用,PPT·教程操作·通用,中关联(通用+WPS章节),1.0,0.0,
清明上河图ppt,PPT,品牌直达,通用,PPT·品牌直达·通用,高关联(整篇WPS),1.0,0.0,
ppt全称,PPT,品牌直达,通用,PPT·品牌直达·通用,高关联(整篇WPS),1.0,0.0,
个人述职报告ppt,PPT,品牌直达,通用,PPT·品牌直达·通用,高关联(整篇WPS),1.0,0.0,
交通安全主题班会ppt,PPT,品牌直达,通用,PPT·品牌直达·通用,高关联(整篇WPS),1.0,0.0,
ppt封面设计,PPT,模板获取,通用,PPT·模板获取·通用,中关联(通用+WPS章节),1.0,0.0,
保护环境ppt,PPT,品牌直达,通用,PPT·品牌直达·通用,高关联(整篇WPS),1.0,0.0,
ppt笔刷素材,PPT,模板获取,通用,PPT·模板获取·通用,中关联(通用+WPS章节),1.0,0.0,
家乡介绍ppt,PPT,功能认知,通用,PPT·功能认知·通用,中关联(通用+WPS章节),1.0,0.0,
端午节ppt图片,PPT,教程操作,通用,PPT·教程操作·通用,中关联(通用+WPS章节),1.0,0.0,
ppt美化工具,PPT,教程操作,通用,PPT·教程操作·通用,中关联(通用+WPS章节),1.0,0.0,
ppt修复,PPT,故障解决,通用,PPT·故障解决·通用,中关联(通用+WPS章节),1.0,0.0,
财务报表分析ppt,PPT,品牌直达,通用,PPT·品牌直达·通用,高关联(整篇WPS),1.0,0.0,
ppt蓝色背景图片,PPT,教程操作,背景,PPT·教程操作·背景,中关联(通用+WPS章节),1.0,0.0,
礼仪培训ppt课件,PPT,品牌直达,通用,PPT·品牌直达·通用,高关联(整篇WPS),1.0,0.0,
岗位竞聘ppt,PPT,品牌直达,通用,PPT·品牌直达·通用,高关联(整篇WPS),1.0,0.0,
成语故事ppt,PPT,品牌直达,通用,PPT·品牌直达·通用,高关联(整篇WPS),1.0,0.0,
防溺水安全教育ppt,PPT,品牌直达,通用,PPT·品牌直达·通用,高关联(整篇WPS),1.0,0.0,
文明礼仪ppt,PPT,品牌直达,通用,PPT·品牌直达·通用,高关联(整篇WPS),1.0,0.0,
ppt插入音频,PPT,教程操作,通用,PPT·教程操作·通用,中关联(通用+WPS章节),1.0,0.0,
ppt字体嵌入,PPT,教程操作,字体,PPT·教程操作·字体,中关联(通用+WPS章节),1.0,0.0,
法制教育ppt,PPT,品牌直达,通用,PPT·品牌直达·通用,高关联(整篇WPS),1.0,0.0,
ppt全程,PPT,品牌直达,通用,PPT·品牌直达·通用,高关联(整篇WPS),1.0,0.0,
医学ppt背景图片,PPT,教程操作,背景,PPT·教程操作·背景,中关联(通用+WPS章节),1.0,0.0,
ppt插入计时器,PPT,教程操作,通用,PPT·教程操作·通用,中关联(通用+WPS章节),1.0,0.0,
ppt怎样自动生成页码,WPS AI,教程操作,通用,WPS AI·教程操作·通用,中关联(通用+WPS章节),0.0,0.0,
安全ppt,PPT,品牌直达,通用,PPT·品牌直达·通用,高关联(整篇WPS),1.0,0.0,
圣诞ppt,PPT,品牌直达,通用,PPT·品牌直达·通用,高关联(整篇WPS),1.0,0.0,
信息技术ppt,PPT,品牌直达,通用,PPT·品牌直达·通用,高关联(整篇WPS),1.0,0.0,
中国石拱桥ppt,PPT,品牌直达,通用,PPT·品牌直达·通用,高关联(整篇WPS),1.0,0.0,
安全教育主题班会ppt,PPT,品牌直达,通用,PPT·品牌直达·通用,高关联(整篇WPS),1.0,0.0,
稻壳ppt,PPT,品牌直达,通用,PPT·品牌直达·通用,高关联(整篇WPS),1.0,0.0,
个人介绍ppt,PPT,功能认知,通用,PPT·功能认知·通用,中关联(通用+WPS章节),1.0,0.0,
幼儿园ppt背景图片,PPT,教程操作,背景,PPT·教程操作·背景,中关联(通用+WPS章节),1.0,0.0,
压缩ppt,PPT,教程操作,通用,PPT·教程操作·通用,中关联(通用+WPS章节),1.0,0.0,
ppt背景图片卡通,PPT,教程操作,背景,PPT·教程操作·背景,中关联(通用+WPS章节),1.0,0.0,
模版ppt,PPT,品牌直达,通用,PPT·品牌直达·通用,高关联(整篇WPS),1.0,0.0,
ppt添加页码,PPT,教程操作,通用,PPT·教程操作·通用,中关联(通用+WPS章节),1.0,0.0,
抽奖ppt,PPT,品牌直达,通用,PPT·品牌直达·通用,高关联(整篇WPS),1.0,0.0,
ppt字间距,PPT,品牌直达,通用,PPT·品牌直达·通用,高关联(整篇WPS),1.0,0.0,
安全用电ppt,PPT,品牌直达,通用,PPT·品牌直达·通用,高关联(整篇WPS),1.0,0.0,
ppt取消自动播放,PPT,品牌直达,通用,PPT·品牌直达·通用,高关联(整篇WPS),1.0,0.0,
消防ppt,PPT,品牌直达,通用,PPT·品牌直达·通用,高关联(整篇WPS),1.0,0.0,
ppt首页,PPT,品牌直达,通用,PPT·品牌直达·通用,高关联(整篇WPS),1.0,0.0,
ppt大纲,PPT,品牌直达,通用,PPT·品牌直达·通用,高关联(整篇WPS),1.0,0.0,
龟兔赛跑ppt,PPT,品牌直达,通用,PPT·品牌直达·通用,高关联(整篇WPS),1.0,0.0,
ppt插入pdf,PDF,教程操作,通用,PDF·教程操作·通用,中关联(通用+WPS章节),0.2212,0.0,
一二九运动ppt,PPT,品牌直达,通用,PPT·品牌直达·通用,高关联(整篇WPS),1.0,0.0,
记念刘和珍君ppt,PPT,品牌直达,通用,PPT·品牌直达·通用,高关联(整篇WPS),1.0,0.0,
电影ppt,PPT,品牌直达,通用,PPT·品牌直达·通用,高关联(整篇WPS),1.0,0.0,
ppt计时,PPT,品牌直达,通用,PPT·品牌直达·通用,高关联(整篇WPS),1.0,0.0,
ppt小人,PPT,品牌直达,通用,PPT·品牌直达·通用,高关联(整篇WPS),1.0,0.0,
ppt循环播放,PPT,品牌直达,通用,PPT·品牌直达·通用,高关联(整篇WPS),1.0,0.0,
2ppt,PPT,品牌直达,通用,PPT·品牌直达·通用,高关联(整篇WPS),1.0,0.0,
ppt布尔运算,PPT,品牌直达,通用,PPT·品牌直达·通用,高关联(整篇WPS),1.0,0.0,
ppt页面尺寸,PPT,品牌直达,通用,PPT·品牌直达·通用,高关联(整篇WPS),1.0,0.0,
大学生创业计划书ppt,PPT,品牌直达,通用,PPT·品牌直达·通用,高关联(整篇WPS),1.0,0.0,
大学生安全教育ppt,PPT,品牌直达,通用,PPT·品牌直达·通用,高关联(整篇WPS),1.0,0.0,
一年级家长会ppt课件,PPT,品牌直达,通用,PPT·品牌直达·通用,高关联(整篇WPS),1.0,0.0,
ppt统一改字体,PPT,教程操作,字体,PPT·教程操作·字体,中关联(通用+WPS章节),1.0,0.0,
高级ppt,PPT,品牌直达,通用,PPT·品牌直达·通用,高关联(整篇WPS),1.0,0.0,
ppt删除动画,PPT,教程操作,通用,PPT·教程操作·通用,中关联(通用+WPS章节),1.0,0.0,
ppt背景图片高清,PPT,教程操作,背景,PPT·教程操作·背景,中关联(通用+WPS章节),1.0,0.0,
节约用水ppt,PPT,品牌直达,通用,PPT·品牌直达·通用,高关联(整篇WPS),1.0,0.0,
ppt取色器,PPT,品牌直达,通用,PPT·品牌直达·通用,高关联(整篇WPS),1.0,0.0,
非物质文化遗产ppt,PPT,品牌直达,通用,PPT·品牌直达·通用,高关联(整篇WPS),1.0,0.0,
ppt导出高清图片,PPT,教程操作,通用,PPT·教程操作·通用,中关联(通用+WPS章节),1.0,81.0,
高三家长会ppt,PPT,品牌直达,通用,PPT·品牌直达·通用,高关联(整篇WPS),1.0,0.0,
ppt下标快捷键,PPT,教程操作,通用,PPT·教程操作·通用,中关联(通用+WPS章节),1.0,0.0,
可编辑中国地图ppt,PPT,教程操作,通用,PPT·教程操作·通用,中关联(通用+WPS章节),1.0,0.0,
会议ppt,PPT,品牌直达,通用,PPT·品牌直达·通用,高关联(整篇WPS),1.0,0.0,
地理ppt,PPT,品牌直达,通用,PPT·品牌直达·通用,高关联(整篇WPS),1.0,0.0,
ppt组合,PPT,教程操作,通用,PPT·教程操作·通用,中关联(通用+WPS章节),1.0,0.0,
ppt2016,PPT,品牌直达,通用,PPT·品牌直达·通用,高关联(整篇WPS),1.0,0.0,
幼儿园安全教育ppt,PPT,品牌直达,通用,PPT·品牌直达·通用,高关联(整篇WPS),1.0,0.0,
ppt树状图,PPT,品牌直达,通用,PPT·品牌直达·通用,高关联(整篇WPS),1.0,0.0,
布尔运算ppt,PPT,品牌直达,通用,PPT·品牌直达·通用,高关联(整篇WPS),1.0,0.0,
ppt编辑母版,PPT,教程操作,通用,PPT·教程操作·通用,中关联(通用+WPS章节),1.0,0.0,
PPT幻灯片,PPT,品牌直达,幻灯片,PPT·品牌直达·幻灯片,高关联(整篇WPS),1.0,0.0,
秋叶ppt,PPT,品牌直达,通用,PPT·品牌直达·通用,高关联(整篇WPS),1.0,0.0,
国家公祭日ppt,PPT,品牌直达,通用,PPT·品牌直达·通用,高关联(整篇WPS),1.0,0.0,
ppt抠图,PPT,品牌直达,通用,PPT·品牌直达·通用,高关联(整篇WPS),1.0,0.0,
小学生心理健康教育ppt课件,PPT,品牌直达,通用,PPT·品牌直达·通用,高关联(整篇WPS),1.0,0.0,
红色主题ppt,PPT,品牌直达,通用,PPT·品牌直达·通用,高关联(整篇WPS),1.0,0.0,
生日快乐ppt,PPT,品牌直达,通用,PPT·品牌直达·通用,高关联(整篇WPS),1.0,0.0,
教师节ppt背景,PPT,模板获取,背景,PPT·模板获取·背景,中关联(通用+WPS章节),1.0,0.0,
中国地图ppt素材,PPT,模板获取,通用,PPT·模板获取·通用,中关联(通用+WPS章节),1.0,0.0,
ppt生成视频,PPT,教程操作,通用,PPT·教程操作·通用,中关联(通用+WPS章节),1.0,0.0,
ppt母版在哪,PPT,品牌直达,通用,PPT·品牌直达·通用,高关联(整篇WPS),1.0,0.0,
征兵宣传ppt,PPT,品牌直达,通用,PPT·品牌直达·通用,高关联(整篇WPS),1.0,0.0,
ppt结束,PPT,品牌直达,通用,PPT·品牌直达·通用,高关联(整篇WPS),1.0,0.0,
保护生态环境ppt,PPT,品牌直达,通用,PPT·品牌直达·通用,高关联(整篇WPS),1.0,0.0,
优秀ppt作品范例,PPT,品牌直达,通用,PPT·品牌直达·通用,高关联(整篇WPS),1.0,0.0,
取消ppt自动播放,PPT,品牌直达,通用,PPT·品牌直达·通用,高关联(整篇WPS),1.0,0.0,
忆读书ppt,PPT,品牌直达,通用,PPT·品牌直达·通用,高关联(整篇WPS),1.0,0.0,
澳门回归ppt,PPT,品牌直达,通用,PPT·品牌直达·通用,高关联(整篇WPS),1.0,0.0,
ppt一般用什么字体,PPT,教程操作,字体,PPT·教程操作·字体,中关联(通用+WPS章节),1.0,0.0,
冬至ppt课件,PPT,品牌直达,通用,PPT·品牌直达·通用,高关联(整篇WPS),1.0,0.0,
团队建设ppt课件,PPT,品牌直达,通用,PPT·品牌直达·通用,高关联(整篇WPS),1.0,0.0,
ppt音乐,PPT,品牌直达,通用,PPT·品牌直达·通用,高关联(整篇WPS),1.0,0.0,
ppt动图,PPT,品牌直达,通用,PPT·品牌直达·通用,高关联(整篇WPS),1.0,0.0,
ppt抽奖,PPT,品牌直达,通用,PPT·品牌直达·通用,高关联(整篇WPS),1.0,0.0,
ppt上标,PPT,品牌直达,通用,PPT·品牌直达·通用,高关联(整篇WPS),1.0,0.0,
榜样的力量ppt,PPT,品牌直达,通用,PPT·品牌直达·通用,高关联(整篇WPS),1.0,0.0,
班主任节ppt,PPT,品牌直达,通用,PPT·品牌直达·通用,高关联(整篇WPS),1.0,0.0,
安全培训ppt,PPT,品牌直达,通用,PPT·品牌直达·通用,高关联(整篇WPS),1.0,0.0,
云计算ppt,PPT,教程操作,通用,PPT·教程操作·通用,中关联(通用+WPS章节),1.0,0.0,
少年闰土ppt,PPT,品牌直达,通用,PPT·品牌直达·通用,高关联(整篇WPS),1.0,0.0,
ppt更换背景图片,PPT,教程操作,背景,PPT·教程操作·背景,中关联(通用+WPS章节),1.0,0.0,
年会ppt制作,PPT,教程操作,通用,PPT·教程操作·通用,中关联(通用+WPS章节),1.0,0.0,
ppt100,PPT,品牌直达,通用,PPT·品牌直达·通用,高关联(整篇WPS),1.0,0.0,
研究生开题报告ppt,PPT,品牌直达,通用,PPT·品牌直达·通用,高关联(整篇WPS),1.0,0.0,
ppt翻译成中文,PPT,品牌直达,通用,PPT·品牌直达·通用,高关联(整篇WPS),1.0,0.0,
100ppt,PPT,品牌直达,通用,PPT·品牌直达·通用,高关联(整篇WPS),1.0,0.0,
雷锋ppt网,PPT,品牌直达,通用,PPT·品牌直达·通用,高关联(整篇WPS),1.0,0.0,
快闪ppt,PPT,品牌直达,通用,PPT·品牌直达·通用,高关联(整篇WPS),1.0,0.0,
ppt壁纸,PPT,模板获取,通用,PPT·模板获取·通用,中关联(通用+WPS章节),1.0,0.0,
项目介绍ppt,PPT,功能认知,通用,PPT·功能认知·通用,中关联(通用+WPS章节),1.0,0.0,
团日活动ppt,PPT,品牌直达,通用,PPT·品牌直达·通用,高关联(整篇WPS),1.0,0.0,
硬笔书法ppt,PPT,品牌直达,通用,PPT·品牌直达·通用,高关联(整篇WPS),1.0,0.0,
科技创新ppt,PPT,品牌直达,通用,PPT·品牌直达·通用,高关联(整篇WPS),1.0,0.0,
小王子ppt,PPT,品牌直达,通用,PPT·品牌直达·通用,高关联(整篇WPS),1.0,0.0,
pdf转为ppt,PDF,品牌直达,通用,PDF·品牌直达·通用,高关联(整篇WPS),0.2212,0.0,
91ppt,PPT,品牌直达,通用,PPT·品牌直达·通用,高关联(整篇WPS),1.0,0.0,
ppt背景图,PPT,模板获取,背景,PPT·模板获取·背景,中关联(通用+WPS章节),1.0,0.0,
ppt自动生成,WPS AI,教程操作,通用,WPS AI·教程操作·通用,中关联(通用+WPS章节),0.0,616.0,
颁奖典礼ppt,PPT,品牌直达,通用,PPT·品牌直达·通用,高关联(整篇WPS),1.0,0.0,
交通安全ppt,PPT,品牌直达,通用,PPT·品牌直达·通用,高关联(整篇WPS),1.0,0.0,
红色ppt背景图片,PPT,教程操作,背景,PPT·教程操作·背景,中关联(通用+WPS章节),1.0,0.0,
年终述职ppt,PPT,品牌直达,通用,PPT·品牌直达·通用,高关联(整篇WPS),1.0,0.0,
PPT助手,WPS AI,AI认知,通用,WPS AI·AI认知·通用,中关联(通用+WPS章节),0.0,0.0,
ppt加页码,PPT,品牌直达,通用,PPT·品牌直达·通用,高关联(整篇WPS),1.0,0.0,
水浒传ppt,PPT,品牌直达,通用,PPT·品牌直达·通用,高关联(整篇WPS),1.0,0.0,
ppt的全称,PPT,品牌直达,通用,PPT·品牌直达·通用,高关联(整篇WPS),1.0,0.0,
国防教育ppt,PPT,品牌直达,通用,PPT·品牌直达·通用,高关联(整篇WPS),1.0,0.0,
科技ppt,PPT,品牌直达,通用,PPT·品牌直达·通用,高关联(整篇WPS),1.0,0.0,
小马过河ppt,PPT,品牌直达,通用,PPT·品牌直达·通用,高关联(整篇WPS),1.0,0.0,
ppt插入超链接,PPT,教程操作,通用,PPT·教程操作·通用,中关联(通用+WPS章节),1.0,0.0,
少年闰土ppt课件,PPT,品牌直达,通用,PPT·品牌直达·通用,高关联(整篇WPS),1.0,0.0,
ppt学习,PPT,品牌直达,通用,PPT·品牌直达·通用,高关联(整篇WPS),1.0,0.0,
新闻播报ppt,PPT,品牌直达,通用,PPT·品牌直达·通用,高关联(整篇WPS),1.0,0.0,
科比ppt,PPT,品牌直达,通用,PPT·品牌直达·通用,高关联(整篇WPS),1.0,0.0,
PPT页面,PPT,品牌直达,通用,PPT·品牌直达·通用,高关联(整篇WPS),1.0,0.0,
ppt音频,PPT,品牌直达,通用,PPT·品牌直达·通用,高关联(整篇WPS),1.0,0.0,
ppt画图,PPT,品牌直达,通用,PPT·品牌直达·通用,高关联(整篇WPS),1.0,0.0,
ppt背景红色,PPT,模板获取,背景,PPT·模板获取·背景,中关联(通用+WPS章节),1.0,0.0,
七彩课堂ppt,PPT,品牌直达,通用,PPT·品牌直达·通用,高关联(整篇WPS),1.0,0.0,
竞聘演讲ppt,PPT,品牌直达,通用,PPT·品牌直达·通用,高关联(整篇WPS),1.0,0.0,
水墨画ppt,PPT,品牌直达,通用,PPT·品牌直达·通用,高关联(整篇WPS),1.0,0.0,
个人工作总结ppt,PPT,品牌直达,通用,PPT·品牌直达·通用,高关联(整篇WPS),1.0,0.0,
ppt最后一页写什么,PPT,品牌直达,通用,PPT·品牌直达·通用,高关联(整篇WPS),1.0,0.0,
ppt百度文库,PPT,品牌直达,通用,PPT·品牌直达·通用,高关联(整篇WPS),1.0,0.0,
开题ppt,PPT,品牌直达,通用,PPT·品牌直达·通用,高关联(整篇WPS),1.0,0.0,
ppt导出视频,PPT,教程操作,通用,PPT·教程操作·通用,中关联(通用+WPS章节),1.0,49.0,
ppt取消动画,PPT,品牌直达,通用,PPT·品牌直达·通用,高关联(整篇WPS),1.0,0.0,
ppt素材网站,PPT,模板获取,通用,PPT·模板获取·通用,中关联(通用+WPS章节),1.0,0.0,
三只小猪ppt,PPT,品牌直达,通用,PPT·品牌直达·通用,高关联(整篇WPS),1.0,0.0,
随机点名ppt,PPT,品牌直达,通用,PPT·品牌直达·通用,高关联(整篇WPS),1.0,0.0,
ppt添加背景音乐,PPT,教程操作,背景,PPT·教程操作·背景,中关联(通用+WPS章节),1.0,0.0,
钱学森ppt,PPT,品牌直达,通用,PPT·品牌直达·通用,高关联(整篇WPS),1.0,0.0,
入党答辩ppt,PPT,品牌直达,通用,PPT·品牌直达·通用,高关联(整篇WPS),1.0,0.0,
ppt插入动图,PPT,教程操作,通用,PPT·教程操作·通用,中关联(通用+WPS章节),1.0,0.0,
新年ppt素材,PPT,模板获取,通用,PPT·模板获取·通用,中关联(通用+WPS章节),1.0,0.0,
ppt插入时间,PPT,教程操作,通用,PPT·教程操作·通用,中关联(通用+WPS章节),1.0,0.0,
人口老龄化ppt,PPT,品牌直达,通用,PPT·品牌直达·通用,高关联(整篇WPS),1.0,0.0,
飞夺泸定桥ppt,PPT,品牌直达,通用,PPT·品牌直达·通用,高关联(整篇WPS),1.0,0.0,
团队管理ppt课件,PPT,品牌直达,通用,PPT·品牌直达·通用,高关联(整篇WPS),1.0,0.0,
教育ppt,PPT,品牌直达,通用,PPT·品牌直达·通用,高关联(整篇WPS),1.0,0.0,
故事ppt,PPT,品牌直达,通用,PPT·品牌直达·通用,高关联(整篇WPS),1.0,0.0,
环保ppt,PPT,品牌直达,通用,PPT·品牌直达·通用,高关联(整篇WPS),1.0,0.0,
ppt插画,PPT,品牌直达,通用,PPT·品牌直达·通用,高关联(整篇WPS),1.0,0.0,
思维导图ppt,PPT,品牌直达,通用,PPT·品牌直达·通用,高关联(整篇WPS),1.0,0.0,
蓝色ppt背景,PPT,模板获取,背景,PPT·模板获取·背景,中关联(通用+WPS章节),1.0,0.0,
ppt笔刷,PPT,品牌直达,通用,PPT·品牌直达·通用,高关联(整篇WPS),1.0,0.0,
ppt结语,PPT,品牌直达,通用,PPT·品牌直达·通用,高关联(整篇WPS),1.0,0.0,
退休ppt,PPT,品牌直达,通用,PPT·品牌直达·通用,高关联(整篇WPS),1.0,0.0,
幼儿绘本故事ppt,PPT,品牌直达,通用,PPT·品牌直达·通用,高关联(整篇WPS),1.0,0.0,
实习答辩ppt,PPT,品牌直达,通用,PPT·品牌直达·通用,高关联(整篇WPS),1.0,0.0,
诚信教育ppt,PPT,品牌直达,通用,PPT·品牌直达·通用,高关联(整篇WPS),1.0,0.0,
ppt转mp4,PPT,品牌直达,通用,PPT·品牌直达·通用,高关联(整篇WPS),1.0,0.0,
党员转正ppt,PPT,品牌直达,通用,PPT·品牌直达·通用,高关联(整篇WPS),1.0,0.0,
ppt添加水印,PPT,教程操作,水印,PPT·教程操作·水印,中关联(通用+WPS章节),1.0,0.0,
ppt图片镜像,PPT,教程操作,通用,PPT·教程操作·通用,中关联(通用+WPS章节),1.0,0.0,
生日ppt背景图片,PPT,教程操作,背景,PPT·教程操作·背景,中关联(通用+WPS章节),1.0,0.0,
ppt元素素材,PPT,模板获取,通用,PPT·模板获取·通用,中关联(通用+WPS章节),1.0,0.0,
冬季养生ppt,PPT,品牌直达,通用,PPT·品牌直达·通用,高关联(整篇WPS),1.0,0.0,
ppt图片素材简约图片,PPT,教程操作,通用,PPT·教程操作·通用,中关联(通用+WPS章节),1.0,0.0,
卡通ppt,PPT,品牌直达,通用,PPT·品牌直达·通用,高关联(整篇WPS),1.0,0.0,
ppt录制,PPT,教程操作,通用,PPT·教程操作·通用,中关联(通用+WPS章节),1.0,0.0,
学术ppt,PPT,品牌直达,通用,PPT·品牌直达·通用,高关联(整篇WPS),1.0,0.0,
高端ppt,PPT,品牌直达,通用,PPT·品牌直达·通用,高关联(整篇WPS),1.0,0.0,
表彰ppt,PPT,品牌直达,通用,PPT·品牌直达·通用,高关联(整篇WPS),1.0,0.0,
年终报告ppt,PPT,品牌直达,通用,PPT·品牌直达·通用,高关联(整篇WPS),1.0,0.0,
修改ppt母版,PPT,教程操作,通用,PPT·教程操作·通用,中关联(通用+WPS章节),1.0,0.0,
ppt格式刷快捷键,PPT,教程操作,通用,PPT·教程操作·通用,中关联(通用+WPS章节),1.0,0.0,
word一键生成ppt,WPS AI,教程操作,通用,WPS AI·教程操作·通用,中关联(通用+WPS章节),0.0,54.0,
ppt素材库,PPT,模板获取,通用,PPT·模板获取·通用,中关联(通用+WPS章节),1.0,0.0,
百度文库ppt,PPT,品牌直达,通用,PPT·品牌直达·通用,高关联(整篇WPS),1.0,0.0,
ppt插图,PPT,品牌直达,通用,PPT·品牌直达·通用,高关联(整篇WPS),1.0,0.0,
ppt一键美化,PPT,教程操作,通用,PPT·教程操作·通用,中关联(通用+WPS章节),1.0,0.0,
邹忌讽齐王纳谏ppt,PPT,品牌直达,通用,PPT·品牌直达·通用,高关联(整篇WPS),1.0,0.0,
三只小猪盖房子ppt课件,PPT,品牌直达,通用,PPT·品牌直达·通用,高关联(整篇WPS),1.0,0.0,
三只小猪盖房子ppt,PPT,品牌直达,通用,PPT·品牌直达·通用,高关联(整篇WPS),1.0,0.0,
ppt大小,PPT,品牌直达,通用,PPT·品牌直达·通用,高关联(整篇WPS),1.0,0.0,
廉洁教育ppt,PPT,品牌直达,通用,PPT·品牌直达·通用,高关联(整篇WPS),1.0,0.0,
生日ppt,PPT,品牌直达,通用,PPT·品牌直达·通用,高关联(整篇WPS),1.0,0.0,
五一ppt,PPT,品牌直达,通用,PPT·品牌直达·通用,高关联(整篇WPS),1.0,0.0,
竖版ppt,PPT,品牌直达,通用,PPT·品牌直达·通用,高关联(整篇WPS),1.0,0.0,
ppt竖版,PPT,品牌直达,通用,PPT·品牌直达·通用,高关联(整篇WPS),1.0,0.0,
环境保护ppt,PPT,品牌直达,通用,PPT·品牌直达·通用,高关联(整篇WPS),1.0,0.0,
红色ppt背景图,PPT,模板获取,背景,PPT·模板获取·背景,中关联(通用+WPS章节),1.0,0.0,
ppt视频,PPT,品牌直达,通用,PPT·品牌直达·通用,高关联(整篇WPS),1.0,0.0,
ppt打印,PPT,教程操作,打印,PPT·教程操作·打印,中关联(通用+WPS章节),1.0,0.0,
ppt加密,PPT,教程操作,加密,PPT·教程操作·加密,中关联(通用+WPS章节),1.0,0.0,
哈利波特ppt,PPT,品牌直达,通用,PPT·品牌直达·通用,高关联(整篇WPS),1.0,0.0,
老人与海ppt,PPT,品牌直达,通用,PPT·品牌直达·通用,高关联(整篇WPS),1.0,0.0,
ppt文档,PPT,品牌直达,通用,PPT·品牌直达·通用,高关联(整篇WPS),1.0,0.0,
商务ppt,PPT,品牌直达,通用,PPT·品牌直达·通用,高关联(整篇WPS),1.0,0.0,
竞聘岗位ppt,PPT,品牌直达,通用,PPT·品牌直达·通用,高关联(整篇WPS),1.0,0.0,
绿色ppt背景图片,PPT,教程操作,背景,PPT·教程操作·背景,中关联(通用+WPS章节),1.0,0.0,
真假美猴王ppt,PPT,品牌直达,通用,PPT·品牌直达·通用,高关联(整篇WPS),1.0,0.0,
qc小组成果报告ppt,PPT,品牌直达,通用,PPT·品牌直达·通用,高关联(整篇WPS),1.0,0.0,
5分钟ppt大概多少页,PPT,品牌直达,通用,PPT·品牌直达·通用,高关联(整篇WPS),1.0,0.0,
qc七大手法培训资料ppt,PPT,品牌直达,通用,PPT·品牌直达·通用,高关联(整篇WPS),1.0,0.0,
ppt对齐,PPT,教程操作,通用,PPT·教程操作·通用,中关联(通用+WPS章节),1.0,0.0,
中国风ppt,PPT,品牌直达,通用,PPT·品牌直达·通用,高关联(整篇WPS),1.0,0.0,
调研报告ppt,PPT,品牌直达,通用,PPT·品牌直达·通用,高关联(整篇WPS),1.0,0.0,
国庆节ppt,PPT,品牌直达,通用,PPT·品牌直达·通用,高关联(整篇WPS),1.0,0.0,
ppt合并形状,PPT,教程操作,合并,PPT·教程操作·合并,中关联(通用+WPS章节),1.0,0.0,
优秀员工ppt,PPT,品牌直达,通用,PPT·品牌直达·通用,高关联(整篇WPS),1.0,0.0,
ppt素材图片大全,PPT,教程操作,通用,PPT·教程操作·通用,中关联(通用+WPS章节),1.0,0.0,
竞聘报告ppt,PPT,品牌直达,通用,PPT·品牌直达·通用,高关联(整篇WPS),1.0,0.0,
中期答辩ppt,PPT,品牌直达,通用,PPT·品牌直达·通用,高关联(整篇WPS),1.0,0.0,
朝花夕拾ppt,PPT,品牌直达,通用,PPT·品牌直达·通用,高关联(整篇WPS),1.0,0.0,
优选ppt,PPT,品牌直达,通用,PPT·品牌直达·通用,高关联(整篇WPS),1.0,0.0,
ppt图标素材大全,PPT,模板获取,通用,PPT·模板获取·通用,中关联(通用+WPS章节),1.0,0.0,
入团仪式ppt,PPT,品牌直达,通用,PPT·品牌直达·通用,高关联(整篇WPS),1.0,0.0,
ppt插入水印,PPT,教程操作,水印,PPT·教程操作·水印,中关联(通用+WPS章节),1.0,0.0,
国风ppt,PPT,品牌直达,通用,PPT·品牌直达·通用,高关联(整篇WPS),1.0,0.0,
面试自我介绍ppt,PPT,功能认知,通用,PPT·功能认知·通用,中关联(通用+WPS章节),1.0,0.0,
中国风ppt背景,PPT,模板获取,背景,PPT·模板获取·背景,中关联(通用+WPS章节),1.0,0.0,
ppt添加备注,PPT,教程操作,通用,PPT·教程操作·通用,中关联(通用+WPS章节),1.0,0.0,
ppt转化为pdf,PDF,品牌直达,通用,PDF·品牌直达·通用,高关联(整篇WPS),0.2212,0.0,
24节气ppt,PPT,品牌直达,通用,PPT·品牌直达·通用,高关联(整篇WPS),1.0,0.0,
音乐ppt背景图片,PPT,教程操作,背景,PPT·教程操作·背景,中关联(通用+WPS章节),1.0,0.0,
虞美人ppt,PPT,品牌直达,通用,PPT·品牌直达·通用,高关联(整篇WPS),1.0,0.0,
ppt无法插入视频,PPT,教程操作,通用,PPT·教程操作·通用,中关联(通用+WPS章节),1.0,0.0,
孔融让梨ppt,PPT,品牌直达,通用,PPT·品牌直达·通用,高关联(整篇WPS),1.0,0.0,
发展对象答辩ppt,PPT,品牌直达,通用,PPT·品牌直达·通用,高关联(整篇WPS),1.0,0.0,
拒绝校园欺凌ppt,PPT,品牌直达,通用,PPT·品牌直达·通用,高关联(整篇WPS),1.0,0.0,
八年级家长会课件ppt,PPT,品牌直达,通用,PPT·品牌直达·通用,高关联(整篇WPS),1.0,0.0,
历史ppt,PPT,品牌直达,通用,PPT·品牌直达·通用,高关联(整篇WPS),1.0,0.0,
ppt演示,PPT,教程操作,通用,PPT·教程操作·通用,中关联(通用+WPS章节),1.0,0.0,
ppt动画制作,PPT,教程操作,通用,PPT·教程操作·通用,中关联(通用+WPS章节),1.0,0.0,
倒计时ppt,PPT,品牌直达,通用,PPT·品牌直达·通用,高关联(整篇WPS),1.0,0.0,
华为ppt,PPT,品牌直达,通用,PPT·品牌直达·通用,高关联(整篇WPS),1.0,0.0,
ppt蓝色背景,PPT,模板获取,背景,PPT·模板获取·背景,中关联(通用+WPS章节),1.0,0.0,
会议ppt背景,PPT,模板获取,背景,PPT·模板获取·背景,中关联(通用+WPS章节),1.0,0.0,
ppt颜色搭配,PPT,教程操作,通用,PPT·教程操作·通用,中关联(通用+WPS章节),1.0,0.0,
树状图ppt,PPT,品牌直达,通用,PPT·品牌直达·通用,高关联(整篇WPS),1.0,0.0,
党史教育ppt,PPT,品牌直达,通用,PPT·品牌直达·通用,高关联(整篇WPS),1.0,0.0,
春节ppt背景,PPT,模板获取,背景,PPT·模板获取·背景,中关联(通用+WPS章节),1.0,0.0,
博士面试ppt,PPT,品牌直达,通用,PPT·品牌直达·通用,高关联(整篇WPS),1.0,0.0,
ppt修改尺寸,PPT,教程操作,通用,PPT·教程操作·通用,中关联(通用+WPS章节),1.0,0.0,
奖学金答辩ppt,PPT,品牌直达,通用,PPT·品牌直达·通用,高关联(整篇WPS),1.0,0.0,
消防安全教育ppt,PPT,品牌直达,通用,PPT·品牌直达·通用,高关联(整篇WPS),1.0,0.0,
工作总结ppt模版,PPT,品牌直达,通用,PPT·品牌直达·通用,高关联(整篇WPS),1.0,0.0,
财务工作总结ppt,PPT,品牌直达,通用,PPT·品牌直达·通用,高关联(整篇WPS),1.0,0.0,
冰糖葫芦ppt,PPT,品牌直达,通用,PPT·品牌直达·通用,高关联(整篇WPS),1.0,0.0,
ppt调整图片透明度,PPT,教程操作,通用,PPT·教程操作·通用,中关联(通用+WPS章节),1.0,0.0,
ppt增加页码,PPT,品牌直达,通用,PPT·品牌直达·通用,高关联(整篇WPS),1.0,0.0,
ppt字数统计,PPT,教程操作,通用,PPT·教程操作·通用,中关联(通用+WPS章节),1.0,0.0,
个人年度工作总结ppt,PPT,品牌直达,通用,PPT·品牌直达·通用,高关联(整篇WPS),1.0,0.0,
ppt流程图素材,PPT,模板获取,通用,PPT·模板获取·通用,中关联(通用+WPS章节),1.0,0.0,
在线压缩ppt,PPT,教程操作,通用,PPT·教程操作·通用,中关联(通用+WPS章节),1.0,0.0,
ppt花边图案,PPT,品牌直达,通用,PPT·品牌直达·通用,高关联(整篇WPS),1.0,0.0,
年度工作计划ppt范文,PPT,模板获取,通用,PPT·模板获取·通用,中关联(通用+WPS章节),1.0,0.0,
ppt形状,PPT,教程操作,通用,PPT·教程操作·通用,中关联(通用+WPS章节),1.0,0.0,
蓝色ppt,PPT,品牌直达,通用,PPT·品牌直达·通用,高关联(整篇WPS),1.0,0.0,
ppt金字塔,PPT,品牌直达,通用,PPT·品牌直达·通用,高关联(整篇WPS),1.0,0.0,
折纸ppt,PPT,品牌直达,通用,PPT·品牌直达·通用,高关联(整篇WPS),1.0,0.0,
ppt镜像,PPT,品牌直达,通用,PPT·品牌直达·通用,高关联(整篇WPS),1.0,0.0,
消防安全培训ppt,PPT,品牌直达,通用,PPT·品牌直达·通用,高关联(整篇WPS),1.0,0.0,
支部书记述职ppt,PPT,品牌直达,通用,PPT·品牌直达·通用,高关联(整篇WPS),1.0,0.0,
ppt插入word,PPT,教程操作,通用,PPT·教程操作·通用,中关联(通用+WPS章节),1.0,0.0,
ppt背景,PPT,模板获取,背景,PPT·模板获取·背景,中关联(通用+WPS章节),1.0,0.0,
优品ppt官网,PPT,品牌直达,通用,PPT·品牌直达·通用,高关联(整篇WPS),1.0,0.0,
ppt背景素材,PPT,模板获取,背景,PPT·模板获取·背景,中关联(通用+WPS章节),1.0,0.0,
案例分析ppt,PPT,品牌直达,通用,PPT·品牌直达·通用,高关联(整篇WPS),1.0,0.0,
ppt计时器插件,PPT,品牌直达,通用,PPT·品牌直达·通用,高关联(整篇WPS),1.0,0.0,
ppt结尾图片,PPT,教程操作,通用,PPT·教程操作·通用,中关联(通用+WPS章节),1.0,0.0,
ppt艺术字,PPT,教程操作,通用,PPT·教程操作·通用,中关联(通用+WPS章节),1.0,0.0,
好书分享ppt,PPT,教程操作,通用,PPT·教程操作·通用,中关联(通用+WPS章节),1.0,0.0,
红色背景ppt,PPT,模板获取,背景,PPT·模板获取·背景,中关联(通用+WPS章节),1.0,0.0,
ppt图片压缩,PPT,教程操作,通用,PPT·教程操作·通用,中关联(通用+WPS章节),1.0,0.0,
ppt矢量图,PPT,品牌直达,通用,PPT·品牌直达·通用,高关联(整篇WPS),1.0,0.0,
大国工匠ppt,PPT,品牌直达,通用,PPT·品牌直达·通用,高关联(整篇WPS),1.0,0.0,
pdca循环ppt,PPT,品牌直达,通用,PPT·品牌直达·通用,高关联(整篇WPS),1.0,0.0,
数据分析ppt,PPT,品牌直达,通用,PPT·品牌直达·通用,高关联(整篇WPS),1.0,0.0,
儿童绘本ppt,PPT,品牌直达,通用,PPT·品牌直达·通用,高关联(整篇WPS),1.0,0.0,
ppt柱状图,PPT,品牌直达,通用,PPT·品牌直达·通用,高关联(整篇WPS),1.0,0.0,
寒假安全教育ppt,PPT,品牌直达,通用,PPT·品牌直达·通用,高关联(整篇WPS),1.0,0.0,
年终ppt,PPT,品牌直达,通用,PPT·品牌直达·通用,高关联(整篇WPS),1.0,0.0,
ppt样式,PPT,教程操作,通用,PPT·教程操作·通用,中关联(通用+WPS章节),1.0,0.0,
ppt在线,PPT,品牌直达,通用,PPT·品牌直达·通用,高关联(整篇WPS),1.0,0.0,
祝福 ppt,PPT,品牌直达,通用,PPT·品牌直达·通用,高关联(整篇WPS),1.0,0.0,
项目总结ppt,PPT,品牌直达,通用,PPT·品牌直达·通用,高关联(整篇WPS),1.0,0.0,
民族团结ppt,PPT,品牌直达,通用,PPT·品牌直达·通用,高关联(整篇WPS),1.0,0.0,
ppt图片渐变,PPT,教程操作,通用,PPT·教程操作·通用,中关联(通用+WPS章节),1.0,0.0,
十二生肖ppt,PPT,品牌直达,通用,PPT·品牌直达·通用,高关联(整篇WPS),1.0,0.0,
骆驼祥子ppt,PPT,品牌直达,通用,PPT·品牌直达·通用,高关联(整篇WPS),1.0,0.0,
鱼骨图ppt,PPT,品牌直达,通用,PPT·品牌直达·通用,高关联(整篇WPS),1.0,0.0,
世界地图ppt,PPT,品牌直达,通用,PPT·品牌直达·通用,高关联(整篇WPS),1.0,0.0,
ppt制作工具,PPT,教程操作,通用,PPT·教程操作·通用,中关联(通用+WPS章节),1.0,0.0,
金字塔原理ppt,PPT,品牌直达,通用,PPT·品牌直达·通用,高关联(整篇WPS),1.0,0.0,
电气安全培训ppt,PPT,品牌直达,通用,PPT·品牌直达·通用,高关联(整篇WPS),1.0,0.0,
新员工入职培训ppt课件,PPT,品牌直达,通用,PPT·品牌直达·通用,高关联(整篇WPS),1.0,0.0,
ppt视频素材,PPT,模板获取,通用,PPT·模板获取·通用,中关联(通用+WPS章节),1.0,0.0,
科技感ppt,PPT,品牌直达,通用,PPT·品牌直达·通用,高关联(整篇WPS),1.0,0.0,
幼儿园绘本ppt,PPT,品牌直达,通用,PPT·品牌直达·通用,高关联(整篇WPS),1.0,0.0,
ppt放大镜,PPT,教程操作,通用,PPT·教程操作·通用,中关联(通用+WPS章节),1.0,0.0,
二十四节气ppt,PPT,品牌直达,通用,PPT·品牌直达·通用,高关联(整篇WPS),1.0,0.0,
ppt改尺寸,PPT,品牌直达,通用,PPT·品牌直达·通用,高关联(整篇WPS),1.0,0.0,
产品发布会ppt,PPT,品牌直达,通用,PPT·品牌直达·通用,高关联(整篇WPS),1.0,0.0,
ppt画流程图,PPT,品牌直达,通用,PPT·品牌直达·通用,高关联(整篇WPS),1.0,0.0,
ppt插入背景音乐,PPT,教程操作,背景,PPT·教程操作·背景,中关联(通用+WPS章节),1.0,0.0,
元旦班会ppt,PPT,品牌直达,通用,PPT·品牌直达·通用,高关联(整篇WPS),1.0,0.0,
ppt全屏快捷键,PPT,教程操作,通用,PPT·教程操作·通用,中关联(通用+WPS章节),1.0,0.0,
校园安全主题班会ppt,PPT,品牌直达,通用,PPT·品牌直达·通用,高关联(整篇WPS),1.0,0.0,
ppt镜像翻转,PPT,品牌直达,通用,PPT·品牌直达·通用,高关联(整篇WPS),1.0,0.0,
幼儿园植树节ppt,PPT,品牌直达,通用,PPT·品牌直达·通用,高关联(整篇WPS),1.0,0.0,
欢迎ppt背景图片,PPT,教程操作,背景,PPT·教程操作·背景,中关联(通用+WPS章节),1.0,0.0,
雷锋网ppt,PPT,品牌直达,通用,PPT·品牌直达·通用,高关联(整篇WPS),1.0,0.0,
党政ppt背景图,PPT,模板获取,背景,PPT·模板获取·背景,中关联(通用+WPS章节),1.0,0.0,
辅导员述职ppt,PPT,品牌直达,通用,PPT·品牌直达·通用,高关联(整篇WPS),1.0,0.0,
元宵节猜灯谜ppt,PPT,品牌直达,通用,PPT·品牌直达·通用,高关联(整篇WPS),1.0,0.0,
生日会ppt背景图片,PPT,教程操作,背景,PPT·教程操作·背景,中关联(通用+WPS章节),1.0,0.0,
ppt图,PPT,品牌直达,通用,PPT·品牌直达·通用,高关联(整篇WPS),1.0,0.0,
优秀ppt,PPT,品牌直达,通用,PPT·品牌直达·通用,高关联(整篇WPS),1.0,0.0,
招商ppt,PPT,品牌直达,通用,PPT·品牌直达·通用,高关联(整篇WPS),1.0,0.0,
ppt裁剪图片,PPT,教程操作,通用,PPT·教程操作·通用,中关联(通用+WPS章节),1.0,0.0,
复盘ppt,PPT,品牌直达,通用,PPT·品牌直达·通用,高关联(整篇WPS),1.0,0.0,
ppt分辨率,PPT,品牌直达,通用,PPT·品牌直达·通用,高关联(整篇WPS),1.0,0.0,
会议背景ppt,PPT,模板获取,背景,PPT·模板获取·背景,中关联(通用+WPS章节),1.0,0.0,
ppt红色背景图,PPT,模板获取,背景,PPT·模板获取·背景,中关联(通用+WPS章节),1.0,0.0,
少数民族ppt,PPT,品牌直达,通用,PPT·品牌直达·通用,高关联(整篇WPS),1.0,0.0,
ppt自动播放视频,PPT,品牌直达,通用,PPT·品牌直达·通用,高关联(整篇WPS),1.0,0.0,
ppt参考线,PPT,品牌直达,通用,PPT·品牌直达·通用,高关联(整篇WPS),1.0,0.0,
ppt多图排版,PPT,教程操作,通用,PPT·教程操作·通用,中关联(通用+WPS章节),1.0,0.0,
职业规划的ppt,PPT,品牌直达,通用,PPT·品牌直达·通用,高关联(整篇WPS),1.0,0.0,
ppt锁定图片,PPT,教程操作,通用,PPT·教程操作·通用,中关联(通用+WPS章节),1.0,0.0,
ppt自动换行,PPT,教程操作,通用,PPT·教程操作·通用,中关联(通用+WPS章节),1.0,0.0,
ppt辅助线,PPT,品牌直达,通用,PPT·品牌直达·通用,高关联(整篇WPS),1.0,0.0,
修改ppt尺寸,PPT,教程操作,通用,PPT·教程操作·通用,中关联(通用+WPS章节),1.0,0.0,
麦肯锡ppt,PPT,品牌直达,通用,PPT·品牌直达·通用,高关联(整篇WPS),1.0,0.0,
喜报ppt,PPT,品牌直达,通用,PPT·品牌直达·通用,高关联(整篇WPS),1.0,0.0,
表彰ppt背景,PPT,模板获取,背景,PPT·模板获取·背景,中关联(通用+WPS章节),1.0,0.0,
pdf转化成ppt,PDF,品牌直达,通用,PDF·品牌直达·通用,高关联(整篇WPS),0.2212,0.0,
商务ppt背景图片,PPT,教程操作,背景,PPT·教程操作·背景,中关联(通用+WPS章节),1.0,0.0,
ppt关闭自动播放,PPT,品牌直达,通用,PPT·品牌直达·通用,高关联(整篇WPS),1.0,0.0,
党员大会ppt,PPT,品牌直达,通用,PPT·品牌直达·通用,高关联(整篇WPS),1.0,0.0,
幼儿园讲故事ppt,PPT,品牌直达,通用,PPT·品牌直达·通用,高关联(整篇WPS),1.0,0.0,
霸王别姬ppt,PPT,品牌直达,通用,PPT·品牌直达·通用,高关联(整篇WPS),1.0,0.0,
岗位竞聘演讲ppt,PPT,品牌直达,通用,PPT·品牌直达·通用,高关联(整篇WPS),1.0,0.0,
华为发布会ppt,PPT,品牌直达,通用,PPT·品牌直达·通用,高关联(整篇WPS),1.0,0.0,
ppt对齐快捷键,PPT,教程操作,通用,PPT·教程操作·通用,中关联(通用+WPS章节),1.0,0.0,
幼儿园母亲节ppt,PPT,品牌直达,通用,PPT·品牌直达·通用,高关联(整篇WPS),1.0,0.0,
党章学习ppt,PPT,品牌直达,通用,PPT·品牌直达·通用,高关联(整篇WPS),1.0,0.0,
ppt调整字间距,PPT,教程操作,通用,PPT·教程操作·通用,中关联(通用+WPS章节),1.0,0.0,
你来比划我来猜ppt,PPT,品牌直达,通用,PPT·品牌直达·通用,高关联(整篇WPS),1.0,0.0,
ppt每页加logo,PPT,品牌直达,通用,PPT·品牌直达·通用,高关联(整篇WPS),1.0,0.0,
ppt插件有哪些,PPT,功能认知,通用,PPT·功能认知·通用,中关联(通用+WPS章节),1.0,0.0,
逼格ppt官网,PPT,品牌直达,通用,PPT·品牌直达·通用,高关联(整篇WPS),1.0,0.0,
产品ppt,PPT,品牌直达,通用,PPT·品牌直达·通用,高关联(整篇WPS),1.0,0.0,
儿童ppt,PPT,品牌直达,通用,PPT·品牌直达·通用,高关联(整篇WPS),1.0,0.0,
ppt图案,PPT,品牌直达,通用,PPT·品牌直达·通用,高关联(整篇WPS),1.0,0.0,
ppt饼图,PPT,品牌直达,通用,PPT·品牌直达·通用,高关联(整篇WPS),1.0,0.0,
ppt平滑,PPT,品牌直达,通用,PPT·品牌直达·通用,高关联(整篇WPS),1.0,0.0,
文言文ppt,PPT,品牌直达,通用,PPT·品牌直达·通用,高关联(整篇WPS),1.0,0.0,
ppt图片裁剪,PPT,教程操作,通用,PPT·教程操作·通用,中关联(通用+WPS章节),1.0,0.0,
家风ppt,PPT,品牌直达,通用,PPT·品牌直达·通用,高关联(整篇WPS),1.0,0.0,
ppt花边,PPT,品牌直达,通用,PPT·品牌直达·通用,高关联(整篇WPS),1.0,0.0,
时间管理 ppt,PPT,品牌直达,通用,PPT·品牌直达·通用,高关联(整篇WPS),1.0,0.0,
ppt图片轮播,PPT,教程操作,通用,PPT·教程操作·通用,中关联(通用+WPS章节),1.0,0.0,
安全生产培训ppt,PPT,品牌直达,通用,PPT·品牌直达·通用,高关联(整篇WPS),1.0,0.0,
ppt艺术字体,PPT,教程操作,字体,PPT·教程操作·字体,中关联(通用+WPS章节),1.0,0.0,
春节ppt图片,PPT,教程操作,通用,PPT·教程操作·通用,中关联(通用+WPS章节),1.0,0.0,
党风廉政ppt,PPT,品牌直达,通用,PPT·品牌直达·通用,高关联(整篇WPS),1.0,0.0,
开门红ppt,PPT,品牌直达,通用,PPT·品牌直达·通用,高关联(整篇WPS),1.0,0.0,
ppt插入对象,PPT,教程操作,通用,PPT·教程操作·通用,中关联(通用+WPS章节),1.0,0.0,
职业生涯规划ppt,PPT,品牌直达,通用,PPT·品牌直达·通用,高关联(整篇WPS),1.0,0.0,
第一ppt官网,PPT,品牌直达,通用,PPT·品牌直达·通用,高关联(整篇WPS),1.0,0.0,
第一 ppt,PPT,品牌直达,通用,PPT·品牌直达·通用,高关联(整篇WPS),1.0,0.0,
第一ppt,PPT,品牌直达,通用,PPT·品牌直达·通用,高关联(整篇WPS),1.0,0.0,
ppt背景图片,PPT,教程操作,背景,PPT·教程操作·背景,中关联(通用+WPS章节),1.0,0.0,
优品ppt,PPT,品牌直达,通用,PPT·品牌直达·通用,高关联(整篇WPS),1.0,0.0,
大学生职业规划大赛ppt,PPT,品牌直达,通用,PPT·品牌直达·通用,高关联(整篇WPS),1.0,0.0,
ppt演讲,PPT,品牌直达,通用,PPT·品牌直达·通用,高关联(整篇WPS),1.0,0.0,
演讲ppt,PPT,品牌直达,通用,PPT·品牌直达·通用,高关联(整篇WPS),1.0,0.0,
一键生成ppt,WPS AI,教程操作,通用,WPS AI·教程操作·通用,中关联(通用+WPS章节),0.0,42.0,
ppt字体,PPT,教程操作,字体,PPT·教程操作·字体,中关联(通用+WPS章节),1.0,0.0,
ppt尺寸,PPT,品牌直达,通用,PPT·品牌直达·通用,高关联(整篇WPS),1.0,0.0,
三顾茅庐ppt,PPT,品牌直达,通用,PPT·品牌直达·通用,高关联(整篇WPS),1.0,0.0,
ppt结尾感谢语,PPT,品牌直达,通用,PPT·品牌直达·通用,高关联(整篇WPS),1.0,0.0,
ppt插件,PPT,品牌直达,通用,PPT·品牌直达·通用,高关联(整篇WPS),1.0,0.0,
ppt网站,PPT,品牌直达,通用,PPT·品牌直达·通用,高关联(整篇WPS),1.0,80772.0,
大学生心理健康ppt,PPT,品牌直达,通用,PPT·品牌直达·通用,高关联(整篇WPS),1.0,0.0,
春节ppt,PPT,品牌直达,通用,PPT·品牌直达·通用,高关联(整篇WPS),1.0,0.0,
ppt插入页码,PPT,教程操作,通用,PPT·教程操作·通用,中关联(通用+WPS章节),1.0,0.0,
读书分享会ppt,PPT,教程操作,通用,PPT·教程操作·通用,中关联(通用+WPS章节),1.0,0.0,
读书分享ppt,PPT,教程操作,通用,PPT·教程操作·通用,中关联(通用+WPS章节),1.0,0.0,
ppt压缩图片,PPT,教程操作,通用,PPT·教程操作·通用,中关联(通用+WPS章节),1.0,0.0,
廉洁ppt,PPT,品牌直达,通用,PPT·品牌直达·通用,高关联(整篇WPS),1.0,0.0,
项目管理ppt,PPT,品牌直达,通用,PPT·品牌直达·通用,高关联(整篇WPS),1.0,0.0,
ppt的尺寸,PPT,品牌直达,通用,PPT·品牌直达·通用,高关联(整篇WPS),1.0,0.0,
学生会竞选ppt,PPT,品牌直达,通用,PPT·品牌直达·通用,高关联(整篇WPS),1.0,0.0,
ppt加背景音乐,PPT,模板获取,背景,PPT·模板获取·背景,中关联(通用+WPS章节),1.0,0.0,
ppt图形素材,PPT,教程操作,通用,PPT·教程操作·通用,中关联(通用+WPS章节),1.0,0.0,
入党誓词ppt,PPT,品牌直达,通用,PPT·品牌直达·通用,高关联(整篇WPS),1.0,0.0,
ppt 打不开,PPT,故障解决,打不开,PPT·故障解决·打不开,中关联(通用+WPS章节),1.0,0.0,
儿童故事ppt,PPT,品牌直达,通用,PPT·品牌直达·通用,高关联(整篇WPS),1.0,0.0,
ppt红色背景图片,PPT,教程操作,背景,PPT·教程操作·背景,中关联(通用+WPS章节),1.0,0.0,
论文开题报告ppt,PPT,品牌直达,通用,PPT·品牌直达·通用,高关联(整篇WPS),1.0,0.0,
森林防火ppt,PPT,品牌直达,通用,PPT·品牌直达·通用,高关联(整篇WPS),1.0,0.0,
主题党课ppt,PPT,品牌直达,通用,PPT·品牌直达·通用,高关联(整篇WPS),1.0,0.0,
ppt内容,PPT,品牌直达,通用,PPT·品牌直达·通用,高关联(整篇WPS),1.0,0.0,
优质ppt,PPT,品牌直达,通用,PPT·品牌直达·通用,高关联(整篇WPS),1.0,0.0,
个人总结ppt,PPT,品牌直达,通用,PPT·品牌直达·通用,高关联(整篇WPS),1.0,0.0,
用电安全ppt,PPT,品牌直达,通用,PPT·品牌直达·通用,高关联(整篇WPS),1.0,0.0,
ppt页面大小,PPT,品牌直达,通用,PPT·品牌直达·通用,高关联(整篇WPS),1.0,0.0,
ppt删除所有动画,PPT,教程操作,通用,PPT·教程操作·通用,中关联(通用+WPS章节),1.0,0.0,
吸烟有害健康ppt,PPT,品牌直达,通用,PPT·品牌直达·通用,高关联(整篇WPS),1.0,0.0,
欢迎领导莅临指导ppt,PPT,品牌直达,通用,PPT·品牌直达·通用,高关联(整篇WPS),1.0,0.0,
ppt古风背景,PPT,模板获取,背景,PPT·模板获取·背景,中关联(通用+WPS章节),1.0,0.0,
羊ppt,PPT,品牌直达,通用,PPT·品牌直达·通用,高关联(整篇WPS),1.0,0.0,
珍爱生命ppt,PPT,品牌直达,通用,PPT·品牌直达·通用,高关联(整篇WPS),1.0,0.0,
李清照ppt,PPT,品牌直达,通用,PPT·品牌直达·通用,高关联(整篇WPS),1.0,0.0,
ppt大小压缩,PPT,教程操作,通用,PPT·教程操作·通用,中关联(通用+WPS章节),1.0,0.0,
关于春节的ppt,PPT,品牌直达,通用,PPT·品牌直达·通用,高关联(整篇WPS),1.0,0.0,
ppt结束语图片,PPT,教程操作,通用,PPT·教程操作·通用,中关联(通用+WPS章节),1.0,0.0,
道德讲堂ppt课件,PPT,品牌直达,通用,PPT·品牌直达·通用,高关联(整篇WPS),1.0,0.0,
小学家长会ppt课件,PPT,品牌直达,通用,PPT·品牌直达·通用,高关联(整篇WPS),1.0,0.0,
人力资源述职报告ppt,PPT,品牌直达,通用,PPT·品牌直达·通用,高关联(整篇WPS),1.0,0.0,
ppt重复上一步操作快捷键,PPT,教程操作,通用,PPT·教程操作·通用,中关联(通用+WPS章节),1.0,0.0,
写ppt,PPT,品牌直达,通用,PPT·品牌直达·通用,高关联(整篇WPS),1.0,0.0,
ppt资源,PPT,品牌直达,通用,PPT·品牌直达·通用,高关联(整篇WPS),1.0,0.0,
简约ppt,PPT,品牌直达,通用,PPT·品牌直达·通用,高关联(整篇WPS),1.0,0.0,
ppt简约背景,PPT,模板获取,背景,PPT·模板获取·背景,中关联(通用+WPS章节),1.0,0.0,
优化ppt,PPT,品牌直达,通用,PPT·品牌直达·通用,高关联(整篇WPS),1.0,0.0,
ppt背景古风,PPT,模板获取,背景,PPT·模板获取·背景,中关联(通用+WPS章节),1.0,0.0,
鲁迅ppt,PPT,品牌直达,通用,PPT·品牌直达·通用,高关联(整篇WPS),1.0,0.0,
ppt高清背景图,PPT,模板获取,背景,PPT·模板获取·背景,中关联(通用+WPS章节),1.0,0.0,
ppt进度条,PPT,品牌直达,通用,PPT·品牌直达·通用,高关联(整篇WPS),1.0,0.0,
ppt配色方案,PPT,品牌直达,通用,PPT·品牌直达·通用,高关联(整篇WPS),1.0,0.0,
ppt下标,PPT,品牌直达,通用,PPT·品牌直达·通用,高关联(整篇WPS),1.0,0.0,
师德师风ppt,PPT,品牌直达,通用,PPT·品牌直达·通用,高关联(整篇WPS),1.0,0.0,
弟子规ppt,PPT,品牌直达,通用,PPT·品牌直达·通用,高关联(整篇WPS),1.0,0.0,
ppt尾页,PPT,品牌直达,通用,PPT·品牌直达·通用,高关联(整篇WPS),1.0,0.0,
ppt鱼骨图,PPT,品牌直达,通用,PPT·品牌直达·通用,高关联(整篇WPS),1.0,0.0,
ppt导航栏,PPT,品牌直达,通用,PPT·品牌直达·通用,高关联(整篇WPS),1.0,0.0,
人物简介ppt,PPT,功能认知,通用,PPT·功能认知·通用,中关联(通用+WPS章节),1.0,0.0,
公文写作ppt,PPT,品牌直达,通用,PPT·品牌直达·通用,高关联(整篇WPS),1.0,0.0,
蜡笔小新ppt,PPT,品牌直达,通用,PPT·品牌直达·通用,高关联(整篇WPS),1.0,0.0,
ppt背景尺寸,PPT,模板获取,背景,PPT·模板获取·背景,中关联(通用+WPS章节),1.0,0.0,
孔乙己ppt,PPT,品牌直达,通用,PPT·品牌直达·通用,高关联(整篇WPS),1.0,0.0,
ppt插入附件,PPT,教程操作,通用,PPT·教程操作·通用,中关联(通用+WPS章节),1.0,0.0,
党政风ppt,PPT,品牌直达,通用,PPT·品牌直达·通用,高关联(整篇WPS),1.0,0.0,
都江堰ppt,PPT,品牌直达,通用,PPT·品牌直达·通用,高关联(整篇WPS),1.0,0.0,
ppt组合快捷键,PPT,教程操作,通用,PPT·教程操作·通用,中关联(通用+WPS章节),1.0,0.0,
猜猜我有多爱你ppt,PPT,品牌直达,通用,PPT·品牌直达·通用,高关联(整篇WPS),1.0,0.0,
产品介绍ppt范例,PPT,功能认知,通用,PPT·功能认知·通用,中关联(通用+WPS章节),1.0,0.0,
后羿射日ppt,PPT,品牌直达,通用,PPT·品牌直达·通用,高关联(整篇WPS),1.0,0.0,
护士长竞聘演讲ppt,PPT,品牌直达,通用,PPT·品牌直达·通用,高关联(整篇WPS),1.0,0.0,
预备党员转正答辩ppt,PPT,品牌直达,通用,PPT·品牌直达·通用,高关联(整篇WPS),1.0,0.0,
ppt制作视频,PPT,教程操作,通用,PPT·教程操作·通用,中关联(通用+WPS章节),1.0,0.0,
ppt饼状图,PPT,品牌直达,通用,PPT·品牌直达·通用,高关联(整篇WPS),1.0,0.0,
ppt无法播放视频,PPT,品牌直达,通用,PPT·品牌直达·通用,高关联(整篇WPS),1.0,0.0,
说课课件ppt,PPT,品牌直达,通用,PPT·品牌直达·通用,高关联(整篇WPS),1.0,0.0,
ppt标尺,PPT,品牌直达,通用,PPT·品牌直达·通用,高关联(整篇WPS),1.0,0.0,
图片转成ppt,PPT,教程操作,通用,PPT·教程操作·通用,中关联(通用+WPS章节),1.0,0.0,
ppt替换字体,PPT,教程操作,字体,PPT·教程操作·字体,中关联(通用+WPS章节),1.0,0.0,
ppt压缩大小,PPT,教程操作,通用,PPT·教程操作·通用,中关联(通用+WPS章节),1.0,0.0,
兵马俑ppt,PPT,品牌直达,通用,PPT·品牌直达·通用,高关联(整篇WPS),1.0,0.0,
ppt破解版,PPT,下载安装,通用,PPT·下载安装·通用,高关联(整篇WPS),1.0,0.0,
学术报告ppt,PPT,品牌直达,通用,PPT·品牌直达·通用,高关联(整篇WPS),1.0,0.0,
电影分析ppt,PPT,品牌直达,通用,PPT·品牌直达·通用,高关联(整篇WPS),1.0,0.0,
意识形态ppt,PPT,品牌直达,通用,PPT·品牌直达·通用,高关联(整篇WPS),1.0,0.0,
ppt图案素材,PPT,模板获取,通用,PPT·模板获取·通用,中关联(通用+WPS章节),1.0,0.0,
ppt解密,PPT,品牌直达,解密,PPT·品牌直达·解密,高关联(整篇WPS),1.0,0.0,
ppt取消组合,PPT,教程操作,通用,PPT·教程操作·通用,中关联(通用+WPS章节),1.0,0.0,
ppt倒计时动画,PPT,品牌直达,通用,PPT·品牌直达·通用,高关联(整篇WPS),1.0,0.0,
科学小实验ppt,PPT,品牌直达,通用,PPT·品牌直达·通用,高关联(整篇WPS),1.0,0.0,
鸟的天堂ppt,PPT,品牌直达,通用,PPT·品牌直达·通用,高关联(整篇WPS),1.0,0.0,
试用期转正ppt,PPT,品牌直达,通用,PPT·品牌直达·通用,高关联(整篇WPS),1.0,0.0,
稻壳儿ppt,PPT,品牌直达,通用,PPT·品牌直达·通用,高关联(整篇WPS),1.0,0.0,
文明上网ppt,PPT,品牌直达,通用,PPT·品牌直达·通用,高关联(整篇WPS),1.0,0.0,
ppt插入目录,PPT,教程操作,目录,PPT·教程操作·目录,中关联(通用+WPS章节),1.0,18.0,
科技ppt背景图片,PPT,教程操作,背景,PPT·教程操作·背景,中关联(通用+WPS章节),1.0,0.0,
圣诞ppt背景,PPT,模板获取,背景,PPT·模板获取·背景,中关联(通用+WPS章节),1.0,0.0,
职称评审ppt,PPT,品牌直达,通用,PPT·品牌直达·通用,高关联(整篇WPS),1.0,0.0,
ppt放大镜效果,PPT,教程操作,通用,PPT·教程操作·通用,中关联(通用+WPS章节),1.0,0.0,
述标ppt,PPT,品牌直达,通用,PPT·品牌直达·通用,高关联(整篇WPS),1.0,0.0,
圣诞主题ppt,PPT,品牌直达,通用,PPT·品牌直达·通用,高关联(整篇WPS),1.0,0.0,
项目复盘ppt,PPT,品牌直达,通用,PPT·品牌直达·通用,高关联(整篇WPS),1.0,0.0,
ppt插入虚线,PPT,教程操作,通用,PPT·教程操作·通用,中关联(通用+WPS章节),1.0,0.0,
ppt转jpg,PPT,品牌直达,通用,PPT·品牌直达·通用,高关联(整篇WPS),1.0,0.0,
顶尖ppt,PPT,品牌直达,通用,PPT·品牌直达·通用,高关联(整篇WPS),1.0,0.0,
布达拉宫ppt,PPT,品牌直达,通用,PPT·品牌直达·通用,高关联(整篇WPS),1.0,0.0,
念奴娇赤壁怀古ppt,PPT,品牌直达,通用,PPT·品牌直达·通用,高关联(整篇WPS),1.0,0.0,
ppt剪切蒙版,PPT,品牌直达,通用,PPT·品牌直达·通用,高关联(整篇WPS),1.0,0.0,
机器学习ppt,PPT,品牌直达,通用,PPT·品牌直达·通用,高关联(整篇WPS),1.0,0.0,
博士论文答辩ppt,PPT,品牌直达,通用,PPT·品牌直达·通用,高关联(整篇WPS),1.0,0.0,
ppt修改版式,PPT,教程操作,通用,PPT·教程操作·通用,中关联(通用+WPS章节),1.0,0.0,
圣诞节ppt素材,PPT,模板获取,通用,PPT·模板获取·通用,中关联(通用+WPS章节),1.0,0.0,
京杭大运河ppt,PPT,品牌直达,通用,PPT·品牌直达·通用,高关联(整篇WPS),1.0,0.0,
ppt压缩在线,PPT,教程操作,通用,PPT·教程操作·通用,中关联(通用+WPS章节),1.0,0.0,
无忧ppt官网,PPT,品牌直达,通用,PPT·品牌直达·通用,高关联(整篇WPS),1.0,0.0,
白雪歌送武判官归京ppt课件,PPT,品牌直达,通用,PPT·品牌直达·通用,高关联(整篇WPS),1.0,0.0,
个人年终工作总结ppt,PPT,品牌直达,通用,PPT·品牌直达·通用,高关联(整篇WPS),1.0,0.0,
猫ppt,PPT,品牌直达,通用,PPT·品牌直达·通用,高关联(整篇WPS),1.0,0.0,
ppt 标尺,PPT,品牌直达,通用,PPT·品牌直达·通用,高关联(整篇WPS),1.0,0.0,
元旦ppt背景,PPT,模板获取,背景,PPT·模板获取·背景,中关联(通用+WPS章节),1.0,0.0,
定语从句ppt,PPT,品牌直达,通用,PPT·品牌直达·通用,高关联(整篇WPS),1.0,0.0,
ppt魔板,PPT,品牌直达,通用,PPT·品牌直达·通用,高关联(整篇WPS),1.0,0.0,
曹冲称象ppt,PPT,品牌直达,通用,PPT·品牌直达·通用,高关联(整篇WPS),1.0,0.0,
公输ppt,PPT,品牌直达,通用,PPT·品牌直达·通用,高关联(整篇WPS),1.0,0.0,
ppt生成工具,PPT,教程操作,通用,PPT·教程操作·通用,中关联(通用+WPS章节),1.0,0.0,
ppt  密码,PPT,品牌直达,通用,PPT·品牌直达·通用,高关联(整篇WPS),1.0,0.0,
小英雄雨来ppt,PPT,品牌直达,通用,PPT·品牌直达·通用,高关联(整篇WPS),1.0,0.0,
陈情表ppt优秀课件,PPT,品牌直达,通用,PPT·品牌直达·通用,高关联(整篇WPS),1.0,0.0,
中秋活动ppt,PPT,品牌直达,通用,PPT·品牌直达·通用,高关联(整篇WPS),1.0,0.0,
幼儿园中秋节ppt,PPT,品牌直达,通用,PPT·品牌直达·通用,高关联(整篇WPS),1.0,0.0,
廉洁党课ppt,PPT,品牌直达,通用,PPT·品牌直达·通用,高关联(整篇WPS),1.0,0.0,
幼儿园故事ppt课件,PPT,品牌直达,通用,PPT·品牌直达·通用,高关联(整篇WPS),1.0,0.0,
一年级开学第一课ppt,PPT,品牌直达,通用,PPT·品牌直达·通用,高关联(整篇WPS),1.0,0.0,
中秋晚会ppt,PPT,品牌直达,通用,PPT·品牌直达·通用,高关联(整篇WPS),1.0,0.0,
世界无烟日ppt,PPT,品牌直达,通用,PPT·品牌直达·通用,高关联(整篇WPS),1.0,0.0,
重阳节ppt背景,PPT,模板获取,背景,PPT·模板获取·背景,中关联(通用+WPS章节),1.0,0.0,
女性生殖系统ppt,PPT,品牌直达,通用,PPT·品牌直达·通用,高关联(整篇WPS),1.0,0.0,
重阳节主题班会ppt,PPT,品牌直达,通用,PPT·品牌直达·通用,高关联(整篇WPS),1.0,0.0,
世界卫生日ppt,PPT,品牌直达,通用,PPT·品牌直达·通用,高关联(整篇WPS),1.0,0.0,
国庆节主题班会ppt,PPT,品牌直达,通用,PPT·品牌直达·通用,高关联(整篇WPS),1.0,0.0,
国庆假期安全教育ppt,PPT,品牌直达,通用,PPT·品牌直达·通用,高关联(整篇WPS),1.0,0.0,
中国特色社会主义ppt,PPT,品牌直达,通用,PPT·品牌直达·通用,高关联(整篇WPS),1.0,0.0,
元旦假期安全教育ppt,PPT,品牌直达,通用,PPT·品牌直达·通用,高关联(整篇WPS),1.0,0.0,
ppt转化成word,PPT,品牌直达,通用,PPT·品牌直达·通用,高关联(整篇WPS),1.0,0.0,
WPS文档打不开怎么办,WPS综合,教程操作,打不开,WPS综合·教程操作·打不开,中关联(通用+WPS章节),0.8135,0.0,A
WPS文件打不开怎么办,WPS综合,教程操作,打不开,WPS综合·教程操作·打不开,中关联(通用+WPS章节),0.8135,0.0,A
WPS未保存文件怎么找回,WPS综合,教程操作,通用,WPS综合·教程操作·通用,中关联(通用+WPS章节),0.8135,0.0,A
WPS没保存关闭了怎么恢复,WPS综合,教程操作,通用,WPS综合·教程操作·通用,中关联(通用+WPS章节),0.8135,0.0,A
WPS崩溃文件怎么恢复,WPS综合,教程操作,通用,WPS综合·教程操作·通用,中关联(通用+WPS章节),0.8135,0.0,A
WPS打开文件乱码怎么办,WPS综合,教程操作,乱码,WPS综合·教程操作·乱码,中关联(通用+WPS章节),0.8135,0.0,A
WPS插入图片不显示怎么办,WPS综合,教程操作,通用,WPS综合·教程操作·通用,中关联(通用+WPS章节),0.8135,0.0,A
WPS文件丢失怎么恢复,WPS综合,教程操作,通用,WPS综合·教程操作·通用,中关联(通用+WPS章节),0.8135,0.0,A
WPS文档图片不显示怎么办,WPS综合,教程操作,通用,WPS综合·教程操作·通用,中关联(通用+WPS章节),0.8135,0.0,A
WPS文档插图片的时候不显示图片,WPS综合,教程操作,通用,WPS综合·教程操作·通用,中关联(通用+WPS章节),0.8135,0.0,A
WPS自动保存文件在哪里,WPS综合,教程操作,通用,WPS综合·教程操作·通用,中关联(通用+WPS章节),0.8135,0.0,A
WPS表格打不开怎么办,Excel,教程操作,表格,Excel·教程操作·表格,中关联(通用+WPS章节),0.274,0.0,A
WPS保存失败怎么办,WPS综合,教程操作,通用,WPS综合·教程操作·通用,中关联(通用+WPS章节),0.8135,0.0,A
WPS卡死怎么办,WPS综合,教程操作,通用,WPS综合·教程操作·通用,中关联(通用+WPS章节),0.8135,0.0,A
WPS图片显示不全怎么办,WPS综合,教程操作,通用,WPS综合·教程操作·通用,中关联(通用+WPS章节),0.8135,0.0,A
WPS打印不全怎么办,WPS综合,教程操作,打印,WPS综合·教程操作·打印,中关联(通用+WPS章节),0.8135,0.0,A
WPS提示文件损坏怎么办,WPS综合,教程操作,通用,WPS综合·教程操作·通用,中关联(通用+WPS章节),0.8135,0.0,A
WPS文档乱码怎么恢复,WPS综合,教程操作,乱码,WPS综合·教程操作·乱码,中关联(通用+WPS章节),0.8135,0.0,A
WPS无法保存怎么办,WPS综合,教程操作,通用,WPS综合·教程操作·通用,中关联(通用+WPS章节),0.8135,0.0,A
WPS闪退怎么办,WPS综合,教程操作,通用,WPS综合·教程操作·通用,中关联(通用+WPS章节),0.8135,0.0,A
wps无法,WPS综合,品牌直达,通用,WPS综合·品牌直达·通用,高关联(整篇WPS),0.8135,0.0,A
WPS云文档同步失败怎么办,云文档/在线,教程操作,通用,云文档/在线·教程操作·通用,中关联(通用+WPS章节),0.4399,0.0,A
WPS图片打印不出来怎么办,WPS综合,教程操作,打印,WPS综合·教程操作·打印,中关联(通用+WPS章节),0.8135,0.0,A
WPS字体缺失怎么办,WPS综合,教程操作,字体,WPS综合·教程操作·字体,中关联(通用+WPS章节),0.8135,0.0,A
WPS打印出来格式乱了,WPS综合,教程操作,打印,WPS综合·教程操作·打印,中关联(通用+WPS章节),0.8135,0.0,A
WPS无法编辑怎么办,WPS综合,教程操作,通用,WPS综合·教程操作·通用,中关联(通用+WPS章节),0.8135,0.0,A
WPS登录不上怎么办,WPS综合,教程操作,通用,WPS综合·教程操作·通用,中关联(通用+WPS章节),0.8135,0.0,A
WPS表格公式不计算怎么办,Excel,教程操作,公式,Excel·教程操作·公式,中关联(通用+WPS章节),0.274,0.0,A
WPS仿宋字体没有怎么办,WPS综合,教程操作,字体,WPS综合·教程操作·字体,中关联(通用+WPS章节),0.8135,0.0,B
WPS公式显示不出来怎么办,WPS综合,教程操作,公式,WPS综合·教程操作·公式,中关联(通用+WPS章节),0.8135,0.0,B
WPS兼容模式怎么取消,WPS综合,教程操作,通用,WPS综合·教程操作·通用,中关联(通用+WPS章节),0.8135,0.0,B
WPS图片只显示一部分,WPS综合,教程操作,通用,WPS综合·教程操作·通用,中关联(通用+WPS章节),0.8135,0.0,B
WPS图片移动不了怎么办,WPS综合,教程操作,通用,WPS综合·教程操作·通用,中关联(通用+WPS章节),0.8135,0.0,B
WPS插入图片变成空白,WPS综合,教程操作,通用,WPS综合·教程操作·通用,中关联(通用+WPS章节),0.8135,0.0,B
WPS文档图片变成叉号,WPS综合,教程操作,通用,WPS综合·教程操作·通用,中关联(通用+WPS章节),0.8135,0.0,B
WPS无法安装怎么办,下载/安装,教程操作,安装,下载/安装·教程操作·安装,中关联(通用+WPS章节),0.0,0.0,B
WPS目录更新不了怎么办,WPS综合,教程操作,目录,WPS综合·教程操作·目录,中关联(通用+WPS章节),0.8135,0.0,B
WPS页码不显示怎么办,WPS综合,教程操作,通用,WPS综合·教程操作·通用,中关联(通用+WPS章节),0.8135,0.0,B
wps 打不开,WPS综合,故障解决,打不开,WPS综合·故障解决·打不开,中关联(通用+WPS章节),0.8135,0.0,B
wps乱码,WPS综合,故障解决,乱码,WPS综合·故障解决·乱码,中关联(通用+WPS章节),0.8135,0.0,B
wps怎么恢复,WPS综合,教程操作,通用,WPS综合·教程操作·通用,中关联(通用+WPS章节),0.8135,0.0,B
wps恢复,WPS综合,故障解决,通用,WPS综合·故障解决·通用,中关联(通用+WPS章节),0.8135,0.0,B
wps插入图片,WPS综合,教程操作,通用,WPS综合·教程操作·通用,中关联(通用+WPS章节),0.8135,0.0,B
恢复wps,WPS综合,故障解决,通用,WPS综合·故障解决·通用,中关联(通用+WPS章节),0.8135,0.0,B
打不开wps,WPS综合,故障解决,打不开,WPS综合·故障解决·打不开,中关联(通用+WPS章节),0.8135,0.0,B
WPS会员登录异常怎么办,WPS综合,教程操作,通用,WPS综合·教程操作·通用,中关联(通用+WPS章节),0.8135,0.0,B
WPS无法卸载怎么办,下载/安装,教程操作,通用,下载/安装·教程操作·通用,中关联(通用+WPS章节),0.0,0.0,B
Wps数据恢复,WPS综合,故障解决,通用,WPS综合·故障解决·通用,中关联(通用+WPS章节),0.8135,0.0,B
wps 文件恢复,WPS综合,故障解决,通用,WPS综合·故障解决·通用,中关联(通用+WPS章节),0.8135,0.0,B
wps下划线不显示,WPS综合,教程操作,通用,WPS综合·教程操作·通用,中关联(通用+WPS章节),0.8135,0.0,B
wps不显示图片,WPS综合,教程操作,通用,WPS综合·教程操作·通用,中关联(通用+WPS章节),0.8135,0.0,B
wps不显示批注,WPS综合,教程操作,批注,WPS综合·教程操作·批注,中关联(通用+WPS章节),0.8135,0.0,B
wps不能复制,WPS综合,教程操作,通用,WPS综合·教程操作·通用,中关联(通用+WPS章节),0.8135,0.0,B
wps不能编辑,WPS综合,教程操作,通用,WPS综合·教程操作·通用,中关联(通用+WPS章节),0.8135,0.0,B
wps卡死,WPS综合,品牌直达,通用,WPS综合·品牌直达·通用,高关联(整篇WPS),0.8135,137.0,B
wps图片不显示,WPS综合,教程操作,通用,WPS综合·教程操作·通用,中关联(通用+WPS章节),0.8135,0.0,B
wps如何恢复,WPS综合,教程操作,通用,WPS综合·教程操作·通用,中关联(通用+WPS章节),0.8135,0.0,B
wps崩溃,WPS综合,故障解决,通用,WPS综合·故障解决·通用,中关联(通用+WPS章节),0.8135,0.0,B
wps怎么恢复文件,WPS综合,教程操作,通用,WPS综合·教程操作·通用,中关联(通用+WPS章节),0.8135,0.0,B
wps怎么插入图片,WPS综合,教程操作,通用,WPS综合·教程操作·通用,中关联(通用+WPS章节),0.8135,0.0,B
wps恢复文件,WPS综合,故障解决,通用,WPS综合·故障解决·通用,中关联(通用+WPS章节),0.8135,0.0,B
wps打不开怎么办,WPS综合,教程操作,打不开,WPS综合·教程操作·打不开,中关联(通用+WPS章节),0.8135,0.0,B
wps打不开文件,WPS综合,故障解决,打不开,WPS综合·故障解决·打不开,中关联(通用+WPS章节),0.8135,0.0,B
wps打开乱码,WPS综合,故障解决,乱码,WPS综合·故障解决·乱码,中关联(通用+WPS章节),0.8135,0.0,B
wps批量插入图片,WPS综合,教程操作,通用,WPS综合·教程操作·通用,中关联(通用+WPS章节),0.8135,0.0,B
wps文件打不开,WPS综合,故障解决,打不开,WPS综合·故障解决·打不开,中关联(通用+WPS章节),0.8135,0.0,B
wps文档恢复,WPS综合,故障解决,通用,WPS综合·故障解决·通用,中关联(通用+WPS章节),0.8135,0.0,B
wps无法安装,下载/安装,下载安装,安装,下载/安装·下载安装·安装,高关联(整篇WPS),0.0,0.0,B
wps无法打开,WPS综合,故障解决,通用,WPS综合·故障解决·通用,中关联(通用+WPS章节),0.8135,0.0,B
wps无法编辑,WPS综合,教程操作,通用,WPS综合·教程操作·通用,中关联(通用+WPS章节),0.8135,0.0,B
wps未保存,WPS综合,教程操作,通用,WPS综合·教程操作·通用,中关联(通用+WPS章节),0.8135,0.0,B
wps没保存,WPS综合,教程操作,通用,WPS综合·教程操作·通用,中关联(通用+WPS章节),0.8135,0.0,B
wps表格恢复,Excel,故障解决,表格,Excel·故障解决·表格,中关联(通用+WPS章节),0.274,0.0,B
wps表格插入图片,Excel,教程操作,表格,Excel·教程操作·表格,中关联(通用+WPS章节),0.274,0.0,B
wps闪退,WPS综合,故障解决,通用,WPS综合·故障解决·通用,中关联(通用+WPS章节),0.8135,0.0,B
wps为什么不显示页码,WPS综合,教程操作,通用,WPS综合·教程操作·通用,中关联(通用+WPS章节),0.8135,0.0,C
wps文件没有保存怎么恢复,WPS综合,教程操作,通用,WPS综合·教程操作·通用,中关联(通用+WPS章节),0.8135,0.0,C
wps无法卸载,下载/安装,下载安装,通用,下载/安装·下载安装·通用,高关联(整篇WPS),0.0,0.0,C
wps表格乱码怎么办,Excel,教程操作,表格,Excel·教程操作·表格,中关联(通用+WPS章节),0.274,0.0,C
wps不能启动此对象的源应用程序,WPS综合,品牌直达,通用,WPS综合·品牌直达·通用,高关联(整篇WPS),0.8135,0.0,C
wps做的ppt用office打不开,PPT,故障解决,打不开,PPT·故障解决·打不开,中关联(通用+WPS章节),1.0,0.0,C
wps打不开了,WPS综合,故障解决,打不开,WPS综合·故障解决·打不开,中关联(通用+WPS章节),0.8135,0.0,C
wps找回未保存的文件,WPS综合,教程操作,通用,WPS综合·教程操作·通用,中关联(通用+WPS章节),0.8135,0.0,C
wps数据恢复大师,WPS综合,故障解决,通用,WPS综合·故障解决·通用,中关联(通用+WPS章节),0.8135,0.0,C
wps无法打开数据源怎么办,WPS综合,教程操作,通用,WPS综合·教程操作·通用,中关联(通用+WPS章节),0.8135,0.0,C
wps没保存关闭了怎么恢复数据,WPS综合,教程操作,通用,WPS综合·教程操作·通用,中关联(通用+WPS章节),0.8135,0.0,C
wps邮件合并无法打开数据源,WPS综合,教程操作,合并,WPS综合·教程操作·合并,中关联(通用+WPS章节),0.8135,0.0,C
wps首页不显示页码怎么设置,WPS综合,教程操作,通用,WPS综合·教程操作·通用,中关联(通用+WPS章节),0.8135,0.0,C
excel软件,Excel,品牌直达,通用,Excel·品牌直达·通用,高关联(整篇WPS),0.274,1.0,
excel表格,Excel,品牌直达,表格,Excel·品牌直达·表格,高关联(整篇WPS),0.274,127144.0,
excel函数,Excel,教程操作,函数,Excel·教程操作·函数,中关联(通用+WPS章节),0.274,0.0,
excel快捷键,Excel,教程操作,通用,Excel·教程操作·通用,中关联(通用+WPS章节),0.274,0.0,
网页在线表格,Excel,品牌直达,表格,Excel·品牌直达·表格,低关联(方法论轻带),0.274,2.0,
在线表格多人编辑平台,Excel,教程操作,表格,Excel·教程操作·表格,中关联(通用+WPS章节),0.274,1.0,
excel表格在线打开,Excel,品牌直达,表格,Excel·品牌直达·表格,高关联(整篇WPS),0.274,1.0,
PS表格官网,Excel,品牌直达,表格,Excel·品牌直达·表格,高关联(整篇WPS),0.274,1.0,
ifs函数,Excel,教程操作,函数,Excel·教程操作·函数,中关联(通用+WPS章节),0.274,1.0,
WSP excel,Excel,品牌直达,通用,Excel·品牌直达·通用,高关联(整篇WPS),0.274,1.0,
多人协作编辑excel,Excel,教程操作,通用,Excel·教程操作·通用,中关联(通用+WPS章节),0.274,1.0,
Excel官网,Excel,品牌直达,通用,Excel·品牌直达·通用,高关联(整篇WPS),0.274,1.0,
写文件及制作表格的软件,Excel,教程操作,表格,Excel·教程操作·表格,中关联(通用+WPS章节),0.274,1.0,
word在线表格,Excel,品牌直达,表格,Excel·品牌直达·表格,高关联(整篇WPS),0.274,1.0,
excel 表格,Excel,品牌直达,表格,Excel·品牌直达·表格,高关联(整篇WPS),0.274,0.0,
Excel表格,Excel,品牌直达,表格,Excel·品牌直达·表格,高关联(整篇WPS),0.274,127144.0,
Excel,Excel,品牌直达,通用,Excel·品牌直达·通用,高关联(整篇WPS),0.274,0.0,
excel函数公式大全,Excel,教程操作,函数,Excel·教程操作·函数,中关联(通用+WPS章节),0.274,0.0,
excel换行,Excel,教程操作,通用,Excel·教程操作·通用,中关联(通用+WPS章节),0.274,0.0,
excel求和,Excel,品牌直达,通用,Excel·品牌直达·通用,高关联(整篇WPS),0.274,0.0,
表格制作excel,Excel,教程操作,表格,Excel·教程操作·表格,中关联(通用+WPS章节),0.274,0.0,
excel减法函数,Excel,教程操作,函数,Excel·教程操作·函数,中关联(通用+WPS章节),0.274,0.0,
excel四舍五入函数,Excel,教程操作,函数,Excel·教程操作·函数,中关联(通用+WPS章节),0.274,0.0,
在excel中,Excel,品牌直达,通用,Excel·品牌直达·通用,高关联(整篇WPS),0.274,0.0,
excel求和公式,Excel,教程操作,公式,Excel·教程操作·公式,中关联(通用+WPS章节),0.274,0.0,
excel排序,Excel,教程操作,通用,Excel·教程操作·通用,中关联(通用+WPS章节),0.274,0.0,
excel自动换行,Excel,教程操作,通用,Excel·教程操作·通用,中关联(通用+WPS章节),0.274,0.0,
excel密码,Excel,品牌直达,通用,Excel·品牌直达·通用,高关联(整篇WPS),0.274,0.0,
excel字符串拼接,Excel,品牌直达,通用,Excel·品牌直达·通用,高关联(整篇WPS),0.274,0.0,
求和公式excel,Excel,教程操作,公式,Excel·教程操作·公式,中关联(通用+WPS章节),0.274,0.0,
excel拆分单元格,Excel,教程操作,拆分单元格,Excel·教程操作·拆分单元格,中关联(通用+WPS章节),0.274,0.0,
excel打印每页都有表头,Excel,教程操作,打印,Excel·教程操作·打印,中关联(通用+WPS章节),0.274,0.0,
excel合并单元格快捷键,Excel,教程操作,合并单元格,Excel·教程操作·合并单元格,中关联(通用+WPS章节),0.274,0.0,
excel单元格内换行,Excel,教程操作,通用,Excel·教程操作·通用,中关联(通用+WPS章节),0.274,0.0,
excel随机生成范围内数字,Excel,教程操作,通用,Excel·教程操作·通用,中关联(通用+WPS章节),0.274,0.0,
excel计数公式,Excel,教程操作,公式,Excel·教程操作·公式,中关联(通用+WPS章节),0.274,0.0,
excel英语,Excel,品牌直达,通用,Excel·品牌直达·通用,高关联(整篇WPS),0.274,0.0,
excel破解版,Excel,下载安装,通用,Excel·下载安装·通用,高关联(整篇WPS),0.274,0.0,
excel竖列自动求和,Excel,品牌直达,通用,Excel·品牌直达·通用,高关联(整篇WPS),0.274,0.0,
excel随机数,Excel,品牌直达,通用,Excel·品牌直达·通用,高关联(整篇WPS),0.274,0.0,
excel合并单元格,Excel,教程操作,合并单元格,Excel·教程操作·合并单元格,中关联(通用+WPS章节),0.274,0.0,
excel取整函数,Excel,教程操作,函数,Excel·教程操作·函数,中关联(通用+WPS章节),0.274,0.0,
excel绝对值,Excel,品牌直达,通用,Excel·品牌直达·通用,高关联(整篇WPS),0.274,0.0,
excel行列互换,Excel,品牌直达,通用,Excel·品牌直达·通用,高关联(整篇WPS),0.274,0.0,
excel筛选,Excel,教程操作,通用,Excel·教程操作·通用,中关联(通用+WPS章节),0.274,0.0,
excel绝对引用,Excel,品牌直达,通用,Excel·品牌直达·通用,高关联(整篇WPS),0.274,0.0,
excel练习题,Excel,品牌直达,通用,Excel·品牌直达·通用,高关联(整篇WPS),0.274,0.0,
excel自动求和,Excel,品牌直达,通用,Excel·品牌直达·通用,高关联(整篇WPS),0.274,0.0,
excel公式大全,Excel,教程操作,公式,Excel·教程操作·公式,中关联(通用+WPS章节),0.274,0.0,
绝对值函数excel,Excel,教程操作,函数,Excel·教程操作·函数,中关联(通用+WPS章节),0.274,0.0,
excel2013,Excel,品牌直达,通用,Excel·品牌直达·通用,高关联(整篇WPS),0.274,0.0,
excel密码破解,Excel,品牌直达,通用,Excel·品牌直达·通用,高关联(整篇WPS),0.274,0.0,
excel打不开,Excel,故障解决,打不开,Excel·故障解决·打不开,中关联(通用+WPS章节),0.274,0.0,
excel分列,Excel,品牌直达,通用,Excel·品牌直达·通用,高关联(整篇WPS),0.274,0.0,
excel筛选重复项,Excel,教程操作,通用,Excel·教程操作·通用,中关联(通用+WPS章节),0.274,0.0,
excel翻译,Excel,品牌直达,通用,Excel·品牌直达·通用,高关联(整篇WPS),0.274,0.0,
excel乘法公式,Excel,教程操作,公式,Excel·教程操作·公式,中关联(通用+WPS章节),0.274,0.0,
Excel图表,Excel,教程操作,图表,Excel·教程操作·图表,中关联(通用+WPS章节),0.274,0.0,
excel单元格斜线,Excel,品牌直达,通用,Excel·品牌直达·通用,高关联(整篇WPS),0.274,0.0,
excel数据,Excel,品牌直达,通用,Excel·品牌直达·通用,高关联(整篇WPS),0.274,0.0,
excel2010,Excel,品牌直达,通用,Excel·品牌直达·通用,高关联(整篇WPS),0.274,0.0,
excel生成随机数,Excel,教程操作,通用,Excel·教程操作·通用,中关联(通用+WPS章节),0.274,0.0,
excel三国杀,Excel,品牌直达,通用,Excel·品牌直达·通用,高关联(整篇WPS),0.274,0.0,
excel加密,Excel,教程操作,加密,Excel·教程操作·加密,中关联(通用+WPS章节),0.274,0.0,
excel计算年龄,Excel,教程操作,通用,Excel·教程操作·通用,中关联(通用+WPS章节),0.274,0.0,
excel计数函数,Excel,教程操作,函数,Excel·教程操作·函数,中关联(通用+WPS章节),0.274,0.0,
excel通配符,Excel,品牌直达,通用,Excel·品牌直达·通用,高关联(整篇WPS),0.274,0.0,
python读取excel文件,Excel,品牌直达,通用,Excel·品牌直达·通用,高关联(整篇WPS),0.274,0.0,
excel表1和表2数据匹配,Excel,品牌直达,通用,Excel·品牌直达·通用,高关联(整篇WPS),0.274,0.0,
表格excel,Excel,品牌直达,表格,Excel·品牌直达·表格,高关联(整篇WPS),0.274,0.0,
excel文件修复,Excel,故障解决,通用,Excel·故障解决·通用,中关联(通用+WPS章节),0.274,0.0,
财务记账excel表格,Excel,品牌直达,表格,Excel·品牌直达·表格,高关联(整篇WPS),0.274,0.0,
excel查重,Excel,品牌直达,通用,Excel·品牌直达·通用,高关联(整篇WPS),0.274,0.0,
求平均值公式excel,Excel,教程操作,公式,Excel·教程操作·公式,中关联(通用+WPS章节),0.274,0.0,
excel下拉菜单,Excel,品牌直达,通用,Excel·品牌直达·通用,高关联(整篇WPS),0.274,0.0,
excel列转行,Excel,品牌直达,通用,Excel·品牌直达·通用,高关联(整篇WPS),0.274,0.0,
excel乘法函数,Excel,教程操作,函数,Excel·教程操作·函数,中关联(通用+WPS章节),0.274,0.0,
excel数据透视表,Excel,教程操作,数据透视,Excel·教程操作·数据透视,中关联(通用+WPS章节),0.274,0.0,
excel修复工具,Excel,故障解决,通用,Excel·故障解决·通用,中关联(通用+WPS章节),0.274,0.0,
word表格文字上下居中,Excel,品牌直达,表格,Excel·品牌直达·表格,高关联(整篇WPS),0.274,0.0,
excel插入图片,Excel,教程操作,通用,Excel·教程操作·通用,中关联(通用+WPS章节),0.274,0.0,
excel标准差,Excel,品牌直达,通用,Excel·品牌直达·通用,高关联(整篇WPS),0.274,0.0,
excel删除线,Excel,教程操作,通用,Excel·教程操作·通用,中关联(通用+WPS章节),0.274,0.0,
excel开根号,Excel,品牌直达,通用,Excel·品牌直达·通用,高关联(整篇WPS),0.274,0.0,
word表格,Excel,品牌直达,表格,Excel·品牌直达·表格,高关联(整篇WPS),0.274,0.0,
excel常用函数,Excel,教程操作,函数,Excel·教程操作·函数,中关联(通用+WPS章节),0.274,0.0,
excel下拉选项,Excel,品牌直达,通用,Excel·品牌直达·通用,高关联(整篇WPS),0.274,0.0,
excel分类汇总,Excel,教程操作,通用,Excel·教程操作·通用,中关联(通用+WPS章节),0.274,0.0,
年龄计算公式excel,Excel,教程操作,公式,Excel·教程操作·公式,中关联(通用+WPS章节),0.274,0.0,
excel插件,Excel,品牌直达,通用,Excel·品牌直达·通用,高关联(整篇WPS),0.274,0.0,
excel下拉框,Excel,品牌直达,通用,Excel·品牌直达·通用,高关联(整篇WPS),0.274,0.0,
excel后缀,Excel,品牌直达,通用,Excel·品牌直达·通用,高关联(整篇WPS),0.274,0.0,
excel表格内换行,Excel,教程操作,表格,Excel·教程操作·表格,中关联(通用+WPS章节),0.274,0.0,
excel表格合并单元格,Excel,教程操作,合并单元格,Excel·教程操作·合并单元格,中关联(通用+WPS章节),0.274,642.0,
excel中位数,Excel,品牌直达,通用,Excel·品牌直达·通用,高关联(整篇WPS),0.274,0.0,
excel图表制作,Excel,教程操作,图表,Excel·教程操作·图表,中关联(通用+WPS章节),0.274,0.0,
excel公式大全详解,Excel,教程操作,公式,Excel·教程操作·公式,中关联(通用+WPS章节),0.274,0.0,
excel排序函数,Excel,教程操作,函数,Excel·教程操作·函数,中关联(通用+WPS章节),0.274,0.0,
excel四舍五入,Excel,品牌直达,通用,Excel·品牌直达·通用,高关联(整篇WPS),0.274,0.0,
excel函数公式,Excel,教程操作,函数,Excel·教程操作·函数,中关联(通用+WPS章节),0.274,0.0,
excel转置,Excel,品牌直达,通用,Excel·品牌直达·通用,高关联(整篇WPS),0.274,0.0,
excel自动填充,Excel,教程操作,通用,Excel·教程操作·通用,中关联(通用+WPS章节),0.274,0.0,
excel开根号公式,Excel,教程操作,公式,Excel·教程操作·公式,中关联(通用+WPS章节),0.274,0.0,
excel减法公式,Excel,教程操作,公式,Excel·教程操作·公式,中关联(通用+WPS章节),0.274,0.0,
excel表格求和,Excel,品牌直达,表格,Excel·品牌直达·表格,高关联(整篇WPS),0.274,0.0,
excel乘法,Excel,品牌直达,通用,Excel·品牌直达·通用,高关联(整篇WPS),0.274,0.0,
excel数据分析,Excel,品牌直达,通用,Excel·品牌直达·通用,高关联(整篇WPS),0.274,0.0,
excel快速填充,Excel,教程操作,通用,Excel·教程操作·通用,中关联(通用+WPS章节),0.274,0.0,
excel筛选快捷键,Excel,教程操作,通用,Excel·教程操作·通用,中关联(通用+WPS章节),0.274,0.0,
excel换行符,Excel,教程操作,通用,Excel·教程操作·通用,中关联(通用+WPS章节),0.274,0.0,
标准差公式excel,Excel,教程操作,公式,Excel·教程操作·公式,中关联(通用+WPS章节),0.274,0.0,
pandas读取excel,Excel,品牌直达,通用,Excel·品牌直达·通用,高关联(整篇WPS),0.274,0.0,
excel自动排序编号,Excel,教程操作,通用,Excel·教程操作·通用,中关联(通用+WPS章节),0.274,0.0,
excel填充快捷键,Excel,教程操作,通用,Excel·教程操作·通用,中关联(通用+WPS章节),0.274,0.0,
excel自动调整列宽,Excel,教程操作,通用,Excel·教程操作·通用,中关联(通用+WPS章节),0.274,0.0,
excel论坛,Excel,品牌直达,通用,Excel·品牌直达·通用,高关联(整篇WPS),0.274,0.0,
excel取整,Excel,品牌直达,通用,Excel·品牌直达·通用,高关联(整篇WPS),0.274,0.0,
excel求平均值,Excel,品牌直达,通用,Excel·品牌直达·通用,高关联(整篇WPS),0.274,0.0,
excel统计出现次数,Excel,教程操作,通用,Excel·教程操作·通用,中关联(通用+WPS章节),0.274,0.0,
excel合并,Excel,教程操作,合并,Excel·教程操作·合并,中关联(通用+WPS章节),0.274,0.0,
excel截取字符串函数,Excel,教程操作,函数,Excel·教程操作·函数,中关联(通用+WPS章节),0.274,0.0,
excel转json,Excel,品牌直达,通用,Excel·品牌直达·通用,高关联(整篇WPS),0.274,0.0,
excel删除空行,Excel,教程操作,通用,Excel·教程操作·通用,中关联(通用+WPS章节),0.274,0.0,
excel条件格式,Excel,教程操作,条件格式,Excel·教程操作·条件格式,中关联(通用+WPS章节),0.274,0.0,
excel文件,Excel,品牌直达,通用,Excel·品牌直达·通用,高关联(整篇WPS),0.274,0.0,
excel平均值公式,Excel,教程操作,公式,Excel·教程操作·公式,中关联(通用+WPS章节),0.274,0.0,
excel行转列,Excel,品牌直达,通用,Excel·品牌直达·通用,高关联(整篇WPS),0.274,0.0,
excel匹配,Excel,品牌直达,通用,Excel·品牌直达·通用,高关联(整篇WPS),0.274,0.0,
excel网页版,Excel,品牌直达,通用,Excel·品牌直达·通用,高关联(整篇WPS),0.274,0.0,
excel随机排序,Excel,教程操作,通用,Excel·教程操作·通用,中关联(通用+WPS章节),0.274,0.0,
excel 条件格式,Excel,教程操作,条件格式,Excel·教程操作·条件格式,中关联(通用+WPS章节),0.274,0.0,
excel减法,Excel,品牌直达,通用,Excel·品牌直达·通用,高关联(整篇WPS),0.274,0.0,
excel删除空白行,Excel,教程操作,通用,Excel·教程操作·通用,中关联(通用+WPS章节),0.274,0.0,
excel除法,Excel,品牌直达,通用,Excel·品牌直达·通用,高关联(整篇WPS),0.274,0.0,
excel删除线快捷键,Excel,教程操作,通用,Excel·教程操作·通用,中关联(通用+WPS章节),0.274,0.0,
excel透视表,Excel,教程操作,通用,Excel·教程操作·通用,中关联(通用+WPS章节),0.274,0.0,
excel除法公式,Excel,教程操作,公式,Excel·教程操作·公式,中关联(通用+WPS章节),0.274,0.0,
excel百分比计算公式,Excel,教程操作,公式,Excel·教程操作·公式,中关联(通用+WPS章节),0.274,0.0,
excel格式,Excel,品牌直达,通用,Excel·品牌直达·通用,高关联(整篇WPS),0.274,0.0,
excel平均值,Excel,品牌直达,通用,Excel·品牌直达·通用,高关联(整篇WPS),0.274,0.0,
excel保留两位小数,Excel,品牌直达,通用,Excel·品牌直达·通用,高关联(整篇WPS),0.274,0.0,
excel填充颜色快捷键,Excel,教程操作,通用,Excel·教程操作·通用,中关联(通用+WPS章节),0.274,0.0,
excel 向下取整,Excel,品牌直达,通用,Excel·品牌直达·通用,高关联(整篇WPS),0.274,0.0,
excel排名公式,Excel,教程操作,公式,Excel·教程操作·公式,中关联(通用+WPS章节),0.274,0.0,
excel表格斜线,Excel,品牌直达,表格,Excel·品牌直达·表格,高关联(整篇WPS),0.274,0.0,
matlab读取excel数据,Excel,品牌直达,通用,Excel·品牌直达·通用,高关联(整篇WPS),0.274,0.0,
excel合并同类项,Excel,教程操作,合并,Excel·教程操作·合并,中关联(通用+WPS章节),0.274,0.0,
excel字数统计,Excel,教程操作,通用,Excel·教程操作·通用,中关联(通用+WPS章节),0.274,0.0,
excel取整数,Excel,品牌直达,通用,Excel·品牌直达·通用,高关联(整篇WPS),0.274,0.0,
excel两个单元格内容合并成一个,Excel,教程操作,合并,Excel·教程操作·合并,中关联(通用+WPS章节),0.274,0.0,
excel平方函数,Excel,教程操作,函数,Excel·教程操作·函数,中关联(通用+WPS章节),0.274,0.0,
excel字符串截取,Excel,品牌直达,通用,Excel·品牌直达·通用,高关联(整篇WPS),0.274,0.0,
excel自动生成日历,WPS AI,教程操作,通用,WPS AI·教程操作·通用,中关联(通用+WPS章节),0.0,0.0,
excel计算标准差,Excel,教程操作,通用,Excel·教程操作·通用,中关联(通用+WPS章节),0.274,0.0,
excel求标准差,Excel,品牌直达,通用,Excel·品牌直达·通用,高关联(整篇WPS),0.274,0.0,
excel插入页码,Excel,教程操作,通用,Excel·教程操作·通用,中关联(通用+WPS章节),0.274,0.0,
excel打勾,Excel,品牌直达,通用,Excel·品牌直达·通用,高关联(整篇WPS),0.274,0.0,
excel筛选重复数据,Excel,教程操作,通用,Excel·教程操作·通用,中关联(通用+WPS章节),0.274,0.0,
excel固定表头,Excel,品牌直达,通用,Excel·品牌直达·通用,高关联(整篇WPS),0.274,0.0,
excel换行快捷键,Excel,教程操作,通用,Excel·教程操作·通用,中关联(通用+WPS章节),0.274,0.0,
excel每页都打印表头,Excel,教程操作,打印,Excel·教程操作·打印,中关联(通用+WPS章节),0.274,0.0,
excel工具箱,Excel,品牌直达,通用,Excel·品牌直达·通用,高关联(整篇WPS),0.274,0.0,
excel取绝对值,Excel,品牌直达,通用,Excel·品牌直达·通用,高关联(整篇WPS),0.274,0.0,
word表格自动换行,Excel,教程操作,表格,Excel·教程操作·表格,中关联(通用+WPS章节),0.274,0.0,
excel表格排序,Excel,教程操作,表格,Excel·教程操作·表格,中关联(通用+WPS章节),0.274,0.0,
excel锁定单元格,Excel,品牌直达,通用,Excel·品牌直达·通用,高关联(整篇WPS),0.274,0.0,
excel隔行填充颜色,Excel,教程操作,通用,Excel·教程操作·通用,中关联(通用+WPS章节),0.274,0.0,
excel柱状图,Excel,品牌直达,通用,Excel·品牌直达·通用,高关联(整篇WPS),0.274,0.0,
excel替换,Excel,教程操作,通用,Excel·教程操作·通用,中关联(通用+WPS章节),0.274,0.0,
excel数据验证,Excel,教程操作,通用,Excel·教程操作·通用,中关联(通用+WPS章节),0.274,0.0,
excel开方函数,Excel,教程操作,函数,Excel·教程操作·函数,中关联(通用+WPS章节),0.274,0.0,
excel根据身份证号计算年龄,Excel,教程操作,通用,Excel·教程操作·通用,中关联(通用+WPS章节),0.274,0.0,
excel怎样,Excel,品牌直达,通用,Excel·品牌直达·通用,高关联(整篇WPS),0.274,0.0,
两个excel,Excel,品牌直达,通用,Excel·品牌直达·通用,高关联(整篇WPS),0.274,0.0,
excel表格合并,Excel,教程操作,表格,Excel·教程操作·表格,中关联(通用+WPS章节),0.274,0.0,
excel方差函数公式,Excel,教程操作,函数,Excel·教程操作·函数,中关联(通用+WPS章节),0.274,0.0,
excel甘特图,Excel,品牌直达,通用,Excel·品牌直达·通用,高关联(整篇WPS),0.274,0.0,
excel平均数公式,Excel,教程操作,公式,Excel·教程操作·公式,中关联(通用+WPS章节),0.274,0.0,
excel查找,Excel,教程操作,通用,Excel·教程操作·通用,中关联(通用+WPS章节),0.274,0.0,
excel公式不自动计算,Excel,教程操作,公式,Excel·教程操作·公式,中关联(通用+WPS章节),0.274,0.0,
excel生成柱状图,Excel,教程操作,通用,Excel·教程操作·通用,中关联(通用+WPS章节),0.274,0.0,
excel去重,Excel,品牌直达,通用,Excel·品牌直达·通用,高关联(整篇WPS),0.274,0.0,
excel官网,Excel,品牌直达,通用,Excel·品牌直达·通用,高关联(整篇WPS),0.274,0.0,
excel画图,Excel,品牌直达,通用,Excel·品牌直达·通用,高关联(整篇WPS),0.274,0.0,
excel表格自动换行,Excel,教程操作,表格,Excel·教程操作·表格,中关联(通用+WPS章节),0.274,0.0,
excel自动排序,Excel,教程操作,通用,Excel·教程操作·通用,中关联(通用+WPS章节),0.274,0.0,
excel查找函数,Excel,教程操作,函数,Excel·教程操作·函数,中关联(通用+WPS章节),0.274,0.0,
excel随机数生成,Excel,教程操作,通用,Excel·教程操作·通用,中关联(通用+WPS章节),0.274,0.0,
excel求和函数,Excel,教程操作,函数,Excel·教程操作·函数,中关联(通用+WPS章节),0.274,0.0,
excel年龄公式,Excel,教程操作,公式,Excel·教程操作·公式,中关联(通用+WPS章节),0.274,0.0,
excel日期格式,Excel,品牌直达,通用,Excel·品牌直达·通用,高关联(整篇WPS),0.274,0.0,
excel 转 pdf,PDF,品牌直达,通用,PDF·品牌直达·通用,高关联(整篇WPS),0.2212,0.0,
excel全选快捷键,Excel,教程操作,通用,Excel·教程操作·通用,中关联(通用+WPS章节),0.274,0.0,
excel合并快捷键,Excel,教程操作,合并,Excel·教程操作·合并,中关联(通用+WPS章节),0.274,0.0,
excel序号,Excel,教程操作,通用,Excel·教程操作·通用,中关联(通用+WPS章节),0.274,0.0,
excel算年龄,Excel,品牌直达,通用,Excel·品牌直达·通用,高关联(整篇WPS),0.274,0.0,
excel插入文件,Excel,教程操作,通用,Excel·教程操作·通用,中关联(通用+WPS章节),0.274,0.0,
excel合并居中快捷键,Excel,教程操作,合并,Excel·教程操作·合并,中关联(通用+WPS章节),0.274,0.0,
excel自动调整行高,Excel,教程操作,通用,Excel·教程操作·通用,中关联(通用+WPS章节),0.274,0.0,
excel向下取整,Excel,品牌直达,通用,Excel·品牌直达·通用,高关联(整篇WPS),0.274,0.0,
excel随机函数,Excel,教程操作,函数,Excel·教程操作·函数,中关联(通用+WPS章节),0.274,0.0,
excel除法函数,Excel,教程操作,函数,Excel·教程操作·函数,中关联(通用+WPS章节),0.274,0.0,
excel表格公式大全,Excel,教程操作,公式,Excel·教程操作·公式,中关联(通用+WPS章节),0.274,0.0,
excel时间差计算公式,Excel,教程操作,公式,Excel·教程操作·公式,中关联(通用+WPS章节),0.274,0.0,
excel填充,Excel,教程操作,通用,Excel·教程操作·通用,中关联(通用+WPS章节),0.274,0.0,
图片转化为excel,Excel,教程操作,通用,Excel·教程操作·通用,中关联(通用+WPS章节),0.274,0.0,
excel切片器,Excel,品牌直达,通用,Excel·品牌直达·通用,高关联(整篇WPS),0.274,0.0,
excel加法求和,Excel,品牌直达,通用,Excel·品牌直达·通用,高关联(整篇WPS),0.274,0.0,
平均数公式excel,Excel,教程操作,公式,Excel·教程操作·公式,中关联(通用+WPS章节),0.274,0.0,
excel列求和,Excel,品牌直达,通用,Excel·品牌直达·通用,高关联(整篇WPS),0.274,0.0,
excel方差,Excel,品牌直达,通用,Excel·品牌直达·通用,高关联(整篇WPS),0.274,0.0,
excel冻结,Excel,教程操作,通用,Excel·教程操作·通用,中关联(通用+WPS章节),0.274,0.0,
excel回车,Excel,品牌直达,通用,Excel·品牌直达·通用,高关联(整篇WPS),0.274,0.0,
word表格跨页,Excel,品牌直达,表格,Excel·品牌直达·表格,高关联(整篇WPS),0.274,0.0,
word表格上下居中,Excel,品牌直达,表格,Excel·品牌直达·表格,高关联(整篇WPS),0.274,0.0,
excel年龄计算公式,Excel,教程操作,公式,Excel·教程操作·公式,中关联(通用+WPS章节),0.274,0.0,
excel标准差公式,Excel,教程操作,公式,Excel·教程操作·公式,中关联(通用+WPS章节),0.274,0.0,
excel表头,Excel,品牌直达,通用,Excel·品牌直达·通用,高关联(整篇WPS),0.274,0.0,
打开excel,Excel,品牌直达,通用,Excel·品牌直达·通用,高关联(整篇WPS),0.274,0.0,
excel序号自动填充,Excel,教程操作,通用,Excel·教程操作·通用,中关联(通用+WPS章节),0.274,0.0,
excel取消密码保护,Excel,品牌直达,通用,Excel·品牌直达·通用,高关联(整篇WPS),0.274,0.0,
excel匹配函数vlookup,Excel,教程操作,vlookup,Excel·教程操作·vlookup,中关联(通用+WPS章节),0.274,0.0,
excel 插入行 快捷键,Excel,教程操作,通用,Excel·教程操作·通用,中关联(通用+WPS章节),0.274,0.0,
word表格居中,Excel,品牌直达,表格,Excel·品牌直达·表格,高关联(整篇WPS),0.274,0.0,
excel小写字母转大写,Excel,品牌直达,通用,Excel·品牌直达·通用,高关联(整篇WPS),0.274,0.0,
excel统计数据个数,Excel,教程操作,通用,Excel·教程操作·通用,中关联(通用+WPS章节),0.274,0.0,
excel显示公式,Excel,教程操作,公式,Excel·教程操作·公式,中关联(通用+WPS章节),0.274,0.0,
excel自动编号,Excel,教程操作,通用,Excel·教程操作·通用,中关联(通用+WPS章节),0.274,0.0,
excel合并两个单元格内容,Excel,教程操作,合并,Excel·教程操作·合并,中关联(通用+WPS章节),0.274,0.0,
excel 常用公式,Excel,教程操作,公式,Excel·教程操作·公式,中关联(通用+WPS章节),0.274,0.0,
excel加水印,Excel,品牌直达,水印,Excel·品牌直达·水印,高关联(整篇WPS),0.274,0.0,
python读取excel,Excel,品牌直达,通用,Excel·品牌直达·通用,高关联(整篇WPS),0.274,0.0,
excel单元格合并,Excel,教程操作,合并,Excel·教程操作·合并,中关联(通用+WPS章节),0.274,0.0,
excel工作簿,Excel,品牌直达,通用,Excel·品牌直达·通用,高关联(整篇WPS),0.274,0.0,
pdf转表格,PDF,品牌直达,表格,PDF·品牌直达·表格,高关联(整篇WPS),0.2212,0.0,
excel折线图,Excel,品牌直达,通用,Excel·品牌直达·通用,高关联(整篇WPS),0.274,0.0,
java导出excel,Excel,教程操作,通用,Excel·教程操作·通用,中关联(通用+WPS章节),0.274,0.0,
excel图片嵌入单元格,Excel,教程操作,通用,Excel·教程操作·通用,中关联(通用+WPS章节),0.274,0.0,
excel散点图,Excel,品牌直达,通用,Excel·品牌直达·通用,高关联(整篇WPS),0.274,0.0,
excel排名函数,Excel,教程操作,函数,Excel·教程操作·函数,中关联(通用+WPS章节),0.274,0.0,
excel表格筛选,Excel,教程操作,表格,Excel·教程操作·表格,中关联(通用+WPS章节),0.274,0.0,
word中的表格,Excel,品牌直达,表格,Excel·品牌直达·表格,高关联(整篇WPS),0.274,0.0,
excel高级筛选,Excel,教程操作,通用,Excel·教程操作·通用,中关联(通用+WPS章节),0.274,0.0,
excel排名,Excel,品牌直达,通用,Excel·品牌直达·通用,高关联(整篇WPS),0.274,0.0,
excel表格求和公式,Excel,教程操作,公式,Excel·教程操作·公式,中关联(通用+WPS章节),0.274,0.0,
excel数据透视,Excel,教程操作,数据透视,Excel·教程操作·数据透视,中关联(通用+WPS章节),0.274,0.0,
excel行高,Excel,教程操作,通用,Excel·教程操作·通用,中关联(通用+WPS章节),0.274,0.0,
excel截图快捷键,Excel,教程操作,通用,Excel·教程操作·通用,中关联(通用+WPS章节),0.274,0.0,
excel打印,Excel,教程操作,打印,Excel·教程操作·打印,中关联(通用+WPS章节),0.274,0.0,
excel平方,Excel,品牌直达,通用,Excel·品牌直达·通用,高关联(整篇WPS),0.274,0.0,
自动填充excel表格,Excel,教程操作,表格,Excel·教程操作·表格,中关联(通用+WPS章节),0.274,0.0,
excel透视图,Excel,教程操作,通用,Excel·教程操作·通用,中关联(通用+WPS章节),0.274,0.0,
excel表,Excel,品牌直达,通用,Excel·品牌直达·通用,高关联(整篇WPS),0.274,0.0,
excel两列内容合并,Excel,教程操作,合并,Excel·教程操作·合并,中关联(通用+WPS章节),0.274,0.0,
excel单元格换行,Excel,教程操作,通用,Excel·教程操作·通用,中关联(通用+WPS章节),0.274,0.0,
excel保存快捷键,Excel,教程操作,通用,Excel·教程操作·通用,中关联(通用+WPS章节),0.274,0.0,
excel根号,Excel,品牌直达,通用,Excel·品牌直达·通用,高关联(整篇WPS),0.274,0.0,
excel绝对值公式,Excel,教程操作,公式,Excel·教程操作·公式,中关联(通用+WPS章节),0.274,0.0,
excel分行,Excel,品牌直达,通用,Excel·品牌直达·通用,高关联(整篇WPS),0.274,0.0,
excel不等于,Excel,品牌直达,通用,Excel·品牌直达·通用,高关联(整篇WPS),0.274,0.0,
ppt表格,PPT,品牌直达,表格,PPT·品牌直达·表格,高关联(整篇WPS),1.0,0.0,
word表格求和,Excel,品牌直达,表格,Excel·品牌直达·表格,高关联(整篇WPS),0.274,0.0,
excel取整数公式,Excel,教程操作,公式,Excel·教程操作·公式,中关联(通用+WPS章节),0.274,0.0,
excel删除行的快捷键,Excel,教程操作,通用,Excel·教程操作·通用,中关联(通用+WPS章节),0.274,0.0,
excel排序公式,Excel,教程操作,公式,Excel·教程操作·公式,中关联(通用+WPS章节),0.274,0.0,
excel单元格拆分,Excel,教程操作,拆分,Excel·教程操作·拆分,中关联(通用+WPS章节),0.274,0.0,
excel删除重复值,Excel,教程操作,通用,Excel·教程操作·通用,中关联(通用+WPS章节),0.274,0.0,
excel易用宝,Excel,品牌直达,通用,Excel·品牌直达·通用,高关联(整篇WPS),0.274,0.0,
excel打印预览,Excel,教程操作,打印,Excel·教程操作·打印,中关联(通用+WPS章节),0.274,0.0,
excel下拉选择,Excel,品牌直达,通用,Excel·品牌直达·通用,高关联(整篇WPS),0.274,0.0,
excel查找重复项,Excel,教程操作,通用,Excel·教程操作·通用,中关联(通用+WPS章节),0.274,0.0,
excel序号公式,Excel,教程操作,公式,Excel·教程操作·公式,中关联(通用+WPS章节),0.274,0.0,
ppt插入excel,PPT,教程操作,通用,PPT·教程操作·通用,中关联(通用+WPS章节),1.0,0.0,
excel求和快捷键,Excel,教程操作,通用,Excel·教程操作·通用,中关联(通用+WPS章节),0.274,0.0,
excel下拉,Excel,品牌直达,通用,Excel·品牌直达·通用,高关联(整篇WPS),0.274,0.0,
excel找出重复项,Excel,品牌直达,通用,Excel·品牌直达·通用,高关联(整篇WPS),0.274,0.0,
excel拆分,Excel,教程操作,拆分,Excel·教程操作·拆分,中关联(通用+WPS章节),0.274,0.0,
excel计算时间差,Excel,教程操作,通用,Excel·教程操作·通用,中关联(通用+WPS章节),0.274,0.0,
excel生成二维码,Excel,教程操作,通用,Excel·教程操作·通用,中关联(通用+WPS章节),0.274,0.0,
excel加密码,Excel,教程操作,加密,Excel·教程操作·加密,中关联(通用+WPS章节),0.274,0.0,
excel转csv,Excel,品牌直达,通用,Excel·品牌直达·通用,高关联(整篇WPS),0.274,0.0,
excel根号函数,Excel,教程操作,函数,Excel·教程操作·函数,中关联(通用+WPS章节),0.274,0.0,
excel两列数据找重复,Excel,品牌直达,通用,Excel·品牌直达·通用,高关联(整篇WPS),0.274,0.0,
excel表格查找快捷键,Excel,教程操作,表格,Excel·教程操作·表格,中关联(通用+WPS章节),0.274,0.0,
excel整列求和,Excel,品牌直达,通用,Excel·品牌直达·通用,高关联(整篇WPS),0.274,0.0,
excel一键求和,Excel,品牌直达,通用,Excel·品牌直达·通用,高关联(整篇WPS),0.274,0.0,
word插入表格,Excel,教程操作,表格,Excel·教程操作·表格,中关联(通用+WPS章节),0.274,0.0,
excel宏,Excel,教程操作,宏,Excel·教程操作·宏,中关联(通用+WPS章节),0.274,0.0,
excel下拉列表,Excel,品牌直达,通用,Excel·品牌直达·通用,高关联(整篇WPS),0.274,0.0,
Excel2007,Excel,品牌直达,通用,Excel·品牌直达·通用,高关联(整篇WPS),0.274,0.0,
excel扩展名,Excel,品牌直达,通用,Excel·品牌直达·通用,高关联(整篇WPS),0.274,0.0,
excel在线,Excel,品牌直达,通用,Excel·品牌直达·通用,高关联(整篇WPS),0.274,0.0,
excel表格换行,Excel,教程操作,表格,Excel·教程操作·表格,中关联(通用+WPS章节),0.274,0.0,
excel条件求和,Excel,品牌直达,通用,Excel·品牌直达·通用,高关联(整篇WPS),0.274,0.0,
excel必备工具箱,Excel,品牌直达,通用,Excel·品牌直达·通用,高关联(整篇WPS),0.274,0.0,
excel向上取整函数,Excel,教程操作,函数,Excel·教程操作·函数,中关联(通用+WPS章节),0.274,0.0,
excel最大行数,Excel,品牌直达,通用,Excel·品牌直达·通用,高关联(整篇WPS),0.274,0.0,
excel根据内容自动调整行高,Excel,教程操作,通用,Excel·教程操作·通用,中关联(通用+WPS章节),0.274,0.0,
excel求乘积,Excel,品牌直达,通用,Excel·品牌直达·通用,高关联(整篇WPS),0.274,0.0,
excel表格去重,Excel,品牌直达,表格,Excel·品牌直达·表格,高关联(整篇WPS),0.274,0.0,
excel重复上一步操作快捷键,Excel,教程操作,通用,Excel·教程操作·通用,中关联(通用+WPS章节),0.274,0.0,
word插入excel,Excel,教程操作,通用,Excel·教程操作·通用,中关联(通用+WPS章节),0.274,0.0,
excel删除重复项,Excel,教程操作,通用,Excel·教程操作·通用,中关联(通用+WPS章节),0.274,0.0,
excel快捷键大全常用,Excel,教程操作,通用,Excel·教程操作·通用,中关联(通用+WPS章节),0.274,0.0,
excel文件修复工具,Excel,故障解决,通用,Excel·故障解决·通用,中关联(通用+WPS章节),0.274,0.0,
excel插值,Excel,品牌直达,通用,Excel·品牌直达·通用,高关联(整篇WPS),0.274,0.0,
excel平均数,Excel,品牌直达,通用,Excel·品牌直达·通用,高关联(整篇WPS),0.274,0.0,
excel编程,Excel,品牌直达,通用,Excel·品牌直达·通用,高关联(整篇WPS),0.274,0.0,
excel计算,Excel,教程操作,通用,Excel·教程操作·通用,中关联(通用+WPS章节),0.274,0.0,
excel自动保存,Excel,教程操作,通用,Excel·教程操作·通用,中关联(通用+WPS章节),0.274,0.0,
excel取消密码,Excel,品牌直达,通用,Excel·品牌直达·通用,高关联(整篇WPS),0.274,0.0,
excel平方公式,Excel,教程操作,公式,Excel·教程操作·公式,中关联(通用+WPS章节),0.274,0.0,
excel查重复内容,Excel,品牌直达,通用,Excel·品牌直达·通用,高关联(整篇WPS),0.274,0.0,
excel根据出生日期计算年龄,Excel,教程操作,通用,Excel·教程操作·通用,中关联(通用+WPS章节),0.274,0.0,
excel日期函数,Excel,教程操作,函数,Excel·教程操作·函数,中关联(通用+WPS章节),0.274,0.0,
excel求方差,Excel,品牌直达,通用,Excel·品牌直达·通用,高关联(整篇WPS),0.274,0.0,
excel常用函数公式,Excel,教程操作,函数,Excel·教程操作·函数,中关联(通用+WPS章节),0.274,0.0,
excel插入pdf,PDF,教程操作,通用,PDF·教程操作·通用,中关联(通用+WPS章节),0.2212,0.0,
excel函数公式乘法,Excel,教程操作,函数,Excel·教程操作·函数,中关联(通用+WPS章节),0.274,0.0,
excel日期,Excel,品牌直达,通用,Excel·品牌直达·通用,高关联(整篇WPS),0.274,0.0,
excel删除快捷键,Excel,教程操作,通用,Excel·教程操作·通用,中关联(通用+WPS章节),0.274,0.0,
excel公式加减乘除,Excel,教程操作,公式,Excel·教程操作·公式,中关联(通用+WPS章节),0.274,0.0,
excel 去重计数,Excel,品牌直达,通用,Excel·品牌直达·通用,高关联(整篇WPS),0.274,0.0,
excel保留整数,Excel,品牌直达,通用,Excel·品牌直达·通用,高关联(整篇WPS),0.274,0.0,
word表格合并,Excel,教程操作,表格,Excel·教程操作·表格,中关联(通用+WPS章节),0.274,0.0,
excel表格复制到word,Excel,教程操作,表格,Excel·教程操作·表格,中关联(通用+WPS章节),0.274,0.0,
word表格自动编号,Excel,教程操作,表格,Excel·教程操作·表格,中关联(通用+WPS章节),0.274,0.0,
word表格文字,Excel,品牌直达,表格,Excel·品牌直达·表格,高关联(整篇WPS),0.274,0.0,
在excel工作表中,Excel,品牌直达,通用,Excel·品牌直达·通用,高关联(整篇WPS),0.274,0.0,
python操作excel,Excel,品牌直达,通用,Excel·品牌直达·通用,高关联(整篇WPS),0.274,0.0,
excel常用公式,Excel,教程操作,公式,Excel·教程操作·公式,中关联(通用+WPS章节),0.274,0.0,
excel日期自动生成,WPS AI,教程操作,通用,WPS AI·教程操作·通用,中关联(通用+WPS章节),0.0,0.0,
excel表格快捷键,Excel,教程操作,表格,Excel·教程操作·表格,中关联(通用+WPS章节),0.274,164.0,
excel项目进度管理表,Excel,品牌直达,通用,Excel·品牌直达·通用,高关联(整篇WPS),0.274,0.0,
excel中if函数,Excel,教程操作,函数,Excel·教程操作·函数,中关联(通用+WPS章节),0.274,0.0,
excel生成图表,Excel,教程操作,图表,Excel·教程操作·图表,中关联(通用+WPS章节),0.274,0.0,
excel表格转置,Excel,品牌直达,表格,Excel·品牌直达·表格,高关联(整篇WPS),0.274,0.0,
excel方方格子,Excel,品牌直达,通用,Excel·品牌直达·通用,高关联(整篇WPS),0.274,0.0,
excel乘积函数,Excel,教程操作,函数,Excel·教程操作·函数,中关联(通用+WPS章节),0.274,0.0,
excel中,Excel,品牌直达,通用,Excel·品牌直达·通用,高关联(整篇WPS),0.274,0.0,
excel计算天数,Excel,教程操作,通用,Excel·教程操作·通用,中关联(通用+WPS章节),0.274,0.0,
excel统计数量,Excel,教程操作,通用,Excel·教程操作·通用,中关联(通用+WPS章节),0.274,0.0,
excel统计字数,Excel,教程操作,通用,Excel·教程操作·通用,中关联(通用+WPS章节),0.274,0.0,
excel替换快捷键,Excel,教程操作,通用,Excel·教程操作·通用,中关联(通用+WPS章节),0.274,0.0,
excel删除行快捷键,Excel,教程操作,通用,Excel·教程操作·通用,中关联(通用+WPS章节),0.274,0.0,
excel连接两个单元格内容,Excel,品牌直达,通用,Excel·品牌直达·通用,高关联(整篇WPS),0.274,0.0,
excel进度条,Excel,品牌直达,通用,Excel·品牌直达·通用,高关联(整篇WPS),0.274,0.0,
excel解密,Excel,品牌直达,解密,Excel·品牌直达·解密,高关联(整篇WPS),0.274,0.0,
excel删除重复行,Excel,教程操作,通用,Excel·教程操作·通用,中关联(通用+WPS章节),0.274,0.0,
excel汇总,Excel,教程操作,通用,Excel·教程操作·通用,中关联(通用+WPS章节),0.274,0.0,
excel上标,Excel,品牌直达,通用,Excel·品牌直达·通用,高关联(整篇WPS),0.274,0.0,
excel删除空格,Excel,教程操作,通用,Excel·教程操作·通用,中关联(通用+WPS章节),0.274,0.0,
word里的表格,Excel,品牌直达,表格,Excel·品牌直达·表格,高关联(整篇WPS),0.274,0.0,
excel计算公式,Excel,教程操作,公式,Excel·教程操作·公式,中关联(通用+WPS章节),0.274,0.0,
excel重复项显示颜色,Excel,教程操作,通用,Excel·教程操作·通用,中关联(通用+WPS章节),0.274,0.0,
excel冻结窗口,Excel,教程操作,通用,Excel·教程操作·通用,中关联(通用+WPS章节),0.274,0.0,
excel表格公式,Excel,教程操作,公式,Excel·教程操作·公式,中关联(通用+WPS章节),0.274,0.0,
excel负数变正数,Excel,品牌直达,通用,Excel·品牌直达·通用,高关联(整篇WPS),0.274,0.0,
excel绝对值函数,Excel,教程操作,函数,Excel·教程操作·函数,中关联(通用+WPS章节),0.274,0.0,
excel截取字符串,Excel,品牌直达,通用,Excel·品牌直达·通用,高关联(整篇WPS),0.274,0.0,
excel拼接字符串,Excel,品牌直达,通用,Excel·品牌直达·通用,高关联(整篇WPS),0.274,0.0,
excel做折线图,Excel,品牌直达,通用,Excel·品牌直达·通用,高关联(整篇WPS),0.274,0.0,
excel忘记密码,Excel,品牌直达,通用,Excel·品牌直达·通用,高关联(整篇WPS),0.274,0.0,
excel隐藏快捷键,Excel,教程操作,通用,Excel·教程操作·通用,中关联(通用+WPS章节),0.274,0.0,
excel产品密钥,Excel,品牌直达,通用,Excel·品牌直达·通用,高关联(整篇WPS),0.274,0.0,
excel标记重复项,Excel,品牌直达,通用,Excel·品牌直达·通用,高关联(整篇WPS),0.274,0.0,
excel另存为快捷键,Excel,教程操作,通用,Excel·教程操作·通用,中关联(通用+WPS章节),0.274,0.0,
用excel,Excel,品牌直达,通用,Excel·品牌直达·通用,高关联(整篇WPS),0.274,0.0,
excel全选,Excel,品牌直达,通用,Excel·品牌直达·通用,高关联(整篇WPS),0.274,0.0,
excel批量删除空白行,Excel,教程操作,通用,Excel·教程操作·通用,中关联(通用+WPS章节),0.274,0.0,
excel表格官网,Excel,品牌直达,表格,Excel·品牌直达·表格,高关联(整篇WPS),0.274,0.0,
excel选项,Excel,品牌直达,通用,Excel·品牌直达·通用,高关联(整篇WPS),0.274,0.0,
excel激活,Excel,下载安装,通用,Excel·下载安装·通用,高关联(整篇WPS),0.274,0.0,
excel复选框,Excel,品牌直达,通用,Excel·品牌直达·通用,高关联(整篇WPS),0.274,0.0,
excel拼接,Excel,品牌直达,通用,Excel·品牌直达·通用,高关联(整篇WPS),0.274,0.0,
excel在财务中的应用,Excel,品牌直达,通用,Excel·品牌直达·通用,高关联(整篇WPS),0.274,0.0,
excel表格全选快捷键,Excel,教程操作,表格,Excel·教程操作·表格,中关联(通用+WPS章节),0.274,0.0,
excel破解,Excel,品牌直达,通用,Excel·品牌直达·通用,高关联(整篇WPS),0.274,0.0,
excel文件后缀,Excel,品牌直达,通用,Excel·品牌直达·通用,高关联(整篇WPS),0.274,0.0,
excel多条件求和,Excel,品牌直达,通用,Excel·品牌直达·通用,高关联(整篇WPS),0.274,0.0,
excel插入视频,Excel,教程操作,通用,Excel·教程操作·通用,中关联(通用+WPS章节),0.274,0.0,
excel今天日期公式,Excel,教程操作,公式,Excel·教程操作·公式,中关联(通用+WPS章节),0.274,0.0,
excel压缩,Excel,教程操作,通用,Excel·教程操作·通用,中关联(通用+WPS章节),0.274,0.0,
excel表格乘法,Excel,品牌直达,表格,Excel·品牌直达·表格,高关联(整篇WPS),0.274,0.0,
ppt插入表格,PPT,教程操作,表格,PPT·教程操作·表格,中关联(通用+WPS章节),1.0,0.0,
word表格斜线,Excel,品牌直达,表格,Excel·品牌直达·表格,高关联(整篇WPS),0.274,0.0,
word合并表格,Excel,教程操作,表格,Excel·教程操作·表格,中关联(通用+WPS章节),0.274,0.0,
excel表格函数,Excel,教程操作,函数,Excel·教程操作·函数,中关联(通用+WPS章节),0.274,0.0,
excel指数函数,Excel,教程操作,函数,Excel·教程操作·函数,中关联(通用+WPS章节),0.274,0.0,
excel去除空格,Excel,品牌直达,通用,Excel·品牌直达·通用,高关联(整篇WPS),0.274,0.0,
excel学习,Excel,品牌直达,通用,Excel·品牌直达·通用,高关联(整篇WPS),0.274,0.0,
excel合并计算,Excel,教程操作,合并,Excel·教程操作·合并,中关联(通用+WPS章节),0.274,0.0,
excel锁定,Excel,品牌直达,通用,Excel·品牌直达·通用,高关联(整篇WPS),0.274,0.0,
excel表格插入图片,Excel,教程操作,表格,Excel·教程操作·表格,中关联(通用+WPS章节),0.274,0.0,
excel数组公式,Excel,教程操作,公式,Excel·教程操作·公式,中关联(通用+WPS章节),0.274,0.0,
excel加法公式,Excel,教程操作,公式,Excel·教程操作·公式,中关联(通用+WPS章节),0.274,0.0,
excel单元格,Excel,品牌直达,通用,Excel·品牌直达·通用,高关联(整篇WPS),0.274,0.0,
excel 斜线,Excel,品牌直达,通用,Excel·品牌直达·通用,高关联(整篇WPS),0.274,0.0,
excel水印,Excel,品牌直达,水印,Excel·品牌直达·水印,高关联(整篇WPS),0.274,0.0,
excel自动行高,Excel,教程操作,通用,Excel·教程操作·通用,中关联(通用+WPS章节),0.274,0.0,
excel计算方差,Excel,教程操作,通用,Excel·教程操作·通用,中关联(通用+WPS章节),0.274,0.0,
excel替换函数,Excel,教程操作,函数,Excel·教程操作·函数,中关联(通用+WPS章节),0.274,0.0,
excel删除空白单元格,Excel,教程操作,通用,Excel·教程操作·通用,中关联(通用+WPS章节),0.274,0.0,
excel开根号函数,Excel,教程操作,函数,Excel·教程操作·函数,中关联(通用+WPS章节),0.274,0.0,
excel定位,Excel,品牌直达,通用,Excel·品牌直达·通用,高关联(整篇WPS),0.274,0.0,
excel修复,Excel,故障解决,通用,Excel·故障解决·通用,中关联(通用+WPS章节),0.274,0.0,
excel数据处理,Excel,品牌直达,通用,Excel·品牌直达·通用,高关联(整篇WPS),0.274,0.0,
excel表格美化,Excel,教程操作,表格,Excel·教程操作·表格,中关联(通用+WPS章节),0.274,96.0,
java读取excel,Excel,品牌直达,通用,Excel·品牌直达·通用,高关联(整篇WPS),0.274,0.0,
标准差函数excel公式,Excel,教程操作,函数,Excel·教程操作·函数,中关联(通用+WPS章节),0.274,0.0,
excel转成word,Excel,品牌直达,通用,Excel·品牌直达·通用,高关联(整篇WPS),0.274,0.0,
word表格文字居中,Excel,品牌直达,表格,Excel·品牌直达·表格,高关联(整篇WPS),0.274,0.0,
excel表格制作,Excel,教程操作,表格,Excel·教程操作·表格,中关联(通用+WPS章节),0.274,0.0,
excel乱码,Excel,故障解决,乱码,Excel·故障解决·乱码,中关联(通用+WPS章节),0.274,0.0,
excel清除格式,Excel,品牌直达,通用,Excel·品牌直达·通用,高关联(整篇WPS),0.274,0.0,
vue导出excel,Excel,教程操作,通用,Excel·教程操作·通用,中关联(通用+WPS章节),0.274,0.0,
excel保留一位小数,Excel,品牌直达,通用,Excel·品牌直达·通用,高关联(整篇WPS),0.274,0.0,
excel规划求解,Excel,品牌直达,通用,Excel·品牌直达·通用,高关联(整篇WPS),0.274,0.0,
excel 之家,Excel,品牌直达,通用,Excel·品牌直达·通用,高关联(整篇WPS),0.274,0.0,
excel统计,Excel,教程操作,通用,Excel·教程操作·通用,中关联(通用+WPS章节),0.274,0.0,
excel打钩,Excel,教程操作,通用,Excel·教程操作·通用,中关联(通用+WPS章节),0.274,0.0,
excel格内换行,Excel,教程操作,通用,Excel·教程操作·通用,中关联(通用+WPS章节),0.274,0.0,
excel表格排名公式,Excel,教程操作,公式,Excel·教程操作·公式,中关联(通用+WPS章节),0.274,0.0,
excel横竖十字光标,Excel,品牌直达,通用,Excel·品牌直达·通用,高关联(整篇WPS),0.274,0.0,
excel求中位数,Excel,品牌直达,通用,Excel·品牌直达·通用,高关联(整篇WPS),0.274,0.0,
excel插入行快捷键,Excel,教程操作,通用,Excel·教程操作·通用,中关联(通用+WPS章节),0.274,0.0,
excel做日历计划表,Excel,模板获取,通用,Excel·模板获取·通用,中关联(通用+WPS章节),0.274,0.0,
excel分组,Excel,品牌直达,通用,Excel·品牌直达·通用,高关联(整篇WPS),0.274,0.0,
excel 表格拆分,Excel,教程操作,表格,Excel·教程操作·表格,中关联(通用+WPS章节),0.274,0.0,
excel中换行,Excel,教程操作,通用,Excel·教程操作·通用,中关联(通用+WPS章节),0.274,0.0,
excel求平均数,Excel,品牌直达,通用,Excel·品牌直达·通用,高关联(整篇WPS),0.274,0.0,
excel算平均值,Excel,品牌直达,通用,Excel·品牌直达·通用,高关联(整篇WPS),0.274,0.0,
excel插入日历,Excel,教程操作,通用,Excel·教程操作·通用,中关联(通用+WPS章节),0.274,0.0,
excel合并表格,Excel,教程操作,表格,Excel·教程操作·表格,中关联(通用+WPS章节),0.274,0.0,
word 表格分页,Excel,教程操作,分页,Excel·教程操作·分页,中关联(通用+WPS章节),0.274,0.0,
在excel,Excel,品牌直达,通用,Excel·品牌直达·通用,高关联(整篇WPS),0.274,0.0,
excel函数大全,Excel,教程操作,函数,Excel·教程操作·函数,中关联(通用+WPS章节),0.274,0.0,
excel教学,Excel,教程操作,通用,Excel·教程操作·通用,中关联(通用+WPS章节),0.274,0.0,
excel查找重复数据,Excel,教程操作,通用,Excel·教程操作·通用,中关联(通用+WPS章节),0.274,0.0,
excel图标,Excel,模板获取,通用,Excel·模板获取·通用,中关联(通用+WPS章节),0.274,0.0,
excel随机抽取,Excel,品牌直达,通用,Excel·品牌直达·通用,高关联(整篇WPS),0.274,0.0,
excel数据有效性,Excel,品牌直达,通用,Excel·品牌直达·通用,高关联(整篇WPS),0.274,0.0,
excel高亮显示行列,Excel,教程操作,通用,Excel·教程操作·通用,中关联(通用+WPS章节),0.274,0.0,
excel自动序号,Excel,教程操作,通用,Excel·教程操作·通用,中关联(通用+WPS章节),0.274,0.0,
excel 随机抽取,Excel,品牌直达,通用,Excel·品牌直达·通用,高关联(整篇WPS),0.274,0.0,
excel文档,Excel,品牌直达,通用,Excel·品牌直达·通用,高关联(整篇WPS),0.274,0.0,
excel不显示0,Excel,教程操作,通用,Excel·教程操作·通用,中关联(通用+WPS章节),0.274,0.0,
excel插入表格,Excel,教程操作,表格,Excel·教程操作·表格,中关联(通用+WPS章节),0.274,0.0,
excel数据比对,Excel,品牌直达,通用,Excel·品牌直达·通用,高关联(整篇WPS),0.274,0.0,
excel表格加密,Excel,教程操作,表格,Excel·教程操作·表格,中关联(通用+WPS章节),0.274,0.0,
excel计算年龄公式,Excel,教程操作,公式,Excel·教程操作·公式,中关联(通用+WPS章节),0.274,0.0,
excel固定第一行,Excel,品牌直达,通用,Excel·品牌直达·通用,高关联(整篇WPS),0.274,0.0,
excel斜杠,Excel,品牌直达,通用,Excel·品牌直达·通用,高关联(整篇WPS),0.274,0.0,
excel截图,Excel,品牌直达,通用,Excel·品牌直达·通用,高关联(整篇WPS),0.274,0.0,
excel表格自动求和,Excel,品牌直达,表格,Excel·品牌直达·表格,高关联(整篇WPS),0.274,0.0,
excel密钥,Excel,品牌直达,通用,Excel·品牌直达·通用,高关联(整篇WPS),0.274,0.0,
excel固定单元格,Excel,品牌直达,通用,Excel·品牌直达·通用,高关联(整篇WPS),0.274,0.0,
excel表格后缀,Excel,品牌直达,表格,Excel·品牌直达·表格,高关联(整篇WPS),0.274,0.0,
excel算标准差,Excel,品牌直达,通用,Excel·品牌直达·通用,高关联(整篇WPS),0.274,0.0,
excel移动整列,Excel,品牌直达,通用,Excel·品牌直达·通用,高关联(整篇WPS),0.274,0.0,
取消excel密码保护,Excel,品牌直达,通用,Excel·品牌直达·通用,高关联(整篇WPS),0.274,0.0,
excel最多多少行,Excel,品牌直达,通用,Excel·品牌直达·通用,高关联(整篇WPS),0.274,0.0,
前端导出excel,Excel,教程操作,通用,Excel·教程操作·通用,中关联(通用+WPS章节),0.274,0.0,
excel自动计算,Excel,教程操作,通用,Excel·教程操作·通用,中关联(通用+WPS章节),0.274,0.0,
勤哲excel服务器,Excel,品牌直达,通用,Excel·品牌直达·通用,高关联(整篇WPS),0.274,0.0,
excel求差公式,Excel,教程操作,公式,Excel·教程操作·公式,中关联(通用+WPS章节),0.274,0.0,
excel随机数公式,Excel,教程操作,公式,Excel·教程操作·公式,中关联(通用+WPS章节),0.274,0.0,
excel 矩阵乘法,Excel,品牌直达,通用,Excel·品牌直达·通用,高关联(整篇WPS),0.274,0.0,
excel插入复选框,Excel,教程操作,通用,Excel·教程操作·通用,中关联(通用+WPS章节),0.274,0.0,
excel引用,Excel,品牌直达,通用,Excel·品牌直达·通用,高关联(整篇WPS),0.274,0.0,
日历excel,Excel,品牌直达,通用,Excel·品牌直达·通用,高关联(整篇WPS),0.274,0.0,
excel拆分表格,Excel,教程操作,表格,Excel·教程操作·表格,中关联(通用+WPS章节),0.274,0.0,
excel课程,Excel,品牌直达,通用,Excel·品牌直达·通用,高关联(整篇WPS),0.274,0.0,
excel填充序列,Excel,教程操作,通用,Excel·教程操作·通用,中关联(通用+WPS章节),0.274,0.0,
excel表格横向纵向变换,Excel,品牌直达,表格,Excel·品牌直达·表格,高关联(整篇WPS),0.274,175.0,
excel不显示网格线,Excel,教程操作,通用,Excel·教程操作·通用,中关联(通用+WPS章节),0.274,0.0,
excel统计个数,Excel,教程操作,通用,Excel·教程操作·通用,中关联(通用+WPS章节),0.274,0.0,
excel超链接,Excel,教程操作,通用,Excel·教程操作·通用,中关联(通用+WPS章节),0.274,0.0,
excel模糊匹配,Excel,品牌直达,通用,Excel·品牌直达·通用,高关联(整篇WPS),0.274,0.0,
excel格式刷快捷键,Excel,教程操作,通用,Excel·教程操作·通用,中关联(通用+WPS章节),0.274,0.0,
excel筛选求和,Excel,教程操作,通用,Excel·教程操作·通用,中关联(通用+WPS章节),0.274,0.0,
excel练习素材,Excel,模板获取,通用,Excel·模板获取·通用,中关联(通用+WPS章节),0.274,0.0,
excel合并单元格内容,Excel,教程操作,合并单元格,Excel·教程操作·合并单元格,中关联(通用+WPS章节),0.274,0.0,
excel强制换行,Excel,教程操作,通用,Excel·教程操作·通用,中关联(通用+WPS章节),0.274,0.0,
python写入excel,Excel,品牌直达,通用,Excel·品牌直达·通用,高关联(整篇WPS),0.274,0.0,
excel查找重复值,Excel,教程操作,通用,Excel·教程操作·通用,中关联(通用+WPS章节),0.274,0.0,
excel随机生成数字,Excel,教程操作,通用,Excel·教程操作·通用,中关联(通用+WPS章节),0.274,0.0,
excel做下拉选项,Excel,品牌直达,通用,Excel·品牌直达·通用,高关联(整篇WPS),0.274,0.0,
excel调整行间距,Excel,教程操作,通用,Excel·教程操作·通用,中关联(通用+WPS章节),0.274,0.0,
excel格式后缀,Excel,品牌直达,通用,Excel·品牌直达·通用,高关联(整篇WPS),0.274,0.0,
excel表格日期自动生成,WPS AI,教程操作,表格,WPS AI·教程操作·表格,中关联(通用+WPS章节),0.0,0.0,
excel自定义函数,Excel,教程操作,函数,Excel·教程操作·函数,中关联(通用+WPS章节),0.274,0.0,
excel绘制折线图,Excel,品牌直达,通用,Excel·品牌直达·通用,高关联(整篇WPS),0.274,0.0,
excel插入选项,Excel,教程操作,通用,Excel·教程操作·通用,中关联(通用+WPS章节),0.274,0.0,
excel绝对值符号,Excel,品牌直达,通用,Excel·品牌直达·通用,高关联(整篇WPS),0.274,0.0,
excel计算时间差的公式,Excel,教程操作,公式,Excel·教程操作·公式,中关联(通用+WPS章节),0.274,0.0,
excel页码,Excel,品牌直达,通用,Excel·品牌直达·通用,高关联(整篇WPS),0.274,0.0,
excel加法,Excel,品牌直达,通用,Excel·品牌直达·通用,高关联(整篇WPS),0.274,0.0,
excel条件函数,Excel,教程操作,函数,Excel·教程操作·函数,中关联(通用+WPS章节),0.274,0.0,
excel插入行,Excel,教程操作,通用,Excel·教程操作·通用,中关联(通用+WPS章节),0.274,0.0,
excel数据分列,Excel,品牌直达,通用,Excel·品牌直达·通用,高关联(整篇WPS),0.274,0.0,
excel自定义排序,Excel,教程操作,通用,Excel·教程操作·通用,中关联(通用+WPS章节),0.274,0.0,
excel删除指定内容,Excel,教程操作,通用,Excel·教程操作·通用,中关联(通用+WPS章节),0.274,0.0,
excel 转vcf,Excel,品牌直达,通用,Excel·品牌直达·通用,高关联(整篇WPS),0.274,0.0,
中位数公式 excel,Excel,教程操作,公式,Excel·教程操作·公式,中关联(通用+WPS章节),0.274,0.0,
excel表格年龄计算公式,Excel,教程操作,公式,Excel·教程操作·公式,中关联(通用+WPS章节),0.274,0.0,
excel格式刷,Excel,品牌直达,通用,Excel·品牌直达·通用,高关联(整篇WPS),0.274,0.0,
word表格制作,Excel,教程操作,表格,Excel·教程操作·表格,中关联(通用+WPS章节),0.274,0.0,
word表格分页,Excel,教程操作,分页,Excel·教程操作·分页,中关联(通用+WPS章节),0.274,0.0,
word表格合并单元格,Excel,教程操作,合并单元格,Excel·教程操作·合并单元格,中关联(通用+WPS章节),0.274,0.0,
word表格序号,Excel,教程操作,表格,Excel·教程操作·表格,中关联(通用+WPS章节),0.274,0.0,
excel公式不显示结果,Excel,教程操作,公式,Excel·教程操作·公式,中关联(通用+WPS章节),0.274,0.0,
excel自动填充序号,Excel,教程操作,通用,Excel·教程操作·通用,中关联(通用+WPS章节),0.274,0.0,
excel饼图,Excel,品牌直达,通用,Excel·品牌直达·通用,高关联(整篇WPS),0.274,0.0,
excel表格拆分,Excel,教程操作,表格,Excel·教程操作·表格,中关联(通用+WPS章节),0.274,0.0,
excel四舍五入公式,Excel,教程操作,公式,Excel·教程操作·公式,中关联(通用+WPS章节),0.274,0.0,
excel表格查重,Excel,品牌直达,表格,Excel·品牌直达·表格,高关联(整篇WPS),0.274,0.0,
excel查询,Excel,品牌直达,通用,Excel·品牌直达·通用,高关联(整篇WPS),0.274,0.0,
excel小写转大写,Excel,品牌直达,通用,Excel·品牌直达·通用,高关联(整篇WPS),0.274,0.0,
excel横向筛选,Excel,教程操作,通用,Excel·教程操作·通用,中关联(通用+WPS章节),0.274,0.0,
excel向下取整函数,Excel,教程操作,函数,Excel·教程操作·函数,中关联(通用+WPS章节),0.274,0.0,
excel日期公式,Excel,教程操作,公式,Excel·教程操作·公式,中关联(通用+WPS章节),0.274,0.0,
excel计算百分比,Excel,教程操作,通用,Excel·教程操作·通用,中关联(通用+WPS章节),0.274,0.0,
excel翻译成中文,Excel,品牌直达,通用,Excel·品牌直达·通用,高关联(整篇WPS),0.274,0.0,
excel移动整行,Excel,品牌直达,通用,Excel·品牌直达·通用,高关联(整篇WPS),0.274,0.0,
excel添加下拉选项,Excel,教程操作,通用,Excel·教程操作·通用,中关联(通用+WPS章节),0.274,0.0,
excel把两列内容合并,Excel,教程操作,合并,Excel·教程操作·合并,中关联(通用+WPS章节),0.274,0.0,
excel工具,Excel,品牌直达,通用,Excel·品牌直达·通用,高关联(整篇WPS),0.274,0.0,
excel表格文字,Excel,品牌直达,表格,Excel·品牌直达·表格,高关联(整篇WPS),0.274,0.0,
excel数据统计,Excel,教程操作,通用,Excel·教程操作·通用,中关联(通用+WPS章节),0.274,0.0,
excel调整行高,Excel,教程操作,通用,Excel·教程操作·通用,中关联(通用+WPS章节),0.274,0.0,
excel导出pdf,PDF,教程操作,通用,PDF·教程操作·通用,中关联(通用+WPS章节),0.2212,0.0,
excel计算平均值,Excel,教程操作,通用,Excel·教程操作·通用,中关联(通用+WPS章节),0.274,0.0,
excel动态图表,Excel,教程操作,图表,Excel·教程操作·图表,中关联(通用+WPS章节),0.274,0.0,
excel制作折线图,Excel,教程操作,通用,Excel·教程操作·通用,中关联(通用+WPS章节),0.274,0.0,
poi导出excel,Excel,教程操作,通用,Excel·教程操作·通用,中关联(通用+WPS章节),0.274,0.0,
excel日期相减,Excel,品牌直达,通用,Excel·品牌直达·通用,高关联(整篇WPS),0.274,0.0,
excel无法求和,Excel,品牌直达,通用,Excel·品牌直达·通用,高关联(整篇WPS),0.274,0.0,
excel气泡图,Excel,品牌直达,通用,Excel·品牌直达·通用,高关联(整篇WPS),0.274,0.0,
日历excel表格,Excel,品牌直达,表格,Excel·品牌直达·表格,高关联(整篇WPS),0.274,0.0,
excel删除空白列,Excel,教程操作,通用,Excel·教程操作·通用,中关联(通用+WPS章节),0.274,0.0,
excel数字转文本,Excel,品牌直达,通用,Excel·品牌直达·通用,高关联(整篇WPS),0.274,0.0,
excel数字无法求和,Excel,品牌直达,通用,Excel·品牌直达·通用,高关联(整篇WPS),0.274,0.0,
excel同类项合并求和,Excel,教程操作,合并,Excel·教程操作·合并,中关联(通用+WPS章节),0.274,0.0,
excel日期相减得到天数,Excel,品牌直达,通用,Excel·品牌直达·通用,高关联(整篇WPS),0.274,0.0,
excel学习网,Excel,品牌直达,通用,Excel·品牌直达·通用,高关联(整篇WPS),0.274,0.0,
excel图片,Excel,教程操作,通用,Excel·教程操作·通用,中关联(通用+WPS章节),0.274,0.0,
excel数据库,Excel,品牌直达,通用,Excel·品牌直达·通用,高关联(整篇WPS),0.274,0.0,
excel身份证,Excel,品牌直达,通用,Excel·品牌直达·通用,高关联(整篇WPS),0.274,0.0,
excel数组,Excel,品牌直达,通用,Excel·品牌直达·通用,高关联(整篇WPS),0.274,0.0,
excel循环引用,Excel,品牌直达,通用,Excel·品牌直达·通用,高关联(整篇WPS),0.274,0.0,
excel在线解密,Excel,品牌直达,解密,Excel·品牌直达·解密,高关联(整篇WPS),0.274,0.0,
word中表格跨页续表,Excel,品牌直达,表格,Excel·品牌直达·表格,高关联(整篇WPS),0.274,0.0,
excel2003,Excel,品牌直达,通用,Excel·品牌直达·通用,高关联(整篇WPS),0.274,0.0,
excel文件打不开,Excel,故障解决,打不开,Excel·故障解决·打不开,中关联(通用+WPS章节),0.274,0.0,
excel取消隐藏,Excel,教程操作,通用,Excel·教程操作·通用,中关联(通用+WPS章节),0.274,0.0,
excel插入多行,Excel,教程操作,通用,Excel·教程操作·通用,中关联(通用+WPS章节),0.274,0.0,
excel取整公式,Excel,教程操作,公式,Excel·教程操作·公式,中关联(通用+WPS章节),0.274,0.0,
excel日历,Excel,品牌直达,通用,Excel·品牌直达·通用,高关联(整篇WPS),0.274,0.0,
excel折叠,Excel,品牌直达,通用,Excel·品牌直达·通用,高关联(整篇WPS),0.274,0.0,
excel向下填充,Excel,教程操作,通用,Excel·教程操作·通用,中关联(通用+WPS章节),0.274,0.0,
excel导出图片,Excel,教程操作,通用,Excel·教程操作·通用,中关联(通用+WPS章节),0.274,0.0,
excel数据分析工具,Excel,品牌直达,通用,Excel·品牌直达·通用,高关联(整篇WPS),0.274,0.0,
excel单元格插入图片,Excel,教程操作,通用,Excel·教程操作·通用,中关联(通用+WPS章节),0.274,0.0,
excel身份证号计算年龄,Excel,教程操作,通用,Excel·教程操作·通用,中关联(通用+WPS章节),0.274,0.0,
excel一列拆分成两列,Excel,教程操作,拆分,Excel·教程操作·拆分,中关联(通用+WPS章节),0.274,0.0,
微软excel,Excel,品牌直达,通用,Excel·品牌直达·通用,高关联(整篇WPS),0.274,0.0,
excel打印表头,Excel,教程操作,打印,Excel·教程操作·打印,中关联(通用+WPS章节),0.274,0.0,
js导出excel,Excel,教程操作,通用,Excel·教程操作·通用,中关联(通用+WPS章节),0.274,0.0,
excel表格删除空白行,Excel,教程操作,表格,Excel·教程操作·表格,中关联(通用+WPS章节),0.274,0.0,
excel合并重复项,Excel,教程操作,合并,Excel·教程操作·合并,中关联(通用+WPS章节),0.274,0.0,
excel表格取整数公式,Excel,教程操作,公式,Excel·教程操作·公式,中关联(通用+WPS章节),0.274,0.0,
excel重复项,Excel,品牌直达,通用,Excel·品牌直达·通用,高关联(整篇WPS),0.274,0.0,
excel作图,Excel,品牌直达,通用,Excel·品牌直达·通用,高关联(整篇WPS),0.274,0.0,
excel截取,Excel,品牌直达,通用,Excel·品牌直达·通用,高关联(整篇WPS),0.274,0.0,
excel文件格式,Excel,品牌直达,通用,Excel·品牌直达·通用,高关联(整篇WPS),0.274,0.0,
excel游戏,Excel,品牌直达,通用,Excel·品牌直达·通用,高关联(整篇WPS),0.274,0.0,
excel回归分析,Excel,品牌直达,通用,Excel·品牌直达·通用,高关联(整篇WPS),0.274,0.0,
excel画折线图,Excel,品牌直达,通用,Excel·品牌直达·通用,高关联(整篇WPS),0.274,0.0,
excel制作图表,Excel,教程操作,图表,Excel·教程操作·图表,中关联(通用+WPS章节),0.274,0.0,
excel分类统计,Excel,教程操作,通用,Excel·教程操作·通用,中关联(通用+WPS章节),0.274,0.0,
excel插入日期,Excel,教程操作,通用,Excel·教程操作·通用,中关联(通用+WPS章节),0.274,0.0,
excel反选,Excel,品牌直达,通用,Excel·品牌直达·通用,高关联(整篇WPS),0.274,0.0,
excel多条件筛选,Excel,教程操作,通用,Excel·教程操作·通用,中关联(通用+WPS章节),0.274,0.0,
excel表格求平均值,Excel,品牌直达,表格,Excel·品牌直达·表格,高关联(整篇WPS),0.274,0.0,
excel无法粘贴数据,Excel,教程操作,通用,Excel·教程操作·通用,中关联(通用+WPS章节),0.274,0.0,
excel隐藏,Excel,教程操作,通用,Excel·教程操作·通用,中关联(通用+WPS章节),0.274,0.0,
合并单元格excel,Excel,教程操作,合并单元格,Excel·教程操作·合并单元格,中关联(通用+WPS章节),0.274,0.0,
excel年龄,Excel,品牌直达,通用,Excel·品牌直达·通用,高关联(整篇WPS),0.274,0.0,
excel复制公式,Excel,教程操作,公式,Excel·教程操作·公式,中关联(通用+WPS章节),0.274,0.0,
excel日期计算,Excel,教程操作,通用,Excel·教程操作·通用,中关联(通用+WPS章节),0.274,0.0,
excel年龄计算,Excel,教程操作,通用,Excel·教程操作·通用,中关联(通用+WPS章节),0.274,0.0,
excel抽奖,Excel,品牌直达,通用,Excel·品牌直达·通用,高关联(整篇WPS),0.274,0.0,
excel阅读模式,Excel,品牌直达,通用,Excel·品牌直达·通用,高关联(整篇WPS),0.274,0.0,
excel删除空白页,Excel,教程操作,通用,Excel·教程操作·通用,中关联(通用+WPS章节),0.274,0.0,
excel锁定表头,Excel,品牌直达,通用,Excel·品牌直达·通用,高关联(整篇WPS),0.274,0.0,
excel插入折线图,Excel,教程操作,通用,Excel·教程操作·通用,中关联(通用+WPS章节),0.274,0.0,
excel文本转数字,Excel,品牌直达,通用,Excel·品牌直达·通用,高关联(整篇WPS),0.274,0.0,
excel列去重,Excel,品牌直达,通用,Excel·品牌直达·通用,高关联(整篇WPS),0.274,0.0,
excel做甘特图,Excel,品牌直达,通用,Excel·品牌直达·通用,高关联(整篇WPS),0.274,0.0,
excel倒序排列,Excel,品牌直达,通用,Excel·品牌直达·通用,高关联(整篇WPS),0.274,0.0,
excel 下拉多选,Excel,品牌直达,通用,Excel·品牌直达·通用,高关联(整篇WPS),0.274,0.0,
excel按数字大小排序,Excel,教程操作,通用,Excel·教程操作·通用,中关联(通用+WPS章节),0.274,0.0,
excel自适应行高,Excel,教程操作,通用,Excel·教程操作·通用,中关联(通用+WPS章节),0.274,0.0,
excel取余,Excel,品牌直达,通用,Excel·品牌直达·通用,高关联(整篇WPS),0.274,0.0,
excel批量删除指定内容,Excel,教程操作,通用,Excel·教程操作·通用,中关联(通用+WPS章节),0.274,0.0,
导入excel,Excel,教程操作,通用,Excel·教程操作·通用,中关联(通用+WPS章节),0.274,0.0,
excel筛选数据,Excel,教程操作,通用,Excel·教程操作·通用,中关联(通用+WPS章节),0.274,0.0,
excel大写,Excel,品牌直达,通用,Excel·品牌直达·通用,高关联(整篇WPS),0.274,0.0,
excel数字格式,Excel,品牌直达,通用,Excel·品牌直达·通用,高关联(整篇WPS),0.274,0.0,
excel数据合并,Excel,教程操作,合并,Excel·教程操作·合并,中关联(通用+WPS章节),0.274,0.0,
excel筛选重复,Excel,教程操作,通用,Excel·教程操作·通用,中关联(通用+WPS章节),0.274,0.0,
把excel表格导入word,Excel,教程操作,表格,Excel·教程操作·表格,中关联(通用+WPS章节),0.274,0.0,
word表格换行,Excel,教程操作,表格,Excel·教程操作·表格,中关联(通用+WPS章节),0.274,0.0,
word拆分表格,Excel,教程操作,表格,Excel·教程操作·表格,中关联(通用+WPS章节),0.274,0.0,
word表格行间距,Excel,品牌直达,表格,Excel·品牌直达·表格,高关联(整篇WPS),0.274,0.0,
标准差excel,Excel,品牌直达,通用,Excel·品牌直达·通用,高关联(整篇WPS),0.274,0.0,
excel2016,Excel,品牌直达,通用,Excel·品牌直达·通用,高关联(整篇WPS),0.274,0.0,
excel行间距,Excel,品牌直达,通用,Excel·品牌直达·通用,高关联(整篇WPS),0.274,0.0,
excel绝对引用快捷键,Excel,教程操作,通用,Excel·教程操作·通用,中关联(通用+WPS章节),0.274,0.0,
excel平均值函数,Excel,教程操作,函数,Excel·教程操作·函数,中关联(通用+WPS章节),0.274,0.0,
excel文字,Excel,品牌直达,通用,Excel·品牌直达·通用,高关联(整篇WPS),0.274,0.0,
导出excel,Excel,教程操作,通用,Excel·教程操作·通用,中关联(通用+WPS章节),0.274,0.0,
excel序号函数,Excel,教程操作,函数,Excel·教程操作·函数,中关联(通用+WPS章节),0.274,0.0,
excel自动填充快捷键,Excel,教程操作,通用,Excel·教程操作·通用,中关联(通用+WPS章节),0.274,0.0,
excel求差,Excel,品牌直达,通用,Excel·品牌直达·通用,高关联(整篇WPS),0.274,0.0,
excel表头固定,Excel,品牌直达,通用,Excel·品牌直达·通用,高关联(整篇WPS),0.274,0.0,
excel取消筛选,Excel,教程操作,通用,Excel·教程操作·通用,中关联(通用+WPS章节),0.274,0.0,
excel表格中换行,Excel,教程操作,表格,Excel·教程操作·表格,中关联(通用+WPS章节),0.274,0.0,
excel首字母大写,Excel,品牌直达,通用,Excel·品牌直达·通用,高关联(整篇WPS),0.274,0.0,
excel多条件查找,Excel,教程操作,通用,Excel·教程操作·通用,中关联(通用+WPS章节),0.274,0.0,
excel常用快捷键大全,Excel,教程操作,通用,Excel·教程操作·通用,中关联(通用+WPS章节),0.274,0.0,
excel批量替换,Excel,教程操作,通用,Excel·教程操作·通用,中关联(通用+WPS章节),0.274,0.0,
excel文件加密,Excel,教程操作,加密,Excel·教程操作·加密,中关联(通用+WPS章节),0.274,0.0,
excel计算工龄,Excel,教程操作,通用,Excel·教程操作·通用,中关联(通用+WPS章节),0.274,0.0,
excel迷你图,Excel,品牌直达,通用,Excel·品牌直达·通用,高关联(整篇WPS),0.274,0.0,
excel加页码,Excel,品牌直达,通用,Excel·品牌直达·通用,高关联(整篇WPS),0.274,0.0,
excel自动生成序号,WPS AI,教程操作,通用,WPS AI·教程操作·通用,中关联(通用+WPS章节),0.0,0.0,
excel制作甘特图,Excel,教程操作,通用,Excel·教程操作·通用,中关联(通用+WPS章节),0.274,0.0,
excel解方程,Excel,品牌直达,通用,Excel·品牌直达·通用,高关联(整篇WPS),0.274,0.0,
excel求平均值公式,Excel,教程操作,公式,Excel·教程操作·公式,中关联(通用+WPS章节),0.274,0.0,
excel天数计算公式,Excel,教程操作,公式,Excel·教程操作·公式,中关联(通用+WPS章节),0.274,0.0,
excel取余数,Excel,品牌直达,通用,Excel·品牌直达·通用,高关联(整篇WPS),0.274,0.0,
excel中位数公式,Excel,教程操作,公式,Excel·教程操作·公式,中关联(通用+WPS章节),0.274,0.0,
excel清除内容快捷键,Excel,教程操作,通用,Excel·教程操作·通用,中关联(通用+WPS章节),0.274,0.0,
excel取余函数,Excel,教程操作,函数,Excel·教程操作·函数,中关联(通用+WPS章节),0.274,0.0,
excel固定首行,Excel,品牌直达,通用,Excel·品牌直达·通用,高关联(整篇WPS),0.274,0.0,
删除excel空白行,Excel,教程操作,通用,Excel·教程操作·通用,中关联(通用+WPS章节),0.274,0.0,
excel日期只保留年月,Excel,品牌直达,通用,Excel·品牌直达·通用,高关联(整篇WPS),0.274,0.0,
excel表格计算,Excel,教程操作,表格,Excel·教程操作·表格,中关联(通用+WPS章节),0.274,0.0,
excel 版本,Excel,品牌直达,通用,Excel·品牌直达·通用,高关联(整篇WPS),0.274,0.0,
excel分页,Excel,教程操作,分页,Excel·教程操作·分页,中关联(通用+WPS章节),0.274,0.0,
excel求平均,Excel,品牌直达,通用,Excel·品牌直达·通用,高关联(整篇WPS),0.274,0.0,
excel下划线,Excel,教程操作,通用,Excel·教程操作·通用,中关联(通用+WPS章节),0.274,0.0,
excel数据排序,Excel,教程操作,通用,Excel·教程操作·通用,中关联(通用+WPS章节),0.274,0.0,
excel分页符,Excel,教程操作,分页,Excel·教程操作·分页,中关联(通用+WPS章节),0.274,0.0,
excel填充序号,Excel,教程操作,通用,Excel·教程操作·通用,中关联(通用+WPS章节),0.274,0.0,
excel一列求和,Excel,品牌直达,通用,Excel·品牌直达·通用,高关联(整篇WPS),0.274,0.0,
透视图excel,Excel,教程操作,通用,Excel·教程操作·通用,中关联(通用+WPS章节),0.274,0.0,
excel加权平均,Excel,品牌直达,通用,Excel·品牌直达·通用,高关联(整篇WPS),0.274,0.0,
excel表格下拉选项,Excel,品牌直达,表格,Excel·品牌直达·表格,高关联(整篇WPS),0.274,0.0,
excel冻结首行,Excel,教程操作,通用,Excel·教程操作·通用,中关联(通用+WPS章节),0.274,0.0,
excel冻结窗格,Excel,教程操作,通用,Excel·教程操作·通用,中关联(通用+WPS章节),0.274,0.0,
excel大写公式,Excel,教程操作,公式,Excel·教程操作·公式,中关联(通用+WPS章节),0.274,0.0,
excel表格拆分单元格,Excel,教程操作,拆分单元格,Excel·教程操作·拆分单元格,中关联(通用+WPS章节),0.274,0.0,
excel常用快捷键,Excel,教程操作,通用,Excel·教程操作·通用,中关联(通用+WPS章节),0.274,0.0,
excel批量合并单元格,Excel,教程操作,合并单元格,Excel·教程操作·合并单元格,中关联(通用+WPS章节),0.274,0.0,
excel添加水印,Excel,教程操作,水印,Excel·教程操作·水印,中关联(通用+WPS章节),0.274,0.0,
excel重复标题行,Excel,品牌直达,通用,Excel·品牌直达·通用,高关联(整篇WPS),0.274,0.0,
excel单元格自动换行,Excel,教程操作,通用,Excel·教程操作·通用,中关联(通用+WPS章节),0.274,0.0,
excel快速填充序号,Excel,教程操作,通用,Excel·教程操作·通用,中关联(通用+WPS章节),0.274,0.0,
excel分组求和,Excel,品牌直达,通用,Excel·品牌直达·通用,高关联(整篇WPS),0.274,0.0,
excel取消隐藏快捷键,Excel,教程操作,通用,Excel·教程操作·通用,中关联(通用+WPS章节),0.274,0.0,
excel单元格换行快捷键,Excel,教程操作,通用,Excel·教程操作·通用,中关联(通用+WPS章节),0.274,0.0,
excel中位数函数,Excel,教程操作,函数,Excel·教程操作·函数,中关联(通用+WPS章节),0.274,0.0,
excel身份证算年龄公式,Excel,教程操作,公式,Excel·教程操作·公式,中关联(通用+WPS章节),0.274,0.0,
excel输入数字自动变成日期,Excel,品牌直达,通用,Excel·品牌直达·通用,高关联(整篇WPS),0.274,0.0,
excel一行,Excel,品牌直达,通用,Excel·品牌直达·通用,高关联(整篇WPS),0.274,0.0,
excel填充颜色,Excel,教程操作,通用,Excel·教程操作·通用,中关联(通用+WPS章节),0.274,0.0,
Excel身份证号,Excel,品牌直达,通用,Excel·品牌直达·通用,高关联(整篇WPS),0.274,0.0,
excel删除重复,Excel,教程操作,通用,Excel·教程操作·通用,中关联(通用+WPS章节),0.274,0.0,
excel多选,Excel,品牌直达,通用,Excel·品牌直达·通用,高关联(整篇WPS),0.274,0.0,
excel三角函数,Excel,教程操作,函数,Excel·教程操作·函数,中关联(通用+WPS章节),0.274,0.0,
word表格排序,Excel,教程操作,表格,Excel·教程操作·表格,中关联(通用+WPS章节),0.274,0.0,
excel表格导入word,Excel,教程操作,表格,Excel·教程操作·表格,中关联(通用+WPS章节),0.274,0.0,
word表格调整行高,Excel,教程操作,表格,Excel·教程操作·表格,中关联(通用+WPS章节),0.274,0.0,
word表格行高,Excel,教程操作,表格,Excel·教程操作·表格,中关联(通用+WPS章节),0.274,0.0,
word表格显示不全,Excel,教程操作,表格,Excel·教程操作·表格,中关联(通用+WPS章节),0.274,0.0,
word导入excel表格,Excel,教程操作,表格,Excel·教程操作·表格,中关联(通用+WPS章节),0.274,0.0,
word表格垂直居中,Excel,品牌直达,表格,Excel·品牌直达·表格,高关联(整篇WPS),0.274,0.0,
word里面的表格,Excel,品牌直达,表格,Excel·品牌直达·表格,高关联(整篇WPS),0.274,0.0,
word表格断开,Excel,品牌直达,表格,Excel·品牌直达·表格,高关联(整篇WPS),0.274,0.0,
excel快捷键大全,Excel,教程操作,通用,Excel·教程操作·通用,中关联(通用+WPS章节),0.274,0.0,
excel直方图,Excel,品牌直达,通用,Excel·品牌直达·通用,高关联(整篇WPS),0.274,0.0,
excel函数vlookup,Excel,教程操作,vlookup,Excel·教程操作·vlookup,中关联(通用+WPS章节),0.274,0.0,
excel转vcf,Excel,品牌直达,通用,Excel·品牌直达·通用,高关联(整篇WPS),0.274,0.0,
excel向上取整,Excel,品牌直达,通用,Excel·品牌直达·通用,高关联(整篇WPS),0.274,0.0,
excel横排变竖排,Excel,品牌直达,通用,Excel·品牌直达·通用,高关联(整篇WPS),0.274,0.0,
excel透视,Excel,教程操作,通用,Excel·教程操作·通用,中关联(通用+WPS章节),0.274,0.0,
excel生成折线图,Excel,教程操作,通用,Excel·教程操作·通用,中关联(通用+WPS章节),0.274,0.0,
excel的if函数,Excel,教程操作,函数,Excel·教程操作·函数,中关联(通用+WPS章节),0.274,0.0,
excel斜线,Excel,品牌直达,通用,Excel·品牌直达·通用,高关联(整篇WPS),0.274,0.0,
excel快速求和,Excel,品牌直达,通用,Excel·品牌直达·通用,高关联(整篇WPS),0.274,0.0,
excel去重计数,Excel,品牌直达,通用,Excel·品牌直达·通用,高关联(整篇WPS),0.274,0.0,
excel插入图表,Excel,教程操作,图表,Excel·教程操作·图表,中关联(通用+WPS章节),0.274,0.0,
excel百分比,Excel,品牌直达,通用,Excel·品牌直达·通用,高关联(整篇WPS),0.274,0.0,
excel行距,Excel,品牌直达,行距,Excel·品牌直达·行距,高关联(整篇WPS),0.274,0.0,
excel除法函数公式,Excel,教程操作,函数,Excel·教程操作·函数,中关联(通用+WPS章节),0.274,0.0,
excel替换换行符,Excel,教程操作,通用,Excel·教程操作·通用,中关联(通用+WPS章节),0.274,0.0,
excel删除整行快捷键,Excel,教程操作,通用,Excel·教程操作·通用,中关联(通用+WPS章节),0.274,0.0,
excel分类,Excel,品牌直达,通用,Excel·品牌直达·通用,高关联(整篇WPS),0.274,0.0,
excel版本,Excel,品牌直达,通用,Excel·品牌直达·通用,高关联(整篇WPS),0.274,0.0,
excel查找重复,Excel,教程操作,通用,Excel·教程操作·通用,中关联(通用+WPS章节),0.274,0.0,
excel绘图,Excel,品牌直达,通用,Excel·品牌直达·通用,高关联(整篇WPS),0.274,0.0,
excel饼状图,Excel,品牌直达,通用,Excel·品牌直达·通用,高关联(整篇WPS),0.274,0.0,
excel中vlookup,Excel,品牌直达,vlookup,Excel·品牌直达·vlookup,高关联(整篇WPS),0.274,0.0,
excel标准差函数,Excel,教程操作,函数,Excel·教程操作·函数,中关联(通用+WPS章节),0.274,0.0,
excel多条件匹配,Excel,品牌直达,通用,Excel·品牌直达·通用,高关联(整篇WPS),0.274,0.0,
excel取消工作表保护,Excel,品牌直达,通用,Excel·品牌直达·通用,高关联(整篇WPS),0.274,0.0,
excel快捷,Excel,教程操作,通用,Excel·教程操作·通用,中关联(通用+WPS章节),0.274,0.0,
excel表格选项,Excel,品牌直达,表格,Excel·品牌直达·表格,高关联(整篇WPS),0.274,0.0,
excel数字排序,Excel,教程操作,通用,Excel·教程操作·通用,中关联(通用+WPS章节),0.274,0.0,
excel隐藏列,Excel,教程操作,通用,Excel·教程操作·通用,中关联(通用+WPS章节),0.274,0.0,
excel固定行,Excel,品牌直达,通用,Excel·品牌直达·通用,高关联(整篇WPS),0.274,0.0,
excel插入公式,Excel,教程操作,公式,Excel·教程操作·公式,中关联(通用+WPS章节),0.274,0.0,
excel筛选函数,Excel,教程操作,函数,Excel·教程操作·函数,中关联(通用+WPS章节),0.274,0.0,
excel自定义格式,Excel,品牌直达,通用,Excel·品牌直达·通用,高关联(整篇WPS),0.274,0.0,
excel操作题,Excel,品牌直达,通用,Excel·品牌直达·通用,高关联(整篇WPS),0.274,0.0,
excel制作日历,Excel,教程操作,通用,Excel·教程操作·通用,中关联(通用+WPS章节),0.274,0.0,
excel分类求和,Excel,品牌直达,通用,Excel·品牌直达·通用,高关联(整篇WPS),0.274,0.0,
excel365,Excel,品牌直达,通用,Excel·品牌直达·通用,高关联(整篇WPS),0.274,0.0,
excel百分比函数,Excel,教程操作,函数,Excel·教程操作·函数,中关联(通用+WPS章节),0.274,0.0,
excel数据透视图,Excel,教程操作,数据透视,Excel·教程操作·数据透视,中关联(通用+WPS章节),0.274,0.0,
excel身份证计算年龄,Excel,教程操作,通用,Excel·教程操作·通用,中关联(通用+WPS章节),0.274,0.0,
excel转置粘贴,Excel,教程操作,通用,Excel·教程操作·通用,中关联(通用+WPS章节),0.274,0.0,
python处理excel数据,Excel,品牌直达,通用,Excel·品牌直达·通用,高关联(整篇WPS),0.274,0.0,
excel合并单元格在哪,Excel,教程操作,合并单元格,Excel·教程操作·合并单元格,中关联(通用+WPS章节),0.274,0.0,
excel粘贴到可见单元格,Excel,教程操作,通用,Excel·教程操作·通用,中关联(通用+WPS章节),0.274,0.0,
excel纵向数据转横向,Excel,品牌直达,通用,Excel·品牌直达·通用,高关联(整篇WPS),0.274,0.0,
删除空行excel,Excel,教程操作,通用,Excel·教程操作·通用,中关联(通用+WPS章节),0.274,0.0,
excel组合,Excel,教程操作,通用,Excel·教程操作·通用,中关联(通用+WPS章节),0.274,0.0,
excel比对,Excel,品牌直达,通用,Excel·品牌直达·通用,高关联(整篇WPS),0.274,0.0,
excel中if,Excel,品牌直达,通用,Excel·品牌直达·通用,高关联(整篇WPS),0.274,0.0,
excel美化,Excel,教程操作,通用,Excel·教程操作·通用,中关联(通用+WPS章节),0.274,0.0,
excel查重复,Excel,品牌直达,通用,Excel·品牌直达·通用,高关联(整篇WPS),0.274,0.0,
excel下拉填充,Excel,教程操作,通用,Excel·教程操作·通用,中关联(通用+WPS章节),0.274,0.0,
excel图片压缩,Excel,教程操作,通用,Excel·教程操作·通用,中关联(通用+WPS章节),0.274,0.0,
破解版excel,Excel,下载安装,通用,Excel·下载安装·通用,高关联(整篇WPS),0.274,0.0,
excel组合图,Excel,教程操作,通用,Excel·教程操作·通用,中关联(通用+WPS章节),0.274,0.0,
excel科学计数法,Excel,品牌直达,通用,Excel·品牌直达·通用,高关联(整篇WPS),0.274,0.0,
excel取消保护,Excel,品牌直达,通用,Excel·品牌直达·通用,高关联(整篇WPS),0.274,0.0,
excel打印居中,Excel,教程操作,打印,Excel·教程操作·打印,中关联(通用+WPS章节),0.274,0.0,
excel中插入图片,Excel,教程操作,通用,Excel·教程操作·通用,中关联(通用+WPS章节),0.274,0.0,
excel护眼模式,Excel,品牌直达,通用,Excel·品牌直达·通用,高关联(整篇WPS),0.274,0.0,
excel插入批注,Excel,教程操作,批注,Excel·教程操作·批注,中关联(通用+WPS章节),0.274,0.0,
excel时间相减,Excel,品牌直达,通用,Excel·品牌直达·通用,高关联(整篇WPS),0.274,0.0,
excel筛选重复值,Excel,教程操作,通用,Excel·教程操作·通用,中关联(通用+WPS章节),0.274,0.0,
excel日期加减,Excel,品牌直达,通用,Excel·品牌直达·通用,高关联(整篇WPS),0.274,0.0,
excel插入序号,Excel,教程操作,通用,Excel·教程操作·通用,中关联(通用+WPS章节),0.274,0.0,
excel行变列,Excel,品牌直达,通用,Excel·品牌直达·通用,高关联(整篇WPS),0.274,0.0,
excel公式不计算,Excel,教程操作,公式,Excel·教程操作·公式,中关联(通用+WPS章节),0.274,0.0,
excel聚光灯,Excel,品牌直达,通用,Excel·品牌直达·通用,高关联(整篇WPS),0.274,0.0,
excel表格翻译,Excel,品牌直达,表格,Excel·品牌直达·表格,高关联(整篇WPS),0.274,0.0,
excel时间计算公式,Excel,教程操作,公式,Excel·教程操作·公式,中关联(通用+WPS章节),0.274,0.0,
excel取对数,Excel,品牌直达,通用,Excel·品牌直达·通用,高关联(整篇WPS),0.274,0.0,
excel相关性分析,Excel,品牌直达,通用,Excel·品牌直达·通用,高关联(整篇WPS),0.274,0.0,
excel柱形图制作,Excel,教程操作,通用,Excel·教程操作·通用,中关联(通用+WPS章节),0.274,0.0,
excel取消排序,Excel,教程操作,通用,Excel·教程操作·通用,中关联(通用+WPS章节),0.274,0.0,
excel筛选显示数量,Excel,教程操作,通用,Excel·教程操作·通用,中关联(通用+WPS章节),0.274,0.0,
excel数字转大写,Excel,品牌直达,通用,Excel·品牌直达·通用,高关联(整篇WPS),0.274,0.0,
excel修订模式,Excel,教程操作,修订,Excel·教程操作·修订,中关联(通用+WPS章节),0.274,0.0,
excel取消全部隐藏,Excel,教程操作,通用,Excel·教程操作·通用,中关联(通用+WPS章节),0.274,0.0,
irr公式excel,Excel,教程操作,公式,Excel·教程操作·公式,中关联(通用+WPS章节),0.274,0.0,
excel求余数,Excel,品牌直达,通用,Excel·品牌直达·通用,高关联(整篇WPS),0.274,0.0,
excel大写转小写,Excel,品牌直达,通用,Excel·品牌直达·通用,高关联(整篇WPS),0.274,0.0,
excel统计个数的函数,Excel,教程操作,函数,Excel·教程操作·函数,中关联(通用+WPS章节),0.274,0.0,
excel两列相乘求和,Excel,品牌直达,通用,Excel·品牌直达·通用,高关联(整篇WPS),0.274,0.0,
excel取消科学计数法,Excel,品牌直达,通用,Excel·品牌直达·通用,高关联(整篇WPS),0.274,0.0,
excel计算月份差,Excel,教程操作,通用,Excel·教程操作·通用,中关联(通用+WPS章节),0.274,0.0,
excel转sql,Excel,品牌直达,通用,Excel·品牌直达·通用,高关联(整篇WPS),0.274,0.0,
excel快速删除空白行,Excel,教程操作,通用,Excel·教程操作·通用,中关联(通用+WPS章节),0.274,0.0,
excel日期转文本,Excel,品牌直达,通用,Excel·品牌直达·通用,高关联(整篇WPS),0.274,0.0,
excel自动编号函数,Excel,教程操作,函数,Excel·教程操作·函数,中关联(通用+WPS章节),0.274,0.0,
excel.js,Excel,品牌直达,通用,Excel·品牌直达·通用,高关联(整篇WPS),0.274,0.0,
excel临时文件保存路径,Excel,教程操作,通用,Excel·教程操作·通用,中关联(通用+WPS章节),0.274,0.0,
excel打印固定表头,Excel,教程操作,打印,Excel·教程操作·打印,中关联(通用+WPS章节),0.274,0.0,
excel导出,Excel,教程操作,通用,Excel·教程操作·通用,中关联(通用+WPS章节),0.274,0.0,
excel选择,Excel,品牌直达,通用,Excel·品牌直达·通用,高关联(整篇WPS),0.274,0.0,
excel计算时间,Excel,教程操作,通用,Excel·教程操作·通用,中关联(通用+WPS章节),0.274,0.0,
excel列排序,Excel,教程操作,通用,Excel·教程操作·通用,中关联(通用+WPS章节),0.274,0.0,
excel 隐藏列,Excel,教程操作,通用,Excel·教程操作·通用,中关联(通用+WPS章节),0.274,0.0,
excel单元格锁定,Excel,品牌直达,通用,Excel·品牌直达·通用,高关联(整篇WPS),0.274,0.0,
excel查找公式,Excel,教程操作,公式,Excel·教程操作·公式,中关联(通用+WPS章节),0.274,0.0,
excel数据拆分,Excel,教程操作,拆分,Excel·教程操作·拆分,中关联(通用+WPS章节),0.274,0.0,
excel倒序,Excel,品牌直达,通用,Excel·品牌直达·通用,高关联(整篇WPS),0.274,0.0,
excel选择框,Excel,品牌直达,通用,Excel·品牌直达·通用,高关联(整篇WPS),0.274,0.0,
ppt表格美化,PPT,教程操作,表格,PPT·教程操作·表格,中关联(通用+WPS章节),1.0,0.0,
word表格填充序号,Excel,教程操作,表格,Excel·教程操作·表格,中关联(通用+WPS章节),0.274,0.0,
word表格行距,Excel,品牌直达,表格,Excel·品牌直达·表格,高关联(整篇WPS),0.274,0.0,
excel插入word,Excel,教程操作,通用,Excel·教程操作·通用,中关联(通用+WPS章节),0.274,0.0,
word表格复制到excel,Excel,教程操作,表格,Excel·教程操作·表格,中关联(通用+WPS章节),0.274,0.0,
word表格编号,Excel,教程操作,表格,Excel·教程操作·表格,中关联(通用+WPS章节),0.274,0.0,
excel表格插入word,Excel,教程操作,表格,Excel·教程操作·表格,中关联(通用+WPS章节),0.274,35.0,
word插入excel表格,Excel,教程操作,表格,Excel·教程操作·表格,中关联(通用+WPS章节),0.274,0.0,
word中插入excel,Excel,教程操作,通用,Excel·教程操作·通用,中关联(通用+WPS章节),0.274,0.0,
word表格无法调整行高,Excel,教程操作,表格,Excel·教程操作·表格,中关联(通用+WPS章节),0.274,0.0,
word表格调整,Excel,教程操作,表格,Excel·教程操作·表格,中关联(通用+WPS章节),0.274,0.0,
excel下标,Excel,品牌直达,通用,Excel·品牌直达·通用,高关联(整篇WPS),0.274,0.0,
excel开方,Excel,品牌直达,通用,Excel·品牌直达·通用,高关联(整篇WPS),0.274,0.0,
excel计数,Excel,品牌直达,通用,Excel·品牌直达·通用,高关联(整篇WPS),0.274,0.0,
excel比赛,Excel,品牌直达,通用,Excel·品牌直达·通用,高关联(整篇WPS),0.274,0.0,
excel数据匹配,Excel,品牌直达,通用,Excel·品牌直达·通用,高关联(整篇WPS),0.274,0.0,
excel表格打印,Excel,教程操作,打印,Excel·教程操作·打印,中关联(通用+WPS章节),0.274,0.0,
excel统计函数,Excel,教程操作,函数,Excel·教程操作·函数,中关联(通用+WPS章节),0.274,0.0,
多个excel合并成一个表,Excel,教程操作,合并,Excel·教程操作·合并,中关联(通用+WPS章节),0.274,0.0,
excel公式计算,Excel,教程操作,公式,Excel·教程操作·公式,中关联(通用+WPS章节),0.274,0.0,
excel 打钩,Excel,教程操作,通用,Excel·教程操作·通用,中关联(通用+WPS章节),0.274,0.0,
合并excel,Excel,教程操作,合并,Excel·教程操作·合并,中关联(通用+WPS章节),0.274,0.0,
excel之家,Excel,品牌直达,通用,Excel·品牌直达·通用,高关联(整篇WPS),0.274,0.0,
excel一行拆分多行,Excel,教程操作,拆分,Excel·教程操作·拆分,中关联(通用+WPS章节),0.274,0.0,
excel只复制数字不复制公式,Excel,教程操作,公式,Excel·教程操作·公式,中关联(通用+WPS章节),0.274,0.0,
excel取消打印分割线,Excel,教程操作,打印,Excel·教程操作·打印,中关联(通用+WPS章节),0.274,0.0,
excel计算两个日期之间的月数,Excel,教程操作,通用,Excel·教程操作·通用,中关联(通用+WPS章节),0.274,0.0,
excel中text函数的用法,Excel,教程操作,函数,Excel·教程操作·函数,中关联(通用+WPS章节),0.274,0.0,
excel时间计算,Excel,教程操作,通用,Excel·教程操作·通用,中关联(通用+WPS章节),0.274,0.0,
excel固定列,Excel,品牌直达,通用,Excel·品牌直达·通用,高关联(整篇WPS),0.274,0.0,
excel开发工具,Excel,品牌直达,通用,Excel·品牌直达·通用,高关联(整篇WPS),0.274,0.0,
excel超级表,Excel,品牌直达,通用,Excel·品牌直达·通用,高关联(整篇WPS),0.274,0.0,
excel刷新快捷键,Excel,教程操作,通用,Excel·教程操作·通用,中关联(通用+WPS章节),0.274,0.0,
excel转置快捷键,Excel,教程操作,通用,Excel·教程操作·通用,中关联(通用+WPS章节),0.274,0.0,
excel单元格内换行快捷键,Excel,教程操作,通用,Excel·教程操作·通用,中关联(通用+WPS章节),0.274,0.0,
excel数据筛选,Excel,教程操作,通用,Excel·教程操作·通用,中关联(通用+WPS章节),0.274,0.0,
excel最大值,Excel,品牌直达,通用,Excel·品牌直达·通用,高关联(整篇WPS),0.274,0.0,
excel曲线图,Excel,品牌直达,通用,Excel·品牌直达·通用,高关联(整篇WPS),0.274,0.0,
excel时间函数,Excel,教程操作,函数,Excel·教程操作·函数,中关联(通用+WPS章节),0.274,0.0,
excel分隔符,Excel,品牌直达,通用,Excel·品牌直达·通用,高关联(整篇WPS),0.274,0.0,
excel表格斜杠,Excel,品牌直达,表格,Excel·品牌直达·表格,高关联(整篇WPS),0.274,0.0,
排序公式excel,Excel,教程操作,公式,Excel·教程操作·公式,中关联(通用+WPS章节),0.274,0.0,
excel嵌入图片,Excel,教程操作,通用,Excel·教程操作·通用,中关联(通用+WPS章节),0.274,0.0,
excel文本合并,Excel,教程操作,合并,Excel·教程操作·合并,中关联(通用+WPS章节),0.274,0.0,
标准偏差excel,Excel,品牌直达,通用,Excel·品牌直达·通用,高关联(整篇WPS),0.274,0.0,
excel合并列,Excel,教程操作,合并,Excel·教程操作·合并,中关联(通用+WPS章节),0.274,0.0,
excel开平方,Excel,品牌直达,通用,Excel·品牌直达·通用,高关联(整篇WPS),0.274,0.0,
excel方差函数,Excel,教程操作,函数,Excel·教程操作·函数,中关联(通用+WPS章节),0.274,0.0,
excel数据去重,Excel,品牌直达,通用,Excel·品牌直达·通用,高关联(整篇WPS),0.274,0.0,
excel导入txt文件,Excel,教程操作,通用,Excel·教程操作·通用,中关联(通用+WPS章节),0.274,0.0,
excel分类汇总求和,Excel,教程操作,通用,Excel·教程操作·通用,中关联(通用+WPS章节),0.274,0.0,
excel下拉多选,Excel,品牌直达,通用,Excel·品牌直达·通用,高关联(整篇WPS),0.274,0.0,
excel余数公式,Excel,教程操作,公式,Excel·教程操作·公式,中关联(通用+WPS章节),0.274,0.0,
excel随机函数公式,Excel,教程操作,函数,Excel·教程操作·函数,中关联(通用+WPS章节),0.274,0.0,
python打开excel文件,Excel,品牌直达,通用,Excel·品牌直达·通用,高关联(整篇WPS),0.274,0.0,
excel固定,Excel,品牌直达,通用,Excel·品牌直达·通用,高关联(整篇WPS),0.274,0.0,
excel功能,Excel,功能认知,通用,Excel·功能认知·通用,中关联(通用+WPS章节),0.274,0.0,
excel搜索,Excel,品牌直达,通用,Excel·品牌直达·通用,高关联(整篇WPS),0.274,0.0,
excel目录,Excel,教程操作,目录,Excel·教程操作·目录,中关联(通用+WPS章节),0.274,0.0,
共享excel,Excel,品牌直达,通用,Excel·品牌直达·通用,高关联(整篇WPS),0.274,0.0,
excel重复值,Excel,品牌直达,通用,Excel·品牌直达·通用,高关联(整篇WPS),0.274,0.0,
多个excel合并,Excel,教程操作,合并,Excel·教程操作·合并,中关联(通用+WPS章节),0.274,0.0,
excel表格锁定,Excel,品牌直达,表格,Excel·品牌直达·表格,高关联(整篇WPS),0.274,0.0,
excel时间格式,Excel,品牌直达,通用,Excel·品牌直达·通用,高关联(整篇WPS),0.274,0.0,
excel统计人数,Excel,教程操作,通用,Excel·教程操作·通用,中关联(通用+WPS章节),0.274,0.0,
excel趋势线,Excel,品牌直达,通用,Excel·品牌直达·通用,高关联(整篇WPS),0.274,0.0,
excel查找替换,Excel,教程操作,通用,Excel·教程操作·通用,中关联(通用+WPS章节),0.274,0.0,
excel表格计数,Excel,品牌直达,表格,Excel·品牌直达·表格,高关联(整篇WPS),0.274,0.0,
excel打开乱码,Excel,故障解决,乱码,Excel·故障解决·乱码,中关联(通用+WPS章节),0.274,0.0,
excel表格大全,Excel,品牌直达,表格,Excel·品牌直达·表格,高关联(整篇WPS),0.274,0.0,
excel去掉空格,Excel,教程操作,通用,Excel·教程操作·通用,中关联(通用+WPS章节),0.274,0.0,
excel全屏,Excel,品牌直达,通用,Excel·品牌直达·通用,高关联(整篇WPS),0.274,0.0,
excel正态分布,Excel,品牌直达,通用,Excel·品牌直达·通用,高关联(整篇WPS),0.274,0.0,
excel做柱状图,Excel,品牌直达,通用,Excel·品牌直达·通用,高关联(整篇WPS),0.274,0.0,
excel文字换行,Excel,教程操作,通用,Excel·教程操作·通用,中关联(通用+WPS章节),0.274,0.0,
excel线性回归,Excel,品牌直达,通用,Excel·品牌直达·通用,高关联(整篇WPS),0.274,0.0,
excel隐藏公式,Excel,教程操作,公式,Excel·教程操作·公式,中关联(通用+WPS章节),0.274,0.0,
excel单元格选项,Excel,品牌直达,通用,Excel·品牌直达·通用,高关联(整篇WPS),0.274,0.0,
excel表格分列,Excel,品牌直达,表格,Excel·品牌直达·表格,高关联(整篇WPS),0.274,0.0,
excel方框打勾,Excel,品牌直达,通用,Excel·品牌直达·通用,高关联(整篇WPS),0.274,0.0,
excel去重复,Excel,品牌直达,通用,Excel·品牌直达·通用,高关联(整篇WPS),0.274,0.0,
excel雷达图,Excel,品牌直达,通用,Excel·品牌直达·通用,高关联(整篇WPS),0.274,0.0,
excel创建组,Excel,教程操作,通用,Excel·教程操作·通用,中关联(通用+WPS章节),0.274,0.0,
Excel转大写,Excel,品牌直达,通用,Excel·品牌直达·通用,高关联(整篇WPS),0.274,0.0,
excel统计分析,Excel,教程操作,通用,Excel·教程操作·通用,中关联(通用+WPS章节),0.274,0.0,
excel文字方向,Excel,品牌直达,通用,Excel·品牌直达·通用,高关联(整篇WPS),0.274,0.0,
excel移动列,Excel,品牌直达,通用,Excel·品牌直达·通用,高关联(整篇WPS),0.274,0.0,
excel方框打钩,Excel,教程操作,通用,Excel·教程操作·通用,中关联(通用+WPS章节),0.274,0.0,
excel里换行,Excel,教程操作,通用,Excel·教程操作·通用,中关联(通用+WPS章节),0.274,0.0,
excel自定义序列,Excel,品牌直达,通用,Excel·品牌直达·通用,高关联(整篇WPS),0.274,0.0,
excel包含函数,Excel,教程操作,函数,Excel·教程操作·函数,中关联(通用+WPS章节),0.274,0.0,
excel统计行数,Excel,教程操作,通用,Excel·教程操作·通用,中关联(通用+WPS章节),0.274,0.0,
excel单元格内容拆分,Excel,教程操作,拆分,Excel·教程操作·拆分,中关联(通用+WPS章节),0.274,0.0,
excel的后缀,Excel,品牌直达,通用,Excel·品牌直达·通用,高关联(整篇WPS),0.274,0.0,
excel两列相乘,Excel,品牌直达,通用,Excel·品牌直达·通用,高关联(整篇WPS),0.274,0.0,
excel做日历,Excel,品牌直达,通用,Excel·品牌直达·通用,高关联(整篇WPS),0.274,0.0,
excel批量导入图片,Excel,教程操作,通用,Excel·教程操作·通用,中关联(通用+WPS章节),0.274,0.0,
excel激活码,Excel,下载安装,通用,Excel·下载安装·通用,高关联(整篇WPS),0.274,0.0,
excel表格学习,Excel,品牌直达,表格,Excel·品牌直达·表格,高关联(整篇WPS),0.274,0.0,
excel制作二维码,Excel,教程操作,通用,Excel·教程操作·通用,中关联(通用+WPS章节),0.274,0.0,
excel筛选后求和,Excel,教程操作,通用,Excel·教程操作·通用,中关联(通用+WPS章节),0.274,0.0,
excel取消超链接,Excel,教程操作,通用,Excel·教程操作·通用,中关联(通用+WPS章节),0.274,0.0,
excel身份证算年龄,Excel,品牌直达,通用,Excel·品牌直达·通用,高关联(整篇WPS),0.274,0.0,
excel正态分布图,Excel,品牌直达,通用,Excel·品牌直达·通用,高关联(整篇WPS),0.274,0.0,
excel四分位数,Excel,品牌直达,通用,Excel·品牌直达·通用,高关联(整篇WPS),0.274,0.0,
excel求绝对值,Excel,品牌直达,通用,Excel·品牌直达·通用,高关联(整篇WPS),0.274,0.0,
excel正则表达式,Excel,品牌直达,通用,Excel·品牌直达·通用,高关联(整篇WPS),0.274,0.0,
excel汉字转拼音,Excel,品牌直达,通用,Excel·品牌直达·通用,高关联(整篇WPS),0.274,0.0,
excel激活工具,Excel,下载安装,通用,Excel·下载安装·通用,高关联(整篇WPS),0.274,0.0,
excel取整数函数,Excel,教程操作,函数,Excel·教程操作·函数,中关联(通用+WPS章节),0.274,0.0,
excel 去除空行,Excel,品牌直达,通用,Excel·品牌直达·通用,高关联(整篇WPS),0.274,0.0,
excel公式固定单元格,Excel,教程操作,公式,Excel·教程操作·公式,中关联(通用+WPS章节),0.274,0.0,
excel计算中位数,Excel,教程操作,通用,Excel·教程操作·通用,中关联(通用+WPS章节),0.274,0.0,
excel字符串连接,Excel,品牌直达,通用,Excel·品牌直达·通用,高关联(整篇WPS),0.274,0.0,
excel替换回车,Excel,教程操作,通用,Excel·教程操作·通用,中关联(通用+WPS章节),0.274,0.0,
excel解密软件,Excel,品牌直达,解密,Excel·品牌直达·解密,高关联(整篇WPS),0.274,0.0,
excel去重函数,Excel,教程操作,函数,Excel·教程操作·函数,中关联(通用+WPS章节),0.274,0.0,
excel催化剂,Excel,品牌直达,通用,Excel·品牌直达·通用,高关联(整篇WPS),0.274,0.0,
excel抽奖函数,Excel,教程操作,函数,Excel·教程操作·函数,中关联(通用+WPS章节),0.274,0.0,
ppt插入excel文件,PPT,教程操作,通用,PPT·教程操作·通用,中关联(通用+WPS章节),1.0,0.0,
excel不复制隐藏单元格,Excel,教程操作,通用,Excel·教程操作·通用,中关联(通用+WPS章节),0.274,0.0,
excel标准差的计算公式,Excel,教程操作,公式,Excel·教程操作·公式,中关联(通用+WPS章节),0.274,0.0,
excel下拉填充快捷键,Excel,教程操作,通用,Excel·教程操作·通用,中关联(通用+WPS章节),0.274,0.0,
excel生成uuid,Excel,教程操作,通用,Excel·教程操作·通用,中关联(通用+WPS章节),0.274,0.0,
js读取excel文件内容,Excel,品牌直达,通用,Excel·品牌直达·通用,高关联(整篇WPS),0.274,0.0,
excel柱形图,Excel,品牌直达,通用,Excel·品牌直达·通用,高关联(整篇WPS),0.274,0.0,
excel 时间计算,Excel,教程操作,通用,Excel·教程操作·通用,中关联(通用+WPS章节),0.274,0.0,
随机数excel,Excel,品牌直达,通用,Excel·品牌直达·通用,高关联(整篇WPS),0.274,0.0,
excel无法打开,Excel,故障解决,通用,Excel·故障解决·通用,中关联(通用+WPS章节),0.274,0.0,
表格软件excel,Excel,品牌直达,表格,Excel·品牌直达·表格,高关联(整篇WPS),0.274,0.0,
excel加载项,Excel,品牌直达,通用,Excel·品牌直达·通用,高关联(整篇WPS),0.274,0.0,
excel公式if,Excel,教程操作,公式,Excel·教程操作·公式,中关联(通用+WPS章节),0.274,0.0,
excel合并工作表,Excel,教程操作,合并,Excel·教程操作·合并,中关联(通用+WPS章节),0.274,0.0,
excel打印页码,Excel,教程操作,打印,Excel·教程操作·打印,中关联(通用+WPS章节),0.274,0.0,
excel当前日期,Excel,品牌直达,通用,Excel·品牌直达·通用,高关联(整篇WPS),0.274,0.0,
word表格插入序号,Excel,教程操作,表格,Excel·教程操作·表格,中关联(通用+WPS章节),0.274,0.0,
word转表格,Excel,品牌直达,表格,Excel·品牌直达·表格,高关联(整篇WPS),0.274,0.0,
word清除表格内容,Excel,品牌直达,表格,Excel·品牌直达·表格,高关联(整篇WPS),0.274,0.0,
word表格边框加粗,Excel,教程操作,表格,Excel·教程操作·表格,中关联(通用+WPS章节),0.274,0.0,
word表格拆分,Excel,教程操作,表格,Excel·教程操作·表格,中关联(通用+WPS章节),0.274,0.0,
word表格中文字,Excel,品牌直达,表格,Excel·品牌直达·表格,高关联(整篇WPS),0.274,0.0,
word文档中的表格,Excel,品牌直达,表格,Excel·品牌直达·表格,高关联(整篇WPS),0.274,0.0,
word表格插入图片,Excel,教程操作,表格,Excel·教程操作·表格,中关联(通用+WPS章节),0.274,0.0,
Excel杀,Excel,品牌直达,通用,Excel·品牌直达·通用,高关联(整篇WPS),0.274,0.0,
excel表格打不开,Excel,故障解决,表格,Excel·故障解决·表格,中关联(通用+WPS章节),0.274,0.0,
excel服务器,Excel,品牌直达,通用,Excel·品牌直达·通用,高关联(整篇WPS),0.274,0.0,
excel随机数函数,Excel,教程操作,函数,Excel·教程操作·函数,中关联(通用+WPS章节),0.274,0.0,
excel自动筛选,Excel,教程操作,通用,Excel·教程操作·通用,中关联(通用+WPS章节),0.274,0.0,
excel启用宏,Excel,教程操作,宏,Excel·教程操作·宏,中关联(通用+WPS章节),0.274,0.0,
excel批量插入图片,Excel,教程操作,通用,Excel·教程操作·通用,中关联(通用+WPS章节),0.274,0.0,
excel方差公式,Excel,教程操作,公式,Excel·教程操作·公式,中关联(通用+WPS章节),0.274,0.0,
excel行列转置,Excel,品牌直达,通用,Excel·品牌直达·通用,高关联(整篇WPS),0.274,0.0,
excel模版,Excel,品牌直达,通用,Excel·品牌直达·通用,高关联(整篇WPS),0.274,0.0,
excel取消下拉选项,Excel,品牌直达,通用,Excel·品牌直达·通用,高关联(整篇WPS),0.274,0.0,
excel两列合并,Excel,教程操作,合并,Excel·教程操作·合并,中关联(通用+WPS章节),0.274,0.0,
excel合并多个工作表,Excel,教程操作,合并,Excel·教程操作·合并,中关联(通用+WPS章节),0.274,0.0,
easypoi导出excel,Excel,教程操作,通用,Excel·教程操作·通用,中关联(通用+WPS章节),0.274,0.0,
excel函数if,Excel,教程操作,函数,Excel·教程操作·函数,中关联(通用+WPS章节),0.274,0.0,
excel打印标题,Excel,教程操作,打印,Excel·教程操作·打印,中关联(通用+WPS章节),0.274,0.0,
excel表格if函数,Excel,教程操作,函数,Excel·教程操作·函数,中关联(通用+WPS章节),0.274,0.0,
excel去空格,Excel,品牌直达,通用,Excel·品牌直达·通用,高关联(整篇WPS),0.274,0.0,
excel多条件判断,Excel,品牌直达,通用,Excel·品牌直达·通用,高关联(整篇WPS),0.274,0.0,
excel 激活工具,Excel,下载安装,通用,Excel·下载安装·通用,高关联(整篇WPS),0.274,0.0,
excel绿色版,Excel,下载安装,通用,Excel·下载安装·通用,高关联(整篇WPS),0.274,0.0,
excel当前日期函数,Excel,教程操作,函数,Excel·教程操作·函数,中关联(通用+WPS章节),0.274,0.0,
excel相对引用和绝对引用,Excel,品牌直达,通用,Excel·品牌直达·通用,高关联(整篇WPS),0.274,0.0,
excel不显示,Excel,教程操作,通用,Excel·教程操作·通用,中关联(通用+WPS章节),0.274,0.0,
excel随机,Excel,品牌直达,通用,Excel·品牌直达·通用,高关联(整篇WPS),0.274,0.0,
excel表格序号,Excel,教程操作,表格,Excel·教程操作·表格,中关联(通用+WPS章节),0.274,0.0,
excel打印区域,Excel,教程操作,打印,Excel·教程操作·打印,中关联(通用+WPS章节),0.274,0.0,
excel万元,Excel,品牌直达,通用,Excel·品牌直达·通用,高关联(整篇WPS),0.274,0.0,
excel合并两列,Excel,教程操作,合并,Excel·教程操作·合并,中关联(通用+WPS章节),0.274,0.0,
excel单元格内容合并,Excel,教程操作,合并,Excel·教程操作·合并,中关联(通用+WPS章节),0.274,0.0,
excel文件合并,Excel,教程操作,合并,Excel·教程操作·合并,中关联(通用+WPS章节),0.274,0.0,
excel分栏,Excel,教程操作,通用,Excel·教程操作·通用,中关联(通用+WPS章节),0.274,0.0,
excel公式自动计算,Excel,教程操作,公式,Excel·教程操作·公式,中关联(通用+WPS章节),0.274,0.0,
excel邮件合并,Excel,教程操作,合并,Excel·教程操作·合并,中关联(通用+WPS章节),0.274,0.0,
excel倒计时,Excel,品牌直达,通用,Excel·品牌直达·通用,高关联(整篇WPS),0.274,0.0,
excel匹配函数,Excel,教程操作,函数,Excel·教程操作·函数,中关联(通用+WPS章节),0.274,0.0,
excel合并两列内容,Excel,教程操作,合并,Excel·教程操作·合并,中关联(通用+WPS章节),0.274,0.0,
excel表格里换行,Excel,教程操作,表格,Excel·教程操作·表格,中关联(通用+WPS章节),0.274,0.0,
excel插入斜线,Excel,教程操作,通用,Excel·教程操作·通用,中关联(通用+WPS章节),0.274,0.0,
excel插入快捷键,Excel,教程操作,通用,Excel·教程操作·通用,中关联(通用+WPS章节),0.274,0.0,
excel名称管理器,Excel,品牌直达,通用,Excel·品牌直达·通用,高关联(整篇WPS),0.274,0.0,
excel生成条形码,Excel,教程操作,通用,Excel·教程操作·通用,中关联(通用+WPS章节),0.274,0.0,
excel四舍五入取整,Excel,品牌直达,通用,Excel·品牌直达·通用,高关联(整篇WPS),0.274,0.0,
excel冻结前两行,Excel,教程操作,通用,Excel·教程操作·通用,中关联(通用+WPS章节),0.274,0.0,
excel换行符号,Excel,教程操作,通用,Excel·教程操作·通用,中关联(通用+WPS章节),0.274,0.0,
excel修复软件,Excel,故障解决,通用,Excel·故障解决·通用,中关联(通用+WPS章节),0.274,0.0,
excel多级下拉菜单,Excel,品牌直达,通用,Excel·品牌直达·通用,高关联(整篇WPS),0.274,0.0,
excel表格换行快捷键,Excel,教程操作,表格,Excel·教程操作·表格,中关联(通用+WPS章节),0.274,0.0,
excel身份证计算年龄公式,Excel,教程操作,公式,Excel·教程操作·公式,中关联(通用+WPS章节),0.274,0.0,
ppt中插入excel,PPT,教程操作,通用,PPT·教程操作·通用,中关联(通用+WPS章节),1.0,0.0,
excel标准差计算公式,Excel,教程操作,公式,Excel·教程操作·公式,中关联(通用+WPS章节),0.274,0.0,
excel整除函数,Excel,教程操作,函数,Excel·教程操作·函数,中关联(通用+WPS章节),0.274,0.0,
excel切换sheet快捷键,Excel,教程操作,通用,Excel·教程操作·通用,中关联(通用+WPS章节),0.274,0.0,
方方格子excel工具箱,Excel,品牌直达,通用,Excel·品牌直达·通用,高关联(整篇WPS),0.274,0.0,
excel取前面几个字符,Excel,品牌直达,通用,Excel·品牌直达·通用,高关联(整篇WPS),0.274,0.0,
excel下一行,Excel,品牌直达,通用,Excel·品牌直达·通用,高关联(整篇WPS),0.274,0.0,
excel条件公式,Excel,教程操作,公式,Excel·教程操作·公式,中关联(通用+WPS章节),0.274,0.0,
excel时间公式,Excel,教程操作,公式,Excel·教程操作·公式,中关联(通用+WPS章节),0.274,0.0,
excel文字合并,Excel,教程操作,合并,Excel·教程操作·合并,中关联(通用+WPS章节),0.274,0.0,
excel精灵,Excel,品牌直达,通用,Excel·品牌直达·通用,高关联(整篇WPS),0.274,0.0,
excel匹配数据,Excel,品牌直达,通用,Excel·品牌直达·通用,高关联(整篇WPS),0.274,0.0,
excel条件计数,Excel,品牌直达,通用,Excel·品牌直达·通用,高关联(整篇WPS),0.274,0.0,
excel取消分页,Excel,教程操作,分页,Excel·教程操作·分页,中关联(通用+WPS章节),0.274,0.0,
excel抽签,Excel,品牌直达,通用,Excel·品牌直达·通用,高关联(整篇WPS),0.274,0.0,
excel无法筛选,Excel,教程操作,通用,Excel·教程操作·通用,中关联(通用+WPS章节),0.274,0.0,
excel表格导入cad,Excel,教程操作,表格,Excel·教程操作·表格,中关联(通用+WPS章节),0.274,0.0,
excel取最大值,Excel,品牌直达,通用,Excel·品牌直达·通用,高关联(整篇WPS),0.274,0.0,
excel 数据可视化,Excel,品牌直达,通用,Excel·品牌直达·通用,高关联(整篇WPS),0.274,0.0,
excel转txt,Excel,品牌直达,通用,Excel·品牌直达·通用,高关联(整篇WPS),0.274,0.0,
excel随机数字,Excel,品牌直达,通用,Excel·品牌直达·通用,高关联(整篇WPS),0.274,0.0,
excel 时间相减,Excel,品牌直达,通用,Excel·品牌直达·通用,高关联(整篇WPS),0.274,0.0,
excel密码忘了,Excel,品牌直达,通用,Excel·品牌直达·通用,高关联(整篇WPS),0.274,0.0,
excel多列筛选,Excel,教程操作,通用,Excel·教程操作·通用,中关联(通用+WPS章节),0.274,0.0,
excel插入对象,Excel,教程操作,通用,Excel·教程操作·通用,中关联(通用+WPS章节),0.274,0.0,
网页版excel,Excel,品牌直达,通用,Excel·品牌直达·通用,高关联(整篇WPS),0.274,0.0,
excel表格折叠,Excel,品牌直达,表格,Excel·品牌直达·表格,高关联(整篇WPS),0.274,0.0,
excel连接符,Excel,品牌直达,通用,Excel·品牌直达·通用,高关联(整篇WPS),0.274,0.0,
excel模糊查找,Excel,教程操作,通用,Excel·教程操作·通用,中关联(通用+WPS章节),0.274,0.0,
excel取两位小数,Excel,品牌直达,通用,Excel·品牌直达·通用,高关联(整篇WPS),0.274,0.0,
excel中绝对值,Excel,品牌直达,通用,Excel·品牌直达·通用,高关联(整篇WPS),0.274,0.0,
excel瀑布图,Excel,品牌直达,通用,Excel·品牌直达·通用,高关联(整篇WPS),0.274,0.0,
excel日期快捷键,Excel,教程操作,通用,Excel·教程操作·通用,中关联(通用+WPS章节),0.274,0.0,
excel可视化图表,Excel,教程操作,图表,Excel·教程操作·图表,中关联(通用+WPS章节),0.274,0.0,
excel数据转置,Excel,品牌直达,通用,Excel·品牌直达·通用,高关联(整篇WPS),0.274,0.0,
excel中的if函数,Excel,教程操作,函数,Excel·教程操作·函数,中关联(通用+WPS章节),0.274,0.0,
excel高亮重复项,Excel,品牌直达,通用,Excel·品牌直达·通用,高关联(整篇WPS),0.274,0.0,
excel转化为pdf,PDF,品牌直达,通用,PDF·品牌直达·通用,高关联(整篇WPS),0.2212,0.0,
excel复合饼图,Excel,品牌直达,通用,Excel·品牌直达·通用,高关联(整篇WPS),0.274,0.0,
excel个税计算公式,Excel,教程操作,公式,Excel·教程操作·公式,中关联(通用+WPS章节),0.274,0.0,
excel平均数函数,Excel,教程操作,函数,Excel·教程操作·函数,中关联(通用+WPS章节),0.274,0.0,
excel全选图片,Excel,教程操作,通用,Excel·教程操作·通用,中关联(通用+WPS章节),0.274,0.0,
excel瘦身,Excel,品牌直达,通用,Excel·品牌直达·通用,高关联(整篇WPS),0.274,0.0,
excel数字取整,Excel,品牌直达,通用,Excel·品牌直达·通用,高关联(整篇WPS),0.274,0.0,
excel计算irr,Excel,教程操作,通用,Excel·教程操作·通用,中关联(通用+WPS章节),0.274,0.0,
excel插入斜杠,Excel,教程操作,通用,Excel·教程操作·通用,中关联(通用+WPS章节),0.274,0.0,
plsql导入excel,Excel,教程操作,通用,Excel·教程操作·通用,中关联(通用+WPS章节),0.274,0.0,
excel连接字符串,Excel,品牌直达,通用,Excel·品牌直达·通用,高关联(整篇WPS),0.274,0.0,
excel加权平均公式,Excel,教程操作,公式,Excel·教程操作·公式,中关联(通用+WPS章节),0.274,0.0,
excel姓氏笔画排序,Excel,教程操作,通用,Excel·教程操作·通用,中关联(通用+WPS章节),0.274,0.0,
excel工龄计算公式,Excel,教程操作,公式,Excel·教程操作·公式,中关联(通用+WPS章节),0.274,0.0,
excel按颜色求和,Excel,教程操作,通用,Excel·教程操作·通用,中关联(通用+WPS章节),0.274,0.0,
excel批量删除图片,Excel,教程操作,通用,Excel·教程操作·通用,中关联(通用+WPS章节),0.274,0.0,
excel开方公式,Excel,教程操作,公式,Excel·教程操作·公式,中关联(通用+WPS章节),0.274,0.0,
excel分组排序,Excel,教程操作,通用,Excel·教程操作·通用,中关联(通用+WPS章节),0.274,0.0,
excel取随机数,Excel,品牌直达,通用,Excel·品牌直达·通用,高关联(整篇WPS),0.274,0.0,
excel 插入水印,Excel,教程操作,水印,Excel·教程操作·水印,中关联(通用+WPS章节),0.274,0.0,
excel去重公式,Excel,教程操作,公式,Excel·教程操作·公式,中关联(通用+WPS章节),0.274,0.0,
excel 取色器,Excel,品牌直达,通用,Excel·品牌直达·通用,高关联(整篇WPS),0.274,0.0,
excel单元格拼接,Excel,品牌直达,通用,Excel·品牌直达·通用,高关联(整篇WPS),0.274,0.0,
excel转置函数,Excel,教程操作,函数,Excel·教程操作·函数,中关联(通用+WPS章节),0.274,0.0,
excel删除换行符,Excel,教程操作,通用,Excel·教程操作·通用,中关联(通用+WPS章节),0.274,0.0,
excel批量插入行,Excel,教程操作,通用,Excel·教程操作·通用,中关联(通用+WPS章节),0.274,0.0,
excel按姓氏笔画排序,Excel,教程操作,通用,Excel·教程操作·通用,中关联(通用+WPS章节),0.274,0.0,
excel检查重复项,Excel,品牌直达,通用,Excel·品牌直达·通用,高关联(整篇WPS),0.274,0.0,
excel文字转拼音,Excel,品牌直达,通用,Excel·品牌直达·通用,高关联(整篇WPS),0.274,0.0,
excel获取当前日期,Excel,品牌直达,通用,Excel·品牌直达·通用,高关联(整篇WPS),0.274,0.0,
excel筛选多个关键词,Excel,教程操作,通用,Excel·教程操作·通用,中关联(通用+WPS章节),0.274,0.0,
excel按条件统计个数,Excel,教程操作,通用,Excel·教程操作·通用,中关联(通用+WPS章节),0.274,0.0,
excel中find函数,Excel,教程操作,函数,Excel·教程操作·函数,中关联(通用+WPS章节),0.274,0.0,
excel整列套用公式,Excel,教程操作,公式,Excel·教程操作·公式,中关联(通用+WPS章节),0.274,0.0,
excel官方网站,Excel,品牌直达,通用,Excel·品牌直达·通用,高关联(整篇WPS),0.274,0.0,
excel求和数值不对,Excel,品牌直达,通用,Excel·品牌直达·通用,高关联(整篇WPS),0.274,0.0,
excel多列数据合并成一列,Excel,教程操作,合并,Excel·教程操作·合并,中关联(通用+WPS章节),0.274,0.0,
excel按方向键不能切换单元格,Excel,品牌直达,通用,Excel·品牌直达·通用,高关联(整篇WPS),0.274,0.0,
excel函数取整,Excel,教程操作,函数,Excel·教程操作·函数,中关联(通用+WPS章节),0.274,0.0,
excel 选择,Excel,品牌直达,通用,Excel·品牌直达·通用,高关联(整篇WPS),0.274,0.0,
excel 序列,Excel,品牌直达,通用,Excel·品牌直达·通用,高关联(整篇WPS),0.274,0.0,
excel 方差分析,Excel,品牌直达,通用,Excel·品牌直达·通用,高关联(整篇WPS),0.274,0.0,
雷达图 excel,Excel,品牌直达,通用,Excel·品牌直达·通用,高关联(整篇WPS),0.274,0.0,
excel 分组排序,Excel,教程操作,通用,Excel·教程操作·通用,中关联(通用+WPS章节),0.274,0.0,
excel培训,Excel,品牌直达,通用,Excel·品牌直达·通用,高关联(整篇WPS),0.274,0.0,
excel 动态图表,Excel,教程操作,图表,Excel·教程操作·图表,中关联(通用+WPS章节),0.274,0.0,
excel幂函数,Excel,教程操作,函数,Excel·教程操作·函数,中关联(通用+WPS章节),0.274,0.0,
excel字符拼接,Excel,品牌直达,通用,Excel·品牌直达·通用,高关联(整篇WPS),0.274,0.0,
excel 合并工具,Excel,教程操作,合并,Excel·教程操作·合并,中关联(通用+WPS章节),0.274,0.0,
excel frequency函数,Excel,教程操作,函数,Excel·教程操作·函数,中关联(通用+WPS章节),0.274,0.0,
ppt表格边框颜色,PPT,教程操作,表格,PPT·教程操作·表格,中关联(通用+WPS章节),1.0,0.0,
word文档表格,Excel,品牌直达,表格,Excel·品牌直达·表格,高关联(整篇WPS),0.274,0.0,
word表格自动填充序号,Excel,教程操作,表格,Excel·教程操作·表格,中关联(通用+WPS章节),0.274,0.0,
word表格填充颜色,Excel,教程操作,表格,Excel·教程操作·表格,中关联(通用+WPS章节),0.274,0.0,
word表格加斜线,Excel,品牌直达,表格,Excel·品牌直达·表格,高关联(整篇WPS),0.274,0.0,
word表格斜杠,Excel,品牌直达,表格,Excel·品牌直达·表格,高关联(整篇WPS),0.274,0.0,
word合并两个表格,Excel,教程操作,表格,Excel·教程操作·表格,中关联(通用+WPS章节),0.274,0.0,
word表格自动换页,Excel,品牌直达,表格,Excel·品牌直达·表格,高关联(整篇WPS),0.274,0.0,
word表格文字显示不全,Excel,教程操作,表格,Excel·教程操作·表格,中关联(通用+WPS章节),0.274,0.0,
word表格不分页,Excel,教程操作,分页,Excel·教程操作·分页,中关联(通用+WPS章节),0.274,0.0,
pdf格式怎么弄,PDF,教程操作,通用,PDF·教程操作·通用,中关联(通用+WPS章节),0.2212,0.0,
word文档怎么做,Word,教程操作,通用,Word·教程操作·通用,中关联(通用+WPS章节),0.4224,2227.0,
ppt教程,PPT,教程操作,通用,PPT·教程操作·通用,中关联(通用+WPS章节),1.0,0.0,
excel技巧,Excel,教程操作,通用,Excel·教程操作·通用,中关联(通用+WPS章节),0.274,0.0,
WPS的教程,WPS综合,教程操作,通用,WPS综合·教程操作·通用,中关联(通用+WPS章节),0.8135,0.0,
wps365是什么版本,WPS综合,功能认知,通用,WPS综合·功能认知·通用,中关联(通用+WPS章节),0.8135,0.0,
wpsoffice使用教程,Office通用,教程操作,通用,Office通用·教程操作·通用,中关联(通用+WPS章节),0.857,0.0,
wpsoffice怎么读,Office通用,教程操作,通用,Office通用·教程操作·通用,中关联(通用+WPS章节),0.857,90.0,
wps形式是什么意思,WPS综合,功能认知,通用,WPS综合·功能认知·通用,中关联(通用+WPS章节),0.8135,0.0,
wps怎么没有演示工具,PPT,教程操作,通用,PPT·教程操作·通用,中关联(通用+WPS章节),1.0,0.0,
wps数据处理技巧,WPS综合,教程操作,通用,WPS综合·教程操作·通用,中关联(通用+WPS章节),0.8135,0.0,
wps演示文稿制作教程,PPT,教程操作,通用,PPT·教程操作·通用,中关联(通用+WPS章节),1.0,0.0,
wps演示是什么意思,PPT,教程操作,通用,PPT·教程操作·通用,中关联(通用+WPS章节),1.0,0.0,
wps美化ppt功能在哪里,PPT,教程操作,通用,PPT·教程操作·通用,中关联(通用+WPS章节),1.0,0.0,
wps表格分两页断开怎么办,Excel,教程操作,表格,Excel·教程操作·表格,中关联(通用+WPS章节),0.274,0.0,
wps表格制作教程,Excel,教程操作,表格,Excel·教程操作·表格,中关联(通用+WPS章节),0.274,0.0,
wps表格复制粘贴后如何保持原格式,Excel,教程操作,表格,Excel·教程操作·表格,中关联(通用+WPS章节),0.274,0.0,
wps表格序号怎么拉下去123456,Excel,教程操作,表格,Excel·教程操作·表格,中关联(通用+WPS章节),0.274,0.0,
wps表格怎么插表格,Excel,教程操作,表格,Excel·教程操作·表格,中关联(通用+WPS章节),0.274,0.0,
wps表格怎么自动排序号,Excel,教程操作,表格,Excel·教程操作·表格,中关联(通用+WPS章节),0.274,0.0,
wps表格怎么调整表格大小,Excel,教程操作,表格,Excel·教程操作·表格,中关联(通用+WPS章节),0.274,0.0,
wps表格斜线一分为二怎么弄,Excel,教程操作,表格,Excel·教程操作·表格,中关联(通用+WPS章节),0.274,0.0,
wps表格行高在哪里设置,Excel,教程操作,表格,Excel·教程操作·表格,中关联(通用+WPS章节),0.274,0.0,
wps表格里面怎么换行,Excel,教程操作,表格,Excel·教程操作·表格,中关联(通用+WPS章节),0.274,0.0,
wsp office是什么软件,Office通用,功能认知,通用,Office通用·功能认知·通用,中关联(通用+WPS章节),0.857,10.0,
wps是什么意思,WPS综合,功能认知,通用,WPS综合·功能认知·通用,中关联(通用+WPS章节),0.8135,29276.0,
wps官网是什么,WPS综合,品牌直达,通用,WPS综合·品牌直达·通用,高关联(整篇WPS),0.8135,5.0,
WPS教程,WPS综合,教程操作,通用,WPS综合·教程操作·通用,中关联(通用+WPS章节),0.8135,2.0,
wpsoffice入门基础教程,Office通用,教程操作,通用,Office通用·教程操作·通用,中关联(通用+WPS章节),0.857,2.0,
如何将pdf翻译成中文,PDF,教程操作,通用,PDF·教程操作·通用,中关联(通用+WPS章节),0.2212,2.0,
WPS里面 word怎么几个人一块编辑,Word,教程操作,通用,Word·教程操作·通用,中关联(通用+WPS章节),0.4224,1.0,
wps vba宏插件使用方法,WPS综合,教程操作,宏,WPS综合·教程操作·宏,中关联(通用+WPS章节),0.8135,1.0,
如何进入wps官网,WPS综合,教程操作,通用,WPS综合·教程操作·通用,中关联(通用+WPS章节),0.8135,1.0,
哪里有旧版本WPS,WPS综合,品牌直达,通用,WPS综合·品牌直达·通用,高关联(整篇WPS),0.8135,1.0,
word办公教程网,Word,教程操作,通用,Word·教程操作·通用,中关联(通用+WPS章节),0.4224,1.0,
wps office是什么软件,Office通用,功能认知,通用,Office通用·功能认知·通用,中关联(通用+WPS章节),0.857,349.0,
wpsofice是什么软件,WPS综合,功能认知,通用,WPS综合·功能认知·通用,中关联(通用+WPS章节),0.8135,1.0,
wps桌面助手怎么开启,WPS AI,教程操作,通用,WPS AI·教程操作·通用,中关联(通用+WPS章节),0.0,1.0,
wps是什么软件,WPS综合,功能认知,通用,WPS综合·功能认知·通用,中关联(通用+WPS章节),0.8135,403.0,
怎么更新电脑的WPS,WPS综合,教程操作,通用,WPS综合·教程操作·通用,中关联(通用+WPS章节),0.8135,1.0,
如何恢复旧版WPS,WPS综合,教程操作,通用,WPS综合·教程操作·通用,中关联(通用+WPS章节),0.8135,1.0,
windows8系统为什么用不了wps？,WPS综合,品牌直达,通用,WPS综合·品牌直达·通用,高关联(整篇WPS),0.8135,1.0,
电脑没有wps怎么办,WPS综合,教程操作,通用,WPS综合·教程操作·通用,中关联(通用+WPS章节),0.8135,1.0,
WPS怎么改名字,WPS综合,教程操作,通用,WPS综合·教程操作·通用,中关联(通用+WPS章节),0.8135,1.0,
wps在线表格怎么创建,Excel,教程操作,表格,Excel·教程操作·表格,中关联(通用+WPS章节),0.274,1.0,
wps多维表格使用教程,Excel,教程操作,表格,Excel·教程操作·表格,中关联(通用+WPS章节),0.274,1.0,
WPS官方网址是什么,WPS综合,品牌直达,通用,WPS综合·品牌直达·通用,高关联(整篇WPS),0.8135,1.0,
wps宏功能怎么开启,WPS综合,教程操作,宏,WPS综合·教程操作·宏,中关联(通用+WPS章节),0.8135,1.0,
wps多维表格在哪里打开,Excel,品牌直达,表格,Excel·品牌直达·表格,高关联(整篇WPS),0.274,1.0,
wps如何加载vba,WPS综合,教程操作,vba,WPS综合·教程操作·vba,中关联(通用+WPS章节),0.8135,1.0,
ppt是什么,PPT,功能认知,通用,PPT·功能认知·通用,中关联(通用+WPS章节),1.0,0.0,
pdf如何压缩,PDF,教程操作,通用,PDF·教程操作·通用,中关联(通用+WPS章节),0.2212,0.0,
pdf怎么编辑,PDF,教程操作,通用,PDF·教程操作·通用,中关联(通用+WPS章节),0.2212,0.0,
如何制作ppt,PPT,教程操作,通用,PPT·教程操作·通用,中关联(通用+WPS章节),1.0,0.0,
pdf文件怎么压缩大小,PDF,教程操作,通用,PDF·教程操作·通用,中关联(通用+WPS章节),0.2212,0.0,
pdf文件怎么压缩变小,PDF,教程操作,通用,PDF·教程操作·通用,中关联(通用+WPS章节),0.2212,0.0,
ppt技巧,PPT,教程操作,通用,PPT·教程操作·通用,中关联(通用+WPS章节),1.0,0.0,
怎么删除word空白页,Word,教程操作,通用,Word·教程操作·通用,中关联(通用+WPS章节),0.4224,0.0,
怎么做ppt,PPT,教程操作,通用,PPT·教程操作·通用,中关联(通用+WPS章节),1.0,0.0,
如何删除word空白页,Word,教程操作,通用,Word·教程操作·通用,中关联(通用+WPS章节),0.4224,0.0,
pdf格式是什么格式,PDF,功能认知,通用,PDF·功能认知·通用,中关联(通用+WPS章节),0.2212,0.0,
ppt背景图片怎么设置,PPT,教程操作,背景,PPT·教程操作·背景,中关联(通用+WPS章节),1.0,0.0,
ppt是什么意思,PPT,功能认知,通用,PPT·功能认知·通用,中关联(通用+WPS章节),1.0,4105.0,
pdf怎么压缩,PDF,教程操作,通用,PDF·教程操作·通用,中关联(通用+WPS章节),0.2212,0.0,
word目录怎么生成,Word,教程操作,目录,Word·教程操作·目录,中关联(通用+WPS章节),0.4224,0.0,
表格制作excel教程,Excel,教程操作,表格,Excel·教程操作·表格,中关联(通用+WPS章节),0.274,0.0,
pdf格式是什么意思,PDF,功能认知,通用,PDF·功能认知·通用,中关联(通用+WPS章节),0.2212,0.0,
word页眉横线怎么删除,Word,教程操作,页眉,Word·教程操作·页眉,中关联(通用+WPS章节),0.4224,0.0,
word如何删除空白页,Word,教程操作,通用,Word·教程操作·通用,中关联(通用+WPS章节),0.4224,0.0,
excel怎么筛选重复项,Excel,教程操作,通用,Excel·教程操作·通用,中关联(通用+WPS章节),0.274,0.0,
word文档怎么删除空白页,Word,教程操作,通用,Word·教程操作·通用,中关联(通用+WPS章节),0.4224,0.0,
excel表格求和怎么操作,Excel,教程操作,表格,Excel·教程操作·表格,中关联(通用+WPS章节),0.274,1365.0,
怎么制作ppt,PPT,教程操作,通用,PPT·教程操作·通用,中关联(通用+WPS章节),1.0,0.0,
word空白页怎么删除,Word,教程操作,通用,Word·教程操作·通用,中关联(通用+WPS章节),0.4224,0.0,
excel怎么自动排序123,Excel,教程操作,通用,Excel·教程操作·通用,中关联(通用+WPS章节),0.274,0.0,
excel怎么换行,Excel,教程操作,通用,Excel·教程操作·通用,中关联(通用+WPS章节),0.274,0.0,
pdf文件怎么打开,PDF,教程操作,通用,PDF·教程操作·通用,中关联(通用+WPS章节),0.2212,0.0,
ppt怎么做流程图,PPT,教程操作,通用,PPT·教程操作·通用,中关联(通用+WPS章节),1.0,0.0,
word最后一页空白页怎么删除,Word,教程操作,通用,Word·教程操作·通用,中关联(通用+WPS章节),0.4224,0.0,
ppt如何插入视频,PPT,教程操作,通用,PPT·教程操作·通用,中关联(通用+WPS章节),1.0,0.0,
ppt母版怎么修改,PPT,教程操作,通用,PPT·教程操作·通用,中关联(通用+WPS章节),1.0,0.0,
excel设置下拉框选项,Excel,教程操作,通用,Excel·教程操作·通用,中关联(通用+WPS章节),0.274,0.0,
ppt制作教程,PPT,教程操作,通用,PPT·教程操作·通用,中关联(通用+WPS章节),1.0,0.0,
excel表格怎么换行,Excel,教程操作,表格,Excel·教程操作·表格,中关联(通用+WPS章节),0.274,0.0,
word怎么生成目录,Word,教程操作,目录,Word·教程操作·目录,中关联(通用+WPS章节),0.4224,0.0,
pdf怎么删除其中一页,PDF,教程操作,通用,PDF·教程操作·通用,中关联(通用+WPS章节),0.2212,0.0,
pdf怎么做,PDF,教程操作,通用,PDF·教程操作·通用,中关联(通用+WPS章节),0.2212,0.0,
excel表格怎么调整表格大小,Excel,教程操作,表格,Excel·教程操作·表格,中关联(通用+WPS章节),0.274,0.0,
word标尺怎么调出来,Word,教程操作,通用,Word·教程操作·通用,中关联(通用+WPS章节),0.4224,0.0,
如何压缩pdf文件大小,PDF,教程操作,通用,PDF·教程操作·通用,中关联(通用+WPS章节),0.2212,0.0,
excel行高怎么设置,Excel,教程操作,通用,Excel·教程操作·通用,中关联(通用+WPS章节),0.274,0.0,
excel是什么意思,Excel,功能认知,通用,Excel·功能认知·通用,中关联(通用+WPS章节),0.274,0.0,
如何在word,Word,教程操作,通用,Word·教程操作·通用,中关联(通用+WPS章节),0.4224,0.0,
excel分类汇总怎么做,Excel,教程操作,通用,Excel·教程操作·通用,中关联(通用+WPS章节),0.274,0.0,
pdf怎么加水印,PDF,教程操作,水印,PDF·教程操作·水印,中关联(通用+WPS章节),0.2212,0.0,
word页码怎么设置,Word,教程操作,通用,Word·教程操作·通用,中关联(通用+WPS章节),0.4224,0.0,
word行间距怎么调整,Word,教程操作,通用,Word·教程操作·通用,中关联(通用+WPS章节),0.4224,0.0,
excel如何筛选重复项,Excel,教程操作,通用,Excel·教程操作·通用,中关联(通用+WPS章节),0.274,0.0,
ppt怎么制作,PPT,教程操作,通用,PPT·教程操作·通用,中关联(通用+WPS章节),1.0,9382.0,
word如何生成目录,Word,教程操作,目录,Word·教程操作·目录,中关联(通用+WPS章节),0.4224,0.0,
word文档如何翻译,Word,教程操作,通用,Word·教程操作·通用,中关联(通用+WPS章节),0.4224,0.0,
如何编辑pdf文件内容,PDF,教程操作,通用,PDF·教程操作·通用,中关联(通用+WPS章节),0.2212,0.0,
word空白页删不掉怎么办,Word,教程操作,通用,Word·教程操作·通用,中关联(通用+WPS章节),0.4224,0.0,
pdf如何加密,PDF,教程操作,加密,PDF·教程操作·加密,中关联(通用+WPS章节),0.2212,0.0,
ps怎么导出pdf,PDF,教程操作,通用,PDF·教程操作·通用,中关联(通用+WPS章节),0.2212,0.0,
word表格中文字怎么上下居中,Excel,教程操作,表格,Excel·教程操作·表格,中关联(通用+WPS章节),0.274,0.0,
word水印怎么去掉,Word,教程操作,水印,Word·教程操作·水印,中关联(通用+WPS章节),0.4224,0.0,
ppt教程网,PPT,教程操作,通用,PPT·教程操作·通用,中关联(通用+WPS章节),1.0,0.0,
如何缩小pdf文件的大小,PDF,教程操作,通用,PDF·教程操作·通用,中关联(通用+WPS章节),0.2212,0.0,
pdf怎么删除空白页,PDF,教程操作,通用,PDF·教程操作·通用,中关联(通用+WPS章节),0.2212,0.0,
ppt页码怎么设置,PPT,教程操作,通用,PPT·教程操作·通用,中关联(通用+WPS章节),1.0,0.0,
如何合并pdf文件,PDF,教程操作,合并,PDF·教程操作·合并,中关联(通用+WPS章节),0.2212,0.0,
pdf文件怎么压缩,PDF,教程操作,通用,PDF·教程操作·通用,中关联(通用+WPS章节),0.2212,0.0,
怎么把excel,Excel,教程操作,通用,Excel·教程操作·通用,中关联(通用+WPS章节),0.274,0.0,
excel设置选择项,Excel,教程操作,通用,Excel·教程操作·通用,中关联(通用+WPS章节),0.274,0.0,
excel设置密码,Excel,教程操作,通用,Excel·教程操作·通用,中关联(通用+WPS章节),0.274,0.0,
双层pdf是什么意思,PDF,功能认知,通用,PDF·功能认知·通用,中关联(通用+WPS章节),0.2212,0.0,
word怎么删除其中一页,Word,教程操作,通用,Word·教程操作·通用,中关联(通用+WPS章节),0.4224,0.0,
word首行缩进2字符怎么设置,Word,教程操作,通用,Word·教程操作·通用,中关联(通用+WPS章节),0.4224,0.0,
excel怎么拆分单元格,Excel,教程操作,拆分单元格,Excel·教程操作·拆分单元格,中关联(通用+WPS章节),0.274,0.0,
word怎么插入目录,Word,教程操作,目录,Word·教程操作·目录,中关联(通用+WPS章节),0.4224,0.0,
excel条件格式怎么设置,Excel,教程操作,条件格式,Excel·教程操作·条件格式,中关联(通用+WPS章节),0.274,0.0,
如何制作ppt课件,PPT,教程操作,通用,PPT·教程操作·通用,中关联(通用+WPS章节),1.0,0.0,
pdf加水印怎么加,PDF,教程操作,水印,PDF·教程操作·水印,中关联(通用+WPS章节),0.2212,0.0,
word是什么意思,Word,功能认知,通用,Word·功能认知·通用,中关联(通用+WPS章节),0.4224,0.0,
pdf空白页怎么删除,PDF,教程操作,通用,PDF·教程操作·通用,中关联(通用+WPS章节),0.2212,0.0,
word行距怎么设置,Word,教程操作,行距,Word·教程操作·行距,中关联(通用+WPS章节),0.4224,0.0,
Excel教程,Excel,教程操作,通用,Excel·教程操作·通用,中关联(通用+WPS章节),0.274,0.0,
pdf如何删除其中一页,PDF,教程操作,通用,PDF·教程操作·通用,中关联(通用+WPS章节),0.2212,0.0,
pdf电子签名怎么做,PDF,教程操作,通用,PDF·教程操作·通用,中关联(通用+WPS章节),0.2212,0.0,
word水印怎么设置,Word,教程操作,水印,Word·教程操作·水印,中关联(通用+WPS章节),0.4224,0.0,
word表格怎么调整行间距,Excel,教程操作,表格,Excel·教程操作·表格,中关联(通用+WPS章节),0.274,0.0,
excel排序怎么排,Excel,教程操作,通用,Excel·教程操作·通用,中关联(通用+WPS章节),0.274,0.0,
word 怎么加页码,Word,教程操作,通用,Word·教程操作·通用,中关联(通用+WPS章节),0.4224,0.0,
ppt文件太大怎么变小,PPT,教程操作,通用,PPT·教程操作·通用,中关联(通用+WPS章节),1.0,0.0,
word文档怎么把两页变成一页,Word,教程操作,通用,Word·教程操作·通用,中关联(通用+WPS章节),0.4224,0.0,
word修订模式怎么用,Word,教程操作,修订,Word·教程操作·修订,中关联(通用+WPS章节),0.4224,0.0,
ppt计时器怎么设置,PPT,教程操作,通用,PPT·教程操作·通用,中关联(通用+WPS章节),1.0,0.0,
怎么把多个pdf文件合并成一个,PDF,教程操作,合并,PDF·教程操作·合并,中关联(通用+WPS章节),0.2212,0.0,
pdf文件大小怎么缩小,PDF,教程操作,通用,PDF·教程操作·通用,中关联(通用+WPS章节),0.2212,0.0,
word分节符怎么删除,Word,教程操作,通用,Word·教程操作·通用,中关联(通用+WPS章节),0.4224,0.0,
word分页符怎么删除,Word,教程操作,分页,Word·教程操作·分页,中关联(通用+WPS章节),0.4224,0.0,
word如何插入目录,Word,教程操作,目录,Word·教程操作·目录,中关联(通用+WPS章节),0.4224,0.0,
怎么在word,Word,教程操作,通用,Word·教程操作·通用,中关联(通用+WPS章节),0.4224,0.0,
怎么合并两个pdf,PDF,教程操作,合并,PDF·教程操作·合并,中关联(通用+WPS章节),0.2212,0.0,
word怎么自动生成目录,WPS AI,教程操作,目录,WPS AI·教程操作·目录,中关联(通用+WPS章节),0.0,0.0,
excel如何删除重复项,Excel,教程操作,通用,Excel·教程操作·通用,中关联(通用+WPS章节),0.274,0.0,
如何将两个pdf文件合并成一个,PDF,教程操作,合并,PDF·教程操作·合并,中关联(通用+WPS章节),0.2212,0.0,
怎么删除空白页word,Word,教程操作,通用,Word·教程操作·通用,中关联(通用+WPS章节),0.4224,0.0,
excel入门教程,Excel,教程操作,通用,Excel·教程操作·通用,中关联(通用+WPS章节),0.274,0.0,
excel查找快捷键是什么,Excel,教程操作,通用,Excel·教程操作·通用,中关联(通用+WPS章节),0.274,0.0,
excel怎么设置选择项,Excel,教程操作,通用,Excel·教程操作·通用,中关联(通用+WPS章节),0.274,0.0,
pdf旋转后如何保存,PDF,教程操作,通用,PDF·教程操作·通用,中关联(通用+WPS章节),0.2212,0.0,
excel设置打印区域,Excel,教程操作,打印,Excel·教程操作·打印,中关联(通用+WPS章节),0.274,0.0,
ppt怎么加页码,PPT,教程操作,通用,PPT·教程操作·通用,中关联(通用+WPS章节),1.0,0.0,
如何压缩pdf,PDF,教程操作,通用,PDF·教程操作·通用,中关联(通用+WPS章节),0.2212,0.0,
图片怎么转成pdf,PDF,教程操作,通用,PDF·教程操作·通用,中关联(通用+WPS章节),0.2212,0.0,
word怎么加水印,Word,教程操作,水印,Word·教程操作·水印,中关联(通用+WPS章节),0.4224,0.0,
word怎么删除分页符,Word,教程操作,分页,Word·教程操作·分页,中关联(通用+WPS章节),0.4224,0.0,
word表格跨页断开怎么解决,Excel,教程操作,表格,Excel·教程操作·表格,中关联(通用+WPS章节),0.274,0.0,
word怎么删除页面,Word,教程操作,通用,Word·教程操作·通用,中关联(通用+WPS章节),0.4224,0.0,
excel如何换行,Excel,教程操作,通用,Excel·教程操作·通用,中关联(通用+WPS章节),0.274,0.0,
excel表格怎么求和,Excel,教程操作,表格,Excel·教程操作·表格,中关联(通用+WPS章节),0.274,0.0,
excel怎么设置密码,Excel,教程操作,通用,Excel·教程操作·通用,中关联(通用+WPS章节),0.274,0.0,
ppt怎么加水印,PPT,教程操作,水印,PPT·教程操作·水印,中关联(通用+WPS章节),1.0,0.0,
怎么压缩pdf,PDF,教程操作,通用,PDF·教程操作·通用,中关联(通用+WPS章节),0.2212,0.0,
pdf怎么转cad,PDF,教程操作,通用,PDF·教程操作·通用,中关联(通用+WPS章节),0.2212,0.0,
pdf怎么加页码,PDF,教程操作,通用,PDF·教程操作·通用,中关联(通用+WPS章节),0.2212,0.0,
word怎么删除分节符,Word,教程操作,通用,Word·教程操作·通用,中关联(通用+WPS章节),0.4224,0.0,
excel如何排序,Excel,教程操作,通用,Excel·教程操作·通用,中关联(通用+WPS章节),0.274,0.0,
excel求和为什么是0,Excel,品牌直达,通用,Excel·品牌直达·通用,高关联(整篇WPS),0.274,0.0,
excel如何设置选择项,Excel,教程操作,通用,Excel·教程操作·通用,中关联(通用+WPS章节),0.274,0.0,
excel表格如何换行,Excel,教程操作,表格,Excel·教程操作·表格,中关联(通用+WPS章节),0.274,0.0,
ppt主题怎么设置,PPT,教程操作,通用,PPT·教程操作·通用,中关联(通用+WPS章节),1.0,0.0,
pdf怎么加密,PDF,教程操作,加密,PDF·教程操作·加密,中关联(通用+WPS章节),0.2212,0.0,
pdf如何加水印,PDF,教程操作,水印,PDF·教程操作·水印,中关联(通用+WPS章节),0.2212,0.0,
如何编辑pdf,PDF,教程操作,通用,PDF·教程操作·通用,中关联(通用+WPS章节),0.2212,0.0,
excel怎么求和,Excel,教程操作,通用,Excel·教程操作·通用,中关联(通用+WPS章节),0.274,0.0,
excel转置怎么操作,Excel,教程操作,通用,Excel·教程操作·通用,中关联(通用+WPS章节),0.274,0.0,
pdf文件怎么压缩得更小,PDF,教程操作,通用,PDF·教程操作·通用,中关联(通用+WPS章节),0.2212,0.0,
word如何删除一整页,Word,教程操作,通用,Word·教程操作·通用,中关联(通用+WPS章节),0.4224,0.0,
word怎么删除页,Word,教程操作,通用,Word·教程操作·通用,中关联(通用+WPS章节),0.4224,0.0,
excel单元格内怎么换行,Excel,教程操作,通用,Excel·教程操作·通用,中关联(通用+WPS章节),0.274,0.0,
pdf怎么压缩大小,PDF,教程操作,通用,PDF·教程操作·通用,中关联(通用+WPS章节),0.2212,0.0,
pdf怎么双面打印,PDF,教程操作,打印,PDF·教程操作·打印,中关联(通用+WPS章节),0.2212,0.0,
word文档如何删除空白页,Word,教程操作,通用,Word·教程操作·通用,中关联(通用+WPS章节),0.4224,0.0,
word怎么取消自动编号,Word,教程操作,通用,Word·教程操作·通用,中关联(通用+WPS章节),0.4224,0.0,
excel表格怎么制作表格,Excel,教程操作,表格,Excel·教程操作·表格,中关联(通用+WPS章节),0.274,0.0,
excel柱状图怎么做,Excel,教程操作,通用,Excel·教程操作·通用,中关联(通用+WPS章节),0.274,0.0,
excel如何拆分单元格,Excel,教程操作,拆分单元格,Excel·教程操作·拆分单元格,中关联(通用+WPS章节),0.274,0.0,
word怎么做目录,Word,教程操作,目录,Word·教程操作·目录,中关联(通用+WPS章节),0.4224,0.0,
excel透视表怎么做,Excel,教程操作,通用,Excel·教程操作·通用,中关联(通用+WPS章节),0.274,0.0,
excel怎么自动换行,Excel,教程操作,通用,Excel·教程操作·通用,中关联(通用+WPS章节),0.274,0.0,
ppt怎么插入页码,PPT,教程操作,通用,PPT·教程操作·通用,中关联(通用+WPS章节),1.0,0.0,
pdf转cad怎么弄,PDF,教程操作,通用,PDF·教程操作·通用,中关联(通用+WPS章节),0.2212,0.0,
如何合并pdf,PDF,教程操作,合并,PDF·教程操作·合并,中关联(通用+WPS章节),0.2212,0.0,
pdf怎么拆分成多个pdf,PDF,教程操作,拆分,PDF·教程操作·拆分,中关联(通用+WPS章节),0.2212,0.0,
word怎么打勾,Word,教程操作,通用,Word·教程操作·通用,中关联(通用+WPS章节),0.4224,0.0,
word自动保存的文件在哪里,Word,教程操作,通用,Word·教程操作·通用,中关联(通用+WPS章节),0.4224,0.0,
excel如何合并单元格,Excel,教程操作,合并单元格,Excel·教程操作·合并单元格,中关联(通用+WPS章节),0.274,0.0,
excel怎么去重,Excel,教程操作,通用,Excel·教程操作·通用,中关联(通用+WPS章节),0.274,0.0,
excel怎么插入图片,Excel,教程操作,通用,Excel·教程操作·通用,中关联(通用+WPS章节),0.274,0.0,
excel表格vlookup函数怎么用,Excel,教程操作,vlookup,Excel·教程操作·vlookup,中关联(通用+WPS章节),0.274,0.0,
ppt怎么设置背景图片,PPT,教程操作,背景,PPT·教程操作·背景,中关联(通用+WPS章节),1.0,0.0,
pdf文件怎么加密,PDF,教程操作,加密,PDF·教程操作·加密,中关联(通用+WPS章节),0.2212,0.0,
pdf怎么缩小文件大小,PDF,教程操作,通用,PDF·教程操作·通用,中关联(通用+WPS章节),0.2212,0.0,
word怎么复制一整页,Word,教程操作,通用,Word·教程操作·通用,中关联(通用+WPS章节),0.4224,0.0,
excel表格怎么求平均值,Excel,教程操作,表格,Excel·教程操作·表格,中关联(通用+WPS章节),0.274,0.0,
ppt怎么抠图,PPT,教程操作,通用,PPT·教程操作·通用,中关联(通用+WPS章节),1.0,0.0,
怎么合并pdf文件,PDF,教程操作,合并,PDF·教程操作·合并,中关联(通用+WPS章节),0.2212,0.0,
word怎么设置页码,Word,教程操作,通用,Word·教程操作·通用,中关联(通用+WPS章节),0.4224,0.0,
word如何自动生成目录,WPS AI,教程操作,目录,WPS AI·教程操作·目录,中关联(通用+WPS章节),0.0,0.0,
excel表格怎么排序,Excel,教程操作,表格,Excel·教程操作·表格,中关联(通用+WPS章节),0.274,0.0,
如何把excel,Excel,教程操作,通用,Excel·教程操作·通用,中关联(通用+WPS章节),0.274,0.0,
如何做ppt,PPT,教程操作,通用,PPT·教程操作·通用,中关联(通用+WPS章节),1.0,0.0,
pdf如何编辑,PDF,教程操作,通用,PDF·教程操作·通用,中关联(通用+WPS章节),0.2212,0.0,
word怎么调整行间距,Word,教程操作,通用,Word·教程操作·通用,中关联(通用+WPS章节),0.4224,0.0,
word怎么加页码,Word,教程操作,通用,Word·教程操作·通用,中关联(通用+WPS章节),0.4224,0.0,
word字间距怎么调整,Word,教程操作,通用,Word·教程操作·通用,中关联(通用+WPS章节),0.4224,0.0,
word怎么插入pdf,PDF,教程操作,通用,PDF·教程操作·通用,中关联(通用+WPS章节),0.2212,0.0,
word表格后面的空白页怎么删除,Excel,教程操作,表格,Excel·教程操作·表格,中关联(通用+WPS章节),0.274,0.0,
excel文件怎么加密,Excel,教程操作,加密,Excel·教程操作·加密,中关联(通用+WPS章节),0.274,0.0,
ppt如何制作,PPT,教程操作,通用,PPT·教程操作·通用,中关联(通用+WPS章节),1.0,164.0,
pdf怎么删除页,PDF,教程操作,通用,PDF·教程操作·通用,中关联(通用+WPS章节),0.2212,0.0,
word怎么删除批注,Word,教程操作,批注,Word·教程操作·批注,中关联(通用+WPS章节),0.4224,0.0,
word表格里的文字怎么调行距,Excel,教程操作,表格,Excel·教程操作·表格,中关联(通用+WPS章节),0.274,0.0,
word背景颜色怎么设置,Word,教程操作,背景,Word·教程操作·背景,中关联(通用+WPS章节),0.4224,0.0,
excel表格怎么合并单元格,Excel,教程操作,合并单元格,Excel·教程操作·合并单元格,中关联(通用+WPS章节),0.274,0.0,
excel设置行高,Excel,教程操作,通用,Excel·教程操作·通用,中关联(通用+WPS章节),0.274,0.0,
ppt字间距怎么调整,PPT,教程操作,通用,PPT·教程操作·通用,中关联(通用+WPS章节),1.0,0.0,
怎么合并pdf,PDF,教程操作,合并,PDF·教程操作·合并,中关联(通用+WPS章节),0.2212,0.0,
pdf文件怎么删除其中一页,PDF,教程操作,通用,PDF·教程操作·通用,中关联(通用+WPS章节),0.2212,0.0,
pdf怎么编辑文字,PDF,教程操作,通用,PDF·教程操作·通用,中关联(通用+WPS章节),0.2212,0.0,
如何拆分pdf,PDF,教程操作,拆分,PDF·教程操作·拆分,中关联(通用+WPS章节),0.2212,0.0,
word怎么合并单元格,Word,教程操作,合并单元格,Word·教程操作·合并单元格,中关联(通用+WPS章节),0.4224,0.0,
word红色波浪线怎么去掉,Word,教程操作,通用,Word·教程操作·通用,中关联(通用+WPS章节),0.4224,0.0,
excel自动保存的文件在哪里,Excel,教程操作,通用,Excel·教程操作·通用,中关联(通用+WPS章节),0.274,0.0,
ppt怎么取消自动播放,PPT,教程操作,通用,PPT·教程操作·通用,中关联(通用+WPS章节),1.0,0.0,
ppt背景怎么设置,PPT,教程操作,背景,PPT·教程操作·背景,中关联(通用+WPS章节),1.0,0.0,
怎么删除pdf中的某一页,PDF,教程操作,通用,PDF·教程操作·通用,中关联(通用+WPS章节),0.2212,0.0,
word怎么删除一页,Word,教程操作,通用,Word·教程操作·通用,中关联(通用+WPS章节),0.4224,0.0,
word怎么删除整页,Word,教程操作,通用,Word·教程操作·通用,中关联(通用+WPS章节),0.4224,0.0,
word如何删除分节符,Word,教程操作,通用,Word·教程操作·通用,中关联(通用+WPS章节),0.4224,0.0,
为什么excel,Excel,品牌直达,通用,Excel·品牌直达·通用,高关联(整篇WPS),0.274,0.0,
excel怎么做下拉菜单,Excel,教程操作,通用,Excel·教程操作·通用,中关联(通用+WPS章节),0.274,0.0,
excel如何自动生成序号,WPS AI,教程操作,通用,WPS AI·教程操作·通用,中关联(通用+WPS章节),0.0,0.0,
沟通技巧ppt课件,PPT,教程操作,通用,PPT·教程操作·通用,中关联(通用+WPS章节),1.0,0.0,
如何将多个pdf文件合并成一个,PDF,教程操作,合并,PDF·教程操作·合并,中关联(通用+WPS章节),0.2212,0.0,
word电子签名怎么做,Word,教程操作,通用,Word·教程操作·通用,中关联(通用+WPS章节),0.4224,0.0,
excel如何筛选,Excel,教程操作,通用,Excel·教程操作·通用,中关联(通用+WPS章节),0.274,0.0,
et文件怎么转成excel,Excel,教程操作,通用,Excel·教程操作·通用,中关联(通用+WPS章节),0.274,0.0,
如何将excel,Excel,教程操作,通用,Excel·教程操作·通用,中关联(通用+WPS章节),0.274,0.0,
excel页码怎么设置,Excel,教程操作,通用,Excel·教程操作·通用,中关联(通用+WPS章节),0.274,0.0,
pdf文件太大如何变小,PDF,教程操作,通用,PDF·教程操作·通用,中关联(通用+WPS章节),0.2212,0.0,
pdf怎么拆分,PDF,教程操作,拆分,PDF·教程操作·拆分,中关联(通用+WPS章节),0.2212,0.0,
pdf怎么转曲,PDF,教程操作,通用,PDF·教程操作·通用,中关联(通用+WPS章节),0.2212,0.0,
word怎么设置目录,Word,教程操作,目录,Word·教程操作·目录,中关联(通用+WPS章节),0.4224,0.0,
word怎么删除空白行,Word,教程操作,通用,Word·教程操作·通用,中关联(通用+WPS章节),0.4224,0.0,
word怎么删除最后一页空白页,Word,教程操作,通用,Word·教程操作·通用,中关联(通用+WPS章节),0.4224,0.0,
word设置页码,Word,教程操作,通用,Word·教程操作·通用,中关联(通用+WPS章节),0.4224,0.0,
excel表格里怎么换行,Excel,教程操作,表格,Excel·教程操作·表格,中关联(通用+WPS章节),0.274,0.0,
excel如何去重,Excel,教程操作,通用,Excel·教程操作·通用,中关联(通用+WPS章节),0.274,0.0,
excel怎么计算总和,Excel,教程操作,通用,Excel·教程操作·通用,中关联(通用+WPS章节),0.274,0.0,
excel表格怎么做,Excel,教程操作,表格,Excel·教程操作·表格,中关联(通用+WPS章节),0.274,0.0,
excel怎么保留两位小数,Excel,教程操作,通用,Excel·教程操作·通用,中关联(通用+WPS章节),0.274,0.0,
excel怎么计算,Excel,教程操作,通用,Excel·教程操作·通用,中关联(通用+WPS章节),0.274,0.0,
ppt制作技巧,PPT,教程操作,通用,PPT·教程操作·通用,中关联(通用+WPS章节),1.0,0.0,
ppt时间轴怎么做,PPT,教程操作,通用,PPT·教程操作·通用,中关联(通用+WPS章节),1.0,0.0,
pdf被加密了怎么解锁,PDF,教程操作,加密,PDF·教程操作·加密,中关联(通用+WPS章节),0.2212,0.0,
怎么拆分pdf,PDF,教程操作,拆分,PDF·教程操作·拆分,中关联(通用+WPS章节),0.2212,0.0,
word怎么插入视频,Word,教程操作,通用,Word·教程操作·通用,中关联(通用+WPS章节),0.4224,0.0,
word如何删除分页符,Word,教程操作,分页,Word·教程操作·分页,中关联(通用+WPS章节),0.4224,0.0,
excel折线图怎么做,Excel,教程操作,通用,Excel·教程操作·通用,中关联(通用+WPS章节),0.274,0.0,
excel乘法公式怎么用,Excel,教程操作,公式,Excel·教程操作·公式,中关联(通用+WPS章节),0.274,0.0,
excel怎么查重,Excel,教程操作,通用,Excel·教程操作·通用,中关联(通用+WPS章节),0.274,0.0,
excel学习全套教程,Excel,教程操作,通用,Excel·教程操作·通用,中关联(通用+WPS章节),0.274,0.0,
ppt动画效果怎么做,PPT,教程操作,通用,PPT·教程操作·通用,中关联(通用+WPS章节),1.0,0.0,
怎么修改pdf文件内容,PDF,教程操作,通用,PDF·教程操作·通用,中关联(通用+WPS章节),0.2212,0.0,
pdf怎么转成图片,PDF,教程操作,通用,PDF·教程操作·通用,中关联(通用+WPS章节),0.2212,0.0,
word文档怎么生成目录,Word,教程操作,目录,Word·教程操作·目录,中关联(通用+WPS章节),0.4224,0.0,
word怎么清除格式,Word,教程操作,通用,Word·教程操作·通用,中关联(通用+WPS章节),0.4224,0.0,
excel中vlookup函数的使用方法,Excel,教程操作,vlookup,Excel·教程操作·vlookup,中关联(通用+WPS章节),0.274,0.0,
excel怎么删除空白行,Excel,教程操作,通用,Excel·教程操作·通用,中关联(通用+WPS章节),0.274,0.0,
excel怎么取消隐藏,Excel,教程操作,通用,Excel·教程操作·通用,中关联(通用+WPS章节),0.274,0.0,
excel表格怎么加密,Excel,教程操作,表格,Excel·教程操作·表格,中关联(通用+WPS章节),0.274,0.0,
excel函数vlookup的使用方法,Excel,教程操作,vlookup,Excel·教程操作·vlookup,中关联(通用+WPS章节),0.274,0.0,
excel怎么转置,Excel,教程操作,通用,Excel·教程操作·通用,中关联(通用+WPS章节),0.274,0.0,
excel页眉页脚怎么设置,Excel,教程操作,页眉,Excel·教程操作·页眉,中关联(通用+WPS章节),0.274,0.0,
excel怎么取绝对值,Excel,教程操作,通用,Excel·教程操作·通用,中关联(通用+WPS章节),0.274,0.0,
如何在ppt中加入视频,PPT,教程操作,通用,PPT·教程操作·通用,中关联(通用+WPS章节),1.0,0.0,
ppt如何插入页码,PPT,教程操作,通用,PPT·教程操作·通用,中关联(通用+WPS章节),1.0,0.0,
怎么压缩ppt文件大小,PPT,教程操作,通用,PPT·教程操作·通用,中关联(通用+WPS章节),1.0,0.0,
ppt怎么关闭自动播放,PPT,教程操作,通用,PPT·教程操作·通用,中关联(通用+WPS章节),1.0,0.0,
ppt页眉页脚怎么设置,PPT,教程操作,页眉,PPT·教程操作·页眉,中关联(通用+WPS章节),1.0,0.0,
怎么把网页转成pdf,PDF,教程操作,通用,PDF·教程操作·通用,中关联(通用+WPS章节),0.2212,0.0,
word怎么打分数,Word,教程操作,通用,Word·教程操作·通用,中关联(通用+WPS章节),0.4224,0.0,
word没保存关闭怎么找回来,Word,教程操作,通用,Word·教程操作·通用,中关联(通用+WPS章节),0.4224,0.0,
word分割线怎么设置,Word,教程操作,通用,Word·教程操作·通用,中关联(通用+WPS章节),0.4224,0.0,
excel怎么换行在同一单元格内,Excel,教程操作,通用,Excel·教程操作·通用,中关联(通用+WPS章节),0.274,0.0,
excel怎么加密,Excel,教程操作,加密,Excel·教程操作·加密,中关联(通用+WPS章节),0.274,0.0,
excel表格日期格式设置,Excel,教程操作,表格,Excel·教程操作·表格,中关联(通用+WPS章节),0.274,0.0,
excel只读模式怎么取消,Excel,教程操作,通用,Excel·教程操作·通用,中关联(通用+WPS章节),0.274,0.0,
excel怎么开根号,Excel,教程操作,通用,Excel·教程操作·通用,中关联(通用+WPS章节),0.274,0.0,
excel表格中怎么换行,Excel,教程操作,表格,Excel·教程操作·表格,中关联(通用+WPS章节),0.274,0.0,
excel怎么设置打印区域,Excel,教程操作,打印,Excel·教程操作·打印,中关联(通用+WPS章节),0.274,0.0,
excel水印怎么去掉,Excel,教程操作,水印,Excel·教程操作·水印,中关联(通用+WPS章节),0.274,0.0,
excel如何去重复数据,Excel,教程操作,通用,Excel·教程操作·通用,中关联(通用+WPS章节),0.274,0.0,
excel乘法怎么操作,Excel,教程操作,通用,Excel·教程操作·通用,中关联(通用+WPS章节),0.274,0.0,
ppt艺术字文字效果怎么设置,PPT,教程操作,通用,PPT·教程操作·通用,中关联(通用+WPS章节),1.0,0.0,
ppt放大镜效果怎么做,PPT,教程操作,通用,PPT·教程操作·通用,中关联(通用+WPS章节),1.0,0.0,
ppt水印怎么设置,PPT,教程操作,水印,PPT·教程操作·水印,中关联(通用+WPS章节),1.0,0.0,
怎么压缩pdf文件大小,PDF,教程操作,通用,PDF·教程操作·通用,中关联(通用+WPS章节),0.2212,0.0,
合并pdf文件最简单的方法,PDF,教程操作,合并,PDF·教程操作·合并,中关联(通用+WPS章节),0.2212,0.0,
怎么编辑pdf,PDF,教程操作,通用,PDF·教程操作·通用,中关联(通用+WPS章节),0.2212,0.0,
如何批量打印pdf文件,PDF,教程操作,打印,PDF·教程操作·打印,中关联(通用+WPS章节),0.2212,0.0,
pdf如何合并成一个pdf,PDF,教程操作,合并,PDF·教程操作·合并,中关联(通用+WPS章节),0.2212,0.0,
word文档行距怎么调,Word,教程操作,行距,Word·教程操作·行距,中关联(通用+WPS章节),0.4224,0.0,
word怎么打对勾,Word,教程操作,通用,Word·教程操作·通用,中关联(通用+WPS章节),0.4224,0.0,
word如何取消自动编号,Word,教程操作,通用,Word·教程操作·通用,中关联(通用+WPS章节),0.4224,0.0,
word左边的目录怎么调出来,Word,教程操作,目录,Word·教程操作·目录,中关联(通用+WPS章节),0.4224,0.0,
如何删除word最后一页空白页,Word,教程操作,通用,Word·教程操作·通用,中关联(通用+WPS章节),0.4224,0.0,
如何删除word,Word,教程操作,通用,Word·教程操作·通用,中关联(通用+WPS章节),0.4224,0.0,
excel怎么排名次,Excel,教程操作,通用,Excel·教程操作·通用,中关联(通用+WPS章节),0.274,0.0,
excel如何求平均值,Excel,教程操作,通用,Excel·教程操作·通用,中关联(通用+WPS章节),0.274,0.0,
excel如何筛选重复数据,Excel,教程操作,通用,Excel·教程操作·通用,中关联(通用+WPS章节),0.274,0.0,
如何压缩ppt,PPT,教程操作,通用,PPT·教程操作·通用,中关联(通用+WPS章节),1.0,0.0,
ppt怎么插入音乐,PPT,教程操作,通用,PPT·教程操作·通用,中关联(通用+WPS章节),1.0,0.0,
打印ppt如何去掉日期,PPT,教程操作,打印,PPT·教程操作·打印,中关联(通用+WPS章节),1.0,0.0,
pdf怎么转成cad,PDF,教程操作,通用,PDF·教程操作·通用,中关联(通用+WPS章节),0.2212,0.0,
pdf怎么删除一页,PDF,教程操作,通用,PDF·教程操作·通用,中关联(通用+WPS章节),0.2212,0.0,
pdf怎么调整页面顺序,PDF,教程操作,通用,PDF·教程操作·通用,中关联(通用+WPS章节),0.2212,0.0,
pdf设置密码,PDF,教程操作,通用,PDF·教程操作·通用,中关联(通用+WPS章节),0.2212,0.0,
word怎么添加空白页,Word,教程操作,通用,Word·教程操作·通用,中关联(通用+WPS章节),0.4224,0.0,
word文档怎么加密,Word,教程操作,加密,Word·教程操作·加密,中关联(通用+WPS章节),0.4224,0.0,
word工具栏隐藏了怎么办,Word,教程操作,通用,Word·教程操作·通用,中关联(通用+WPS章节),0.4224,0.0,
word自动编号怎么取消,Word,教程操作,通用,Word·教程操作·通用,中关联(通用+WPS章节),0.4224,0.0,
word设置目录,Word,教程操作,目录,Word·教程操作·目录,中关联(通用+WPS章节),0.4224,0.0,
word如何加水印,Word,教程操作,水印,Word·教程操作·水印,中关联(通用+WPS章节),0.4224,0.0,
怎么去掉word里的红色波浪线,Word,教程操作,通用,Word·教程操作·通用,中关联(通用+WPS章节),0.4224,0.0,
excel文件损坏怎么修复,Excel,教程操作,通用,Excel·教程操作·通用,中关联(通用+WPS章节),0.274,0.0,
excel怎么查找重复内容,Excel,教程操作,通用,Excel·教程操作·通用,中关联(通用+WPS章节),0.274,0.0,
excel设置选项,Excel,教程操作,通用,Excel·教程操作·通用,中关联(通用+WPS章节),0.274,0.0,
excel打不开的原因及解决方法,Excel,教程操作,打不开,Excel·教程操作·打不开,中关联(通用+WPS章节),0.274,0.0,
excel如何求和,Excel,教程操作,通用,Excel·教程操作·通用,中关联(通用+WPS章节),0.274,0.0,
excel设置下拉框,Excel,教程操作,通用,Excel·教程操作·通用,中关联(通用+WPS章节),0.274,0.0,
excel怎么算平均值,Excel,教程操作,通用,Excel·教程操作·通用,中关联(通用+WPS章节),0.274,0.0,
excel表格怎么设置下拉选项,Excel,教程操作,表格,Excel·教程操作·表格,中关联(通用+WPS章节),0.274,0.0,
excel如何设置打印区域,Excel,教程操作,打印,Excel·教程操作·打印,中关联(通用+WPS章节),0.274,0.0,
ppt循环播放怎么设置,PPT,教程操作,通用,PPT·教程操作·通用,中关联(通用+WPS章节),1.0,0.0,
ppt结束语怎么说,PPT,教程操作,通用,PPT·教程操作·通用,中关联(通用+WPS章节),1.0,0.0,
ppt怎么设置自动播放,PPT,教程操作,通用,PPT·教程操作·通用,中关联(通用+WPS章节),1.0,0.0,
ppt母版怎么制作,PPT,教程操作,通用,PPT·教程操作·通用,中关联(通用+WPS章节),1.0,0.0,
pdf加密文件怎么加密,PDF,教程操作,加密,PDF·教程操作·加密,中关联(通用+WPS章节),0.2212,0.0,
pdf如何去除水印,PDF,教程操作,水印,PDF·教程操作·水印,中关联(通用+WPS章节),0.2212,0.0,
word文档空白页怎么删除,Word,教程操作,通用,Word·教程操作·通用,中关联(通用+WPS章节),0.4224,0.0,
word怎么求和,Word,教程操作,通用,Word·教程操作·通用,中关联(通用+WPS章节),0.4224,0.0,
word怎么添加目录,Word,教程操作,目录,Word·教程操作·目录,中关联(通用+WPS章节),0.4224,0.0,
word三线表怎么做,Word,教程操作,通用,Word·教程操作·通用,中关联(通用+WPS章节),0.4224,0.0,
word怎么更新目录,Word,教程操作,目录,Word·教程操作·目录,中关联(通用+WPS章节),0.4224,0.0,
word表格超出页面怎么调整,Excel,教程操作,表格,Excel·教程操作·表格,中关联(通用+WPS章节),0.274,0.0,
excel如何设置密码,Excel,教程操作,通用,Excel·教程操作·通用,中关联(通用+WPS章节),0.274,0.0,
excel怎么删除重复项,Excel,教程操作,通用,Excel·教程操作·通用,中关联(通用+WPS章节),0.274,0.0,
excel表怎么筛选重复数据,Excel,教程操作,通用,Excel·教程操作·通用,中关联(通用+WPS章节),0.274,0.0,
excel中怎么换行,Excel,教程操作,通用,Excel·教程操作·通用,中关联(通用+WPS章节),0.274,0.0,
excel表格怎么设置密码,Excel,教程操作,表格,Excel·教程操作·表格,中关联(通用+WPS章节),0.274,0.0,
excel文件太大怎么变小,Excel,教程操作,通用,Excel·教程操作·通用,中关联(通用+WPS章节),0.274,0.0,
excel如何自动换行,Excel,教程操作,通用,Excel·教程操作·通用,中关联(通用+WPS章节),0.274,0.0,
excel宏代码编写教程,Excel,教程操作,宏,Excel·教程操作·宏,中关联(通用+WPS章节),0.274,0.0,
excel行距怎么设置在哪里,Excel,教程操作,行距,Excel·教程操作·行距,中关联(通用+WPS章节),0.274,0.0,
excel表格怎么打印,Excel,教程操作,打印,Excel·教程操作·打印,中关联(通用+WPS章节),0.274,0.0,
excel如何插入图片,Excel,教程操作,通用,Excel·教程操作·通用,中关联(通用+WPS章节),0.274,0.0,
cad怎么导出pdf格式,PDF,教程操作,通用,PDF·教程操作·通用,中关联(通用+WPS章节),0.2212,0.0,
pdf怎么添加水印,PDF,教程操作,水印,PDF·教程操作·水印,中关联(通用+WPS章节),0.2212,0.0,
pdf怎么打码,PDF,教程操作,通用,PDF·教程操作·通用,中关联(通用+WPS章节),0.2212,0.0,
如何压缩pdf文件,PDF,教程操作,通用,PDF·教程操作·通用,中关联(通用+WPS章节),0.2212,0.0,
pdf怎么插入图片,PDF,教程操作,通用,PDF·教程操作·通用,中关联(通用+WPS章节),0.2212,0.0,
word中如何删除空白页,Word,教程操作,通用,Word·教程操作·通用,中关联(通用+WPS章节),0.4224,0.0,
word字符间距怎么设置,Word,教程操作,通用,Word·教程操作·通用,中关联(通用+WPS章节),0.4224,0.0,
word怎么全选,Word,教程操作,通用,Word·教程操作·通用,中关联(通用+WPS章节),0.4224,0.0,
word怎么插入页码,Word,教程操作,通用,Word·教程操作·通用,中关联(通用+WPS章节),0.4224,0.0,
word上标怎么打,Word,教程操作,通用,Word·教程操作·通用,中关联(通用+WPS章节),0.4224,0.0,
word公式怎么是灰的,Word,教程操作,公式,Word·教程操作·公式,中关联(通用+WPS章节),0.4224,0.0,
word怎么加密,Word,教程操作,加密,Word·教程操作·加密,中关联(通用+WPS章节),0.4224,0.0,
word怎么调整字间距,Word,教程操作,通用,Word·教程操作·通用,中关联(通用+WPS章节),0.4224,0.0,
word设置密码,Word,教程操作,通用,Word·教程操作·通用,中关联(通用+WPS章节),0.4224,0.0,
word如何删除批注,Word,教程操作,批注,Word·教程操作·批注,中关联(通用+WPS章节),0.4224,0.0,
excel表格怎么自动换行,Excel,教程操作,表格,Excel·教程操作·表格,中关联(通用+WPS章节),0.274,0.0,
excel如何加密,Excel,教程操作,加密,Excel·教程操作·加密,中关联(通用+WPS章节),0.274,0.0,
excel怎么加密码,Excel,教程操作,加密,Excel·教程操作·加密,中关联(通用+WPS章节),0.274,0.0,
excel选项按钮如何设置,Excel,教程操作,通用,Excel·教程操作·通用,中关联(通用+WPS章节),0.274,0.0,
excel怎么求平均值,Excel,教程操作,通用,Excel·教程操作·通用,中关联(通用+WPS章节),0.274,0.0,
excel乘法公式怎么输入,Excel,教程操作,公式,Excel·教程操作·公式,中关联(通用+WPS章节),0.274,0.0,
excel表格怎么插入图片,Excel,教程操作,表格,Excel·教程操作·表格,中关联(通用+WPS章节),0.274,0.0,
excel怎么筛选出符合条件的数据,Excel,教程操作,通用,Excel·教程操作·通用,中关联(通用+WPS章节),0.274,0.0,
excel表格设置密码,Excel,教程操作,表格,Excel·教程操作·表格,中关联(通用+WPS章节),0.274,0.0,
如何excel,Excel,教程操作,通用,Excel·教程操作·通用,中关联(通用+WPS章节),0.274,0.0,
ppt怎么导入视频,PPT,教程操作,通用,PPT·教程操作·通用,中关联(通用+WPS章节),1.0,0.0,
ppt如何加水印,PPT,教程操作,水印,PPT·教程操作·水印,中关联(通用+WPS章节),1.0,0.0,
pdf怎么打马赛克,PDF,教程操作,通用,PDF·教程操作·通用,中关联(通用+WPS章节),0.2212,0.0,
怎么在pdf上编辑文字,PDF,教程操作,通用,PDF·教程操作·通用,中关联(通用+WPS章节),0.2212,0.0,
pdf怎么修改,PDF,教程操作,通用,PDF·教程操作·通用,中关联(通用+WPS章节),0.2212,0.0,
怎么修改pdf里面的文字,PDF,教程操作,通用,PDF·教程操作·通用,中关联(通用+WPS章节),0.2212,0.0,
word如何设置页码,Word,教程操作,通用,Word·教程操作·通用,中关联(通用+WPS章节),0.4224,0.0,
word下划线怎么打,Word,教程操作,通用,Word·教程操作·通用,中关联(通用+WPS章节),0.4224,0.0,
word文档怎么删除一整页,Word,教程操作,通用,Word·教程操作·通用,中关联(通用+WPS章节),0.4224,0.0,
word怎么删除页眉页脚,Word,教程操作,页眉,Word·教程操作·页眉,中关联(通用+WPS章节),0.4224,0.0,
word怎么删除页眉,Word,教程操作,页眉,Word·教程操作·页眉,中关联(通用+WPS章节),0.4224,0.0,
word对勾怎么打,Word,教程操作,通用,Word·教程操作·通用,中关联(通用+WPS章节),0.4224,0.0,
word中页眉的横线怎么去掉,Word,教程操作,页眉,Word·教程操作·页眉,中关联(通用+WPS章节),0.4224,0.0,
怎么用excel,Excel,教程操作,通用,Excel·教程操作·通用,中关联(通用+WPS章节),0.274,0.0,
excel公式怎么用,Excel,教程操作,公式,Excel·教程操作·公式,中关联(通用+WPS章节),0.274,0.0,
excel怎么做折线图,Excel,教程操作,通用,Excel·教程操作·通用,中关联(通用+WPS章节),0.274,0.0,
excel如何计算,Excel,教程操作,通用,Excel·教程操作·通用,中关联(通用+WPS章节),0.274,0.0,
excel怎么启用宏,Excel,教程操作,宏,Excel·教程操作·宏,中关联(通用+WPS章节),0.274,0.0,
excel怎么计数,Excel,教程操作,通用,Excel·教程操作·通用,中关联(通用+WPS章节),0.274,0.0,
ppt文件太大怎么压缩,PPT,教程操作,通用,PPT·教程操作·通用,中关联(通用+WPS章节),1.0,0.0,
ppt页脚怎么设置,PPT,教程操作,页脚,PPT·教程操作·页脚,中关联(通用+WPS章节),1.0,0.0,
ppt怎么转化成pdf,PDF,教程操作,通用,PDF·教程操作·通用,中关联(通用+WPS章节),0.2212,0.0,
ppt备注栏怎么调出来,PPT,教程操作,通用,PPT·教程操作·通用,中关联(通用+WPS章节),1.0,0.0,
ppt 怎么加音乐,PPT,教程操作,通用,PPT·教程操作·通用,中关联(通用+WPS章节),1.0,0.0,
pdf怎么合并,PDF,教程操作,合并,PDF·教程操作·合并,中关联(通用+WPS章节),0.2212,0.0,
pdf怎么删除页面,PDF,教程操作,通用,PDF·教程操作·通用,中关联(通用+WPS章节),0.2212,0.0,
pdf怎么打开,PDF,教程操作,通用,PDF·教程操作·通用,中关联(通用+WPS章节),0.2212,0.0,
pdf怎么取消密码,PDF,教程操作,通用,PDF·教程操作·通用,中关联(通用+WPS章节),0.2212,0.0,
word页码设置,Word,教程操作,通用,Word·教程操作·通用,中关联(通用+WPS章节),0.4224,0.0,
word文档下划线怎么打,Word,教程操作,通用,Word·教程操作·通用,中关联(通用+WPS章节),0.4224,0.0,
word怎么添加页码,Word,教程操作,通用,Word·教程操作·通用,中关联(通用+WPS章节),0.4224,0.0,
word批注怎么删除,Word,教程操作,批注,Word·教程操作·批注,中关联(通用+WPS章节),0.4224,0.0,
word文档如何自动生成目录,WPS AI,教程操作,目录,WPS AI·教程操作·目录,中关联(通用+WPS章节),0.0,0.0,
word表格中的行间距怎么调整,Excel,教程操作,表格,Excel·教程操作·表格,中关联(通用+WPS章节),0.274,0.0,
word怎么加目录,Word,教程操作,目录,Word·教程操作·目录,中关联(通用+WPS章节),0.4224,0.0,
word页眉怎么设置每页不同,Word,教程操作,页眉,Word·教程操作·页眉,中关联(通用+WPS章节),0.4224,0.0,
word怎么去除水印,Word,教程操作,水印,Word·教程操作·水印,中关联(通用+WPS章节),0.4224,0.0,
Word如何插入pdf,PDF,教程操作,通用,PDF·教程操作·通用,中关联(通用+WPS章节),0.2212,0.0,
excel合并单元格怎么弄,Excel,教程操作,合并单元格,Excel·教程操作·合并单元格,中关联(通用+WPS章节),0.274,0.0,
excel怎么插入多行,Excel,教程操作,通用,Excel·教程操作·通用,中关联(通用+WPS章节),0.274,0.0,
excel选择框怎么设置,Excel,教程操作,通用,Excel·教程操作·通用,中关联(通用+WPS章节),0.274,0.0,
excel大于等于号怎么打,Excel,教程操作,通用,Excel·教程操作·通用,中关联(通用+WPS章节),0.274,0.0,
excel如何制作甘特图,Excel,教程操作,通用,Excel·教程操作·通用,中关联(通用+WPS章节),0.274,0.0,
excel怎么设置选项,Excel,教程操作,通用,Excel·教程操作·通用,中关联(通用+WPS章节),0.274,0.0,
excel怎么四舍五入,Excel,教程操作,通用,Excel·教程操作·通用,中关联(通用+WPS章节),0.274,0.0,
excel如何锁定单元格不被修改,Excel,教程操作,通用,Excel·教程操作·通用,中关联(通用+WPS章节),0.274,0.0,
excel表格行距怎么调,Excel,教程操作,表格,Excel·教程操作·表格,中关联(通用+WPS章节),0.274,0.0,
excel怎么分页,Excel,教程操作,分页,Excel·教程操作·分页,中关联(通用+WPS章节),0.274,0.0,
ppt超链接怎么做,PPT,教程操作,通用,PPT·教程操作·通用,中关联(通用+WPS章节),1.0,0.0,
wps怎么做ppt,PPT,教程操作,通用,PPT·教程操作·通用,中关联(通用+WPS章节),1.0,141.0,
ppt背景音乐怎么设置,PPT,教程操作,背景,PPT·教程操作·背景,中关联(通用+WPS章节),1.0,0.0,
如何压缩ppt文件大小,PPT,教程操作,通用,PPT·教程操作·通用,中关联(通用+WPS章节),1.0,0.0,
ppt里面如何加入视频,PPT,教程操作,通用,PPT·教程操作·通用,中关联(通用+WPS章节),1.0,0.0,
ppt图片透明度怎么调,PPT,教程操作,通用,PPT·教程操作·通用,中关联(通用+WPS章节),1.0,0.0,
怎么压缩ppt,PPT,教程操作,通用,PPT·教程操作·通用,中关联(通用+WPS章节),1.0,0.0,
ppt如何压缩,PPT,教程操作,通用,PPT·教程操作·通用,中关联(通用+WPS章节),1.0,0.0,
ppt结束语怎么写,PPT,教程操作,通用,PPT·教程操作·通用,中关联(通用+WPS章节),1.0,0.0,
ppt抽奖制作方法,PPT,教程操作,通用,PPT·教程操作·通用,中关联(通用+WPS章节),1.0,0.0,
pdf是什么,PDF,功能认知,通用,PDF·功能认知·通用,中关联(通用+WPS章节),0.2212,0.0,
怎么批量打印pdf,PDF,教程操作,打印,PDF·教程操作·打印,中关联(通用+WPS章节),0.2212,0.0,
pdf如何删除空白页,PDF,教程操作,通用,PDF·教程操作·通用,中关联(通用+WPS章节),0.2212,0.0,
cad怎么导出pdf,PDF,教程操作,通用,PDF·教程操作·通用,中关联(通用+WPS章节),0.2212,0.0,
pdf如何添加水印,PDF,教程操作,水印,PDF·教程操作·水印,中关联(通用+WPS章节),0.2212,0.0,
怎么给pdf加水印,PDF,教程操作,水印,PDF·教程操作·水印,中关联(通用+WPS章节),0.2212,0.0,
如何给pdf加水印,PDF,教程操作,水印,PDF·教程操作·水印,中关联(通用+WPS章节),0.2212,0.0,
pdf怎么统计字数,PDF,教程操作,通用,PDF·教程操作·通用,中关联(通用+WPS章节),0.2212,0.0,
word目录怎么做,Word,教程操作,目录,Word·教程操作·目录,中关联(通用+WPS章节),0.4224,0.0,
word文档怎么制作表格,Excel,教程操作,表格,Excel·教程操作·表格,中关联(通用+WPS章节),0.274,0.0,
word怎么删除一整页,Word,教程操作,通用,Word·教程操作·通用,中关联(通用+WPS章节),0.4224,0.0,
word表格怎么上下居中,Excel,教程操作,表格,Excel·教程操作·表格,中关联(通用+WPS章节),0.274,0.0,
word文档加密如何设置,Word,教程操作,加密,Word·教程操作·加密,中关联(通用+WPS章节),0.4224,0.0,
word怎么上下居中,Word,教程操作,通用,Word·教程操作·通用,中关联(通用+WPS章节),0.4224,0.0,
word怎么删除空行,Word,教程操作,通用,Word·教程操作·通用,中关联(通用+WPS章节),0.4224,0.0,
word分数怎么输入,Word,教程操作,通用,Word·教程操作·通用,中关联(通用+WPS章节),0.4224,0.0,
word表格怎么居中,Excel,教程操作,表格,Excel·教程操作·表格,中关联(通用+WPS章节),0.274,0.0,
word怎么插入公式,Word,教程操作,公式,Word·教程操作·公式,中关联(通用+WPS章节),0.4224,0.0,
怎么删除word最后一页空白页,Word,教程操作,通用,Word·教程操作·通用,中关联(通用+WPS章节),0.4224,0.0,
word怎么插入分节符,Word,教程操作,通用,Word·教程操作·通用,中关联(通用+WPS章节),0.4224,0.0,
word加水印怎么加,Word,教程操作,水印,Word·教程操作·水印,中关联(通用+WPS章节),0.4224,0.0,
word怎么退出修订模式,Word,教程操作,修订,Word·教程操作·修订,中关联(通用+WPS章节),0.4224,0.0,
word怎么显示修改痕迹,Word,教程操作,通用,Word·教程操作·通用,中关联(通用+WPS章节),0.4224,0.0,
pdf怎么转化word,PDF,教程操作,通用,PDF·教程操作·通用,中关联(通用+WPS章节),0.2212,0.0,
word下面的红色波浪线怎么去掉,Word,教程操作,通用,Word·教程操作·通用,中关联(通用+WPS章节),0.4224,0.0,
excel设置下拉选项,Excel,教程操作,通用,Excel·教程操作·通用,中关联(通用+WPS章节),0.274,0.0,
excel中如何筛选出重复数据,Excel,教程操作,通用,Excel·教程操作·通用,中关联(通用+WPS章节),0.274,0.0,
excel表格怎么筛选,Excel,教程操作,表格,Excel·教程操作·表格,中关联(通用+WPS章节),0.274,0.0,
excel文字怎么换行,Excel,教程操作,通用,Excel·教程操作·通用,中关联(通用+WPS章节),0.274,0.0,
excel启用宏在哪里,Excel,教程操作,宏,Excel·教程操作·宏,中关联(通用+WPS章节),0.274,0.0,
excel怎么打勾,Excel,教程操作,通用,Excel·教程操作·通用,中关联(通用+WPS章节),0.274,0.0,
excel怎么分列,Excel,教程操作,通用,Excel·教程操作·通用,中关联(通用+WPS章节),0.274,0.0,
excel如何设置下拉选项,Excel,教程操作,通用,Excel·教程操作·通用,中关联(通用+WPS章节),0.274,0.0,
excel表格如何求和,Excel,教程操作,表格,Excel·教程操作·表格,中关联(通用+WPS章节),0.274,0.0,
excel表格怎么取消隐藏,Excel,教程操作,表格,Excel·教程操作·表格,中关联(通用+WPS章节),0.274,0.0,
excel怎么打印每页都有表头,Excel,教程操作,打印,Excel·教程操作·打印,中关联(通用+WPS章节),0.274,0.0,
excel平均值怎么算,Excel,教程操作,通用,Excel·教程操作·通用,中关联(通用+WPS章节),0.274,0.0,
excel表格文字怎么换行,Excel,教程操作,表格,Excel·教程操作·表格,中关联(通用+WPS章节),0.274,0.0,
excel怎么生成随机数,Excel,教程操作,通用,Excel·教程操作·通用,中关联(通用+WPS章节),0.274,0.0,
excel数据验证在哪里,Excel,教程操作,通用,Excel·教程操作·通用,中关联(通用+WPS章节),0.274,0.0,
ppt打印如何去掉日期,PPT,教程操作,打印,PPT·教程操作·打印,中关联(通用+WPS章节),1.0,0.0,
ppt如何自动播放,PPT,教程操作,通用,PPT·教程操作·通用,中关联(通用+WPS章节),1.0,0.0,
ppt怎么换背景,PPT,教程操作,背景,PPT·教程操作·背景,中关联(通用+WPS章节),1.0,0.0,
ppt没保存怎么恢复,PPT,教程操作,通用,PPT·教程操作·通用,中关联(通用+WPS章节),1.0,0.0,
ppt页码怎么删除,PPT,教程操作,通用,PPT·教程操作·通用,中关联(通用+WPS章节),1.0,0.0,
ppt如何加背景音乐,PPT,教程操作,背景,PPT·教程操作·背景,中关联(通用+WPS章节),1.0,0.0,
ppt自动保存的文件在哪里,PPT,教程操作,通用,PPT·教程操作·通用,中关联(通用+WPS章节),1.0,0.0,
ppt如何压缩文件大小,PPT,教程操作,通用,PPT·教程操作·通用,中关联(通用+WPS章节),1.0,0.0,
怎么合并ppt,PPT,教程操作,合并,PPT·教程操作·合并,中关联(通用+WPS章节),1.0,0.0,
pdf怎么设置密码,PDF,教程操作,通用,PDF·教程操作·通用,中关联(通用+WPS章节),0.2212,0.0,
ps如何导出pdf,PDF,教程操作,通用,PDF·教程操作·通用,中关联(通用+WPS章节),0.2212,0.0,
pdf怎么压缩到2M以内,PDF,教程操作,通用,PDF·教程操作·通用,中关联(通用+WPS章节),0.2212,0.0,
word首字下沉怎么设置,Word,教程操作,通用,Word·教程操作·通用,中关联(通用+WPS章节),0.4224,0.0,
word文档目录怎么弄,Word,教程操作,目录,Word·教程操作·目录,中关联(通用+WPS章节),0.4224,0.0,
word怎么做思维导图,Word,教程操作,通用,Word·教程操作·通用,中关联(通用+WPS章节),0.4224,0.0,
word怎么分栏,Word,教程操作,通用,Word·教程操作·通用,中关联(通用+WPS章节),0.4224,0.0,
word文档字间距怎么调,Word,教程操作,通用,Word·教程操作·通用,中关联(通用+WPS章节),0.4224,0.0,
word页眉怎么设置,Word,教程操作,页眉,Word·教程操作·页眉,中关联(通用+WPS章节),0.4224,0.0,
word字数统计在哪里,Word,教程操作,通用,Word·教程操作·通用,中关联(通用+WPS章节),0.4224,0.0,
未保存的word文档如何恢复,Word,教程操作,通用,Word·教程操作·通用,中关联(通用+WPS章节),0.4224,0.0,
word 怎么打横线,Word,教程操作,通用,Word·教程操作·通用,中关联(通用+WPS章节),0.4224,0.0,
word页眉页脚怎么设置,Word,教程操作,页眉,Word·教程操作·页眉,中关联(通用+WPS章节),0.4224,0.0,
word怎么横向排版,Word,教程操作,通用,Word·教程操作·通用,中关联(通用+WPS章节),0.4224,0.0,
word怎么画流程图,Word,教程操作,通用,Word·教程操作·通用,中关联(通用+WPS章节),0.4224,0.0,
word拼音怎么加声调,Word,教程操作,通用,Word·教程操作·通用,中关联(通用+WPS章节),0.4224,0.0,
word如何加密,Word,教程操作,加密,Word·教程操作·加密,中关联(通用+WPS章节),0.4224,0.0,
word怎么显示分页符,Word,教程操作,分页,Word·教程操作·分页,中关联(通用+WPS章节),0.4224,0.0,
word怎么打钩,Word,教程操作,通用,Word·教程操作·通用,中关联(通用+WPS章节),0.4224,0.0,
如何设置excel下拉选项,Excel,教程操作,通用,Excel·教程操作·通用,中关联(通用+WPS章节),0.274,0.0,
excel怎么加水印,Excel,教程操作,水印,Excel·教程操作·水印,中关联(通用+WPS章节),0.274,0.0,
excel对号怎么打,Excel,教程操作,通用,Excel·教程操作·通用,中关联(通用+WPS章节),0.274,0.0,
excel如何取消隐藏,Excel,教程操作,通用,Excel·教程操作·通用,中关联(通用+WPS章节),0.274,0.0,
excel如何查重,Excel,教程操作,通用,Excel·教程操作·通用,中关联(通用+WPS章节),0.274,0.0,
excel单元格怎么换行,Excel,教程操作,通用,Excel·教程操作·通用,中关联(通用+WPS章节),0.274,0.0,
excel怎么加页码,Excel,教程操作,通用,Excel·教程操作·通用,中关联(通用+WPS章节),0.274,0.0,
excel表格斜杠怎么弄,Excel,教程操作,表格,Excel·教程操作·表格,中关联(通用+WPS章节),0.274,0.0,
excel表格如何排序,Excel,教程操作,表格,Excel·教程操作·表格,中关联(通用+WPS章节),0.274,0.0,
excel怎么做柱形图,Excel,教程操作,通用,Excel·教程操作·通用,中关联(通用+WPS章节),0.274,0.0,
excel饼图怎么显示百分比,Excel,教程操作,通用,Excel·教程操作·通用,中关联(通用+WPS章节),0.274,0.0,
excel怎么转置行列,Excel,教程操作,通用,Excel·教程操作·通用,中关联(通用+WPS章节),0.274,0.0,
excel 怎么,Excel,教程操作,通用,Excel·教程操作·通用,中关联(通用+WPS章节),0.274,0.0,
ppt怎么压缩,PPT,教程操作,通用,PPT·教程操作·通用,中关联(通用+WPS章节),1.0,0.0,
ppt尺寸怎么修改,PPT,教程操作,通用,PPT·教程操作·通用,中关联(通用+WPS章节),1.0,0.0,
ppt自动播放怎么设置,PPT,教程操作,通用,PPT·教程操作·通用,中关联(通用+WPS章节),1.0,0.0,
怎么给ppt加页码,PPT,教程操作,通用,PPT·教程操作·通用,中关联(通用+WPS章节),1.0,0.0,
ppt怎么变成竖版,PPT,教程操作,通用,PPT·教程操作·通用,中关联(通用+WPS章节),1.0,0.0,
ppt蒙版效果怎么做,PPT,教程操作,通用,PPT·教程操作·通用,中关联(通用+WPS章节),1.0,0.0,
ppt切换效果怎么设置,PPT,教程操作,通用,PPT·教程操作·通用,中关联(通用+WPS章节),1.0,0.0,
ppt如何添加页码,PPT,教程操作,通用,PPT·教程操作·通用,中关联(通用+WPS章节),1.0,0.0,
ppt怎么插入超链接,PPT,教程操作,通用,PPT·教程操作·通用,中关联(通用+WPS章节),1.0,0.0,
pdf文件如何加密,PDF,教程操作,加密,PDF·教程操作·加密,中关联(通用+WPS章节),0.2212,0.0,
怎么把pdf变小,PDF,教程操作,通用,PDF·教程操作·通用,中关联(通用+WPS章节),0.2212,0.0,
pdf怎么添加页码,PDF,教程操作,通用,PDF·教程操作·通用,中关联(通用+WPS章节),0.2212,0.0,
怎么给pdf文档加密,PDF,教程操作,加密,PDF·教程操作·加密,中关联(通用+WPS章节),0.2212,0.0,
如何压缩pdf大小,PDF,教程操作,通用,PDF·教程操作·通用,中关联(通用+WPS章节),0.2212,0.0,
怎么修改pdf,PDF,教程操作,通用,PDF·教程操作·通用,中关联(通用+WPS章节),0.2212,0.0,
如何删除word中的空白页,Word,教程操作,通用,Word·教程操作·通用,中关联(通用+WPS章节),0.4224,0.0,
word教程,Word,教程操作,通用,Word·教程操作·通用,中关联(通用+WPS章节),0.4224,0.0,
word表格怎么求和,Excel,教程操作,表格,Excel·教程操作·表格,中关联(通用+WPS章节),0.274,0.0,
word怎么插入图片,Word,教程操作,通用,Word·教程操作·通用,中关联(通用+WPS章节),0.4224,0.0,
word怎么调整页面顺序,Word,教程操作,通用,Word·教程操作·通用,中关联(通用+WPS章节),0.4224,0.0,
word不能编辑怎么办,Word,教程操作,通用,Word·教程操作·通用,中关联(通用+WPS章节),0.4224,0.0,
word怎么自动编号,Word,教程操作,通用,Word·教程操作·通用,中关联(通用+WPS章节),0.4224,0.0,
word怎么制作目录,Word,教程操作,目录,Word·教程操作·目录,中关联(通用+WPS章节),0.4224,0.0,
word如何设置目录,Word,教程操作,目录,Word·教程操作·目录,中关联(通用+WPS章节),0.4224,0.0,
word换行符怎么去掉,Word,教程操作,通用,Word·教程操作·通用,中关联(通用+WPS章节),0.4224,0.0,
word如何清除格式,Word,教程操作,通用,Word·教程操作·通用,中关联(通用+WPS章节),0.4224,0.0,
word怎么显示目录,Word,教程操作,目录,Word·教程操作·目录,中关联(通用+WPS章节),0.4224,0.0,
word怎么在方框里打钩,Word,教程操作,通用,Word·教程操作·通用,中关联(通用+WPS章节),0.4224,0.0,
word如何插入水印,Word,教程操作,水印,Word·教程操作·水印,中关联(通用+WPS章节),0.4224,0.0,
word快捷键设置,Word,教程操作,通用,Word·教程操作·通用,中关联(通用+WPS章节),0.4224,0.0,
word换行符怎么替换,Word,教程操作,通用,Word·教程操作·通用,中关联(通用+WPS章节),0.4224,0.0,
excel列宽在哪里设置,Excel,教程操作,通用,Excel·教程操作·通用,中关联(通用+WPS章节),0.274,0.0,
excel怎么设置行高,Excel,教程操作,通用,Excel·教程操作·通用,中关联(通用+WPS章节),0.274,0.0,
excel四舍五入怎么设置,Excel,教程操作,通用,Excel·教程操作·通用,中关联(通用+WPS章节),0.274,0.0,
excel怎么调整行间距,Excel,教程操作,通用,Excel·教程操作·通用,中关联(通用+WPS章节),0.274,0.0,
怎么在excel表格中画斜线,Excel,教程操作,表格,Excel·教程操作·表格,中关联(通用+WPS章节),0.274,0.0,
excel表格单元格内怎么换行,Excel,教程操作,表格,Excel·教程操作·表格,中关联(通用+WPS章节),0.274,0.0,
怎么让excel,Excel,教程操作,通用,Excel·教程操作·通用,中关联(通用+WPS章节),0.274,0.0,
excel怎么算标准差,Excel,教程操作,通用,Excel·教程操作·通用,中关联(通用+WPS章节),0.274,0.0,
excel函数使用教程,Excel,教程操作,函数,Excel·教程操作·函数,中关联(通用+WPS章节),0.274,0.0,
excel工作组怎么取消,Excel,教程操作,通用,Excel·教程操作·通用,中关联(通用+WPS章节),0.274,0.0,
如何在excel中插图片,Excel,教程操作,通用,Excel·教程操作·通用,中关联(通用+WPS章节),0.274,0.0,
excel表格怎么查重,Excel,教程操作,表格,Excel·教程操作·表格,中关联(通用+WPS章节),0.274,0.0,
excel如何分列,Excel,教程操作,通用,Excel·教程操作·通用,中关联(通用+WPS章节),0.274,0.0,
excel怎么固定表头,Excel,教程操作,通用,Excel·教程操作·通用,中关联(通用+WPS章节),0.274,0.0,
excel如何插入页码,Excel,教程操作,通用,Excel·教程操作·通用,中关联(通用+WPS章节),0.274,0.0,
excel字间距怎么调整,Excel,教程操作,通用,Excel·教程操作·通用,中关联(通用+WPS章节),0.274,0.0,
excel怎么取消密码保护,Excel,教程操作,通用,Excel·教程操作·通用,中关联(通用+WPS章节),0.274,0.0,
ppt如何取消自动播放,PPT,教程操作,通用,PPT·教程操作·通用,中关联(通用+WPS章节),1.0,0.0,
ppt翻页效果怎么设置,PPT,教程操作,通用,PPT·教程操作·通用,中关联(通用+WPS章节),1.0,0.0,
ppt怎么插入动图,PPT,教程操作,通用,PPT·教程操作·通用,中关联(通用+WPS章节),1.0,0.0,
ppt怎么嵌入字体,PPT,教程操作,字体,PPT·教程操作·字体,中关联(通用+WPS章节),1.0,0.0,
ppt抠图怎么抠图,PPT,教程操作,通用,PPT·教程操作·通用,中关联(通用+WPS章节),1.0,0.0,
ppt如何设置自动播放,PPT,教程操作,通用,PPT·教程操作·通用,中关联(通用+WPS章节),1.0,0.0,
ppt倒计时怎么设置,PPT,教程操作,通用,PPT·教程操作·通用,中关联(通用+WPS章节),1.0,0.0,
ppt学习全套教程,PPT,教程操作,通用,PPT·教程操作·通用,中关联(通用+WPS章节),1.0,0.0,
png怎么转成pdf格式,PDF,教程操作,通用,PDF·教程操作·通用,中关联(通用+WPS章节),0.2212,0.0,
pdf怎么批量打印,PDF,教程操作,打印,PDF·教程操作·打印,中关联(通用+WPS章节),0.2212,0.0,
pdf怎么插入页码,PDF,教程操作,通用,PDF·教程操作·通用,中关联(通用+WPS章节),0.2212,0.0,
如何修改pdf,PDF,教程操作,通用,PDF·教程操作·通用,中关联(通用+WPS章节),0.2212,0.0,
pdf怎么导入cad,PDF,教程操作,通用,PDF·教程操作·通用,中关联(通用+WPS章节),0.2212,0.0,
word怎么看字数,Word,教程操作,通用,Word·教程操作·通用,中关联(通用+WPS章节),0.4224,0.0,
word文档怎么加一页,Word,教程操作,通用,Word·教程操作·通用,中关联(通用+WPS章节),0.4224,0.0,
word怎么做表格,Excel,教程操作,表格,Excel·教程操作·表格,中关联(通用+WPS章节),0.274,0.0,
word文档页码怎么设置,Word,教程操作,通用,Word·教程操作·通用,中关联(通用+WPS章节),0.4224,0.0,
word怎么换行,Word,教程操作,通用,Word·教程操作·通用,中关联(通用+WPS章节),0.4224,0.0,
word空白页怎么删,Word,教程操作,通用,Word·教程操作·通用,中关联(通用+WPS章节),0.4224,0.0,
word怎么加下划线,Word,教程操作,通用,Word·教程操作·通用,中关联(通用+WPS章节),0.4224,0.0,
word目录怎么设置,Word,教程操作,目录,Word·教程操作·目录,中关联(通用+WPS章节),0.4224,0.0,
word编号怎么设置,Word,教程操作,通用,Word·教程操作·通用,中关联(通用+WPS章节),0.4224,0.0,
word怎么添加水印,Word,教程操作,水印,Word·教程操作·水印,中关联(通用+WPS章节),0.4224,0.0,
word如何取消修订模式,Word,教程操作,修订,Word·教程操作·修订,中关联(通用+WPS章节),0.4224,0.0,
word如何删除页,Word,教程操作,通用,Word·教程操作·通用,中关联(通用+WPS章节),0.4224,0.0,
word页边距怎么设置,Word,教程操作,通用,Word·教程操作·通用,中关联(通用+WPS章节),0.4224,0.0,
word文字背景颜色怎么去掉,Word,教程操作,背景,Word·教程操作·背景,中关联(通用+WPS章节),0.4224,0.0,
word文档如何加密,Word,教程操作,加密,Word·教程操作·加密,中关联(通用+WPS章节),0.4224,0.0,
word表格行距怎么调,Excel,教程操作,表格,Excel·教程操作·表格,中关联(通用+WPS章节),0.274,0.0,
word怎么对齐,Word,教程操作,通用,Word·教程操作·通用,中关联(通用+WPS章节),0.4224,0.0,
word 页面设置,Word,教程操作,通用,Word·教程操作·通用,中关联(通用+WPS章节),0.4224,0.0,
word如何打勾,Word,教程操作,通用,Word·教程操作·通用,中关联(通用+WPS章节),0.4224,0.0,
word如何更新目录,Word,教程操作,目录,Word·教程操作·目录,中关联(通用+WPS章节),0.4224,0.0,
word图片大小统一设置,Word,教程操作,通用,Word·教程操作·通用,中关联(通用+WPS章节),0.4224,0.0,
word怎么关闭批注,Word,教程操作,批注,Word·教程操作·批注,中关联(通用+WPS章节),0.4224,0.0,
word如何插入分节符,Word,教程操作,通用,Word·教程操作·通用,中关联(通用+WPS章节),0.4224,0.0,
怎么删除word,Word,教程操作,通用,Word·教程操作·通用,中关联(通用+WPS章节),0.4224,0.0,
如何设置word,Word,教程操作,通用,Word·教程操作·通用,中关联(通用+WPS章节),0.4224,0.0,
excel怎么读,Excel,教程操作,通用,Excel·教程操作·通用,中关联(通用+WPS章节),0.274,0.0,
如何在excel,Excel,教程操作,通用,Excel·教程操作·通用,中关联(通用+WPS章节),0.274,0.0,
excel表格怎么固定第一列不动,Excel,教程操作,表格,Excel·教程操作·表格,中关联(通用+WPS章节),0.274,0.0,
excel如何冻结前两行,Excel,教程操作,通用,Excel·教程操作·通用,中关联(通用+WPS章节),0.274,0.0,
excel怎么分行,Excel,教程操作,通用,Excel·教程操作·通用,中关联(通用+WPS章节),0.274,0.0,
excel中如何换行,Excel,教程操作,通用,Excel·教程操作·通用,中关联(通用+WPS章节),0.274,0.0,
excel分页符怎么删除,Excel,教程操作,分页,Excel·教程操作·分页,中关联(通用+WPS章节),0.274,0.0,
excel表格如何拆分单元格,Excel,教程操作,拆分单元格,Excel·教程操作·拆分单元格,中关联(通用+WPS章节),0.274,0.0,
excel怎么查找重复项,Excel,教程操作,通用,Excel·教程操作·通用,中关联(通用+WPS章节),0.274,0.0,
excel目录索引怎么做,Excel,教程操作,目录,Excel·教程操作·目录,中关联(通用+WPS章节),0.274,0.0,
excel设置下拉列表,Excel,教程操作,通用,Excel·教程操作·通用,中关联(通用+WPS章节),0.274,0.0,
ppt视频怎么自动播放,PPT,教程操作,通用,PPT·教程操作·通用,中关联(通用+WPS章节),1.0,0.0,
ppt表格边框颜色设置,PPT,教程操作,表格,PPT·教程操作·表格,中关联(通用+WPS章节),1.0,0.0,
ppt表格怎么增加一行,PPT,教程操作,表格,PPT·教程操作·表格,中关联(通用+WPS章节),1.0,0.0,
ppt背景设置,PPT,教程操作,背景,PPT·教程操作·背景,中关联(通用+WPS章节),1.0,0.0,
ppt设置,PPT,教程操作,通用,PPT·教程操作·通用,中关联(通用+WPS章节),1.0,0.0,
pdf怎么看字数,PDF,教程操作,通用,PDF·教程操作·通用,中关联(通用+WPS章节),0.2212,0.0,
pdf如何合并,PDF,教程操作,合并,PDF·教程操作·合并,中关联(通用+WPS章节),0.2212,0.0,
pdf怎么签名,PDF,教程操作,通用,PDF·教程操作·通用,中关联(通用+WPS章节),0.2212,0.0,
pdf文件如何压缩,PDF,教程操作,通用,PDF·教程操作·通用,中关联(通用+WPS章节),0.2212,0.0,
pdf文件怎么变小,PDF,教程操作,通用,PDF·教程操作·通用,中关联(通用+WPS章节),0.2212,0.0,
如何合并两个pdf,PDF,教程操作,合并,PDF·教程操作·合并,中关联(通用+WPS章节),0.2212,0.0,
pdf怎么转jpg,PDF,教程操作,通用,PDF·教程操作·通用,中关联(通用+WPS章节),0.2212,0.0,
pdf如何加页码,PDF,教程操作,通用,PDF·教程操作·通用,中关联(通用+WPS章节),0.2212,0.0,
pdf文件怎么转曲,PDF,教程操作,通用,PDF·教程操作·通用,中关联(通用+WPS章节),0.2212,0.0,
如何给pdf加密,PDF,教程操作,加密,PDF·教程操作·加密,中关联(通用+WPS章节),0.2212,0.0,
pdf如何修改文字内容,PDF,教程操作,通用,PDF·教程操作·通用,中关联(通用+WPS章节),0.2212,0.0,
怎么删除word中的空白页,Word,教程操作,通用,Word·教程操作·通用,中关联(通用+WPS章节),0.4224,0.0,
word底纹怎么设置,Word,教程操作,通用,Word·教程操作·通用,中关联(通用+WPS章节),0.4224,0.0,
word文档怎么调整行间距,Word,教程操作,通用,Word·教程操作·通用,中关联(通用+WPS章节),0.4224,0.0,
word怎么设置行距,Word,教程操作,行距,Word·教程操作·行距,中关联(通用+WPS章节),0.4224,0.0,
word怎么插入表格,Excel,教程操作,表格,Excel·教程操作·表格,中关联(通用+WPS章节),0.274,0.0,
word怎么做流程图,Word,教程操作,通用,Word·教程操作·通用,中关联(通用+WPS章节),0.4224,0.0,
word如何删除整页,Word,教程操作,通用,Word·教程操作·通用,中关联(通用+WPS章节),0.4224,0.0,
word怎么隐藏回车符号,Word,教程操作,通用,Word·教程操作·通用,中关联(通用+WPS章节),0.4224,0.0,
word怎么批注,Word,教程操作,批注,Word·教程操作·批注,中关联(通用+WPS章节),0.4224,0.0,
word设置背景图片,Word,教程操作,背景,Word·教程操作·背景,中关联(通用+WPS章节),0.4224,0.0,
word如何插入页码,Word,教程操作,通用,Word·教程操作·通用,中关联(通用+WPS章节),0.4224,0.0,
word怎么插入文件,Word,教程操作,通用,Word·教程操作·通用,中关联(通用+WPS章节),0.4224,0.0,
word如何删除页面,Word,教程操作,通用,Word·教程操作·通用,中关联(通用+WPS章节),0.4224,0.0,
word怎么去掉回车符号,Word,教程操作,通用,Word·教程操作·通用,中关联(通用+WPS章节),0.4224,0.0,
word只读模式怎么取消,Word,教程操作,通用,Word·教程操作·通用,中关联(通用+WPS章节),0.4224,0.0,
word乘号怎么输入,Word,教程操作,通用,Word·教程操作·通用,中关联(通用+WPS章节),0.4224,0.0,
word如何制作目录,Word,教程操作,目录,Word·教程操作·目录,中关联(通用+WPS章节),0.4224,0.0,
word如何添加水印,Word,教程操作,水印,Word·教程操作·水印,中关联(通用+WPS章节),0.4224,0.0,
word多级列表怎么设置,Word,教程操作,通用,Word·教程操作·通用,中关联(通用+WPS章节),0.4224,0.0,
word怎么添加字体,Word,教程操作,字体,Word·教程操作·字体,中关联(通用+WPS章节),0.4224,0.0,
word如何添加目录,Word,教程操作,目录,Word·教程操作·目录,中关联(通用+WPS章节),0.4224,0.0,
word如何去除水印,Word,教程操作,水印,Word·教程操作·水印,中关联(通用+WPS章节),0.4224,0.0,
word如何显示分页符,Word,教程操作,分页,Word·教程操作·分页,中关联(通用+WPS章节),0.4224,0.0,
乘号在word里怎么打,Word,教程操作,通用,Word·教程操作·通用,中关联(通用+WPS章节),0.4224,0.0,
怎么在excel,Excel,教程操作,通用,Excel·教程操作·通用,中关联(通用+WPS章节),0.274,0.0,
excel函数怎么用,Excel,教程操作,函数,Excel·教程操作·函数,中关联(通用+WPS章节),0.274,0.0,
excel超链接怎么弄,Excel,教程操作,通用,Excel·教程操作·通用,中关联(通用+WPS章节),0.274,0.0,
excel次方怎么打,Excel,教程操作,通用,Excel·教程操作·通用,中关联(通用+WPS章节),0.274,0.0,
excel怎么画折线图,Excel,教程操作,通用,Excel·教程操作·通用,中关联(通用+WPS章节),0.274,0.0,
excel如何启用宏,Excel,教程操作,宏,Excel·教程操作·宏,中关联(通用+WPS章节),0.274,0.0,
excel怎么自动填充,Excel,教程操作,通用,Excel·教程操作·通用,中关联(通用+WPS章节),0.274,0.0,
excel如何转置,Excel,教程操作,通用,Excel·教程操作·通用,中关联(通用+WPS章节),0.274,0.0,
excel求和公式怎么用,Excel,教程操作,公式,Excel·教程操作·公式,中关联(通用+WPS章节),0.274,0.0,
excel行间距怎么设置,Excel,教程操作,通用,Excel·教程操作·通用,中关联(通用+WPS章节),0.274,0.0,
excel怎么插入pdf,PDF,教程操作,通用,PDF·教程操作·通用,中关联(通用+WPS章节),0.2212,0.0,
excel怎么打钩,Excel,教程操作,通用,Excel·教程操作·通用,中关联(通用+WPS章节),0.274,0.0,
excel如何固定表头,Excel,教程操作,通用,Excel·教程操作·通用,中关联(通用+WPS章节),0.274,0.0,
excel怎么筛选重复数据,Excel,教程操作,通用,Excel·教程操作·通用,中关联(通用+WPS章节),0.274,0.0,
excel表格设置下拉选项,Excel,教程操作,表格,Excel·教程操作·表格,中关联(通用+WPS章节),0.274,0.0,
ppt怎么插入excel,PPT,教程操作,通用,PPT·教程操作·通用,中关联(通用+WPS章节),1.0,0.0,
excel表格里如何换行,Excel,教程操作,表格,Excel·教程操作·表格,中关联(通用+WPS章节),0.274,0.0,
excel表格怎么删除空白行,Excel,教程操作,表格,Excel·教程操作·表格,中关联(通用+WPS章节),0.274,0.0,
如何用excel做数据分析,Excel,教程操作,通用,Excel·教程操作·通用,中关联(通用+WPS章节),0.274,0.0,
excel文档加密如何设置,Excel,教程操作,加密,Excel·教程操作·加密,中关联(通用+WPS章节),0.274,0.0,
ppt如何抠图,PPT,教程操作,通用,PPT·教程操作·通用,中关联(通用+WPS章节),1.0,0.0,
ppt设置图片透明度,PPT,教程操作,通用,PPT·教程操作·通用,中关联(通用+WPS章节),1.0,0.0,
ppt设置背景图片,PPT,教程操作,背景,PPT·教程操作·背景,中关联(通用+WPS章节),1.0,0.0,
ppt图表怎么编辑数据,PPT,教程操作,图表,PPT·教程操作·图表,中关联(通用+WPS章节),1.0,0.0,
ppt怎么删除动画,PPT,教程操作,通用,PPT·教程操作·通用,中关联(通用+WPS章节),1.0,0.0,
ppt如何嵌入字体,PPT,教程操作,字体,PPT·教程操作·字体,中关联(通用+WPS章节),1.0,0.0,
如何取消ppt自动播放,PPT,教程操作,通用,PPT·教程操作·通用,中关联(通用+WPS章节),1.0,0.0,
ppt怎么设置图片透明度,PPT,教程操作,通用,PPT·教程操作·通用,中关联(通用+WPS章节),1.0,0.0,
pdf怎么解密,PDF,教程操作,解密,PDF·教程操作·解密,中关联(通用+WPS章节),0.2212,0.0,
pdf如何压缩大小,PDF,教程操作,通用,PDF·教程操作·通用,中关联(通用+WPS章节),0.2212,0.0,
pdf加页码怎么加,PDF,教程操作,通用,PDF·教程操作·通用,中关联(通用+WPS章节),0.2212,0.0,
pdf怎么变小,PDF,教程操作,通用,PDF·教程操作·通用,中关联(通用+WPS章节),0.2212,0.0,
怎么设置pdf默认打开方式,PDF,教程操作,通用,PDF·教程操作·通用,中关联(通用+WPS章节),0.2212,0.0,
cad怎么批量打印成pdf,PDF,教程操作,打印,PDF·教程操作·打印,中关联(通用+WPS章节),0.2212,0.0,
pdf怎么加密码,PDF,教程操作,加密,PDF·教程操作·加密,中关联(通用+WPS章节),0.2212,0.0,
word怎么读,Word,教程操作,通用,Word·教程操作·通用,中关联(通用+WPS章节),0.4224,0.0,
word表格怎么合并,Excel,教程操作,表格,Excel·教程操作·表格,中关联(通用+WPS章节),0.274,0.0,
word怎么替换文字,Word,教程操作,通用,Word·教程操作·通用,中关联(通用+WPS章节),0.4224,0.0,
word怎么另起一页,Word,教程操作,通用,Word·教程操作·通用,中关联(通用+WPS章节),0.4224,0.0,
word如何复制一整页,Word,教程操作,通用,Word·教程操作·通用,中关联(通用+WPS章节),0.4224,0.0,
word怎么删除页码,Word,教程操作,通用,Word·教程操作·通用,中关联(通用+WPS章节),0.4224,0.0,
word怎么加拼音,Word,教程操作,通用,Word·教程操作·通用,中关联(通用+WPS章节),0.4224,0.0,
word怎么添加下划线,Word,教程操作,通用,Word·教程操作·通用,中关联(通用+WPS章节),0.4224,0.0,
word文档怎么加水印,Word,教程操作,水印,Word·教程操作·水印,中关联(通用+WPS章节),0.4224,0.0,
word怎么插入脚注,Word,教程操作,通用,Word·教程操作·通用,中关联(通用+WPS章节),0.4224,0.0,
word怎么分节,Word,教程操作,通用,Word·教程操作·通用,中关联(通用+WPS章节),0.4224,0.0,
word怎么自动换行,Word,教程操作,通用,Word·教程操作·通用,中关联(通用+WPS章节),0.4224,0.0,
word怎么设置密码,Word,教程操作,通用,Word·教程操作·通用,中关联(通用+WPS章节),0.4224,0.0,
word如何添加页码,Word,教程操作,通用,Word·教程操作·通用,中关联(通用+WPS章节),0.4224,0.0,
word怎么打拼音,Word,教程操作,通用,Word·教程操作·通用,中关联(通用+WPS章节),0.4224,0.0,
word脚注怎么添加,Word,教程操作,通用,Word·教程操作·通用,中关联(通用+WPS章节),0.4224,0.0,
word自动保存怎么设置,Word,教程操作,通用,Word·教程操作·通用,中关联(通用+WPS章节),0.4224,0.0,
word目录怎么更新,Word,教程操作,目录,Word·教程操作·目录,中关联(通用+WPS章节),0.4224,0.0,
word怎么不显示批注,Word,教程操作,批注,Word·教程操作·批注,中关联(通用+WPS章节),0.4224,0.0,
word统计字数在哪里,Word,教程操作,通用,Word·教程操作·通用,中关联(通用+WPS章节),0.4224,0.0,
word长横线怎么打,Word,教程操作,通用,Word·教程操作·通用,中关联(通用+WPS章节),0.4224,0.0,
word前面的黑点怎么去掉,Word,教程操作,通用,Word·教程操作·通用,中关联(通用+WPS章节),0.4224,0.0,
word怎么检查错别字,Word,教程操作,通用,Word·教程操作·通用,中关联(通用+WPS章节),0.4224,0.0,
word怎么压缩文件大小,Word,教程操作,通用,Word·教程操作·通用,中关联(通用+WPS章节),0.4224,0.0,
word怎么压缩,Word,教程操作,通用,Word·教程操作·通用,中关联(通用+WPS章节),0.4224,0.0,
word文档怎么删除,Word,教程操作,通用,Word·教程操作·通用,中关联(通用+WPS章节),0.4224,0.0,
word标尺怎么用,Word,教程操作,通用,Word·教程操作·通用,中关联(通用+WPS章节),0.4224,0.0,
word怎么插入水印,Word,教程操作,水印,Word·教程操作·水印,中关联(通用+WPS章节),0.4224,0.0,
word改写模式怎么取消,Word,教程操作,通用,Word·教程操作·通用,中关联(通用+WPS章节),0.4224,0.0,
word目录设置,Word,教程操作,目录,Word·教程操作·目录,中关联(通用+WPS章节),0.4224,0.0,
word删除空白页怎么删,Word,教程操作,通用,Word·教程操作·通用,中关联(通用+WPS章节),0.4224,0.0,
word如何不显示回车符号,Word,教程操作,通用,Word·教程操作·通用,中关联(通用+WPS章节),0.4224,0.0,
excel求和怎么操作,Excel,教程操作,通用,Excel·教程操作·通用,中关联(通用+WPS章节),0.274,0.0,
excel使用技巧,Excel,教程操作,通用,Excel·教程操作·通用,中关联(通用+WPS章节),0.274,0.0,
excel复选框怎么设置,Excel,教程操作,通用,Excel·教程操作·通用,中关联(通用+WPS章节),0.274,0.0,
excel如何删除空白行,Excel,教程操作,通用,Excel·教程操作·通用,中关联(通用+WPS章节),0.274,0.0,
excel怎么计算年龄,Excel,教程操作,通用,Excel·教程操作·通用,中关联(通用+WPS章节),0.274,0.0,
excel怎么打对勾,Excel,教程操作,通用,Excel·教程操作·通用,中关联(通用+WPS章节),0.274,0.0,
excel怎么自动排序,Excel,教程操作,通用,Excel·教程操作·通用,中关联(通用+WPS章节),0.274,0.0,
excel如何设置下拉框,Excel,教程操作,通用,Excel·教程操作·通用,中关联(通用+WPS章节),0.274,0.0,
excel设置表头,Excel,教程操作,通用,Excel·教程操作·通用,中关联(通用+WPS章节),0.274,0.0,
excel怎么显示公式,Excel,教程操作,公式,Excel·教程操作·公式,中关联(通用+WPS章节),0.274,0.0,
excel怎么取消密码,Excel,教程操作,通用,Excel·教程操作·通用,中关联(通用+WPS章节),0.274,0.0,
excel怎么算年龄,Excel,教程操作,通用,Excel·教程操作·通用,中关联(通用+WPS章节),0.274,0.0,
excel怎么看字数,Excel,教程操作,通用,Excel·教程操作·通用,中关联(通用+WPS章节),0.274,0.0,
excel中下拉选项怎么设置,Excel,教程操作,通用,Excel·教程操作·通用,中关联(通用+WPS章节),0.274,0.0,
Excel如何设置选项,Excel,教程操作,通用,Excel·教程操作·通用,中关联(通用+WPS章节),0.274,0.0,
excel怎么取整,Excel,教程操作,通用,Excel·教程操作·通用,中关联(通用+WPS章节),0.274,0.0,
excel表格如何加密,Excel,教程操作,表格,Excel·教程操作·表格,中关联(通用+WPS章节),0.274,0.0,
excel怎么计算标准差,Excel,教程操作,通用,Excel·教程操作·通用,中关联(通用+WPS章节),0.274,0.0,
excel如何生成随机数,Excel,教程操作,通用,Excel·教程操作·通用,中关联(通用+WPS章节),0.274,0.0,
excel如何开根号,Excel,教程操作,通用,Excel·教程操作·通用,中关联(通用+WPS章节),0.274,0.0,
excel怎么生成折线图,Excel,教程操作,通用,Excel·教程操作·通用,中关联(通用+WPS章节),0.274,0.0,
excel二级下拉菜单怎么做,Excel,教程操作,通用,Excel·教程操作·通用,中关联(通用+WPS章节),0.274,0.0,
ppt怎么让图片一张一张出来,PPT,教程操作,通用,PPT·教程操作·通用,中关联(通用+WPS章节),1.0,0.0,
ppt如何加页码,PPT,教程操作,通用,PPT·教程操作·通用,中关联(通用+WPS章节),1.0,0.0,
ppt数据分析图怎么做,PPT,教程操作,通用,PPT·教程操作·通用,中关联(通用+WPS章节),1.0,0.0,
ppt母版制作教程,PPT,教程操作,通用,PPT·教程操作·通用,中关联(通用+WPS章节),1.0,0.0,
ppt中如何插入视频,PPT,教程操作,通用,PPT·教程操作·通用,中关联(通用+WPS章节),1.0,0.0,
ppt怎么插入gif,PPT,教程操作,通用,PPT·教程操作·通用,中关联(通用+WPS章节),1.0,0.0,
ppt背景图形怎么修改,PPT,教程操作,背景,PPT·教程操作·背景,中关联(通用+WPS章节),1.0,0.0,
ppt怎么改尺寸,PPT,教程操作,通用,PPT·教程操作·通用,中关联(通用+WPS章节),1.0,0.0,
如何制作精美的ppt,PPT,教程操作,通用,PPT·教程操作·通用,中关联(通用+WPS章节),1.0,0.0,
如何压缩ppt图片大小,PPT,教程操作,通用,PPT·教程操作·通用,中关联(通用+WPS章节),1.0,0.0,
动态ppt怎么制作,PPT,教程操作,通用,PPT·教程操作·通用,中关联(通用+WPS章节),1.0,0.0,
如何压缩ppt大小,PPT,教程操作,通用,PPT·教程操作·通用,中关联(通用+WPS章节),1.0,0.0,
ppt分辨率怎么调,PPT,教程操作,通用,PPT·教程操作·通用,中关联(通用+WPS章节),1.0,0.0,
ppt标尺怎么调出来,PPT,教程操作,通用,PPT·教程操作·通用,中关联(通用+WPS章节),1.0,0.0,
怎么压缩pdf大小,PDF,教程操作,通用,PDF·教程操作·通用,中关联(通用+WPS章节),0.2212,0.0,
pdf文件太大怎么变小,PDF,教程操作,通用,PDF·教程操作·通用,中关联(通用+WPS章节),0.2212,0.0,
怎么压缩pdf文件,PDF,教程操作,通用,PDF·教程操作·通用,中关联(通用+WPS章节),0.2212,0.0,
如何设置pdf默认打开方式,PDF,教程操作,通用,PDF·教程操作·通用,中关联(通用+WPS章节),0.2212,0.0,
pdf如何统计字数,PDF,教程操作,通用,PDF·教程操作·通用,中关联(通用+WPS章节),0.2212,0.0,
word怎么画图,Word,教程操作,通用,Word·教程操作·通用,中关联(通用+WPS章节),0.4224,0.0,
word页面设置,Word,教程操作,通用,Word·教程操作·通用,中关联(通用+WPS章节),0.4224,0.0,
word技巧,Word,教程操作,通用,Word·教程操作·通用,中关联(通用+WPS章节),0.4224,0.0,
word页眉横线怎么去掉,Word,教程操作,页眉,Word·教程操作·页眉,中关联(通用+WPS章节),0.4224,0.0,
图片如何转化为word文档,Word,教程操作,通用,Word·教程操作·通用,中关联(通用+WPS章节),0.4224,0.0,
word表格怎么合并单元格,Excel,教程操作,合并单元格,Excel·教程操作·合并单元格,中关联(通用+WPS章节),0.274,0.0,
word如何增加一页,Word,教程操作,通用,Word·教程操作·通用,中关联(通用+WPS章节),0.4224,0.0,
key word是什么意思,Word,功能认知,通用,Word·功能认知·通用,中关联(通用+WPS章节),0.4224,0.0,
word怎么删除某一页,Word,教程操作,通用,Word·教程操作·通用,中关联(通用+WPS章节),0.4224,0.0,
word怎么调整行距,Word,教程操作,行距,Word·教程操作·行距,中关联(通用+WPS章节),0.4224,0.0,
word表格怎么自动换行,Excel,教程操作,表格,Excel·教程操作·表格,中关联(通用+WPS章节),0.274,0.0,
word怎么自动生成序号,WPS AI,教程操作,通用,WPS AI·教程操作·通用,中关联(通用+WPS章节),0.0,0.0,
word超链接怎么弄,Word,教程操作,通用,Word·教程操作·通用,中关联(通用+WPS章节),0.4224,0.0,
word多余的空白页怎么删除,Word,教程操作,通用,Word·教程操作·通用,中关联(通用+WPS章节),0.4224,0.0,
word如何删除一页,Word,教程操作,通用,Word·教程操作·通用,中关联(通用+WPS章节),0.4224,0.0,
word怎么换页,Word,教程操作,通用,Word·教程操作·通用,中关联(通用+WPS章节),0.4224,0.0,
word怎么插入横线,Word,教程操作,通用,Word·教程操作·通用,中关联(通用+WPS章节),0.4224,0.0,
word角标数字怎么打,Word,教程操作,通用,Word·教程操作·通用,中关联(通用+WPS章节),0.4224,0.0,
word怎么设置标题,Word,教程操作,通用,Word·教程操作·通用,中关联(通用+WPS章节),0.4224,0.0,
word怎么合并表格,Excel,教程操作,表格,Excel·教程操作·表格,中关联(通用+WPS章节),0.274,0.0,
word怎么删除空格,Word,教程操作,通用,Word·教程操作·通用,中关联(通用+WPS章节),0.4224,0.0,
word目录格式设置,Word,教程操作,目录,Word·教程操作·目录,中关联(通用+WPS章节),0.4224,0.0,
word怎么查重,Word,教程操作,通用,Word·教程操作·通用,中关联(通用+WPS章节),0.4224,0.0,
word怎么删除水印,Word,教程操作,水印,Word·教程操作·水印,中关联(通用+WPS章节),0.4224,0.0,
word表格如何上下居中,Excel,教程操作,表格,Excel·教程操作·表格,中关联(通用+WPS章节),0.274,0.0,
word文档如何生成目录,Word,教程操作,目录,Word·教程操作·目录,中关联(通用+WPS章节),0.4224,0.0,
word怎么创建目录,Word,教程操作,目录,Word·教程操作·目录,中关联(通用+WPS章节),0.4224,0.0,
word分隔符在哪里,Word,品牌直达,通用,Word·品牌直达·通用,高关联(整篇WPS),0.4224,0.0,
word怎么把其中一页变成横向,Word,教程操作,通用,Word·教程操作·通用,中关联(通用+WPS章节),0.4224,0.0,
word设置标题,Word,教程操作,通用,Word·教程操作·通用,中关联(通用+WPS章节),0.4224,0.0,
word设置背景,Word,教程操作,背景,Word·教程操作·背景,中关联(通用+WPS章节),0.4224,0.0,
word怎么替换,Word,教程操作,通用,Word·教程操作·通用,中关联(通用+WPS章节),0.4224,0.0,
word如何删除页眉,Word,教程操作,页眉,Word·教程操作·页眉,中关联(通用+WPS章节),0.4224,0.0,
word如何自动编号,Word,教程操作,通用,Word·教程操作·通用,中关联(通用+WPS章节),0.4224,0.0,
word怎么删除节,Word,教程操作,通用,Word·教程操作·通用,中关联(通用+WPS章节),0.4224,0.0,
word学习全套教程,Word,教程操作,通用,Word·教程操作·通用,中关联(通用+WPS章节),0.4224,0.0,
word中向下的箭头是什么符号,Word,功能认知,通用,Word·功能认知·通用,中关联(通用+WPS章节),0.4224,0.0,
如何去掉word,Word,教程操作,通用,Word·教程操作·通用,中关联(通用+WPS章节),0.4224,0.0,
word怎么删除修订,Word,教程操作,修订,Word·教程操作·修订,中关联(通用+WPS章节),0.4224,0.0,
word中如何插入目录,Word,教程操作,目录,Word·教程操作·目录,中关联(通用+WPS章节),0.4224,0.0,
word中如何插入pdf,PDF,教程操作,通用,PDF·教程操作·通用,中关联(通用+WPS章节),0.2212,0.0,
如何在word中插入pdf,PDF,教程操作,通用,PDF·教程操作·通用,中关联(通用+WPS章节),0.2212,0.0,
excel表格教程,Excel,教程操作,表格,Excel·教程操作·表格,中关联(通用+WPS章节),0.274,0.0,
excel设置下拉菜单,Excel,教程操作,通用,Excel·教程操作·通用,中关联(通用+WPS章节),0.274,0.0,
excel表格内如何换行,Excel,教程操作,表格,Excel·教程操作·表格,中关联(通用+WPS章节),0.274,0.0,
excel护眼模式怎么设置,Excel,教程操作,通用,Excel·教程操作·通用,中关联(通用+WPS章节),0.274,0.0,
如何用excel,Excel,教程操作,通用,Excel·教程操作·通用,中关联(通用+WPS章节),0.274,0.0,
excel怎么打印,Excel,教程操作,打印,Excel·教程操作·打印,中关联(通用+WPS章节),0.274,0.0,
excel打印预览在哪里,Excel,教程操作,打印,Excel·教程操作·打印,中关联(通用+WPS章节),0.274,0.0,
excel怎么画图,Excel,教程操作,通用,Excel·教程操作·通用,中关联(通用+WPS章节),0.274,0.0,
excel如何计算年龄,Excel,教程操作,通用,Excel·教程操作·通用,中关联(通用+WPS章节),0.274,0.0,
excel里怎么换行,Excel,教程操作,通用,Excel·教程操作·通用,中关联(通用+WPS章节),0.274,0.0,
excel表格怎么去重,Excel,教程操作,表格,Excel·教程操作·表格,中关联(通用+WPS章节),0.274,0.0,
excel表格下拉菜单怎么设置,Excel,教程操作,表格,Excel·教程操作·表格,中关联(通用+WPS章节),0.274,0.0,
excel中sumif函数怎么用,Excel,教程操作,函数,Excel·教程操作·函数,中关联(通用+WPS章节),0.274,0.0,
excel如何计数,Excel,教程操作,通用,Excel·教程操作·通用,中关联(通用+WPS章节),0.274,0.0,
excel快捷键设置,Excel,教程操作,通用,Excel·教程操作·通用,中关联(通用+WPS章节),0.274,0.0,
excel如何四舍五入,Excel,教程操作,通用,Excel·教程操作·通用,中关联(通用+WPS章节),0.274,0.0,
excel怎么做柱状图,Excel,教程操作,通用,Excel·教程操作·通用,中关联(通用+WPS章节),0.274,0.0,
excel怎么清除格式,Excel,教程操作,通用,Excel·教程操作·通用,中关联(通用+WPS章节),0.274,0.0,
excel怎么取整数,Excel,教程操作,通用,Excel·教程操作·通用,中关联(通用+WPS章节),0.274,0.0,
excel怎么删除空行,Excel,教程操作,通用,Excel·教程操作·通用,中关联(通用+WPS章节),0.274,0.0,
excel中如何设置下拉选项,Excel,教程操作,通用,Excel·教程操作·通用,中关联(通用+WPS章节),0.274,0.0,
如何查看excel版本,Excel,教程操作,通用,Excel·教程操作·通用,中关联(通用+WPS章节),0.274,0.0,
如何在excel表格中换行,Excel,教程操作,表格,Excel·教程操作·表格,中关联(通用+WPS章节),0.274,0.0,
excel二维码制作方法,Excel,教程操作,通用,Excel·教程操作·通用,中关联(通用+WPS章节),0.274,0.0,
excel中index函数的使用方法,Excel,教程操作,函数,Excel·教程操作·函数,中关联(通用+WPS章节),0.274,0.0,
excel打开csv文件乱码的解决方法,Excel,教程操作,乱码,Excel·教程操作·乱码,中关联(通用+WPS章节),0.274,0.0,
ppt流程图怎么制作,PPT,教程操作,通用,PPT·教程操作·通用,中关联(通用+WPS章节),1.0,0.0,
ppt怎么插入文件,PPT,教程操作,通用,PPT·教程操作·通用,中关联(通用+WPS章节),1.0,0.0,
ppt怎么添加页码,PPT,教程操作,通用,PPT·教程操作·通用,中关联(通用+WPS章节),1.0,0.0,
如何在ppt中插入视频,PPT,教程操作,通用,PPT·教程操作·通用,中关联(通用+WPS章节),1.0,0.0,
ppt首行缩进2字符怎么设置,PPT,教程操作,通用,PPT·教程操作·通用,中关联(通用+WPS章节),1.0,0.0,
ppt怎么插入表格,PPT,教程操作,表格,PPT·教程操作·表格,中关联(通用+WPS章节),1.0,0.0,
ppt照片怎么排版好看,PPT,教程操作,通用,PPT·教程操作·通用,中关联(通用+WPS章节),1.0,0.0,
如何做好ppt,PPT,教程操作,通用,PPT·教程操作·通用,中关联(通用+WPS章节),1.0,0.0,
ppt透明度怎么调,PPT,教程操作,通用,PPT·教程操作·通用,中关联(通用+WPS章节),1.0,0.0,
ppt怎么做才好看,PPT,教程操作,通用,PPT·教程操作·通用,中关联(通用+WPS章节),1.0,0.0,
ppt如何插入动图,PPT,教程操作,通用,PPT·教程操作·通用,中关联(通用+WPS章节),1.0,0.0,
ppt设置页码,PPT,教程操作,通用,PPT·教程操作·通用,中关联(通用+WPS章节),1.0,0.0,
ppt怎么设置页码,PPT,教程操作,通用,PPT·教程操作·通用,中关联(通用+WPS章节),1.0,0.0,
ppt设置默认字体,PPT,教程操作,字体,PPT·教程操作·字体,中关联(通用+WPS章节),1.0,0.0,
ppt布局排版技巧,PPT,教程操作,通用,PPT·教程操作·通用,中关联(通用+WPS章节),1.0,0.0,
ppt金字塔图形怎么做,PPT,教程操作,通用,PPT·教程操作·通用,中关联(通用+WPS章节),1.0,0.0,
ppt自带音乐怎么去掉,PPT,教程操作,通用,PPT·教程操作·通用,中关联(通用+WPS章节),1.0,0.0,
pdf文件怎么编辑,PDF,教程操作,通用,PDF·教程操作·通用,中关联(通用+WPS章节),0.2212,0.0,
pdf文件怎么制作,PDF,教程操作,通用,PDF·教程操作·通用,中关联(通用+WPS章节),0.2212,0.0,
pdf文件加密怎么解除,PDF,教程操作,加密,PDF·教程操作·加密,中关联(通用+WPS章节),0.2212,0.0,
如何删除pdf中的空白页,PDF,教程操作,通用,PDF·教程操作·通用,中关联(通用+WPS章节),0.2212,0.0,
pdf怎么缩小,PDF,教程操作,通用,PDF·教程操作·通用,中关联(通用+WPS章节),0.2212,0.0,
如何减小pdf文件大小,PDF,教程操作,通用,PDF·教程操作·通用,中关联(通用+WPS章节),0.2212,0.0,
pdf如何拆分,PDF,教程操作,拆分,PDF·教程操作·拆分,中关联(通用+WPS章节),0.2212,0.0,
网页如何转成pdf,PDF,教程操作,通用,PDF·教程操作·通用,中关联(通用+WPS章节),0.2212,0.0,
word文档怎么自动生成目录,WPS AI,教程操作,目录,WPS AI·教程操作·目录,中关联(通用+WPS章节),0.0,0.0,
word页面颜色怎么设置,Word,教程操作,通用,Word·教程操作·通用,中关联(通用+WPS章节),0.4224,0.0,
怎么合并两个word文档,Word,教程操作,合并,Word·教程操作·合并,中关联(通用+WPS章节),0.4224,0.0,
word如何删除最后一页空白页,Word,教程操作,通用,Word·教程操作·通用,中关联(通用+WPS章节),0.4224,0.0,
word文档怎么加页码,Word,教程操作,通用,Word·教程操作·通用,中关联(通用+WPS章节),0.4224,0.0,
word是什么软件,Word,功能认知,通用,Word·功能认知·通用,中关联(通用+WPS章节),0.4224,0.0,
word怎么改行距,Word,教程操作,行距,Word·教程操作·行距,中关联(通用+WPS章节),0.4224,0.0,
word文档怎么排版,Word,教程操作,通用,Word·教程操作·通用,中关联(通用+WPS章节),0.4224,0.0,
word怎么调行距,Word,教程操作,行距,Word·教程操作·行距,中关联(通用+WPS章节),0.4224,0.0,
word图片怎么旋转,Word,教程操作,通用,Word·教程操作·通用,中关联(通用+WPS章节),0.4224,0.0,
word如何合并单元格,Word,教程操作,合并单元格,Word·教程操作·合并单元格,中关联(通用+WPS章节),0.4224,0.0,
word怎么统计字数,Word,教程操作,通用,Word·教程操作·通用,中关联(通用+WPS章节),0.4224,0.0,
word文档打不开是怎么回事,Word,教程操作,打不开,Word·教程操作·打不开,中关联(通用+WPS章节),0.4224,0.0,
怎么合并word文档,Word,教程操作,合并,Word·教程操作·合并,中关联(通用+WPS章节),0.4224,0.0,
word文档怎么打勾,Word,教程操作,通用,Word·教程操作·通用,中关联(通用+WPS章节),0.4224,0.0,
word表格怎么调整行高,Excel,教程操作,表格,Excel·教程操作·表格,中关联(通用+WPS章节),0.274,0.0,
word文档不能编辑怎么办,Word,教程操作,通用,Word·教程操作·通用,中关联(通用+WPS章节),0.4224,0.0,
word如何加页码,Word,教程操作,通用,Word·教程操作·通用,中关联(通用+WPS章节),0.4224,0.0,
word文档怎么做目录,Word,教程操作,目录,Word·教程操作·目录,中关联(通用+WPS章节),0.4224,0.0,
word怎么缩小行间距,Word,教程操作,通用,Word·教程操作·通用,中关联(通用+WPS章节),0.4224,0.0,
word怎么调整页边距,Word,教程操作,通用,Word·教程操作·通用,中关联(通用+WPS章节),0.4224,0.0,
word怎么打拼音带声调,Word,教程操作,通用,Word·教程操作·通用,中关联(通用+WPS章节),0.4224,0.0,
word标题怎么设置,Word,教程操作,通用,Word·教程操作·通用,中关联(通用+WPS章节),0.4224,0.0,
word设置行距,Word,教程操作,行距,Word·教程操作·行距,中关联(通用+WPS章节),0.4224,0.0,
word目录怎么弄,Word,教程操作,目录,Word·教程操作·目录,中关联(通用+WPS章节),0.4224,0.0,
word怎么转成excel,Excel,教程操作,通用,Excel·教程操作·通用,中关联(通用+WPS章节),0.274,0.0,
word怎么打下划线,Word,教程操作,通用,Word·教程操作·通用,中关联(通用+WPS章节),0.4224,0.0,
word箭头符号怎么打出来,Word,教程操作,通用,Word·教程操作·通用,中关联(通用+WPS章节),0.4224,0.0,
word多了一页空白页怎么删除,Word,教程操作,通用,Word·教程操作·通用,中关联(通用+WPS章节),0.4224,0.0,
word怎么签名,Word,教程操作,通用,Word·教程操作·通用,中关联(通用+WPS章节),0.4224,0.0,
word如何分节,Word,教程操作,通用,Word·教程操作·通用,中关联(通用+WPS章节),0.4224,0.0,
如何合并word文档,Word,教程操作,合并,Word·教程操作·合并,中关联(通用+WPS章节),0.4224,0.0,
word怎么加密码,Word,教程操作,加密,Word·教程操作·加密,中关联(通用+WPS章节),0.4224,0.0,
word如何设置密码,Word,教程操作,通用,Word·教程操作·通用,中关联(通用+WPS章节),0.4224,0.0,
word如何上下居中,Word,教程操作,通用,Word·教程操作·通用,中关联(通用+WPS章节),0.4224,0.0,
word如何插入公式,Word,教程操作,公式,Word·教程操作·公式,中关联(通用+WPS章节),0.4224,0.0,
word怎么输入分数,Word,教程操作,通用,Word·教程操作·通用,中关联(通用+WPS章节),0.4224,0.0,
word恢复未保存文件,Word,教程操作,通用,Word·教程操作·通用,中关联(通用+WPS章节),0.4224,0.0,
word怎么全选图片,Word,教程操作,通用,Word·教程操作·通用,中关联(通用+WPS章节),0.4224,0.0,
word怎么隐藏批注,Word,教程操作,批注,Word·教程操作·批注,中关联(通用+WPS章节),0.4224,0.0,
word怎么插入批注,Word,教程操作,批注,Word·教程操作·批注,中关联(通用+WPS章节),0.4224,0.0,
Word如何插入脚注,Word,教程操作,通用,Word·教程操作·通用,中关联(通用+WPS章节),0.4224,0.0,
word根号怎么打出来,Word,教程操作,通用,Word·教程操作·通用,中关联(通用+WPS章节),0.4224,0.0,
word第几页共几页怎么设置,Word,教程操作,通用,Word·教程操作·通用,中关联(通用+WPS章节),0.4224,0.0,
word书签怎么设置,Word,教程操作,通用,Word·教程操作·通用,中关联(通用+WPS章节),0.4224,0.0,
word怎么查重复内容,Word,教程操作,通用,Word·教程操作·通用,中关联(通用+WPS章节),0.4224,0.0,
word分数线怎么打,Word,教程操作,通用,Word·教程操作·通用,中关联(通用+WPS章节),0.4224,0.0,
word如何隐藏回车符号,Word,教程操作,通用,Word·教程操作·通用,中关联(通用+WPS章节),0.4224,0.0,
word文档最后一页空白页怎么删除,Word,教程操作,通用,Word·教程操作·通用,中关联(通用+WPS章节),0.4224,0.0,
如何将word中的一页变成横向,Word,教程操作,通用,Word·教程操作·通用,中关联(通用+WPS章节),0.4224,0.0,
word怎么删除脚注,Word,教程操作,通用,Word·教程操作·通用,中关联(通用+WPS章节),0.4224,0.0,
word如何删除空白行,Word,教程操作,通用,Word·教程操作·通用,中关联(通用+WPS章节),0.4224,0.0,
word表格行距怎么缩小,Excel,教程操作,表格,Excel·教程操作·表格,中关联(通用+WPS章节),0.274,0.0,
word如何绘制流程图,Word,教程操作,通用,Word·教程操作·通用,中关联(通用+WPS章节),0.4224,0.0,
word如何从第二页开始设置页码,Word,教程操作,通用,Word·教程操作·通用,中关联(通用+WPS章节),0.4224,0.0,
如何查看word版本,Word,教程操作,通用,Word·教程操作·通用,中关联(通用+WPS章节),0.4224,0.0,
苹果电脑怎么新建word,Word,教程操作,通用,Word·教程操作·通用,中关联(通用+WPS章节),0.4224,0.0,
excel表格里面怎么换行,Excel,教程操作,表格,Excel·教程操作·表格,中关联(通用+WPS章节),0.274,0.0,
excel表格中如何换行,Excel,教程操作,表格,Excel·教程操作·表格,中关联(通用+WPS章节),0.274,0.0,
excel怎么分类汇总,Excel,教程操作,通用,Excel·教程操作·通用,中关联(通用+WPS章节),0.274,0.0,
excel怎么设置下拉选项,Excel,教程操作,通用,Excel·教程操作·通用,中关联(通用+WPS章节),0.274,0.0,
excel表格内怎么换行,Excel,教程操作,表格,Excel·教程操作·表格,中关联(通用+WPS章节),0.274,0.0,
如何取消excel密码保护,Excel,教程操作,通用,Excel·教程操作·通用,中关联(通用+WPS章节),0.274,0.0,
怎么取消excel密码,Excel,教程操作,通用,Excel·教程操作·通用,中关联(通用+WPS章节),0.274,0.0,
excel如何查重复数据,Excel,教程操作,通用,Excel·教程操作·通用,中关联(通用+WPS章节),0.274,0.0,
excel折叠怎么设置,Excel,教程操作,通用,Excel·教程操作·通用,中关联(通用+WPS章节),0.274,0.0,
excel中countif函数怎么用,Excel,教程操作,函数,Excel·教程操作·函数,中关联(通用+WPS章节),0.274,0.0,
excel设置下拉,Excel,教程操作,通用,Excel·教程操作·通用,中关联(通用+WPS章节),0.274,0.0,
excel怎么统计字数,Excel,教程操作,通用,Excel·教程操作·通用,中关联(通用+WPS章节),0.274,0.0,
excel重复标题行怎么设置,Excel,教程操作,通用,Excel·教程操作·通用,中关联(通用+WPS章节),0.274,0.0,
excel怎么回车,Excel,教程操作,通用,Excel·教程操作·通用,中关联(通用+WPS章节),0.274,0.0,
excel如何取整,Excel,教程操作,通用,Excel·教程操作·通用,中关联(通用+WPS章节),0.274,0.0,
excel设置自动换行,Excel,教程操作,通用,Excel·教程操作·通用,中关联(通用+WPS章节),0.274,0.0,
excel如何设置下拉菜单,Excel,教程操作,通用,Excel·教程操作·通用,中关联(通用+WPS章节),0.274,0.0,
excel如何删除空行,Excel,教程操作,通用,Excel·教程操作·通用,中关联(通用+WPS章节),0.274,0.0,
excel如何加水印,Excel,教程操作,水印,Excel·教程操作·水印,中关联(通用+WPS章节),0.274,0.0,
excel怎么设置下拉框,Excel,教程操作,通用,Excel·教程操作·通用,中关联(通用+WPS章节),0.274,0.0,
excel怎么取消排序,Excel,教程操作,通用,Excel·教程操作·通用,中关联(通用+WPS章节),0.274,0.0,
excel如何计算标准差,Excel,教程操作,通用,Excel·教程操作·通用,中关联(通用+WPS章节),0.274,0.0,
excel如何计算时间差,Excel,教程操作,通用,Excel·教程操作·通用,中关联(通用+WPS章节),0.274,0.0,
excel单元格内如何换行,Excel,教程操作,通用,Excel·教程操作·通用,中关联(通用+WPS章节),0.274,0.0,
ppt如何插入excel,PPT,教程操作,通用,PPT·教程操作·通用,中关联(通用+WPS章节),1.0,0.0,
excel表格如何去重,Excel,教程操作,表格,Excel·教程操作·表格,中关联(通用+WPS章节),0.274,0.0,
excel如何做下拉选项,Excel,教程操作,通用,Excel·教程操作·通用,中关联(通用+WPS章节),0.274,0.0,
excel怎么批量删除空白行,Excel,教程操作,通用,Excel·教程操作·通用,中关联(通用+WPS章节),0.274,0.0,
excel中的if函数怎么用,Excel,教程操作,函数,Excel·教程操作·函数,中关联(通用+WPS章节),0.274,0.0,
excel学习视频教程,Excel,教程操作,通用,Excel·教程操作·通用,中关联(通用+WPS章节),0.274,0.0,
excel散点图怎么显示公式,Excel,教程操作,公式,Excel·教程操作·公式,中关联(通用+WPS章节),0.274,0.0,
excel怎么删除重复项 只保留一个,Excel,教程操作,通用,Excel·教程操作·通用,中关联(通用+WPS章节),0.274,0.0,
ppt怎么做,PPT,教程操作,通用,PPT·教程操作·通用,中关联(通用+WPS章节),1.0,10547.0,
ppt怎么做思维导图,PPT,教程操作,通用,PPT·教程操作·通用,中关联(通用+WPS章节),1.0,0.0,
ppt怎么统一改字体,PPT,教程操作,字体,PPT·教程操作·字体,中关联(通用+WPS章节),1.0,0.0,
ppt如何添加备注,PPT,教程操作,通用,PPT·教程操作·通用,中关联(通用+WPS章节),1.0,0.0,
ppt图片怎么变成圆形,PPT,教程操作,通用,PPT·教程操作·通用,中关联(通用+WPS章节),1.0,0.0,
ppt怎么插入pdf,PDF,教程操作,通用,PDF·教程操作·通用,中关联(通用+WPS章节),0.2212,0.0,
ppt怎么调整字间距,PPT,教程操作,通用,PPT·教程操作·通用,中关联(通用+WPS章节),1.0,0.0,
怎么压缩ppt大小,PPT,教程操作,通用,PPT·教程操作·通用,中关联(通用+WPS章节),1.0,0.0,
ppt如何修改母版,PPT,教程操作,通用,PPT·教程操作·通用,中关联(通用+WPS章节),1.0,0.0,
ppt母版怎么替换,PPT,教程操作,通用,PPT·教程操作·通用,中关联(通用+WPS章节),1.0,0.0,
ppt怎么调整页面大小,PPT,教程操作,通用,PPT·教程操作·通用,中关联(通用+WPS章节),1.0,0.0,
ppt如何加密,PPT,教程操作,加密,PPT·教程操作·加密,中关联(通用+WPS章节),1.0,0.0,
竖版ppt怎么设置,PPT,教程操作,通用,PPT·教程操作·通用,中关联(通用+WPS章节),1.0,0.0,
ppt如何设置图片透明度,PPT,教程操作,通用,PPT·教程操作·通用,中关联(通用+WPS章节),1.0,0.0,
ppt倒计时怎么搞,PPT,教程操作,通用,PPT·教程操作·通用,中关联(通用+WPS章节),1.0,0.0,
ppt演示时如何看备注,PPT,教程操作,通用,PPT·教程操作·通用,中关联(通用+WPS章节),1.0,0.0,
ppt艺术字怎么弄,PPT,教程操作,通用,PPT·教程操作·通用,中关联(通用+WPS章节),1.0,0.0,
ppt放映方式怎么设置,PPT,教程操作,通用,PPT·教程操作·通用,中关联(通用+WPS章节),1.0,0.0,
pdf是什么意思,PDF,功能认知,通用,PDF·功能认知·通用,中关联(通用+WPS章节),0.2212,0.0,
pdf是什么格式,PDF,功能认知,通用,PDF·功能认知·通用,中关联(通用+WPS章节),0.2212,0.0,
pdf怎么旋转,PDF,教程操作,通用,PDF·教程操作·通用,中关联(通用+WPS章节),0.2212,0.0,
word怎么截图,Word,教程操作,通用,Word·教程操作·通用,中关联(通用+WPS章节),0.4224,0.0,
字数统计在word哪里,Word,教程操作,通用,Word·教程操作·通用,中关联(通用+WPS章节),0.4224,0.0,
word怎么计算总和,Word,教程操作,通用,Word·教程操作·通用,中关联(通用+WPS章节),0.4224,0.0,
如何合并两个word文档,Word,教程操作,合并,Word·教程操作·合并,中关联(通用+WPS章节),0.4224,0.0,
word怎么加横线,Word,教程操作,通用,Word·教程操作·通用,中关联(通用+WPS章节),0.4224,0.0,
word文档怎么设置页码,Word,教程操作,通用,Word·教程操作·通用,中关联(通用+WPS章节),0.4224,0.0,
word怎么设置行间距,Word,教程操作,通用,Word·教程操作·通用,中关联(通用+WPS章节),0.4224,0.0,
word文档横线怎么打,Word,教程操作,通用,Word·教程操作·通用,中关联(通用+WPS章节),0.4224,0.0,
word怎么居中,Word,教程操作,通用,Word·教程操作·通用,中关联(通用+WPS章节),0.4224,0.0,
word怎么排序,Word,教程操作,通用,Word·教程操作·通用,中关联(通用+WPS章节),0.4224,0.0,
word图片怎么居中,Word,教程操作,通用,Word·教程操作·通用,中关联(通用+WPS章节),0.4224,0.0,
word里面怎么删除空白页,Word,教程操作,通用,Word·教程操作·通用,中关联(通用+WPS章节),0.4224,147.0,
word怎么查找重复内容,Word,教程操作,通用,Word·教程操作·通用,中关联(通用+WPS章节),0.4224,0.0,
word怎么排版,Word,教程操作,通用,Word·教程操作·通用,中关联(通用+WPS章节),0.4224,0.0,
word怎么设置背景,Word,教程操作,背景,Word·教程操作·背景,中关联(通用+WPS章节),0.4224,0.0,
word如何分栏,Word,教程操作,通用,Word·教程操作·通用,中关联(通用+WPS章节),0.4224,0.0,
pdf怎么转成word,PDF,教程操作,通用,PDF·教程操作·通用,中关联(通用+WPS章节),0.2212,0.0,
word怎么弄目录,Word,教程操作,目录,Word·教程操作·目录,中关联(通用+WPS章节),0.4224,0.0,
word怎么整页复制,Word,教程操作,通用,Word·教程操作·通用,中关联(通用+WPS章节),0.4224,0.0,
word怎么整页删除,Word,教程操作,通用,Word·教程操作·通用,中关联(通用+WPS章节),0.4224,0.0,
word怎么插入空白页,Word,教程操作,通用,Word·教程操作·通用,中关联(通用+WPS章节),0.4224,0.0,
word怎么手写签名,Word,教程操作,通用,Word·教程操作·通用,中关联(通用+WPS章节),0.4224,0.0,
word怎么删除多余页,Word,教程操作,通用,Word·教程操作·通用,中关联(通用+WPS章节),0.4224,0.0,
word怎么删除空白页面,Word,教程操作,通用,Word·教程操作·通用,中关联(通用+WPS章节),0.4224,0.0,
word怎么加脚注,Word,教程操作,通用,Word·教程操作·通用,中关联(通用+WPS章节),0.4224,0.0,
word格式刷怎么用,Word,教程操作,通用,Word·教程操作·通用,中关联(通用+WPS章节),0.4224,0.0,
word字间距怎么设置,Word,教程操作,通用,Word·教程操作·通用,中关联(通用+WPS章节),0.4224,0.0,
如何删掉word空白页,Word,教程操作,通用,Word·教程操作·通用,中关联(通用+WPS章节),0.4224,0.0,
word怎么改背景颜色,Word,教程操作,背景,Word·教程操作·背景,中关联(通用+WPS章节),0.4224,0.0,
endnote怎么和word关联,Word,教程操作,通用,Word·教程操作·通用,中关联(通用+WPS章节),0.4224,0.0,
word怎么编号,Word,教程操作,通用,Word·教程操作·通用,中关联(通用+WPS章节),0.4224,0.0,
word怎么合并,Word,教程操作,合并,Word·教程操作·合并,中关联(通用+WPS章节),0.4224,0.0,
word如何分页,Word,教程操作,分页,Word·教程操作·分页,中关联(通用+WPS章节),0.4224,0.0,
word怎么显示页码,Word,教程操作,通用,Word·教程操作·通用,中关联(通用+WPS章节),0.4224,0.0,
word下划线怎么去掉,Word,教程操作,通用,Word·教程操作·通用,中关联(通用+WPS章节),0.4224,0.0,
word文档怎么压缩,Word,教程操作,通用,Word·教程操作·通用,中关联(通用+WPS章节),0.4224,0.0,
word怎么调字间距,Word,教程操作,通用,Word·教程操作·通用,中关联(通用+WPS章节),0.4224,0.0,
word中怎么删除空白页,Word,教程操作,通用,Word·教程操作·通用,中关联(通用+WPS章节),0.4224,0.0,
word怎么删掉空白页,Word,教程操作,通用,Word·教程操作·通用,中关联(通用+WPS章节),0.4224,0.0,
word怎么加批注,Word,教程操作,批注,Word·教程操作·批注,中关联(通用+WPS章节),0.4224,0.0,
word表格如何求和,Excel,教程操作,表格,Excel·教程操作·表格,中关联(通用+WPS章节),0.274,0.0,
word怎么在方框里打勾,Word,教程操作,通用,Word·教程操作·通用,中关联(通用+WPS章节),0.4224,0.0,
word如何添加脚注,Word,教程操作,通用,Word·教程操作·通用,中关联(通用+WPS章节),0.4224,0.0,
word文字怎么旋转180度,Word,教程操作,通用,Word·教程操作·通用,中关联(通用+WPS章节),0.4224,0.0,
word不能复制粘贴的解决方法,Word,教程操作,通用,Word·教程操作·通用,中关联(通用+WPS章节),0.4224,0.0,
word设置行间距,Word,教程操作,通用,Word·教程操作·通用,中关联(通用+WPS章节),0.4224,0.0,
word如何全选,Word,教程操作,通用,Word·教程操作·通用,中关联(通用+WPS章节),0.4224,0.0,
word的空白页怎么删除,Word,教程操作,通用,Word·教程操作·通用,中关联(通用+WPS章节),0.4224,0.0,
word如何删除页码,Word,教程操作,通用,Word·教程操作·通用,中关联(通用+WPS章节),0.4224,0.0,
word里怎么打勾,Word,教程操作,通用,Word·教程操作·通用,中关联(通用+WPS章节),0.4224,0.0,
word怎么垂直居中,Word,教程操作,通用,Word·教程操作·通用,中关联(通用+WPS章节),0.4224,0.0,
word怎么复制整页,Word,教程操作,通用,Word·教程操作·通用,中关联(通用+WPS章节),0.4224,0.0,
word怎么显示空格,Word,教程操作,通用,Word·教程操作·通用,中关联(通用+WPS章节),0.4224,0.0,
word怎么查找替换,Word,教程操作,通用,Word·教程操作·通用,中关联(通用+WPS章节),0.4224,0.0,
word怎么删除页眉横线,Word,教程操作,页眉,Word·教程操作·页眉,中关联(通用+WPS章节),0.4224,0.0,
word怎么删除最后一页,Word,教程操作,通用,Word·教程操作·通用,中关联(通用+WPS章节),0.4224,0.0,
word怎么复制页面,Word,教程操作,通用,Word·教程操作·通用,中关联(通用+WPS章节),0.4224,0.0,
word如何做目录,Word,教程操作,目录,Word·教程操作·目录,中关联(通用+WPS章节),0.4224,0.0,
word怎么编辑目录,Word,教程操作,目录,Word·教程操作·目录,中关联(通用+WPS章节),0.4224,0.0,
word拼音怎么打出来,Word,教程操作,通用,Word·教程操作·通用,中关联(通用+WPS章节),0.4224,0.0,
word自动编号怎么设置,Word,教程操作,通用,Word·教程操作·通用,中关联(通用+WPS章节),0.4224,0.0,
word怎么打开目录,Word,教程操作,目录,Word·教程操作·目录,中关联(通用+WPS章节),0.4224,0.0,
怎么看word版本,Word,教程操作,通用,Word·教程操作·通用,中关联(通用+WPS章节),0.4224,0.0,
word怎么插入附件,Word,教程操作,通用,Word·教程操作·通用,中关联(通用+WPS章节),0.4224,0.0,
word怎么插入下划线,Word,教程操作,通用,Word·教程操作·通用,中关联(通用+WPS章节),0.4224,0.0,
word怎么显示分节符,Word,教程操作,通用,Word·教程操作·通用,中关联(通用+WPS章节),0.4224,0.0,
word行号怎么设置,Word,教程操作,通用,Word·教程操作·通用,中关联(通用+WPS章节),0.4224,0.0,
word怎么删除第一页空白页,Word,教程操作,通用,Word·教程操作·通用,中关联(通用+WPS章节),0.4224,0.0,
word怎么删除当前页,Word,教程操作,通用,Word·教程操作·通用,中关联(通用+WPS章节),0.4224,0.0,
怎么在word里打勾,Word,教程操作,通用,Word·教程操作·通用,中关联(通用+WPS章节),0.4224,0.0,
word自动删除后面的字怎么取消,Word,教程操作,通用,Word·教程操作·通用,中关联(通用+WPS章节),0.4224,0.0,
word怎么显示批注,Word,教程操作,批注,Word·教程操作·批注,中关联(通用+WPS章节),0.4224,0.0,
word怎么插入excel,Excel,教程操作,通用,Excel·教程操作·通用,中关联(通用+WPS章节),0.274,0.0,
word如何删除空行,Word,教程操作,通用,Word·教程操作·通用,中关联(通用+WPS章节),0.4224,0.0,
word设置默认字体,Word,教程操作,字体,Word·教程操作·字体,中关联(通用+WPS章节),0.4224,0.0,
word怎么设置默认字体,Word,教程操作,字体,Word·教程操作·字体,中关联(通用+WPS章节),0.4224,0.0,
word中如何删除页眉横线,Word,教程操作,页眉,Word·教程操作·页眉,中关联(通用+WPS章节),0.4224,0.0,
word文档恢复,Word,故障解决,通用,Word·故障解决·通用,中关联(通用+WPS章节),0.4224,0.0,
word怎么新建文档,Word,教程操作,通用,Word·教程操作·通用,中关联(通用+WPS章节),0.4224,0.0,
word怎么删除空白页,Word,教程操作,通用,Word·教程操作·通用,中关联(通用+WPS章节),0.4224,0.0,S
excel数据透视表怎么做,Excel,教程操作,数据透视,Excel·教程操作·数据透视,中关联(通用+WPS章节),0.274,0.0,A
excel怎么筛选,Excel,教程操作,通用,Excel·教程操作·通用,中关联(通用+WPS章节),0.274,0.0,A
excel怎么合并单元格,Excel,教程操作,合并单元格,Excel·教程操作·合并单元格,中关联(通用+WPS章节),0.274,0.0,A
excel怎么排序,Excel,教程操作,通用,Excel·教程操作·通用,中关联(通用+WPS章节),0.274,0.0,A
word目录怎么自动生成,WPS AI,教程操作,目录,WPS AI·教程操作·目录,中关联(通用+WPS章节),0.0,0.0,S
ppt怎么自动播放,PPT,教程操作,通用,PPT·教程操作·通用,中关联(通用+WPS章节),1.0,0.0,A
word怎么分页,Word,教程操作,分页,Word·教程操作·分页,中关联(通用+WPS章节),0.4224,0.0,A
ppt怎么插入视频,PPT,教程操作,通用,PPT·教程操作·通用,中关联(通用+WPS章节),1.0,0.0,A
ppt怎么压缩大小,PPT,教程操作,通用,PPT·教程操作·通用,中关联(通用+WPS章节),1.0,0.0,A
vlookup函数怎么用,Excel,教程操作,vlookup,Excel·教程操作·vlookup,中关联(通用+WPS章节),0.274,0.0,S
图片转换成文字怎么弄,Word,教程操作,通用,Word·教程操作·通用,中关联(通用+WPS章节),0.4224,0.0,S
Excel函数公式大全,Excel,教程操作,函数,Excel·教程操作·函数,中关联(通用+WPS章节),0.274,0.0,S
if函数怎么用,Excel,教程操作,函数,Excel·教程操作·函数,中关联(通用+WPS章节),0.274,0.0,S
图片转换成word怎么弄,Word,教程操作,通用,Word·教程操作·通用,中关联(通用+WPS章节),0.4224,0.0,S
sumif函数怎么用,Excel,教程操作,函数,Excel·教程操作·函数,中关联(通用+WPS章节),0.274,0.0,A
word页码从第三页开始怎么设置,Word,教程操作,通用,Word·教程操作·通用,中关联(通用+WPS章节),0.4224,0.0,A
countif函数怎么用,Excel,教程操作,函数,Excel·教程操作·函数,中关联(通用+WPS章节),0.274,0.0,A
ppt怎么转pdf,PDF,教程操作,通用,PDF·教程操作·通用,中关联(通用+WPS章节),0.2212,0.0,A
word分页怎么设置,Word,教程操作,分页,Word·教程操作·分页,中关联(通用+WPS章节),0.4224,0.0,A
word行距怎么调整,Word,教程操作,行距,Word·教程操作·行距,中关联(通用+WPS章节),0.4224,0.0,A
xlookup函数怎么用,Excel,教程操作,xlookup,Excel·教程操作·xlookup,中关联(通用+WPS章节),0.274,0.0,A
常用表格函数有哪些,Excel,教程操作,函数,Excel·教程操作·函数,中关联(通用+WPS章节),0.274,0.0,A
excel下拉选项怎么设置,Excel,教程操作,通用,Excel·教程操作·通用,中关联(通用+WPS章节),0.274,0.0,A
excel怎么冻结窗口,Excel,教程操作,通用,Excel·教程操作·通用,中关联(通用+WPS章节),0.274,0.0,A
excel重复值怎么筛选,Excel,教程操作,通用,Excel·教程操作·通用,中关联(通用+WPS章节),0.274,0.0,A
rank函数怎么用,Excel,教程操作,函数,Excel·教程操作·函数,中关联(通用+WPS章节),0.274,0.0,A
sumifs函数怎么用,Excel,教程操作,函数,Excel·教程操作·函数,中关联(通用+WPS章节),0.274,0.0,A
word图片不显示怎么办,Word,教程操作,通用,Word·教程操作·通用,中关联(通用+WPS章节),0.4224,0.0,A
word怎么设置页眉页脚,Word,教程操作,页眉,Word·教程操作·页眉,中关联(通用+WPS章节),0.4224,0.0,A
表格求和公式怎么用,Excel,教程操作,公式,Excel·教程操作·公式,中关联(通用+WPS章节),0.274,0.0,A
countifs函数怎么用,Excel,教程操作,函数,Excel·教程操作·函数,中关联(通用+WPS章节),0.274,0.0,A
word首行缩进怎么设置,Word,教程操作,通用,Word·教程操作·通用,中关联(通用+WPS章节),0.4224,0.0,A
index match函数怎么用,Excel,教程操作,函数,Excel·教程操作·函数,中关联(通用+WPS章节),0.274,0.0,A
rank函数排名怎么用,Excel,教程操作,函数,Excel·教程操作·函数,中关联(通用+WPS章节),0.274,0.0,A
word图片怎么排版,Word,教程操作,通用,Word·教程操作·通用,中关联(通用+WPS章节),0.4224,0.0,A
表格排名公式怎么用,Excel,教程操作,公式,Excel·教程操作·公式,中关联(通用+WPS章节),0.274,0.0,A
表格百分比公式怎么设置,Excel,教程操作,公式,Excel·教程操作·公式,中关联(通用+WPS章节),0.274,0.0,A
WPS表格vlookup函数怎么用,Excel,教程操作,vlookup,Excel·教程操作·vlookup,中关联(通用+WPS章节),0.274,0.0,A
datedif函数怎么用,Excel,教程操作,函数,Excel·教程操作·函数,中关联(通用+WPS章节),0.274,0.0,A
lookup函数怎么用,Excel,教程操作,函数,Excel·教程操作·函数,中关联(通用+WPS章节),0.274,0.0,A
match函数怎么用,Excel,教程操作,函数,Excel·教程操作·函数,中关联(通用+WPS章节),0.274,0.0,A
ppt怎么导出图片,PPT,教程操作,通用,PPT·教程操作·通用,中关联(通用+WPS章节),1.0,0.0,A
ppt怎么设置动画顺序,PPT,教程操作,通用,PPT·教程操作·通用,中关联(通用+WPS章节),1.0,0.0,A
round函数怎么用,Excel,教程操作,函数,Excel·教程操作·函数,中关联(通用+WPS章节),0.274,0.0,A
subtotal函数怎么用,Excel,教程操作,函数,Excel·教程操作·函数,中关联(通用+WPS章节),0.274,0.0,A
text函数怎么用,Excel,教程操作,函数,Excel·教程操作·函数,中关联(通用+WPS章节),0.274,0.0,A
wps公式,WPS综合,教程操作,公式,WPS综合·教程操作·公式,中关联(通用+WPS章节),0.8135,0.0,A
wps函数,Excel,教程操作,函数,Excel·教程操作·函数,中关联(通用+WPS章节),0.274,0.0,A
wps排序,WPS综合,教程操作,通用,WPS综合·教程操作·通用,中关联(通用+WPS章节),0.8135,0.0,A
wps求和,WPS综合,品牌直达,通用,WPS综合·品牌直达·通用,高关联(整篇WPS),0.8135,0.0,A
wps筛选,WPS综合,教程操作,通用,WPS综合·教程操作·通用,中关联(通用+WPS章节),0.8135,0.0,A
wps页码,WPS综合,品牌直达,通用,WPS综合·品牌直达·通用,高关联(整篇WPS),0.8135,0.0,A
WPS表格Excel函数公式大全,Excel,教程操作,函数,Excel·教程操作·函数,中关联(通用+WPS章节),0.274,0.0,A
WPS表格if函数怎么用,Excel,教程操作,函数,Excel·教程操作·函数,中关联(通用+WPS章节),0.274,0.0,A
date函数怎么用,Excel,教程操作,函数,Excel·教程操作·函数,中关联(通用+WPS章节),0.274,0.0,A
left函数怎么用,Excel,教程操作,函数,Excel·教程操作·函数,中关联(通用+WPS章节),0.274,0.0,A
mid函数怎么用,Excel,教程操作,函数,Excel·教程操作·函数,中关联(通用+WPS章节),0.274,0.0,A
right函数怎么用,Excel,教程操作,函数,Excel·教程操作·函数,中关联(通用+WPS章节),0.274,0.0,A
wps删除空白页,WPS综合,教程操作,通用,WPS综合·教程操作·通用,中关联(通用+WPS章节),0.8135,0.0,A
wps删除空白页怎么删,WPS综合,教程操作,通用,WPS综合·教程操作·通用,中关联(通用+WPS章节),0.8135,0.0,A
wps如何删除空白页,WPS综合,教程操作,通用,WPS综合·教程操作·通用,中关联(通用+WPS章节),0.8135,0.0,A
wps怎么删除多余的空白页,WPS综合,教程操作,通用,WPS综合·教程操作·通用,中关联(通用+WPS章节),0.8135,0.0,A
wps怎么自动生成目录,WPS AI,教程操作,目录,WPS AI·教程操作·目录,中关联(通用+WPS章节),0.0,0.0,A
WPS表格sumif函数怎么用,Excel,教程操作,函数,Excel·教程操作·函数,中关联(通用+WPS章节),0.274,0.0,B
WPS表格countif函数怎么用,Excel,教程操作,函数,Excel·教程操作·函数,中关联(通用+WPS章节),0.274,0.0,B
WPS表格xlookup函数怎么用,Excel,教程操作,xlookup,Excel·教程操作·xlookup,中关联(通用+WPS章节),0.274,0.0,B
WPS表格常用表格函数有哪些,Excel,教程操作,函数,Excel·教程操作·函数,中关联(通用+WPS章节),0.274,0.0,B
WPS表格rank函数怎么用,Excel,教程操作,函数,Excel·教程操作·函数,中关联(通用+WPS章节),0.274,0.0,B
WPS表格sumifs函数怎么用,Excel,教程操作,函数,Excel·教程操作·函数,中关联(通用+WPS章节),0.274,0.0,B
WPS表格表格求和公式怎么用,Excel,教程操作,公式,Excel·教程操作·公式,中关联(通用+WPS章节),0.274,0.0,B
wps合并单元格,WPS综合,教程操作,合并单元格,WPS综合·教程操作·合并单元格,中关联(通用+WPS章节),0.8135,552.0,B
wps怎么求和,WPS综合,教程操作,通用,WPS综合·教程操作·通用,中关联(通用+WPS章节),0.8135,0.0,B
wps换行,WPS综合,教程操作,通用,WPS综合·教程操作·通用,中关联(通用+WPS章节),0.8135,0.0,B
wps水印,WPS综合,品牌直达,水印,WPS综合·品牌直达·水印,高关联(整篇WPS),0.8135,0.0,B
wps生成目录,WPS综合,教程操作,目录,WPS综合·教程操作·目录,中关联(通用+WPS章节),0.8135,0.0,B
wps行距,WPS综合,品牌直达,行距,WPS综合·品牌直达·行距,高关联(整篇WPS),0.8135,0.0,B
WPS表格countifs函数怎么用,Excel,教程操作,函数,Excel·教程操作·函数,中关联(通用+WPS章节),0.274,0.0,B
wps去水印,WPS综合,教程操作,水印,WPS综合·教程操作·水印,中关联(通用+WPS章节),0.8135,0.0,B
wps取消自动编号,WPS综合,教程操作,通用,WPS综合·教程操作·通用,中关联(通用+WPS章节),0.8135,0.0,B
wps合并单元格快捷键,WPS综合,教程操作,合并单元格,WPS综合·教程操作·合并单元格,中关联(通用+WPS章节),0.8135,0.0,B
wps如何自动生成目录,WPS AI,教程操作,目录,WPS AI·教程操作·目录,中关联(通用+WPS章节),0.0,0.0,B
wps插入目录,WPS综合,教程操作,目录,WPS综合·教程操作·目录,中关联(通用+WPS章节),0.8135,0.0,B
wps最后一页空白页怎么删除不了,WPS综合,教程操作,通用,WPS综合·教程操作·通用,中关联(通用+WPS章节),0.8135,0.0,B
wps目录,WPS综合,教程操作,目录,WPS综合·教程操作·目录,中关联(通用+WPS章节),0.8135,0.0,B
wps空白页怎么删除,WPS综合,教程操作,通用,WPS综合·教程操作·通用,中关联(通用+WPS章节),0.8135,0.0,B
WPS表格index match函数怎么用,Excel,教程操作,函数,Excel·教程操作·函数,中关联(通用+WPS章节),0.274,0.0,B
WPS表格rank函数排名怎么用,Excel,教程操作,函数,Excel·教程操作·函数,中关联(通用+WPS章节),0.274,0.0,B
WPS表格表格排名公式怎么用,Excel,教程操作,公式,Excel·教程操作·公式,中关联(通用+WPS章节),0.274,0.0,B
WPS表格表格百分比公式怎么设置,Excel,教程操作,公式,Excel·教程操作·公式,中关联(通用+WPS章节),0.274,0.0,B
WPS表格datedif函数怎么用,Excel,教程操作,函数,Excel·教程操作·函数,中关联(通用+WPS章节),0.274,0.0,B
WPS表格lookup函数怎么用,Excel,教程操作,函数,Excel·教程操作·函数,中关联(通用+WPS章节),0.274,0.0,B
WPS表格match函数怎么用,Excel,教程操作,函数,Excel·教程操作·函数,中关联(通用+WPS章节),0.274,0.0,B
WPS表格round函数怎么用,Excel,教程操作,函数,Excel·教程操作·函数,中关联(通用+WPS章节),0.274,0.0,B
WPS表格subtotal函数怎么用,Excel,教程操作,函数,Excel·教程操作·函数,中关联(通用+WPS章节),0.274,0.0,B
WPS表格text函数怎么用,Excel,教程操作,函数,Excel·教程操作·函数,中关联(通用+WPS章节),0.274,0.0,B
WPS表格date函数怎么用,Excel,教程操作,函数,Excel·教程操作·函数,中关联(通用+WPS章节),0.274,0.0,B
WPS表格left函数怎么用,Excel,教程操作,函数,Excel·教程操作·函数,中关联(通用+WPS章节),0.274,0.0,B
WPS表格mid函数怎么用,Excel,教程操作,函数,Excel·教程操作·函数,中关联(通用+WPS章节),0.274,0.0,B
WPS表格right函数怎么用,Excel,教程操作,函数,Excel·教程操作·函数,中关联(通用+WPS章节),0.274,0.0,B
wps 插入页码,WPS综合,教程操作,通用,WPS综合·教程操作·通用,中关联(通用+WPS章节),0.8135,0.0,B
wps公式编辑器,WPS综合,教程操作,公式,WPS综合·教程操作·公式,中关联(通用+WPS章节),0.8135,0.0,B
wps删除分页符,WPS综合,教程操作,分页,WPS综合·教程操作·分页,中关联(通用+WPS章节),0.8135,0.0,B
wps删除页眉,Word,教程操作,页眉,Word·教程操作·页眉,中关联(通用+WPS章节),0.4224,0.0,B
wps加水印,WPS综合,品牌直达,水印,WPS综合·品牌直达·水印,高关联(整篇WPS),0.8135,0.0,B
wps去除水印,WPS综合,品牌直达,水印,WPS综合·品牌直达·水印,高关联(整篇WPS),0.8135,0.0,B
wps如何生成目录,WPS综合,教程操作,目录,WPS综合·教程操作·目录,中关联(通用+WPS章节),0.8135,0.0,B
wps怎么做目录,WPS综合,教程操作,目录,WPS综合·教程操作·目录,中关联(通用+WPS章节),0.8135,0.0,B
wps怎么生成目录,WPS综合,教程操作,目录,WPS综合·教程操作·目录,中关联(通用+WPS章节),0.8135,0.0,B
wps更新目录,WPS综合,教程操作,目录,WPS综合·教程操作·目录,中关联(通用+WPS章节),0.8135,0.0,B
wps水印怎么去掉,WPS综合,教程操作,水印,WPS综合·教程操作·水印,中关联(通用+WPS章节),0.8135,0.0,B
wps求和公式,WPS综合,教程操作,公式,WPS综合·教程操作·公式,中关联(通用+WPS章节),0.8135,0.0,B
wps目录怎么自动生成,WPS AI,教程操作,目录,WPS AI·教程操作·目录,中关联(通用+WPS章节),0.0,0.0,B
wps目录怎么自动生成目录,WPS AI,教程操作,目录,WPS AI·教程操作·目录,中关联(通用+WPS章节),0.0,0.0,B
wps空白页删除,WPS综合,教程操作,通用,WPS综合·教程操作·通用,中关联(通用+WPS章节),0.8135,0.0,B
wps自动换行,WPS综合,教程操作,通用,WPS综合·教程操作·通用,中关联(通用+WPS章节),0.8135,0.0,B
wps自动编号,WPS综合,教程操作,通用,WPS综合·教程操作·通用,中关联(通用+WPS章节),0.8135,0.0,B
wps页码怎么设置,WPS综合,教程操作,通用,WPS综合·教程操作·通用,中关联(通用+WPS章节),0.8135,0.0,B
删除空白页wps,WPS综合,教程操作,通用,WPS综合·教程操作·通用,中关联(通用+WPS章节),0.8135,0.0,B
如何删除wps空白页,WPS综合,教程操作,通用,WPS综合·教程操作·通用,中关联(通用+WPS章节),0.8135,0.0,B
怎么删除空白页wps,WPS综合,教程操作,通用,WPS综合·教程操作·通用,中关联(通用+WPS章节),0.8135,0.0,B
wps如何插入目录,WPS综合,教程操作,目录,WPS综合·教程操作·目录,中关联(通用+WPS章节),0.8135,0.0,C
wps如何显示分页符,WPS综合,教程操作,分页,WPS综合·教程操作·分页,中关联(通用+WPS章节),0.8135,0.0,C
wps怎么删除分页符,WPS综合,教程操作,分页,WPS综合·教程操作·分页,中关联(通用+WPS章节),0.8135,0.0,C
wps怎么取消自动编号,WPS综合,教程操作,通用,WPS综合·教程操作·通用,中关联(通用+WPS章节),0.8135,0.0,C
wps怎么插入目录,WPS综合,教程操作,目录,WPS综合·教程操作·目录,中关联(通用+WPS章节),0.8135,0.0,C
wps换行快捷键,WPS综合,教程操作,通用,WPS综合·教程操作·通用,中关联(通用+WPS章节),0.8135,0.0,C
wps插入水印,WPS综合,教程操作,水印,WPS综合·教程操作·水印,中关联(通用+WPS章节),0.8135,0.0,C
wps显示分页符,WPS综合,教程操作,分页,WPS综合·教程操作·分页,中关联(通用+WPS章节),0.8135,0.0,C
wps求和快捷键,WPS综合,教程操作,通用,WPS综合·教程操作·通用,中关联(通用+WPS章节),0.8135,0.0,C
wps求和怎么操作,WPS综合,教程操作,通用,WPS综合·教程操作·通用,中关联(通用+WPS章节),0.8135,0.0,C
wps空白页删不掉,WPS综合,品牌直达,通用,WPS综合·品牌直达·通用,高关联(整篇WPS),0.8135,0.0,C
wps自动换行在哪里,WPS综合,教程操作,通用,WPS综合·教程操作·通用,中关联(通用+WPS章节),0.8135,0.0,C
wps行距在哪里设置,WPS综合,教程操作,行距,WPS综合·教程操作·行距,中关联(通用+WPS章节),0.8135,0.0,C
wps页脚横线怎么删除,Word,教程操作,页脚,Word·教程操作·页脚,中关联(通用+WPS章节),0.4224,0.0,C
wps函数公式大全及使用方法,Excel,教程操作,函数,Excel·教程操作·函数,中关联(通用+WPS章节),0.274,0.0,C
wps怎么换行,WPS综合,教程操作,通用,WPS综合·教程操作·通用,中关联(通用+WPS章节),0.8135,0.0,C
wps最后一页空白页删不掉,WPS综合,品牌直达,通用,WPS综合·品牌直达·通用,高关联(整篇WPS),0.8135,0.0,C
如何删除空白页wps最后一页,WPS综合,教程操作,通用,WPS综合·教程操作·通用,中关联(通用+WPS章节),0.8135,0.0,C
pdf在线转换word,PDF,教程操作,通用,PDF·教程操作·通用,中关联(通用+WPS章节),0.2212,0.0,
pdf转word在线,PDF,品牌直达,转word,PDF·品牌直达·转word,高关联(整篇WPS),0.2212,0.0,
pdf转word在线转换免费,PDF,教程操作,转word,PDF·教程操作·转word,中关联(通用+WPS章节),0.2212,0.0,
pdf转word网站,PDF,品牌直达,转word,PDF·品牌直达·转word,高关联(整篇WPS),0.2212,0.0,
怎么把pdf转换成word,PDF,教程操作,通用,PDF·教程操作·通用,中关联(通用+WPS章节),0.2212,0.0,
PDF转word软件,PDF,品牌直达,转word,PDF·品牌直达·转word,高关联(整篇WPS),0.2212,0.0,
PDF转换成WORD免费软件,PDF,教程操作,通用,PDF·教程操作·通用,中关联(通用+WPS章节),0.2212,0.0,
pdf365在线转换,PDF,教程操作,通用,PDF·教程操作·通用,中关联(通用+WPS章节),0.2212,0.0,
pdf怎么免费转换成word文档,PDF,教程操作,通用,PDF·教程操作·通用,中关联(通用+WPS章节),0.2212,0.0,
pdf转word免费的软件,PDF,品牌直达,转word,PDF·品牌直达·转word,高关联(整篇WPS),0.2212,0.0,
pdf转word免费网站,PDF,品牌直达,转word,PDF·品牌直达·转word,高关联(整篇WPS),0.2212,0.0,
pdf转word后排版乱了,PDF,教程操作,转word,PDF·教程操作·转word,中关联(通用+WPS章节),0.2212,0.0,
pdf转word怎么保留原排版,PDF,教程操作,转word,PDF·教程操作·转word,中关联(通用+WPS章节),0.2212,0.0,
pdf转word怎么转换,PDF,教程操作,转word,PDF·教程操作·转word,中关联(通用+WPS章节),0.2212,0.0,
pdf转word文档怎么免费转,PDF,教程操作,转word,PDF·教程操作·转word,中关联(通用+WPS章节),0.2212,0.0,
pdf转word最简单方法,PDF,教程操作,转word,PDF·教程操作·转word,中关联(通用+WPS章节),0.2212,0.0,
pdf转word有密码怎么办,PDF,教程操作,转word,PDF·教程操作·转word,中关联(通用+WPS章节),0.2212,0.0,
pdf转word格式乱了怎么调整,PDF,教程操作,转word,PDF·教程操作·转word,中关联(通用+WPS章节),0.2212,0.0,
pdf转换成word免费版网页版,PDF,教程操作,通用,PDF·教程操作·通用,中关联(通用+WPS章节),0.2212,0.0,
手机pdf转换成word免费版,PDF,教程操作,通用,PDF·教程操作·通用,中关联(通用+WPS章节),0.2212,0.0,
ofd文件转换成pdf格式,PDF,教程操作,通用,PDF·教程操作·通用,中关联(通用+WPS章节),0.2212,2.0,
ofd转换成pdf,PDF,教程操作,通用,PDF·教程操作·通用,中关联(通用+WPS章节),0.2212,1.0,
ofd在线转换pdf,PDF,教程操作,通用,PDF·教程操作·通用,中关联(通用+WPS章节),0.2212,1.0,
ofd在线转pdf,PDF,品牌直达,通用,PDF·品牌直达·通用,高关联(整篇WPS),0.2212,1.0,
在线pdf转换网站,PDF,教程操作,通用,PDF·教程操作·通用,中关联(通用+WPS章节),0.2212,1.0,
pdf转换器免费版,PDF,教程操作,通用,PDF·教程操作·通用,中关联(通用+WPS章节),0.2212,0.0,
pdf转word,PDF,品牌直达,转word,PDF·品牌直达·转word,高关联(整篇WPS),0.2212,0.0,
caj转pdf,PDF,品牌直达,通用,PDF·品牌直达·通用,高关联(整篇WPS),0.2212,0.0,
pdf怎么转换成word,PDF,教程操作,通用,PDF·教程操作·通用,中关联(通用+WPS章节),0.2212,0.0,
pdf转换成word免费,PDF,教程操作,通用,PDF·教程操作·通用,中关联(通用+WPS章节),0.2212,0.0,
PDF转换成WORD,PDF,教程操作,通用,PDF·教程操作·通用,中关联(通用+WPS章节),0.2212,0.0,
pdf转换成jpg,PDF,教程操作,通用,PDF·教程操作·通用,中关联(通用+WPS章节),0.2212,0.0,
dwg转pdf,PDF,品牌直达,通用,PDF·品牌直达·通用,高关联(整篇WPS),0.2212,0.0,
word转pdf,PDF,品牌直达,通用,PDF·品牌直达·通用,高关联(整篇WPS),0.2212,0.0,
pdf转换cad,PDF,教程操作,通用,PDF·教程操作·通用,中关联(通用+WPS章节),0.2212,0.0,
djvu转pdf,PDF,品牌直达,通用,PDF·品牌直达·通用,高关联(整篇WPS),0.2212,0.0,
pdf转换软件,PDF,教程操作,通用,PDF·教程操作·通用,中关联(通用+WPS章节),0.2212,0.0,
epub转换pdf,PDF,教程操作,通用,PDF·教程操作·通用,中关联(通用+WPS章节),0.2212,0.0,
pdf转换成excel,PDF,教程操作,通用,PDF·教程操作·通用,中关联(通用+WPS章节),0.2212,0.0,
pdf转excel,PDF,品牌直达,转excel,PDF·品牌直达·转excel,高关联(整篇WPS),0.2212,0.0,
照片转换为pdf,PDF,教程操作,通用,PDF·教程操作·通用,中关联(通用+WPS章节),0.2212,0.0,
pdg转pdf,PDF,品牌直达,通用,PDF·品牌直达·通用,高关联(整篇WPS),0.2212,0.0,
手机照片转pdf,PDF,品牌直达,通用,PDF·品牌直达·通用,高关联(整篇WPS),0.2212,0.0,
word转pdf怎么转,PDF,教程操作,通用,PDF·教程操作·通用,中关联(通用+WPS章节),0.2212,0.0,
cad转换pdf,PDF,教程操作,通用,PDF·教程操作·通用,中关联(通用+WPS章节),0.2212,0.0,
免费转换pdf,PDF,教程操作,通用,PDF·教程操作·通用,中关联(通用+WPS章节),0.2212,0.0,
照片怎么转换成pdf,PDF,教程操作,通用,PDF·教程操作·通用,中关联(通用+WPS章节),0.2212,0.0,
pdf转换jpg,PDF,教程操作,通用,PDF·教程操作·通用,中关联(通用+WPS章节),0.2212,0.0,
在线pdf转换器,PDF,教程操作,通用,PDF·教程操作·通用,中关联(通用+WPS章节),0.2212,0.0,
word转pdf在线转换免费,PDF,教程操作,通用,PDF·教程操作·通用,中关联(通用+WPS章节),0.2212,0.0,
pdf格式转换,PDF,教程操作,通用,PDF·教程操作·通用,中关联(通用+WPS章节),0.2212,0.0,
风云pdf转换器,PDF,教程操作,通用,PDF·教程操作·通用,中关联(通用+WPS章节),0.2212,0.0,
pdf转换成word免费版,PDF,教程操作,通用,PDF·教程操作·通用,中关联(通用+WPS章节),0.2212,0.0,
迅捷pdf在线转换器,PDF,教程操作,通用,PDF·教程操作·通用,中关联(通用+WPS章节),0.2212,0.0,
word转换成pdf,PDF,教程操作,通用,PDF·教程操作·通用,中关联(通用+WPS章节),0.2212,0.0,
pdf在线转换,PDF,教程操作,通用,PDF·教程操作·通用,中关联(通用+WPS章节),0.2212,0.0,
照片转pdf,PDF,品牌直达,通用,PDF·品牌直达·通用,高关联(整篇WPS),0.2212,0.0,
迅捷pdf转换器破解版,PDF,教程操作,通用,PDF·教程操作·通用,中关联(通用+WPS章节),0.2212,0.0,
pdf在线转换成word免费版,PDF,教程操作,通用,PDF·教程操作·通用,中关联(通用+WPS章节),0.2212,0.0,
pdf 转换word,PDF,教程操作,通用,PDF·教程操作·通用,中关联(通用+WPS章节),0.2212,0.0,
excel转pdf,PDF,品牌直达,通用,PDF·品牌直达·通用,高关联(整篇WPS),0.2212,0.0,
epub转pdf,PDF,品牌直达,通用,PDF·品牌直达·通用,高关联(整篇WPS),0.2212,0.0,
在线pdf转word,PDF,品牌直达,转word,PDF·品牌直达·转word,高关联(整篇WPS),0.2212,0.0,
pdf转word免费,PDF,品牌直达,转word,PDF·品牌直达·转word,高关联(整篇WPS),0.2212,0.0,
mobi转pdf,PDF,品牌直达,通用,PDF·品牌直达·通用,高关联(整篇WPS),0.2212,0.0,
pdf转换器破解版,PDF,教程操作,通用,PDF·教程操作·通用,中关联(通用+WPS章节),0.2212,0.0,
caj转换成pdf,PDF,教程操作,通用,PDF·教程操作·通用,中关联(通用+WPS章节),0.2212,0.0,
pdf转换成word在线,PDF,教程操作,通用,PDF·教程操作·通用,中关联(通用+WPS章节),0.2212,0.0,
caj文件怎么转换成pdf,PDF,教程操作,通用,PDF·教程操作·通用,中关联(通用+WPS章节),0.2212,0.0,
pdf免费转换成word,PDF,教程操作,通用,PDF·教程操作·通用,中关联(通用+WPS章节),0.2212,0.0,
pdf转换ppt,PDF,教程操作,通用,PDF·教程操作·通用,中关联(通用+WPS章节),0.2212,0.0,
pdf转换word,PDF,教程操作,通用,PDF·教程操作·通用,中关联(通用+WPS章节),0.2212,0.0,
免费转换pdf的软件,PDF,教程操作,通用,PDF·教程操作·通用,中关联(通用+WPS章节),0.2212,0.0,
免费pdf转word,PDF,品牌直达,转word,PDF·品牌直达·转word,高关联(整篇WPS),0.2212,0.0,
txt转pdf,PDF,品牌直达,通用,PDF·品牌直达·通用,高关联(整篇WPS),0.2212,0.0,
免费pdf转换器,PDF,教程操作,通用,PDF·教程操作·通用,中关联(通用+WPS章节),0.2212,0.0,
转pdf,PDF,品牌直达,通用,PDF·品牌直达·通用,高关联(整篇WPS),0.2212,0.0,
pdf怎么转换成excel,PDF,教程操作,通用,PDF·教程操作·通用,中关联(通用+WPS章节),0.2212,0.0,
pdf转文字,PDF,品牌直达,通用,PDF·品牌直达·通用,高关联(整篇WPS),0.2212,0.0,
五个免费的pdf转换器,PDF,教程操作,通用,PDF·教程操作·通用,中关联(通用+WPS章节),0.2212,0.0,
pdf转ppt免费,PDF,品牌直达,转ppt,PDF·品牌直达·转ppt,高关联(整篇WPS),0.2212,0.0,
转转大师pdf转换器,PDF,教程操作,通用,PDF·教程操作·通用,中关联(通用+WPS章节),0.2212,0.0,
pdf在线转word,PDF,品牌直达,转word,PDF·品牌直达·转word,高关联(整篇WPS),0.2212,0.0,
pdf怎么转换成ppt,PDF,教程操作,通用,PDF·教程操作·通用,中关联(通用+WPS章节),0.2212,0.0,
pdf免费转word,PDF,品牌直达,转word,PDF·品牌直达·转word,高关联(整篇WPS),0.2212,0.0,
pdf转换工具,PDF,教程操作,通用,PDF·教程操作·通用,中关联(通用+WPS章节),0.2212,0.0,
docx转换pdf,PDF,教程操作,通用,PDF·教程操作·通用,中关联(通用+WPS章节),0.2212,0.0,
word怎么转换成pdf,PDF,教程操作,通用,PDF·教程操作·通用,中关联(通用+WPS章节),0.2212,0.0,
怎么转换pdf文件,PDF,教程操作,通用,PDF·教程操作·通用,中关联(通用+WPS章节),0.2212,0.0,
markdown转pdf,PDF,品牌直达,通用,PDF·品牌直达·通用,高关联(整篇WPS),0.2212,0.0,
base64转pdf,PDF,品牌直达,通用,PDF·品牌直达·通用,高关联(整篇WPS),0.2212,0.0,
转换pdf,PDF,教程操作,通用,PDF·教程操作·通用,中关联(通用+WPS章节),0.2212,0.0,
jpg怎么转换成pdf,PDF,教程操作,通用,PDF·教程操作·通用,中关联(通用+WPS章节),0.2212,0.0,
dwg如何转换成pdf,PDF,教程操作,通用,PDF·教程操作·通用,中关联(通用+WPS章节),0.2212,0.0,
jpg转pdf,PDF,品牌直达,通用,PDF·品牌直达·通用,高关联(整篇WPS),0.2212,0.0,
在线word转pdf,PDF,品牌直达,通用,PDF·品牌直达·通用,高关联(整篇WPS),0.2212,0.0,
pdf转换器下载,PDF,教程操作,下载,PDF·教程操作·下载,中关联(通用+WPS章节),0.2212,0.0,
pdf免费转换器,PDF,教程操作,通用,PDF·教程操作·通用,中关联(通用+WPS章节),0.2212,0.0,
cdr文件怎么转换成pdf,PDF,教程操作,通用,PDF·教程操作·通用,中关联(通用+WPS章节),0.2212,0.0,
pdf转换ppt免费工具,PDF,教程操作,通用,PDF·教程操作·通用,中关联(通用+WPS章节),0.2212,0.0,
照片如何转换成pdf,PDF,教程操作,通用,PDF·教程操作·通用,中关联(通用+WPS章节),0.2212,0.0,
doc转pdf,PDF,品牌直达,通用,PDF·品牌直达·通用,高关联(整篇WPS),0.2212,0.0,
在线pdf转换,PDF,教程操作,通用,PDF·教程操作·通用,中关联(通用+WPS章节),0.2212,0.0,
pdf转换成excel免费版,PDF,教程操作,通用,PDF·教程操作·通用,中关联(通用+WPS章节),0.2212,0.0,
doc转换pdf,PDF,教程操作,通用,PDF·教程操作·通用,中关联(通用+WPS章节),0.2212,0.0,
tif转pdf,PDF,品牌直达,通用,PDF·品牌直达·通用,高关联(整篇WPS),0.2212,0.0,
迅捷pdf转换,PDF,教程操作,通用,PDF·教程操作·通用,中关联(通用+WPS章节),0.2212,0.0,
word批量转pdf,PDF,教程操作,通用,PDF·教程操作·通用,中关联(通用+WPS章节),0.2212,0.0,
在线转换pdf,PDF,教程操作,通用,PDF·教程操作·通用,中关联(通用+WPS章节),0.2212,0.0,
如何将pdf转换成word,PDF,教程操作,通用,PDF·教程操作·通用,中关联(通用+WPS章节),0.2212,0.0,
word转换pdf,PDF,教程操作,通用,PDF·教程操作·通用,中关联(通用+WPS章节),0.2212,0.0,
免费pdf转ppt,PDF,品牌直达,转ppt,PDF·品牌直达·转ppt,高关联(整篇WPS),0.2212,0.0,
pdf格式转换器,PDF,教程操作,通用,PDF·教程操作·通用,中关联(通用+WPS章节),0.2212,0.0,
ceb文件转换成pdf,PDF,教程操作,通用,PDF·教程操作·通用,中关联(通用+WPS章节),0.2212,0.0,
txt转换pdf,PDF,教程操作,通用,PDF·教程操作·通用,中关联(通用+WPS章节),0.2212,0.0,
word转pdf在线,PDF,品牌直达,通用,PDF·品牌直达·通用,高关联(整篇WPS),0.2212,0.0,
pdf格式怎么转换成excel,PDF,教程操作,通用,PDF·教程操作·通用,中关联(通用+WPS章节),0.2212,0.0,
html转pdf,PDF,品牌直达,通用,PDF·品牌直达·通用,高关联(整篇WPS),0.2212,0.0,
dwf转pdf,PDF,品牌直达,通用,PDF·品牌直达·通用,高关联(整篇WPS),0.2212,0.0,
cad图纸怎么转换成pdf,PDF,教程操作,通用,PDF·教程操作·通用,中关联(通用+WPS章节),0.2212,0.0,
cad怎么转换成pdf格式,PDF,教程操作,通用,PDF·教程操作·通用,中关联(通用+WPS章节),0.2212,0.0,
文档转换成pdf文件,PDF,教程操作,通用,PDF·教程操作·通用,中关联(通用+WPS章节),0.2212,0.0,
cad怎么转pdf,PDF,教程操作,通用,PDF·教程操作·通用,中关联(通用+WPS章节),0.2212,0.0,
pdf转excel免费转换器,PDF,教程操作,转excel,PDF·教程操作·转excel,中关联(通用+WPS章节),0.2212,0.0,
cad转pdf怎么转,PDF,教程操作,通用,PDF·教程操作·通用,中关联(通用+WPS章节),0.2212,0.0,
wps转pdf,PDF,品牌直达,通用,PDF·品牌直达·通用,高关联(整篇WPS),0.2212,0.0,
jpg转换pdf,PDF,教程操作,通用,PDF·教程操作·通用,中关联(通用+WPS章节),0.2212,0.0,
在线pdf转换成word免费,PDF,教程操作,通用,PDF·教程操作·通用,中关联(通用+WPS章节),0.2212,0.0,
pdf在线转换成word,PDF,教程操作,通用,PDF·教程操作·通用,中关联(通用+WPS章节),0.2212,0.0,
pdf转word工具,PDF,品牌直达,转word,PDF·品牌直达·转word,高关联(整篇WPS),0.2212,0.0,
如何把pdf转换成word文档,PDF,教程操作,通用,PDF·教程操作·通用,中关联(通用+WPS章节),0.2212,0.0,
pdf格式转换word格式免费,PDF,教程操作,通用,PDF·教程操作·通用,中关联(通用+WPS章节),0.2212,0.0,
pdf转ppt免费软件,PDF,品牌直达,转ppt,PDF·品牌直达·转ppt,高关联(整篇WPS),0.2212,0.0,
cdr转pdf,PDF,品牌直达,通用,PDF·品牌直达·通用,高关联(整篇WPS),0.2212,0.0,
pdf如何转换成word文档,PDF,教程操作,通用,PDF·教程操作·通用,中关联(通用+WPS章节),0.2212,0.0,
word文档转pdf,PDF,品牌直达,通用,PDF·品牌直达·通用,高关联(整篇WPS),0.2212,0.0,
免费pdf转word转换器,PDF,教程操作,转word,PDF·教程操作·转word,中关联(通用+WPS章节),0.2212,0.0,
word转pdf免费,PDF,品牌直达,通用,PDF·品牌直达·通用,高关联(整篇WPS),0.2212,0.0,
word在线转pdf,PDF,品牌直达,通用,PDF·品牌直达·通用,高关联(整篇WPS),0.2212,0.0,
迅捷在线pdf转换器,PDF,教程操作,通用,PDF·教程操作·通用,中关联(通用+WPS章节),0.2212,0.0,
风云pdf转换器官网,PDF,教程操作,通用,PDF·教程操作·通用,中关联(通用+WPS章节),0.2212,0.0,
jpg转pdf在线,PDF,品牌直达,通用,PDF·品牌直达·通用,高关联(整篇WPS),0.2212,0.0,
word怎么转pdf,PDF,教程操作,通用,PDF·教程操作·通用,中关联(通用+WPS章节),0.2212,0.0,
pdf怎么转word,PDF,教程操作,转word,PDF·教程操作·转word,中关联(通用+WPS章节),0.2212,0.0,
pdf转换成cad,PDF,教程操作,通用,PDF·教程操作·通用,中关联(通用+WPS章节),0.2212,0.0,
png转pdf,PDF,品牌直达,通用,PDF·品牌直达·通用,高关联(整篇WPS),0.2212,0.0,
全方位pdf转换器,PDF,教程操作,通用,PDF·教程操作·通用,中关联(通用+WPS章节),0.2212,0.0,
在线pdf转ppt,PDF,品牌直达,转ppt,PDF·品牌直达·转ppt,高关联(整篇WPS),0.2212,0.0,
txt怎么转pdf,PDF,教程操作,通用,PDF·教程操作·通用,中关联(通用+WPS章节),0.2212,0.0,
pdf文件转换,PDF,教程操作,通用,PDF·教程操作·通用,中关联(通用+WPS章节),0.2212,0.0,
pdf怎么转换成cad,PDF,教程操作,通用,PDF·教程操作·通用,中关联(通用+WPS章节),0.2212,0.0,
pdf转jpg在线转换,PDF,教程操作,通用,PDF·教程操作·通用,中关联(通用+WPS章节),0.2212,0.0,
pdf转换成word工具,PDF,教程操作,通用,PDF·教程操作·通用,中关联(通用+WPS章节),0.2212,0.0,
免费word转pdf,PDF,品牌直达,通用,PDF·品牌直达·通用,高关联(整篇WPS),0.2212,0.0,
在线pdf转excel,PDF,品牌直达,转excel,PDF·品牌直达·转excel,高关联(整篇WPS),0.2212,0.0,
免费的pdf转换器,PDF,教程操作,通用,PDF·教程操作·通用,中关联(通用+WPS章节),0.2212,0.0,
文档转pdf,PDF,品牌直达,通用,PDF·品牌直达·通用,高关联(整篇WPS),0.2212,0.0,
pdf文件怎么转换成word文档,PDF,教程操作,通用,PDF·教程操作·通用,中关联(通用+WPS章节),0.2212,0.0,
pdf转换word免费,PDF,教程操作,通用,PDF·教程操作·通用,中关联(通用+WPS章节),0.2212,0.0,
pdf转excel在线,PDF,品牌直达,转excel,PDF·品牌直达·转excel,高关联(整篇WPS),0.2212,0.0,
怎么把pdf转换成ppt,PDF,教程操作,通用,PDF·教程操作·通用,中关联(通用+WPS章节),0.2212,0.0,
jpg转换成pdf免费版,PDF,教程操作,通用,PDF·教程操作·通用,中关联(通用+WPS章节),0.2212,0.0,
福昕pdf转换器,PDF,教程操作,通用,PDF·教程操作·通用,中关联(通用+WPS章节),0.2212,0.0,
在线jpg转pdf,PDF,品牌直达,通用,PDF·品牌直达·通用,高关联(整篇WPS),0.2212,0.0,
dwg转换pdf,PDF,教程操作,通用,PDF·教程操作·通用,中关联(通用+WPS章节),0.2212,0.0,
pdf怎么转换成word免费,PDF,教程操作,通用,PDF·教程操作·通用,中关联(通用+WPS章节),0.2212,0.0,
pdf转换为word,PDF,教程操作,通用,PDF·教程操作·通用,中关联(通用+WPS章节),0.2212,0.0,
pdf转word软件,PDF,品牌直达,转word,PDF·品牌直达·转word,高关联(整篇WPS),0.2212,0.0,
pdf转换excel,PDF,教程操作,通用,PDF·教程操作·通用,中关联(通用+WPS章节),0.2212,0.0,
pdf在线转换器,PDF,教程操作,通用,PDF·教程操作·通用,中关联(通用+WPS章节),0.2212,0.0,
pdf转换免费,PDF,教程操作,通用,PDF·教程操作·通用,中关联(通用+WPS章节),0.2212,0.0,
html转换成pdf,PDF,教程操作,通用,PDF·教程操作·通用,中关联(通用+WPS章节),0.2212,0.0,
在线cad转pdf,PDF,品牌直达,通用,PDF·品牌直达·通用,高关联(整篇WPS),0.2212,0.0,
免费将pdf转换成word,PDF,教程操作,通用,PDF·教程操作·通用,中关联(通用+WPS章节),0.2212,0.0,
pdf免费转ppt,PDF,品牌直达,转ppt,PDF·品牌直达·转ppt,高关联(整篇WPS),0.2212,0.0,
免费pdf转换,PDF,教程操作,通用,PDF·教程操作·通用,中关联(通用+WPS章节),0.2212,0.0,
迅捷pdf在线转换器免费版,PDF,教程操作,通用,PDF·教程操作·通用,中关联(通用+WPS章节),0.2212,0.0,
迅捷pdf转换器在线,PDF,教程操作,通用,PDF·教程操作·通用,中关联(通用+WPS章节),0.2212,0.0,
在线免费pdf转word,PDF,品牌直达,转word,PDF·品牌直达·转word,高关联(整篇WPS),0.2212,0.0,
在线pdf转换成word,PDF,教程操作,通用,PDF·教程操作·通用,中关联(通用+WPS章节),0.2212,0.0,
pdf转换成word在线转换,PDF,教程操作,通用,PDF·教程操作·通用,中关联(通用+WPS章节),0.2212,0.0,
在线转pdf,PDF,品牌直达,通用,PDF·品牌直达·通用,高关联(整篇WPS),0.2212,0.0,
pdf转换成word在线免费,PDF,教程操作,通用,PDF·教程操作·通用,中关联(通用+WPS章节),0.2212,0.0,
pdf可以转换成word,PDF,教程操作,通用,PDF·教程操作·通用,中关联(通用+WPS章节),0.2212,0.0,
excel转换成pdf格式,PDF,教程操作,通用,PDF·教程操作·通用,中关联(通用+WPS章节),0.2212,0.0,
表格转换成pdf,PDF,教程操作,表格,PDF·教程操作·表格,中关联(通用+WPS章节),0.2212,0.0,
pdf转换成cad软件,PDF,教程操作,通用,PDF·教程操作·通用,中关联(通用+WPS章节),0.2212,0.0,
迅捷pdf转换器在线版,PDF,教程操作,通用,PDF·教程操作·通用,中关联(通用+WPS章节),0.2212,0.0,
pdf转word文档,PDF,品牌直达,转word,PDF·品牌直达·转word,高关联(整篇WPS),0.2212,0.0,
pdf转换成word转换器,PDF,教程操作,通用,PDF·教程操作·通用,中关联(通用+WPS章节),0.2212,0.0,
pdf转word在线转换,PDF,教程操作,转word,PDF·教程操作·转word,中关联(通用+WPS章节),0.2212,0.0,
pdf格式怎么转换成word格式,PDF,教程操作,通用,PDF·教程操作·通用,中关联(通用+WPS章节),0.2212,0.0,
pdf转换成excel在线,PDF,教程操作,通用,PDF·教程操作·通用,中关联(通用+WPS章节),0.2212,0.0,
dwg格式转换pdf,PDF,教程操作,通用,PDF·教程操作·通用,中关联(通用+WPS章节),0.2212,0.0,
md转pdf,PDF,品牌直达,通用,PDF·品牌直达·通用,高关联(整篇WPS),0.2212,0.0,
svg转pdf,PDF,品牌直达,通用,PDF·品牌直达·通用,高关联(整篇WPS),0.2212,0.0,
怎么把pdf转换成jpg,PDF,教程操作,通用,PDF·教程操作·通用,中关联(通用+WPS章节),0.2212,0.0,
cad转pdf在线,PDF,品牌直达,通用,PDF·品牌直达·通用,高关联(整篇WPS),0.2212,0.0,
word免费转pdf,PDF,品牌直达,通用,PDF·品牌直达·通用,高关联(整篇WPS),0.2212,0.0,
excel怎么转换成pdf,PDF,教程操作,通用,PDF·教程操作·通用,中关联(通用+WPS章节),0.2212,0.0,
在线pdf转换成excel,PDF,教程操作,通用,PDF·教程操作·通用,中关联(通用+WPS章节),0.2212,0.0,
pdf转cad免费转换器,PDF,教程操作,通用,PDF·教程操作·通用,中关联(通用+WPS章节),0.2212,0.0,
ceb转换成pdf,PDF,教程操作,通用,PDF·教程操作·通用,中关联(通用+WPS章节),0.2212,0.0,
dwg转pdf在线,PDF,品牌直达,通用,PDF·品牌直达·通用,高关联(整篇WPS),0.2212,0.0,
迅捷pdf转换器免费版,PDF,教程操作,通用,PDF·教程操作·通用,中关联(通用+WPS章节),0.2212,0.0,
jpeg转pdf,PDF,品牌直达,通用,PDF·品牌直达·通用,高关联(整篇WPS),0.2212,0.0,
cad在线转pdf,PDF,品牌直达,通用,PDF·品牌直达·通用,高关联(整篇WPS),0.2212,0.0,
xps转pdf,PDF,品牌直达,通用,PDF·品牌直达·通用,高关联(整篇WPS),0.2212,0.0,
pdf转换在线,PDF,教程操作,通用,PDF·教程操作·通用,中关联(通用+WPS章节),0.2212,0.0,
批量转pdf,PDF,教程操作,通用,PDF·教程操作·通用,中关联(通用+WPS章节),0.2212,0.0,
pdf怎么转换成jpg,PDF,教程操作,通用,PDF·教程操作·通用,中关联(通用+WPS章节),0.2212,0.0,
cad批量转pdf,PDF,教程操作,通用,PDF·教程操作·通用,中关联(通用+WPS章节),0.2212,0.0,
迅捷pdf在线转换,PDF,教程操作,通用,PDF·教程操作·通用,中关联(通用+WPS章节),0.2212,0.0,
pdf转换大师,PDF,教程操作,通用,PDF·教程操作·通用,中关联(通用+WPS章节),0.2212,0.0,
ceb转pdf,PDF,品牌直达,通用,PDF·品牌直达·通用,高关联(整篇WPS),0.2212,0.0,
caj格式转换成pdf,PDF,教程操作,通用,PDF·教程操作·通用,中关联(通用+WPS章节),0.2212,0.0,
word如何转换成pdf,PDF,教程操作,通用,PDF·教程操作·通用,中关联(通用+WPS章节),0.2212,0.0,
pdf怎么免费转换成word,PDF,教程操作,通用,PDF·教程操作·通用,中关联(通用+WPS章节),0.2212,0.0,
批量word转pdf,PDF,教程操作,通用,PDF·教程操作·通用,中关联(通用+WPS章节),0.2212,0.0,
pdf转word网页版,PDF,品牌直达,转word,PDF·品牌直达·转word,高关联(整篇WPS),0.2212,0.0,
免费pdf转换成word,PDF,教程操作,通用,PDF·教程操作·通用,中关联(通用+WPS章节),0.2212,0.0,
免费pdf转excel,PDF,品牌直达,转excel,PDF·品牌直达·转excel,高关联(整篇WPS),0.2212,0.0,
如何将pdf转换成ppt,PDF,教程操作,通用,PDF·教程操作·通用,中关联(通用+WPS章节),0.2212,0.0,
ppt怎么转换成pdf格式,PDF,教程操作,通用,PDF·教程操作·通用,中关联(通用+WPS章节),0.2212,0.0,
cad如何转换成pdf格式,PDF,教程操作,通用,PDF·教程操作·通用,中关联(通用+WPS章节),0.2212,0.0,
pdf转换器免费,PDF,教程操作,通用,PDF·教程操作·通用,中关联(通用+WPS章节),0.2212,0.0,
在线pdf转换工具,PDF,教程操作,通用,PDF·教程操作·通用,中关联(通用+WPS章节),0.2212,0.0,
表格转pdf,PDF,品牌直达,表格,PDF·品牌直达·表格,高关联(整篇WPS),0.2212,0.0,
pdf怎么转换成word文档,PDF,教程操作,通用,PDF·教程操作·通用,中关联(通用+WPS章节),0.2212,0.0,
word在线转换成pdf,PDF,教程操作,通用,PDF·教程操作·通用,中关联(通用+WPS章节),0.2212,0.0,
pdf怎么转换成word在线,PDF,教程操作,通用,PDF·教程操作·通用,中关联(通用+WPS章节),0.2212,0.0,
ppt转pdf,PDF,品牌直达,通用,PDF·品牌直达·通用,高关联(整篇WPS),0.2212,0.0,
pdf怎么转ppt,PDF,教程操作,转ppt,PDF·教程操作·转ppt,中关联(通用+WPS章节),0.2212,0.0,
pdf转ppt在线,PDF,品牌直达,转ppt,PDF·品牌直达·转ppt,高关联(整篇WPS),0.2212,0.0,
迅捷pdf转换器,PDF,教程操作,通用,PDF·教程操作·通用,中关联(通用+WPS章节),0.2212,0.0,
文件怎么转换成pdf格式,PDF,教程操作,通用,PDF·教程操作·通用,中关联(通用+WPS章节),0.2212,0.0,
docx转pdf,PDF,品牌直达,通用,PDF·品牌直达·通用,高关联(整篇WPS),0.2212,0.0,
jpg在线转pdf,PDF,品牌直达,通用,PDF·品牌直达·通用,高关联(整篇WPS),0.2212,0.0,
dwg在线转pdf,PDF,品牌直达,通用,PDF·品牌直达·通用,高关联(整篇WPS),0.2212,0.0,
xlsx转pdf,PDF,品牌直达,通用,PDF·品牌直达·通用,高关联(整篇WPS),0.2212,0.0,
cad转换成pdf,PDF,教程操作,通用,PDF·教程操作·通用,中关联(通用+WPS章节),0.2212,0.0,
pdf转换成word文档,PDF,教程操作,通用,PDF·教程操作·通用,中关联(通用+WPS章节),0.2212,0.0,
pdf如何转word,PDF,教程操作,转word,PDF·教程操作·转word,中关联(通用+WPS章节),0.2212,0.0,
怎么将pdf转换成word免费,PDF,教程操作,通用,PDF·教程操作·通用,中关联(通用+WPS章节),0.2212,0.0,
免费把pdf转换成word,PDF,教程操作,通用,PDF·教程操作·通用,中关联(通用+WPS章节),0.2212,0.0,
福昕pdf转word,PDF,品牌直达,转word,PDF·品牌直达·转word,高关联(整篇WPS),0.2212,0.0,
pdf转换成word软件,PDF,教程操作,通用,PDF·教程操作·通用,中关联(通用+WPS章节),0.2212,0.0,
java word 转pdf,PDF,品牌直达,通用,PDF·品牌直达·通用,高关联(整篇WPS),0.2212,0.0,
如何将pdf转换成excel,PDF,教程操作,通用,PDF·教程操作·通用,中关联(通用+WPS章节),0.2212,0.0,
pdf转换成ppt,PDF,教程操作,通用,PDF·教程操作·通用,中关联(通用+WPS章节),0.2212,0.0,
pdf转ppt,PDF,品牌直达,转ppt,PDF·品牌直达·转ppt,高关联(整篇WPS),0.2212,0.0,
pdf转换,PDF,教程操作,通用,PDF·教程操作·通用,中关联(通用+WPS章节),0.2212,0.0,
cad转pdf,PDF,品牌直达,通用,PDF·品牌直达·通用,高关联(整篇WPS),0.2212,0.0,
caj怎么转换成pdf,PDF,教程操作,通用,PDF·教程操作·通用,中关联(通用+WPS章节),0.2212,0.0,
xml转pdf,PDF,品牌直达,通用,PDF·品牌直达·通用,高关联(整篇WPS),0.2212,0.0,
pdf转cad在线转换,PDF,教程操作,通用,PDF·教程操作·通用,中关联(通用+WPS章节),0.2212,0.0,
pdf在线转换免费,PDF,教程操作,通用,PDF·教程操作·通用,中关联(通用+WPS章节),0.2212,0.0,
dxf转pdf,PDF,品牌直达,通用,PDF·品牌直达·通用,高关联(整篇WPS),0.2212,0.0,
pdf在线转换工具,PDF,教程操作,通用,PDF·教程操作·通用,中关联(通用+WPS章节),0.2212,0.0,
caj如何转换成pdf,PDF,教程操作,通用,PDF·教程操作·通用,中关联(通用+WPS章节),0.2212,0.0,
免费pdf转换工具,PDF,教程操作,通用,PDF·教程操作·通用,中关联(通用+WPS章节),0.2212,0.0,
如何把word转换成pdf格式,PDF,教程操作,通用,PDF·教程操作·通用,中关联(通用+WPS章节),0.2212,0.0,
pdf免费转换word,PDF,教程操作,通用,PDF·教程操作·通用,中关联(通用+WPS章节),0.2212,0.0,
pdf转换word在线,PDF,教程操作,通用,PDF·教程操作·通用,中关联(通用+WPS章节),0.2212,0.0,
在线pdf转换word,PDF,教程操作,通用,PDF·教程操作·通用,中关联(通用+WPS章节),0.2212,0.0,
免费word转pdf软件,PDF,品牌直达,通用,PDF·品牌直达·通用,高关联(整篇WPS),0.2212,0.0,
word转pdf工具,PDF,品牌直达,通用,PDF·品牌直达·通用,高关联(整篇WPS),0.2212,0.0,
excel转pdf在线,PDF,品牌直达,通用,PDF·品牌直达·通用,高关联(整篇WPS),0.2212,0.0,
pdf在线转ppt,PDF,品牌直达,转ppt,PDF·品牌直达·转ppt,高关联(整篇WPS),0.2212,0.0,
ppt转换pdf,PDF,教程操作,通用,PDF·教程操作·通用,中关联(通用+WPS章节),0.2212,0.0,
pdf转换器,PDF,教程操作,通用,PDF·教程操作·通用,中关联(通用+WPS章节),0.2212,0.0,
jpg转换成pdf,PDF,教程操作,通用,PDF·教程操作·通用,中关联(通用+WPS章节),0.2212,0.0,
ofd转pdf,PDF,品牌直达,通用,PDF·品牌直达·通用,高关联(整篇WPS),0.2212,0.0,
xmind转pdf,PDF,品牌直达,通用,PDF·品牌直达·通用,高关联(整篇WPS),0.2212,0.0,
caj在线转换成pdf,PDF,教程操作,通用,PDF·教程操作·通用,中关联(通用+WPS章节),0.2212,0.0,
迅捷pdf转word,PDF,品牌直达,转word,PDF·品牌直达·转word,高关联(整篇WPS),0.2212,0.0,
java实现word转pdf,PDF,品牌直达,通用,PDF·品牌直达·通用,高关联(整篇WPS),0.2212,0.0,
如何pdf转换成word,PDF,教程操作,通用,PDF·教程操作·通用,中关联(通用+WPS章节),0.2212,0.0,
pdf压缩免费版,PDF,教程操作,通用,PDF·教程操作·通用,中关联(通用+WPS章节),0.2212,0.0,
pdf合并软件,PDF,教程操作,合并,PDF·教程操作·合并,中关联(通用+WPS章节),0.2212,0.0,
pdf合并免费软件,PDF,教程操作,合并,PDF·教程操作·合并,中关联(通用+WPS章节),0.2212,0.0,
pdf合并成一个文件,PDF,教程操作,合并,PDF·教程操作·合并,中关联(通用+WPS章节),0.2212,0.0,
pdf拆分免费,PDF,教程操作,拆分,PDF·教程操作·拆分,中关联(通用+WPS章节),0.2212,0.0,
pdf压缩免费,PDF,教程操作,通用,PDF·教程操作·通用,中关联(通用+WPS章节),0.2212,0.0,
pdf压缩软件免费版,PDF,教程操作,通用,PDF·教程操作·通用,中关联(通用+WPS章节),0.2212,0.0,
两个pdf合并成一个pdf,PDF,教程操作,合并,PDF·教程操作·合并,中关联(通用+WPS章节),0.2212,0.0,
pdf压缩大小,PDF,教程操作,通用,PDF·教程操作·通用,中关联(通用+WPS章节),0.2212,0.0,
pdf合并成一个pdf,PDF,教程操作,合并,PDF·教程操作·合并,中关联(通用+WPS章节),0.2212,0.0,
pdf压缩在线,PDF,教程操作,通用,PDF·教程操作·通用,中关联(通用+WPS章节),0.2212,0.0,
pdf压缩软件,PDF,教程操作,通用,PDF·教程操作·通用,中关联(通用+WPS章节),0.2212,0.0,
pdf压缩工具,PDF,教程操作,通用,PDF·教程操作·通用,中关联(通用+WPS章节),0.2212,0.0,
pdf合并器,PDF,教程操作,合并,PDF·教程操作·合并,中关联(通用+WPS章节),0.2212,0.0,
如何把多个pdf合并成一个pdf,PDF,教程操作,合并,PDF·教程操作·合并,中关联(通用+WPS章节),0.2212,0.0,
pdf合并成一个pdf免费,PDF,教程操作,合并,PDF·教程操作·合并,中关联(通用+WPS章节),0.2212,0.0,
pdf合并在线,PDF,教程操作,合并,PDF·教程操作·合并,中关联(通用+WPS章节),0.2212,0.0,
在线pdf压缩,PDF,教程操作,通用,PDF·教程操作·通用,中关联(通用+WPS章节),0.2212,0.0,
云展网pdf合并工具,PDF,教程操作,合并,PDF·教程操作·合并,中关联(通用+WPS章节),0.2212,0.0,
免费pdf合并软件,PDF,教程操作,合并,PDF·教程操作·合并,中关联(通用+WPS章节),0.2212,0.0,
免费pdf拆分软件,PDF,教程操作,拆分,PDF·教程操作·拆分,中关联(通用+WPS章节),0.2212,0.0,
怎么把几个pdf合并成一个pdf文件,PDF,教程操作,合并,PDF·教程操作·合并,中关联(通用+WPS章节),0.2212,0.0,
pdf拆分在线,PDF,教程操作,拆分,PDF·教程操作·拆分,中关联(通用+WPS章节),0.2212,0.0,
pdf合并免费,PDF,教程操作,合并,PDF·教程操作·合并,中关联(通用+WPS章节),0.2212,0.0,
免费pdf压缩软件,PDF,教程操作,通用,PDF·教程操作·通用,中关联(通用+WPS章节),0.2212,0.0,
pdf拆分成多个文件,PDF,教程操作,拆分,PDF·教程操作·拆分,中关联(通用+WPS章节),0.2212,0.0,
怎么把两个pdf合并成一个,PDF,教程操作,合并,PDF·教程操作·合并,中关联(通用+WPS章节),0.2212,0.0,
pdf合并打印,PDF,教程操作,打印,PDF·教程操作·打印,中关联(通用+WPS章节),0.2212,0.0,
pdf拆分合并,PDF,教程操作,合并,PDF·教程操作·合并,中关联(通用+WPS章节),0.2212,0.0,
pdf压缩文件,PDF,教程操作,通用,PDF·教程操作·通用,中关联(通用+WPS章节),0.2212,0.0,
pdf拆分工具,PDF,教程操作,拆分,PDF·教程操作·拆分,中关联(通用+WPS章节),0.2212,0.0,
pdf压缩器,PDF,教程操作,通用,PDF·教程操作·通用,中关联(通用+WPS章节),0.2212,0.0,
在线pdf合并,PDF,教程操作,合并,PDF·教程操作·合并,中关联(通用+WPS章节),0.2212,0.0,
免费pdf拆分,PDF,教程操作,拆分,PDF·教程操作·拆分,中关联(通用+WPS章节),0.2212,0.0,
多个pdf合并,PDF,教程操作,合并,PDF·教程操作·合并,中关联(通用+WPS章节),0.2212,0.0,
pdf拆分软件,PDF,教程操作,拆分,PDF·教程操作·拆分,中关联(通用+WPS章节),0.2212,0.0,
在线pdf压缩工具,PDF,教程操作,通用,PDF·教程操作·通用,中关联(通用+WPS章节),0.2212,0.0,
pdf拆分,PDF,教程操作,拆分,PDF·教程操作·拆分,中关联(通用+WPS章节),0.2212,0.0,
在线pdf拆分,PDF,教程操作,拆分,PDF·教程操作·拆分,中关联(通用+WPS章节),0.2212,0.0,
免费的pdf合并软件,PDF,教程操作,合并,PDF·教程操作·合并,中关联(通用+WPS章节),0.2212,0.0,
pdf压缩网站,PDF,教程操作,通用,PDF·教程操作·通用,中关联(通用+WPS章节),0.2212,0.0,
pdf压缩,PDF,教程操作,通用,PDF·教程操作·通用,中关联(通用+WPS章节),0.2212,0.0,
pdf合并,PDF,教程操作,合并,PDF·教程操作·合并,中关联(通用+WPS章节),0.2212,0.0,
pdf压缩到指定大小,PDF,教程操作,通用,PDF·教程操作·通用,中关联(通用+WPS章节),0.2212,0.0,
pdf合并工具,PDF,教程操作,合并,PDF·教程操作·合并,中关联(通用+WPS章节),0.2212,0.0,
PDF转Word,PDF,品牌直达,转word,PDF·品牌直达·转word,高关联(整篇WPS),0.2212,0.0,S
PDF转Excel,PDF,品牌直达,转excel,PDF·品牌直达·转excel,高关联(整篇WPS),0.2212,0.0,S
PDF转PPT,PDF,品牌直达,转ppt,PDF·品牌直达·转ppt,高关联(整篇WPS),0.2212,0.0,S
PDF转换成PPT,PDF,教程操作,通用,PDF·教程操作·通用,中关联(通用+WPS章节),0.2212,0.0,S
Word转PDF,PDF,品牌直达,通用,PDF·品牌直达·通用,高关联(整篇WPS),0.2212,0.0,S
PPT转PDF,PDF,品牌直达,通用,PDF·品牌直达·通用,高关联(整篇WPS),0.2212,0.0,S
Excel转PDF,PDF,品牌直达,通用,PDF·品牌直达·通用,高关联(整篇WPS),0.2212,0.0,S
PDF表格提取到Excel,PDF,教程操作,表格,PDF·教程操作·表格,中关联(通用+WPS章节),0.2212,0.0,S
PDF转Word怎么操作,PDF,教程操作,转word,PDF·教程操作·转word,中关联(通用+WPS章节),0.2212,0.0,S
JPG转PDF,PDF,品牌直达,通用,PDF·品牌直达·通用,高关联(整篇WPS),0.2212,0.0,S
PDF转JPG,PDF,品牌直达,通用,PDF·品牌直达·通用,高关联(整篇WPS),0.2212,0.0,A
PDF转Word免费方法,PDF,教程操作,转word,PDF·教程操作·转word,中关联(通用+WPS章节),0.2212,0.0,A
WPS怎么PDF转Word,PDF,教程操作,转word,PDF·教程操作·转word,中关联(通用+WPS章节),0.2212,0.0,A
PNG转PDF,PDF,品牌直达,通用,PDF·品牌直达·通用,高关联(整篇WPS),0.2212,0.0,A
PDF转Excel怎么操作,PDF,教程操作,转excel,PDF·教程操作·转excel,中关联(通用+WPS章节),0.2212,0.0,A
PDF转PPT怎么操作,PDF,教程操作,转ppt,PDF·教程操作·转ppt,中关联(通用+WPS章节),0.2212,0.0,A
PDF转换成PPT怎么操作,PDF,教程操作,通用,PDF·教程操作·通用,中关联(通用+WPS章节),0.2212,0.0,A
Word转PDF怎么操作,PDF,教程操作,通用,PDF·教程操作·通用,中关联(通用+WPS章节),0.2212,0.0,A
PDF转PNG,PDF,品牌直达,通用,PDF·品牌直达·通用,高关联(整篇WPS),0.2212,0.0,A
PPT转PDF怎么操作,PDF,教程操作,通用,PDF·教程操作·通用,中关联(通用+WPS章节),0.2212,0.0,A
Excel转PDF怎么操作,PDF,教程操作,通用,PDF·教程操作·通用,中关联(通用+WPS章节),0.2212,0.0,A
PDF转Excel免费方法,PDF,教程操作,转excel,PDF·教程操作·转excel,中关联(通用+WPS章节),0.2212,0.0,A
PDF转PPT免费方法,PDF,教程操作,转ppt,PDF·教程操作·转ppt,中关联(通用+WPS章节),0.2212,0.0,A
PDF转换成PPT免费方法,PDF,教程操作,通用,PDF·教程操作·通用,中关联(通用+WPS章节),0.2212,0.0,A
WPS怎么PDF转Excel,PDF,教程操作,转excel,PDF·教程操作·转excel,中关联(通用+WPS章节),0.2212,0.0,A
WPS怎么PDF转PPT,PDF,教程操作,转ppt,PDF·教程操作·转ppt,中关联(通用+WPS章节),0.2212,0.0,A
WPS怎么PDF转换成PPT,PDF,教程操作,通用,PDF·教程操作·通用,中关联(通用+WPS章节),0.2212,0.0,A
WPS怎么Word转PDF,PDF,教程操作,通用,PDF·教程操作·通用,中关联(通用+WPS章节),0.2212,0.0,A
Word转PDF免费方法,PDF,教程操作,通用,PDF·教程操作·通用,中关联(通用+WPS章节),0.2212,0.0,A
PDF表格提取到Excel怎么操作,PDF,教程操作,表格,PDF·教程操作·表格,中关联(通用+WPS章节),0.2212,0.0,A
PPT转PDF免费方法,PDF,教程操作,通用,PDF·教程操作·通用,中关联(通用+WPS章节),0.2212,0.0,A
WPS怎么PPT转PDF,PDF,教程操作,通用,PDF·教程操作·通用,中关联(通用+WPS章节),0.2212,0.0,A
JPG转PDF怎么操作,PDF,教程操作,通用,PDF·教程操作·通用,中关联(通用+WPS章节),0.2212,0.0,A
Excel转PDF免费方法,PDF,教程操作,通用,PDF·教程操作·通用,中关联(通用+WPS章节),0.2212,0.0,A
WPS怎么Excel转PDF,PDF,教程操作,通用,PDF·教程操作·通用,中关联(通用+WPS章节),0.2212,0.0,A
PDF转JPG怎么操作,PDF,教程操作,通用,PDF·教程操作·通用,中关联(通用+WPS章节),0.2212,0.0,B
PDF表格提取到Excel免费方法,PDF,教程操作,表格,PDF·教程操作·表格,中关联(通用+WPS章节),0.2212,0.0,B
WPS怎么PDF表格提取到Excel,PDF,教程操作,表格,PDF·教程操作·表格,中关联(通用+WPS章节),0.2212,0.0,B
JPG转PDF免费方法,PDF,教程操作,通用,PDF·教程操作·通用,中关联(通用+WPS章节),0.2212,0.0,B
WPS怎么JPG转PDF,PDF,教程操作,通用,PDF·教程操作·通用,中关联(通用+WPS章节),0.2212,0.0,B
PNG转PDF怎么操作,PDF,教程操作,通用,PDF·教程操作·通用,中关联(通用+WPS章节),0.2212,0.0,B
PDF转PNG怎么操作,PDF,教程操作,通用,PDF·教程操作·通用,中关联(通用+WPS章节),0.2212,0.0,B
PDF转JPG免费方法,PDF,教程操作,通用,PDF·教程操作·通用,中关联(通用+WPS章节),0.2212,0.0,B
WPS怎么PDF转JPG,PDF,教程操作,通用,PDF·教程操作·通用,中关联(通用+WPS章节),0.2212,0.0,B
PNG转PDF免费方法,PDF,教程操作,通用,PDF·教程操作·通用,中关联(通用+WPS章节),0.2212,0.0,B
WPS怎么PNG转PDF,PDF,教程操作,通用,PDF·教程操作·通用,中关联(通用+WPS章节),0.2212,0.0,B
PDF转PNG免费方法,PDF,教程操作,通用,PDF·教程操作·通用,中关联(通用+WPS章节),0.2212,0.0,B
WPS怎么PDF转PNG,PDF,教程操作,通用,PDF·教程操作·通用,中关联(通用+WPS章节),0.2212,0.0,B
WPS多人协同编辑表格旋转图片,Excel,教程操作,表格,Excel·教程操作·表格,中关联(通用+WPS章节),0.274,1.0,
图片怎么转换成pdf格式,PDF,教程操作,通用,PDF·教程操作·通用,中关联(通用+WPS章节),0.2212,0.0,
图片转excel,Excel,教程操作,转excel,Excel·教程操作·转excel,中关联(通用+WPS章节),0.274,0.0,
图片转pdf在线,PDF,教程操作,通用,PDF·教程操作·通用,中关联(通用+WPS章节),0.2212,0.0,
图片转pdf软件免费,PDF,教程操作,通用,PDF·教程操作·通用,中关联(通用+WPS章节),0.2212,0.0,
pdf转换图片,PDF,教程操作,通用,PDF·教程操作·通用,中关联(通用+WPS章节),0.2212,0.0,
图片转word,Word,教程操作,转word,Word·教程操作·转word,中关联(通用+WPS章节),0.4224,0.0,
在线pdf转图片,PDF,教程操作,通用,PDF·教程操作·通用,中关联(通用+WPS章节),0.2212,0.0,
pdf在线转图片,PDF,教程操作,通用,PDF·教程操作·通用,中关联(通用+WPS章节),0.2212,0.0,
pdf转图片免费,PDF,教程操作,通用,PDF·教程操作·通用,中关联(通用+WPS章节),0.2212,0.0,
在线图片转pdf,PDF,教程操作,通用,PDF·教程操作·通用,中关联(通用+WPS章节),0.2212,0.0,
pdf转换成图片,PDF,教程操作,通用,PDF·教程操作·通用,中关联(通用+WPS章节),0.2212,0.0,
word转图片,Word,教程操作,通用,Word·教程操作·通用,中关联(通用+WPS章节),0.4224,0.0,
图片转换pdf,PDF,教程操作,通用,PDF·教程操作·通用,中关联(通用+WPS章节),0.2212,0.0,
免费图片转pdf,PDF,教程操作,通用,PDF·教程操作·通用,中关联(通用+WPS章节),0.2212,0.0,
图片在线转pdf,PDF,教程操作,通用,PDF·教程操作·通用,中关联(通用+WPS章节),0.2212,0.0,
图片转换成pdf格式,PDF,教程操作,通用,PDF·教程操作·通用,中关联(通用+WPS章节),0.2212,0.0,
图片转ppt,PPT,教程操作,转ppt,PPT·教程操作·转ppt,中关联(通用+WPS章节),1.0,0.0,
excel提取数字,Excel,教程操作,通用,Excel·教程操作·通用,中关联(通用+WPS章节),0.274,0.0,
pdf怎么转图片,PDF,教程操作,通用,PDF·教程操作·通用,中关联(通用+WPS章节),0.2212,0.0,
图片转word在线转换免费,Word,教程操作,转word,Word·教程操作·转word,中关联(通用+WPS章节),0.4224,0.0,
图片转换成excel文件,Excel,教程操作,通用,Excel·教程操作·通用,中关联(通用+WPS章节),0.274,0.0,
图片免费转pdf,PDF,教程操作,通用,PDF·教程操作·通用,中关联(通用+WPS章节),0.2212,0.0,
ppt转图片,PPT,教程操作,通用,PPT·教程操作·通用,中关联(通用+WPS章节),1.0,0.0,
图片转换为pdf,PDF,教程操作,通用,PDF·教程操作·通用,中关联(通用+WPS章节),0.2212,0.0,
pdf怎么转换成图片,PDF,教程操作,通用,PDF·教程操作·通用,中关联(通用+WPS章节),0.2212,0.0,
pdf提取文字,PDF,教程操作,通用,PDF·教程操作·通用,中关联(通用+WPS章节),0.2212,0.0,
pdf提取图片,PDF,教程操作,通用,PDF·教程操作·通用,中关联(通用+WPS章节),0.2212,0.0,
pdf转换为图片,PDF,教程操作,通用,PDF·教程操作·通用,中关联(通用+WPS章节),0.2212,0.0,
excel提取身份证出生日期,Excel,教程操作,通用,Excel·教程操作·通用,中关联(通用+WPS章节),0.274,0.0,
免费pdf转图片,PDF,教程操作,通用,PDF·教程操作·通用,中关联(通用+WPS章节),0.2212,0.0,
免费pdf转换图片,PDF,教程操作,通用,PDF·教程操作·通用,中关联(通用+WPS章节),0.2212,0.0,
excel提取单元格中的数字,Excel,教程操作,通用,Excel·教程操作·通用,中关联(通用+WPS章节),0.274,0.0,
图片转换成pdf,PDF,教程操作,通用,PDF·教程操作·通用,中关联(通用+WPS章节),0.2212,0.0,
excel身份证提取年龄,Excel,教程操作,通用,Excel·教程操作·通用,中关联(通用+WPS章节),0.274,0.0,
excel表格提取部分数据,Excel,教程操作,表格,Excel·教程操作·表格,中关联(通用+WPS章节),0.274,0.0,
如何把图片转换成pdf格式,PDF,教程操作,通用,PDF·教程操作·通用,中关联(通用+WPS章节),0.2212,0.0,
图片转word文档,Word,教程操作,转word,Word·教程操作·转word,中关联(通用+WPS章节),0.4224,0.0,
图片转excel表格,Excel,教程操作,表格,Excel·教程操作·表格,中关联(通用+WPS章节),0.274,0.0,
excel身份证号提取性别,Excel,教程操作,通用,Excel·教程操作·通用,中关联(通用+WPS章节),0.274,0.0,
pdf转图片在线,PDF,教程操作,通用,PDF·教程操作·通用,中关联(通用+WPS章节),0.2212,0.0,
pdf转换图片免费,PDF,教程操作,通用,PDF·教程操作·通用,中关联(通用+WPS章节),0.2212,0.0,
如何把图片转换成word文档,Word,教程操作,通用,Word·教程操作·通用,中关联(通用+WPS章节),0.4224,0.0,
excel转图片,Excel,教程操作,通用,Excel·教程操作·通用,中关联(通用+WPS章节),0.274,0.0,
在线图片转excel,Excel,教程操作,转excel,Excel·教程操作·转excel,中关联(通用+WPS章节),0.274,0.0,
图片转pdf格式,PDF,教程操作,通用,PDF·教程操作·通用,中关联(通用+WPS章节),0.2212,0.0,
pdf文字识别,PDF,教程操作,通用,PDF·教程操作·通用,中关联(通用+WPS章节),0.2212,0.0,
pdf怎么转换成jpg图片,PDF,教程操作,通用,PDF·教程操作·通用,中关联(通用+WPS章节),0.2212,0.0,
pdf文字提取,PDF,教程操作,通用,PDF·教程操作·通用,中关联(通用+WPS章节),0.2212,0.0,
pdf在线转换图片,PDF,教程操作,通用,PDF·教程操作·通用,中关联(通用+WPS章节),0.2212,0.0,
pdf图片提取,PDF,教程操作,通用,PDF·教程操作·通用,中关联(通用+WPS章节),0.2212,0.0,
图片转换成ppt,PPT,教程操作,通用,PPT·教程操作·通用,中关联(通用+WPS章节),1.0,0.0,
excel提取文字,Excel,教程操作,通用,Excel·教程操作·通用,中关联(通用+WPS章节),0.274,0.0,
提取excel单元格中的部分内容,Excel,教程操作,通用,Excel·教程操作·通用,中关联(通用+WPS章节),0.274,0.0,
excel身份证提取性别,Excel,教程操作,通用,Excel·教程操作·通用,中关联(通用+WPS章节),0.274,0.0,
图片怎么转pdf,PDF,教程操作,通用,PDF·教程操作·通用,中关联(通用+WPS章节),0.2212,0.0,
wps图片转pdf,PDF,教程操作,通用,PDF·教程操作·通用,中关联(通用+WPS章节),0.2212,0.0,
在线图片转word,Word,教程操作,转word,Word·教程操作·转word,中关联(通用+WPS章节),0.4224,0.0,
图片转换成excel,Excel,教程操作,通用,Excel·教程操作·通用,中关联(通用+WPS章节),0.274,0.0,
excel提取月份,Excel,教程操作,通用,Excel·教程操作·通用,中关联(通用+WPS章节),0.274,0.0,
图片转换excel,Excel,教程操作,通用,Excel·教程操作·通用,中关联(通用+WPS章节),0.274,0.0,
pdf转图片,PDF,教程操作,通用,PDF·教程操作·通用,中关联(通用+WPS章节),0.2212,0.0,
多张图片转pdf,PDF,教程操作,通用,PDF·教程操作·通用,中关联(通用+WPS章节),0.2212,0.0,
pdf提取,PDF,教程操作,通用,PDF·教程操作·通用,中关联(通用+WPS章节),0.2212,0.0,
怎么把pdf转换成图片,PDF,教程操作,通用,PDF·教程操作·通用,中关联(通用+WPS章节),0.2212,0.0,
图片转pdf软件,PDF,教程操作,通用,PDF·教程操作·通用,中关联(通用+WPS章节),0.2212,0.0,
在线图片转pdf免费,PDF,教程操作,通用,PDF·教程操作·通用,中关联(通用+WPS章节),0.2212,0.0,
图片转word 在线,Word,教程操作,转word,Word·教程操作·转word,中关联(通用+WPS章节),0.4224,0.0,
ppt提取文字,PPT,教程操作,通用,PPT·教程操作·通用,中关联(通用+WPS章节),1.0,0.0,
pdf转图片在线免费,PDF,教程操作,通用,PDF·教程操作·通用,中关联(通用+WPS章节),0.2212,0.0,
pdf转图片在线转换,PDF,教程操作,通用,PDF·教程操作·通用,中关联(通用+WPS章节),0.2212,0.0,
word旋转图片,Word,教程操作,通用,Word·教程操作·通用,中关联(通用+WPS章节),0.4224,0.0,
图片转word在线,Word,教程操作,转word,Word·教程操作·转word,中关联(通用+WPS章节),0.4224,0.0,
图片转换word,Word,教程操作,通用,Word·教程操作·通用,中关联(通用+WPS章节),0.4224,0.0,
图片转pdf,PDF,教程操作,通用,PDF·教程操作·通用,中关联(通用+WPS章节),0.2212,0.0,
pdf转图片工具,PDF,教程操作,通用,PDF·教程操作·通用,中关联(通用+WPS章节),0.2212,0.0,
pdf识别,PDF,教程操作,通用,PDF·教程操作·通用,中关联(通用+WPS章节),0.2212,0.0,
word怎么旋转图片,Word,教程操作,通用,Word·教程操作·通用,中关联(通用+WPS章节),0.4224,0.0,
word转图片在线,Word,教程操作,通用,Word·教程操作·通用,中关联(通用+WPS章节),0.4224,0.0,
图片转excel在线,Excel,教程操作,转excel,Excel·教程操作·转excel,中关联(通用+WPS章节),0.274,0.0,
excel提取日期,Excel,教程操作,通用,Excel·教程操作·通用,中关联(通用+WPS章节),0.274,0.0,
excel提取年龄,Excel,教程操作,通用,Excel·教程操作·通用,中关联(通用+WPS章节),0.274,0.0,
excel怎么提取数字,Excel,教程操作,通用,Excel·教程操作·通用,中关联(通用+WPS章节),0.274,0.0,
excel提取年份,Excel,教程操作,通用,Excel·教程操作·通用,中关联(通用+WPS章节),0.274,0.0,
图片转pdf在线转换免费,PDF,教程操作,通用,PDF·教程操作·通用,中关联(通用+WPS章节),0.2212,0.0,
怎样把图片文字转换成word文档,Word,教程操作,通用,Word·教程操作·通用,中关联(通用+WPS章节),0.4224,0.0,
word里面的图片怎么提取出来,Word,教程操作,通用,Word·教程操作·通用,中关联(通用+WPS章节),0.4224,0.0,
在线word转图片,Word,教程操作,通用,Word·教程操作·通用,中关联(通用+WPS章节),0.4224,0.0,
图片转word在线转换,Word,教程操作,转word,Word·教程操作·转word,中关联(通用+WPS章节),0.4224,0.0,
图片在线转word,Word,教程操作,转word,Word·教程操作·转word,中关联(通用+WPS章节),0.4224,0.0,
图片转换成word,Word,教程操作,通用,Word·教程操作·通用,中关联(通用+WPS章节),0.4224,0.0,
图片转Excel,Excel,教程操作,转excel,Excel·教程操作·转excel,中关联(通用+WPS章节),0.274,0.0,S
图片转换成文字,Word,教程操作,通用,Word·教程操作·通用,中关联(通用+WPS章节),0.4224,0.0,S
图片转换成表格,Excel,教程操作,表格,Excel·教程操作·表格,中关联(通用+WPS章节),0.274,0.0,S
OCR文字识别工具哪个好,Word,教程操作,通用,Word·教程操作·通用,中关联(通用+WPS章节),0.4224,0.0,S
图片转PDF,PDF,教程操作,通用,PDF·教程操作·通用,中关联(通用+WPS章节),0.2212,0.0,S
扫描件转Word,Word,品牌直达,转word,Word·品牌直达·转word,高关联(整篇WPS),0.4224,0.0,S
表格图片转Excel,Excel,教程操作,表格,Excel·教程操作·表格,中关联(通用+WPS章节),0.274,0.0,S
图片文字识别软件哪个好,Word,教程操作,通用,Word·教程操作·通用,中关联(通用+WPS章节),0.4224,0.0,S
图片转Word,Word,教程操作,转word,Word·教程操作·转word,中关联(通用+WPS章节),0.4224,0.0,S
图片里的表格怎么提取,Excel,教程操作,表格,Excel·教程操作·表格,中关联(通用+WPS章节),0.274,0.0,S
扫描件转Excel,Excel,品牌直达,转excel,Excel·品牌直达·转excel,高关联(整篇WPS),0.274,0.0,S
PDF转图片,PDF,教程操作,通用,PDF·教程操作·通用,中关联(通用+WPS章节),0.2212,0.0,S
扫描PDF怎么识别文字,PDF,教程操作,通用,PDF·教程操作·通用,中关联(通用+WPS章节),0.2212,0.0,S
PDF OCR识别怎么做,PDF,教程操作,通用,PDF·教程操作·通用,中关联(通用+WPS章节),0.2212,0.0,S
截图文字识别怎么弄,Word,教程操作,通用,Word·教程操作·通用,中关联(通用+WPS章节),0.4224,0.0,S
PPT转图片,PPT,教程操作,通用,PPT·教程操作·通用,中关联(通用+WPS章节),1.0,0.0,A
图片转Excel怎么操作,Excel,教程操作,转excel,Excel·教程操作·转excel,中关联(通用+WPS章节),0.274,0.0,A
图片转换成文字怎么操作,Word,教程操作,通用,Word·教程操作·通用,中关联(通用+WPS章节),0.4224,0.0,A
图片转换成表格怎么操作,Excel,教程操作,表格,Excel·教程操作·表格,中关联(通用+WPS章节),0.274,0.0,A
WPS图片转文字怎么用,Word,教程操作,通用,Word·教程操作·通用,中关联(通用+WPS章节),0.4224,0.0,A
WPS怎么识别图片文字,Word,教程操作,通用,Word·教程操作·通用,中关联(通用+WPS章节),0.4224,0.0,A
PDF里的图片怎么提取,PDF,教程操作,通用,PDF·教程操作·通用,中关联(通用+WPS章节),0.2212,0.0,A
WPS怎么提取图片里的表格,Excel,教程操作,表格,Excel·教程操作·表格,中关联(通用+WPS章节),0.274,0.0,A
Word转换成图片,Word,教程操作,通用,Word·教程操作·通用,中关联(通用+WPS章节),0.4224,0.0,A
WPS怎么图片转Excel,Excel,教程操作,转excel,Excel·教程操作·转excel,中关联(通用+WPS章节),0.274,0.0,A
WPS怎么图片转换成文字,Word,教程操作,通用,Word·教程操作·通用,中关联(通用+WPS章节),0.4224,0.0,A
WPS怎么图片转换成表格,Excel,教程操作,表格,Excel·教程操作·表格,中关联(通用+WPS章节),0.274,0.0,A
图片转Excel免费方法,Excel,教程操作,转excel,Excel·教程操作·转excel,中关联(通用+WPS章节),0.274,0.0,A
图片转PDF怎么操作,PDF,教程操作,通用,PDF·教程操作·通用,中关联(通用+WPS章节),0.2212,0.0,A
图片转换成文字免费方法,Word,教程操作,通用,Word·教程操作·通用,中关联(通用+WPS章节),0.4224,0.0,A
图片转换成表格免费方法,Excel,教程操作,表格,Excel·教程操作·表格,中关联(通用+WPS章节),0.274,0.0,A
扫描件转Word怎么操作,Word,教程操作,转word,Word·教程操作·转word,中关联(通用+WPS章节),0.4224,0.0,A
照片转文字怎么操作,Word,教程操作,通用,Word·教程操作·通用,中关联(通用+WPS章节),0.4224,0.0,A
表格图片转Excel怎么操作,Excel,教程操作,表格,Excel·教程操作·表格,中关联(通用+WPS章节),0.274,0.0,A
图片转Word怎么操作,Word,教程操作,转word,Word·教程操作·转word,中关联(通用+WPS章节),0.4224,0.0,A
扫描件转Excel怎么操作,Excel,教程操作,转excel,Excel·教程操作·转excel,中关联(通用+WPS章节),0.274,0.0,A
照片转表格怎么操作,Excel,教程操作,表格,Excel·教程操作·表格,中关联(通用+WPS章节),0.274,0.0,A
WPS OCR在哪里,WPS综合,品牌直达,通用,WPS综合·品牌直达·通用,高关联(整篇WPS),0.8135,0.0,A
PDF转图片怎么操作,PDF,教程操作,通用,PDF·教程操作·通用,中关联(通用+WPS章节),0.2212,0.0,A
WPS怎么图片转PDF,PDF,教程操作,通用,PDF·教程操作·通用,中关联(通用+WPS章节),0.2212,0.0,A
WPS怎么扫描件转Word,Word,教程操作,转word,Word·教程操作·转word,中关联(通用+WPS章节),0.4224,0.0,A
WPS怎么照片转文字,Word,教程操作,通用,Word·教程操作·通用,中关联(通用+WPS章节),0.4224,0.0,A
WPS怎么表格图片转Excel,Excel,教程操作,表格,Excel·教程操作·表格,中关联(通用+WPS章节),0.274,0.0,A
图片转PDF免费方法,PDF,教程操作,通用,PDF·教程操作·通用,中关联(通用+WPS章节),0.2212,0.0,A
扫描件转Word免费方法,Word,教程操作,转word,Word·教程操作·转word,中关联(通用+WPS章节),0.4224,0.0,A
照片转文字免费方法,Word,教程操作,通用,Word·教程操作·通用,中关联(通用+WPS章节),0.4224,0.0,A
表格图片转Excel免费方法,Excel,教程操作,表格,Excel·教程操作·表格,中关联(通用+WPS章节),0.274,0.0,A
PPT转图片怎么操作,PPT,教程操作,通用,PPT·教程操作·通用,中关联(通用+WPS章节),1.0,0.0,B
WPS怎么图片转Word,Word,教程操作,转word,Word·教程操作·转word,中关联(通用+WPS章节),0.4224,0.0,B
WPS怎么扫描件转Excel,Excel,教程操作,转excel,Excel·教程操作·转excel,中关联(通用+WPS章节),0.274,0.0,B
WPS怎么照片转表格,Excel,教程操作,表格,Excel·教程操作·表格,中关联(通用+WPS章节),0.274,0.0,B
图片转Word免费方法,Word,教程操作,转word,Word·教程操作·转word,中关联(通用+WPS章节),0.4224,0.0,B
扫描件转Excel免费方法,Excel,教程操作,转excel,Excel·教程操作·转excel,中关联(通用+WPS章节),0.274,0.0,B
照片转表格免费方法,Excel,教程操作,表格,Excel·教程操作·表格,中关联(通用+WPS章节),0.274,0.0,B
PDF转图片免费方法,PDF,教程操作,通用,PDF·教程操作·通用,中关联(通用+WPS章节),0.2212,0.0,B
WPS怎么PDF转图片,PDF,教程操作,通用,PDF·教程操作·通用,中关联(通用+WPS章节),0.2212,0.0,B
PPT转图片免费方法,PPT,教程操作,通用,PPT·教程操作·通用,中关联(通用+WPS章节),1.0,0.0,B
WPS怎么PPT转图片,PPT,教程操作,通用,PPT·教程操作·通用,中关联(通用+WPS章节),1.0,0.0,B
PDF里的图片怎么提取怎么操作,PDF,教程操作,通用,PDF·教程操作·通用,中关联(通用+WPS章节),0.2212,0.0,B
Word转换成图片怎么操作,Word,教程操作,通用,Word·教程操作·通用,中关联(通用+WPS章节),0.4224,0.0,B
PDF里的图片怎么提取免费方法,PDF,教程操作,通用,PDF·教程操作·通用,中关联(通用+WPS章节),0.2212,0.0,B
WPS怎么PDF里的图片怎么提取,PDF,教程操作,通用,PDF·教程操作·通用,中关联(通用+WPS章节),0.2212,0.0,B
WPS怎么Word转换成图片,Word,教程操作,通用,Word·教程操作·通用,中关联(通用+WPS章节),0.4224,0.0,B
Word转换成图片免费方法,Word,教程操作,通用,Word·教程操作·通用,中关联(通用+WPS章节),0.4224,0.0,B
wps提取图片文字,Word,教程操作,通用,Word·教程操作·通用,中关联(通用+WPS章节),0.4224,0.0,B
wps提取文字,Word,教程操作,通用,Word·教程操作·通用,中关联(通用+WPS章节),0.4224,0.0,B
wps ocr,WPS综合,品牌直达,通用,WPS综合·品牌直达·通用,高关联(整篇WPS),0.8135,0.0,C
wps ocr识别,WPS综合,教程操作,通用,WPS综合·教程操作·通用,中关联(通用+WPS章节),0.8135,0.0,C
wps 识别图片文字,Word,教程操作,通用,Word·教程操作·通用,中关联(通用+WPS章节),0.4224,0.0,C
wps可以图片转文字吗,Word,教程操作,通用,Word·教程操作·通用,中关联(通用+WPS章节),0.4224,0.0,C
wps图片上的文字,Word,教程操作,通用,Word·教程操作·通用,中关联(通用+WPS章节),0.4224,0.0,C
wps图片下方文字,Word,教程操作,通用,Word·教程操作·通用,中关联(通用+WPS章节),0.4224,0.0,C
wps图片与文字,Word,教程操作,通用,Word·教程操作·通用,中关联(通用+WPS章节),0.4224,0.0,C
wps图片加文字,Word,教程操作,通用,Word·教程操作·通用,中关联(通用+WPS章节),0.4224,0.0,C
wps图片文字,Word,教程操作,通用,Word·教程操作·通用,中关联(通用+WPS章节),0.4224,0.0,C
wps图片添加文字,Word,教程操作,通用,Word·教程操作·通用,中关联(通用+WPS章节),0.4224,0.0,C
wps图片被文字环绕,Word,教程操作,通用,Word·教程操作·通用,中关联(通用+WPS章节),0.4224,0.0,C
wps图片识别文字,Word,教程操作,通用,Word·教程操作·通用,中关联(通用+WPS章节),0.4224,0.0,C
wps图片转文字怎么弄,Word,教程操作,通用,Word·教程操作·通用,中关联(通用+WPS章节),0.4224,0.0,C
wps在图片上加文字,Word,教程操作,通用,Word·教程操作·通用,中关联(通用+WPS章节),0.4224,0.0,C
wps如何提取图片文字,Word,教程操作,通用,Word·教程操作·通用,中关联(通用+WPS章节),0.4224,0.0,C
wps怎么添加图片文字,Word,教程操作,通用,Word·教程操作·通用,中关联(通用+WPS章节),0.4224,0.0,C
wps怎么给图片加文字,Word,教程操作,通用,Word·教程操作·通用,中关联(通用+WPS章节),0.4224,0.0,C
wps文字图片转文字,Word,教程操作,通用,Word·教程操作·通用,中关联(通用+WPS章节),0.4224,0.0,C
wps无法识别图片格式,WPS综合,教程操作,通用,WPS综合·教程操作·通用,中关联(通用+WPS章节),0.8135,0.0,C
wps的图片转文字,Word,教程操作,通用,Word·教程操作·通用,中关联(通用+WPS章节),0.4224,0.0,C
wps表格图片置于文字下方,Excel,教程操作,表格,Excel·教程操作·表格,中关联(通用+WPS章节),0.274,0.0,C
图片文字转换成wps,Word,教程操作,通用,Word·教程操作·通用,中关联(通用+WPS章节),0.4224,0.0,C
图片转换成wps文字,Word,教程操作,通用,Word·教程操作·通用,中关联(通用+WPS章节),0.4224,0.0,C
图片转换成文字wps,Word,教程操作,通用,Word·教程操作·通用,中关联(通用+WPS章节),0.4224,0.0,C
手机wps图片转文字,Word,教程操作,通用,Word·教程操作·通用,中关联(通用+WPS章节),0.4224,0.0,C
扫描的wps文字,Word,品牌直达,通用,Word·品牌直达·通用,高关联(整篇WPS),0.4224,0.0,C
pdf编辑器免费版,PDF,教程操作,通用,PDF·教程操作·通用,中关联(通用+WPS章节),0.2212,0.0,
免费pdf编辑软件,PDF,教程操作,通用,PDF·教程操作·通用,中关联(通用+WPS章节),0.2212,2.0,
pdf去水印,PDF,教程操作,水印,PDF·教程操作·水印,中关联(通用+WPS章节),0.2212,1.0,
WPS在线转换,云文档/在线,教程操作,通用,云文档/在线·教程操作·通用,中关联(通用+WPS章节),0.4399,2.0,
金山PDF编辑器,PDF,教程操作,通用,PDF·教程操作·通用,中关联(通用+WPS章节),0.2212,2.0,
WPS 转换网页版,云文档/在线,教程操作,通用,云文档/在线·教程操作·通用,中关联(通用+WPS章节),0.4399,1.0,
wps格式转换,WPS综合,教程操作,通用,WPS综合·教程操作·通用,中关联(通用+WPS章节),0.8135,1.0,
.et在线转换,云文档/在线,教程操作,通用,云文档/在线·教程操作·通用,中关联(通用+WPS章节),0.4399,1.0,
wps在线转换成word,Word,教程操作,通用,Word·教程操作·通用,中关联(通用+WPS章节),0.4224,1.0,
wps格式转换器,WPS综合,教程操作,通用,WPS综合·教程操作·通用,中关联(通用+WPS章节),0.8135,1.0,
pdf编辑工具,PDF,教程操作,通用,PDF·教程操作·通用,中关联(通用+WPS章节),0.2212,0.0,
免费pdf编辑器,PDF,教程操作,通用,PDF·教程操作·通用,中关联(通用+WPS章节),0.2212,0.0,
word转ppt,PPT,品牌直达,转ppt,PPT·品牌直达·转ppt,高关联(整篇WPS),1.0,0.0,
json转excel,Excel,品牌直达,转excel,Excel·品牌直达·转excel,高关联(整篇WPS),0.274,0.0,
pdf编辑器破解版,PDF,教程操作,通用,PDF·教程操作·通用,中关联(通用+WPS章节),0.2212,0.0,
在线pdf编辑器,PDF,教程操作,通用,PDF·教程操作·通用,中关联(通用+WPS章节),0.2212,0.0,
excel转word,Excel,品牌直达,转word,Excel·品牌直达·转word,高关联(整篇WPS),0.274,0.0,
ppt转换成word文档,PPT,教程操作,通用,PPT·教程操作·通用,中关联(通用+WPS章节),1.0,0.0,
word转换成excel,Excel,教程操作,通用,Excel·教程操作·通用,中关联(通用+WPS章节),0.274,0.0,
ppt转word,PPT,品牌直达,转word,PPT·品牌直达·转word,高关联(整篇WPS),1.0,0.0,
word转excel,Excel,品牌直达,转excel,Excel·品牌直达·转excel,高关联(整篇WPS),0.274,0.0,
excel行列转换,Excel,教程操作,通用,Excel·教程操作·通用,中关联(通用+WPS章节),0.274,0.0,
在线pdf编辑,PDF,教程操作,通用,PDF·教程操作·通用,中关联(通用+WPS章节),0.2212,0.0,
word转换成ppt,PPT,教程操作,通用,PPT·教程操作·通用,中关联(通用+WPS章节),1.0,0.0,
迅捷pdf编辑器破解版,PDF,教程操作,通用,PDF·教程操作·通用,中关联(通用+WPS章节),0.2212,0.0,
excel日期格式转换,Excel,教程操作,通用,Excel·教程操作·通用,中关联(通用+WPS章节),0.274,0.0,
文档转ppt,PPT,品牌直达,转ppt,PPT·品牌直达·转ppt,高关联(整篇WPS),1.0,0.0,
caj转word,Word,品牌直达,转word,Word·品牌直达·转word,高关联(整篇WPS),0.4224,0.0,
pages文件转换成word,Word,教程操作,通用,Word·教程操作·通用,中关联(通用+WPS章节),0.4224,0.0,
免费pdf编辑,PDF,教程操作,通用,PDF·教程操作·通用,中关联(通用+WPS章节),0.2212,0.0,
pdf在线去水印,PDF,教程操作,水印,PDF·教程操作·水印,中关联(通用+WPS章节),0.2212,0.0,
福昕pdf编辑器免费版,PDF,教程操作,通用,PDF·教程操作·通用,中关联(通用+WPS章节),0.2212,0.0,
word去水印,Word,教程操作,水印,Word·教程操作·水印,中关联(通用+WPS章节),0.4224,0.0,
极速pdf编辑器,PDF,教程操作,通用,PDF·教程操作·通用,中关联(通用+WPS章节),0.2212,0.0,
txt转excel,Excel,品牌直达,转excel,Excel·品牌直达·转excel,高关联(整篇WPS),0.274,0.0,
pdf去水印免费软件,PDF,教程操作,水印,PDF·教程操作·水印,中关联(通用+WPS章节),0.2212,0.0,
在线pdf编辑器免费版,PDF,教程操作,通用,PDF·教程操作·通用,中关联(通用+WPS章节),0.2212,0.0,
ppt怎么转换成word文档,PPT,教程操作,通用,PPT·教程操作·通用,中关联(通用+WPS章节),1.0,0.0,
word怎么转换成excel,Excel,教程操作,通用,Excel·教程操作·通用,中关联(通用+WPS章节),0.274,0.0,
word表格转换成excel表格,Excel,教程操作,表格,Excel·教程操作·表格,中关联(通用+WPS章节),0.274,0.0,
keynote怎么转换成ppt,PPT,教程操作,通用,PPT·教程操作·通用,中关联(通用+WPS章节),1.0,0.0,
pdf编辑在线,PDF,教程操作,通用,PDF·教程操作·通用,中关联(通用+WPS章节),0.2212,0.0,
cad表格如何转换成excel表格,Excel,教程操作,表格,Excel·教程操作·表格,中关联(通用+WPS章节),0.274,0.0,
pdf编辑器免费,PDF,教程操作,通用,PDF·教程操作·通用,中关联(通用+WPS章节),0.2212,0.0,
excel怎么转换成word,Excel,教程操作,通用,Excel·教程操作·通用,中关联(通用+WPS章节),0.274,0.0,
word怎么去水印,Word,教程操作,水印,Word·教程操作·水印,中关联(通用+WPS章节),0.4224,0.0,
excel表格转换成word表格,Excel,教程操作,表格,Excel·教程操作·表格,中关联(通用+WPS章节),0.274,0.0,
免费的pdf编辑器,PDF,教程操作,通用,PDF·教程操作·通用,中关联(通用+WPS章节),0.2212,0.0,
pdf编辑免费,PDF,教程操作,通用,PDF·教程操作·通用,中关联(通用+WPS章节),0.2212,0.0,
jpg转换成word文档,Word,教程操作,通用,Word·教程操作·通用,中关联(通用+WPS章节),0.4224,0.0,
福昕pdf编辑器个人版,PDF,教程操作,通用,PDF·教程操作·通用,中关联(通用+WPS章节),0.2212,0.0,
pdf编辑器在线,PDF,教程操作,通用,PDF·教程操作·通用,中关联(通用+WPS章节),0.2212,0.0,
html转word,Word,品牌直达,转word,Word·品牌直达·转word,高关联(整篇WPS),0.4224,0.0,
pdf怎么去水印,PDF,教程操作,水印,PDF·教程操作·水印,中关联(通用+WPS章节),0.2212,0.0,
万兴pdf编辑器,PDF,教程操作,通用,PDF·教程操作·通用,中关联(通用+WPS章节),0.2212,0.0,
pdf编辑器 绿色版,PDF,教程操作,通用,PDF·教程操作·通用,中关联(通用+WPS章节),0.2212,0.0,
免费的pdf编辑软件,PDF,教程操作,通用,PDF·教程操作·通用,中关联(通用+WPS章节),0.2212,0.0,
txt转word,Word,品牌直达,转word,Word·品牌直达·转word,高关联(整篇WPS),0.4224,0.0,
福昕pdf编辑器破解版,PDF,教程操作,通用,PDF·教程操作·通用,中关联(通用+WPS章节),0.2212,0.0,
pdf去水印在线,PDF,教程操作,水印,PDF·教程操作·水印,中关联(通用+WPS章节),0.2212,0.0,
pdf去水印软件免费版,PDF,教程操作,水印,PDF·教程操作·水印,中关联(通用+WPS章节),0.2212,0.0,
照片转换成word文档,Word,教程操作,通用,Word·教程操作·通用,中关联(通用+WPS章节),0.4224,0.0,
latex转word,Word,品牌直达,转word,Word·品牌直达·转word,高关联(整篇WPS),0.4224,0.0,
ofd转word,Word,品牌直达,转word,Word·品牌直达·转word,高关联(整篇WPS),0.4224,0.0,
excel转换为数字,Excel,教程操作,通用,Excel·教程操作·通用,中关联(通用+WPS章节),0.274,0.0,
excel元转换成万元,Excel,教程操作,通用,Excel·教程操作·通用,中关联(通用+WPS章节),0.274,0.0,
key文件如何转换成ppt,PPT,教程操作,通用,PPT·教程操作·通用,中关联(通用+WPS章节),1.0,0.0,
ppt去水印,PPT,教程操作,水印,PPT·教程操作·水印,中关联(通用+WPS章节),1.0,0.0,
福昕pdf编辑器破解,PDF,教程操作,通用,PDF·教程操作·通用,中关联(通用+WPS章节),0.2212,0.0,
word文档怎么转换成excel,Excel,教程操作,通用,Excel·教程操作·通用,中关联(通用+WPS章节),0.274,0.0,
jpg转word,Word,品牌直达,转word,Word·品牌直达·转word,高关联(整篇WPS),0.4224,0.0,
PDF编辑破解版,PDF,教程操作,通用,PDF·教程操作·通用,中关联(通用+WPS章节),0.2212,0.0,
在线pdF去水印,PDF,教程操作,水印,PDF·教程操作·水印,中关联(通用+WPS章节),0.2212,0.0,
pdf免费去水印,PDF,教程操作,水印,PDF·教程操作·水印,中关联(通用+WPS章节),0.2212,0.0,
pdf编辑器绿色版,PDF,教程操作,通用,PDF·教程操作·通用,中关联(通用+WPS章节),0.2212,0.0,
免费pdf编辑工具,PDF,教程操作,通用,PDF·教程操作·通用,中关联(通用+WPS章节),0.2212,0.0,
ppt如何转换成word文档,PPT,教程操作,通用,PPT·教程操作·通用,中关联(通用+WPS章节),1.0,0.0,
如何将word转换成ppt,PPT,教程操作,通用,PPT·教程操作·通用,中关联(通用+WPS章节),1.0,0.0,
excel转换成word格式,Excel,教程操作,通用,Excel·教程操作·通用,中关联(通用+WPS章节),0.274,0.0,
jpg转excel,Excel,品牌直达,转excel,Excel·品牌直达·转excel,高关联(整篇WPS),0.274,0.0,
福昕高级pdf编辑器破解版,PDF,教程操作,通用,PDF·教程操作·通用,中关联(通用+WPS章节),0.2212,0.0,
福昕高级pdf编辑器激活码,PDF,教程操作,通用,PDF·教程操作·通用,中关联(通用+WPS章节),0.2212,0.0,
pdf如何去水印,PDF,教程操作,水印,PDF·教程操作·水印,中关联(通用+WPS章节),0.2212,0.0,
闪电pdf编辑器,PDF,教程操作,通用,PDF·教程操作·通用,中关联(通用+WPS章节),0.2212,0.0,
pdf编辑密码,PDF,教程操作,通用,PDF·教程操作·通用,中关联(通用+WPS章节),0.2212,0.0,
好用的pdf编辑软件,PDF,教程操作,通用,PDF·教程操作·通用,中关联(通用+WPS章节),0.2212,0.0,
excel表格转word,Excel,品牌直达,表格,Excel·品牌直达·表格,高关联(整篇WPS),0.274,0.0,
word如何去水印,Word,教程操作,水印,Word·教程操作·水印,中关联(通用+WPS章节),0.4224,0.0,
csv转excel,Excel,品牌直达,转excel,Excel·品牌直达·转excel,高关联(整篇WPS),0.274,0.0,
excel时间格式转换,Excel,教程操作,通用,Excel·教程操作·通用,中关联(通用+WPS章节),0.274,0.0,
mdb文件转换excel,Excel,教程操作,通用,Excel·教程操作·通用,中关联(通用+WPS章节),0.274,0.0,
pdf编辑器网页版,PDF,教程操作,通用,PDF·教程操作·通用,中关联(通用+WPS章节),0.2212,0.0,
福昕pdf编辑,PDF,教程操作,通用,PDF·教程操作·通用,中关联(通用+WPS章节),0.2212,0.0,
pdf编辑文字,PDF,教程操作,通用,PDF·教程操作·通用,中关联(通用+WPS章节),0.2212,0.0,
word表格怎么转换成excel表格,Excel,教程操作,表格,Excel·教程操作·表格,中关联(通用+WPS章节),0.274,0.0,
word文档转换成ppt,PPT,教程操作,通用,PPT·教程操作·通用,中关联(通用+WPS章节),1.0,0.0,
转word,Word,品牌直达,转word,Word·品牌直达·转word,高关联(整篇WPS),0.4224,0.0,
word转换excel,Excel,教程操作,通用,Excel·教程操作·通用,中关联(通用+WPS章节),0.274,0.0,
word文档去水印,Word,教程操作,水印,Word·教程操作·水印,中关联(通用+WPS章节),0.4224,0.0,
excel文本转换成数值,Excel,教程操作,通用,Excel·教程操作·通用,中关联(通用+WPS章节),0.274,0.0,
excel批量转换为数字,Excel,教程操作,通用,Excel·教程操作·通用,中关联(通用+WPS章节),0.274,0.0,
txt转换excel,Excel,教程操作,通用,Excel·教程操作·通用,中关联(通用+WPS章节),0.274,0.0,
pdf编辑免费软件,PDF,教程操作,通用,PDF·教程操作·通用,中关联(通用+WPS章节),0.2212,0.0,
如何将ppt转换成word文档,PPT,教程操作,通用,PPT·教程操作·通用,中关联(通用+WPS章节),1.0,0.0,
word一键转ppt,PPT,品牌直达,转ppt,PPT·品牌直达·转ppt,高关联(整篇WPS),1.0,0.0,
epub转word,Word,品牌直达,转word,Word·品牌直达·转word,高关联(整篇WPS),0.4224,0.0,
excel数字转换成文本,Excel,教程操作,通用,Excel·教程操作·通用,中关联(通用+WPS章节),0.274,0.0,
福昕pdf编辑器激活码,PDF,教程操作,通用,PDF·教程操作·通用,中关联(通用+WPS章节),0.2212,0.0,
pdf去水印工具,PDF,教程操作,水印,PDF·教程操作·水印,中关联(通用+WPS章节),0.2212,0.0,
word如何转换成excel,Excel,教程操作,通用,Excel·教程操作·通用,中关联(通用+WPS章节),0.274,0.0,
caj文件怎么转换成word文档,Word,教程操作,通用,Word·教程操作·通用,中关联(通用+WPS章节),0.4224,0.0,
word大小写转换,Word,教程操作,通用,Word·教程操作·通用,中关联(通用+WPS章节),0.4224,0.0,
txt怎么转换成excel,Excel,教程操作,通用,Excel·教程操作·通用,中关联(通用+WPS章节),0.274,0.0,
csv 转excel,Excel,品牌直达,转excel,Excel·品牌直达·转excel,高关联(整篇WPS),0.274,0.0,
excel数字转换成大写金额,Excel,教程操作,通用,Excel·教程操作·通用,中关联(通用+WPS章节),0.274,0.0,
excel大小写转换,Excel,教程操作,通用,Excel·教程操作·通用,中关联(通用+WPS章节),0.274,0.0,
excel去水印,Excel,教程操作,水印,Excel·教程操作·水印,中关联(通用+WPS章节),0.274,0.0,
福昕PDF编辑器,PDF,教程操作,通用,PDF·教程操作·通用,中关联(通用+WPS章节),0.2212,0.0,
迅捷pdf编辑,PDF,教程操作,通用,PDF·教程操作·通用,中关联(通用+WPS章节),0.2212,0.0,
迅捷pdf编辑器下载,PDF,教程操作,下载,PDF·教程操作·下载,中关联(通用+WPS章节),0.2212,0.0,
极速pdf编辑器破解版,PDF,教程操作,通用,PDF·教程操作·通用,中关联(通用+WPS章节),0.2212,0.0,
pdf编辑器下载,PDF,教程操作,下载,PDF·教程操作·下载,中关联(通用+WPS章节),0.2212,0.0,
word转换器,Word,教程操作,通用,Word·教程操作·通用,中关联(通用+WPS章节),0.4224,0.0,
ppt转换成word,PPT,教程操作,通用,PPT·教程操作·通用,中关联(通用+WPS章节),1.0,0.0,
word怎么转换成ppt,PPT,教程操作,通用,PPT·教程操作·通用,中关联(通用+WPS章节),1.0,0.0,
word文档怎么去水印,Word,教程操作,水印,Word·教程操作·水印,中关联(通用+WPS章节),0.4224,0.0,
excel怎么转word,Excel,教程操作,转word,Excel·教程操作·转word,中关联(通用+WPS章节),0.274,0.0,
word转换ppt,PPT,教程操作,通用,PPT·教程操作·通用,中关联(通用+WPS章节),1.0,0.0,
word表格转excel,Excel,品牌直达,表格,Excel·品牌直达·表格,高关联(整篇WPS),0.274,0.0,
网页转word,Word,品牌直达,转word,Word·品牌直达·转word,高关联(整篇WPS),0.4224,0.0,
excel转ppt,PPT,品牌直达,转ppt,PPT·品牌直达·转ppt,高关联(整篇WPS),1.0,0.0,
key转换成ppt,PPT,教程操作,通用,PPT·教程操作·通用,中关联(通用+WPS章节),1.0,0.0,
pdf编辑器,PDF,教程操作,通用,PDF·教程操作·通用,中关联(通用+WPS章节),0.2212,0.0,
迅捷pdf编辑器,PDF,教程操作,通用,PDF·教程操作·通用,中关联(通用+WPS章节),0.2212,0.0,
pdf编辑,PDF,教程操作,通用,PDF·教程操作·通用,中关联(通用+WPS章节),0.2212,0.0,
福昕高级pdf编辑器,PDF,教程操作,通用,PDF·教程操作·通用,中关联(通用+WPS章节),0.2212,0.0,
pdf编辑软件,PDF,教程操作,通用,PDF·教程操作·通用,中关联(通用+WPS章节),0.2212,0.0,
word怎么转ppt,PPT,教程操作,转ppt,PPT·教程操作·转ppt,中关联(通用+WPS章节),1.0,0.0,
word转换,Word,教程操作,通用,Word·教程操作·通用,中关联(通用+WPS章节),0.4224,0.0,
word如何转换成ppt,PPT,教程操作,通用,PPT·教程操作·通用,中关联(通用+WPS章节),1.0,0.0,
照片转word,Word,品牌直达,转word,Word·品牌直达·转word,高关联(整篇WPS),0.4224,0.0,
word文档转ppt,PPT,品牌直达,转ppt,PPT·品牌直达·转ppt,高关联(整篇WPS),1.0,0.0,
word简体字转换繁体字,Word,教程操作,通用,Word·教程操作·通用,中关联(通用+WPS章节),0.4224,0.0,
wps合并pdf,PDF,教程操作,合并,PDF·教程操作·合并,中关联(通用+WPS章节),0.2212,0.0,B
wps插入pdf,PDF,教程操作,通用,PDF·教程操作·通用,中关联(通用+WPS章节),0.2212,0.0,B
wps编辑pdf,PDF,教程操作,通用,PDF·教程操作·通用,中关联(通用+WPS章节),0.2212,0.0,B
wps压缩pdf,PDF,教程操作,通用,PDF·教程操作·通用,中关联(通用+WPS章节),0.2212,0.0,B
wps转word,Word,品牌直达,转word,Word·品牌直达·转word,高关联(整篇WPS),0.4224,0.0,A
wps怎么插入pdf,PDF,教程操作,通用,PDF·教程操作·通用,中关联(通用+WPS章节),0.2212,0.0,C
wps转换成excel,Excel,教程操作,通用,Excel·教程操作·通用,中关联(通用+WPS章节),0.274,0.0,B
PDF怎么转Word,PDF,教程操作,转word,PDF·教程操作·转word,中关联(通用+WPS章节),0.2212,0.0,S
Word转PPT,PPT,品牌直达,转ppt,PPT·品牌直达·转ppt,高关联(整篇WPS),1.0,0.0,A
PPT转Word,PPT,品牌直达,转word,PPT·品牌直达·转word,高关联(整篇WPS),1.0,0.0,A
PPT转视频,PPT,品牌直达,通用,PPT·品牌直达·通用,高关联(整篇WPS),1.0,0.0,A
Excel转PPT,PPT,品牌直达,转ppt,PPT·品牌直达·转ppt,高关联(整篇WPS),1.0,0.0,A
Excel转Word,Excel,品牌直达,转word,Excel·品牌直达·转word,高关联(整篇WPS),0.274,0.0,A
WPS PDF转Word怎么操作,PDF,教程操作,转word,PDF·教程操作·转word,中关联(通用+WPS章节),0.2212,0.0,A
Word文档打不开怎么办,Word,教程操作,打不开,Word·教程操作·打不开,中关联(通用+WPS章节),0.4224,0.0,A
WPS转PDF,PDF,品牌直达,通用,PDF·品牌直达·通用,高关联(整篇WPS),0.2212,0.0,A
WPS文件怎么转换成Word,Word,教程操作,通用,Word·教程操作·通用,中关联(通用+WPS章节),0.4224,0.0,A
WPS怎么合并PDF,PDF,教程操作,合并,PDF·教程操作·合并,中关联(通用+WPS章节),0.2212,0.0,A
WPS表格怎么转Excel,Excel,教程操作,表格,Excel·教程操作·表格,中关联(通用+WPS章节),0.274,0.0,A
Word转PPT怎么操作,PPT,教程操作,转ppt,PPT·教程操作·转ppt,中关联(通用+WPS章节),1.0,0.0,B
PPT转Word怎么操作,PPT,教程操作,转word,PPT·教程操作·转word,中关联(通用+WPS章节),1.0,0.0,B
PPT转视频怎么操作,PPT,教程操作,通用,PPT·教程操作·通用,中关联(通用+WPS章节),1.0,0.0,B
WPS怎么编辑PDF,PDF,教程操作,通用,PDF·教程操作·通用,中关联(通用+WPS章节),0.2212,0.0,B
Excel转PPT怎么操作,PPT,教程操作,转ppt,PPT·教程操作·转ppt,中关联(通用+WPS章节),1.0,0.0,B
Excel转Word怎么操作,Excel,教程操作,转word,Excel·教程操作·转word,中关联(通用+WPS章节),0.274,0.0,B
WPS怎么Word转PPT,PPT,教程操作,转ppt,PPT·教程操作·转ppt,中关联(通用+WPS章节),1.0,0.0,B
Word转PPT免费方法,PPT,教程操作,转ppt,PPT·教程操作·转ppt,中关联(通用+WPS章节),1.0,0.0,B
WPS图片转PDF,PDF,教程操作,通用,PDF·教程操作·通用,中关联(通用+WPS章节),0.2212,0.0,B
PPT转Word免费方法,PPT,教程操作,转word,PPT·教程操作·转word,中关联(通用+WPS章节),1.0,0.0,B
PPT转视频免费方法,PPT,教程操作,通用,PPT·教程操作·通用,中关联(通用+WPS章节),1.0,0.0,B
WPS怎么PPT转Word,PPT,教程操作,转word,PPT·教程操作·转word,中关联(通用+WPS章节),1.0,0.0,B
WPS怎么PPT转视频,PPT,教程操作,通用,PPT·教程操作·通用,中关联(通用+WPS章节),1.0,0.0,B
Excel转PPT免费方法,PPT,教程操作,转ppt,PPT·教程操作·转ppt,中关联(通用+WPS章节),1.0,0.0,B
Excel转Word免费方法,Excel,教程操作,转word,Excel·教程操作·转word,中关联(通用+WPS章节),0.274,0.0,B
WPS怎么Excel转PPT,PPT,教程操作,转ppt,PPT·教程操作·转ppt,中关联(通用+WPS章节),1.0,0.0,B
WPS怎么Excel转Word,Excel,教程操作,转word,Excel·教程操作·转word,中关联(通用+WPS章节),0.274,0.0,B
wps pdf转图片,PDF,教程操作,通用,PDF·教程操作·通用,中关联(通用+WPS章节),0.2212,0.0,B
wps图片转文字,Word,教程操作,通用,Word·教程操作·通用,中关联(通用+WPS章节),0.4224,0.0,B
wps怎么旋转图片,WPS综合,教程操作,通用,WPS综合·教程操作·通用,中关联(通用+WPS章节),0.8135,0.0,B
wps怎么转pdf,PDF,教程操作,通用,PDF·教程操作·通用,中关联(通用+WPS章节),0.2212,0.0,B
wps怎么转word,Word,教程操作,转word,Word·教程操作·转word,中关联(通用+WPS章节),0.4224,0.0,B
wps旋转pdf,PDF,教程操作,通用,PDF·教程操作·通用,中关联(通用+WPS章节),0.2212,0.0,B
wps旋转图片,WPS综合,教程操作,通用,WPS综合·教程操作·通用,中关联(通用+WPS章节),0.8135,0.0,B
wps转excel,Excel,品牌直达,转excel,Excel·品牌直达·转excel,高关联(整篇WPS),0.274,0.0,B
wps转ppt,PPT,品牌直达,转ppt,PPT·品牌直达·转ppt,高关联(整篇WPS),1.0,0.0,B
wps转图片,WPS综合,教程操作,通用,WPS综合·教程操作·通用,中关联(通用+WPS章节),0.8135,0.0,B
wps转换成word,Word,教程操作,通用,Word·教程操作·通用,中关联(通用+WPS章节),0.4224,0.0,B
wps pdf转ppt,PDF,品牌直达,转ppt,PDF·品牌直达·转ppt,高关联(整篇WPS),0.2212,0.0,C
wps word转pdf怎么转,PDF,教程操作,通用,PDF·教程操作·通用,中关联(通用+WPS章节),0.2212,0.0,C
wps可以编辑pdf文件吗,PDF,教程操作,通用,PDF·教程操作·通用,中关联(通用+WPS章节),0.2212,0.0,C
wps合并pdf文件,PDF,教程操作,合并,PDF·教程操作·合并,中关联(通用+WPS章节),0.2212,0.0,C
wps图片转换成文字,Word,教程操作,通用,Word·教程操作·通用,中关联(通用+WPS章节),0.4224,0.0,C
wps图片转表格,Excel,教程操作,表格,Excel·教程操作·表格,中关联(通用+WPS章节),0.274,0.0,C
wps如何插入pdf,PDF,教程操作,通用,PDF·教程操作·通用,中关联(通用+WPS章节),0.2212,0.0,C
wps如何旋转图片,WPS综合,教程操作,通用,WPS综合·教程操作·通用,中关联(通用+WPS章节),0.8135,0.0,C
wps如何转pdf,PDF,教程操作,通用,PDF·教程操作·通用,中关联(通用+WPS章节),0.2212,0.0,C
wps怎么保存成图片,WPS综合,教程操作,通用,WPS综合·教程操作·通用,中关联(通用+WPS章节),0.8135,0.0,C
wps怎么图片转文字,Word,教程操作,通用,Word·教程操作·通用,中关联(通用+WPS章节),0.4224,0.0,C
wps怎么把图片转换成文字,Word,教程操作,通用,Word·教程操作·通用,中关联(通用+WPS章节),0.4224,0.0,C
wps怎么旋转pdf,PDF,教程操作,通用,PDF·教程操作·通用,中关联(通用+WPS章节),0.2212,0.0,C
wps怎么转换成excel,Excel,教程操作,通用,Excel·教程操作·通用,中关联(通用+WPS章节),0.274,0.0,C
wps把pdf转换成word,PDF,教程操作,通用,PDF·教程操作·通用,中关联(通用+WPS章节),0.2212,0.0,C
wps文字转图片,Word,教程操作,通用,Word·教程操作·通用,中关联(通用+WPS章节),0.4224,0.0,C
wps文档怎么转换成word文档,Word,教程操作,通用,Word·教程操作·通用,中关联(通用+WPS章节),0.4224,0.0,C
wps表格转pdf,PDF,品牌直达,表格,PDF·品牌直达·表格,高关联(整篇WPS),0.2212,0.0,C
wps表格转word,Excel,品牌直达,表格,Excel·品牌直达·表格,高关联(整篇WPS),0.274,0.0,C
wps表格转图片,Excel,教程操作,表格,Excel·教程操作·表格,中关联(通用+WPS章节),0.274,0.0,C
wps转ppt怎么转,PPT,教程操作,转ppt,PPT·教程操作·转ppt,中关联(通用+WPS章节),1.0,0.0,C
如何将wps转换成word,Word,教程操作,通用,Word·教程操作·通用,中关联(通用+WPS章节),0.4224,0.0,C
如何把wps转换成word,Word,教程操作,通用,Word·教程操作·通用,中关联(通用+WPS章节),0.4224,0.0,C
怎么把wps转换成excel,Excel,教程操作,通用,Excel·教程操作·通用,中关联(通用+WPS章节),0.274,0.0,C
怎么把wps转换成word,Word,教程操作,通用,Word·教程操作·通用,中关联(通用+WPS章节),0.4224,0.0,C
手机wps怎么转换成word,Word,教程操作,通用,Word·教程操作·通用,中关联(通用+WPS章节),0.4224,0.0,C
把wps文档转换成word,Word,教程操作,通用,Word·教程操作·通用,中关联(通用+WPS章节),0.4224,0.0,C
ppt模板,PPT,模板获取,模板,PPT·模板获取·模板,中关联(通用+WPS章节),1.0,69693.0,
免费ppt模板,PPT,模板获取,模板,PPT·模板获取·模板,中关联(通用+WPS章节),1.0,0.0,
优品ppt模板免费下载,PPT,模板获取,模板,PPT·模板获取·模板,中关联(通用+WPS章节),1.0,0.0,
ppt模板免费网站,PPT,模板获取,模板,PPT·模板获取·模板,中关联(通用+WPS章节),1.0,0.0,
ppt模板免费,PPT,模板获取,模板,PPT·模板获取·模板,中关联(通用+WPS章节),1.0,0.0,
自我介绍ppt模板,PPT,模板获取,模板,PPT·模板获取·模板,中关联(通用+WPS章节),1.0,0.0,
ppt模板制作,PPT,教程操作,模板,PPT·教程操作·模板,中关联(通用+WPS章节),1.0,24487.0,
ppt模板下载,PPT,模板获取,模板,PPT·模板获取·模板,中关联(通用+WPS章节),1.0,0.0,
ppt背景模板,PPT,模板获取,模板,PPT·模板获取·模板,中关联(通用+WPS章节),1.0,2625.0,
毕业答辩ppt模板,PPT,模板获取,模板,PPT·模板获取·模板,中关联(通用+WPS章节),1.0,0.0,
大学生职业规划ppt模板,PPT,模板获取,模板,PPT·模板获取·模板,中关联(通用+WPS章节),1.0,0.0,
免费的ppt模板下载网站,PPT,模板获取,模板,PPT·模板获取·模板,中关联(通用+WPS章节),1.0,0.0,
职业生涯规划ppt模板免费,PPT,模板获取,模板,PPT·模板获取·模板,中关联(通用+WPS章节),1.0,0.0,
第一ppt模板网免费下载,PPT,模板获取,模板,PPT·模板获取·模板,中关联(通用+WPS章节),1.0,0.0,
51ppt模板网官网,PPT,模板获取,模板,PPT·模板获取·模板,中关联(通用+WPS章节),1.0,0.0,
ppt时间轴模板,PPT,模板获取,模板,PPT·模板获取·模板,中关联(通用+WPS章节),1.0,0.0,
免费ppt模板大全,PPT,模板获取,模板,PPT·模板获取·模板,中关联(通用+WPS章节),1.0,0.0,
免费ppt模板网站,PPT,模板获取,模板,PPT·模板获取·模板,中关联(通用+WPS章节),1.0,0.0,
年度总结ppt模板,PPT,模板获取,模板,PPT·模板获取·模板,中关联(通用+WPS章节),1.0,0.0,
第一ppt免费模板下载,PPT,模板获取,模板,PPT·模板获取·模板,中关联(通用+WPS章节),1.0,0.0,
说课ppt模板,PPT,模板获取,模板,PPT·模板获取·模板,中关联(通用+WPS章节),1.0,0.0,
个人简介ppt模板,PPT,模板获取,模板,PPT·模板获取·模板,中关联(通用+WPS章节),1.0,0.0,
春节ppt模板,PPT,模板获取,模板,PPT·模板获取·模板,中关联(通用+WPS章节),1.0,0.0,
ppt模板下载网站,PPT,模板获取,模板,PPT·模板获取·模板,中关联(通用+WPS章节),1.0,0.0,
求职ppt模板,PPT,模板获取,模板,PPT·模板获取·模板,中关联(通用+WPS章节),1.0,0.0,
国风ppt模板,PPT,模板获取,模板,PPT·模板获取·模板,中关联(通用+WPS章节),1.0,0.0,
时间轴ppt模板,PPT,模板获取,模板,PPT·模板获取·模板,中关联(通用+WPS章节),1.0,0.0,
红色ppt模板免费下载,PPT,模板获取,模板,PPT·模板获取·模板,中关联(通用+WPS章节),1.0,0.0,
答辩ppt模板,PPT,模板获取,模板,PPT·模板获取·模板,中关联(通用+WPS章节),1.0,0.0,
ppt目录模板,PPT,教程操作,目录,PPT·教程操作·目录,中关联(通用+WPS章节),1.0,0.0,
免费的ppt模板网站,PPT,模板获取,模板,PPT·模板获取·模板,中关联(通用+WPS章节),1.0,0.0,
竞聘ppt模板,PPT,模板获取,模板,PPT·模板获取·模板,中关联(通用+WPS章节),1.0,0.0,
个人介绍模板ppt,PPT,模板获取,模板,PPT·模板获取·模板,中关联(通用+WPS章节),1.0,0.0,
ppt免费模板网站,PPT,模板获取,模板,PPT·模板获取·模板,中关联(通用+WPS章节),1.0,0.0,
西游记ppt免费模板,PPT,模板获取,模板,PPT·模板获取·模板,中关联(通用+WPS章节),1.0,0.0,
好书推荐ppt模板,PPT,模板获取,模板,PPT·模板获取·模板,中关联(通用+WPS章节),1.0,0.0,
开题答辩ppt模板,PPT,模板获取,模板,PPT·模板获取·模板,中关联(通用+WPS章节),1.0,0.0,
开题答辩ppt模板免费,PPT,模板获取,模板,PPT·模板获取·模板,中关联(通用+WPS章节),1.0,0.0,
人物介绍ppt模板,PPT,模板获取,模板,PPT·模板获取·模板,中关联(通用+WPS章节),1.0,0.0,
答辩ppt免费模板,PPT,模板获取,模板,PPT·模板获取·模板,中关联(通用+WPS章节),1.0,0.0,
中国风ppt模板免费,PPT,模板获取,模板,PPT·模板获取·模板,中关联(通用+WPS章节),1.0,0.0,
红色背景ppt模板,PPT,模板获取,模板,PPT·模板获取·模板,中关联(通用+WPS章节),1.0,0.0,
免费ppt模板网,PPT,模板获取,模板,PPT·模板获取·模板,中关联(通用+WPS章节),1.0,0.0,
51ppt模板,PPT,模板获取,模板,PPT·模板获取·模板,中关联(通用+WPS章节),1.0,0.0,
51ppt模板网,PPT,模板获取,模板,PPT·模板获取·模板,中关联(通用+WPS章节),1.0,0.0,
第一ppt模板网,PPT,模板获取,模板,PPT·模板获取·模板,中关联(通用+WPS章节),1.0,0.0,
开题报告答辩ppt模板,PPT,模板获取,模板,PPT·模板获取·模板,中关联(通用+WPS章节),1.0,0.0,
ppt模板图片,PPT,教程操作,模板,PPT·教程操作·模板,中关联(通用+WPS章节),1.0,0.0,
公司简介ppt模板,PPT,模板获取,模板,PPT·模板获取·模板,中关联(通用+WPS章节),1.0,0.0,
职业生涯规划ppt免费模板,PPT,模板获取,模板,PPT·模板获取·模板,中关联(通用+WPS章节),1.0,0.0,
免费ppt模板下载网站,PPT,模板获取,模板,PPT·模板获取·模板,中关联(通用+WPS章节),1.0,0.0,
ppt模板背景图,PPT,模板获取,模板,PPT·模板获取·模板,中关联(通用+WPS章节),1.0,0.0,
精美ppt模板,PPT,模板获取,模板,PPT·模板获取·模板,中关联(通用+WPS章节),1.0,0.0,
自我介绍ppt模板免费下载,PPT,模板获取,模板,PPT·模板获取·模板,中关联(通用+WPS章节),1.0,0.0,
岗位竞聘ppt模板,PPT,模板获取,模板,PPT·模板获取·模板,中关联(通用+WPS章节),1.0,0.0,
ppt自我介绍模板,PPT,模板获取,模板,PPT·模板获取·模板,中关联(通用+WPS章节),1.0,0.0,
公司介绍ppt模板,PPT,模板获取,模板,PPT·模板获取·模板,中关联(通用+WPS章节),1.0,0.0,
ppt模板库,PPT,模板获取,模板,PPT·模板获取·模板,中关联(通用+WPS章节),1.0,0.0,
简约ppt模板,PPT,模板获取,模板,PPT·模板获取·模板,中关联(通用+WPS章节),1.0,0.0,
swot分析ppt模板,PPT,模板获取,模板,PPT·模板获取·模板,中关联(通用+WPS章节),1.0,0.0,
我的家乡ppt模板免费下载,PPT,模板获取,模板,PPT·模板获取·模板,中关联(通用+WPS章节),1.0,0.0,
免费模板ppt下载,PPT,模板获取,模板,PPT·模板获取·模板,中关联(通用+WPS章节),1.0,0.0,
大队委竞选ppt模板免费,PPT,模板获取,模板,PPT·模板获取·模板,中关联(通用+WPS章节),1.0,0.0,
红色ppt模板,PPT,模板获取,模板,PPT·模板获取·模板,中关联(通用+WPS章节),1.0,0.0,
开题报告ppt模板,PPT,模板获取,模板,PPT·模板获取·模板,中关联(通用+WPS章节),1.0,0.0,
免费的ppt模板,PPT,模板获取,模板,PPT·模板获取·模板,中关联(通用+WPS章节),1.0,0.0,
元旦ppt模板免费下载,PPT,模板获取,模板,PPT·模板获取·模板,中关联(通用+WPS章节),1.0,0.0,
模板ppt免费,PPT,模板获取,模板,PPT·模板获取·模板,中关联(通用+WPS章节),1.0,0.0,
动态ppt模板,PPT,模板获取,模板,PPT·模板获取·模板,中关联(通用+WPS章节),1.0,0.0,
大学生职业生涯规划ppt模板免费,PPT,模板获取,模板,PPT·模板获取·模板,中关联(通用+WPS章节),1.0,0.0,
儿童成长档案ppt模板免费,PPT,模板获取,模板,PPT·模板获取·模板,中关联(通用+WPS章节),1.0,0.0,
熊猫ppt模板,PPT,模板获取,模板,PPT·模板获取·模板,中关联(通用+WPS章节),1.0,0.0,
党课ppt模板,PPT,模板获取,模板,PPT·模板获取·模板,中关联(通用+WPS章节),1.0,0.0,
读书分享ppt模板,PPT,教程操作,模板,PPT·教程操作·模板,中关联(通用+WPS章节),1.0,0.0,
幼儿园ppt模板,PPT,模板获取,模板,PPT·模板获取·模板,中关联(通用+WPS章节),1.0,0.0,
模板ppt,PPT,模板获取,模板,PPT·模板获取·模板,中关联(通用+WPS章节),1.0,0.0,
ppt制作模板,PPT,教程操作,模板,PPT·教程操作·模板,中关联(通用+WPS章节),1.0,0.0,
ppt模板下载免费,PPT,模板获取,模板,PPT·模板获取·模板,中关联(通用+WPS章节),1.0,0.0,
大学生职业生涯规划ppt模板,PPT,模板获取,模板,PPT·模板获取·模板,中关联(通用+WPS章节),1.0,0.0,
ppt模板网,PPT,模板获取,模板,PPT·模板获取·模板,中关联(通用+WPS章节),1.0,0.0,
英语ppt模板,PPT,模板获取,模板,PPT·模板获取·模板,中关联(通用+WPS章节),1.0,0.0,
优品ppt模板,PPT,模板获取,模板,PPT·模板获取·模板,中关联(通用+WPS章节),1.0,0.0,
极简办公ppt模板下载,PPT,模板获取,模板,PPT·模板获取·模板,中关联(通用+WPS章节),1.0,0.0,
论文开题报告ppt模板,PPT,模板获取,模板,PPT·模板获取·模板,中关联(通用+WPS章节),1.0,0.0,
ppt模板素材,PPT,模板获取,模板,PPT·模板获取·模板,中关联(通用+WPS章节),1.0,0.0,
年会ppt模板,PPT,模板获取,模板,PPT·模板获取·模板,中关联(通用+WPS章节),1.0,0.0,
优品ppt模板网免费下载,PPT,模板获取,模板,PPT·模板获取·模板,中关联(通用+WPS章节),1.0,0.0,
免费全套模板ppt,PPT,模板获取,模板,PPT·模板获取·模板,中关联(通用+WPS章节),1.0,0.0,
可爱ppt模板,PPT,模板获取,模板,PPT·模板获取·模板,中关联(通用+WPS章节),1.0,0.0,
快闪ppt模板免费,PPT,模板获取,模板,PPT·模板获取·模板,中关联(通用+WPS章节),1.0,0.0,
ppt免费模板,PPT,模板获取,模板,PPT·模板获取·模板,中关联(通用+WPS章节),1.0,0.0,
我的家乡ppt模板,PPT,模板获取,模板,PPT·模板获取·模板,中关联(通用+WPS章节),1.0,0.0,
生日ppt模板下载免费,PPT,模板获取,模板,PPT·模板获取·模板,中关联(通用+WPS章节),1.0,0.0,
商务ppt模板,PPT,模板获取,模板,PPT·模板获取·模板,中关联(通用+WPS章节),1.0,0.0,
演讲ppt模板,PPT,模板获取,模板,PPT·模板获取·模板,中关联(通用+WPS章节),1.0,0.0,
实习报告ppt模板,PPT,模板获取,模板,PPT·模板获取·模板,中关联(通用+WPS章节),1.0,0.0,
职业生涯规划ppt模板,PPT,模板获取,模板,PPT·模板获取·模板,中关联(通用+WPS章节),1.0,0.0,
工作总结ppt免费模板,PPT,模板获取,模板,PPT·模板获取·模板,中关联(通用+WPS章节),1.0,0.0,
古风ppt模板,PPT,模板获取,模板,PPT·模板获取·模板,中关联(通用+WPS章节),1.0,0.0,
竞聘演讲ppt模板,PPT,模板获取,模板,PPT·模板获取·模板,中关联(通用+WPS章节),1.0,0.0,
免费下载ppt模板,PPT,模板获取,模板,PPT·模板获取·模板,中关联(通用+WPS章节),1.0,0.0,
圣诞ppt模板免费下载,PPT,模板获取,模板,PPT·模板获取·模板,中关联(通用+WPS章节),1.0,0.0,
ppt模板网站,PPT,模板获取,模板,PPT·模板获取·模板,中关联(通用+WPS章节),1.0,0.0,
ppt素材模板,PPT,模板获取,模板,PPT·模板获取·模板,中关联(通用+WPS章节),1.0,0.0,
第一ppt模板,PPT,模板获取,模板,PPT·模板获取·模板,中关联(通用+WPS章节),1.0,0.0,
家长会ppt模板免费下载,PPT,模板获取,模板,PPT·模板获取·模板,中关联(通用+WPS章节),1.0,0.0,
ppt主题模板,PPT,模板获取,模板,PPT·模板获取·模板,中关联(通用+WPS章节),1.0,0.0,
西游记ppt模板,PPT,模板获取,模板,PPT·模板获取·模板,中关联(通用+WPS章节),1.0,0.0,
小学生ppt模板,PPT,模板获取,模板,PPT·模板获取·模板,中关联(通用+WPS章节),1.0,0.0,
百度文库ppt模板,PPT,模板获取,模板,PPT·模板获取·模板,中关联(通用+WPS章节),1.0,0.0,
个人介绍ppt免费模板,PPT,模板获取,模板,PPT·模板获取·模板,中关联(通用+WPS章节),1.0,0.0,
ppt图表模板,PPT,教程操作,图表,PPT·教程操作·图表,中关联(通用+WPS章节),1.0,0.0,
茶文化ppt模板,PPT,模板获取,模板,PPT·模板获取·模板,中关联(通用+WPS章节),1.0,0.0,
科技感ppt模板,PPT,模板获取,模板,PPT·模板获取·模板,中关联(通用+WPS章节),1.0,0.0,
党课ppt模板免费下载,PPT,模板获取,模板,PPT·模板获取·模板,中关联(通用+WPS章节),1.0,0.0,
春节ppt模板免费下载,PPT,模板获取,模板,PPT·模板获取·模板,中关联(通用+WPS章节),1.0,0.0,
好看的ppt模板免费,PPT,模板获取,模板,PPT·模板获取·模板,中关联(通用+WPS章节),1.0,0.0,
昆虫记ppt模板,PPT,模板获取,模板,PPT·模板获取·模板,中关联(通用+WPS章节),1.0,0.0,
ppt个人介绍模板,PPT,模板获取,模板,PPT·模板获取·模板,中关联(通用+WPS章节),1.0,0.0,
说课ppt模板免费下载,PPT,模板获取,模板,PPT·模板获取·模板,中关联(通用+WPS章节),1.0,0.0,
上海交通大学ppt模板,PPT,模板获取,模板,PPT·模板获取·模板,中关联(通用+WPS章节),1.0,0.0,
西安交通大学ppt模板,PPT,模板获取,模板,PPT·模板获取·模板,中关联(通用+WPS章节),1.0,0.0,
旅游ppt模板,PPT,模板获取,模板,PPT·模板获取·模板,中关联(通用+WPS章节),1.0,0.0,
ppt模板在哪里找,PPT,模板获取,模板,PPT·模板获取·模板,中关联(通用+WPS章节),1.0,0.0,
蓝色ppt模板,PPT,模板获取,模板,PPT·模板获取·模板,中关联(通用+WPS章节),1.0,0.0,
数学ppt模板,PPT,模板获取,模板,PPT·模板获取·模板,中关联(通用+WPS章节),1.0,0.0,
年会ppt模板下载,PPT,模板获取,模板,PPT·模板获取·模板,中关联(通用+WPS章节),1.0,0.0,
开题报告ppt模板免费,PPT,模板获取,模板,PPT·模板获取·模板,中关联(通用+WPS章节),1.0,0.0,
幼儿园ppt模板下载,PPT,模板获取,模板,PPT·模板获取·模板,中关联(通用+WPS章节),1.0,0.0,
红色主题ppt模板,PPT,模板获取,模板,PPT·模板获取·模板,中关联(通用+WPS章节),1.0,0.0,
ppt免费模板下载大全,PPT,模板获取,模板,PPT·模板获取·模板,中关联(通用+WPS章节),1.0,0.0,
元旦联欢会ppt模板,PPT,模板获取,模板,PPT·模板获取·模板,中关联(通用+WPS章节),1.0,0.0,
面试ppt模板免费,PPT,模板获取,模板,PPT·模板获取·模板,中关联(通用+WPS章节),1.0,0.0,
清华大学ppt模板,PPT,模板获取,模板,PPT·模板获取·模板,中关联(通用+WPS章节),1.0,0.0,
ppt模板免费下载,PPT,模板获取,模板,PPT·模板获取·模板,中关联(通用+WPS章节),1.0,0.0,
第一ppt模板免费下载,PPT,模板获取,模板,PPT·模板获取·模板,中关联(通用+WPS章节),1.0,0.0,
免费ppt模板素材网站,PPT,模板获取,模板,PPT·模板获取·模板,中关联(通用+WPS章节),1.0,0.0,
颁奖ppt模板,PPT,模板获取,模板,PPT·模板获取·模板,中关联(通用+WPS章节),1.0,0.0,
第一模板ppt,PPT,模板获取,模板,PPT·模板获取·模板,中关联(通用+WPS章节),1.0,0.0,
组织架构ppt模板,PPT,模板获取,模板,PPT·模板获取·模板,中关联(通用+WPS章节),1.0,0.0,
红色ppt模板免费,PPT,模板获取,模板,PPT·模板获取·模板,中关联(通用+WPS章节),1.0,0.0,
年度计划ppt模板,PPT,模板获取,模板,PPT·模板获取·模板,中关联(通用+WPS章节),1.0,0.0,
党建ppt免费模板,PPT,模板获取,模板,PPT·模板获取·模板,中关联(通用+WPS章节),1.0,0.0,
甘特图ppt模板,PPT,模板获取,模板,PPT·模板获取·模板,中关联(通用+WPS章节),1.0,0.0,
竖版ppt模板,PPT,模板获取,模板,PPT·模板获取·模板,中关联(通用+WPS章节),1.0,0.0,
元旦ppt模板,PPT,模板获取,模板,PPT·模板获取·模板,中关联(通用+WPS章节),1.0,0.0,
商务ppt模板免费,PPT,模板获取,模板,PPT·模板获取·模板,中关联(通用+WPS章节),1.0,0.0,
ppt箭头模板,PPT,模板获取,模板,PPT·模板获取·模板,中关联(通用+WPS章节),1.0,0.0,
水墨画ppt模板,PPT,模板获取,模板,PPT·模板获取·模板,中关联(通用+WPS章节),1.0,0.0,
ppt模板大全免费下载,PPT,模板获取,模板,PPT·模板获取·模板,中关联(通用+WPS章节),1.0,0.0,
创新创业ppt模板免费,PPT,模板获取,模板,PPT·模板获取·模板,中关联(通用+WPS章节),1.0,0.0,
学生会纪检部ppt模板,PPT,模板获取,模板,PPT·模板获取·模板,中关联(通用+WPS章节),1.0,0.0,
ppt模板大全,PPT,模板获取,模板,PPT·模板获取·模板,中关联(通用+WPS章节),1.0,0.0,
工作总结ppt模板,PPT,模板获取,模板,PPT·模板获取·模板,中关联(通用+WPS章节),1.0,0.0,
职业规划ppt模板,PPT,模板获取,模板,PPT·模板获取·模板,中关联(通用+WPS章节),1.0,0.0,
中国风ppt模板,PPT,模板获取,模板,PPT·模板获取·模板,中关联(通用+WPS章节),1.0,0.0,
元旦晚会ppt模板,PPT,模板获取,模板,PPT·模板获取·模板,中关联(通用+WPS章节),1.0,0.0,
鱼骨图ppt模板免费,PPT,模板获取,模板,PPT·模板获取·模板,中关联(通用+WPS章节),1.0,0.0,
免费模板ppt,PPT,模板获取,模板,PPT·模板获取·模板,中关联(通用+WPS章节),1.0,0.0,
家乡ppt模板,PPT,模板获取,模板,PPT·模板获取·模板,中关联(通用+WPS章节),1.0,0.0,
ppt模板百度网盘,PPT,模板获取,模板,PPT·模板获取·模板,中关联(通用+WPS章节),1.0,0.0,
简约ppt模板免费,PPT,模板获取,模板,PPT·模板获取·模板,中关联(通用+WPS章节),1.0,0.0,
医学ppt模板,PPT,模板获取,模板,PPT·模板获取·模板,中关联(通用+WPS章节),1.0,0.0,
生日ppt模板,PPT,模板获取,模板,PPT·模板获取·模板,中关联(通用+WPS章节),1.0,0.0,
公安ppt模板,PPT,模板获取,模板,PPT·模板获取·模板,中关联(通用+WPS章节),1.0,0.0,
包图网ppt模板,PPT,模板获取,模板,PPT·模板获取·模板,中关联(通用+WPS章节),1.0,0.0,
退休欢送会ppt模板,PPT,模板获取,模板,PPT·模板获取·模板,中关联(通用+WPS章节),1.0,0.0,
ppt高级模板,PPT,模板获取,模板,PPT·模板获取·模板,中关联(通用+WPS章节),1.0,0.0,
国风ppt模板免费,PPT,模板获取,模板,PPT·模板获取·模板,中关联(通用+WPS章节),1.0,0.0,
年度工作总结ppt模板,PPT,模板获取,模板,PPT·模板获取·模板,中关联(通用+WPS章节),1.0,0.0,
微软ppt模板,PPT,模板获取,模板,PPT·模板获取·模板,中关联(通用+WPS章节),1.0,0.0,
共青团ppt模板,PPT,模板获取,模板,PPT·模板获取·模板,中关联(通用+WPS章节),1.0,0.0,
好看的ppt模板免费下载,PPT,模板获取,模板,PPT·模板获取·模板,中关联(通用+WPS章节),1.0,0.0,
年度总结ppt模板免费下载,PPT,模板获取,模板,PPT·模板获取·模板,中关联(通用+WPS章节),1.0,0.0,
工作报告ppt免费模板,PPT,模板获取,模板,PPT·模板获取·模板,中关联(通用+WPS章节),1.0,0.0,
ppt超级模板,PPT,模板获取,模板,PPT·模板获取·模板,中关联(通用+WPS章节),1.0,0.0,
公司介绍ppt模板免费,PPT,模板获取,模板,PPT·模板获取·模板,中关联(通用+WPS章节),1.0,0.0,
卡通ppt模板,PPT,模板获取,模板,PPT·模板获取·模板,中关联(通用+WPS章节),1.0,0.0,
会议ppt模板,PPT,模板获取,模板,PPT·模板获取·模板,中关联(通用+WPS章节),1.0,0.0,
好看的ppt模板,PPT,模板获取,模板,PPT·模板获取·模板,中关联(通用+WPS章节),1.0,0.0,
党政ppt模板,PPT,模板获取,模板,PPT·模板获取·模板,中关联(通用+WPS章节),1.0,0.0,
ppt流程图模板,PPT,模板获取,模板,PPT·模板获取·模板,中关联(通用+WPS章节),1.0,0.0,
ppt免费模板下载,PPT,模板获取,模板,PPT·模板获取·模板,中关联(通用+WPS章节),1.0,0.0,
免费ppt模板下载,PPT,模板获取,模板,PPT·模板获取·模板,中关联(通用+WPS章节),1.0,0.0,
免费ppt模板下载网,PPT,模板获取,模板,PPT·模板获取·模板,中关联(通用+WPS章节),1.0,0.0,
稻壳ppt免费模板,PPT,模板获取,模板,PPT·模板获取·模板,中关联(通用+WPS章节),1.0,0.0,
ppt模板免费下载网站,PPT,模板获取,模板,PPT·模板获取·模板,中关联(通用+WPS章节),1.0,0.0,
冬至ppt模板,PPT,模板获取,模板,PPT·模板获取·模板,中关联(通用+WPS章节),1.0,0.0,
ppt模板下载 免费,PPT,模板获取,模板,PPT·模板获取·模板,中关联(通用+WPS章节),1.0,0.0,
ppt模板简约,PPT,模板获取,模板,PPT·模板获取·模板,中关联(通用+WPS章节),1.0,9695.0,
ppt模板怎么做,PPT,教程操作,模板,PPT·教程操作·模板,中关联(通用+WPS章节),1.0,0.0,
ppt更换模板,PPT,模板获取,模板,PPT·模板获取·模板,中关联(通用+WPS章节),1.0,0.0,
ppt模板网站免费,PPT,模板获取,模板,PPT·模板获取·模板,中关联(通用+WPS章节),1.0,0.0,
团队介绍ppt模板,PPT,模板获取,模板,PPT·模板获取·模板,中关联(通用+WPS章节),1.0,0.0,
我的大学生活ppt模板,PPT,模板获取,模板,PPT·模板获取·模板,中关联(通用+WPS章节),1.0,0.0,
工作总结ppt模板大全,PPT,模板获取,模板,PPT·模板获取·模板,中关联(通用+WPS章节),1.0,0.0,
时间线ppt模板,PPT,模板获取,模板,PPT·模板获取·模板,中关联(通用+WPS章节),1.0,0.0,
介绍家乡的ppt模板免费下载,PPT,模板获取,模板,PPT·模板获取·模板,中关联(通用+WPS章节),1.0,0.0,
ppt模板觅知网,PPT,模板获取,模板,PPT·模板获取·模板,中关联(通用+WPS章节),1.0,0.0,
培训ppt模板,PPT,模板获取,模板,PPT·模板获取·模板,中关联(通用+WPS章节),1.0,0.0,
ppt模板修改,PPT,教程操作,模板,PPT·教程操作·模板,中关联(通用+WPS章节),1.0,0.0,
ppt目录页模板,PPT,教程操作,目录,PPT·教程操作·目录,中关联(通用+WPS章节),1.0,0.0,
奥运会ppt模板,PPT,模板获取,模板,PPT·模板获取·模板,中关联(通用+WPS章节),1.0,0.0,
团建活动ppt模板,PPT,模板获取,模板,PPT·模板获取·模板,中关联(通用+WPS章节),1.0,0.0,
浙江大学ppt模板,PPT,模板获取,模板,PPT·模板获取·模板,中关联(通用+WPS章节),1.0,0.0,
里程碑ppt模板,PPT,模板获取,模板,PPT·模板获取·模板,中关联(通用+WPS章节),1.0,0.0,
东南大学ppt模板,PPT,模板获取,模板,PPT·模板获取·模板,中关联(通用+WPS章节),1.0,0.0,
家长会ppt模板,PPT,模板获取,模板,PPT·模板获取·模板,中关联(通用+WPS章节),1.0,0.0,
ppt模板下载免费素材,PPT,模板获取,模板,PPT·模板获取·模板,中关联(通用+WPS章节),1.0,0.0,
论文答辩ppt模板,PPT,模板获取,模板,PPT·模板获取·模板,中关联(通用+WPS章节),1.0,0.0,
圣诞节ppt模板,PPT,模板获取,模板,PPT·模板获取·模板,中关联(通用+WPS章节),1.0,0.0,
竖版ppt模板免费,PPT,模板获取,模板,PPT·模板获取·模板,中关联(通用+WPS章节),1.0,0.0,
ppt模板免费下载素材库,PPT,模板获取,模板,PPT·模板获取·模板,中关联(通用+WPS章节),1.0,0.0,
优品ppt模板免费下载官网,PPT,模板获取,模板,PPT·模板获取·模板,中关联(通用+WPS章节),1.0,0.0,
开题报告模板ppt免费,PPT,模板获取,模板,PPT·模板获取·模板,中关联(通用+WPS章节),1.0,0.0,
国庆节ppt模板免费,PPT,模板获取,模板,PPT·模板获取·模板,中关联(通用+WPS章节),1.0,0.0,
ppt的模板怎么做的,PPT,教程操作,模板,PPT·教程操作·模板,中关联(通用+WPS章节),1.0,0.0,
简约背景ppt模板,PPT,模板获取,模板,PPT·模板获取·模板,中关联(通用+WPS章节),1.0,0.0,
ppt模板在哪儿,PPT,模板获取,模板,PPT·模板获取·模板,中关联(通用+WPS章节),1.0,0.0,
ppt模板去哪下载,PPT,模板获取,模板,PPT·模板获取·模板,中关联(通用+WPS章节),1.0,0.0,
工作心得体会ppt模板,PPT,模板获取,模板,PPT·模板获取·模板,中关联(通用+WPS章节),1.0,0.0,
找ppt模板,PPT,模板获取,模板,PPT·模板获取·模板,中关联(通用+WPS章节),1.0,0.0,
ppt模板的制作,PPT,教程操作,模板,PPT·教程操作·模板,中关联(通用+WPS章节),1.0,0.0,
ppt汇总模板,PPT,教程操作,模板,PPT·教程操作·模板,中关联(通用+WPS章节),1.0,0.0,
ppt设计模板在哪,PPT,模板获取,模板,PPT·模板获取·模板,中关联(通用+WPS章节),1.0,0.0,
案例分析的ppt模板,PPT,模板获取,模板,PPT·模板获取·模板,中关联(通用+WPS章节),1.0,0.0,
介绍企业的ppt模板,PPT,模板获取,模板,PPT·模板获取·模板,中关联(通用+WPS章节),1.0,0.0,
英语课文ppt模板,PPT,模板获取,模板,PPT·模板获取·模板,中关联(通用+WPS章节),1.0,0.0,
怎样自己制作ppt模板,PPT,教程操作,模板,PPT·教程操作·模板,中关联(通用+WPS章节),1.0,0.0,
如何在网上下载ppt模板,PPT,教程操作,模板,PPT·教程操作·模板,中关联(通用+WPS章节),1.0,0.0,
个人介绍免费ppt模板下载,PPT,模板获取,模板,PPT·模板获取·模板,中关联(通用+WPS章节),1.0,0.0,
ppt模板有免费的吗,PPT,模板获取,模板,PPT·模板获取·模板,中关联(通用+WPS章节),1.0,0.0,
办公楼租赁合同模板免费,其他/泛,模板获取,模板,其他/泛·模板获取·模板,中关联(通用+WPS章节),0.0,0.0,
租房合同word,Word,品牌直达,通用,Word·品牌直达·通用,高关联(整篇WPS),0.4224,0.0,
合同法ppt,PPT,品牌直达,通用,PPT·品牌直达·通用,高关联(整篇WPS),1.0,0.0,
项目汇报PPT模板,PPT,模板获取,模板,PPT·模板获取·模板,中关联(通用+WPS章节),1.0,0.0,S
市场营销方案PPT模板,PPT,模板获取,模板,PPT·模板获取·模板,中关联(通用+WPS章节),1.0,0.0,S
教学课件PPT模板,PPT,教程操作,模板,PPT·教程操作·模板,中关联(通用+WPS章节),1.0,0.0,S
数据分析报告PPT模板,PPT,模板获取,模板,PPT·模板获取·模板,中关联(通用+WPS章节),1.0,0.0,S
竞品分析PPT模板,PPT,模板获取,模板,PPT·模板获取·模板,中关联(通用+WPS章节),1.0,0.0,S
公司介绍PPT模板,PPT,模板获取,模板,PPT·模板获取·模板,中关联(通用+WPS章节),1.0,0.0,A
培训课件PPT模板,PPT,模板获取,模板,PPT·模板获取·模板,中关联(通用+WPS章节),1.0,0.0,A
路演PPT模板,PPT,模板获取,模板,PPT·模板获取·模板,中关联(通用+WPS章节),1.0,0.0,A
产品介绍PPT模板,PPT,模板获取,模板,PPT·模板获取·模板,中关联(通用+WPS章节),1.0,0.0,A
活动策划PPT模板,PPT,模板获取,模板,PPT·模板获取·模板,中关联(通用+WPS章节),1.0,0.0,A
招商方案PPT模板,PPT,模板获取,模板,PPT·模板获取·模板,中关联(通用+WPS章节),1.0,0.0,A
KPI复盘PPT模板,PPT,模板获取,模板,PPT·模板获取·模板,中关联(通用+WPS章节),1.0,0.0,A
OKR复盘PPT模板,PPT,模板获取,模板,PPT·模板获取·模板,中关联(通用+WPS章节),1.0,0.0,A
月报PPT模板,PPT,模板获取,模板,PPT·模板获取·模板,中关联(通用+WPS章节),1.0,0.0,A
周报PPT模板,PPT,模板获取,模板,PPT·模板获取·模板,中关联(通用+WPS章节),1.0,0.0,A
劳动合同模板,其他/泛,模板获取,模板,其他/泛·模板获取·模板,中关联(通用+WPS章节),0.0,0.0,S
租房合同模板,其他/泛,模板获取,模板,其他/泛·模板获取·模板,中关联(通用+WPS章节),0.0,0.0,S
入职合同模板,其他/泛,模板获取,模板,其他/泛·模板获取·模板,中关联(通用+WPS章节),0.0,0.0,S
实习证明模板,其他/泛,模板获取,模板,其他/泛·模板获取·模板,中关联(通用+WPS章节),0.0,0.0,S
离职证明模板,其他/泛,模板获取,模板,其他/泛·模板获取·模板,中关联(通用+WPS章节),0.0,0.0,S
借款合同模板,其他/泛,模板获取,模板,其他/泛·模板获取·模板,中关联(通用+WPS章节),0.0,0.0,A
辞职报告模板,其他/泛,模板获取,模板,其他/泛·模板获取·模板,中关联(通用+WPS章节),0.0,0.0,A
合作协议模板,其他/泛,模板获取,模板,其他/泛·模板获取·模板,中关联(通用+WPS章节),0.0,0.0,A
在职证明模板,其他/泛,模板获取,模板,其他/泛·模板获取·模板,中关联(通用+WPS章节),0.0,0.0,A
委托书模板,其他/泛,模板获取,模板,其他/泛·模板获取·模板,中关联(通用+WPS章节),0.0,0.0,A
收入证明模板,其他/泛,模板获取,模板,其他/泛·模板获取·模板,中关联(通用+WPS章节),0.0,0.0,A
保密协议模板,其他/泛,模板获取,模板,其他/泛·模板获取·模板,中关联(通用+WPS章节),0.0,0.0,A
工作证明模板,其他/泛,模板获取,模板,其他/泛·模板获取·模板,中关联(通用+WPS章节),0.0,0.0,A
授权委托书模板,其他/泛,模板获取,模板,其他/泛·模板获取·模板,中关联(通用+WPS章节),0.0,0.0,A
离职合同模板,其他/泛,模板获取,模板,其他/泛·模板获取·模板,中关联(通用+WPS章节),0.0,0.0,A
转正申请书模板,其他/泛,模板获取,模板,其他/泛·模板获取·模板,中关联(通用+WPS章节),0.0,0.0,A
会议纪要Word模板,Word,模板获取,模板,Word·模板获取·模板,中关联(通用+WPS章节),0.4224,0.0,A
入职登记表模板,其他/泛,模板获取,模板,其他/泛·模板获取·模板,中关联(通用+WPS章节),0.0,0.0,A
WPS劳动合同模板,WPS综合,模板获取,模板,WPS综合·模板获取·模板,中关联(通用+WPS章节),0.8135,0.0,A
员工手册模板,其他/泛,模板获取,模板,其他/泛·模板获取·模板,中关联(通用+WPS章节),0.0,0.0,A
竞业协议模板,其他/泛,模板获取,模板,其他/泛·模板获取·模板,中关联(通用+WPS章节),0.0,0.0,A
请假条模板,其他/泛,模板获取,模板,其他/泛·模板获取·模板,中关联(通用+WPS章节),0.0,0.0,A
WPS租房合同模板,WPS综合,模板获取,模板,WPS综合·模板获取·模板,中关联(通用+WPS章节),0.8135,0.0,A
WPS入职合同模板,WPS综合,模板获取,模板,WPS综合·模板获取·模板,中关联(通用+WPS章节),0.8135,0.0,A
WPS实习证明模板,WPS综合,模板获取,模板,WPS综合·模板获取·模板,中关联(通用+WPS章节),0.8135,0.0,A
WPS离职证明模板,WPS综合,模板获取,模板,WPS综合·模板获取·模板,中关联(通用+WPS章节),0.8135,0.0,A
商务邀请函模板,其他/泛,模板获取,模板,其他/泛·模板获取·模板,中关联(通用+WPS章节),0.0,0.0,A
规章制度模板,其他/泛,模板获取,模板,其他/泛·模板获取·模板,中关联(通用+WPS章节),0.0,0.0,A
通知公告模板,其他/泛,模板获取,模板,其他/泛·模板获取·模板,中关联(通用+WPS章节),0.0,0.0,A
WPS借款合同模板,WPS综合,模板获取,模板,WPS综合·模板获取·模板,中关联(通用+WPS章节),0.8135,0.0,A
WPS辞职报告模板,WPS综合,模板获取,模板,WPS综合·模板获取·模板,中关联(通用+WPS章节),0.8135,0.0,A
WPS合作协议模板,WPS综合,模板获取,模板,WPS综合·模板获取·模板,中关联(通用+WPS章节),0.8135,0.0,B
WPS在职证明模板,WPS综合,模板获取,模板,WPS综合·模板获取·模板,中关联(通用+WPS章节),0.8135,0.0,B
WPS委托书模板,WPS综合,模板获取,模板,WPS综合·模板获取·模板,中关联(通用+WPS章节),0.8135,0.0,B
WPS收入证明模板,WPS综合,模板获取,模板,WPS综合·模板获取·模板,中关联(通用+WPS章节),0.8135,0.0,B
WPS保密协议模板,WPS综合,模板获取,模板,WPS综合·模板获取·模板,中关联(通用+WPS章节),0.8135,0.0,B
WPS工作证明模板,WPS综合,模板获取,模板,WPS综合·模板获取·模板,中关联(通用+WPS章节),0.8135,0.0,B
WPS授权委托书模板,WPS综合,模板获取,模板,WPS综合·模板获取·模板,中关联(通用+WPS章节),0.8135,0.0,B
WPS离职合同模板,WPS综合,模板获取,模板,WPS综合·模板获取·模板,中关联(通用+WPS章节),0.8135,0.0,B
WPS转正申请书模板,WPS综合,模板获取,模板,WPS综合·模板获取·模板,中关联(通用+WPS章节),0.8135,0.0,B
WPS会议纪要Word模板,Word,模板获取,模板,Word·模板获取·模板,中关联(通用+WPS章节),0.4224,0.0,B
WPS入职登记表模板,WPS综合,模板获取,模板,WPS综合·模板获取·模板,中关联(通用+WPS章节),0.8135,0.0,B
WPS员工手册模板,WPS综合,模板获取,模板,WPS综合·模板获取·模板,中关联(通用+WPS章节),0.8135,0.0,B
WPS竞业协议模板,WPS综合,模板获取,模板,WPS综合·模板获取·模板,中关联(通用+WPS章节),0.8135,0.0,B
WPS请假条模板,WPS综合,模板获取,模板,WPS综合·模板获取·模板,中关联(通用+WPS章节),0.8135,0.0,B
WPS商务邀请函模板,WPS综合,模板获取,模板,WPS综合·模板获取·模板,中关联(通用+WPS章节),0.8135,0.0,B
WPS规章制度模板,WPS综合,模板获取,模板,WPS综合·模板获取·模板,中关联(通用+WPS章节),0.8135,0.0,B
WPS通知公告模板,WPS综合,模板获取,模板,WPS综合·模板获取·模板,中关联(通用+WPS章节),0.8135,0.0,B
产品经理年终汇报PPT模板,PPT,模板获取,模板,PPT·模板获取·模板,中关联(通用+WPS章节),1.0,0.0,A
人力资源年终汇报PPT模板,PPT,模板获取,模板,PPT·模板获取·模板,中关联(通用+WPS章节),1.0,0.0,A
市场营销年终汇报PPT模板,PPT,模板获取,模板,PPT·模板获取·模板,中关联(通用+WPS章节),1.0,0.0,A
财务年终汇报PPT模板,PPT,模板获取,模板,PPT·模板获取·模板,中关联(通用+WPS章节),1.0,0.0,A
运营年终汇报PPT模板,PPT,模板获取,模板,PPT·模板获取·模板,中关联(通用+WPS章节),1.0,0.0,A
销售年终汇报PPT模板,PPT,模板获取,模板,PPT·模板获取·模板,中关联(通用+WPS章节),1.0,0.0,A
项目经理年终汇报PPT模板,PPT,模板获取,模板,PPT·模板获取·模板,中关联(通用+WPS章节),1.0,0.0,A
产品经理工作总结PPT模板,PPT,模板获取,模板,PPT·模板获取·模板,中关联(通用+WPS章节),1.0,0.0,A
产品经理述职报告PPT模板,PPT,模板获取,模板,PPT·模板获取·模板,中关联(通用+WPS章节),1.0,0.0,A
人力资源工作总结PPT模板,PPT,模板获取,模板,PPT·模板获取·模板,中关联(通用+WPS章节),1.0,0.0,A
人力资源述职报告PPT模板,PPT,模板获取,模板,PPT·模板获取·模板,中关联(通用+WPS章节),1.0,0.0,A
市场营销工作总结PPT模板,PPT,模板获取,模板,PPT·模板获取·模板,中关联(通用+WPS章节),1.0,0.0,A
市场营销述职报告PPT模板,PPT,模板获取,模板,PPT·模板获取·模板,中关联(通用+WPS章节),1.0,0.0,A
财务工作总结PPT模板,PPT,模板获取,模板,PPT·模板获取·模板,中关联(通用+WPS章节),1.0,0.0,A
财务述职报告PPT模板,PPT,模板获取,模板,PPT·模板获取·模板,中关联(通用+WPS章节),1.0,0.0,A
运营工作总结PPT模板,PPT,模板获取,模板,PPT·模板获取·模板,中关联(通用+WPS章节),1.0,0.0,A
运营述职报告PPT模板,PPT,模板获取,模板,PPT·模板获取·模板,中关联(通用+WPS章节),1.0,0.0,A
销售工作总结PPT模板,PPT,模板获取,模板,PPT·模板获取·模板,中关联(通用+WPS章节),1.0,0.0,A
销售述职报告PPT模板,PPT,模板获取,模板,PPT·模板获取·模板,中关联(通用+WPS章节),1.0,0.0,A
项目经理工作总结PPT模板,PPT,模板获取,模板,PPT·模板获取·模板,中关联(通用+WPS章节),1.0,0.0,A
项目经理述职报告PPT模板,PPT,模板获取,模板,PPT·模板获取·模板,中关联(通用+WPS章节),1.0,0.0,A
会计年终汇报PPT模板,PPT,模板获取,模板,PPT·模板获取·模板,中关联(通用+WPS章节),1.0,0.0,A
客服年终汇报PPT模板,PPT,模板获取,模板,PPT·模板获取·模板,中关联(通用+WPS章节),1.0,0.0,A
技术年终汇报PPT模板,PPT,模板获取,模板,PPT·模板获取·模板,中关联(通用+WPS章节),1.0,0.0,A
护士年终汇报PPT模板,PPT,模板获取,模板,PPT·模板获取·模板,中关联(通用+WPS章节),1.0,0.0,A
教师年终汇报PPT模板,PPT,模板获取,模板,PPT·模板获取·模板,中关联(通用+WPS章节),1.0,0.0,A
数据分析师年终汇报PPT模板,PPT,模板获取,模板,PPT·模板获取·模板,中关联(通用+WPS章节),1.0,0.0,A
新媒体运营年终汇报PPT模板,PPT,模板获取,模板,PPT·模板获取·模板,中关联(通用+WPS章节),1.0,0.0,A
电商运营年终汇报PPT模板,PPT,模板获取,模板,PPT·模板获取·模板,中关联(通用+WPS章节),1.0,0.0,A
研发年终汇报PPT模板,PPT,模板获取,模板,PPT·模板获取·模板,中关联(通用+WPS章节),1.0,0.0,A
行政年终汇报PPT模板,PPT,模板获取,模板,PPT·模板获取·模板,中关联(通用+WPS章节),1.0,0.0,A
设计师年终汇报PPT模板,PPT,模板获取,模板,PPT·模板获取·模板,中关联(通用+WPS章节),1.0,0.0,A
采购年终汇报PPT模板,PPT,模板获取,模板,PPT·模板获取·模板,中关联(通用+WPS章节),1.0,0.0,A
门店店长年终汇报PPT模板,PPT,模板获取,模板,PPT·模板获取·模板,中关联(通用+WPS章节),1.0,0.0,A
产品经理月度汇报PPT模板,PPT,模板获取,模板,PPT·模板获取·模板,中关联(通用+WPS章节),1.0,0.0,A
人力资源月度汇报PPT模板,PPT,模板获取,模板,PPT·模板获取·模板,中关联(通用+WPS章节),1.0,0.0,A
市场营销月度汇报PPT模板,PPT,模板获取,模板,PPT·模板获取·模板,中关联(通用+WPS章节),1.0,0.0,A
财务月度汇报PPT模板,PPT,模板获取,模板,PPT·模板获取·模板,中关联(通用+WPS章节),1.0,0.0,A
运营月度汇报PPT模板,PPT,模板获取,模板,PPT·模板获取·模板,中关联(通用+WPS章节),1.0,0.0,A
销售月度汇报PPT模板,PPT,模板获取,模板,PPT·模板获取·模板,中关联(通用+WPS章节),1.0,0.0,A
项目经理月度汇报PPT模板,PPT,模板获取,模板,PPT·模板获取·模板,中关联(通用+WPS章节),1.0,0.0,A
会计工作总结PPT模板,PPT,模板获取,模板,PPT·模板获取·模板,中关联(通用+WPS章节),1.0,0.0,B
会计述职报告PPT模板,PPT,模板获取,模板,PPT·模板获取·模板,中关联(通用+WPS章节),1.0,0.0,B
客服工作总结PPT模板,PPT,模板获取,模板,PPT·模板获取·模板,中关联(通用+WPS章节),1.0,0.0,B
客服述职报告PPT模板,PPT,模板获取,模板,PPT·模板获取·模板,中关联(通用+WPS章节),1.0,0.0,B
技术工作总结PPT模板,PPT,模板获取,模板,PPT·模板获取·模板,中关联(通用+WPS章节),1.0,0.0,B
技术述职报告PPT模板,PPT,模板获取,模板,PPT·模板获取·模板,中关联(通用+WPS章节),1.0,0.0,B
护士工作总结PPT模板,PPT,模板获取,模板,PPT·模板获取·模板,中关联(通用+WPS章节),1.0,0.0,B
护士述职报告PPT模板,PPT,模板获取,模板,PPT·模板获取·模板,中关联(通用+WPS章节),1.0,0.0,B
教师工作总结PPT模板,PPT,模板获取,模板,PPT·模板获取·模板,中关联(通用+WPS章节),1.0,0.0,B
教师述职报告PPT模板,PPT,模板获取,模板,PPT·模板获取·模板,中关联(通用+WPS章节),1.0,0.0,B
数据分析师工作总结PPT模板,PPT,模板获取,模板,PPT·模板获取·模板,中关联(通用+WPS章节),1.0,0.0,B
数据分析师述职报告PPT模板,PPT,模板获取,模板,PPT·模板获取·模板,中关联(通用+WPS章节),1.0,0.0,B
新媒体运营工作总结PPT模板,PPT,模板获取,模板,PPT·模板获取·模板,中关联(通用+WPS章节),1.0,0.0,B
新媒体运营述职报告PPT模板,PPT,模板获取,模板,PPT·模板获取·模板,中关联(通用+WPS章节),1.0,0.0,B
电商运营工作总结PPT模板,PPT,模板获取,模板,PPT·模板获取·模板,中关联(通用+WPS章节),1.0,0.0,B
电商运营述职报告PPT模板,PPT,模板获取,模板,PPT·模板获取·模板,中关联(通用+WPS章节),1.0,0.0,B
研发工作总结PPT模板,PPT,模板获取,模板,PPT·模板获取·模板,中关联(通用+WPS章节),1.0,0.0,B
研发述职报告PPT模板,PPT,模板获取,模板,PPT·模板获取·模板,中关联(通用+WPS章节),1.0,0.0,B
行政工作总结PPT模板,PPT,模板获取,模板,PPT·模板获取·模板,中关联(通用+WPS章节),1.0,0.0,B
行政述职报告PPT模板,PPT,模板获取,模板,PPT·模板获取·模板,中关联(通用+WPS章节),1.0,0.0,B
设计师工作总结PPT模板,PPT,模板获取,模板,PPT·模板获取·模板,中关联(通用+WPS章节),1.0,0.0,B
设计师述职报告PPT模板,PPT,模板获取,模板,PPT·模板获取·模板,中关联(通用+WPS章节),1.0,0.0,B
采购工作总结PPT模板,PPT,模板获取,模板,PPT·模板获取·模板,中关联(通用+WPS章节),1.0,0.0,B
采购述职报告PPT模板,PPT,模板获取,模板,PPT·模板获取·模板,中关联(通用+WPS章节),1.0,0.0,B
门店店长工作总结PPT模板,PPT,模板获取,模板,PPT·模板获取·模板,中关联(通用+WPS章节),1.0,0.0,B
门店店长述职报告PPT模板,PPT,模板获取,模板,PPT·模板获取·模板,中关联(通用+WPS章节),1.0,0.0,B
会计月度汇报PPT模板,PPT,模板获取,模板,PPT·模板获取·模板,中关联(通用+WPS章节),1.0,0.0,B
客服月度汇报PPT模板,PPT,模板获取,模板,PPT·模板获取·模板,中关联(通用+WPS章节),1.0,0.0,B
技术月度汇报PPT模板,PPT,模板获取,模板,PPT·模板获取·模板,中关联(通用+WPS章节),1.0,0.0,B
护士月度汇报PPT模板,PPT,模板获取,模板,PPT·模板获取·模板,中关联(通用+WPS章节),1.0,0.0,B
教师月度汇报PPT模板,PPT,模板获取,模板,PPT·模板获取·模板,中关联(通用+WPS章节),1.0,0.0,B
数据分析师月度汇报PPT模板,PPT,模板获取,模板,PPT·模板获取·模板,中关联(通用+WPS章节),1.0,0.0,B
新媒体运营月度汇报PPT模板,PPT,模板获取,模板,PPT·模板获取·模板,中关联(通用+WPS章节),1.0,0.0,B
电商运营月度汇报PPT模板,PPT,模板获取,模板,PPT·模板获取·模板,中关联(通用+WPS章节),1.0,0.0,B
研发月度汇报PPT模板,PPT,模板获取,模板,PPT·模板获取·模板,中关联(通用+WPS章节),1.0,0.0,B
行政月度汇报PPT模板,PPT,模板获取,模板,PPT·模板获取·模板,中关联(通用+WPS章节),1.0,0.0,B
设计师月度汇报PPT模板,PPT,模板获取,模板,PPT·模板获取·模板,中关联(通用+WPS章节),1.0,0.0,B
采购月度汇报PPT模板,PPT,模板获取,模板,PPT·模板获取·模板,中关联(通用+WPS章节),1.0,0.0,B
门店店长月度汇报PPT模板,PPT,模板获取,模板,PPT·模板获取·模板,中关联(通用+WPS章节),1.0,0.0,B
Java工程师简历模板,其他/泛,模板获取,模板,其他/泛·模板获取·模板,中关联(通用+WPS章节),0.0,0.0,A
产品经理简历模板,其他/泛,模板获取,模板,其他/泛·模板获取·模板,中关联(通用+WPS章节),0.0,0.0,A
人力资源简历模板,其他/泛,模板获取,模板,其他/泛·模板获取·模板,中关联(通用+WPS章节),0.0,0.0,A
会计简历模板,其他/泛,模板获取,模板,其他/泛·模板获取·模板,中关联(通用+WPS章节),0.0,0.0,A
前端工程师简历模板,其他/泛,模板获取,模板,其他/泛·模板获取·模板,中关联(通用+WPS章节),0.0,0.0,A
实习生简历模板,其他/泛,模板获取,模板,其他/泛·模板获取·模板,中关联(通用+WPS章节),0.0,0.0,A
市场营销简历模板,其他/泛,模板获取,模板,其他/泛·模板获取·模板,中关联(通用+WPS章节),0.0,0.0,A
应届生简历模板,其他/泛,模板获取,模板,其他/泛·模板获取·模板,中关联(通用+WPS章节),0.0,0.0,A
护士简历模板,其他/泛,模板获取,模板,其他/泛·模板获取·模板,中关联(通用+WPS章节),0.0,0.0,A
教师简历模板,其他/泛,模板获取,模板,其他/泛·模板获取·模板,中关联(通用+WPS章节),0.0,0.0,A
数据分析师简历模板,其他/泛,模板获取,模板,其他/泛·模板获取·模板,中关联(通用+WPS章节),0.0,0.0,A
新媒体运营简历模板,其他/泛,模板获取,模板,其他/泛·模板获取·模板,中关联(通用+WPS章节),0.0,0.0,A
财务简历模板,其他/泛,模板获取,模板,其他/泛·模板获取·模板,中关联(通用+WPS章节),0.0,0.0,A
运营简历模板,其他/泛,模板获取,模板,其他/泛·模板获取·模板,中关联(通用+WPS章节),0.0,0.0,A
销售简历模板,其他/泛,模板获取,模板,其他/泛·模板获取·模板,中关联(通用+WPS章节),0.0,0.0,A
Java工程师个人简历模板,其他/泛,模板获取,模板,其他/泛·模板获取·模板,中关联(通用+WPS章节),0.0,0.0,A
产品经理个人简历模板,其他/泛,模板获取,模板,其他/泛·模板获取·模板,中关联(通用+WPS章节),0.0,0.0,A
人力资源个人简历模板,其他/泛,模板获取,模板,其他/泛·模板获取·模板,中关联(通用+WPS章节),0.0,0.0,A
会计个人简历模板,其他/泛,模板获取,模板,其他/泛·模板获取·模板,中关联(通用+WPS章节),0.0,0.0,A
前端工程师个人简历模板,其他/泛,模板获取,模板,其他/泛·模板获取·模板,中关联(通用+WPS章节),0.0,0.0,A
实习生个人简历模板,其他/泛,模板获取,模板,其他/泛·模板获取·模板,中关联(通用+WPS章节),0.0,0.0,A
市场营销个人简历模板,其他/泛,模板获取,模板,其他/泛·模板获取·模板,中关联(通用+WPS章节),0.0,0.0,A
应届生个人简历模板,其他/泛,模板获取,模板,其他/泛·模板获取·模板,中关联(通用+WPS章节),0.0,0.0,A
护士个人简历模板,其他/泛,模板获取,模板,其他/泛·模板获取·模板,中关联(通用+WPS章节),0.0,0.0,A
教师个人简历模板,其他/泛,模板获取,模板,其他/泛·模板获取·模板,中关联(通用+WPS章节),0.0,0.0,A
数据分析师个人简历模板,其他/泛,模板获取,模板,其他/泛·模板获取·模板,中关联(通用+WPS章节),0.0,0.0,A
新媒体运营个人简历模板,其他/泛,模板获取,模板,其他/泛·模板获取·模板,中关联(通用+WPS章节),0.0,0.0,A
财务个人简历模板,其他/泛,模板获取,模板,其他/泛·模板获取·模板,中关联(通用+WPS章节),0.0,0.0,A
运营个人简历模板,其他/泛,模板获取,模板,其他/泛·模板获取·模板,中关联(通用+WPS章节),0.0,0.0,A
销售个人简历模板,其他/泛,模板获取,模板,其他/泛·模板获取·模板,中关联(通用+WPS章节),0.0,0.0,A
Python工程师简历模板,其他/泛,模板获取,模板,其他/泛·模板获取·模板,中关联(通用+WPS章节),0.0,0.0,A
UI设计师简历模板,其他/泛,模板获取,模板,其他/泛·模板获取·模板,中关联(通用+WPS章节),0.0,0.0,A
内容运营简历模板,其他/泛,模板获取,模板,其他/泛·模板获取·模板,中关联(通用+WPS章节),0.0,0.0,A
医生简历模板,其他/泛,模板获取,模板,其他/泛·模板获取·模板,中关联(通用+WPS章节),0.0,0.0,A
商务简历模板,其他/泛,模板获取,模板,其他/泛·模板获取·模板,中关联(通用+WPS章节),0.0,0.0,A
土木工程师简历模板,其他/泛,模板获取,模板,其他/泛·模板获取·模板,中关联(通用+WPS章节),0.0,0.0,A
外贸业务员简历模板,其他/泛,模板获取,模板,其他/泛·模板获取·模板,中关联(通用+WPS章节),0.0,0.0,A
审计简历模板,其他/泛,模板获取,模板,其他/泛·模板获取·模板,中关联(通用+WPS章节),0.0,0.0,A
客户经理简历模板,其他/泛,模板获取,模板,其他/泛·模板获取·模板,中关联(通用+WPS章节),0.0,0.0,A
客服简历模板,其他/泛,模板获取,模板,其他/泛·模板获取·模板,中关联(通用+WPS章节),0.0,0.0,A
平面设计师简历模板,其他/泛,模板获取,模板,其他/泛·模板获取·模板,中关联(通用+WPS章节),0.0,0.0,A
建筑工程师简历模板,其他/泛,模板获取,模板,其他/泛·模板获取·模板,中关联(通用+WPS章节),0.0,0.0,A
律师简历模板,其他/泛,模板获取,模板,其他/泛·模板获取·模板,中关联(通用+WPS章节),0.0,0.0,A
机械工程师简历模板,其他/泛,模板获取,模板,其他/泛·模板获取·模板,中关联(通用+WPS章节),0.0,0.0,A
测试工程师简历模板,其他/泛,模板获取,模板,其他/泛·模板获取·模板,中关联(通用+WPS章节),0.0,0.0,A
电商运营简历模板,其他/泛,模板获取,模板,其他/泛·模板获取·模板,中关联(通用+WPS章节),0.0,0.0,A
直播运营简历模板,其他/泛,模板获取,模板,其他/泛·模板获取·模板,中关联(通用+WPS章节),0.0,0.0,A
管培生简历模板,其他/泛,模板获取,模板,其他/泛·模板获取·模板,中关联(通用+WPS章节),0.0,0.0,A
行政简历模板,其他/泛,模板获取,模板,其他/泛·模板获取·模板,中关联(通用+WPS章节),0.0,0.0,A
设计师简历模板,其他/泛,模板获取,模板,其他/泛·模板获取·模板,中关联(通用+WPS章节),0.0,0.0,A
采购简历模板,其他/泛,模板获取,模板,其他/泛·模板获取·模板,中关联(通用+WPS章节),0.0,0.0,A
项目经理简历模板,其他/泛,模板获取,模板,其他/泛·模板获取·模板,中关联(通用+WPS章节),0.0,0.0,A
WPSJava工程师简历模板,WPS综合,模板获取,模板,WPS综合·模板获取·模板,中关联(通用+WPS章节),0.8135,0.0,B
WPS产品经理简历模板,WPS综合,模板获取,模板,WPS综合·模板获取·模板,中关联(通用+WPS章节),0.8135,0.0,B
WPS人力资源简历模板,WPS综合,模板获取,模板,WPS综合·模板获取·模板,中关联(通用+WPS章节),0.8135,0.0,B
WPS会计简历模板,WPS综合,模板获取,模板,WPS综合·模板获取·模板,中关联(通用+WPS章节),0.8135,0.0,B
WPS前端工程师简历模板,WPS综合,模板获取,模板,WPS综合·模板获取·模板,中关联(通用+WPS章节),0.8135,0.0,B
WPS实习生简历模板,WPS综合,模板获取,模板,WPS综合·模板获取·模板,中关联(通用+WPS章节),0.8135,0.0,B
WPS市场营销简历模板,WPS综合,模板获取,模板,WPS综合·模板获取·模板,中关联(通用+WPS章节),0.8135,0.0,B
WPS应届生简历模板,WPS综合,模板获取,模板,WPS综合·模板获取·模板,中关联(通用+WPS章节),0.8135,0.0,B
WPS护士简历模板,WPS综合,模板获取,模板,WPS综合·模板获取·模板,中关联(通用+WPS章节),0.8135,0.0,B
WPS教师简历模板,WPS综合,模板获取,模板,WPS综合·模板获取·模板,中关联(通用+WPS章节),0.8135,0.0,B
WPS数据分析师简历模板,WPS综合,模板获取,模板,WPS综合·模板获取·模板,中关联(通用+WPS章节),0.8135,0.0,B
WPS新媒体运营简历模板,WPS综合,模板获取,模板,WPS综合·模板获取·模板,中关联(通用+WPS章节),0.8135,0.0,B
WPS财务简历模板,WPS综合,模板获取,模板,WPS综合·模板获取·模板,中关联(通用+WPS章节),0.8135,0.0,B
WPS运营简历模板,WPS综合,模板获取,模板,WPS综合·模板获取·模板,中关联(通用+WPS章节),0.8135,0.0,B
WPS销售简历模板,WPS综合,模板获取,模板,WPS综合·模板获取·模板,中关联(通用+WPS章节),0.8135,0.0,B
Python工程师个人简历模板,其他/泛,模板获取,模板,其他/泛·模板获取·模板,中关联(通用+WPS章节),0.0,0.0,B
UI设计师个人简历模板,其他/泛,模板获取,模板,其他/泛·模板获取·模板,中关联(通用+WPS章节),0.0,0.0,B
内容运营个人简历模板,其他/泛,模板获取,模板,其他/泛·模板获取·模板,中关联(通用+WPS章节),0.0,0.0,B
医生个人简历模板,其他/泛,模板获取,模板,其他/泛·模板获取·模板,中关联(通用+WPS章节),0.0,0.0,B
商务个人简历模板,其他/泛,模板获取,模板,其他/泛·模板获取·模板,中关联(通用+WPS章节),0.0,0.0,B
土木工程师个人简历模板,其他/泛,模板获取,模板,其他/泛·模板获取·模板,中关联(通用+WPS章节),0.0,0.0,B
外贸业务员个人简历模板,其他/泛,模板获取,模板,其他/泛·模板获取·模板,中关联(通用+WPS章节),0.0,0.0,B
审计个人简历模板,其他/泛,模板获取,模板,其他/泛·模板获取·模板,中关联(通用+WPS章节),0.0,0.0,B
客户经理个人简历模板,其他/泛,模板获取,模板,其他/泛·模板获取·模板,中关联(通用+WPS章节),0.0,0.0,B
客服个人简历模板,其他/泛,模板获取,模板,其他/泛·模板获取·模板,中关联(通用+WPS章节),0.0,0.0,B
平面设计师个人简历模板,其他/泛,模板获取,模板,其他/泛·模板获取·模板,中关联(通用+WPS章节),0.0,0.0,B
建筑工程师个人简历模板,其他/泛,模板获取,模板,其他/泛·模板获取·模板,中关联(通用+WPS章节),0.0,0.0,B
律师个人简历模板,其他/泛,模板获取,模板,其他/泛·模板获取·模板,中关联(通用+WPS章节),0.0,0.0,B
机械工程师个人简历模板,其他/泛,模板获取,模板,其他/泛·模板获取·模板,中关联(通用+WPS章节),0.0,0.0,B
测试工程师个人简历模板,其他/泛,模板获取,模板,其他/泛·模板获取·模板,中关联(通用+WPS章节),0.0,0.0,B
电商运营个人简历模板,其他/泛,模板获取,模板,其他/泛·模板获取·模板,中关联(通用+WPS章节),0.0,0.0,B
直播运营个人简历模板,其他/泛,模板获取,模板,其他/泛·模板获取·模板,中关联(通用+WPS章节),0.0,0.0,B
管培生个人简历模板,其他/泛,模板获取,模板,其他/泛·模板获取·模板,中关联(通用+WPS章节),0.0,0.0,B
行政个人简历模板,其他/泛,模板获取,模板,其他/泛·模板获取·模板,中关联(通用+WPS章节),0.0,0.0,B
设计师个人简历模板,其他/泛,模板获取,模板,其他/泛·模板获取·模板,中关联(通用+WPS章节),0.0,0.0,B
采购个人简历模板,其他/泛,模板获取,模板,其他/泛·模板获取·模板,中关联(通用+WPS章节),0.0,0.0,B
项目经理个人简历模板,其他/泛,模板获取,模板,其他/泛·模板获取·模板,中关联(通用+WPS章节),0.0,0.0,B
WPSPython工程师简历模板,WPS综合,模板获取,模板,WPS综合·模板获取·模板,中关联(通用+WPS章节),0.8135,0.0,B
WPSUI设计师简历模板,WPS综合,模板获取,模板,WPS综合·模板获取·模板,中关联(通用+WPS章节),0.8135,0.0,B
WPS内容运营简历模板,WPS综合,模板获取,模板,WPS综合·模板获取·模板,中关联(通用+WPS章节),0.8135,0.0,B
WPS医生简历模板,WPS综合,模板获取,模板,WPS综合·模板获取·模板,中关联(通用+WPS章节),0.8135,0.0,B
WPS商务简历模板,WPS综合,模板获取,模板,WPS综合·模板获取·模板,中关联(通用+WPS章节),0.8135,0.0,B
WPS土木工程师简历模板,WPS综合,模板获取,模板,WPS综合·模板获取·模板,中关联(通用+WPS章节),0.8135,0.0,B
WPS外贸业务员简历模板,WPS综合,模板获取,模板,WPS综合·模板获取·模板,中关联(通用+WPS章节),0.8135,0.0,B
WPS审计简历模板,WPS综合,模板获取,模板,WPS综合·模板获取·模板,中关联(通用+WPS章节),0.8135,0.0,B
WPS客户经理简历模板,WPS综合,模板获取,模板,WPS综合·模板获取·模板,中关联(通用+WPS章节),0.8135,0.0,B
WPS客服简历模板,WPS综合,模板获取,模板,WPS综合·模板获取·模板,中关联(通用+WPS章节),0.8135,0.0,B
WPS平面设计师简历模板,WPS综合,模板获取,模板,WPS综合·模板获取·模板,中关联(通用+WPS章节),0.8135,0.0,B
WPS建筑工程师简历模板,WPS综合,模板获取,模板,WPS综合·模板获取·模板,中关联(通用+WPS章节),0.8135,0.0,B
WPS律师简历模板,WPS综合,模板获取,模板,WPS综合·模板获取·模板,中关联(通用+WPS章节),0.8135,0.0,B
WPS机械工程师简历模板,WPS综合,模板获取,模板,WPS综合·模板获取·模板,中关联(通用+WPS章节),0.8135,0.0,B
WPS测试工程师简历模板,WPS综合,模板获取,模板,WPS综合·模板获取·模板,中关联(通用+WPS章节),0.8135,0.0,B
WPS电商运营简历模板,WPS综合,模板获取,模板,WPS综合·模板获取·模板,中关联(通用+WPS章节),0.8135,0.0,B
WPS直播运营简历模板,WPS综合,模板获取,模板,WPS综合·模板获取·模板,中关联(通用+WPS章节),0.8135,0.0,B
WPS管培生简历模板,WPS综合,模板获取,模板,WPS综合·模板获取·模板,中关联(通用+WPS章节),0.8135,0.0,B
WPS行政简历模板,WPS综合,模板获取,模板,WPS综合·模板获取·模板,中关联(通用+WPS章节),0.8135,0.0,B
WPS设计师简历模板,WPS综合,模板获取,模板,WPS综合·模板获取·模板,中关联(通用+WPS章节),0.8135,0.0,B
WPS采购简历模板,WPS综合,模板获取,模板,WPS综合·模板获取·模板,中关联(通用+WPS章节),0.8135,0.0,B
WPS项目经理简历模板,WPS综合,模板获取,模板,WPS综合·模板获取·模板,中关联(通用+WPS章节),0.8135,0.0,B
教育培训课件PPT模板,PPT,模板获取,模板,PPT·模板获取·模板,中关联(通用+WPS章节),1.0,0.0,A
电商运营方案PPT模板,PPT,模板获取,模板,PPT·模板获取·模板,中关联(通用+WPS章节),1.0,0.0,A
财务分析报告模板,其他/泛,模板获取,模板,其他/泛·模板获取·模板,中关联(通用+WPS章节),0.0,0.0,A
互联网产品需求文档模板,其他/泛,模板获取,模板,其他/泛·模板获取·模板,中关联(通用+WPS章节),0.0,0.0,A
房地产营销方案PPT模板,PPT,模板获取,模板,PPT·模板获取·模板,中关联(通用+WPS章节),1.0,0.0,A
人事招聘计划模板,其他/泛,模板获取,模板,其他/泛·模板获取·模板,中关联(通用+WPS章节),0.0,0.0,A
建筑施工进度计划表模板,其他/泛,模板获取,模板,其他/泛·模板获取·模板,中关联(通用+WPS章节),0.0,0.0,A
门店排班表模板,其他/泛,模板获取,模板,其他/泛·模板获取·模板,中关联(通用+WPS章节),0.0,0.0,A
餐饮开店计划书模板,其他/泛,模板获取,模板,其他/泛·模板获取·模板,中关联(通用+WPS章节),0.0,0.0,A
SaaS销售汇报PPT模板,PPT,模板获取,模板,PPT·模板获取·模板,中关联(通用+WPS章节),1.0,0.0,A
制造业生产计划表模板,其他/泛,模板获取,模板,其他/泛·模板获取·模板,中关联(通用+WPS章节),0.0,0.0,A
医疗护理工作汇报PPT模板,PPT,模板获取,模板,PPT·模板获取·模板,中关联(通用+WPS章节),1.0,0.0,A
学校课程表模板,其他/泛,模板获取,模板,其他/泛·模板获取·模板,中关联(通用+WPS章节),0.0,0.0,A
律师合同模板,其他/泛,模板获取,模板,其他/泛·模板获取·模板,中关联(通用+WPS章节),0.0,0.0,A
物业通知公告模板,其他/泛,模板获取,模板,其他/泛·模板获取·模板,中关联(通用+WPS章节),0.0,0.0,A
考勤表模板,其他/泛,模板获取,模板,其他/泛·模板获取·模板,中关联(通用+WPS章节),0.0,0.0,S
排班表模板,其他/泛,模板获取,模板,其他/泛·模板获取·模板,中关联(通用+WPS章节),0.0,0.0,S
财务报表模板,其他/泛,模板获取,模板,其他/泛·模板获取·模板,中关联(通用+WPS章节),0.0,0.0,S
工资表模板,其他/泛,模板获取,模板,其他/泛·模板获取·模板,中关联(通用+WPS章节),0.0,0.0,A
库存管理表格模板,Excel,模板获取,模板,Excel·模板获取·模板,中关联(通用+WPS章节),0.274,0.0,A
进销存表格模板,Excel,模板获取,模板,Excel·模板获取·模板,中关联(通用+WPS章节),0.274,0.0,A
项目进度表模板,其他/泛,模板获取,模板,其他/泛·模板获取·模板,中关联(通用+WPS章节),0.0,0.0,A
甘特图模板,其他/泛,模板获取,模板,其他/泛·模板获取·模板,中关联(通用+WPS章节),0.0,0.0,A
值班表模板,其他/泛,模板获取,模板,其他/泛·模板获取·模板,中关联(通用+WPS章节),0.0,0.0,A
客户管理表模板,其他/泛,模板获取,模板,其他/泛·模板获取·模板,中关联(通用+WPS章节),0.0,0.0,A
记账表模板,其他/泛,模板获取,模板,其他/泛·模板获取·模板,中关联(通用+WPS章节),0.0,0.0,A
销售日报表模板,其他/泛,模板获取,模板,其他/泛·模板获取·模板,中关联(通用+WPS章节),0.0,0.0,A
任务管理表模板,其他/泛,模板获取,模板,其他/泛·模板获取·模板,中关联(通用+WPS章节),0.0,0.0,A
现金日记账模板,其他/泛,模板获取,模板,其他/泛·模板获取·模板,中关联(通用+WPS章节),0.0,0.0,A
预算表模板,其他/泛,模板获取,模板,其他/泛·模板获取·模板,中关联(通用+WPS章节),0.0,0.0,A
数据看板模板,其他/泛,模板获取,模板,其他/泛·模板获取·模板,中关联(通用+WPS章节),0.0,0.0,A
会议签到表模板,其他/泛,模板获取,模板,其他/泛·模板获取·模板,中关联(通用+WPS章节),0.0,0.0,A
培训签到表模板,其他/泛,模板获取,模板,其他/泛·模板获取·模板,中关联(通用+WPS章节),0.0,0.0,A
招聘进度表模板,其他/泛,模板获取,模板,其他/泛·模板获取·模板,中关联(通用+WPS章节),0.0,0.0,A
采购申请单模板,其他/泛,模板获取,模板,其他/泛·模板获取·模板,中关联(通用+WPS章节),0.0,0.0,A
销售漏斗表模板,其他/泛,模板获取,模板,其他/泛·模板获取·模板,中关联(通用+WPS章节),0.0,0.0,A
PPT模板免费下载,PPT,模板获取,模板,PPT·模板获取·模板,中关联(通用+WPS章节),1.0,0.0,S
免费简历模板,其他/泛,模板获取,模板,其他/泛·模板获取·模板,中关联(通用+WPS章节),0.0,0.0,S
年终总结PPT模板,PPT,模板获取,模板,PPT·模板获取·模板,中关联(通用+WPS章节),1.0,0.0,S
工作汇报PPT模板,PPT,模板获取,模板,PPT·模板获取·模板,中关联(通用+WPS章节),1.0,0.0,S
毕业答辩PPT模板,PPT,模板获取,模板,PPT·模板获取·模板,中关联(通用+WPS章节),1.0,0.0,S
论文答辩PPT模板,PPT,模板获取,模板,PPT·模板获取·模板,中关联(通用+WPS章节),1.0,0.0,S
Excel表格模板免费下载,Excel,模板获取,模板,Excel·模板获取·模板,中关联(通用+WPS章节),0.274,0.0,S
Word模板免费下载,Word,模板获取,模板,Word·模板获取·模板,中关联(通用+WPS章节),0.4224,0.0,S
合同模板免费下载,下载/安装,模板获取,模板,下载/安装·模板获取·模板,中关联(通用+WPS章节),0.0,0.0,S
商业计划书PPT模板,PPT,模板获取,模板,PPT·模板获取·模板,中关联(通用+WPS章节),1.0,0.0,S
述职报告PPT模板,PPT,模板获取,模板,PPT·模板获取·模板,中关联(通用+WPS章节),1.0,0.0,S
WPS模板免费下载,下载/安装,模板获取,模板,下载/安装·模板获取·模板,中关联(通用+WPS章节),0.0,0.0,S
表格模板免费下载,Excel,模板获取,模板,Excel·模板获取·模板,中关联(通用+WPS章节),0.274,0.0,S
工作总结模板,其他/泛,模板获取,模板,其他/泛·模板获取·模板,中关联(通用+WPS章节),0.0,0.0,S
工作计划模板,其他/泛,模板获取,模板,其他/泛·模板获取·模板,中关联(通用+WPS章节),0.0,0.0,A
项目计划书模板,其他/泛,模板获取,模板,其他/泛·模板获取·模板,中关联(通用+WPS章节),0.0,0.0,A
会议纪要模板,其他/泛,模板获取,模板,其他/泛·模板获取·模板,中关联(通用+WPS章节),0.0,0.0,A
稻壳模板免费下载,下载/安装,模板获取,模板,下载/安装·模板获取·模板,中关联(通用+WPS章节),0.0,0.0,A
PPT模板哪里找,PPT,模板获取,模板,PPT·模板获取·模板,中关联(通用+WPS章节),1.0,0.0,S
简历模板免费,其他/泛,模板获取,模板,其他/泛·模板获取·模板,中关联(通用+WPS章节),0.0,0.0,S
WPS简历模板,WPS综合,模板获取,模板,WPS综合·模板获取·模板,中关联(通用+WPS章节),0.8135,0.0,A
工作总结PPT模板,PPT,模板获取,模板,PPT·模板获取·模板,中关联(通用+WPS章节),1.0,0.0,A
WPS稻壳模板,WPS综合,模板获取,模板,WPS综合·模板获取·模板,中关联(通用+WPS章节),0.8135,0.0,A
WPS田字格模板,WPS综合,模板获取,模板,WPS综合·模板获取·模板,中关联(通用+WPS章节),0.8135,0.0,B
WPS日历模板,WPS综合,模板获取,模板,WPS综合·模板获取·模板,中关联(通用+WPS章节),0.8135,0.0,B
工作汇报ppt,PPT,品牌直达,通用,PPT·品牌直达·通用,高关联(整篇WPS),1.0,0.0,
ppt汇报,PPT,品牌直达,通用,PPT·品牌直达·通用,高关联(整篇WPS),1.0,0.0,
述职报告ppt模板,PPT,模板获取,模板,PPT·模板获取·模板,中关联(通用+WPS章节),1.0,0.0,
年终总结ppt模板,PPT,模板获取,模板,PPT·模板获取·模板,中关联(通用+WPS章节),1.0,0.0,
工作汇报ppt免费模板,PPT,模板获取,模板,PPT·模板获取·模板,中关联(通用+WPS章节),1.0,0.0,
汇报ppt,PPT,品牌直达,通用,PPT·品牌直达·通用,高关联(整篇WPS),1.0,0.0,
年终总结ppt模板免费,PPT,模板获取,模板,PPT·模板获取·模板,中关联(通用+WPS章节),1.0,0.0,
年终汇报ppt,PPT,品牌直达,通用,PPT·品牌直达·通用,高关联(整篇WPS),1.0,0.0,
年终述职报告ppt模板,PPT,模板获取,模板,PPT·模板获取·模板,中关联(通用+WPS章节),1.0,0.0,
年终总结报告ppt模板,PPT,模板获取,模板,PPT·模板获取·模板,中关联(通用+WPS章节),1.0,0.0,
ppt年终总结免费模板,PPT,模板获取,模板,PPT·模板获取·模板,中关联(通用+WPS章节),1.0,0.0,
年终述职ppt模板,PPT,模板获取,模板,PPT·模板获取·模板,中关联(通用+WPS章节),1.0,0.0,
工作汇报ppt模板,PPT,模板获取,模板,PPT·模板获取·模板,中关联(通用+WPS章节),1.0,0.0,
年终汇报ppt模板,PPT,模板获取,模板,PPT·模板获取·模板,中关联(通用+WPS章节),1.0,0.0,
仓库年终总结报告ppt,PPT,品牌直达,通用,PPT·品牌直达·通用,高关联(整篇WPS),1.0,0.0,
年终总结报告ppt,PPT,品牌直达,通用,PPT·品牌直达·通用,高关联(整篇WPS),1.0,0.0,
ppt汇报模板免费,PPT,模板获取,模板,PPT·模板获取·模板,中关联(通用+WPS章节),1.0,0.0,
述职汇报ppt,PPT,品牌直达,通用,PPT·品牌直达·通用,高关联(整篇WPS),1.0,0.0,
人力资源年终总结ppt,PPT,品牌直达,通用,PPT·品牌直达·通用,高关联(整篇WPS),1.0,0.0,
年终总结ppt模版,PPT,品牌直达,通用,PPT·品牌直达·通用,高关联(整篇WPS),1.0,0.0,
述职ppt模板,PPT,模板获取,模板,PPT·模板获取·模板,中关联(通用+WPS章节),1.0,0.0,
项目汇报ppt模板,PPT,模板获取,模板,PPT·模板获取·模板,中关联(通用+WPS章节),1.0,0.0,
述职ppt免费模板,PPT,模板获取,模板,PPT·模板获取·模板,中关联(通用+WPS章节),1.0,0.0,
年终个人工作总结ppt模板,PPT,模板获取,模板,PPT·模板获取·模板,中关联(通用+WPS章节),1.0,0.0,
个人年终总结ppt,PPT,品牌直达,通用,PPT·品牌直达·通用,高关联(整篇WPS),1.0,0.0,
年终报告ppt模板,PPT,模板获取,模板,PPT·模板获取·模板,中关联(通用+WPS章节),1.0,0.0,
课题汇报ppt,PPT,品牌直达,通用,PPT·品牌直达·通用,高关联(整篇WPS),1.0,0.0,
ppt汇报模板,PPT,模板获取,模板,PPT·模板获取·模板,中关联(通用+WPS章节),1.0,0.0,
年度汇报ppt,PPT,品牌直达,通用,PPT·品牌直达·通用,高关联(整篇WPS),1.0,0.0,
出纳年终总结ppt,PPT,品牌直达,通用,PPT·品牌直达·通用,高关联(整篇WPS),1.0,0.0,
部门年终总结ppt,PPT,品牌直达,通用,PPT·品牌直达·通用,高关联(整篇WPS),1.0,0.0,
转正汇报ppt,PPT,品牌直达,通用,PPT·品牌直达·通用,高关联(整篇WPS),1.0,0.0,
文献汇报ppt,PPT,品牌直达,通用,PPT·品牌直达·通用,高关联(整篇WPS),1.0,0.0,
总结汇报ppt模板,PPT,模板获取,模板,PPT·模板获取·模板,中关联(通用+WPS章节),1.0,0.0,
免费述职报告ppt模板,PPT,模板获取,模板,PPT·模板获取·模板,中关联(通用+WPS章节),1.0,0.0,
ppt年终总结,PPT,品牌直达,通用,PPT·品牌直达·通用,高关联(整篇WPS),1.0,0.0,
汇报ppt模板,PPT,模板获取,模板,PPT·模板获取·模板,中关联(通用+WPS章节),1.0,0.0,
学术汇报ppt,PPT,品牌直达,通用,PPT·品牌直达·通用,高关联(整篇WPS),1.0,0.0,
述职报告ppt模板范文,PPT,模板获取,模板,PPT·模板获取·模板,中关联(通用+WPS章节),1.0,0.0,
课题结题汇报ppt,PPT,品牌直达,通用,PPT·品牌直达·通用,高关联(整篇WPS),1.0,0.0,
ppt模板年终总结,PPT,模板获取,模板,PPT·模板获取·模板,中关联(通用+WPS章节),1.0,0.0,
工作汇报总结ppt,PPT,品牌直达,通用,PPT·品牌直达·通用,高关联(整篇WPS),1.0,0.0,
病例汇报ppt模板,PPT,模板获取,模板,PPT·模板获取·模板,中关联(通用+WPS章节),1.0,0.0,
年度汇报ppt模板,PPT,模板获取,模板,PPT·模板获取·模板,中关联(通用+WPS章节),1.0,0.0,
财务年终总结ppt,PPT,品牌直达,通用,PPT·品牌直达·通用,高关联(整篇WPS),1.0,0.0,
项目验收汇报ppt,PPT,品牌直达,通用,PPT·品牌直达·通用,高关联(整篇WPS),1.0,0.0,
年终总结ppt免费模板,PPT,模板获取,模板,PPT·模板获取·模板,中关联(通用+WPS章节),1.0,0.0,
年终总结ppt怎么写,PPT,教程操作,通用,PPT·教程操作·通用,中关联(通用+WPS章节),1.0,0.0,
项目进度汇报ppt,PPT,品牌直达,通用,PPT·品牌直达·通用,高关联(整篇WPS),1.0,0.0,
财务部年终总结ppt,PPT,品牌直达,通用,PPT·品牌直达·通用,高关联(整篇WPS),1.0,0.0,
年度述职ppt模板,PPT,模板获取,模板,PPT·模板获取·模板,中关联(通用+WPS章节),1.0,0.0,
ppt年终总结模板,PPT,模板获取,模板,PPT·模板获取·模板,中关联(通用+WPS章节),1.0,0.0,
年终总结个人ppt,PPT,品牌直达,通用,PPT·品牌直达·通用,高关联(整篇WPS),1.0,0.0,
销售年终总结ppt,PPT,品牌直达,通用,PPT·品牌直达·通用,高关联(整篇WPS),1.0,0.0,
年终总结ppt,PPT,品牌直达,通用,PPT·品牌直达·通用,高关联(整篇WPS),1.0,0.0,
年终总结ppt模板免费下载,PPT,模板获取,模板,PPT·模板获取·模板,中关联(通用+WPS章节),1.0,0.0,
ppt述职模板,PPT,模板获取,模板,PPT·模板获取·模板,中关联(通用+WPS章节),1.0,0.0,
年终ppt模板,PPT,模板获取,模板,PPT·模板获取·模板,中关联(通用+WPS章节),1.0,0.0,
年终总结ppt模板下载,PPT,模板获取,模板,PPT·模板获取·模板,中关联(通用+WPS章节),1.0,0.0,
年度工作汇报ppt,PPT,品牌直达,通用,PPT·品牌直达·通用,高关联(整篇WPS),1.0,0.0,
个人述职报告ppt模板,PPT,模板获取,模板,PPT·模板获取·模板,中关联(通用+WPS章节),1.0,0.0,
转正述职ppt模板,PPT,模板获取,模板,PPT·模板获取·模板,中关联(通用+WPS章节),1.0,0.0,
财务年终汇报ppt,PPT,品牌直达,通用,PPT·品牌直达·通用,高关联(整篇WPS),1.0,0.0,
年度总结汇报ppt,PPT,品牌直达,通用,PPT·品牌直达·通用,高关联(整篇WPS),1.0,0.0,
个人简历ppt模板,PPT,模板获取,模板,PPT·模板获取·模板,中关联(通用+WPS章节),1.0,0.0,
个人简历ppt,PPT,品牌直达,简历,PPT·品牌直达·简历,高关联(整篇WPS),1.0,0.0,
word简历模板,Word,模板获取,模板,Word·模板获取·模板,中关联(通用+WPS章节),0.4224,0.0,
简历模板word,Word,模板获取,模板,Word·模板获取·模板,中关联(通用+WPS章节),0.4224,0.0,
个人简历word,Word,品牌直达,简历,Word·品牌直达·简历,高关联(整篇WPS),0.4224,0.0,
简历word,Word,品牌直达,简历,Word·品牌直达·简历,高关联(整篇WPS),0.4224,0.0,
pdf简历模板免费,PDF,模板获取,模板,PDF·模板获取·模板,中关联(通用+WPS章节),0.2212,0.0,
个人简历模板word格式,Word,模板获取,模板,Word·模板获取·模板,中关联(通用+WPS章节),0.4224,0.0,
求职简历ppt,PPT,品牌直达,简历,PPT·品牌直达·简历,高关联(整篇WPS),1.0,0.0,
个人简历ppt免费,PPT,品牌直达,简历,PPT·品牌直达·简历,高关联(整篇WPS),1.0,0.0,
个人简历封面word下载,Word,模板获取,简历,Word·模板获取·简历,中关联(通用+WPS章节),0.4224,0.0,
个人简历word模板,Word,模板获取,模板,Word·模板获取·模板,中关联(通用+WPS章节),0.4224,0.0,
简历word模板,Word,模板获取,模板,Word·模板获取·模板,中关联(通用+WPS章节),0.4224,0.0,
简历ppt,PPT,品牌直达,简历,PPT·品牌直达·简历,高关联(整篇WPS),1.0,0.0,
word简历,Word,品牌直达,简历,Word·品牌直达·简历,高关联(整篇WPS),0.4224,0.0,
简历ppt模板,PPT,模板获取,模板,PPT·模板获取·模板,中关联(通用+WPS章节),1.0,0.0,
个人简历模板word,Word,模板获取,模板,Word·模板获取·模板,中关联(通用+WPS章节),0.4224,0.0,
word个人简历模板,Word,模板获取,模板,Word·模板获取·模板,中关联(通用+WPS章节),0.4224,0.0,
excel模板,Excel,模板获取,模板,Excel·模板获取·模板,中关联(通用+WPS章节),0.274,0.0,
excel表格模板,Excel,模板获取,模板,Excel·模板获取·模板,中关联(通用+WPS章节),0.274,0.0,
销售报表excel模板,Excel,模板获取,模板,Excel·模板获取·模板,中关联(通用+WPS章节),0.274,0.0,
资产负债表模板excel,Excel,模板获取,模板,Excel·模板获取·模板,中关联(通用+WPS章节),0.274,0.0,
excel甘特图模板,Excel,模板获取,模板,Excel·模板获取·模板,中关联(通用+WPS章节),0.274,0.0,
excel图表模板,Excel,教程操作,图表,Excel·教程操作·图表,中关联(通用+WPS章节),0.274,0.0,
ppt表格模板,PPT,模板获取,模板,PPT·模板获取·模板,中关联(通用+WPS章节),1.0,0.0,
wps模板官网,WPS综合,模板获取,模板,WPS综合·模板获取·模板,中关联(通用+WPS章节),0.8135,1.0,
WPS模板官网,WPS综合,模板获取,模板,WPS综合·模板获取·模板,中关联(通用+WPS章节),0.8135,1.0,
WPS模板,WPS综合,模板获取,模板,WPS综合·模板获取·模板,中关联(通用+WPS章节),0.8135,1.0,
WPS在线模板,云文档/在线,模板获取,模板,云文档/在线·模板获取·模板,中关联(通用+WPS章节),0.4399,1.0,
word模板,Word,模板获取,模板,Word·模板获取·模板,中关联(通用+WPS章节),0.4224,0.0,
pdf模板,PDF,模板获取,模板,PDF·模板获取·模板,中关联(通用+WPS章节),0.2212,0.0,
会议记录模板word,Word,模板获取,模板,Word·模板获取·模板,中关联(通用+WPS章节),0.4224,0.0,
word文档模板,Word,模板获取,模板,Word·模板获取·模板,中关联(通用+WPS章节),0.4224,125.0,
组织结构图word模板,Word,模板获取,模板,Word·模板获取·模板,中关联(通用+WPS章节),0.4224,0.0,
word封面模板,Word,模板获取,模板,Word·模板获取·模板,中关联(通用+WPS章节),0.4224,0.0,
课程表word模板下载,Word,模板获取,模板,Word·模板获取·模板,中关联(通用+WPS章节),0.4224,0.0,
word信纸模板免费,Word,模板获取,模板,Word·模板获取·模板,中关联(通用+WPS章节),0.4224,0.0,
免费word模板,Word,模板获取,模板,Word·模板获取·模板,中关联(通用+WPS章节),0.4224,0.0,
开题报告模板word,Word,模板获取,模板,Word·模板获取·模板,中关联(通用+WPS章节),0.4224,0.0,
项目计划书模板word,Word,模板获取,模板,Word·模板获取·模板,中关联(通用+WPS章节),0.4224,0.0,
档案盒标签模板word,Word,模板获取,模板,Word·模板获取·模板,中关联(通用+WPS章节),0.4224,0.0,
公司抬头信纸word模板,Word,模板获取,模板,Word·模板获取·模板,中关联(通用+WPS章节),0.4224,0.0,
word模板免费下载,Word,模板获取,模板,Word·模板获取·模板,中关联(通用+WPS章节),0.4224,0.0,
会议纪要模板word模板,Word,模板获取,模板,Word·模板获取·模板,中关联(通用+WPS章节),0.4224,0.0,
田字格word模板,Word,模板获取,模板,Word·模板获取·模板,中关联(通用+WPS章节),0.4224,0.0,
word 目录模板,Word,教程操作,目录,Word·教程操作·目录,中关联(通用+WPS章节),0.4224,0.0,
word模板文件的扩展名,Word,模板获取,模板,Word·模板获取·模板,中关联(通用+WPS章节),0.4224,0.0,
word模板下载,Word,模板获取,模板,Word·模板获取·模板,中关联(通用+WPS章节),0.4224,0.0,
职业生涯规划书模板word,Word,模板获取,模板,Word·模板获取·模板,中关联(通用+WPS章节),0.4224,0.0,
电子小报模板word版,Word,模板获取,模板,Word·模板获取·模板,中关联(通用+WPS章节),0.4224,0.0,
word模板制作,Word,教程操作,模板,Word·教程操作·模板,中关联(通用+WPS章节),0.4224,0.0,
word免费模板,Word,模板获取,模板,Word·模板获取·模板,中关联(通用+WPS章节),0.4224,0.0,
在线办公协作工具,云文档/在线,教程操作,通用,云文档/在线·教程操作·通用,中关联(通用+WPS章节),0.4399,0.0,
wps在线协作,云文档/在线,教程操作,通用,云文档/在线·教程操作·通用,中关联(通用+WPS章节),0.4399,2.0,
WPS Office 在线协作,云文档/在线,教程操作,通用,云文档/在线·教程操作·通用,中关联(通用+WPS章节),0.4399,1.0,
wps协作文档,云文档/在线,教程操作,通用,云文档/在线·教程操作·通用,中关联(通用+WPS章节),0.4399,1.0,
WPS支持多人在线协作编辑WORD\EXCEL和PPT文档,PPT,教程操作,通用,PPT·教程操作·通用,中关联(通用+WPS章节),1.0,1.0,
在线协作WORD,Word,教程操作,通用,Word·教程操作·通用,中关联(通用+WPS章节),0.4224,1.0,
wps在线协作网址,云文档/在线,教程操作,通用,云文档/在线·教程操作·通用,中关联(通用+WPS章节),0.4399,1.0,
wps多人共享在线协作在线excel,Excel,教程操作,通用,Excel·教程操作·通用,中关联(通用+WPS章节),0.274,1.0,
WPS在线协作,云文档/在线,教程操作,通用,云文档/在线·教程操作·通用,中关联(通用+WPS章节),0.4399,1.0,
在线制作文档,云文档/在线,教程操作,通用,云文档/在线·教程操作·通用,中关联(通用+WPS章节),0.4399,1.0,
怎么制作在线文档让所有人编辑,云文档/在线,教程操作,通用,云文档/在线·教程操作·通用,中关联(通用+WPS章节),0.4399,1.0,
ppt在线制作一键生成,WPS AI,教程操作,通用,WPS AI·教程操作·通用,中关联(通用+WPS章节),0.0,0.0,
ppt在线制作,PPT,教程操作,通用,PPT·教程操作·通用,中关联(通用+WPS章节),1.0,0.0,
在线制作ppt,PPT,教程操作,通用,PPT·教程操作·通用,中关联(通用+WPS章节),1.0,0.0,
在线制作PPT,PPT,教程操作,通用,PPT·教程操作·通用,中关联(通用+WPS章节),1.0,0.0,S
在线制作Excel表格,Excel,教程操作,表格,Excel·教程操作·表格,中关联(通用+WPS章节),0.274,0.0,S
在线制作Word文档,Word,教程操作,通用,Word·教程操作·通用,中关联(通用+WPS章节),0.4224,0.0,S
在线做PPT免费,PPT,品牌直达,通用,PPT·品牌直达·通用,高关联(整篇WPS),1.0,0.0,S
在线编辑PPT,PPT,教程操作,通用,PPT·教程操作·通用,中关联(通用+WPS章节),1.0,0.0,S
在线制作简历,云文档/在线,教程操作,简历,云文档/在线·教程操作·简历,中关联(通用+WPS章节),0.4399,0.0,A
在线编辑Excel表格,Excel,教程操作,表格,Excel·教程操作·表格,中关联(通用+WPS章节),0.274,0.0,A
在线编辑Word文档,Word,教程操作,通用,Word·教程操作·通用,中关联(通用+WPS章节),0.4224,0.0,A
在线做Excel表格免费,Excel,品牌直达,表格,Excel·品牌直达·表格,高关联(整篇WPS),0.274,0.0,A
在线做Word文档免费,Word,品牌直达,通用,Word·品牌直达·通用,高关联(整篇WPS),0.4224,0.0,A
在线制作年终总结PPT,PPT,教程操作,通用,PPT·教程操作·通用,中关联(通用+WPS章节),1.0,0.0,A
在线制作汇报PPT,PPT,教程操作,通用,PPT·教程操作·通用,中关联(通用+WPS章节),1.0,0.0,A
在线制作论文答辩PPT,PPT,教程操作,通用,PPT·教程操作·通用,中关联(通用+WPS章节),1.0,0.0,A
WPS在线制作PPT,PPT,教程操作,通用,PPT·教程操作·通用,中关联(通用+WPS章节),1.0,0.0,A
在线多人编辑Excel,Excel,教程操作,通用,Excel·教程操作·通用,中关联(通用+WPS章节),0.274,0.0,A
在线多人编辑PPT,PPT,教程操作,通用,PPT·教程操作·通用,中关联(通用+WPS章节),1.0,0.0,A
在线多人编辑Word,Word,教程操作,通用,Word·教程操作·通用,中关联(通用+WPS章节),0.4224,0.0,A
金山文档在线制作PPT,PPT,教程操作,通用,PPT·教程操作·通用,中关联(通用+WPS章节),1.0,0.0,A
金山文档在线制作表格,Excel,教程操作,表格,Excel·教程操作·表格,中关联(通用+WPS章节),0.274,0.0,A
WPS在线制作Excel表格,Excel,教程操作,表格,Excel·教程操作·表格,中关联(通用+WPS章节),0.274,0.0,A
WPS在线制作Word文档,Word,教程操作,通用,Word·教程操作·通用,中关联(通用+WPS章节),0.4224,0.0,A
在线共享文档怎么做,云文档/在线,教程操作,通用,云文档/在线·教程操作·通用,中关联(通用+WPS章节),0.4399,0.0,A
在线共享表格怎么做,Excel,教程操作,表格,Excel·教程操作·表格,中关联(通用+WPS章节),0.274,0.0,A
在线制作合同,云文档/在线,教程操作,通用,云文档/在线·教程操作·通用,中关联(通用+WPS章节),0.4399,0.0,A
金山文档在线制作Word,Word,教程操作,通用,Word·教程操作·通用,中关联(通用+WPS章节),0.4224,0.0,A
WPS网页版怎么做PPT,PPT,教程操作,通用,PPT·教程操作·通用,中关联(通用+WPS章节),1.0,0.0,A
WPS网页版怎么做表格,Excel,教程操作,表格,Excel·教程操作·表格,中关联(通用+WPS章节),0.274,0.0,A
WPS网页版怎么编辑Word,Word,教程操作,通用,Word·教程操作·通用,中关联(通用+WPS章节),0.4224,0.0,A
在线制作证明,云文档/在线,教程操作,通用,云文档/在线·教程操作·通用,中关联(通用+WPS章节),0.4399,0.0,A
WPS网页版入口,云文档/在线,品牌直达,通用,云文档/在线·品牌直达·通用,高关联(整篇WPS),0.4399,5.0,A
WPS在线文档怎么用,云文档/在线,教程操作,通用,云文档/在线·教程操作·通用,中关联(通用+WPS章节),0.4399,0.0,A
金山文档和WPS区别,云文档/在线,对比选型,通用,云文档/在线·对比选型·通用,低关联(方法论轻带),0.4399,109.0,A
WPS云文档安全吗,云文档/在线,品牌直达,通用,云文档/在线·品牌直达·通用,高关联(整篇WPS),0.4399,0.0,A
WPS多人协作怎么用,云文档/在线,教程操作,通用,云文档/在线·教程操作·通用,中关联(通用+WPS章节),0.4399,0.0,A
WPS文档怎么分享给别人,云文档/在线,教程操作,通用,云文档/在线·教程操作·通用,中关联(通用+WPS章节),0.4399,0.0,A
WPS在线编辑怎么用,云文档/在线,教程操作,通用,云文档/在线·教程操作·通用,中关联(通用+WPS章节),0.4399,0.0,B
WPS表单怎么收集信息,WPS综合,教程操作,通用,WPS综合·教程操作·通用,中关联(通用+WPS章节),0.8135,0.0,B
WPS云同步怎么开启,WPS综合,教程操作,通用,WPS综合·教程操作·通用,中关联(通用+WPS章节),0.8135,0.0,B
word在线编辑,Word,教程操作,通用,Word·教程操作·通用,中关联(通用+WPS章节),0.4224,5.0,
在线word,Word,品牌直达,通用,Word·品牌直达·通用,高关联(整篇WPS),0.4224,2.0,
在线word文档编辑,Word,教程操作,通用,Word·教程操作·通用,中关联(通用+WPS章节),0.4224,1.0,
在线word编辑,Word,教程操作,通用,Word·教程操作·通用,中关联(通用+WPS章节),0.4224,1.0,
pdf在线编辑,PDF,教程操作,通用,PDF·教程操作·通用,中关联(通用+WPS章节),0.2212,1.0,
word文档在线编辑,Word,教程操作,通用,Word·教程操作·通用,中关联(通用+WPS章节),0.4224,1.0,
云文档删除的文件怎么恢复,云文档/在线,教程操作,通用,云文档/在线·教程操作·通用,中关联(通用+WPS章节),0.4399,0.0,
云文档在哪里找,云文档/在线,品牌直达,通用,云文档/在线·品牌直达·通用,低关联(方法论轻带),0.4399,0.0,
云文档怎么保存到本地,云文档/在线,教程操作,通用,云文档/在线·教程操作·通用,中关联(通用+WPS章节),0.4399,0.0,
云文档怎么保存到桌面,云文档/在线,教程操作,通用,云文档/在线·教程操作·通用,中关联(通用+WPS章节),0.4399,0.0,
云文档怎么创建,云文档/在线,教程操作,通用,云文档/在线·教程操作·通用,中关联(通用+WPS章节),0.4399,0.0,
云文档怎么删除,云文档/在线,教程操作,通用,云文档/在线·教程操作·通用,中关联(通用+WPS章节),0.4399,0.0,
云文档是什么意思,云文档/在线,功能认知,通用,云文档/在线·功能认知·通用,中关联(通用+WPS章节),0.4399,0.0,
云文档空间已满怎么删除,云文档/在线,教程操作,通用,云文档/在线·教程操作·通用,中关联(通用+WPS章节),0.4399,0.0,
在线云文档,云文档/在线,品牌直达,通用,云文档/在线·品牌直达·通用,低关联(方法论轻带),0.4399,0.0,
在线办公什么意思,云文档/在线,功能认知,通用,云文档/在线·功能认知·通用,中关联(通用+WPS章节),0.4399,0.0,
在线办公软件有哪些,云文档/在线,功能认知,通用,云文档/在线·功能认知·通用,中关联(通用+WPS章节),0.4399,0.0,
线上工作,其他/泛,品牌直达,通用,其他/泛·品牌直达·通用,低关联(方法论轻带),0.0,0.0,
阿里云文档,云文档/在线,品牌直达,通用,云文档/在线·品牌直达·通用,低关联(方法论轻带),0.4399,0.0,
wps在线编辑,云文档/在线,教程操作,通用,云文档/在线·教程操作·通用,中关联(通用+WPS章节),0.4399,174.0,
wps在线文档,云文档/在线,品牌直达,通用,云文档/在线·品牌直达·通用,高关联(整篇WPS),0.4399,94.0,
金山文档表格在线编辑,Excel,教程操作,表格,Excel·教程操作·表格,中关联(通用+WPS章节),0.274,26.0,
WPS在线编辑,云文档/在线,教程操作,通用,云文档/在线·教程操作·通用,中关联(通用+WPS章节),0.4399,25.0,
在线文档wps,云文档/在线,品牌直达,通用,云文档/在线·品牌直达·通用,高关联(整篇WPS),0.4399,25.0,
wps在线文档网页版,云文档/在线,品牌直达,通用,云文档/在线·品牌直达·通用,高关联(整篇WPS),0.4399,25.0,
金山软件在线办公官网,云文档/在线,品牌直达,通用,云文档/在线·品牌直达·通用,高关联(整篇WPS),0.4399,23.0,
金山文档,云文档/在线,品牌直达,通用,云文档/在线·品牌直达·通用,高关联(整篇WPS),0.4399,126969.0,
wps 在线文档,云文档/在线,品牌直达,通用,云文档/在线·品牌直达·通用,高关联(整篇WPS),0.4399,16.0,
WPS在线文档网页版,云文档/在线,品牌直达,通用,云文档/在线·品牌直达·通用,高关联(整篇WPS),0.4399,15.0,
网页版wps在线编辑,云文档/在线,教程操作,通用,云文档/在线·教程操作·通用,中关联(通用+WPS章节),0.4399,15.0,
WPS在线文档,云文档/在线,品牌直达,通用,云文档/在线·品牌直达·通用,高关联(整篇WPS),0.4399,14.0,
wps金山文档,云文档/在线,品牌直达,通用,云文档/在线·品牌直达·通用,高关联(整篇WPS),0.4399,437.0,
WPS 在线文档,云文档/在线,品牌直达,通用,云文档/在线·品牌直达·通用,高关联(整篇WPS),0.4399,10.0,
在线文档WPS,云文档/在线,品牌直达,通用,云文档/在线·品牌直达·通用,高关联(整篇WPS),0.4399,9.0,
wps在线excel,Excel,品牌直达,通用,Excel·品牌直达·通用,高关联(整篇WPS),0.274,9.0,
wps在线文档编辑,云文档/在线,教程操作,通用,云文档/在线·教程操作·通用,中关联(通用+WPS章节),0.4399,8.0,
在线编辑文档,云文档/在线,教程操作,通用,云文档/在线·教程操作·通用,中关联(通用+WPS章节),0.4399,8.0,
wps云文档,云文档/在线,品牌直达,通用,云文档/在线·品牌直达·通用,高关联(整篇WPS),0.4399,7.0,
金山文档网页版登录入口,云文档/在线,品牌直达,通用,云文档/在线·品牌直达·通用,高关联(整篇WPS),0.4399,5773.0,
wps在线办公,云文档/在线,品牌直达,通用,云文档/在线·品牌直达·通用,高关联(整篇WPS),0.4399,6.0,
WPS 在线编辑,云文档/在线,教程操作,通用,云文档/在线·教程操作·通用,中关联(通用+WPS章节),0.4399,5.0,
wps云文档网页版,云文档/在线,品牌直达,通用,云文档/在线·品牌直达·通用,高关联(整篇WPS),0.4399,5.0,
金山文档 wps 官网,云文档/在线,品牌直达,通用,云文档/在线·品牌直达·通用,高关联(整篇WPS),0.4399,5.0,
wps在线编辑文档,云文档/在线,教程操作,通用,云文档/在线·教程操作·通用,中关联(通用+WPS章节),0.4399,5.0,
wps在线文档入口,云文档/在线,品牌直达,通用,云文档/在线·品牌直达·通用,高关联(整篇WPS),0.4399,4.0,
WPS在线文档官网,云文档/在线,品牌直达,通用,云文档/在线·品牌直达·通用,高关联(整篇WPS),0.4399,4.0,
wps表格在线编辑,Excel,教程操作,表格,Excel·教程操作·表格,中关联(通用+WPS章节),0.274,4.0,
wps在线文档多人编辑,云文档/在线,教程操作,通用,云文档/在线·教程操作·通用,中关联(通用+WPS章节),0.4399,4.0,
wps在线文档官网,云文档/在线,品牌直达,通用,云文档/在线·品牌直达·通用,高关联(整篇WPS),0.4399,4.0,
WPS在线word,Word,品牌直达,通用,Word·品牌直达·通用,高关联(整篇WPS),0.4224,3.0,
WPS在线编辑器,云文档/在线,教程操作,通用,云文档/在线·教程操作·通用,中关联(通用+WPS章节),0.4399,3.0,
wps在线文档地址,云文档/在线,品牌直达,通用,云文档/在线·品牌直达·通用,高关联(整篇WPS),0.4399,3.0,
wps文档在线编辑,云文档/在线,教程操作,通用,云文档/在线·教程操作·通用,中关联(通用+WPS章节),0.4399,3.0,
word在线编辑网页版,Word,教程操作,通用,Word·教程操作·通用,中关联(通用+WPS章节),0.4224,3.0,
金山文档电脑网页版,云文档/在线,品牌直达,通用,云文档/在线·品牌直达·通用,高关联(整篇WPS),0.4399,298.0,
文档在线编辑怎么弄,云文档/在线,教程操作,通用,云文档/在线·教程操作·通用,中关联(通用+WPS章节),0.4399,2.0,
在线word网页版,Word,品牌直达,通用,Word·品牌直达·通用,高关联(整篇WPS),0.4224,2.0,
wps云文档登录入口,云文档/在线,品牌直达,通用,云文档/在线·品牌直达·通用,高关联(整篇WPS),0.4399,2.0,
wps金山文档在线编辑,云文档/在线,教程操作,通用,云文档/在线·教程操作·通用,中关联(通用+WPS章节),0.4399,2.0,
金山文档网页版,云文档/在线,品牌直达,通用,云文档/在线·品牌直达·通用,高关联(整篇WPS),0.4399,2903.0,
金山表格在线编辑,Excel,教程操作,表格,Excel·教程操作·表格,中关联(通用+WPS章节),0.274,2.0,
wps在线编辑docx,Word,教程操作,通用,Word·教程操作·通用,中关联(通用+WPS章节),0.4224,2.0,
WPS在线word官方API,Word,品牌直达,通用,Word·品牌直达·通用,高关联(整篇WPS),0.4224,2.0,
wps word在线编辑,Word,教程操作,通用,Word·教程操作·通用,中关联(通用+WPS章节),0.4224,2.0,
wps 在线编辑,云文档/在线,教程操作,通用,云文档/在线·教程操作·通用,中关联(通用+WPS章节),0.4399,2.0,
WPS在线编辑版,云文档/在线,教程操作,通用,云文档/在线·教程操作·通用,中关联(通用+WPS章节),0.4399,2.0,
金山在线办公软件官网,云文档/在线,品牌直达,通用,云文档/在线·品牌直达·通用,高关联(整篇WPS),0.4399,2.0,
WPS多人在线编辑表格,Excel,教程操作,表格,Excel·教程操作·表格,中关联(通用+WPS章节),0.274,2.0,
wps在线文档网页,云文档/在线,品牌直达,通用,云文档/在线·品牌直达·通用,高关联(整篇WPS),0.4399,2.0,
wps在线文档编辑入口,云文档/在线,教程操作,通用,云文档/在线·教程操作·通用,中关联(通用+WPS章节),0.4399,2.0,
WPS 官网 在线文档,云文档/在线,品牌直达,通用,云文档/在线·品牌直达·通用,高关联(整篇WPS),0.4399,2.0,
WPS文档在线编辑,云文档/在线,教程操作,通用,云文档/在线·教程操作·通用,中关联(通用+WPS章节),0.4399,2.0,
在线excel wps 网页,Excel,品牌直达,通用,Excel·品牌直达·通用,高关联(整篇WPS),0.274,2.0,
金山wps云文档,云文档/在线,品牌直达,通用,云文档/在线·品牌直达·通用,高关联(整篇WPS),0.4399,294.0,
WPS表格在线编辑,Excel,教程操作,表格,Excel·教程操作·表格,中关联(通用+WPS章节),0.274,2.0,
wps 在线word,Word,品牌直达,通用,Word·品牌直达·通用,高关联(整篇WPS),0.4224,2.0,
wps在线word,Word,品牌直达,通用,Word·品牌直达·通用,高关联(整篇WPS),0.4224,2.0,
在线文档编辑,云文档/在线,教程操作,通用,云文档/在线·教程操作·通用,中关联(通用+WPS章节),0.4399,2.0,
在线编辑,云文档/在线,教程操作,通用,云文档/在线·教程操作·通用,中关联(通用+WPS章节),0.4399,2.0,
在线word浏览器,Word,品牌直达,通用,Word·品牌直达·通用,高关联(整篇WPS),0.4224,2.0,
在线编辑wps,云文档/在线,教程操作,通用,云文档/在线·教程操作·通用,中关联(通用+WPS章节),0.4399,2.0,
WPS Office-支持多人在线编辑多种文档格式_WPS官方网站,云文档/在线,教程操作,通用,云文档/在线·教程操作·通用,中关联(通用+WPS章节),0.4399,2.0,
WPS文件在线编辑,云文档/在线,教程操作,通用,云文档/在线·教程操作·通用,中关联(通用+WPS章节),0.4399,2.0,
wpsoffice在线文档,云文档/在线,品牌直达,通用,云文档/在线·品牌直达·通用,高关联(整篇WPS),0.4399,2.0,
WPs在线编辑,云文档/在线,教程操作,通用,云文档/在线·教程操作·通用,中关联(通用+WPS章节),0.4399,2.0,
wps在线编辑表格,Excel,教程操作,表格,Excel·教程操作·表格,中关联(通用+WPS章节),0.274,2.0,
怎么弄在线文档多人编辑,云文档/在线,教程操作,通用,云文档/在线·教程操作·通用,中关联(通用+WPS章节),0.4399,2.0,
金山在线文档网页版,云文档/在线,品牌直达,通用,云文档/在线·品牌直达·通用,高关联(整篇WPS),0.4399,49.0,
wps网页在线文档,云文档/在线,品牌直达,通用,云文档/在线·品牌直达·通用,高关联(整篇WPS),0.4399,1.0,
wps在线编辑网页版,云文档/在线,教程操作,通用,云文档/在线·教程操作·通用,中关联(通用+WPS章节),0.4399,1.0,
wps云文档官网,云文档/在线,品牌直达,通用,云文档/在线·品牌直达·通用,高关联(整篇WPS),0.4399,1.0,
WPS365在线编辑,云文档/在线,教程操作,通用,云文档/在线·教程操作·通用,中关联(通用+WPS章节),0.4399,1.0,
WPS 在线编辑器,云文档/在线,教程操作,通用,云文档/在线·教程操作·通用,中关联(通用+WPS章节),0.4399,1.0,
在线办公wps,云文档/在线,品牌直达,通用,云文档/在线·品牌直达·通用,高关联(整篇WPS),0.4399,1.0,
WPS 网页版在线文档,云文档/在线,品牌直达,通用,云文档/在线·品牌直达·通用,高关联(整篇WPS),0.4399,1.0,
WPS的在线文档官网,云文档/在线,品牌直达,通用,云文档/在线·品牌直达·通用,高关联(整篇WPS),0.4399,1.0,
在线文档wps创建,云文档/在线,教程操作,通用,云文档/在线·教程操作·通用,中关联(通用+WPS章节),0.4399,1.0,
word在线编辑wps,Word,教程操作,通用,Word·教程操作·通用,中关联(通用+WPS章节),0.4224,1.0,
wps在线编辑excel,Excel,教程操作,通用,Excel·教程操作·通用,中关联(通用+WPS章节),0.274,1.0,
支持多人在线编辑Word、Excel和PPT文档,PPT,教程操作,通用,PPT·教程操作·通用,中关联(通用+WPS章节),1.0,1.0,
金山文档网页,云文档/在线,品牌直达,通用,云文档/在线·品牌直达·通用,高关联(整篇WPS),0.4399,1.0,
WPS在线办公,云文档/在线,品牌直达,通用,云文档/在线·品牌直达·通用,高关联(整篇WPS),0.4399,1.0,
wps团队在线文档,云文档/在线,品牌直达,通用,云文档/在线·品牌直达·通用,高关联(整篇WPS),0.4399,1.0,
wps在线文档登陆入口,云文档/在线,品牌直达,通用,云文档/在线·品牌直达·通用,高关联(整篇WPS),0.4399,1.0,
wps word文档在线编辑,Word,教程操作,通用,Word·教程操作·通用,中关联(通用+WPS章节),0.4224,1.0,
wps 在线文档官网,云文档/在线,品牌直达,通用,云文档/在线·品牌直达·通用,高关联(整篇WPS),0.4399,1.0,
wps多人在线编辑,云文档/在线,教程操作,通用,云文档/在线·教程操作·通用,中关联(通用+WPS章节),0.4399,1.0,
wps office在线编辑文档,云文档/在线,教程操作,通用,云文档/在线·教程操作·通用,中关联(通用+WPS章节),0.4399,1.0,
wps金山文档官网,云文档/在线,品牌直达,通用,云文档/在线·品牌直达·通用,高关联(整篇WPS),0.4399,1.0,
在线文档编辑 wps,云文档/在线,教程操作,通用,云文档/在线·教程操作·通用,中关联(通用+WPS章节),0.4399,1.0,
在线编辑 SDK wps,云文档/在线,教程操作,通用,云文档/在线·教程操作·通用,中关联(通用+WPS章节),0.4399,1.0,
wps在线文档’,云文档/在线,品牌直达,通用,云文档/在线·品牌直达·通用,高关联(整篇WPS),0.4399,1.0,
在线word打开,Word,品牌直达,通用,Word·品牌直达·通用,高关联(整篇WPS),0.4224,1.0,
"word,Excel文档在线编辑网站",Excel,教程操作,通用,Excel·教程操作·通用,中关联(通用+WPS章节),0.274,1.0,
wps 文档中心在线文档,云文档/在线,品牌直达,通用,云文档/在线·品牌直达·通用,高关联(整篇WPS),0.4399,1.0,
在线excel文档 wps,Excel,品牌直达,通用,Excel·品牌直达·通用,高关联(整篇WPS),0.274,1.0,
WPS在线文档网页端,云文档/在线,品牌直达,通用,云文档/在线·品牌直达·通用,高关联(整篇WPS),0.4399,1.0,
金山文档网页版入口,云文档/在线,品牌直达,通用,云文档/在线·品牌直达·通用,高关联(整篇WPS),0.4399,1.0,
WPS 在线文档网页版,云文档/在线,品牌直达,通用,云文档/在线·品牌直达·通用,高关联(整篇WPS),0.4399,1.0,
在线文档多人编辑哪家好,云文档/在线,教程操作,通用,云文档/在线·教程操作·通用,中关联(通用+WPS章节),0.4399,1.0,
WPS有在线文档嘛,云文档/在线,品牌直达,通用,云文档/在线·品牌直达·通用,高关联(整篇WPS),0.4399,1.0,
金山文档在线编辑,云文档/在线,教程操作,通用,云文档/在线·教程操作·通用,中关联(通用+WPS章节),0.4399,978.0,
wps金山文档在线编辑官网,云文档/在线,教程操作,通用,云文档/在线·教程操作·通用,中关联(通用+WPS章节),0.4399,1.0,
wps文档在线文档,云文档/在线,品牌直达,通用,云文档/在线·品牌直达·通用,高关联(整篇WPS),0.4399,1.0,
wps Excel在线编辑,Excel,教程操作,通用,Excel·教程操作·通用,中关联(通用+WPS章节),0.274,1.0,
wps在线编辑文档怎么创建,云文档/在线,教程操作,通用,云文档/在线·教程操作·通用,中关联(通用+WPS章节),0.4399,1.0,
在线文档 PPT,PPT,品牌直达,通用,PPT·品牌直达·通用,高关联(整篇WPS),1.0,1.0,
金山在线编辑网站,云文档/在线,教程操作,通用,云文档/在线·教程操作·通用,中关联(通用+WPS章节),0.4399,1.0,
wps网页在线编辑,云文档/在线,教程操作,通用,云文档/在线·教程操作·通用,中关联(通用+WPS章节),0.4399,1.0,
wps在线编辑创建,云文档/在线,教程操作,通用,云文档/在线·教程操作·通用,中关联(通用+WPS章节),0.4399,1.0,
wps在线word文档,Word,品牌直达,通用,Word·品牌直达·通用,高关联(整篇WPS),0.4224,1.0,
WPS 在线文档99,云文档/在线,品牌直达,通用,云文档/在线·品牌直达·通用,高关联(整篇WPS),0.4399,1.0,
表格在线编辑,Excel,教程操作,表格,Excel·教程操作·表格,中关联(通用+WPS章节),0.274,1.0,
wps office 在线文档,云文档/在线,品牌直达,通用,云文档/在线·品牌直达·通用,高关联(整篇WPS),0.4399,1.0,
wps有没有在线编辑功能,云文档/在线,教程操作,通用,云文档/在线·教程操作·通用,中关联(通用+WPS章节),0.4399,1.0,
wps的在线文档,云文档/在线,品牌直达,通用,云文档/在线·品牌直达·通用,高关联(整篇WPS),0.4399,1.0,
wps office在线编辑,云文档/在线,教程操作,通用,云文档/在线·教程操作·通用,中关联(通用+WPS章节),0.4399,1.0,
金山文档 wps,云文档/在线,品牌直达,通用,云文档/在线·品牌直达·通用,高关联(整篇WPS),0.4399,1.0,
WPS在线文档网址,云文档/在线,品牌直达,通用,云文档/在线·品牌直达·通用,高关联(整篇WPS),0.4399,1.0,
wps 在线编辑 服务,云文档/在线,教程操作,通用,云文档/在线·教程操作·通用,中关联(通用+WPS章节),0.4399,1.0,
wps在线EXCEL,Excel,品牌直达,通用,Excel·品牌直达·通用,高关联(整篇WPS),0.274,1.0,
WPS在线文档编辑,云文档/在线,教程操作,通用,云文档/在线·教程操作·通用,中关联(通用+WPS章节),0.4399,1.0,
在线编辑金山,云文档/在线,教程操作,通用,云文档/在线·教程操作·通用,中关联(通用+WPS章节),0.4399,1.0,
WPS 在线文档网址,云文档/在线,品牌直达,通用,云文档/在线·品牌直达·通用,高关联(整篇WPS),0.4399,1.0,
wps在线文档登录,云文档/在线,品牌直达,通用,云文档/在线·品牌直达·通用,高关联(整篇WPS),0.4399,1.0,
金山文档/pWkQexXleGneEBk,云文档/在线,品牌直达,通用,云文档/在线·品牌直达·通用,高关联(整篇WPS),0.4399,1.0,
WPS 在线文档页面,云文档/在线,品牌直达,通用,云文档/在线·品牌直达·通用,高关联(整篇WPS),0.4399,1.0,
wps文档表格在线编辑,Excel,教程操作,表格,Excel·教程操作·表格,中关联(通用+WPS章节),0.274,1.0,
wpsd 在线文档,云文档/在线,品牌直达,通用,云文档/在线·品牌直达·通用,高关联(整篇WPS),0.4399,1.0,
金山文档表格在线编辑官网,Excel,教程操作,表格,Excel·教程操作·表格,中关联(通用+WPS章节),0.274,1.0,
金山文档官网入口,云文档/在线,品牌直达,通用,云文档/在线·品牌直达·通用,高关联(整篇WPS),0.4399,1.0,
wps在线编辑入口,云文档/在线,教程操作,通用,云文档/在线·教程操作·通用,中关联(通用+WPS章节),0.4399,1.0,
在线excel wps,Excel,品牌直达,通用,Excel·品牌直达·通用,高关联(整篇WPS),0.274,1.0,
WPS在线文档登录,云文档/在线,品牌直达,通用,云文档/在线·品牌直达·通用,高关联(整篇WPS),0.4399,1.0,
Ppt在线编辑,PPT,教程操作,通用,PPT·教程操作·通用,中关联(通用+WPS章节),1.0,1.0,
wps首页在线文档首页,云文档/在线,品牌直达,通用,云文档/在线·品牌直达·通用,高关联(整篇WPS),0.4399,1.0,
在线EXCEL wps,Excel,品牌直达,通用,Excel·品牌直达·通用,高关联(整篇WPS),0.274,1.0,
在线wps 在线文档,云文档/在线,品牌直达,通用,云文档/在线·品牌直达·通用,高关联(整篇WPS),0.4399,1.0,
wps多人在线编辑文档,云文档/在线,教程操作,通用,云文档/在线·教程操作·通用,中关联(通用+WPS章节),0.4399,1.0,
在线编辑word excel pdf,PDF,教程操作,通用,PDF·教程操作·通用,中关联(通用+WPS章节),0.2212,1.0,
在线word文档编辑 wps,Word,教程操作,通用,Word·教程操作·通用,中关联(通用+WPS章节),0.4224,1.0,
金山在线办公官网,云文档/在线,品牌直达,通用,云文档/在线·品牌直达·通用,高关联(整篇WPS),0.4399,1.0,
WPS 在线办公,云文档/在线,品牌直达,通用,云文档/在线·品牌直达·通用,高关联(整篇WPS),0.4399,1.0,
wps在线编辑器,云文档/在线,教程操作,通用,云文档/在线·教程操作·通用,中关联(通用+WPS章节),0.4399,1.0,
在线文档 wps,云文档/在线,品牌直达,通用,云文档/在线·品牌直达·通用,高关联(整篇WPS),0.4399,1.0,
wps在线Excel,Excel,品牌直达,通用,Excel·品牌直达·通用,高关联(整篇WPS),0.274,1.0,
腾讯云文档,云文档/在线,品牌直达,通用,云文档/在线·品牌直达·通用,低关联(方法论轻带),0.4399,1.0,
WPS云端,云文档/在线,品牌直达,通用,云文档/在线·品牌直达·通用,高关联(整篇WPS),0.4399,1.0,
中国wps在线文档,云文档/在线,品牌直达,通用,云文档/在线·品牌直达·通用,高关联(整篇WPS),0.4399,1.0,
WPS在线编辑表格,Excel,教程操作,表格,Excel·教程操作·表格,中关联(通用+WPS章节),0.274,1.0,
WPS365在线办公,云文档/在线,品牌直达,通用,云文档/在线·品牌直达·通用,高关联(整篇WPS),0.4399,1.0,
wps ppt多人在线编辑,PPT,教程操作,通用,PPT·教程操作·通用,中关联(通用+WPS章节),1.0,1.0,
WPS Office 在线编辑,云文档/在线,教程操作,通用,云文档/在线·教程操作·通用,中关联(通用+WPS章节),0.4399,1.0,
wps在线文档、,云文档/在线,品牌直达,通用,云文档/在线·品牌直达·通用,高关联(整篇WPS),0.4399,1.0,
在线编辑WPS,云文档/在线,教程操作,通用,云文档/在线·教程操作·通用,中关联(通用+WPS章节),0.4399,1.0,
wps局域网多人在线编辑文档,云文档/在线,教程操作,通用,云文档/在线·教程操作·通用,中关联(通用+WPS章节),0.4399,1.0,
wps在线文档网址,云文档/在线,品牌直达,通用,云文档/在线·品牌直达·通用,高关联(整篇WPS),0.4399,1.0,
WPS金山文档,云文档/在线,品牌直达,通用,云文档/在线·品牌直达·通用,高关联(整篇WPS),0.4399,437.0,
在线word wps,Word,品牌直达,通用,Word·品牌直达·通用,高关联(整篇WPS),0.4224,1.0,
wps在线文档网页版登录,云文档/在线,品牌直达,通用,云文档/在线·品牌直达·通用,高关联(整篇WPS),0.4399,1.0,
word网在线编辑,Word,教程操作,通用,Word·教程操作·通用,中关联(通用+WPS章节),0.4224,1.0,
wps在线文档企业版,云文档/在线,品牌直达,通用,云文档/在线·品牌直达·通用,高关联(整篇WPS),0.4399,1.0,
wps网页版在线编辑,云文档/在线,教程操作,通用,云文档/在线·教程操作·通用,中关联(通用+WPS章节),0.4399,1.0,
pdf在线编辑器,PDF,教程操作,通用,PDF·教程操作·通用,中关联(通用+WPS章节),0.2212,0.0,
在线excel,Excel,品牌直达,通用,Excel·品牌直达·通用,高关联(整篇WPS),0.274,0.0,
在线编辑pdf,PDF,教程操作,通用,PDF·教程操作·通用,中关联(通用+WPS章节),0.2212,0.0,
excel在线编辑,Excel,教程操作,通用,Excel·教程操作·通用,中关联(通用+WPS章节),0.274,0.0,
在线word文档,Word,品牌直达,通用,Word·品牌直达·通用,高关联(整篇WPS),0.4224,0.0,
在线excel表格,Excel,品牌直达,表格,Excel·品牌直达·表格,高关联(整篇WPS),0.274,0.0,
pdf文件在线编辑,PDF,教程操作,通用,PDF·教程操作·通用,中关联(通用+WPS章节),0.2212,0.0,
ppt在线编辑,PPT,教程操作,通用,PPT·教程操作·通用,中关联(通用+WPS章节),1.0,0.0,
在线编辑word,Word,教程操作,通用,Word·教程操作·通用,中关联(通用+WPS章节),0.4224,0.0,
wps office download,Office通用,品牌直达,通用,Office通用·品牌直达·通用,高关联(整篇WPS),0.857,8.0,
https://365.wps.cn/download365,WPS综合,品牌直达,通用,WPS综合·品牌直达·通用,高关联(整篇WPS),0.8135,5.0,
wps download,WPS综合,品牌直达,通用,WPS综合·品牌直达·通用,高关联(整篇WPS),0.8135,125.0,
https:/www.wps.cn/download,WPS综合,品牌直达,通用,WPS综合·品牌直达·通用,高关联(整篇WPS),0.8135,4.0,
wpsdownload,WPS综合,品牌直达,通用,WPS综合·品牌直达·通用,高关联(整篇WPS),0.8135,2.0,
wps office free download,Office通用,品牌直达,通用,Office通用·品牌直达·通用,高关联(整篇WPS),0.857,2.0,
WPS office download,Office通用,品牌直达,通用,Office通用·品牌直达·通用,高关联(整篇WPS),0.857,1.0,
WPS DOWNLOAD,WPS综合,品牌直达,通用,WPS综合·品牌直达·通用,高关联(整篇WPS),0.8135,125.0,
WPS.CN/DOWNLOAD,WPS综合,品牌直达,通用,WPS综合·品牌直达·通用,高关联(整篇WPS),0.8135,1.0,
wps.cn download,WPS综合,品牌直达,通用,WPS综合·品牌直达·通用,高关联(整篇WPS),0.8135,1.0,
wps365企业版,WPS综合,品牌直达,通用,WPS综合·品牌直达·通用,高关联(整篇WPS),0.8135,14.0,
企业介绍ppt,PPT,功能认知,通用,PPT·功能认知·通用,中关联(通用+WPS章节),1.0,0.0,
协同办公软件有哪些,云文档/在线,功能认知,通用,云文档/在线·功能认知·通用,中关联(通用+WPS章节),0.4399,0.0,
wps企业版,WPS综合,品牌直达,通用,WPS综合·品牌直达·通用,高关联(整篇WPS),0.8135,27.0,
WPS企业版,WPS综合,品牌直达,通用,WPS综合·品牌直达·通用,高关联(整篇WPS),0.8135,12.0,
wps企业版官网,WPS综合,品牌直达,通用,WPS综合·品牌直达·通用,高关联(整篇WPS),0.8135,8.0,
wps企业,WPS综合,品牌直达,通用,WPS综合·品牌直达·通用,高关联(整篇WPS),0.8135,6.0,
企业版wps,WPS综合,品牌直达,通用,WPS综合·品牌直达·通用,高关联(整篇WPS),0.8135,5.0,
珠海金山办公软件有限公司官网,Office通用,品牌直达,通用,Office通用·品牌直达·通用,高关联(整篇WPS),0.857,4.0,
WPS协同办公,云文档/在线,品牌直达,通用,云文档/在线·品牌直达·通用,高关联(整篇WPS),0.4399,3.0,
office协同办公平台,云文档/在线,品牌直达,通用,云文档/在线·品牌直达·通用,高关联(整篇WPS),0.4399,2.0,
WPS企业版 - 正式版 v11.8.2.12219-release /opt/kingsoft/wps-office/office6 Li,Office通用,品牌直达,通用,Office通用·品牌直达·通用,高关联(整篇WPS),0.857,2.0,
wps协同办公,云文档/在线,品牌直达,通用,云文档/在线·品牌直达·通用,高关联(整篇WPS),0.4399,2.0,
WPS企业,WPS综合,品牌直达,通用,WPS综合·品牌直达·通用,高关联(整篇WPS),0.8135,1.0,
WPS在线协同编辑,云文档/在线,教程操作,通用,云文档/在线·教程操作·通用,中关联(通用+WPS章节),0.4399,1.0,
wps企业版官网首页,WPS综合,品牌直达,通用,WPS综合·品牌直达·通用,高关联(整篇WPS),0.8135,1.0,
企业版wps官网入口,WPS综合,品牌直达,通用,WPS综合·品牌直达·通用,高关联(整篇WPS),0.8135,1.0,
wps在线协同,云文档/在线,品牌直达,通用,云文档/在线·品牌直达·通用,高关联(整篇WPS),0.4399,1.0,
wps在线协同文档软件,云文档/在线,品牌直达,通用,云文档/在线·品牌直达·通用,高关联(整篇WPS),0.4399,1.0,
WPS在线协同,云文档/在线,品牌直达,通用,云文档/在线·品牌直达·通用,高关联(整篇WPS),0.4399,1.0,
金山wps企业版官网,WPS综合,品牌直达,通用,WPS综合·品牌直达·通用,高关联(整篇WPS),0.8135,1.0,
企业wps,WPS综合,品牌直达,通用,WPS综合·品牌直达·通用,高关联(整篇WPS),0.8135,1.0,
wps企业版本,WPS综合,品牌直达,通用,WPS综合·品牌直达·通用,高关联(整篇WPS),0.8135,1.0,
wps office企业版,Office通用,品牌直达,通用,Office通用·品牌直达·通用,高关联(整篇WPS),0.857,1.0,
线上协同文档 软件,云文档/在线,品牌直达,通用,云文档/在线·品牌直达·通用,低关联(方法论轻带),0.4399,1.0,
WPS协同办公平台,云文档/在线,品牌直达,通用,云文档/在线·品牌直达·通用,高关联(整篇WPS),0.4399,1.0,
WPS企业版官方网站,WPS综合,品牌直达,通用,WPS综合·品牌直达·通用,高关联(整篇WPS),0.8135,1.0,
wps 企业,WPS综合,品牌直达,通用,WPS综合·品牌直达·通用,高关联(整篇WPS),0.8135,1.0,
wps公司,WPS综合,品牌直达,通用,WPS综合·品牌直达·通用,高关联(整篇WPS),0.8135,1.0,
WPS PDF 企业版 官网,PDF,品牌直达,通用,PDF·品牌直达·通用,高关联(整篇WPS),0.2212,1.0,
WPS365企业版,WPS综合,品牌直达,通用,WPS综合·品牌直达·通用,高关联(整篇WPS),0.8135,1.0,
WPS公司版PDF,PDF,品牌直达,通用,PDF·品牌直达·通用,高关联(整篇WPS),0.2212,1.0,
WPS企业管理,WPS综合,品牌直达,通用,WPS综合·品牌直达·通用,高关联(整篇WPS),0.8135,1.0,
WPS协同编辑,云文档/在线,教程操作,通用,云文档/在线·教程操作·通用,中关联(通用+WPS章节),0.4399,1.0,
WPS协同文档,云文档/在线,品牌直达,通用,云文档/在线·品牌直达·通用,高关联(整篇WPS),0.4399,1.0,
wps365企业版官方网,WPS综合,品牌直达,通用,WPS综合·品牌直达·通用,高关联(整篇WPS),0.8135,1.0,
wps企业版在线,云文档/在线,品牌直达,通用,云文档/在线·品牌直达·通用,高关联(整篇WPS),0.4399,1.0,
公司简介ppt,PPT,功能认知,通用,PPT·功能认知·通用,中关联(通用+WPS章节),1.0,0.0,
公司简介 ppt,PPT,功能认知,通用,PPT·功能认知·通用,中关联(通用+WPS章节),1.0,0.0,
企业ppt,PPT,品牌直达,通用,PPT·品牌直达·通用,高关联(整篇WPS),1.0,0.0,
企业文化ppt,PPT,品牌直达,通用,PPT·品牌直达·通用,高关联(整篇WPS),1.0,0.0,
公司介绍ppt,PPT,功能认知,通用,PPT·功能认知·通用,中关联(通用+WPS章节),1.0,0.0,
组织架构ppt,PPT,品牌直达,通用,PPT·品牌直达·通用,高关联(整篇WPS),1.0,0.0,
公司介绍ppt案例,PPT,功能认知,通用,PPT·功能认知·通用,中关联(通用+WPS章节),1.0,0.0,
企业宣传ppt,PPT,品牌直达,通用,PPT·品牌直达·通用,高关联(整篇WPS),1.0,0.0,
公司法pdf,PDF,品牌直达,通用,PDF·品牌直达·通用,高关联(整篇WPS),0.2212,0.0,
ppt设计公司,PPT,品牌直达,通用,PPT·品牌直达·通用,高关联(整篇WPS),1.0,0.0,
公司年会ppt,PPT,品牌直达,通用,PPT·品牌直达·通用,高关联(整篇WPS),1.0,0.0,
企业简介ppt,PPT,功能认知,通用,PPT·功能认知·通用,中关联(通用+WPS章节),1.0,0.0,
word怎么做组织架构图,Word,教程操作,通用,Word·教程操作·通用,中关联(通用+WPS章节),0.4224,0.0,
wps365政务版,WPS综合,品牌直达,通用,WPS综合·品牌直达·通用,高关联(整篇WPS),0.8135,0.0,
企业办公软件哪个好用,Office通用,对比选型,通用,Office通用·对比选型·通用,低关联(方法论轻带),0.857,0.0,S
信创办公软件有哪些,Office通用,功能认知,通用,Office通用·功能认知·通用,中关联(通用+WPS章节),0.857,0.0,A
政企办公软件国产化替代,Office通用,对比选型,通用,Office通用·对比选型·通用,低关联(方法论轻带),0.857,0.0,A
WPS企业版和个人版区别,WPS综合,对比选型,通用,WPS综合·对比选型·通用,低关联(方法论轻带),0.8135,0.0,B
WPS企业版适合哪些公司,WPS综合,品牌直达,通用,WPS综合·品牌直达·通用,高关联(整篇WPS),0.8135,0.0,B
WPS信创办公解决方案,WPS综合,故障解决,通用,WPS综合·故障解决·通用,中关联(通用+WPS章节),0.8135,0.0,B
WPS企业云文档安全吗,云文档/在线,品牌直达,通用,云文档/在线·品牌直达·通用,高关联(整篇WPS),0.4399,0.0,B
WPS私有化部署,WPS综合,品牌直达,通用,WPS综合·品牌直达·通用,高关联(整篇WPS),0.8135,0.0,B
WPS信创版,WPS综合,品牌直达,通用,WPS综合·品牌直达·通用,高关联(整篇WPS),0.8135,1.0,
wps-office 11.1.0 信创版,Office通用,品牌直达,通用,Office通用·品牌直达·通用,高关联(整篇WPS),0.857,1.0,
ai在线编辑文件,WPS AI,教程操作,通用,WPS AI·教程操作·通用,中关联(通用+WPS章节),0.0,2.0,
ai文案生成器,WPS AI,教程操作,通用,WPS AI·教程操作·通用,中关联(通用+WPS章节),0.0,0.0,
ai智能写作软件,WPS AI,AI认知,通用,WPS AI·AI认知·通用,中关联(通用+WPS章节),0.0,0.0,
ai写作生成器,WPS AI,教程操作,通用,WPS AI·教程操作·通用,中关联(通用+WPS章节),0.0,0.0,
ai文章自动生成工具,WPS AI,教程操作,通用,WPS AI·教程操作·通用,中关联(通用+WPS章节),0.0,0.0,
ai制作文字,WPS AI,教程操作,通用,WPS AI·教程操作·通用,中关联(通用+WPS章节),0.0,0.0,
关于ai技术的论文,WPS AI,AI认知,通用,WPS AI·AI认知·通用,中关联(通用+WPS章节),0.0,0.0,
关于Ai技术的作文,WPS AI,AI认知,通用,WPS AI·AI认知·通用,中关联(通用+WPS章节),0.0,0.0,
ai智能写作,WPS AI,AI认知,通用,WPS AI·AI认知·通用,中关联(通用+WPS章节),0.0,0.0,
智能ai写作,WPS AI,AI认知,通用,WPS AI·AI认知·通用,中关联(通用+WPS章节),0.0,0.0,
智能ai论文降重,WPS AI,AI认知,通用,WPS AI·AI认知·通用,中关联(通用+WPS章节),0.0,0.0,
智能ai论文降重系统,WPS AI,AI认知,通用,WPS AI·AI认知·通用,中关联(通用+WPS章节),0.0,0.0,
ai文字转语音,WPS AI,AI认知,通用,WPS AI·AI认知·通用,中关联(通用+WPS章节),0.0,0.0,
wps ai,WPS AI,AI认知,通用,WPS AI·AI认知·通用,中关联(通用+WPS章节),0.0,7830.0,B
wps办公助手,WPS AI,AI认知,通用,WPS AI·AI认知·通用,中关联(通用+WPS章节),0.0,1.0,B
wps智能表格,WPS AI,AI认知,表格,WPS AI·AI认知·表格,中关联(通用+WPS章节),0.0,1.0,C
AI一键生成PPT,WPS AI,教程操作,通用,WPS AI·教程操作·通用,中关联(通用+WPS章节),0.0,127.0,S
AI做PPT哪个好,WPS AI,对比选型,通用,WPS AI·对比选型·通用,低关联(方法论轻带),0.0,22.0,S
AI生成PPT免费工具,WPS AI,教程操作,通用,WPS AI·教程操作·通用,中关联(通用+WPS章节),0.0,0.0,S
如何用AI做PPT,WPS AI,教程操作,通用,WPS AI·教程操作·通用,中关联(通用+WPS章节),0.0,461.0,S
AI根据大纲生成PPT,WPS AI,教程操作,通用,WPS AI·教程操作·通用,中关联(通用+WPS章节),0.0,0.0,S
根据PPT大纲生成PPT,PPT,教程操作,通用,PPT·教程操作·通用,中关联(通用+WPS章节),1.0,0.0,S
AI PPT生成器哪个好,WPS AI,教程操作,通用,WPS AI·教程操作·通用,中关联(通用+WPS章节),0.0,0.0,S
AI制作PPT软件推荐,WPS AI,教程操作,通用,WPS AI·教程操作·通用,中关联(通用+WPS章节),0.0,0.0,S
AIPPT哪个好用,WPS AI,对比选型,通用,WPS AI·对比选型·通用,低关联(方法论轻带),0.0,0.0,S
AI写PPT工具哪个好,WPS AI,对比选型,通用,WPS AI·对比选型·通用,低关联(方法论轻带),0.0,0.0,S
AI根据文字生成PPT,WPS AI,教程操作,通用,WPS AI·教程操作·通用,中关联(通用+WPS章节),0.0,0.0,S
AI生成PPT哪个好用,WPS AI,教程操作,通用,WPS AI·教程操作·通用,中关联(通用+WPS章节),0.0,19.0,S
AI做PPT免费软件,WPS AI,AI认知,通用,WPS AI·AI认知·通用,中关联(通用+WPS章节),0.0,0.0,S
AI根据PDF生成PPT,WPS AI,教程操作,通用,WPS AI·教程操作·通用,中关联(通用+WPS章节),0.0,0.0,S
AI根据Word文档生成PPT,WPS AI,教程操作,通用,WPS AI·教程操作·通用,中关联(通用+WPS章节),0.0,0.0,S
AI根据主题生成PPT,WPS AI,教程操作,通用,WPS AI·教程操作·通用,中关联(通用+WPS章节),0.0,0.0,S
AI根据文章生成PPT,WPS AI,教程操作,通用,WPS AI·教程操作·通用,中关联(通用+WPS章节),0.0,0.0,S
AI生成PPT哪个免费,WPS AI,教程操作,通用,WPS AI·教程操作·通用,中关联(通用+WPS章节),0.0,0.0,S
AI优化PPT排版,WPS AI,教程操作,通用,WPS AI·教程操作·通用,中关联(通用+WPS章节),0.0,0.0,S
AI做年终总结PPT,WPS AI,AI认知,通用,WPS AI·AI认知·通用,中关联(通用+WPS章节),0.0,0.0,S
AI做教学课件PPT,WPS AI,教程操作,通用,WPS AI·教程操作·通用,中关联(通用+WPS章节),0.0,0.0,S
AI做毕业答辩PPT,WPS AI,AI认知,通用,WPS AI·AI认知·通用,中关联(通用+WPS章节),0.0,0.0,S
AI做论文答辩PPT,WPS AI,AI认知,通用,WPS AI·AI认知·通用,中关联(通用+WPS章节),0.0,0.0,S
AI生成PPT大纲,WPS AI,教程操作,通用,WPS AI·教程操作·通用,中关联(通用+WPS章节),0.0,12.0,S
AI美化PPT,WPS AI,教程操作,通用,WPS AI·教程操作·通用,中关联(通用+WPS章节),0.0,0.0,S
WPS AI做PPT怎么用,WPS AI,教程操作,通用,WPS AI·教程操作·通用,中关联(通用+WPS章节),0.0,0.0,S
国产AI做PPT哪个好,WPS AI,对比选型,通用,WPS AI·对比选型·通用,低关联(方法论轻带),0.0,0.0,S
AI根据思维导图生成PPT,WPS AI,教程操作,通用,WPS AI·教程操作·通用,中关联(通用+WPS章节),0.0,0.0,A
AI生成PPT模板,WPS AI,教程操作,模板,WPS AI·教程操作·模板,中关联(通用+WPS章节),0.0,36.0,A
WPS AI一键生成PPT,WPS AI,教程操作,通用,WPS AI·教程操作·通用,中关联(通用+WPS章节),0.0,0.0,A
WPS AI生成PPT,WPS AI,教程操作,通用,WPS AI·教程操作·通用,中关联(通用+WPS章节),0.0,559.0,A
AI PPT提示词模板,WPS AI,模板获取,模板,WPS AI·模板获取·模板,中关联(通用+WPS章节),0.0,0.0,A
AI生成演讲稿和PPT,WPS AI,教程操作,通用,WPS AI·教程操作·通用,中关联(通用+WPS章节),0.0,0.0,A
WPS AI根据大纲生成PPT,WPS AI,教程操作,通用,WPS AI·教程操作·通用,中关联(通用+WPS章节),0.0,0.0,A
WPS AI生成PPT在哪里,WPS AI,教程操作,通用,WPS AI·教程操作·通用,中关联(通用+WPS章节),0.0,0.0,A
AI做PPT提示词怎么写,WPS AI,教程操作,通用,WPS AI·教程操作·通用,中关联(通用+WPS章节),0.0,0.0,A
根据Excel数据生成PPT,PPT,教程操作,通用,PPT·教程操作·通用,中关联(通用+WPS章节),1.0,0.0,A
根据PDF生成PPT,PDF,教程操作,通用,PDF·教程操作·通用,中关联(通用+WPS章节),0.2212,0.0,A
根据Word文档生成PPT,PPT,教程操作,通用,PPT·教程操作·通用,中关联(通用+WPS章节),1.0,0.0,A
根据主题生成PPT,PPT,教程操作,通用,PPT·教程操作·通用,中关联(通用+WPS章节),1.0,0.0,A
根据会议纪要生成PPT,PPT,教程操作,通用,PPT·教程操作·通用,中关联(通用+WPS章节),1.0,0.0,A
根据思维导图生成PPT,PPT,教程操作,通用,PPT·教程操作·通用,中关联(通用+WPS章节),1.0,0.0,A
根据提示词生成PPT,PPT,教程操作,通用,PPT·教程操作·通用,中关联(通用+WPS章节),1.0,0.0,A
根据文字生成PPT,PPT,教程操作,通用,PPT·教程操作·通用,中关联(通用+WPS章节),1.0,0.0,A
根据文章生成PPT,PPT,教程操作,通用,PPT·教程操作·通用,中关联(通用+WPS章节),1.0,0.0,A
根据素材生成PPT,PPT,教程操作,通用,PPT·教程操作·通用,中关联(通用+WPS章节),1.0,0.0,A
AI做产品介绍PPT,WPS AI,AI认知,通用,WPS AI·AI认知·通用,中关联(通用+WPS章节),0.0,0.0,A
AI做会议汇报PPT,WPS AI,AI认知,通用,WPS AI·AI认知·通用,中关联(通用+WPS章节),0.0,0.0,A
AI做周报PPT,WPS AI,AI认知,通用,WPS AI·AI认知·通用,中关联(通用+WPS章节),0.0,0.0,A
AI做商业计划书PPT,WPS AI,AI认知,通用,WPS AI·AI认知·通用,中关联(通用+WPS章节),0.0,0.0,A
AI做培训课件PPT,WPS AI,AI认知,通用,WPS AI·AI认知·通用,中关联(通用+WPS章节),0.0,0.0,A
AI做工作汇报PPT,WPS AI,AI认知,通用,WPS AI·AI认知·通用,中关联(通用+WPS章节),0.0,0.0,A
AI做市场方案PPT,WPS AI,AI认知,通用,WPS AI·AI认知·通用,中关联(通用+WPS章节),0.0,0.0,A
AI做招商方案PPT,WPS AI,AI认知,通用,WPS AI·AI认知·通用,中关联(通用+WPS章节),0.0,0.0,A
AI做数据报告PPT,WPS AI,AI认知,通用,WPS AI·AI认知·通用,中关联(通用+WPS章节),0.0,0.0,A
AI做月报PPT,WPS AI,AI认知,通用,WPS AI·AI认知·通用,中关联(通用+WPS章节),0.0,0.0,A
AI做活动策划PPT,WPS AI,AI认知,通用,WPS AI·AI认知·通用,中关联(通用+WPS章节),0.0,0.0,A
AI做竞品分析PPT,WPS AI,AI认知,通用,WPS AI·AI认知·通用,中关联(通用+WPS章节),0.0,0.0,A
AI做课程课件PPT,WPS AI,AI认知,通用,WPS AI·AI认知·通用,中关联(通用+WPS章节),0.0,0.0,A
AI做路演PPT,WPS AI,AI认知,通用,WPS AI·AI认知·通用,中关联(通用+WPS章节),0.0,0.0,A
AI做述职报告PPT,WPS AI,AI认知,通用,WPS AI·AI认知·通用,中关联(通用+WPS章节),0.0,0.0,A
AI做项目汇报PPT,WPS AI,AI认知,通用,WPS AI·AI认知·通用,中关联(通用+WPS章节),0.0,0.0,A
WPS AI生成PPT模板,WPS AI,教程操作,模板,WPS AI·教程操作·模板,中关联(通用+WPS章节),0.0,0.0,A
WPS AI生成年终总结PPT,WPS AI,教程操作,通用,WPS AI·教程操作·通用,中关联(通用+WPS章节),0.0,0.0,A
WPS AI生成教学课件PPT,WPS AI,教程操作,通用,WPS AI·教程操作·通用,中关联(通用+WPS章节),0.0,0.0,A
WPS AI生成毕业答辩PPT,WPS AI,教程操作,通用,WPS AI·教程操作·通用,中关联(通用+WPS章节),0.0,0.0,A
WPS AI生成论文答辩PPT,WPS AI,教程操作,通用,WPS AI·教程操作·通用,中关联(通用+WPS章节),0.0,0.0,A
WPS AI根据PDF生成PPT,WPS AI,教程操作,通用,WPS AI·教程操作·通用,中关联(通用+WPS章节),0.0,0.0,A
WPS AI根据Word生成PPT,WPS AI,教程操作,通用,WPS AI·教程操作·通用,中关联(通用+WPS章节),0.0,0.0,A
WPS AI生成PPT收费吗,WPS AI,教程操作,通用,WPS AI·教程操作·通用,中关联(通用+WPS章节),0.0,0.0,A
WPS AI能不能做PPT,WPS AI,AI认知,通用,WPS AI·AI认知·通用,中关联(通用+WPS章节),0.0,0.0,A
AI生成PPT怎么做图表,WPS AI,教程操作,图表,WPS AI·教程操作·图表,中关联(通用+WPS章节),0.0,0.0,A
AI生成PPT怎么套模板,WPS AI,教程操作,模板,WPS AI·教程操作·模板,中关联(通用+WPS章节),0.0,0.0,A
AI生成PPT怎么生成讲稿,WPS AI,教程操作,通用,WPS AI·教程操作·通用,中关联(通用+WPS章节),0.0,0.0,A
WPS AI怎么美化PPT,WPS AI,教程操作,通用,WPS AI·教程操作·通用,中关联(通用+WPS章节),0.0,0.0,A
WPS AI根据Excel数据生成PPT,WPS AI,教程操作,通用,WPS AI·教程操作·通用,中关联(通用+WPS章节),0.0,0.0,A
WPS AI根据PPT大纲生成PPT,WPS AI,教程操作,通用,WPS AI·教程操作·通用,中关联(通用+WPS章节),0.0,0.0,A
WPS AI根据Word文档生成PPT,WPS AI,教程操作,通用,WPS AI·教程操作·通用,中关联(通用+WPS章节),0.0,0.0,A
WPS AI根据主题生成PPT,WPS AI,教程操作,通用,WPS AI·教程操作·通用,中关联(通用+WPS章节),0.0,0.0,A
WPS AI根据会议纪要生成PPT,WPS AI,教程操作,通用,WPS AI·教程操作·通用,中关联(通用+WPS章节),0.0,0.0,A
WPS AI根据思维导图生成PPT,WPS AI,教程操作,通用,WPS AI·教程操作·通用,中关联(通用+WPS章节),0.0,0.0,A
WPS AI根据提示词生成PPT,WPS AI,教程操作,通用,WPS AI·教程操作·通用,中关联(通用+WPS章节),0.0,0.0,A
WPS AI根据文字生成PPT,WPS AI,教程操作,通用,WPS AI·教程操作·通用,中关联(通用+WPS章节),0.0,0.0,A
WPS AI根据文章生成PPT,WPS AI,教程操作,通用,WPS AI·教程操作·通用,中关联(通用+WPS章节),0.0,0.0,A
WPS AI根据素材生成PPT,WPS AI,教程操作,通用,WPS AI·教程操作·通用,中关联(通用+WPS章节),0.0,0.0,A
WPS AI生成产品介绍PPT,WPS AI,教程操作,通用,WPS AI·教程操作·通用,中关联(通用+WPS章节),0.0,0.0,A
WPS AI生成会议汇报PPT,WPS AI,教程操作,通用,WPS AI·教程操作·通用,中关联(通用+WPS章节),0.0,0.0,A
WPS AI生成周报PPT,WPS AI,教程操作,通用,WPS AI·教程操作·通用,中关联(通用+WPS章节),0.0,0.0,A
WPS AI生成商业计划书PPT,WPS AI,教程操作,通用,WPS AI·教程操作·通用,中关联(通用+WPS章节),0.0,0.0,A
WPS AI生成培训课件PPT,WPS AI,教程操作,通用,WPS AI·教程操作·通用,中关联(通用+WPS章节),0.0,0.0,A
WPS AI生成工作汇报PPT,WPS AI,教程操作,通用,WPS AI·教程操作·通用,中关联(通用+WPS章节),0.0,0.0,A
WPS AI生成市场方案PPT,WPS AI,教程操作,通用,WPS AI·教程操作·通用,中关联(通用+WPS章节),0.0,0.0,A
WPS AI生成招商方案PPT,WPS AI,教程操作,通用,WPS AI·教程操作·通用,中关联(通用+WPS章节),0.0,0.0,A
WPS AI生成数据报告PPT,WPS AI,教程操作,通用,WPS AI·教程操作·通用,中关联(通用+WPS章节),0.0,0.0,A
WPS AI生成月报PPT,WPS AI,教程操作,通用,WPS AI·教程操作·通用,中关联(通用+WPS章节),0.0,0.0,A
WPS AI生成活动策划PPT,WPS AI,教程操作,通用,WPS AI·教程操作·通用,中关联(通用+WPS章节),0.0,0.0,A
WPS AI生成竞品分析PPT,WPS AI,教程操作,通用,WPS AI·教程操作·通用,中关联(通用+WPS章节),0.0,0.0,A
WPS AI生成课程课件PPT,WPS AI,教程操作,通用,WPS AI·教程操作·通用,中关联(通用+WPS章节),0.0,0.0,A
WPS AI生成路演PPT,WPS AI,教程操作,通用,WPS AI·教程操作·通用,中关联(通用+WPS章节),0.0,0.0,A
WPS AI生成述职报告PPT,WPS AI,教程操作,通用,WPS AI·教程操作·通用,中关联(通用+WPS章节),0.0,0.0,A
WPS AI生成项目汇报PPT,WPS AI,教程操作,通用,WPS AI·教程操作·通用,中关联(通用+WPS章节),0.0,0.0,A
WPS AI PPT提示词,WPS AI,AI认知,通用,WPS AI·AI认知·通用,中关联(通用+WPS章节),0.0,0.0,A
wps做ppt,PPT,品牌直达,通用,PPT·品牌直达·通用,高关联(整篇WPS),1.0,73.0,B
手机wps做ppt,PPT,品牌直达,通用,PPT·品牌直达·通用,高关联(整篇WPS),1.0,0.0,B
用wps做ppt,PPT,品牌直达,通用,PPT·品牌直达·通用,高关联(整篇WPS),1.0,0.0,B
wps office做ppt,PPT,品牌直达,通用,PPT·品牌直达·通用,高关联(整篇WPS),1.0,0.0,C
wps office办公助手,WPS AI,AI认知,通用,WPS AI·AI认知·通用,中关联(通用+WPS章节),0.0,0.0,C
wps office怎么做ppt,PPT,教程操作,通用,PPT·教程操作·通用,中关联(通用+WPS章节),1.0,0.0,C
wps与办公助手,WPS AI,AI认知,通用,WPS AI·AI认知·通用,中关联(通用+WPS章节),0.0,0.0,C
wps中怎么做ppt,PPT,教程操作,通用,PPT·教程操作·通用,中关联(通用+WPS章节),1.0,0.0,C
wps做ppt怎么添加下一页,PPT,教程操作,通用,PPT·教程操作·通用,中关联(通用+WPS章节),1.0,0.0,C
wps做ppt打开,PPT,品牌直达,通用,PPT·品牌直达·通用,高关联(整篇WPS),1.0,0.0,C
wps做ppt教程,PPT,教程操作,通用,PPT·教程操作·通用,中关联(通用+WPS章节),1.0,0.0,C
wps办公助手怎么关闭,WPS AI,教程操作,通用,WPS AI·教程操作·通用,中关联(通用+WPS章节),0.0,0.0,C
wps可以做ppt,PPT,品牌直达,通用,PPT·品牌直达·通用,高关联(整篇WPS),1.0,0.0,C
wps可以做ppt吗,PPT,品牌直达,通用,PPT·品牌直达·通用,高关联(整篇WPS),1.0,0.0,C
wps如何做ppt,PPT,教程操作,通用,PPT·教程操作·通用,中关联(通用+WPS章节),1.0,0.0,C
wps怎么做ppt动画效果,PPT,教程操作,通用,PPT·教程操作·通用,中关联(通用+WPS章节),1.0,0.0,C
wps怎么做ppt详细步骤,PPT,教程操作,通用,PPT·教程操作·通用,中关联(通用+WPS章节),1.0,0.0,C
wps怎么生成ppt,PPT,教程操作,通用,PPT·教程操作·通用,中关联(通用+WPS章节),1.0,0.0,C
wps手机怎么做ppt,PPT,教程操作,通用,PPT·教程操作·通用,中关联(通用+WPS章节),1.0,0.0,C
wps文字做ppt,PPT,品牌直达,通用,PPT·品牌直达·通用,高关联(整篇WPS),1.0,0.0,C
wps智能写作,WPS AI,AI认知,通用,WPS AI·AI认知·通用,中关联(通用+WPS章节),0.0,0.0,C
wps智能排版,WPS AI,教程操作,通用,WPS AI·教程操作·通用,中关联(通用+WPS章节),0.0,0.0,C
wps生成ppt,PPT,教程操作,通用,PPT·教程操作·通用,中关联(通用+WPS章节),1.0,0.0,C
wps能做ppt,PPT,品牌直达,通用,PPT·品牌直达·通用,高关联(整篇WPS),1.0,0.0,C
wps能做ppt吗,PPT,品牌直达,通用,PPT·品牌直达·通用,高关联(整篇WPS),1.0,0.0,C
如何用wps做ppt,PPT,教程操作,通用,PPT·教程操作·通用,中关联(通用+WPS章节),1.0,0.0,C
怎么用wps做ppt,PPT,教程操作,通用,PPT·教程操作·通用,中关联(通用+WPS章节),1.0,0.0,C
怎样用wps做ppt,PPT,品牌直达,通用,PPT·品牌直达·通用,高关联(整篇WPS),1.0,0.0,C
手机wps office做ppt,PPT,品牌直达,通用,PPT·品牌直达·通用,高关联(整篇WPS),1.0,0.0,C
手机wps上做ppt,PPT,品牌直达,通用,PPT·品牌直达·通用,高关联(整篇WPS),1.0,0.0,C
手机wps如何做ppt,PPT,教程操作,通用,PPT·教程操作·通用,中关联(通用+WPS章节),1.0,0.0,C
手机wps怎么做ppt,PPT,教程操作,通用,PPT·教程操作·通用,中关联(通用+WPS章节),1.0,0.0,C
手机版的wps怎么做ppt,PPT,教程操作,通用,PPT·教程操作·通用,中关联(通用+WPS章节),1.0,0.0,C
用wps怎么做ppt,PPT,教程操作,通用,PPT·教程操作·通用,中关联(通用+WPS章节),1.0,0.0,C
用wps演示做ppt,PPT,教程操作,通用,PPT·教程操作·通用,中关联(通用+WPS章节),1.0,0.0,C
电脑wps做ppt,PPT,品牌直达,通用,PPT·品牌直达·通用,高关联(整篇WPS),1.0,0.0,C
电脑wps做ppt教程,PPT,教程操作,通用,PPT·教程操作·通用,中关联(通用+WPS章节),1.0,0.0,C
电脑wps怎么做ppt,PPT,教程操作,通用,PPT·教程操作·通用,中关联(通用+WPS章节),1.0,0.0,C
WPSAI官方免费下载,WPS AI,下载安装,下载,WPS AI·下载安装·下载,高关联(整篇WPS),0.0,0.0,
WPSai,WPS AI,AI认知,通用,WPS AI·AI认知·通用,中关联(通用+WPS章节),0.0,368.0,
wpsai下载,WPS AI,下载安装,下载,WPS AI·下载安装·下载,高关联(整篇WPS),0.0,0.0,
wpsai功能,WPS AI,AI认知,通用,WPS AI·AI认知·通用,中关联(通用+WPS章节),0.0,0.0,
wpsai功能怎么打开,WPS AI,教程操作,通用,WPS AI·教程操作·通用,中关联(通用+WPS章节),0.0,0.0,
wpsai在哪里打开,WPS AI,AI认知,通用,WPS AI·AI认知·通用,中关联(通用+WPS章节),0.0,176.0,
wpsai怎么使用,WPS AI,教程操作,通用,WPS AI·教程操作·通用,中关联(通用+WPS章节),0.0,0.0,
wpsai怎么关闭,WPS AI,教程操作,通用,WPS AI·教程操作·通用,中关联(通用+WPS章节),0.0,147.0,
wpsai简历怎么免费导出来,WPS AI,教程操作,简历,WPS AI·教程操作·简历,中关联(通用+WPS章节),0.0,0.0,
wpsxiazai,WPS AI,AI认知,通用,WPS AI·AI认知·通用,中关联(通用+WPS章节),0.0,17.0,
WPS AI,WPS AI,AI认知,通用,WPS AI·AI认知·通用,中关联(通用+WPS章节),0.0,7830.0,
wpsai官网入口,WPS AI,AI认知,通用,WPS AI·AI认知·通用,中关联(通用+WPS章节),0.0,12.0,
wpszaixian,WPS AI,AI认知,通用,WPS AI·AI认知·通用,中关联(通用+WPS章节),0.0,8.0,
wps ai官网,WPS AI,AI认知,通用,WPS AI·AI认知·通用,中关联(通用+WPS章节),0.0,5.0,
金山WPSxia'zai,WPS AI,AI认知,通用,WPS AI·AI认知·通用,中关联(通用+WPS章节),0.0,5.0,
WPSAI官网,WPS AI,AI认知,通用,WPS AI·AI认知·通用,中关联(通用+WPS章节),0.0,5.0,
wpsai官网,WPS AI,AI认知,通用,WPS AI·AI认知·通用,中关联(通用+WPS章节),0.0,4.0,
WPSxiazai,WPS AI,AI认知,通用,WPS AI·AI认知·通用,中关联(通用+WPS章节),0.0,4.0,
WPS AI官网,WPS AI,AI认知,通用,WPS AI·AI认知·通用,中关联(通用+WPS章节),0.0,4.0,
zaixianwps,WPS AI,AI认知,通用,WPS AI·AI认知·通用,中关联(通用+WPS章节),0.0,3.0,
WPS Repair Tool,WPS AI,AI认知,通用,WPS AI·AI认知·通用,中关联(通用+WPS章节),0.0,3.0,
wpszaixianban,WPS AI,AI认知,通用,WPS AI·AI认知·通用,中关联(通用+WPS章节),0.0,3.0,
wpsai,WPS AI,AI认知,通用,WPS AI·AI认知·通用,中关联(通用+WPS章节),0.0,368.0,
wps-ai.net,WPS AI,AI认知,通用,WPS AI·AI认知·通用,中关联(通用+WPS章节),0.0,2.0,
wps zaixian,WPS AI,AI认知,通用,WPS AI·AI认知·通用,中关联(通用+WPS章节),0.0,2.0,
WPS xiazai,WPS AI,AI认知,通用,WPS AI·AI认知·通用,中关联(通用+WPS章节),0.0,2.0,
wordzaixian,WPS AI,AI认知,通用,WPS AI·AI认知·通用,中关联(通用+WPS章节),0.0,2.0,
WPSAI官方版下载,WPS AI,下载安装,下载,WPS AI·下载安装·下载,高关联(整篇WPS),0.0,2.0,
wpsai网页版入口官方,WPS AI,AI认知,通用,WPS AI·AI认知·通用,中关联(通用+WPS章节),0.0,2.0,
精^准|代.发 - ＴG：ｙinliuｃaiｓｈen,WPS AI,AI认知,通用,WPS AI·AI认知·通用,中关联(通用+WPS章节),0.0,1.0,
推-广＿咨+询＿ＴG：ｙiｎlｉｕcaishen,WPS AI,AI认知,通用,WPS AI·AI认知·通用,中关联(通用+WPS章节),0.0,1.0,
ＴＧ:ｙiｎｌiｕcaisｈｅｎ - 精^准-代．发,WPS AI,AI认知,通用,WPS AI·AI认知·通用,中关联(通用+WPS章节),0.0,1.0,
ＴＧ：yｉnlｉｕｃaisｈｅｎ | 统+计_引－流,WPS AI,AI认知,通用,WPS AI·AI认知·通用,中关联(通用+WPS章节),0.0,1.0,
谷|歌－搜^索＿TG：yｉｎliｕcaiｓheｎ,WPS AI,AI认知,通用,WPS AI·AI认知·通用,中关联(通用+WPS章节),0.0,1.0,
ＴＧ:yｉnｌiｕcaiｓhen . 流＿量＿咨_询,WPS AI,AI认知,通用,WPS AI·AI认知·通用,中关联(通用+WPS章节),0.0,1.0,
霸+屏＿推_广 / TＧ：yiｎliuｃaiｓhｅn,WPS AI,AI认知,通用,WPS AI·AI认知·通用,中关联(通用+WPS章节),0.0,1.0,
TＧ：yinlｉｕcaiｓhen | 当-天＿见．效,WPS AI,AI认知,通用,WPS AI·AI认知·通用,中关联(通用+WPS章节),0.0,1.0,
TG:ｙiｎliｕcaishｅn / 搜`索+霸|屏,WPS AI,AI认知,通用,WPS AI·AI认知·通用,中关联(通用+WPS章节),0.0,1.0,
TＧ：ｙｉｎlｉｕｃaiｓｈeｎ＿霸－屏 / 宣`传,WPS AI,AI认知,通用,WPS AI·AI认知·通用,中关联(通用+WPS章节),0.0,1.0,
霸－屏|推.广 / TＧ：yｉｎｌｉucaishｅn,WPS AI,AI认知,通用,WPS AI·AI认知·通用,中关联(通用+WPS章节),0.0,1.0,
ＴG:yｉｎｌiｕｃaisｈen . 专-业．代_发,WPS AI,AI认知,通用,WPS AI·AI认知·通用,中关联(通用+WPS章节),0.0,1.0,
推|广－咨_询 - TG：yｉnｌiucaisｈｅｎ,WPS AI,AI认知,通用,WPS AI·AI认知·通用,中关联(通用+WPS章节),0.0,1.0,
WPSzaixian,WPS AI,AI认知,通用,WPS AI·AI认知·通用,中关联(通用+WPS章节),0.0,1.0,
TG:ｙｉｎｌiｕｃaiｓｈｅn＿搜.索+霸＿屏,WPS AI,AI认知,通用,WPS AI·AI认知·通用,中关联(通用+WPS章节),0.0,1.0,
ＴG:ｙinliuｃaishｅｎ / 飞．机^联＿系,WPS AI,AI认知,通用,WPS AI·AI认知·通用,中关联(通用+WPS章节),0.0,1.0,
ＴG：yiｎlｉuｃaishen . 电－报`咨．询,WPS AI,AI认知,通用,WPS AI·AI认知·通用,中关联(通用+WPS章节),0.0,1.0,
技.术_咨＿询＿ＴＧ:yｉｎｌｉｕｃaishｅｎ,WPS AI,AI认知,通用,WPS AI·AI认知·通用,中关联(通用+WPS章节),0.0,1.0,
当＿天.见^效 | ＴG：yinｌｉuｃaishen,WPS AI,AI认知,通用,WPS AI·AI认知·通用,中关联(通用+WPS章节),0.0,1.0,
TＧ：yｉnlｉuｃaiｓｈｅn - 谷_歌^搜_索,WPS AI,AI认知,通用,WPS AI·AI认知·通用,中关联(通用+WPS章节),0.0,1.0,
WPSZAIXIANWENDANG,WPS AI,AI认知,通用,WPS AI·AI认知·通用,中关联(通用+WPS章节),0.0,1.0,
广＿告^宣|传 / TG：ｙiｎliuｃaisheｎ,WPS AI,AI认知,通用,WPS AI·AI认知·通用,中关联(通用+WPS章节),0.0,1.0,
wps+-baijiahao&,WPS AI,AI认知,通用,WPS AI·AI认知·通用,中关联(通用+WPS章节),0.0,1.0,
ＴG：ｙｉnlｉｕｃaishｅn | 广+告.宣`传,WPS AI,AI认知,通用,WPS AI·AI认知·通用,中关联(通用+WPS章节),0.0,1.0,
各|行-业`代－发 / ＴG:ｙｉnliuｃaiｓhｅｎ,WPS AI,AI认知,通用,WPS AI·AI认知·通用,中关联(通用+WPS章节),0.0,1.0,
精＿准.获_客 | TG:ｙｉｎlｉｕｃaiｓｈeｎ,WPS AI,AI认知,通用,WPS AI·AI认知·通用,中关联(通用+WPS章节),0.0,1.0,
精^准`引．流 . ＴG：ｙｉnliｕcaisｈen,WPS AI,AI认知,通用,WPS AI·AI认知·通用,中关联(通用+WPS章节),0.0,1.0,
各＿行－业_代＿发 | TG:ｙｉｎlｉｕcaiｓheｎ,WPS AI,AI认知,通用,WPS AI·AI认知·通用,中关联(通用+WPS章节),0.0,1.0,
TＧ:yｉnliｕｃaiｓｈｅn - 独－家．霸+屏,WPS AI,AI认知,通用,WPS AI·AI认知·通用,中关联(通用+WPS章节),0.0,1.0,
当^天^见.效＿TＧ：ｙinｌiucaisｈｅn,WPS AI,AI认知,通用,WPS AI·AI认知·通用,中关联(通用+WPS章节),0.0,1.0,
ＴG：yｉnｌｉｕcaisｈｅｎ - 霸 / 屏_推．广,WPS AI,AI认知,通用,WPS AI·AI认知·通用,中关联(通用+WPS章节),0.0,1.0,
TG:ｙｉｎlｉｕｃaisｈｅｎ＿霸+屏+宣－传,WPS AI,AI认知,通用,WPS AI·AI认知·通用,中关联(通用+WPS章节),0.0,1.0,
TG：ｙｉnｌｉｕcaiｓhen . 霸_屏＿宣_传,WPS AI,AI认知,通用,WPS AI·AI认知·通用,中关联(通用+WPS章节),0.0,1.0,
蜘－蛛_池 _ TＧ：ｙｉｎｌiucaiｓhen,WPS AI,AI认知,通用,WPS AI·AI认知·通用,中关联(通用+WPS章节),0.0,1.0,
TＧ:ｙiｎliuｃaisｈｅｎ / 产 / 品+宣|传,WPS AI,AI认知,通用,WPS AI·AI认知·通用,中关联(通用+WPS章节),0.0,1.0,
TＧ：ｙｉnｌiｕｃaiｓｈｅｎ | 谷`歌|搜_索,WPS AI,AI认知,通用,WPS AI·AI认知·通用,中关联(通用+WPS章节),0.0,1.0,
电＿报＿咨＿询 _ ＴG:ｙiｎlｉｕcaiｓhｅｎ,WPS AI,AI认知,通用,WPS AI·AI认知·通用,中关联(通用+WPS章节),0.0,1.0,
技－术－咨|询 _ TG:ｙｉｎｌiｕcaiｓhｅn,WPS AI,AI认知,通用,WPS AI·AI认知·通用,中关联(通用+WPS章节),0.0,1.0,
搜_索_引.流＿ＴＧ:ｙiｎｌiｕｃaiｓｈｅn,WPS AI,AI认知,通用,WPS AI·AI认知·通用,中关联(通用+WPS章节),0.0,1.0,
蜘－蛛|池 / ＴＧ：yinｌｉｕｃaishｅｎ,WPS AI,AI认知,通用,WPS AI·AI认知·通用,中关联(通用+WPS章节),0.0,1.0,
各|行`业-代－发 / ＴＧ：ｙｉｎlｉｕｃaiｓｈｅn,WPS AI,AI认知,通用,WPS AI·AI认知·通用,中关联(通用+WPS章节),0.0,1.0,
ＴＧ：yiｎlｉucaisｈｅｎ - 技`术-咨－询,WPS AI,AI认知,通用,WPS AI·AI认知·通用,中关联(通用+WPS章节),0.0,1.0,
ＴＧ：ｙｉｎｌｉuｃaiｓhｅn _ 蜘`蛛.池,WPS AI,AI认知,通用,WPS AI·AI认知·通用,中关联(通用+WPS章节),0.0,1.0,
电 / 报|咨|询 . ＴＧ：ｙinlｉｕｃaisｈｅｎ,WPS AI,AI认知,通用,WPS AI·AI认知·通用,中关联(通用+WPS章节),0.0,1.0,
搜 / 索 / 广-告 - ＴＧ:ｙiｎliucaiｓｈen,WPS AI,AI认知,通用,WPS AI·AI认知·通用,中关联(通用+WPS章节),0.0,1.0,
ＴG:yinｌiucaisheｎ / 广|告^宣＿传,WPS AI,AI认知,通用,WPS AI·AI认知·通用,中关联(通用+WPS章节),0.0,1.0,
推＿广+咨|询 . ＴG：yｉｎliucaisｈｅn,WPS AI,AI认知,通用,WPS AI·AI认知·通用,中关联(通用+WPS章节),0.0,1.0,
广 / 告 / 宣-传 - ＴＧ：yｉnliuｃaishｅn,WPS AI,AI认知,通用,WPS AI·AI认知·通用,中关联(通用+WPS章节),0.0,1.0,
飞＿机-联`系 - ＴG:yｉnlｉｕｃaisｈｅｎ,WPS AI,AI认知,通用,WPS AI·AI认知·通用,中关联(通用+WPS章节),0.0,1.0,
搜_索-优．化＿ＴＧ：yｉｎliｕｃaisｈｅｎ,WPS AI,AI认知,通用,WPS AI·AI认知·通用,中关联(通用+WPS章节),0.0,1.0,
ＴＧ：ｙiｎlｉｕcaisｈｅｎ | 独`家．霸＿屏,WPS AI,AI认知,通用,WPS AI·AI认知·通用,中关联(通用+WPS章节),0.0,1.0,
ＴG：yiｎｌｉuｃaishｅn - 精+准.获＿客,WPS AI,AI认知,通用,WPS AI·AI认知·通用,中关联(通用+WPS章节),0.0,1.0,
统^计－引`流 - ＴG：yiｎｌiuｃaiｓｈｅｎ,WPS AI,AI认知,通用,WPS AI·AI认知·通用,中关联(通用+WPS章节),0.0,1.0,
ＴＧ：yｉnｌｉucaiｓheｎ - 霸^屏^推+广,WPS AI,AI认知,通用,WPS AI·AI认知·通用,中关联(通用+WPS章节),0.0,1.0,
电 / 报+咨_询＿ＴＧ：ｙｉnlｉｕｃaisｈeｎ,WPS AI,AI认知,通用,WPS AI·AI认知·通用,中关联(通用+WPS章节),0.0,1.0,
WPSZAIX,WPS AI,AI认知,通用,WPS AI·AI认知·通用,中关联(通用+WPS章节),0.0,1.0,
霸－屏^推-广 / ＴG:ｙｉｎｌｉuｃaisｈeｎ,WPS AI,AI认知,通用,WPS AI·AI认知·通用,中关联(通用+WPS章节),0.0,1.0,
ＴG：yiｎｌｉuｃaiｓｈen / 当-天`见-效,WPS AI,AI认知,通用,WPS AI·AI认知·通用,中关联(通用+WPS章节),0.0,1.0,
WSP AI,WPS AI,AI认知,通用,WPS AI·AI认知·通用,中关联(通用+WPS章节),0.0,1.0,
ＴG：ｙｉｎliuｃaisｈen _ 搜_索.优.化,WPS AI,AI认知,通用,WPS AI·AI认知·通用,中关联(通用+WPS章节),0.0,1.0,
ＴG:yiｎliｕcaiｓｈｅｎ . 推^广．咨 / 询,WPS AI,AI认知,通用,WPS AI·AI认知·通用,中关联(通用+WPS章节),0.0,1.0,
ＴＧ:yinｌiuｃaiｓhｅn _ 谷 / 歌－搜.索,WPS AI,AI认知,通用,WPS AI·AI认知·通用,中关联(通用+WPS章节),0.0,1.0,
ＴＧ:ｙinｌｉucaiｓｈen _ 飞 / 机`联．系,WPS AI,AI认知,通用,WPS AI·AI认知·通用,中关联(通用+WPS章节),0.0,1.0,
ＴG:ｙiｎｌiucaishen _ 产`品.宣|传,WPS AI,AI认知,通用,WPS AI·AI认知·通用,中关联(通用+WPS章节),0.0,1.0,
ＴG:ｙinliｕcaiｓｈeｎ - 专＿业.代 / 发,WPS AI,AI认知,通用,WPS AI·AI认知·通用,中关联(通用+WPS章节),0.0,1.0,
ＴG：ｙinｌｉｕｃaiｓhｅｎ . 当_天^收.录,WPS AI,AI认知,通用,WPS AI·AI认知·通用,中关联(通用+WPS章节),0.0,1.0,
TＧ:ｙｉｎｌiucaisheｎ - 霸_屏`推-广,WPS AI,AI认知,通用,WPS AI·AI认知·通用,中关联(通用+WPS章节),0.0,1.0,
ＴＧ:ｙｉnｌｉucaishen / 广^告．代`发,WPS AI,AI认知,通用,WPS AI·AI认知·通用,中关联(通用+WPS章节),0.0,1.0,
技+术．咨．询 / TＧ：yｉｎlｉucaisｈｅn,WPS AI,AI认知,通用,WPS AI·AI认知·通用,中关联(通用+WPS章节),0.0,1.0,
-baijiahao,WPS AI,AI认知,通用,WPS AI·AI认知·通用,中关联(通用+WPS章节),0.0,1.0,
ＴG：ｙinｌiｕcaisｈｅｎ＿产－品.宣．传,WPS AI,AI认知,通用,WPS AI·AI认知·通用,中关联(通用+WPS章节),0.0,1.0,
各-行`业-代＿发＿ＴG：yｉｎlｉｕcaiｓｈｅn,WPS AI,AI认知,通用,WPS AI·AI认知·通用,中关联(通用+WPS章节),0.0,1.0,
搜_索＿引+流＿ＴG:ｙｉｎliucaishｅｎ,WPS AI,AI认知,通用,WPS AI·AI认知·通用,中关联(通用+WPS章节),0.0,1.0,
引.流 / 推＿广 _ ＴG:ｙiｎlｉuｃaisheｎ,WPS AI,AI认知,通用,WPS AI·AI认知·通用,中关联(通用+WPS章节),0.0,1.0,
专.业^代．发 / TG：ｙiｎｌｉuｃaisheｎ,WPS AI,AI认知,通用,WPS AI·AI认知·通用,中关联(通用+WPS章节),0.0,1.0,
ＴＧ:ｙｉnｌiuｃaiｓｈen - 精＿准 / 引^流,WPS AI,AI认知,通用,WPS AI·AI认知·通用,中关联(通用+WPS章节),0.0,1.0,
技．术-咨．询 _ ＴG:ｙinliucaisheｎ,WPS AI,AI认知,通用,WPS AI·AI认知·通用,中关联(通用+WPS章节),0.0,1.0,
ＴG：yｉｎｌiucaishｅn . 独-家-霸+屏,WPS AI,AI认知,通用,WPS AI·AI认知·通用,中关联(通用+WPS章节),0.0,1.0,
谷+歌|搜 / 索＿TＧ:yｉnlｉｕcaishｅｎ,WPS AI,AI认知,通用,WPS AI·AI认知·通用,中关联(通用+WPS章节),0.0,1.0,
专|业＿代_发 . TG：yｉｎlｉucaisｈen,WPS AI,AI认知,通用,WPS AI·AI认知·通用,中关联(通用+WPS章节),0.0,1.0,
WPS AI 教育场景官方功能说明,WPS AI,AI认知,通用,WPS AI·AI认知·通用,中关联(通用+WPS章节),0.0,1.0,
ＴＧ：yiｎlｉｕｃaishen | 各|行＿业|代.发,WPS AI,AI认知,通用,WPS AI·AI认知·通用,中关联(通用+WPS章节),0.0,1.0,
灵犀AI,WPS AI,AI认知,通用,WPS AI·AI认知·通用,中关联(通用+WPS章节),0.0,1.0,
广^告_代|发＿ＴＧ:ｙiｎlｉucaiｓheｎ,WPS AI,AI认知,通用,WPS AI·AI认知·通用,中关联(通用+WPS章节),0.0,1.0,
精 / 准|引+流 / TＧ：ｙｉｎlｉｕｃaiｓｈeｎ,WPS AI,AI认知,通用,WPS AI·AI认知·通用,中关联(通用+WPS章节),0.0,1.0,
ＴG：ｙinｌiucaiｓheｎ - 流.量`咨．询,WPS AI,AI认知,通用,WPS AI·AI认知·通用,中关联(通用+WPS章节),0.0,1.0,
推 / 广`咨．询 . TＧ：ｙｉｎliucaishｅｎ,WPS AI,AI认知,通用,WPS AI·AI认知·通用,中关联(通用+WPS章节),0.0,1.0,
ＴG:yｉｎliuｃaishen＿技^术－咨．询,WPS AI,AI认知,通用,WPS AI·AI认知·通用,中关联(通用+WPS章节),0.0,1.0,
wpsAI,WPS AI,AI认知,通用,WPS AI·AI认知·通用,中关联(通用+WPS章节),0.0,368.0,
ＴG:ｙｉnｌiucaiｓhen / 独.家-霸+屏,WPS AI,AI认知,通用,WPS AI·AI认知·通用,中关联(通用+WPS章节),0.0,1.0,
WPS AI 官网,WPS AI,AI认知,通用,WPS AI·AI认知·通用,中关联(通用+WPS章节),0.0,1.0,
wpsAI在线版,WPS AI,AI认知,通用,WPS AI·AI认知·通用,中关联(通用+WPS章节),0.0,1.0,
各．行-业`代 / 发 _ TＧ：ｙiｎlｉucaiｓhｅn,WPS AI,AI认知,通用,WPS AI·AI认知·通用,中关联(通用+WPS章节),0.0,1.0,
ＴＧ：ｙｉnｌｉｕcaiｓhｅn / 搜`索|霸+屏,WPS AI,AI认知,通用,WPS AI·AI认知·通用,中关联(通用+WPS章节),0.0,1.0,
wps.mail.cn,WPS AI,AI认知,通用,WPS AI·AI认知·通用,中关联(通用+WPS章节),0.0,1.0,
TＧ：yinｌiｕcaisｈｅｎ / 专.业_代－发,WPS AI,AI认知,通用,WPS AI·AI认知·通用,中关联(通用+WPS章节),0.0,1.0,
WPS智能表,WPS AI,AI认知,通用,WPS AI·AI认知·通用,中关联(通用+WPS章节),0.0,1.0,
搜-索－广`告 - TＧ：ｙｉｎｌiucaiｓｈen,WPS AI,AI认知,通用,WPS AI·AI认知·通用,中关联(通用+WPS章节),0.0,1.0,
飞_机-联^系 . TＧ:yｉnｌｉｕcaiｓhen,WPS AI,AI认知,通用,WPS AI·AI认知·通用,中关联(通用+WPS章节),0.0,1.0,
ＴG:ｙiｎliｕcaishen . 专.业`代`发,WPS AI,AI认知,通用,WPS AI·AI认知·通用,中关联(通用+WPS章节),0.0,1.0,
WPS ai 官网入口,WPS AI,AI认知,通用,WPS AI·AI认知·通用,中关联(通用+WPS章节),0.0,1.0,
TG：ｙiｎliｕｃaiｓhen＿专|业^代.发,WPS AI,AI认知,通用,WPS AI·AI认知·通用,中关联(通用+WPS章节),0.0,1.0,
ＴG:yｉｎｌｉuｃaiｓheｎ - 精`准.代_发,WPS AI,AI认知,通用,WPS AI·AI认知·通用,中关联(通用+WPS章节),0.0,1.0,
广.告．代 / 发＿ＴＧ:ｙｉnlｉuｃaiｓhen,WPS AI,AI认知,通用,WPS AI·AI认知·通用,中关联(通用+WPS章节),0.0,1.0,
ＴG:yinliuｃaisｈeｎ - 搜.索|广＿告,WPS AI,AI认知,通用,WPS AI·AI认知·通用,中关联(通用+WPS章节),0.0,1.0,
广．告－代|发＿ＴG：yｉnｌｉｕｃaisｈｅｎ,WPS AI,AI认知,通用,WPS AI·AI认知·通用,中关联(通用+WPS章节),0.0,1.0,
霸.屏^推_广 . ＴＧ:yｉｎｌiｕcaiｓｈeｎ,WPS AI,AI认知,通用,WPS AI·AI认知·通用,中关联(通用+WPS章节),0.0,1.0,
灵犀Ai,WPS AI,AI认知,通用,WPS AI·AI认知·通用,中关联(通用+WPS章节),0.0,1.0,
TＧ:yｉｎliucaisｈen _ 当_天-收|录,WPS AI,AI认知,通用,WPS AI·AI认知·通用,中关联(通用+WPS章节),0.0,1.0,
霸^屏．宣-传 . TG:yｉnlｉｕｃaiｓhｅｎ,WPS AI,AI认知,通用,WPS AI·AI认知·通用,中关联(通用+WPS章节),0.0,1.0,
精＿准.引|流 _ ＴG：yｉｎliｕcaisｈｅｎ,WPS AI,AI认知,通用,WPS AI·AI认知·通用,中关联(通用+WPS章节),0.0,1.0,
ＴＧ：yｉｎｌｉｕｃaisｈｅn - 当 / 天`见`效,WPS AI,AI认知,通用,WPS AI·AI认知·通用,中关联(通用+WPS章节),0.0,1.0,
wps ai下载,WPS AI,下载安装,下载,WPS AI·下载安装·下载,高关联(整篇WPS),0.0,1.0,
wps xiazai,WPS AI,AI认知,通用,WPS AI·AI认知·通用,中关联(通用+WPS章节),0.0,1.0,
ＴG:ｙiｎｌｉuｃaiｓｈｅn / 流．量+咨－询,WPS AI,AI认知,通用,WPS AI·AI认知·通用,中关联(通用+WPS章节),0.0,1.0,
流.量.咨^询＿ＴG:yinlｉｕｃaisｈｅn,WPS AI,AI认知,通用,WPS AI·AI认知·通用,中关联(通用+WPS章节),0.0,1.0,
wps智能办公助手,WPS AI,AI认知,通用,WPS AI·AI认知·通用,中关联(通用+WPS章节),0.0,1.0,
zaixianword,WPS AI,AI认知,通用,WPS AI·AI认知·通用,中关联(通用+WPS章节),0.0,1.0,
当.天 / 见|效＿TＧ:ｙｉnliｕcaishｅｎ,WPS AI,AI认知,通用,WPS AI·AI认知·通用,中关联(通用+WPS章节),0.0,1.0,
当.天|收 / 录 | ＴG:ｙiｎliuｃaisｈｅｎ,WPS AI,AI认知,通用,WPS AI·AI认知·通用,中关联(通用+WPS章节),0.0,1.0,
ＴG：ｙｉｎliｕcaiｓｈｅｎ＿精 / 准－引．流,WPS AI,AI认知,通用,WPS AI·AI认知·通用,中关联(通用+WPS章节),0.0,1.0,
ＴG：yiｎliｕcaiｓhｅｎ | 搜`索_霸－屏,WPS AI,AI认知,通用,WPS AI·AI认知·通用,中关联(通用+WPS章节),0.0,1.0,
ＴG:yｉｎｌｉｕｃaiｓhｅn . 技．术^咨_询,WPS AI,AI认知,通用,WPS AI·AI认知·通用,中关联(通用+WPS章节),0.0,1.0,
独`家.霸|屏 - TＧ：ｙｉnｌｉucaisheｎ,WPS AI,AI认知,通用,WPS AI·AI认知·通用,中关联(通用+WPS章节),0.0,1.0,
TＧ：yinｌｉｕcaiｓｈen / 独+家 / 霸－屏,WPS AI,AI认知,通用,WPS AI·AI认知·通用,中关联(通用+WPS章节),0.0,1.0,
TG:ｙiｎlｉuｃaishｅｎ - 搜．索 / 霸|屏,WPS AI,AI认知,通用,WPS AI·AI认知·通用,中关联(通用+WPS章节),0.0,1.0,
当＿天＿见+效＿TG：yｉnｌiucaisｈen,WPS AI,AI认知,通用,WPS AI·AI认知·通用,中关联(通用+WPS章节),0.0,1.0,
TＧ：ｙｉnlｉｕｃaiｓhen＿专^业^代 / 发,WPS AI,AI认知,通用,WPS AI·AI认知·通用,中关联(通用+WPS章节),0.0,1.0,
技-术-咨＿询 . TG：yｉｎｌｉucaiｓhen,WPS AI,AI认知,通用,WPS AI·AI认知·通用,中关联(通用+WPS章节),0.0,1.0,
流．量`咨 / 询 . ＴG:yｉnliｕcaiｓhen,WPS AI,AI认知,通用,WPS AI·AI认知·通用,中关联(通用+WPS章节),0.0,1.0,
广`告．宣_传＿ＴG：yｉnｌｉuｃaiｓhｅｎ,WPS AI,AI认知,通用,WPS AI·AI认知·通用,中关联(通用+WPS章节),0.0,1.0,
精.准＿获.客 | ＴＧ：yｉｎliuｃaishen,WPS AI,AI认知,通用,WPS AI·AI认知·通用,中关联(通用+WPS章节),0.0,1.0,
霸－屏 / 推－广 . ＴG：yｉｎｌｉuｃaiｓheｎ,WPS AI,AI认知,通用,WPS AI·AI认知·通用,中关联(通用+WPS章节),0.0,1.0,
各＿行.业`代`发 | ＴＧ:ｙｉnlｉuｃaiｓhｅn,WPS AI,AI认知,通用,WPS AI·AI认知·通用,中关联(通用+WPS章节),0.0,1.0,
独+家`霸＿屏 . TＧ：ｙinlｉｕcaishｅｎ,WPS AI,AI认知,通用,WPS AI·AI认知·通用,中关联(通用+WPS章节),0.0,1.0,
技．术.咨^询 | ＴG：yｉｎliuｃaishen,WPS AI,AI认知,通用,WPS AI·AI认知·通用,中关联(通用+WPS章节),0.0,1.0,
电．报 / 咨+询 / ＴＧ:yiｎｌiucaishｅn,WPS AI,AI认知,通用,WPS AI·AI认知·通用,中关联(通用+WPS章节),0.0,1.0,
广－告+代.发 - TＧ:ｙinliuｃaishｅn,WPS AI,AI认知,通用,WPS AI·AI认知·通用,中关联(通用+WPS章节),0.0,1.0,
霸.屏.推-广＿TＧ：ｙｉnlｉuｃaiｓhen,WPS AI,AI认知,通用,WPS AI·AI认知·通用,中关联(通用+WPS章节),0.0,1.0,
技 / 术_咨-询 | TＧ:yｉｎｌiuｃaiｓhen,WPS AI,AI认知,通用,WPS AI·AI认知·通用,中关联(通用+WPS章节),0.0,1.0,
wpsXIAZAI,WPS AI,AI认知,通用,WPS AI·AI认知·通用,中关联(通用+WPS章节),0.0,1.0,
ＴＧ：yｉｎｌｉuｃaisｈeｎ＿搜.索.霸_屏,WPS AI,AI认知,通用,WPS AI·AI认知·通用,中关联(通用+WPS章节),0.0,1.0,
ＴG:yｉｎliｕcaiｓｈeｎ _ 引+流.推．广,WPS AI,AI认知,通用,WPS AI·AI认知·通用,中关联(通用+WPS章节),0.0,1.0,
广 / 告^代^发 . ＴＧ：ｙｉｎｌｉｕcaiｓheｎ,WPS AI,AI认知,通用,WPS AI·AI认知·通用,中关联(通用+WPS章节),0.0,1.0,
https://ai.wps.cn/,WPS AI,AI认知,通用,WPS AI·AI认知·通用,中关联(通用+WPS章节),0.0,51.0,
精|准 / 代^发 _ ＴG：yiｎｌiuｃaiｓｈen,WPS AI,AI认知,通用,WPS AI·AI认知·通用,中关联(通用+WPS章节),0.0,1.0,
搜^索+引．流 _ ＴＧ:ｙｉｎliucaiｓｈeｎ,WPS AI,AI认知,通用,WPS AI·AI认知·通用,中关联(通用+WPS章节),0.0,1.0,
ＴG:yiｎlｉucaishｅn _ 当`天 / 见-效,WPS AI,AI认知,通用,WPS AI·AI认知·通用,中关联(通用+WPS章节),0.0,1.0,
ＴG：ｙiｎｌiｕcaiｓｈｅｎ | 产＿品^宣-传,WPS AI,AI认知,通用,WPS AI·AI认知·通用,中关联(通用+WPS章节),0.0,1.0,
金山 智能体,WPS AI,AI认知,通用,WPS AI·AI认知·通用,中关联(通用+WPS章节),0.0,1.0,
TＧ：yiｎｌｉｕｃaiｓhｅｎ / 技`术－咨．询,WPS AI,AI认知,通用,WPS AI·AI认知·通用,中关联(通用+WPS章节),0.0,1.0,
霸 / 屏＿推＿广 | ＴＧ：yinlｉuｃaishｅｎ,WPS AI,AI认知,通用,WPS AI·AI认知·通用,中关联(通用+WPS章节),0.0,1.0,
WPSZAIXIANBAN,WPS AI,AI认知,通用,WPS AI·AI认知·通用,中关联(通用+WPS章节),0.0,1.0,
ＴG:ｙｉnｌｉｕcaishｅｎ＿当＿天 / 见－效,WPS AI,AI认知,通用,WPS AI·AI认知·通用,中关联(通用+WPS章节),0.0,1.0,
ＴG：ｙｉｎliｕcaisｈen＿搜.索`优．化,WPS AI,AI认知,通用,WPS AI·AI认知·通用,中关联(通用+WPS章节),0.0,1.0,
TＧ:ｙinｌiｕｃaiｓhen＿搜-索|引.流,WPS AI,AI认知,通用,WPS AI·AI认知·通用,中关联(通用+WPS章节),0.0,1.0,
搜 / 索`优 / 化 _ ＴＧ：yｉnｌｉucaishｅn,WPS AI,AI认知,通用,WPS AI·AI认知·通用,中关联(通用+WPS章节),0.0,1.0,
精|准-引-流 | TＧ:ｙｉnｌiｕcaiｓｈｅn,WPS AI,AI认知,通用,WPS AI·AI认知·通用,中关联(通用+WPS章节),0.0,1.0,
ＴG：ｙinｌｉuｃaisheｎ / 统－计 / 引.流,WPS AI,AI认知,通用,WPS AI·AI认知·通用,中关联(通用+WPS章节),0.0,1.0,
流^量^咨-询 / TＧ：ｙｉnliｕcaisheｎ,WPS AI,AI认知,通用,WPS AI·AI认知·通用,中关联(通用+WPS章节),0.0,1.0,
搜 / 索+广-告 / ＴG:yｉｎｌiｕｃaiｓheｎ,WPS AI,AI认知,通用,WPS AI·AI认知·通用,中关联(通用+WPS章节),0.0,1.0,
ＴＧ:yinliｕｃaiｓheｎ | 推．广 / 咨^询,WPS AI,AI认知,通用,WPS AI·AI认知·通用,中关联(通用+WPS章节),0.0,1.0,
搜_索|霸.屏 . ＴG：ｙｉnliucaishen,WPS AI,AI认知,通用,WPS AI·AI认知·通用,中关联(通用+WPS章节),0.0,1.0,
WPs Ai,WPS AI,AI认知,通用,WPS AI·AI认知·通用,中关联(通用+WPS章节),0.0,7830.0,
谷 / 歌-搜.索 | ＴG：yinｌｉｕｃaiｓｈｅｎ,WPS AI,AI认知,通用,WPS AI·AI认知·通用,中关联(通用+WPS章节),0.0,1.0,
ＴG：ｙinｌｉucaishｅｎ _ 当－天_收|录,WPS AI,AI认知,通用,WPS AI·AI认知·通用,中关联(通用+WPS章节),0.0,1.0,
搜_索.引+流＿ＴＧ:yinｌｉｕcaiｓheｎ,WPS AI,AI认知,通用,WPS AI·AI认知·通用,中关联(通用+WPS章节),0.0,1.0,
搜．索.霸 / 屏 . ＴＧ:ｙｉnｌiucaiｓhen,WPS AI,AI认知,通用,WPS AI·AI认知·通用,中关联(通用+WPS章节),0.0,1.0,
ＴG:ｙｉｎlｉuｃaishｅｎ _ 推-广`咨－询,WPS AI,AI认知,通用,WPS AI·AI认知·通用,中关联(通用+WPS章节),0.0,1.0,
产.品 / 宣＿传 - TＧ:yｉnｌiuｃaishｅｎ,WPS AI,AI认知,通用,WPS AI·AI认知·通用,中关联(通用+WPS章节),0.0,1.0,
TＧ：ｙｉnｌiuｃaisｈeｎ | 专.业-代 / 发,WPS AI,AI认知,通用,WPS AI·AI认知·通用,中关联(通用+WPS章节),0.0,1.0,
wps ai官网入口,WPS AI,AI认知,通用,WPS AI·AI认知·通用,中关联(通用+WPS章节),0.0,1.0,
AI WPS,WPS AI,AI认知,通用,WPS AI·AI认知·通用,中关联(通用+WPS章节),0.0,42.0,
TＧ：yｉｎｌｉｕｃaisheｎ . 霸^屏＿推.广,WPS AI,AI认知,通用,WPS AI·AI认知·通用,中关联(通用+WPS章节),0.0,1.0,
精+准`引^流 / ＴＧ:yinlｉuｃaisｈen,WPS AI,AI认知,通用,WPS AI·AI认知·通用,中关联(通用+WPS章节),0.0,1.0,
TＧ:ｙｉnlｉｕcaishen - 引＿流^推 / 广,WPS AI,AI认知,通用,WPS AI·AI认知·通用,中关联(通用+WPS章节),0.0,1.0,
TＧ：yｉnｌｉucaisｈen / 霸_屏．推＿广,WPS AI,AI认知,通用,WPS AI·AI认知·通用,中关联(通用+WPS章节),0.0,1.0,
产|品|宣^传 . ＴG：ｙiｎlｉucaisheｎ,WPS AI,AI认知,通用,WPS AI·AI认知·通用,中关联(通用+WPS章节),0.0,1.0,
ＴG:yiｎlｉｕｃaishｅｎ | 推．广 / 咨-询,WPS AI,AI认知,通用,WPS AI·AI认知·通用,中关联(通用+WPS章节),0.0,1.0,
ＴG:ｙｉｎｌiucaiｓhｅｎ＿飞－机+联 / 系,WPS AI,AI认知,通用,WPS AI·AI认知·通用,中关联(通用+WPS章节),0.0,1.0,
TG：yｉnlｉucaishｅn . 广|告－代|发,WPS AI,AI认知,通用,WPS AI·AI认知·通用,中关联(通用+WPS章节),0.0,1.0,
wpsguanwangxiazai,WPS AI,AI认知,通用,WPS AI·AI认知·通用,中关联(通用+WPS章节),0.0,1.0,
ＴＧ:yｉｎliuｃaishｅｎ . 当 / 天+收-录,WPS AI,AI认知,通用,WPS AI·AI认知·通用,中关联(通用+WPS章节),0.0,1.0,
TＧ:ｙｉｎlｉuｃaisｈen / 技．术`咨 / 询,WPS AI,AI认知,通用,WPS AI·AI认知·通用,中关联(通用+WPS章节),0.0,1.0,
ＴＧ:ｙiｎｌiｕｃaishｅn - 产．品-宣－传,WPS AI,AI认知,通用,WPS AI·AI认知·通用,中关联(通用+WPS章节),0.0,1.0,
ＴG:ｙｉnｌiｕcaisheｎ＿搜 / 索－引`流,WPS AI,AI认知,通用,WPS AI·AI认知·通用,中关联(通用+WPS章节),0.0,1.0,
精．准`代^发 | ＴＧ:ｙｉｎlｉucaisｈｅｎ,WPS AI,AI认知,通用,WPS AI·AI认知·通用,中关联(通用+WPS章节),0.0,1.0,
wps安装ai插件,WPS AI,下载安装,安装,WPS AI·下载安装·安装,高关联(整篇WPS),0.0,1.0,
独|家-霸`屏＿ＴＧ：ｙinｌｉｕcaiｓｈeｎ,WPS AI,AI认知,通用,WPS AI·AI认知·通用,中关联(通用+WPS章节),0.0,1.0,
TＧ：ｙinｌiuｃaishen / 霸|屏＿推^广,WPS AI,AI认知,通用,WPS AI·AI认知·通用,中关联(通用+WPS章节),0.0,1.0,
TＧ：yiｎlｉuｃaisｈｅｎ _ 广－告_代_发,WPS AI,AI认知,通用,WPS AI·AI认知·通用,中关联(通用+WPS章节),0.0,1.0,
霸|屏－宣-传 . ＴＧ：yiｎliｕcaiｓheｎ,WPS AI,AI认知,通用,WPS AI·AI认知·通用,中关联(通用+WPS章节),0.0,1.0,
搜+索_广＿告 - ＴＧ:yｉｎlｉucaisｈeｎ,WPS AI,AI认知,通用,WPS AI·AI认知·通用,中关联(通用+WPS章节),0.0,1.0,
ＴG：ｙｉnｌｉuｃaisｈeｎ - 精`准＿引+流,WPS AI,AI认知,通用,WPS AI·AI认知·通用,中关联(通用+WPS章节),0.0,1.0,
ＴG：ｙinｌiｕｃaisheｎ＿谷`歌-搜-索,WPS AI,AI认知,通用,WPS AI·AI认知·通用,中关联(通用+WPS章节),0.0,1.0,
谷|歌.搜＿索＿TＧ:yｉnliｕcaiｓhen,WPS AI,AI认知,通用,WPS AI·AI认知·通用,中关联(通用+WPS章节),0.0,1.0,
ＴG:ｙｉｎｌｉｕｃaisheｎ＿当`天.收－录,WPS AI,AI认知,通用,WPS AI·AI认知·通用,中关联(通用+WPS章节),0.0,1.0,
TＧ：yinｌiucaiｓｈｅn | 百-度-搜-索,WPS AI,AI认知,通用,WPS AI·AI认知·通用,中关联(通用+WPS章节),0.0,1.0,
ＴG:ｙinlｉucaisｈｅｎ _ 百－度．搜|索,WPS AI,AI认知,通用,WPS AI·AI认知·通用,中关联(通用+WPS章节),0.0,1.0,
百＿度+搜.索 . ＴG：ｙｉnliucaisheｎ,WPS AI,AI认知,通用,WPS AI·AI认知·通用,中关联(通用+WPS章节),0.0,1.0,
专_业^代.发 - TG:yｉnliucaiｓｈｅn,WPS AI,AI认知,通用,WPS AI·AI认知·通用,中关联(通用+WPS章节),0.0,1.0,
TＧ:ｙｉｎｌｉucaiｓhen＿精-准－代－发,WPS AI,AI认知,通用,WPS AI·AI认知·通用,中关联(通用+WPS章节),0.0,1.0,
ＴＧ：ｙｉｎliucaiｓｈｅｎ _ 搜+索－引_流,WPS AI,AI认知,通用,WPS AI·AI认知·通用,中关联(通用+WPS章节),0.0,1.0,
引|流＿推`广 - ＴG：ｙiｎlｉucaisｈeｎ,WPS AI,AI认知,通用,WPS AI·AI认知·通用,中关联(通用+WPS章节),0.0,1.0,
ＴG：yiｎｌiucaiｓhｅn . 流_量`咨_询,WPS AI,AI认知,通用,WPS AI·AI认知·通用,中关联(通用+WPS章节),0.0,1.0,
TＧ：ｙｉnｌｉｕcaisｈｅｎ _ 引^流．推_广,WPS AI,AI认知,通用,WPS AI·AI认知·通用,中关联(通用+WPS章节),0.0,1.0,
TＧ：yiｎlｉucaiｓheｎ＿流-量.咨+询,WPS AI,AI认知,通用,WPS AI·AI认知·通用,中关联(通用+WPS章节),0.0,1.0,
精|准`代.发 / TＧ:yｉnｌｉucaiｓhｅｎ,WPS AI,AI认知,通用,WPS AI·AI认知·通用,中关联(通用+WPS章节),0.0,1.0,
ＴG:ｙiｎlｉuｃaiｓhｅn＿电`报－咨.询,WPS AI,AI认知,通用,WPS AI·AI认知·通用,中关联(通用+WPS章节),0.0,1.0,
飞|机+联`系 - ＴＧ:ｙiｎliucaishen,WPS AI,AI认知,通用,WPS AI·AI认知·通用,中关联(通用+WPS章节),0.0,1.0,
TＧ:ｙｉｎｌiｕcaishｅn - 搜_索|广＿告,WPS AI,AI认知,通用,WPS AI·AI认知·通用,中关联(通用+WPS章节),0.0,1.0,
TＧ：yinlｉuｃaisｈｅn - 精+准.引-流,WPS AI,AI认知,通用,WPS AI·AI认知·通用,中关联(通用+WPS章节),0.0,1.0,
ＴG：ｙｉｎlｉuｃaishｅｎ . 霸 / 屏+推.广,WPS AI,AI认知,通用,WPS AI·AI认知·通用,中关联(通用+WPS章节),0.0,1.0,
ＴG：ｙinｌｉucaishen _ 推^广-咨-询,WPS AI,AI认知,通用,WPS AI·AI认知·通用,中关联(通用+WPS章节),0.0,1.0,
TG:yｉｎｌｉuｃaishen - 搜.索|广．告,WPS AI,AI认知,通用,WPS AI·AI认知·通用,中关联(通用+WPS章节),0.0,1.0,
ＴG:ｙｉｎｌiucaiｓhｅn＿搜．索．广＿告,WPS AI,AI认知,通用,WPS AI·AI认知·通用,中关联(通用+WPS章节),0.0,1.0,
飞-机＿联＿系 / ＴＧ：ｙiｎｌｉuｃaisｈｅｎ,WPS AI,AI认知,通用,WPS AI·AI认知·通用,中关联(通用+WPS章节),0.0,1.0,
搜.索+优．化 - ＴＧ：yiｎliｕｃaisｈｅn,WPS AI,AI认知,通用,WPS AI·AI认知·通用,中关联(通用+WPS章节),0.0,1.0,
ＴG:yｉnｌｉｕcaisｈｅn - 搜 / 索_优．化,WPS AI,AI认知,通用,WPS AI·AI认知·通用,中关联(通用+WPS章节),0.0,1.0,
精 / 准`代＿发 - ＴＧ：yｉｎliｕcaisｈen,WPS AI,AI认知,通用,WPS AI·AI认知·通用,中关联(通用+WPS章节),0.0,1.0,
精－准－代`发 | ＴＧ:yinlｉucaiｓｈeｎ,WPS AI,AI认知,通用,WPS AI·AI认知·通用,中关联(通用+WPS章节),0.0,1.0,
搜.索+优 / 化 | TG：yｉnlｉuｃaisｈｅｎ,WPS AI,AI认知,通用,WPS AI·AI认知·通用,中关联(通用+WPS章节),0.0,1.0,
搜-索^优－化 . TG:ｙiｎlｉuｃaishｅn,WPS AI,AI认知,通用,WPS AI·AI认知·通用,中关联(通用+WPS章节),0.0,1.0,
ＴＧ：yinlｉuｃaiｓhen | 技_术_咨`询,WPS AI,AI认知,通用,WPS AI·AI认知·通用,中关联(通用+WPS章节),0.0,1.0,
ＴＧ：yｉnｌiuｃaiｓhen＿搜＿索-优－化,WPS AI,AI认知,通用,WPS AI·AI认知·通用,中关联(通用+WPS章节),0.0,1.0,
WPS 灵犀 AI,WPS AI,AI认知,通用,WPS AI·AI认知·通用,中关联(通用+WPS章节),0.0,1.0,
飞.机＿联＿系 . ＴG：ｙｉｎliuｃaishｅｎ,WPS AI,AI认知,通用,WPS AI·AI认知·通用,中关联(通用+WPS章节),0.0,1.0,
技-术-咨－询 . ＴG:yinlｉｕｃaiｓhｅn,WPS AI,AI认知,通用,WPS AI·AI认知·通用,中关联(通用+WPS章节),0.0,1.0,
ＴＧ:ｙｉｎliucaishｅｎ _ 推^广．咨`询,WPS AI,AI认知,通用,WPS AI·AI认知·通用,中关联(通用+WPS章节),0.0,1.0,
霸 / 屏^宣.传 - ＴＧ：ｙinｌｉucaishen,WPS AI,AI认知,通用,WPS AI·AI认知·通用,中关联(通用+WPS章节),0.0,1.0,
TG:ｙiｎlｉｕcaishｅｎ - 蜘|蛛＿池,WPS AI,AI认知,通用,WPS AI·AI认知·通用,中关联(通用+WPS章节),0.0,1.0,
当^天`收+录 | TG:ｙｉnｌiucaishen,WPS AI,AI认知,通用,WPS AI·AI认知·通用,中关联(通用+WPS章节),0.0,1.0,
技-术+咨－询 - ＴＧ:ｙinliuｃaiｓhｅn,WPS AI,AI认知,通用,WPS AI·AI认知·通用,中关联(通用+WPS章节),0.0,1.0,
ＴＧ:yinｌiucaiｓhen . 电．报-咨|询,WPS AI,AI认知,通用,WPS AI·AI认知·通用,中关联(通用+WPS章节),0.0,1.0,
ＴＧ:yinliuｃaisheｎ | 当^天＿见 / 效,WPS AI,AI认知,通用,WPS AI·AI认知·通用,中关联(通用+WPS章节),0.0,1.0,
百.度^搜.索 _ ＴG：ｙｉｎｌｉｕｃaiｓhｅn,WPS AI,AI认知,通用,WPS AI·AI认知·通用,中关联(通用+WPS章节),0.0,1.0,
搜+索.引`流＿TG:yｉｎlｉucaishen,WPS AI,AI认知,通用,WPS AI·AI认知·通用,中关联(通用+WPS章节),0.0,1.0,
TＧ：yinｌiｕｃaiｓｈｅｎ - 精＿准+获+客,WPS AI,AI认知,通用,WPS AI·AI认知·通用,中关联(通用+WPS章节),0.0,1.0,
wpsAI官网,WPS AI,AI认知,通用,WPS AI·AI认知·通用,中关联(通用+WPS章节),0.0,1.0,
ＴＧ:yｉnｌｉｕcaiｓｈen - 各．行．业^代.发,WPS AI,AI认知,通用,WPS AI·AI认知·通用,中关联(通用+WPS章节),0.0,1.0,
当_天^收－录 / ＴG:yｉnｌiuｃaisｈｅｎ,WPS AI,AI认知,通用,WPS AI·AI认知·通用,中关联(通用+WPS章节),0.0,1.0,
TG:ｙiｎｌiｕcaiｓhｅｎ . 流^量．咨.询,WPS AI,AI认知,通用,WPS AI·AI认知·通用,中关联(通用+WPS章节),0.0,1.0,
电+报．咨|询 | TＧ:yiｎｌｉｕｃaiｓｈeｎ,WPS AI,AI认知,通用,WPS AI·AI认知·通用,中关联(通用+WPS章节),0.0,1.0,
霸^屏^推 / 广 - TG:yｉnliｕcaiｓhｅｎ,WPS AI,AI认知,通用,WPS AI·AI认知·通用,中关联(通用+WPS章节),0.0,1.0,
统+计|引-流 - TＧ：yｉｎlｉｕcaisheｎ,WPS AI,AI认知,通用,WPS AI·AI认知·通用,中关联(通用+WPS章节),0.0,1.0,
百-度＿搜^索 _ ＴG：ｙｉnｌｉuｃaiｓheｎ,WPS AI,AI认知,通用,WPS AI·AI认知·通用,中关联(通用+WPS章节),0.0,1.0,
TＧ:yｉｎｌiucaiｓhｅｎ _ 当`天`见 / 效,WPS AI,AI认知,通用,WPS AI·AI认知·通用,中关联(通用+WPS章节),0.0,1.0,
ＴＧ:yiｎliｕｃaisｈｅｎ . 搜 / 索|引－流,WPS AI,AI认知,通用,WPS AI·AI认知·通用,中关联(通用+WPS章节),0.0,1.0,
谷|歌．搜`索 . TＧ：yinlｉｕcaiｓｈen,WPS AI,AI认知,通用,WPS AI·AI认知·通用,中关联(通用+WPS章节),0.0,1.0,
wps xiazai guangwang,WPS AI,AI认知,通用,WPS AI·AI认知·通用,中关联(通用+WPS章节),0.0,1.0,
word智能校对,WPS AI,AI认知,通用,WPS AI·AI认知·通用,中关联(通用+WPS章节),0.0,1.0,
ai排版,WPS AI,教程操作,通用,WPS AI·教程操作·通用,中关联(通用+WPS章节),0.0,1.0,
wps office ai官方下载,WPS AI,下载安装,下载,WPS AI·下载安装·下载,高关联(整篇WPS),0.0,1.0,
WPS ai,WPS AI,AI认知,通用,WPS AI·AI认知·通用,中关联(通用+WPS章节),0.0,7830.0,
wpsai官方下载,WPS AI,下载安装,下载,WPS AI·下载安装·下载,高关联(整篇WPS),0.0,1.0,
www.WPS AI,WPS AI,AI认知,通用,WPS AI·AI认知·通用,中关联(通用+WPS章节),0.0,1.0,
wps ai网页版入口,WPS AI,AI认知,通用,WPS AI·AI认知·通用,中关联(通用+WPS章节),0.0,1.0,
ＴG:yｉnｌiｕｃaiｓｈｅn / 谷＿歌^搜+索,WPS AI,AI认知,通用,WPS AI·AI认知·通用,中关联(通用+WPS章节),0.0,1.0,
ＴG:yｉｎliuｃaishｅn . 技-术+咨．询,WPS AI,AI认知,通用,WPS AI·AI认知·通用,中关联(通用+WPS章节),0.0,1.0,
当-天+收．录＿ＴG:ｙinlｉucaiｓｈeｎ,WPS AI,AI认知,通用,WPS AI·AI认知·通用,中关联(通用+WPS章节),0.0,1.0,
wpszaix,WPS AI,AI认知,通用,WPS AI·AI认知·通用,中关联(通用+WPS章节),0.0,1.0,
ＴG:yiｎliｕｃaiｓｈeｎ - 搜-索．广．告,WPS AI,AI认知,通用,WPS AI·AI认知·通用,中关联(通用+WPS章节),0.0,1.0,
技`术_咨．询 _ ＴG:yiｎｌｉucaishen,WPS AI,AI认知,通用,WPS AI·AI认知·通用,中关联(通用+WPS章节),0.0,1.0,
ＴＧ：yinｌｉuｃaiｓhen _ 精 / 准 / 获 / 客,WPS AI,AI认知,通用,WPS AI·AI认知·通用,中关联(通用+WPS章节),0.0,1.0,
TＧ:ｙｉnｌiucaiｓheｎ＿蜘＿蛛 / 池,WPS AI,AI认知,通用,WPS AI·AI认知·通用,中关联(通用+WPS章节),0.0,1.0,
wps officezaixian,WPS AI,AI认知,通用,WPS AI·AI认知·通用,中关联(通用+WPS章节),0.0,1.0,
ＴG：ｙｉｎliｕcaiｓheｎ＿电^报 / 咨_询,WPS AI,AI认知,通用,WPS AI·AI认知·通用,中关联(通用+WPS章节),0.0,1.0,
广|告^宣+传 | ＴＧ：ｙｉnlｉuｃaisｈeｎ,WPS AI,AI认知,通用,WPS AI·AI认知·通用,中关联(通用+WPS章节),0.0,1.0,
TＧ：ｙiｎｌiｕｃaiｓhｅｎ | 谷＿歌-搜_索,WPS AI,AI认知,通用,WPS AI·AI认知·通用,中关联(通用+WPS章节),0.0,1.0,
TＧ：ｙinｌｉucaiｓhｅｎ . 蜘_蛛_池,WPS AI,AI认知,通用,WPS AI·AI认知·通用,中关联(通用+WPS章节),0.0,1.0,
统 / 计.引_流 . TＧ：yｉnlｉucaisｈｅn,WPS AI,AI认知,通用,WPS AI·AI认知·通用,中关联(通用+WPS章节),0.0,1.0,
wps AI,WPS AI,AI认知,通用,WPS AI·AI认知·通用,中关联(通用+WPS章节),0.0,7830.0,
wps.domain,WPS AI,AI认知,通用,WPS AI·AI认知·通用,中关联(通用+WPS章节),0.0,1.0,
百+度.搜`索 . ＴG：yinlｉｕcaisｈeｎ,WPS AI,AI认知,通用,WPS AI·AI认知·通用,中关联(通用+WPS章节),0.0,1.0,
搜_索．广．告 _ TG：yｉｎliucaishen,WPS AI,AI认知,通用,WPS AI·AI认知·通用,中关联(通用+WPS章节),0.0,1.0,
TG:ｙiｎｌiuｃaiｓhen - 搜-索+优－化,WPS AI,AI认知,通用,WPS AI·AI认知·通用,中关联(通用+WPS章节),0.0,1.0,
推`广`咨_询 | TG：ｙiｎｌiｕｃaiｓhｅn,WPS AI,AI认知,通用,WPS AI·AI认知·通用,中关联(通用+WPS章节),0.0,1.0,
wps带ai的是哪个版本,WPS AI,AI认知,通用,WPS AI·AI认知·通用,中关联(通用+WPS章节),0.0,1.0,
WPS灵犀AI,WPS AI,AI认知,通用,WPS AI·AI认知·通用,中关联(通用+WPS章节),0.0,1.0,
wpsai下载官网,WPS AI,下载安装,下载,WPS AI·下载安装·下载,高关联(整篇WPS),0.0,1.0,
ai导出pdf,WPS AI,教程操作,通用,WPS AI·教程操作·通用,中关联(通用+WPS章节),0.0,0.0,
ai转pdf,WPS AI,AI认知,通用,WPS AI·AI认知·通用,中关联(通用+WPS章节),0.0,0.0,
ai怎么导出pdf,WPS AI,教程操作,通用,WPS AI·教程操作·通用,中关联(通用+WPS章节),0.0,0.0,
pdf转ai,WPS AI,AI认知,通用,WPS AI·AI认知·通用,中关联(通用+WPS章节),0.0,0.0,
什么是ai智能,WPS AI,AI认知,通用,WPS AI·AI认知·通用,中关联(通用+WPS章节),0.0,0.0,
ai生成图片,WPS AI,教程操作,通用,WPS AI·教程操作·通用,中关联(通用+WPS章节),0.0,0.0,
华为ai人工智能叫什么,WPS AI,AI认知,通用,WPS AI·AI认知·通用,中关联(通用+WPS章节),0.0,0.0,
ai图片生成器,WPS AI,教程操作,通用,WPS AI·教程操作·通用,中关联(通用+WPS章节),0.0,0.0,
ai人工智能网站,WPS AI,AI认知,通用,WPS AI·AI认知·通用,中关联(通用+WPS章节),0.0,0.0,
艺术字ai生成,WPS AI,教程操作,通用,WPS AI·教程操作·通用,中关联(通用+WPS章节),0.0,0.0,
ai生成,WPS AI,教程操作,通用,WPS AI·教程操作·通用,中关联(通用+WPS章节),0.0,0.0,
ai智能客服,WPS AI,AI认知,通用,WPS AI·AI认知·通用,中关联(通用+WPS章节),0.0,0.0,
ai智能回答,WPS AI,AI认知,通用,WPS AI·AI认知·通用,中关联(通用+WPS章节),0.0,0.0,
ai人工智能软件,WPS AI,AI认知,通用,WPS AI·AI认知·通用,中关联(通用+WPS章节),0.0,0.0,
ai智能电话机器人,WPS AI,AI认知,通用,WPS AI·AI认知·通用,中关联(通用+WPS章节),0.0,0.0,
ai图片生成,WPS AI,教程操作,通用,WPS AI·教程操作·通用,中关联(通用+WPS章节),0.0,0.0,
杨幂ai智能人脸替换脸造梦厂,WPS AI,教程操作,通用,WPS AI·教程操作·通用,中关联(通用+WPS章节),0.0,0.0,
什么是ai人工智能,WPS AI,AI认知,通用,WPS AI·AI认知·通用,中关联(通用+WPS章节),0.0,0.0,
ai画图在线生成,WPS AI,教程操作,通用,WPS AI·教程操作·通用,中关联(通用+WPS章节),0.0,0.0,
ai智能软件,WPS AI,AI认知,通用,WPS AI·AI认知·通用,中关联(通用+WPS章节),0.0,0.0,
ai生成logo,WPS AI,教程操作,通用,WPS AI·教程操作·通用,中关联(通用+WPS章节),0.0,0.0,
ai做logo教程,WPS AI,教程操作,通用,WPS AI·教程操作·通用,中关联(通用+WPS章节),0.0,0.0,
ai画logo,WPS AI,AI认知,通用,WPS AI·AI认知·通用,中关联(通用+WPS章节),0.0,0.0,
ai技术是什么意思,WPS AI,AI认知,通用,WPS AI·AI认知·通用,中关联(通用+WPS章节),0.0,0.0,
ai智能机器人外呼系统,WPS AI,AI认知,通用,WPS AI·AI认知·通用,中关联(通用+WPS章节),0.0,0.0,
ai数字人生成工具,WPS AI,教程操作,通用,WPS AI·教程操作·通用,中关联(通用+WPS章节),0.0,0.0,
ai智能机器人,WPS AI,AI认知,通用,WPS AI·AI认知·通用,中关联(通用+WPS章节),0.0,0.0,
AI视频制作,WPS AI,教程操作,通用,WPS AI·教程操作·通用,中关联(通用+WPS章节),0.0,0.0,
图片生成ai图,WPS AI,教程操作,通用,WPS AI·教程操作·通用,中关联(通用+WPS章节),0.0,0.0,
ai生成海报,WPS AI,教程操作,通用,WPS AI·教程操作·通用,中关联(通用+WPS章节),0.0,0.0,
ai一键生成图片,WPS AI,教程操作,通用,WPS AI·教程操作·通用,中关联(通用+WPS章节),0.0,0.0,
生成图片的ai工具,WPS AI,教程操作,通用,WPS AI·教程操作·通用,中关联(通用+WPS章节),0.0,0.0,
ai生成图片软件免费,WPS AI,教程操作,通用,WPS AI·教程操作·通用,中关联(通用+WPS章节),0.0,0.0,
ai海报智能生成,WPS AI,教程操作,通用,WPS AI·教程操作·通用,中关联(通用+WPS章节),0.0,0.0,
阿里ai人工智能平台,WPS AI,AI认知,通用,WPS AI·AI认知·通用,中关联(通用+WPS章节),0.0,0.0,
ai到底是啥技术,WPS AI,AI认知,通用,WPS AI·AI认知·通用,中关联(通用+WPS章节),0.0,0.0,
ai智能教育,WPS AI,AI认知,通用,WPS AI·AI认知·通用,中关联(通用+WPS章节),0.0,0.0,
ai动画生成器,WPS AI,教程操作,通用,WPS AI·教程操作·通用,中关联(通用+WPS章节),0.0,0.0,
人工ai智能,WPS AI,AI认知,通用,WPS AI·AI认知·通用,中关联(通用+WPS章节),0.0,0.0,
ai一键生成logo,WPS AI,教程操作,通用,WPS AI·教程操作·通用,中关联(通用+WPS章节),0.0,0.0,
ai制作视频,WPS AI,教程操作,通用,WPS AI·教程操作·通用,中关联(通用+WPS章节),0.0,0.0,
ai怎么做logo,WPS AI,教程操作,通用,WPS AI·教程操作·通用,中关联(通用+WPS章节),0.0,0.0,
ai制作海报,WPS AI,教程操作,通用,WPS AI·教程操作·通用,中关联(通用+WPS章节),0.0,0.0,
ai技术的应用,WPS AI,AI认知,通用,WPS AI·AI认知·通用,中关联(通用+WPS章节),0.0,0.0,
ai生成图片软件,WPS AI,教程操作,通用,WPS AI·教程操作·通用,中关联(通用+WPS章节),0.0,0.0,
ai画画生成器,WPS AI,教程操作,通用,WPS AI·教程操作·通用,中关联(通用+WPS章节),0.0,0.0,
ai生成图片在线制作,WPS AI,教程操作,通用,WPS AI·教程操作·通用,中关联(通用+WPS章节),0.0,0.0,
ai生成艺术字,WPS AI,教程操作,通用,WPS AI·教程操作·通用,中关联(通用+WPS章节),0.0,0.0,
ai绘图在线生成,WPS AI,教程操作,通用,WPS AI·教程操作·通用,中关联(通用+WPS章节),0.0,0.0,
ai制图生成器,WPS AI,教程操作,通用,WPS AI·教程操作·通用,中关联(通用+WPS章节),0.0,0.0,
智能ai机器人,WPS AI,AI认知,通用,WPS AI·AI认知·通用,中关联(通用+WPS章节),0.0,0.0,
画图ai自动生成图,WPS AI,教程操作,通用,WPS AI·教程操作·通用,中关联(通用+WPS章节),0.0,0.0,
ai制作,WPS AI,教程操作,通用,WPS AI·教程操作·通用,中关联(通用+WPS章节),0.0,0.0,
ai取名生成器,WPS AI,教程操作,通用,WPS AI·教程操作·通用,中关联(通用+WPS章节),0.0,0.0,
ai作画在线生成,WPS AI,教程操作,通用,WPS AI·教程操作·通用,中关联(通用+WPS章节),0.0,0.0,
图片ai生成,WPS AI,教程操作,通用,WPS AI·教程操作·通用,中关联(通用+WPS章节),0.0,0.0,
ai答题智能机器人,WPS AI,AI认知,通用,WPS AI·AI认知·通用,中关联(通用+WPS章节),0.0,0.0,
ai智能是什么,WPS AI,AI认知,通用,WPS AI·AI认知·通用,中关联(通用+WPS章节),0.0,0.0,
ai智能办公,WPS AI,AI认知,通用,WPS AI·AI认知·通用,中关联(通用+WPS章节),0.0,0.0,
ai生成动画软件免费,WPS AI,教程操作,通用,WPS AI·教程操作·通用,中关联(通用+WPS章节),0.0,0.0,
可以生成图片的ai,WPS AI,教程操作,通用,WPS AI·教程操作·通用,中关联(通用+WPS章节),0.0,0.0,
ai技术培训,WPS AI,AI认知,通用,WPS AI·AI认知·通用,中关联(通用+WPS章节),0.0,0.0,
ai智能外呼,WPS AI,AI认知,通用,WPS AI·AI认知·通用,中关联(通用+WPS章节),0.0,0.0,
ai绘画生成器,WPS AI,教程操作,通用,WPS AI·教程操作·通用,中关联(通用+WPS章节),0.0,0.0,
ai绘图生成,WPS AI,教程操作,通用,WPS AI·教程操作·通用,中关联(通用+WPS章节),0.0,0.0,
ai制作动画,WPS AI,教程操作,通用,WPS AI·教程操作·通用,中关联(通用+WPS章节),0.0,0.0,
ai自动生成绘画软件,WPS AI,教程操作,通用,WPS AI·教程操作·通用,中关联(通用+WPS章节),0.0,0.0,
AI生成3D模型,WPS AI,教程操作,通用,WPS AI·教程操作·通用,中关联(通用+WPS章节),0.0,0.0,
ai智能抠图软件,WPS AI,AI认知,通用,WPS AI·AI认知·通用,中关联(通用+WPS章节),0.0,0.0,
ai漫画图片生成,WPS AI,教程操作,通用,WPS AI·教程操作·通用,中关联(通用+WPS章节),0.0,0.0,
ai网站生成器,WPS AI,教程操作,通用,WPS AI·教程操作·通用,中关联(通用+WPS章节),0.0,0.0,
ai制作logo,WPS AI,教程操作,通用,WPS AI·教程操作·通用,中关联(通用+WPS章节),0.0,0.0,
ai人工智能课程,WPS AI,AI认知,通用,WPS AI·AI认知·通用,中关联(通用+WPS章节),0.0,0.0,
用ai做logo,WPS AI,AI认知,通用,WPS AI·AI认知·通用,中关联(通用+WPS章节),0.0,0.0,
ai动画制作,WPS AI,教程操作,通用,WPS AI·教程操作·通用,中关联(通用+WPS章节),0.0,0.0,
ai怎么画logo,WPS AI,教程操作,通用,WPS AI·教程操作·通用,中关联(通用+WPS章节),0.0,0.0,
ai智能生成海报,WPS AI,教程操作,通用,WPS AI·教程操作·通用,中关联(通用+WPS章节),0.0,0.0,
ai绘图生成免费,WPS AI,教程操作,通用,WPS AI·教程操作·通用,中关联(通用+WPS章节),0.0,0.0,
ai免费生成logo,WPS AI,教程操作,通用,WPS AI·教程操作·通用,中关联(通用+WPS章节),0.0,0.0,
ai设计logo教程,WPS AI,教程操作,通用,WPS AI·教程操作·通用,中关联(通用+WPS章节),0.0,0.0,
ai智能客服系统,WPS AI,AI认知,通用,WPS AI·AI认知·通用,中关联(通用+WPS章节),0.0,0.0,
ai绘画一键生成绘画,WPS AI,教程操作,通用,WPS AI·教程操作·通用,中关联(通用+WPS章节),0.0,0.0,
免费ai视频生成,WPS AI,教程操作,通用,WPS AI·教程操作·通用,中关联(通用+WPS章节),0.0,0.0,
ai在线生成图片,WPS AI,教程操作,通用,WPS AI·教程操作·通用,中关联(通用+WPS章节),0.0,0.0,
ai生成模型,WPS AI,教程操作,通用,WPS AI·教程操作·通用,中关联(通用+WPS章节),0.0,0.0,
免费ai生成图片,WPS AI,教程操作,通用,WPS AI·教程操作·通用,中关联(通用+WPS章节),0.0,0.0,
AI视频怎么制作,WPS AI,教程操作,通用,WPS AI·教程操作·通用,中关联(通用+WPS章节),0.0,0.0,
智能ai是什么,WPS AI,AI认知,通用,WPS AI·AI认知·通用,中关联(通用+WPS章节),0.0,0.0,
ai视频自动生成原创,WPS AI,教程操作,通用,WPS AI·教程操作·通用,中关联(通用+WPS章节),0.0,0.0,
ai卡通人物生成,WPS AI,教程操作,通用,WPS AI·教程操作·通用,中关联(通用+WPS章节),0.0,0.0,
ai海报制作,WPS AI,教程操作,通用,WPS AI·教程操作·通用,中关联(通用+WPS章节),0.0,0.0,
ai网页制作,WPS AI,教程操作,通用,WPS AI·教程操作·通用,中关联(通用+WPS章节),0.0,0.0,
ai智能质检系统,WPS AI,AI认知,通用,WPS AI·AI认知·通用,中关联(通用+WPS章节),0.0,0.0,
ai生成图片免费,WPS AI,教程操作,通用,WPS AI·教程操作·通用,中关联(通用+WPS章节),0.0,0.0,
ai智能抠图,WPS AI,AI认知,通用,WPS AI·AI认知·通用,中关联(通用+WPS章节),0.0,0.0,
ai智能电销机器人,WPS AI,AI认知,通用,WPS AI·AI认知·通用,中关联(通用+WPS章节),0.0,0.0,
AI动图生成器,WPS AI,教程操作,通用,WPS AI·教程操作·通用,中关联(通用+WPS章节),0.0,0.0,
ai生成视频免费,WPS AI,教程操作,通用,WPS AI·教程操作·通用,中关联(通用+WPS章节),0.0,0.0,
ai技术应用,WPS AI,AI认知,通用,WPS AI·AI认知·通用,中关联(通用+WPS章节),0.0,0.0,
ai识别技术,WPS AI,教程操作,通用,WPS AI·教程操作·通用,中关联(通用+WPS章节),0.0,0.0,
ai智能外呼系统,WPS AI,AI认知,通用,WPS AI·AI认知·通用,中关联(通用+WPS章节),0.0,0.0,
ai人工智能是什么,WPS AI,AI认知,通用,WPS AI·AI认知·通用,中关联(通用+WPS章节),0.0,0.0,
ai智能系统,WPS AI,AI认知,通用,WPS AI·AI认知·通用,中关联(通用+WPS章节),0.0,0.0,
ai智能手机,WPS AI,AI认知,通用,WPS AI·AI认知·通用,中关联(通用+WPS章节),0.0,0.0,
ai智能公司起名,WPS AI,AI认知,通用,WPS AI·AI认知·通用,中关联(通用+WPS章节),0.0,0.0,
一键生成ai绘画,WPS AI,教程操作,通用,WPS AI·教程操作·通用,中关联(通用+WPS章节),0.0,0.0,
ai绘画生成,WPS AI,教程操作,通用,WPS AI·教程操作·通用,中关联(通用+WPS章节),0.0,0.0,
ai生成标题,WPS AI,教程操作,通用,WPS AI·教程操作·通用,中关联(通用+WPS章节),0.0,0.0,
ai生成职业照,WPS AI,教程操作,通用,WPS AI·教程操作·通用,中关联(通用+WPS章节),0.0,0.0,
AI生成表情包,WPS AI,教程操作,通用,WPS AI·教程操作·通用,中关联(通用+WPS章节),0.0,0.0,
ai制作海报教程全过程,WPS AI,教程操作,通用,WPS AI·教程操作·通用,中关联(通用+WPS章节),0.0,0.0,
ai技术发展,WPS AI,AI认知,通用,WPS AI·AI认知·通用,中关联(通用+WPS章节),0.0,0.0,
人工智能ai技术,WPS AI,AI认知,通用,WPS AI·AI认知·通用,中关联(通用+WPS章节),0.0,0.0,
华为ai人工智能,WPS AI,AI认知,通用,WPS AI·AI认知·通用,中关联(通用+WPS章节),0.0,0.0,
ai智能设计,WPS AI,AI认知,通用,WPS AI·AI认知·通用,中关联(通用+WPS章节),0.0,0.0,
AI智能恋情,WPS AI,AI认知,通用,WPS AI·AI认知·通用,中关联(通用+WPS章节),0.0,0.0,
ai智能识别,WPS AI,教程操作,通用,WPS AI·教程操作·通用,中关联(通用+WPS章节),0.0,0.0,
ai智能学习机,WPS AI,AI认知,通用,WPS AI·AI认知·通用,中关联(通用+WPS章节),0.0,0.0,
ai智能营销系统,WPS AI,AI认知,通用,WPS AI·AI认知·通用,中关联(通用+WPS章节),0.0,0.0,
ai绘画一键生成绘画免费,WPS AI,教程操作,通用,WPS AI·教程操作·通用,中关联(通用+WPS章节),0.0,0.0,
生成ai,WPS AI,教程操作,通用,WPS AI·教程操作·通用,中关联(通用+WPS章节),0.0,0.0,
ai作画生成器在线,WPS AI,教程操作,通用,WPS AI·教程操作·通用,中关联(通用+WPS章节),0.0,0.0,
免费ai图片生成,WPS AI,教程操作,通用,WPS AI·教程操作·通用,中关联(通用+WPS章节),0.0,0.0,
ai绘画生成器免费网站,WPS AI,教程操作,通用,WPS AI·教程操作·通用,中关联(通用+WPS章节),0.0,0.0,
ai技术员,WPS AI,AI认知,通用,WPS AI·AI认知·通用,中关联(通用+WPS章节),0.0,0.0,
ai和人工智能区别,WPS AI,对比选型,通用,WPS AI·对比选型·通用,低关联(方法论轻带),0.0,0.0,
ai人工智能图片放大,WPS AI,教程操作,通用,WPS AI·教程操作·通用,中关联(通用+WPS章节),0.0,0.0,
ai智能营销,WPS AI,AI认知,通用,WPS AI·AI认知·通用,中关联(通用+WPS章节),0.0,0.0,
AI智能监控摄像头,WPS AI,AI认知,通用,WPS AI·AI认知·通用,中关联(通用+WPS章节),0.0,0.0,
ai智能家居,WPS AI,AI认知,通用,WPS AI·AI认知·通用,中关联(通用+WPS章节),0.0,0.0,
人工智能ai明星,WPS AI,AI认知,通用,WPS AI·AI认知·通用,中关联(通用+WPS章节),0.0,0.0,
logo设计ai生成,WPS AI,教程操作,通用,WPS AI·教程操作·通用,中关联(通用+WPS章节),0.0,0.0,
ai自动生成艺术字,WPS AI,教程操作,通用,WPS AI·教程操作·通用,中关联(通用+WPS章节),0.0,0.0,
ai生成美女,WPS AI,教程操作,通用,WPS AI·教程操作·通用,中关联(通用+WPS章节),0.0,0.0,
ai生成绘画,WPS AI,教程操作,通用,WPS AI·教程操作·通用,中关联(通用+WPS章节),0.0,0.0,
ai生成房间设计图,WPS AI,教程操作,通用,WPS AI·教程操作·通用,中关联(通用+WPS章节),0.0,0.0,
在线ai生成图片,WPS AI,教程操作,通用,WPS AI·教程操作·通用,中关联(通用+WPS章节),0.0,0.0,
ai生成logo软件,WPS AI,教程操作,通用,WPS AI·教程操作·通用,中关联(通用+WPS章节),0.0,0.0,
ai公司起名生成器,WPS AI,教程操作,通用,WPS AI·教程操作·通用,中关联(通用+WPS章节),0.0,0.0,
ai绘画在线生成器,WPS AI,教程操作,通用,WPS AI·教程操作·通用,中关联(通用+WPS章节),0.0,0.0,
用ai设计logo,WPS AI,AI认知,通用,WPS AI·AI认知·通用,中关联(通用+WPS章节),0.0,0.0,
怎么用ai设计logo,WPS AI,教程操作,通用,WPS AI·教程操作·通用,中关联(通用+WPS章节),0.0,0.0,
ai新技术,WPS AI,AI认知,通用,WPS AI·AI认知·通用,中关联(通用+WPS章节),0.0,0.0,
ai应用技术,WPS AI,AI认知,通用,WPS AI·AI认知·通用,中关联(通用+WPS章节),0.0,0.0,
ai智能聊天,WPS AI,AI认知,通用,WPS AI·AI认知·通用,中关联(通用+WPS章节),0.0,0.0,
ai智能机器人对话,WPS AI,AI认知,通用,WPS AI·AI认知·通用,中关联(通用+WPS章节),0.0,0.0,
ai智能硬件,WPS AI,AI认知,通用,WPS AI·AI认知·通用,中关联(通用+WPS章节),0.0,0.0,
ai人工智能机器人,WPS AI,AI认知,通用,WPS AI·AI认知·通用,中关联(通用+WPS章节),0.0,0.0,
AI智能质检,WPS AI,AI认知,通用,WPS AI·AI认知·通用,中关联(通用+WPS章节),0.0,0.0,
ai智能学车,WPS AI,AI认知,通用,WPS AI·AI认知·通用,中关联(通用+WPS章节),0.0,0.0,
ai人工智能换脸视频网站,WPS AI,AI认知,通用,WPS AI·AI认知·通用,中关联(通用+WPS章节),0.0,0.0,
智能ai平台,WPS AI,AI认知,通用,WPS AI·AI认知·通用,中关联(通用+WPS章节),0.0,0.0,
人工智能ai换脸,WPS AI,AI认知,通用,WPS AI·AI认知·通用,中关联(通用+WPS章节),0.0,0.0,
智能AI客服,WPS AI,AI认知,通用,WPS AI·AI认知·通用,中关联(通用+WPS章节),0.0,0.0,
人工智能ai教育,WPS AI,AI认知,通用,WPS AI·AI认知·通用,中关联(通用+WPS章节),0.0,0.0,
ai内容生成,WPS AI,教程操作,通用,WPS AI·教程操作·通用,中关联(通用+WPS章节),0.0,0.0,
ai生成电影,WPS AI,教程操作,通用,WPS AI·教程操作·通用,中关联(通用+WPS章节),0.0,0.0,
ai绘画免费生成软件,WPS AI,教程操作,通用,WPS AI·教程操作·通用,中关联(通用+WPS章节),0.0,0.0,
ai艺术字生成,WPS AI,教程操作,通用,WPS AI·教程操作·通用,中关联(通用+WPS章节),0.0,0.0,
AI绘画生成器网站,WPS AI,教程操作,通用,WPS AI·教程操作·通用,中关联(通用+WPS章节),0.0,0.0,
生成视频的ai模型,WPS AI,教程操作,通用,WPS AI·教程操作·通用,中关联(通用+WPS章节),0.0,0.0,
ai自动生成logo,WPS AI,教程操作,通用,WPS AI·教程操作·通用,中关联(通用+WPS章节),0.0,0.0,
ai生成er图,WPS AI,教程操作,通用,WPS AI·教程操作·通用,中关联(通用+WPS章节),0.0,0.0,
ai生成三维模型,WPS AI,教程操作,通用,WPS AI·教程操作·通用,中关联(通用+WPS章节),0.0,0.0,
ai绘画生成器免费,WPS AI,教程操作,通用,WPS AI·教程操作·通用,中关联(通用+WPS章节),0.0,0.0,
免费ai视频生成软件,WPS AI,教程操作,通用,WPS AI·教程操作·通用,中关联(通用+WPS章节),0.0,0.0,
ai生成条形码,WPS AI,教程操作,通用,WPS AI·教程操作·通用,中关联(通用+WPS章节),0.0,0.0,
ai头像制作生成器,WPS AI,教程操作,通用,WPS AI·教程操作·通用,中关联(通用+WPS章节),0.0,0.0,
ai绘画在线生成图片,WPS AI,教程操作,通用,WPS AI·教程操作·通用,中关联(通用+WPS章节),0.0,0.0,
ai制作教程,WPS AI,教程操作,通用,WPS AI·教程操作·通用,中关联(通用+WPS章节),0.0,0.0,
ai怎么设计logo,WPS AI,教程操作,通用,WPS AI·教程操作·通用,中关联(通用+WPS章节),0.0,0.0,
ai换脸技术,WPS AI,AI认知,通用,WPS AI·AI认知·通用,中关联(通用+WPS章节),0.0,0.0,
ai绘画技术,WPS AI,AI认知,通用,WPS AI·AI认知·通用,中关联(通用+WPS章节),0.0,0.0,
AI前沿技术,WPS AI,AI认知,通用,WPS AI·AI认知·通用,中关联(通用+WPS章节),0.0,0.0,
ai技术有哪些应用,WPS AI,AI认知,通用,WPS AI·AI认知·通用,中关联(通用+WPS章节),0.0,0.0,
人工智能ai在线,WPS AI,AI认知,通用,WPS AI·AI认知·通用,中关联(通用+WPS章节),0.0,0.0,
ai人工智能平台,WPS AI,AI认知,通用,WPS AI·AI认知·通用,中关联(通用+WPS章节),0.0,0.0,
ai人工智能是什么意思,WPS AI,AI认知,通用,WPS AI·AI认知·通用,中关联(通用+WPS章节),0.0,0.0,
AI智能人工看相,WPS AI,AI认知,通用,WPS AI·AI认知·通用,中关联(通用+WPS章节),0.0,0.0,
ai人工智能图片,WPS AI,教程操作,通用,WPS AI·教程操作·通用,中关联(通用+WPS章节),0.0,0.0,
ai智能填报志愿,WPS AI,AI认知,通用,WPS AI·AI认知·通用,中关联(通用+WPS章节),0.0,0.0,
ai智能学习,WPS AI,AI认知,通用,WPS AI·AI认知·通用,中关联(通用+WPS章节),0.0,0.0,
ai智能英语,WPS AI,AI认知,通用,WPS AI·AI认知·通用,中关联(通用+WPS章节),0.0,0.0,
ai智能回复机器人,WPS AI,AI认知,通用,WPS AI·AI认知·通用,中关联(通用+WPS章节),0.0,0.0,
ai智能大模型,WPS AI,AI认知,通用,WPS AI·AI认知·通用,中关联(通用+WPS章节),0.0,0.0,
松鼠智能ai,WPS AI,AI认知,通用,WPS AI·AI认知·通用,中关联(通用+WPS章节),0.0,0.0,
ai智能音响,WPS AI,AI认知,通用,WPS AI·AI认知·通用,中关联(通用+WPS章节),0.0,0.0,
智能客服ai,WPS AI,AI认知,通用,WPS AI·AI认知·通用,中关联(通用+WPS章节),0.0,0.0,
人工智能ai视频,WPS AI,AI认知,通用,WPS AI·AI认知·通用,中关联(通用+WPS章节),0.0,0.0,
ai人工智能网,WPS AI,AI认知,通用,WPS AI·AI认知·通用,中关联(通用+WPS章节),0.0,0.0,
微软ai人工智能,WPS AI,AI认知,通用,WPS AI·AI认知·通用,中关联(通用+WPS章节),0.0,0.0,
AI智能检测系统,WPS AI,AI认知,通用,WPS AI·AI认知·通用,中关联(通用+WPS章节),0.0,0.0,
ai人工智能大模型,WPS AI,AI认知,通用,WPS AI·AI认知·通用,中关联(通用+WPS章节),0.0,0.0,
ai智能音箱哪个品牌好,WPS AI,AI认知,通用,WPS AI·AI认知·通用,中关联(通用+WPS章节),0.0,0.0,
ai人工智能软件开发,WPS AI,AI认知,通用,WPS AI·AI认知·通用,中关联(通用+WPS章节),0.0,0.0,
AI人工智能测试手相,WPS AI,AI认知,通用,WPS AI·AI认知·通用,中关联(通用+WPS章节),0.0,0.0,
ai语音大模型,WPS AI,AI认知,通用,WPS AI·AI认知·通用,中关联(通用+WPS章节),0.0,0.0,
绘画ai生成,WPS AI,教程操作,通用,WPS AI·教程操作·通用,中关联(通用+WPS章节),0.0,0.0,
ai绘画生成软件,WPS AI,教程操作,通用,WPS AI·教程操作·通用,中关联(通用+WPS章节),0.0,0.0,
ai如何生成视频,WPS AI,教程操作,通用,WPS AI·教程操作·通用,中关联(通用+WPS章节),0.0,0.0,
ai形状生成工具,WPS AI,教程操作,通用,WPS AI·教程操作·通用,中关联(通用+WPS章节),0.0,0.0,
ai标题生成,WPS AI,教程操作,通用,WPS AI·教程操作·通用,中关联(通用+WPS章节),0.0,0.0,
AI生成作画,WPS AI,教程操作,通用,WPS AI·教程操作·通用,中关联(通用+WPS章节),0.0,0.0,
ai生成系统,WPS AI,教程操作,通用,WPS AI·教程操作·通用,中关联(通用+WPS章节),0.0,0.0,
ai自动生成工具,WPS AI,教程操作,通用,WPS AI·教程操作·通用,中关联(通用+WPS章节),0.0,0.0,
ai自动生成网站,WPS AI,教程操作,通用,WPS AI·教程操作·通用,中关联(通用+WPS章节),0.0,0.0,
生成式ai应用,WPS AI,教程操作,通用,WPS AI·教程操作·通用,中关联(通用+WPS章节),0.0,0.0,
ai一键生成小说,WPS AI,教程操作,通用,WPS AI·教程操作·通用,中关联(通用+WPS章节),0.0,0.0,
AI梦境生成器,WPS AI,教程操作,通用,WPS AI·教程操作·通用,中关联(通用+WPS章节),0.0,0.0,
ai录音生成,WPS AI,教程操作,通用,WPS AI·教程操作·通用,中关联(通用+WPS章节),0.0,0.0,
生成式ai软件,WPS AI,教程操作,通用,WPS AI·教程操作·通用,中关联(通用+WPS章节),0.0,0.0,
ai怎么生成条形码,WPS AI,教程操作,通用,WPS AI·教程操作·通用,中关联(通用+WPS章节),0.0,0.0,
ai条形码怎么生成,WPS AI,教程操作,通用,WPS AI·教程操作·通用,中关联(通用+WPS章节),0.0,0.0,
ai生成计划书,WPS AI,教程操作,通用,WPS AI·教程操作·通用,中关联(通用+WPS章节),0.0,0.0,
ai绘画关键词生成软件,WPS AI,教程操作,通用,WPS AI·教程操作·通用,中关联(通用+WPS章节),0.0,0.0,
ai形状生成工具怎么用,WPS AI,教程操作,通用,WPS AI·教程操作·通用,中关联(通用+WPS章节),0.0,0.0,
ai如何生成条形码,WPS AI,教程操作,通用,WPS AI·教程操作·通用,中关联(通用+WPS章节),0.0,0.0,
ai自动生成动画软件,WPS AI,教程操作,通用,WPS AI·教程操作·通用,中关联(通用+WPS章节),0.0,0.0,
ai生成绘画工具,WPS AI,教程操作,通用,WPS AI·教程操作·通用,中关联(通用+WPS章节),0.0,0.0,
ai生成壁纸软件免费,WPS AI,教程操作,通用,WPS AI·教程操作·通用,中关联(通用+WPS章节),0.0,0.0,
ai职业照生成,WPS AI,教程操作,通用,WPS AI·教程操作·通用,中关联(通用+WPS章节),0.0,0.0,
生成式ai平台,WPS AI,教程操作,通用,WPS AI·教程操作·通用,中关联(通用+WPS章节),0.0,0.0,
ai生成商业计划书,WPS AI,教程操作,通用,WPS AI·教程操作·通用,中关联(通用+WPS章节),0.0,0.0,
ai3d模型生成,WPS AI,教程操作,通用,WPS AI·教程操作·通用,中关联(通用+WPS章节),0.0,0.0,
ai软件如何生成条码,WPS AI,教程操作,通用,WPS AI·教程操作·通用,中关联(通用+WPS章节),0.0,0.0,
ai建筑绘画生成软件,WPS AI,教程操作,通用,WPS AI·教程操作·通用,中关联(通用+WPS章节),0.0,0.0,
ai绘画是怎么生成的,WPS AI,教程操作,通用,WPS AI·教程操作·通用,中关联(通用+WPS章节),0.0,0.0,
ai自动生成诗歌,WPS AI,教程操作,通用,WPS AI·教程操作·通用,中关联(通用+WPS章节),0.0,0.0,
ai生成真人图像的软件,WPS AI,教程操作,通用,WPS AI·教程操作·通用,中关联(通用+WPS章节),0.0,0.0,
什么叫生成式ai,WPS AI,教程操作,通用,WPS AI·教程操作·通用,中关联(通用+WPS章节),0.0,0.0,
AI模型生成,WPS AI,教程操作,通用,WPS AI·教程操作·通用,中关联(通用+WPS章节),0.0,0.0,
ai图片生成模型,WPS AI,教程操作,通用,WPS AI·教程操作·通用,中关联(通用+WPS章节),0.0,0.0,
ai绘画生成工具,WPS AI,教程操作,通用,WPS AI·教程操作·通用,中关联(通用+WPS章节),0.0,0.0,
生成式ai模型,WPS AI,教程操作,通用,WPS AI·教程操作·通用,中关联(通用+WPS章节),0.0,0.0,
ai绘画生成网站,WPS AI,教程操作,通用,WPS AI·教程操作·通用,中关联(通用+WPS章节),0.0,0.0,
ai绘图生成动漫,WPS AI,教程操作,通用,WPS AI·教程操作·通用,中关联(通用+WPS章节),0.0,0.0,
生成式ai 应用,WPS AI,教程操作,通用,WPS AI·教程操作·通用,中关联(通用+WPS章节),0.0,0.0,
生成式ai大模型,WPS AI,教程操作,通用,WPS AI·教程操作·通用,中关联(通用+WPS章节),0.0,0.0,
AI视频生成模型,WPS AI,教程操作,通用,WPS AI·教程操作·通用,中关联(通用+WPS章节),0.0,0.0,
ai画图生成器,WPS AI,教程操作,通用,WPS AI·教程操作·通用,中关联(通用+WPS章节),0.0,0.0,
ai绘画关键词生成器,WPS AI,教程操作,通用,WPS AI·教程操作·通用,中关联(通用+WPS章节),0.0,0.0,
ai绘图关键词生成器,WPS AI,教程操作,通用,WPS AI·教程操作·通用,中关联(通用+WPS章节),0.0,0.0,
AI绘画生成古风人物的关键词,WPS AI,教程操作,通用,WPS AI·教程操作·通用,中关联(通用+WPS章节),0.0,0.0,
二次元ai绘画生成器网站,WPS AI,教程操作,通用,WPS AI·教程操作·通用,中关联(通用+WPS章节),0.0,0.0,
ai自动生成视频工具,WPS AI,教程操作,通用,WPS AI·教程操作·通用,中关联(通用+WPS章节),0.0,0.0,
四维ai照片生成免费,WPS AI,教程操作,通用,WPS AI·教程操作·通用,中关联(通用+WPS章节),0.0,0.0,
在线生成AI真人语音,WPS AI,教程操作,通用,WPS AI·教程操作·通用,中关联(通用+WPS章节),0.0,0.0,
ai绘画生成器网站入口,WPS AI,教程操作,通用,WPS AI·教程操作·通用,中关联(通用+WPS章节),0.0,0.0,
ai自动生成绘画,WPS AI,教程操作,通用,WPS AI·教程操作·通用,中关联(通用+WPS章节),0.0,0.0,
ai自动生成绘画软件免费,WPS AI,教程操作,通用,WPS AI·教程操作·通用,中关联(通用+WPS章节),0.0,0.0,
ai制作字体,WPS AI,教程操作,字体,WPS AI·教程操作·字体,中关联(通用+WPS章节),0.0,0.0,
ai图标制作,WPS AI,教程操作,通用,WPS AI·教程操作·通用,中关联(通用+WPS章节),0.0,0.0,
ai效果图制作,WPS AI,教程操作,通用,WPS AI·教程操作·通用,中关联(通用+WPS章节),0.0,0.0,
ai制作效果图,WPS AI,教程操作,通用,WPS AI·教程操作·通用,中关联(通用+WPS章节),0.0,0.0,
ai海报制作教程,WPS AI,教程操作,通用,WPS AI·教程操作·通用,中关联(通用+WPS章节),0.0,0.0,
ai制作网站,WPS AI,教程操作,通用,WPS AI·教程操作·通用,中关联(通用+WPS章节),0.0,0.0,
AI封面制作,WPS AI,教程操作,通用,WPS AI·教程操作·通用,中关联(通用+WPS章节),0.0,0.0,
ai广告制作,WPS AI,教程操作,通用,WPS AI·教程操作·通用,中关联(通用+WPS章节),0.0,0.0,
ai矢量图制作,WPS AI,教程操作,通用,WPS AI·教程操作·通用,中关联(通用+WPS章节),0.0,0.0,
ai制作矢量图,WPS AI,教程操作,通用,WPS AI·教程操作·通用,中关联(通用+WPS章节),0.0,0.0,
ai制作立体字,WPS AI,教程操作,通用,WPS AI·教程操作·通用,中关联(通用+WPS章节),0.0,0.0,
ai制作网页,WPS AI,教程操作,通用,WPS AI·教程操作·通用,中关联(通用+WPS章节),0.0,0.0,
ai制作图标,WPS AI,教程操作,通用,WPS AI·教程操作·通用,中关联(通用+WPS章节),0.0,0.0,
ai如何制作网格,WPS AI,教程操作,通用,WPS AI·教程操作·通用,中关联(通用+WPS章节),0.0,0.0,
ai制作logo教程,WPS AI,教程操作,通用,WPS AI·教程操作·通用,中关联(通用+WPS章节),0.0,0.0,
ai制作广告海报,WPS AI,教程操作,通用,WPS AI·教程操作·通用,中关联(通用+WPS章节),0.0,0.0,
视频ai配音怎么制作,WPS AI,教程操作,通用,WPS AI·教程操作·通用,中关联(通用+WPS章节),0.0,0.0,
ai音乐制作网站,WPS AI,教程操作,通用,WPS AI·教程操作·通用,中关联(通用+WPS章节),0.0,0.0,
ai制作logo实例教程,WPS AI,教程操作,通用,WPS AI·教程操作·通用,中关联(通用+WPS章节),0.0,0.0,
如何制作人工智能ai,WPS AI,教程操作,通用,WPS AI·教程操作·通用,中关联(通用+WPS章节),0.0,0.0,
ai笔刷制作,WPS AI,教程操作,通用,WPS AI·教程操作·通用,中关联(通用+WPS章节),0.0,0.0,
ai名片制作,WPS AI,教程操作,通用,WPS AI·教程操作·通用,中关联(通用+WPS章节),0.0,0.0,
ai模型制作,WPS AI,教程操作,通用,WPS AI·教程操作·通用,中关联(通用+WPS章节),0.0,0.0,
ai大模型制作,WPS AI,教程操作,通用,WPS AI·教程操作·通用,中关联(通用+WPS章节),0.0,0.0,
ai怎么制作网页,WPS AI,教程操作,通用,WPS AI·教程操作·通用,中关联(通用+WPS章节),0.0,0.0,
ai设计logo,WPS AI,AI认知,通用,WPS AI·AI认知·通用,中关联(通用+WPS章节),0.0,0.0,
ai做logo,WPS AI,AI认知,通用,WPS AI·AI认知·通用,中关联(通用+WPS章节),0.0,0.0,
怎么用ai做logo,WPS AI,教程操作,通用,WPS AI·教程操作·通用,中关联(通用+WPS章节),0.0,0.0,
如何用ai设计logo,WPS AI,教程操作,通用,WPS AI·教程操作·通用,中关联(通用+WPS章节),0.0,0.0,
ai设计logo步骤,WPS AI,教程操作,通用,WPS AI·教程操作·通用,中关联(通用+WPS章节),0.0,0.0,
ai技术,WPS AI,AI认知,通用,WPS AI·AI认知·通用,中关联(通用+WPS章节),0.0,0.0,
什么是ai技术,WPS AI,AI认知,通用,WPS AI·AI认知·通用,中关联(通用+WPS章节),0.0,0.0,
ai是什么技术,WPS AI,AI认知,通用,WPS AI·AI认知·通用,中关联(通用+WPS章节),0.0,0.0,
什么叫ai技术,WPS AI,AI认知,通用,WPS AI·AI认知·通用,中关联(通用+WPS章节),0.0,0.0,
ai技术是什么技术,WPS AI,AI认知,通用,WPS AI·AI认知·通用,中关联(通用+WPS章节),0.0,0.0,
ai技术包括哪些技术,WPS AI,AI认知,通用,WPS AI·AI认知·通用,中关联(通用+WPS章节),0.0,0.0,
ai技术是什么,WPS AI,AI认知,通用,WPS AI·AI认知·通用,中关联(通用+WPS章节),0.0,0.0,
ai人工智能技术,WPS AI,AI认知,通用,WPS AI·AI认知·通用,中关联(通用+WPS章节),0.0,0.0,
ai人脸识别技术,WPS AI,教程操作,通用,WPS AI·教程操作·通用,中关联(通用+WPS章节),0.0,0.0,
ai技术有哪些,WPS AI,AI认知,通用,WPS AI·AI认知·通用,中关联(通用+WPS章节),0.0,0.0,
ai智能技术,WPS AI,AI认知,通用,WPS AI·AI认知·通用,中关联(通用+WPS章节),0.0,0.0,
ai技术换脸,WPS AI,AI认知,通用,WPS AI·AI认知·通用,中关联(通用+WPS章节),0.0,0.0,
ai技术学习,WPS AI,AI认知,通用,WPS AI·AI认知·通用,中关联(通用+WPS章节),0.0,0.0,
ai技术员招聘,WPS AI,AI认知,通用,WPS AI·AI认知·通用,中关联(通用+WPS章节),0.0,0.0,
ai换脸技术教程,WPS AI,教程操作,通用,WPS AI·教程操作·通用,中关联(通用+WPS章节),0.0,0.0,
ai技术应用领域,WPS AI,教程操作,通用,WPS AI·教程操作·通用,中关联(通用+WPS章节),0.0,0.0,
ai新技术是什么,WPS AI,AI认知,通用,WPS AI·AI认知·通用,中关联(通用+WPS章节),0.0,0.0,
ai技术的现实应用,WPS AI,AI认知,通用,WPS AI·AI认知·通用,中关联(通用+WPS章节),0.0,0.0,
ai图像识别技术原理,WPS AI,教程操作,通用,WPS AI·教程操作·通用,中关联(通用+WPS章节),0.0,0.0,
ai技术是什么意思啊,WPS AI,AI认知,通用,WPS AI·AI认知·通用,中关联(通用+WPS章节),0.0,0.0,
ai大模型技术,WPS AI,AI认知,通用,WPS AI·AI认知·通用,中关联(通用+WPS章节),0.0,0.0,
ai大模型技术架构,WPS AI,AI认知,通用,WPS AI·AI认知·通用,中关联(通用+WPS章节),0.0,0.0,
ai智能,WPS AI,AI认知,通用,WPS AI·AI认知·通用,中关联(通用+WPS章节),0.0,0.0,
ai人工智能,WPS AI,AI认知,通用,WPS AI·AI认知·通用,中关联(通用+WPS章节),0.0,0.0,
人工智能ai,WPS AI,AI认知,通用,WPS AI·AI认知·通用,中关联(通用+WPS章节),0.0,0.0,
ai智能客服机器人,WPS AI,AI认知,通用,WPS AI·AI认知·通用,中关联(通用+WPS章节),0.0,0.0,
人工智能ai软件,WPS AI,AI认知,通用,WPS AI·AI认知·通用,中关联(通用+WPS章节),0.0,0.0,
智能ai,WPS AI,AI认知,通用,WPS AI·AI认知·通用,中关联(通用+WPS章节),0.0,0.0,
ai智能问答,WPS AI,AI认知,通用,WPS AI·AI认知·通用,中关联(通用+WPS章节),0.0,0.0,
AI智能聊天机器人,WPS AI,AI认知,通用,WPS AI·AI认知·通用,中关联(通用+WPS章节),0.0,0.0,
ai人工智能在线,WPS AI,AI认知,通用,WPS AI·AI认知·通用,中关联(通用+WPS章节),0.0,0.0,
智能ai电话机器人,WPS AI,AI认知,通用,WPS AI·AI认知·通用,中关联(通用+WPS章节),0.0,0.0,
ai人工智能培训,WPS AI,AI认知,通用,WPS AI·AI认知·通用,中关联(通用+WPS章节),0.0,0.0,
ai智能眼镜,WPS AI,AI认知,通用,WPS AI·AI认知·通用,中关联(通用+WPS章节),0.0,0.0,
ai智能客服服务商,WPS AI,AI认知,通用,WPS AI·AI认知·通用,中关联(通用+WPS章节),0.0,0.0,
ai人工智能换脸福利视频,WPS AI,AI认知,通用,WPS AI·AI认知·通用,中关联(通用+WPS章节),0.0,0.0,
ai智能外呼电话系统,WPS AI,AI认知,通用,WPS AI·AI认知·通用,中关联(通用+WPS章节),0.0,0.0,
ai智能客服系统开发,WPS AI,AI认知,通用,WPS AI·AI认知·通用,中关联(通用+WPS章节),0.0,0.0,
ai智能绘画,WPS AI,AI认知,通用,WPS AI·AI认知·通用,中关联(通用+WPS章节),0.0,0.0,
ai人工智能绘画,WPS AI,AI认知,通用,WPS AI·AI认知·通用,中关联(通用+WPS章节),0.0,0.0,
ai人工智能学习,WPS AI,AI认知,通用,WPS AI·AI认知·通用,中关联(通用+WPS章节),0.0,0.0,
ai智能语音系统,WPS AI,AI认知,通用,WPS AI·AI认知·通用,中关联(通用+WPS章节),0.0,0.0,
ai学人工智能教育平台,WPS AI,AI认知,通用,WPS AI·AI认知·通用,中关联(通用+WPS章节),0.0,0.0,
ai和人工智能,WPS AI,AI认知,通用,WPS AI·AI认知·通用,中关联(通用+WPS章节),0.0,0.0,
ai智能语音,WPS AI,AI认知,通用,WPS AI·AI认知·通用,中关联(通用+WPS章节),0.0,0.0,
ai智能换脸,WPS AI,AI认知,通用,WPS AI·AI认知·通用,中关联(通用+WPS章节),0.0,0.0,
智能AI换脸,WPS AI,AI认知,通用,WPS AI·AI认知·通用,中关联(通用+WPS章节),0.0,0.0,
松鼠ai智能,WPS AI,AI认知,通用,WPS AI·AI认知·通用,中关联(通用+WPS章节),0.0,0.0,
ai智能电话,WPS AI,AI认知,通用,WPS AI·AI认知·通用,中关联(通用+WPS章节),0.0,0.0,
ai人工智能换脸,WPS AI,AI认知,通用,WPS AI·AI认知·通用,中关联(通用+WPS章节),0.0,0.0,
AI智能秤,WPS AI,AI认知,通用,WPS AI·AI认知·通用,中关联(通用+WPS章节),0.0,0.0,
松鼠ai智能教育,WPS AI,AI认知,通用,WPS AI·AI认知·通用,中关联(通用+WPS章节),0.0,0.0,
ai人工智能教育,WPS AI,AI认知,通用,WPS AI·AI认知·通用,中关联(通用+WPS章节),0.0,0.0,
华为ai智能音箱,WPS AI,AI认知,通用,WPS AI·AI认知·通用,中关联(通用+WPS章节),0.0,0.0,
智能ai外呼,WPS AI,AI认知,通用,WPS AI·AI认知·通用,中关联(通用+WPS章节),0.0,0.0,
ai智能名片,WPS AI,AI认知,通用,WPS AI·AI认知·通用,中关联(通用+WPS章节),0.0,0.0,
ai智能语音机器人,WPS AI,AI认知,通用,WPS AI·AI认知·通用,中关联(通用+WPS章节),0.0,0.0,
智能ai语音机器人,WPS AI,AI认知,通用,WPS AI·AI认知·通用,中关联(通用+WPS章节),0.0,0.0,
智能人工ai,WPS AI,AI认知,通用,WPS AI·AI认知·通用,中关联(通用+WPS章节),0.0,0.0,
ai智能对话,WPS AI,AI认知,通用,WPS AI·AI认知·通用,中关联(通用+WPS章节),0.0,0.0,
人工智能ai学习,WPS AI,AI认知,通用,WPS AI·AI认知·通用,中关联(通用+WPS章节),0.0,0.0,
ai智能获客,WPS AI,AI认知,通用,WPS AI·AI认知·通用,中关联(通用+WPS章节),0.0,0.0,
ai电话智能机器人,WPS AI,AI认知,通用,WPS AI·AI认知·通用,中关联(通用+WPS章节),0.0,0.0,
人工智能ai图片,WPS AI,教程操作,通用,WPS AI·教程操作·通用,中关联(通用+WPS章节),0.0,0.0,
松鼠ai人工智能,WPS AI,AI认知,通用,WPS AI·AI认知·通用,中关联(通用+WPS章节),0.0,0.0,
ai人工智能公司,WPS AI,AI认知,通用,WPS AI·AI认知·通用,中关联(通用+WPS章节),0.0,0.0,
ai智能狗,WPS AI,AI认知,通用,WPS AI·AI认知·通用,中关联(通用+WPS章节),0.0,0.0,
ai智能算法,WPS AI,AI认知,通用,WPS AI·AI认知·通用,中关联(通用+WPS章节),0.0,0.0,
小度ai智能音箱,WPS AI,AI认知,通用,WPS AI·AI认知·通用,中关联(通用+WPS章节),0.0,0.0,
ai人工智能教程,WPS AI,教程操作,通用,WPS AI·教程操作·通用,中关联(通用+WPS章节),0.0,0.0,
ai人工智能专业,WPS AI,AI认知,通用,WPS AI·AI认知·通用,中关联(通用+WPS章节),0.0,0.0,
ai智能参考线,WPS AI,AI认知,通用,WPS AI·AI认知·通用,中关联(通用+WPS章节),0.0,0.0,
ai人工智能电影,WPS AI,AI认知,通用,WPS AI·AI认知·通用,中关联(通用+WPS章节),0.0,0.0,
人工智能ai电影,WPS AI,AI认知,通用,WPS AI·AI认知·通用,中关联(通用+WPS章节),0.0,0.0,
ai智能教育怎么样,WPS AI,教程操作,通用,WPS AI·教程操作·通用,中关联(通用+WPS章节),0.0,0.0,
人工智能ai网站,WPS AI,AI认知,通用,WPS AI·AI认知·通用,中关联(通用+WPS章节),0.0,0.0,
ai智能陪练,WPS AI,AI认知,通用,WPS AI·AI认知·通用,中关联(通用+WPS章节),0.0,0.0,
ai智能拓客系统,WPS AI,AI认知,通用,WPS AI·AI认知·通用,中关联(通用+WPS章节),0.0,0.0,
ai智能教育培训,WPS AI,AI认知,通用,WPS AI·AI认知·通用,中关联(通用+WPS章节),0.0,0.0,
AI智能获客系统,WPS AI,AI认知,通用,WPS AI·AI认知·通用,中关联(通用+WPS章节),0.0,0.0,
松鼠ai人工智能教育,WPS AI,AI认知,通用,WPS AI·AI认知·通用,中关联(通用+WPS章节),0.0,0.0,
ai智能机器人软件,WPS AI,AI认知,通用,WPS AI·AI认知·通用,中关联(通用+WPS章节),0.0,0.0,
AI智能监控系统,WPS AI,AI认知,通用,WPS AI·AI认知·通用,中关联(通用+WPS章节),0.0,0.0,
ai人工智能绘图,WPS AI,AI认知,通用,WPS AI·AI认知·通用,中关联(通用+WPS章节),0.0,0.0,
ai智能体育,WPS AI,AI认知,通用,WPS AI·AI认知·通用,中关联(通用+WPS章节),0.0,0.0,
智能聊天ai机器人,WPS AI,AI认知,通用,WPS AI·AI认知·通用,中关联(通用+WPS章节),0.0,0.0,
ai智能体验中心,WPS AI,AI认知,通用,WPS AI·AI认知·通用,中关联(通用+WPS章节),0.0,0.0,
ai智能教育机器人,WPS AI,AI认知,通用,WPS AI·AI认知·通用,中关联(通用+WPS章节),0.0,0.0,
ai人工智能入门,WPS AI,教程操作,通用,WPS AI·教程操作·通用,中关联(通用+WPS章节),0.0,0.0,
什么是人工智能ai,WPS AI,AI认知,通用,WPS AI·AI认知·通用,中关联(通用+WPS章节),0.0,0.0,
ai智能换脸软件,WPS AI,AI认知,通用,WPS AI·AI认知·通用,中关联(通用+WPS章节),0.0,0.0,
AI智能虚拟人,WPS AI,AI认知,通用,WPS AI·AI认知·通用,中关联(通用+WPS章节),0.0,0.0,
ai人工智能客服,WPS AI,AI认知,通用,WPS AI·AI认知·通用,中关联(通用+WPS章节),0.0,0.0,
人工智能ai客服,WPS AI,AI认知,通用,WPS AI·AI认知·通用,中关联(通用+WPS章节),0.0,0.0,
ai外呼智能机器人,WPS AI,AI认知,通用,WPS AI·AI认知·通用,中关联(通用+WPS章节),0.0,0.0,
ai人工智能官网,WPS AI,AI认知,通用,WPS AI·AI认知·通用,中关联(通用+WPS章节),0.0,0.0,
智能ai客服系统,WPS AI,AI认知,通用,WPS AI·AI认知·通用,中关联(通用+WPS章节),0.0,0.0,
智能AI聊天机器人,WPS AI,AI认知,通用,WPS AI·AI认知·通用,中关联(通用+WPS章节),0.0,0.0,
ai人工智能汽车,WPS AI,AI认知,通用,WPS AI·AI认知·通用,中关联(通用+WPS章节),0.0,0.0,
ai智能营销软件,WPS AI,AI认知,通用,WPS AI·AI认知·通用,中关联(通用+WPS章节),0.0,0.0,
ai智能营销机器人,WPS AI,AI认知,通用,WPS AI·AI认知·通用,中关联(通用+WPS章节),0.0,0.0,
ai智能学习灯,WPS AI,AI认知,通用,WPS AI·AI认知·通用,中关联(通用+WPS章节),0.0,0.0,
ai智能教学系统,WPS AI,教程操作,通用,WPS AI·教程操作·通用,中关联(通用+WPS章节),0.0,0.0,
智能ai对话机器人,WPS AI,AI认知,通用,WPS AI·AI认知·通用,中关联(通用+WPS章节),0.0,0.0,
ai智能语音外呼系统,WPS AI,AI认知,通用,WPS AI·AI认知·通用,中关联(通用+WPS章节),0.0,0.0,
ai人工智能怎么学,WPS AI,教程操作,通用,WPS AI·教程操作·通用,中关联(通用+WPS章节),0.0,0.0,
ai智能名片小程序,WPS AI,AI认知,通用,WPS AI·AI认知·通用,中关联(通用+WPS章节),0.0,0.0,
ai智能语音机器人排名,WPS AI,AI认知,通用,WPS AI·AI认知·通用,中关联(通用+WPS章节),0.0,0.0,
ai人工智能教育有哪些,WPS AI,AI认知,通用,WPS AI·AI认知·通用,中关联(通用+WPS章节),0.0,0.0,
ai智能外呼机器人,WPS AI,AI认知,通用,WPS AI·AI认知·通用,中关联(通用+WPS章节),0.0,0.0,
微信ai智能机器人,WPS AI,AI认知,通用,WPS AI·AI认知·通用,中关联(通用+WPS章节),0.0,0.0,
高考智能AI监控,WPS AI,AI认知,通用,WPS AI·AI认知·通用,中关联(通用+WPS章节),0.0,0.0,
人工智能ai应用领域,WPS AI,教程操作,通用,WPS AI·教程操作·通用,中关联(通用+WPS章节),0.0,0.0,
AI智能供应链,WPS AI,AI认知,通用,WPS AI·AI认知·通用,中关联(通用+WPS章节),0.0,0.0,
人工智能ai换脸软件,WPS AI,AI认知,通用,WPS AI·AI认知·通用,中关联(通用+WPS章节),0.0,0.0,
ai智能视频监控系统,WPS AI,AI认知,通用,WPS AI·AI认知·通用,中关联(通用+WPS章节),0.0,0.0,
ai智能语音电话机器人,WPS AI,AI认知,通用,WPS AI·AI认知·通用,中关联(通用+WPS章节),0.0,0.0,
ai智能电话营销机器人,WPS AI,AI认知,通用,WPS AI·AI认知·通用,中关联(通用+WPS章节),0.0,0.0,
AI智能机器人打电话,WPS AI,AI认知,通用,WPS AI·AI认知·通用,中关联(通用+WPS章节),0.0,0.0,
ai智能客服平台,WPS AI,AI认知,通用,WPS AI·AI认知·通用,中关联(通用+WPS章节),0.0,0.0,
ai智能云客服,WPS AI,AI认知,通用,WPS AI·AI认知·通用,中关联(通用+WPS章节),0.0,0.0,
ai人工智能测手相,WPS AI,AI认知,通用,WPS AI·AI认知·通用,中关联(通用+WPS章节),0.0,0.0,
人工智能ai机器人对话,WPS AI,AI认知,通用,WPS AI·AI认知·通用,中关联(通用+WPS章节),0.0,0.0,
智能人工ai客服,WPS AI,AI认知,通用,WPS AI·AI认知·通用,中关联(通用+WPS章节),0.0,0.0,
智能AI外呼机器人,WPS AI,AI认知,通用,WPS AI·AI认知·通用,中关联(通用+WPS章节),0.0,0.0,
ai智能在线客服,WPS AI,AI认知,通用,WPS AI·AI认知·通用,中关联(通用+WPS章节),0.0,0.0,
ai人工智能编程培训,WPS AI,AI认知,通用,WPS AI·AI认知·通用,中关联(通用+WPS章节),0.0,0.0,
ai智能知识库,WPS AI,AI认知,通用,WPS AI·AI认知·通用,中关联(通用+WPS章节),0.0,0.0,
ai人工智能是什么行业,WPS AI,AI认知,通用,WPS AI·AI认知·通用,中关联(通用+WPS章节),0.0,0.0,
ai人工智能的应用领域,WPS AI,教程操作,通用,WPS AI·教程操作·通用,中关联(通用+WPS章节),0.0,0.0,
ai智能名片源码,WPS AI,AI认知,通用,WPS AI·AI认知·通用,中关联(通用+WPS章节),0.0,0.0,
AI智能名片小程序源码,WPS AI,AI认知,通用,WPS AI·AI认知·通用,中关联(通用+WPS章节),0.0,0.0,
ai智能外呼系统销售,WPS AI,AI认知,通用,WPS AI·AI认知·通用,中关联(通用+WPS章节),0.0,0.0,
ai智能客服运营,WPS AI,AI认知,通用,WPS AI·AI认知·通用,中关联(通用+WPS章节),0.0,0.0,
ai智能外呼系统排名,WPS AI,AI认知,通用,WPS AI·AI认知·通用,中关联(通用+WPS章节),0.0,0.0,
ai智能绘画泳装,WPS AI,AI认知,通用,WPS AI·AI认知·通用,中关联(通用+WPS章节),0.0,0.0,
ai客服人工智能,WPS AI,AI认知,通用,WPS AI·AI认知·通用,中关联(通用+WPS章节),0.0,0.0,
ai人工智能面相测试,WPS AI,AI认知,通用,WPS AI·AI认知·通用,中关联(通用+WPS章节),0.0,0.0,
ai人工智能应用,WPS AI,AI认知,通用,WPS AI·AI认知·通用,中关联(通用+WPS章节),0.0,0.0,
百川AI智能大模型,WPS AI,AI认知,通用,WPS AI·AI认知·通用,中关联(通用+WPS章节),0.0,0.0,
ai智能客服管理系统,WPS AI,AI认知,通用,WPS AI·AI认知·通用,中关联(通用+WPS章节),0.0,0.0,
ai智能绘画免费软件,WPS AI,AI认知,通用,WPS AI·AI认知·通用,中关联(通用+WPS章节),0.0,0.0,
ai智能公司,WPS AI,AI认知,通用,WPS AI·AI认知·通用,中关联(通用+WPS章节),0.0,0.0,
ai智能培训,WPS AI,AI认知,通用,WPS AI·AI认知·通用,中关联(通用+WPS章节),0.0,0.0,
ai智能音箱,WPS AI,AI认知,通用,WPS AI·AI认知·通用,中关联(通用+WPS章节),0.0,0.0,
ai人工智能编程,WPS AI,AI认知,通用,WPS AI·AI认知·通用,中关联(通用+WPS章节),0.0,0.0,
人工智能和ai,WPS AI,AI认知,通用,WPS AI·AI认知·通用,中关联(通用+WPS章节),0.0,0.0,
人工智能ai培训,WPS AI,AI认知,通用,WPS AI·AI认知·通用,中关联(通用+WPS章节),0.0,0.0,
人工智能ai系统,WPS AI,AI认知,通用,WPS AI·AI认知·通用,中关联(通用+WPS章节),0.0,0.0,
ai人工智能视频,WPS AI,AI认知,通用,WPS AI·AI认知·通用,中关联(通用+WPS章节),0.0,0.0,
ai人工智能的发展,WPS AI,AI认知,通用,WPS AI·AI认知·通用,中关联(通用+WPS章节),0.0,0.0,
ai人工智能语音系统,WPS AI,AI认知,通用,WPS AI·AI认知·通用,中关联(通用+WPS章节),0.0,0.0,
人工智能ai是什么,WPS AI,AI认知,通用,WPS AI·AI认知·通用,中关联(通用+WPS章节),0.0,0.0,
人工智能ai机器人,WPS AI,AI认知,通用,WPS AI·AI认知·通用,中关联(通用+WPS章节),0.0,0.0,
AI智能模型,WPS AI,AI认知,通用,WPS AI·AI认知·通用,中关联(通用+WPS章节),0.0,0.0,
ai智能呼叫中心,WPS AI,AI认知,通用,WPS AI·AI认知·通用,中关联(通用+WPS章节),0.0,0.0,
ai智能办公系统,WPS AI,AI认知,通用,WPS AI·AI认知·通用,中关联(通用+WPS章节),0.0,0.0,
智能家居ai,WPS AI,AI认知,通用,WPS AI·AI认知·通用,中关联(通用+WPS章节),0.0,0.0,
ai智能绘画作品,WPS AI,AI认知,通用,WPS AI·AI认知·通用,中关联(通用+WPS章节),0.0,0.0,
ai人工智能画图,WPS AI,AI认知,通用,WPS AI·AI认知·通用,中关联(通用+WPS章节),0.0,0.0,
智能ai电销机器人,WPS AI,AI认知,通用,WPS AI·AI认知·通用,中关联(通用+WPS章节),0.0,0.0,
ai人工智能绘画软件免费,WPS AI,AI认知,通用,WPS AI·AI认知·通用,中关联(通用+WPS章节),0.0,0.0,
ai语音,WPS AI,AI认知,通用,WPS AI·AI认知·通用,中关联(通用+WPS章节),0.0,0.0,
ai语音助手,WPS AI,AI认知,通用,WPS AI·AI认知·通用,中关联(通用+WPS章节),0.0,0.0,
语音ai,WPS AI,AI认知,通用,WPS AI·AI认知·通用,中关联(通用+WPS章节),0.0,0.0,
ai语音识别,WPS AI,教程操作,通用,WPS AI·教程操作·通用,中关联(通用+WPS章节),0.0,0.0,
ai语音机器人,WPS AI,AI认知,通用,WPS AI·AI认知·通用,中关联(通用+WPS章节),0.0,0.0,
ai语音对话,WPS AI,AI认知,通用,WPS AI·AI认知·通用,中关联(通用+WPS章节),0.0,0.0,
语音识别ai,WPS AI,教程操作,通用,WPS AI·教程操作·通用,中关联(通用+WPS章节),0.0,0.0,
ai语音客服,WPS AI,AI认知,通用,WPS AI·AI认知·通用,中关联(通用+WPS章节),0.0,0.0,
在线ai语音,WPS AI,AI认知,通用,WPS AI·AI认知·通用,中关联(通用+WPS章节),0.0,0.0,
ai语音外呼,WPS AI,AI认知,通用,WPS AI·AI认知·通用,中关联(通用+WPS章节),0.0,0.0,
微软ai语音合成,WPS AI,AI认知,通用,WPS AI·AI认知·通用,中关联(通用+WPS章节),0.0,0.0,
ai语音聊天机器人,WPS AI,AI认知,通用,WPS AI·AI认知·通用,中关联(通用+WPS章节),0.0,0.0,
ai语音模型,WPS AI,AI认知,通用,WPS AI·AI认知·通用,中关联(通用+WPS章节),0.0,0.0,
AI办公软件推荐,WPS AI,AI认知,通用,WPS AI·AI认知·通用,中关联(通用+WPS章节),0.0,0.0,S
国内AI办公软件哪个好,WPS AI,对比选型,通用,WPS AI·对比选型·通用,低关联(方法论轻带),0.0,0.0,S
AI PPT工具哪个好,WPS AI,对比选型,通用,WPS AI·对比选型·通用,低关联(方法论轻带),0.0,0.0,S
AI办公工具哪个好用,WPS AI,对比选型,通用,WPS AI·对比选型·通用,低关联(方法论轻带),0.0,0.0,S
免费AI办公软件推荐,WPS AI,AI认知,通用,WPS AI·AI认知·通用,中关联(通用+WPS章节),0.0,0.0,S
适合职场人的AI工具,WPS AI,AI认知,通用,WPS AI·AI认知·通用,中关联(通用+WPS章节),0.0,0.0,S
AI PDF工具哪个好,WPS AI,对比选型,通用,WPS AI·对比选型·通用,低关联(方法论轻带),0.0,0.0,S
办公AI工具排行榜,WPS AI,AI认知,通用,WPS AI·AI认知·通用,中关联(通用+WPS章节),0.0,0.0,S
国产AI办公软件推荐,WPS AI,AI认知,通用,WPS AI·AI认知·通用,中关联(通用+WPS章节),0.0,0.0,S
AI文档工具哪个好,WPS AI,对比选型,通用,WPS AI·对比选型·通用,低关联(方法论轻带),0.0,0.0,S
AI表格工具哪个好,WPS AI,对比选型,表格,WPS AI·对比选型·表格,低关联(方法论轻带),0.0,0.0,S
WPS AI和Office Copilot区别,WPS AI,对比选型,通用,WPS AI·对比选型·通用,低关联(方法论轻带),0.0,0.0,A
WPS AI免费吗,WPS AI,AI认知,通用,WPS AI·AI认知·通用,中关联(通用+WPS章节),0.0,0.0,A
WPS AI和Kimi哪个好,WPS AI,对比选型,通用,WPS AI·对比选型·通用,低关联(方法论轻带),0.0,0.0,A
WPS AI和豆包哪个好,WPS AI,对比选型,通用,WPS AI·对比选型·通用,低关联(方法论轻带),0.0,0.0,A
WPS AI好用吗,WPS AI,对比选型,通用,WPS AI·对比选型·通用,低关联(方法论轻带),0.0,19.0,A
WPS AI是免费的吗,WPS AI,AI认知,通用,WPS AI·AI认知·通用,中关联(通用+WPS章节),0.0,0.0,A
Office和WPS的区别,Office通用,对比选型,通用,Office通用·对比选型·通用,低关联(方法论轻带),0.857,461.0,A
WPS AI入口在哪里,WPS AI,AI认知,通用,WPS AI·AI认知·通用,中关联(通用+WPS章节),0.0,0.0,A
WPS AI和DeepSeek哪个好,WPS AI,对比选型,通用,WPS AI·对比选型·通用,低关联(方法论轻带),0.0,0.0,A
WPS AI和通义千问哪个好,WPS AI,对比选型,通用,WPS AI·对比选型·通用,低关联(方法论轻带),0.0,0.0,A
WPS AI适合企业吗,WPS AI,AI认知,通用,WPS AI·AI认知·通用,中关联(通用+WPS章节),0.0,0.0,A
WPS AI适合学生吗,WPS AI,AI认知,通用,WPS AI·AI认知·通用,中关联(通用+WPS章节),0.0,0.0,A
WPS Office是什么软件,Office通用,功能认知,通用,Office通用·功能认知·通用,中关联(通用+WPS章节),0.857,349.0,A
WPS办公助手怎么用,WPS AI,教程操作,通用,WPS AI·教程操作·通用,中关联(通用+WPS章节),0.0,0.0,A
WPS办公助手是什么,WPS AI,AI认知,通用,WPS AI·AI认知·通用,中关联(通用+WPS章节),0.0,0.0,B
WPS和金山文档有什么区别,云文档/在线,对比选型,通用,云文档/在线·对比选型·通用,低关联(方法论轻带),0.4399,0.0,B
WPS AI和DeepSeek怎么配合使用,WPS AI,教程操作,通用,WPS AI·教程操作·通用,中关联(通用+WPS章节),0.0,0.0,B
WPS AI和Kimi怎么配合使用,WPS AI,教程操作,通用,WPS AI·教程操作·通用,中关联(通用+WPS章节),0.0,0.0,B
WPS AI和豆包怎么配合使用,WPS AI,教程操作,通用,WPS AI·教程操作·通用,中关联(通用+WPS章节),0.0,0.0,B
WPS和腾讯文档哪个好用,WPS综合,对比选型,通用,WPS综合·对比选型·通用,低关联(方法论轻带),0.8135,0.0,B
WPS适合学生用吗,WPS综合,品牌直达,通用,WPS综合·品牌直达·通用,高关联(整篇WPS),0.8135,0.0,B
AI写作软件哪个好,WPS AI,对比选型,通用,WPS AI·对比选型·通用,低关联(方法论轻带),0.0,0.0,S
AI总结PDF,WPS AI,AI认知,通用,WPS AI·AI认知·通用,中关联(通用+WPS章节),0.0,0.0,S
AI写文章用什么软件,WPS AI,AI认知,通用,WPS AI·AI认知·通用,中关联(通用+WPS章节),0.0,0.0,S
AI写简历,WPS AI,AI认知,简历,WPS AI·AI认知·简历,中关联(通用+WPS章节),0.0,0.0,S
AI总结长文档,WPS AI,AI认知,通用,WPS AI·AI认知·通用,中关联(通用+WPS章节),0.0,0.0,S
WPS AI怎么用,WPS AI,教程操作,通用,WPS AI·教程操作·通用,中关联(通用+WPS章节),0.0,26.0,S
AI写会议纪要,WPS AI,AI认知,通用,WPS AI·AI认知·通用,中关联(通用+WPS章节),0.0,0.0,S
AI写工作总结,WPS AI,AI认知,通用,WPS AI·AI认知·通用,中关联(通用+WPS章节),0.0,0.0,S
AI写年终总结,WPS AI,AI认知,通用,WPS AI·AI认知·通用,中关联(通用+WPS章节),0.0,0.0,S
AI润色文章,WPS AI,AI认知,通用,WPS AI·AI认知·通用,中关联(通用+WPS章节),0.0,0.0,S
AI优化简历,WPS AI,AI认知,简历,WPS AI·AI认知·简历,中关联(通用+WPS章节),0.0,0.0,A
AI总结Word文档,WPS AI,AI认知,通用,WPS AI·AI认知·通用,中关联(通用+WPS章节),0.0,0.0,A
AI改写文章,WPS AI,教程操作,通用,WPS AI·教程操作·通用,中关联(通用+WPS章节),0.0,0.0,A
AI论文润色,WPS AI,AI认知,通用,WPS AI·AI认知·通用,中关联(通用+WPS章节),0.0,0.0,A
AI写周报,WPS AI,AI认知,通用,WPS AI·AI认知·通用,中关联(通用+WPS章节),0.0,0.0,A
AI写方案,WPS AI,AI认知,通用,WPS AI·AI认知·通用,中关联(通用+WPS章节),0.0,0.0,A
AI写论文大纲,WPS AI,AI认知,通用,WPS AI·AI认知·通用,中关联(通用+WPS章节),0.0,0.0,A
AI写述职报告,WPS AI,AI认知,通用,WPS AI·AI认知·通用,中关联(通用+WPS章节),0.0,0.0,A
AI根据录音生成会议纪要,WPS AI,教程操作,通用,WPS AI·教程操作·通用,中关联(通用+WPS章节),0.0,0.0,A
AI翻译文档,WPS AI,AI认知,通用,WPS AI·AI认知·通用,中关联(通用+WPS章节),0.0,0.0,A
AI中英文润色,WPS AI,AI认知,通用,WPS AI·AI认知·通用,中关联(通用+WPS章节),0.0,0.0,A
AI写公文,WPS AI,AI认知,通用,WPS AI·AI认知·通用,中关联(通用+WPS章节),0.0,0.0,A
AI写商业计划书,WPS AI,AI认知,通用,WPS AI·AI认知·通用,中关联(通用+WPS章节),0.0,0.0,A
AI写月报,WPS AI,AI认知,通用,WPS AI·AI认知·通用,中关联(通用+WPS章节),0.0,0.0,A
AI写策划案,WPS AI,AI认知,通用,WPS AI·AI认知·通用,中关联(通用+WPS章节),0.0,0.0,A
AI扩写文章,WPS AI,AI认知,通用,WPS AI·AI认知·通用,中关联(通用+WPS章节),0.0,0.0,A
AI提炼文档重点,WPS AI,AI认知,通用,WPS AI·AI认知·通用,中关联(通用+WPS章节),0.0,0.0,A
AI论文降重,WPS AI,AI认知,通用,WPS AI·AI认知·通用,中关联(通用+WPS章节),0.0,0.0,A
WPS AI写作怎么用,WPS AI,教程操作,通用,WPS AI·教程操作·通用,中关联(通用+WPS章节),0.0,0.0,A
WPS AI总结PDF怎么用,WPS AI,教程操作,通用,WPS AI·教程操作·通用,中关联(通用+WPS章节),0.0,0.0,A
AI生成工作计划,WPS AI,教程操作,通用,WPS AI·教程操作·通用,中关联(通用+WPS章节),0.0,0.0,A
WPS AI可以做什么,WPS AI,AI认知,通用,WPS AI·AI认知·通用,中关联(通用+WPS章节),0.0,0.0,A
WPS AI总结文档怎么用,WPS AI,教程操作,通用,WPS AI·教程操作·通用,中关联(通用+WPS章节),0.0,0.0,A
AI生成合同模板,WPS AI,教程操作,模板,WPS AI·教程操作·模板,中关联(通用+WPS章节),0.0,0.0,A
AI缩写文章,WPS AI,AI认知,通用,WPS AI·AI认知·通用,中关联(通用+WPS章节),0.0,0.0,A
WPS AI会议纪要怎么用,WPS AI,教程操作,通用,WPS AI·教程操作·通用,中关联(通用+WPS章节),0.0,0.0,A
WPS AI怎么写工作总结,WPS AI,教程操作,通用,WPS AI·教程操作·通用,中关联(通用+WPS章节),0.0,0.0,A
WPS AI怎么生成报告,WPS AI,教程操作,通用,WPS AI·教程操作·通用,中关联(通用+WPS章节),0.0,0.0,A
WPS AI润色文章怎么用,WPS AI,教程操作,通用,WPS AI·教程操作·通用,中关联(通用+WPS章节),0.0,0.0,A
WPS AI可以总结长文吗,WPS AI,AI认知,通用,WPS AI·AI认知·通用,中关联(通用+WPS章节),0.0,0.0,A
WPS AI怎么生成文档,WPS AI,教程操作,通用,WPS AI·教程操作·通用,中关联(通用+WPS章节),0.0,0.0,A
WPS AI可以翻译文档吗,WPS AI,AI认知,通用,WPS AI·AI认知·通用,中关联(通用+WPS章节),0.0,0.0,A
WPS AI怎么写简历,WPS AI,教程操作,简历,WPS AI·教程操作·简历,中关联(通用+WPS章节),0.0,0.0,B
ai做ppt,WPS AI,AI认知,通用,WPS AI·AI认知·通用,中关联(通用+WPS章节),0.0,0.0,
ai制作ppt,WPS AI,教程操作,通用,WPS AI·教程操作·通用,中关联(通用+WPS章节),0.0,1679.0,
ai生成ppt,WPS AI,教程操作,通用,WPS AI·教程操作·通用,中关联(通用+WPS章节),0.0,6004.0,
wpsai生成ppt,WPS AI,教程操作,通用,WPS AI·教程操作·通用,中关联(通用+WPS章节),0.0,0.0,
能做ppt的ai,WPS AI,AI认知,通用,WPS AI·AI认知·通用,中关联(通用+WPS章节),0.0,8749.0,
wpsAIPPT官网,WPS AI,AI认知,通用,WPS AI·AI认知·通用,中关联(通用+WPS章节),0.0,2.0,
ppt制作的ai,WPS AI,教程操作,通用,WPS AI·教程操作·通用,中关联(通用+WPS章节),0.0,34.0,
WPSAippt官网,WPS AI,AI认知,通用,WPS AI·AI认知·通用,中关联(通用+WPS章节),0.0,1.0,
灵犀AI PPT,WPS AI,AI认知,通用,WPS AI·AI认知·通用,中关联(通用+WPS章节),0.0,1.0,
AIppt.wps.cn,WPS AI,AI认知,通用,WPS AI·AI认知·通用,中关联(通用+WPS章节),0.0,1.0,
WPS AI PPT,WPS AI,AI认知,通用,WPS AI·AI认知·通用,中关联(通用+WPS章节),0.0,1.0,
人工智能ppt,WPS AI,AI认知,通用,WPS AI·AI认知·通用,中关联(通用+WPS章节),0.0,0.0,
智能ppt,WPS AI,AI认知,通用,WPS AI·AI认知·通用,中关联(通用+WPS章节),0.0,0.0,
智能家居ppt,WPS AI,AI认知,通用,WPS AI·AI认知·通用,中关联(通用+WPS章节),0.0,0.0,
智能制造ppt,WPS AI,AI认知,通用,WPS AI·AI认知·通用,中关联(通用+WPS章节),0.0,0.0,
ai制作ppt免费,WPS AI,教程操作,通用,WPS AI·教程操作·通用,中关联(通用+WPS章节),0.0,771.0,
ai自动生成ppt,WPS AI,教程操作,通用,WPS AI·教程操作·通用,中关联(通用+WPS章节),0.0,136.0,
ppt生成ai,WPS AI,教程操作,通用,WPS AI·教程操作·通用,中关联(通用+WPS章节),0.0,978.0,
ai一键生成ppt,WPS AI,教程操作,通用,WPS AI·教程操作·通用,中关联(通用+WPS章节),0.0,127.0,
ai免费生成ppt,WPS AI,教程操作,通用,WPS AI·教程操作·通用,中关联(通用+WPS章节),0.0,225.0,
ai一键生成ppt免费,WPS AI,教程操作,通用,WPS AI·教程操作·通用,中关联(通用+WPS章节),0.0,448.0,
制作ppt的ai,WPS AI,教程操作,通用,WPS AI·教程操作·通用,中关联(通用+WPS章节),0.0,636.0,
生成ppt的ai,WPS AI,教程操作,通用,WPS AI·教程操作·通用,中关联(通用+WPS章节),0.0,372.0,
ppt制作ai,WPS AI,教程操作,通用,WPS AI·教程操作·通用,中关联(通用+WPS章节),0.0,0.0,
ai生成ppt免费,WPS AI,教程操作,通用,WPS AI·教程操作·通用,中关联(通用+WPS章节),0.0,604.0,
自动生成ppt的ai,WPS AI,教程操作,通用,WPS AI·教程操作·通用,中关联(通用+WPS章节),0.0,317.0,
ai人工智能ppt,WPS AI,AI认知,通用,WPS AI·AI认知·通用,中关联(通用+WPS章节),0.0,0.0,
ai生成ppt免费下载,WPS AI,教程操作,下载,WPS AI·教程操作·下载,中关联(通用+WPS章节),0.0,0.0,
ai生成ppt网站,WPS AI,教程操作,通用,WPS AI·教程操作·通用,中关联(通用+WPS章节),0.0,14.0,
ai免费生成ppt的网站,WPS AI,教程操作,通用,WPS AI·教程操作·通用,中关联(通用+WPS章节),0.0,0.0,
ai怎么制作ppt,WPS AI,教程操作,通用,WPS AI·教程操作·通用,中关联(通用+WPS章节),0.0,23.0,
ai自动生成表格,WPS AI,教程操作,表格,WPS AI·教程操作·表格,中关联(通用+WPS章节),0.0,0.0,
哪个ai可以做excel,WPS AI,AI认知,通用,WPS AI·AI认知·通用,中关联(通用+WPS章节),0.0,0.0,
WPS智能表格,WPS AI,AI认知,表格,WPS AI·AI认知·表格,中关联(通用+WPS章节),0.0,1.0,
wpszaixian表格,WPS AI,AI认知,表格,WPS AI·AI认知·表格,中关联(通用+WPS章节),0.0,1.0,
excel智能填充,WPS AI,教程操作,通用,WPS AI·教程操作·通用,中关联(通用+WPS章节),0.0,0.0,
ai自动生成表格的软件,WPS AI,教程操作,表格,WPS AI·教程操作·表格,中关联(通用+WPS章节),0.0,0.0,
ai制作表格,WPS AI,教程操作,表格,WPS AI·教程操作·表格,中关联(通用+WPS章节),0.0,0.0,
Ai生成数据,WPS AI,教程操作,通用,WPS AI·教程操作·通用,中关联(通用+WPS章节),0.0,0.0,
ai怎么制作表格,WPS AI,教程操作,表格,WPS AI·教程操作·表格,中关联(通用+WPS章节),0.0,0.0,
AI把PDF表格转Excel,WPS AI,AI认知,表格,WPS AI·AI认知·表格,中关联(通用+WPS章节),0.0,0.0,S
AI把图片表格转Excel,WPS AI,教程操作,表格,WPS AI·教程操作·表格,中关联(通用+WPS章节),0.0,0.0,S
AI分析Excel数据,WPS AI,AI认知,通用,WPS AI·AI认知·通用,中关联(通用+WPS章节),0.0,0.0,S
AI做表格哪个好,WPS AI,对比选型,表格,WPS AI·对比选型·表格,低关联(方法论轻带),0.0,0.0,S
AI生成Excel公式,WPS AI,教程操作,公式,WPS AI·教程操作·公式,中关联(通用+WPS章节),0.0,0.0,S
AI生成Excel表格,WPS AI,教程操作,表格,WPS AI·教程操作·表格,中关联(通用+WPS章节),0.0,0.0,S
AI写Excel公式,WPS AI,教程操作,公式,WPS AI·教程操作·公式,中关联(通用+WPS章节),0.0,0.0,S
AI自动整理表格,WPS AI,AI认知,表格,WPS AI·AI认知·表格,中关联(通用+WPS章节),0.0,0.0,S
AI识别表格图片,WPS AI,教程操作,表格,WPS AI·教程操作·表格,中关联(通用+WPS章节),0.0,0.0,S
AI根据文字生成表格,WPS AI,教程操作,表格,WPS AI·教程操作·表格,中关联(通用+WPS章节),0.0,0.0,A
AI生成图表,WPS AI,教程操作,图表,WPS AI·教程操作·图表,中关联(通用+WPS章节),0.0,0.0,A
AI根据表格生成报告,WPS AI,教程操作,表格,WPS AI·教程操作·表格,中关联(通用+WPS章节),0.0,0.0,A
AI表格函数怎么写,WPS AI,教程操作,函数,WPS AI·教程操作·函数,中关联(通用+WPS章节),0.0,0.0,A
AI做数据透视表,WPS AI,教程操作,数据透视,WPS AI·教程操作·数据透视,中关联(通用+WPS章节),0.0,0.0,A
AI提取表格数据,WPS AI,教程操作,表格,WPS AI·教程操作·表格,中关联(通用+WPS章节),0.0,0.0,A
AI清洗表格数据,WPS AI,AI认知,表格,WPS AI·AI认知·表格,中关联(通用+WPS章节),0.0,0.0,A
WPS AI分析表格数据,WPS AI,AI认知,表格,WPS AI·AI认知·表格,中关联(通用+WPS章节),0.0,0.0,A
WPS AI表格怎么用,WPS AI,教程操作,表格,WPS AI·教程操作·表格,中关联(通用+WPS章节),0.0,0.0,A
WPS AI写公式怎么用,WPS AI,教程操作,公式,WPS AI·教程操作·公式,中关联(通用+WPS章节),0.0,0.0,A
WPS AI生成表格,WPS AI,教程操作,表格,WPS AI·教程操作·表格,中关联(通用+WPS章节),0.0,0.0,A
AI合并表格数据,WPS AI,教程操作,表格,WPS AI·教程操作·表格,中关联(通用+WPS章节),0.0,0.0,A
WPS AI生成图表,WPS AI,教程操作,图表,WPS AI·教程操作·图表,中关联(通用+WPS章节),0.0,0.0,A
WPS AI PDF表格转Excel,WPS AI,AI认知,表格,WPS AI·AI认知·表格,中关联(通用+WPS章节),0.0,0.0,A
WPS AI图片转表格,WPS AI,教程操作,表格,WPS AI·教程操作·表格,中关联(通用+WPS章节),0.0,0.0,A
WPS AI怎么做表格,WPS AI,教程操作,表格,WPS AI·教程操作·表格,中关联(通用+WPS章节),0.0,0.0,A
WPS AI可以做数据透视表吗,WPS AI,教程操作,数据透视,WPS AI·教程操作·数据透视,中关联(通用+WPS章节),0.0,0.0,B
wps365与wpsoffice的区别,Office通用,对比选型,通用,Office通用·对比选型·通用,低关联(方法论轻带),0.857,0.0,
wpsoffice和微软office哪个好用,Office通用,对比选型,通用,Office通用·对比选型·通用,低关联(方法论轻带),0.857,0.0,
WPS对比两份PDF文档,PDF,对比选型,通用,PDF·对比选型·通用,低关联(方法论轻带),0.2212,1.0,
怎么对比两个excel文档的数据差异,Excel,教程操作,通用,Excel·教程操作·通用,中关联(通用+WPS章节),0.274,0.0,
word文档对比,Word,对比选型,通用,Word·对比选型·通用,低关联(方法论轻带),0.4224,0.0,
两个word文档怎么对比,Word,教程操作,通用,Word·教程操作·通用,中关联(通用+WPS章节),0.4224,0.0,
在线文档哪个好用,云文档/在线,对比选型,通用,云文档/在线·对比选型·通用,低关联(方法论轻带),0.4399,0.0,S
腾讯文档和金山文档哪个好,云文档/在线,对比选型,通用,云文档/在线·对比选型·通用,低关联(方法论轻带),0.4399,0.0,S
在线协作文档哪个好用,云文档/在线,教程操作,通用,云文档/在线·教程操作·通用,中关联(通用+WPS章节),0.4399,0.0,S
免费在线文档哪个好,云文档/在线,对比选型,通用,云文档/在线·对比选型·通用,低关联(方法论轻带),0.4399,0.0,S
多人在线编辑文档哪个好,云文档/在线,教程操作,通用,云文档/在线·教程操作·通用,中关联(通用+WPS章节),0.4399,0.0,S
金山文档和腾讯文档区别,云文档/在线,对比选型,通用,云文档/在线·对比选型·通用,低关联(方法论轻带),0.4399,0.0,S
飞书文档和金山文档哪个好,云文档/在线,对比选型,通用,云文档/在线·对比选型·通用,低关联(方法论轻带),0.4399,0.0,S
在线表格工具哪个好,Excel,对比选型,表格,Excel·对比选型·表格,低关联(方法论轻带),0.274,0.0,A
企业云文档哪个好,云文档/在线,对比选型,通用,云文档/在线·对比选型·通用,低关联(方法论轻带),0.4399,0.0,A
在线PPT工具哪个好,PPT,对比选型,通用,PPT·对比选型·通用,低关联(方法论轻带),1.0,0.0,A
腾讯文档和飞书文档哪个好,其他/泛,对比选型,通用,其他/泛·对比选型·通用,低关联(方法论轻带),0.0,0.0,A
金山文档安全吗,云文档/在线,品牌直达,通用,云文档/在线·品牌直达·通用,高关联(整篇WPS),0.4399,0.0,A
飞书文档和金山文档区别,云文档/在线,对比选型,通用,云文档/在线·对比选型·通用,低关联(方法论轻带),0.4399,0.0,A
WPS云文档和金山文档区别,云文档/在线,对比选型,通用,云文档/在线·对比选型·通用,低关联(方法论轻带),0.4399,0.0,A
石墨文档和金山文档哪个好,云文档/在线,对比选型,通用,云文档/在线·对比选型·通用,低关联(方法论轻带),0.4399,0.0,A
金山文档和WPS云文档区别,云文档/在线,对比选型,通用,云文档/在线·对比选型·通用,低关联(方法论轻带),0.4399,0.0,A
钉钉文档和金山文档哪个好,云文档/在线,对比选型,通用,云文档/在线·对比选型·通用,低关联(方法论轻带),0.4399,0.0,A
WPS在线文档和金山文档区别,云文档/在线,对比选型,通用,云文档/在线·对比选型·通用,低关联(方法论轻带),0.4399,0.0,A
金山文档可以多人编辑吗,云文档/在线,教程操作,通用,云文档/在线·教程操作·通用,中关联(通用+WPS章节),0.4399,0.0,A
金山文档和石墨文档区别,云文档/在线,对比选型,通用,云文档/在线·对比选型·通用,低关联(方法论轻带),0.4399,0.0,A
金山文档适合企业吗,云文档/在线,品牌直达,通用,云文档/在线·品牌直达·通用,高关联(整篇WPS),0.4399,0.0,A
免费Office替代软件推荐,Office通用,对比选型,通用,Office通用·对比选型·通用,低关联(方法论轻带),0.857,0.0,S
WPS和Office哪个好用,Office通用,对比选型,通用,Office通用·对比选型·通用,低关联(方法论轻带),0.857,608.0,S
WPS可以替代Office吗,Office通用,对比选型,通用,Office通用·对比选型·通用,低关联(方法论轻带),0.857,0.0,S
办公软件免费版哪个好,Office通用,对比选型,通用,Office通用·对比选型·通用,低关联(方法论轻带),0.857,0.0,S
国产Office软件哪个好,Office通用,对比选型,通用,Office通用·对比选型·通用,低关联(方法论轻带),0.857,0.0,S
国产办公软件哪个好用,Office通用,对比选型,通用,Office通用·对比选型·通用,低关联(方法论轻带),0.857,0.0,S
Microsoft Office和WPS哪个好,Office通用,对比选型,通用,Office通用·对比选型·通用,低关联(方法论轻带),0.857,0.0,S
WPS和Office有什么区别,Office通用,对比选型,通用,Office通用·对比选型·通用,低关联(方法论轻带),0.857,1096.0,S
Office和WPS哪个好用,Office通用,对比选型,通用,Office通用·对比选型·通用,低关联(方法论轻带),0.857,80.0,A
WPS和Microsoft 365区别,Office通用,对比选型,通用,Office通用·对比选型·通用,低关联(方法论轻带),0.857,0.0,A
WPS和Office兼容吗,Office通用,故障解决,通用,Office通用·故障解决·通用,中关联(通用+WPS章节),0.857,0.0,A
办公软件电脑版哪个好,Office通用,对比选型,通用,Office通用·对比选型·通用,低关联(方法论轻带),0.857,0.0,A
手机办公软件哪个好用,Office通用,对比选型,通用,Office通用·对比选型·通用,低关联(方法论轻带),0.857,0.0,A
WPS AI和Office Copilot哪个好,WPS AI,对比选型,通用,WPS AI·对比选型·通用,低关联(方法论轻带),0.0,0.0,A
WPS和Word有什么区别,Word,对比选型,通用,Word·对比选型·通用,低关联(方法论轻带),0.4224,0.0,A
WPS打开Office文件格式会乱吗,Office通用,品牌直达,通用,Office通用·品牌直达·通用,高关联(整篇WPS),0.857,0.0,A
WPS表格和Excel有什么区别,Excel,对比选型,表格,Excel·对比选型·表格,低关联(方法论轻带),0.274,0.0,A
WPS AI和Copilot区别,WPS AI,对比选型,通用,WPS AI·对比选型·通用,低关联(方法论轻带),0.0,0.0,A
WPS和Office学生用哪个,Office通用,品牌直达,通用,Office通用·品牌直达·通用,高关联(整篇WPS),0.857,0.0,A
WPS打开Office文件会乱码吗,Office通用,故障解决,乱码,Office通用·故障解决·乱码,中关联(通用+WPS章节),0.857,0.0,A
WPS表格和Excel哪个好用,Excel,对比选型,表格,Excel·对比选型·表格,低关联(方法论轻带),0.274,0.0,A
企业用WPS还是Office,Office通用,对比选型,通用,Office通用·对比选型·通用,低关联(方法论轻带),0.857,0.0,A
WPS PPT和PowerPoint哪个好用,PPT,对比选型,通用,PPT·对比选型·通用,低关联(方法论轻带),1.0,0.0,A
WPS和腾讯文档哪个好,WPS综合,对比选型,通用,WPS综合·对比选型·通用,低关联(方法论轻带),0.8135,0.0,A
WPS和飞书文档哪个好,WPS综合,对比选型,通用,WPS综合·对比选型·通用,低关联(方法论轻带),0.8135,0.0,A
WPS文字和Word哪个好用,Word,对比选型,通用,Word·对比选型·通用,低关联(方法论轻带),0.4224,0.0,A
WPS演示和PowerPoint区别,PPT,教程操作,通用,PPT·教程操作·通用,中关联(通用+WPS章节),1.0,0.0,A
大学生用WPS还是Office,Office通用,对比选型,通用,Office通用·对比选型·通用,低关联(方法论轻带),0.857,0.0,A
职场用WPS还是Office,Office通用,对比选型,通用,Office通用·对比选型·通用,低关联(方法论轻带),0.857,0.0,A
WPS个人版和Office家庭版区别,Office通用,对比选型,通用,Office通用·对比选型·通用,低关联(方法论轻带),0.857,0.0,A
WPS会员和Microsoft 365哪个好,Office通用,对比选型,通用,Office通用·对比选型·通用,低关联(方法论轻带),0.857,0.0,A
WPS和钉钉文档哪个好,WPS综合,对比选型,通用,WPS综合·对比选型·通用,低关联(方法论轻带),0.8135,0.0,A
WPS和Google Docs哪个好,Word,对比选型,通用,Word·对比选型·通用,低关联(方法论轻带),0.4224,0.0,B
WPS和LibreOffice哪个好,Office通用,对比选型,通用,Office通用·对比选型·通用,低关联(方法论轻带),0.857,0.0,B
WPS和OnlyOffice哪个好,Office通用,对比选型,通用,Office通用·对比选型·通用,低关联(方法论轻带),0.857,0.0,B
WPS和永中Office哪个好,Office通用,对比选型,通用,Office通用·对比选型·通用,低关联(方法论轻带),0.857,0.0,B
wps365和WPS有区别吗,WPS综合,对比选型,通用,WPS综合·对比选型·通用,低关联(方法论轻带),0.8135,0.0,
wps365和wps哪个好,WPS综合,对比选型,通用,WPS综合·对比选型·通用,低关联(方法论轻带),0.8135,0.0,
wps下载哪个版本,下载/安装,下载安装,下载,下载/安装·下载安装·下载,高关联(整篇WPS),0.0,0.0,
wps下载哪个版本电脑上好用,下载/安装,下载安装,下载,下载/安装·下载安装·下载,高关联(整篇WPS),0.0,0.0,
wps会员和wps超级会员有什么区别,WPS综合,对比选型,通用,WPS综合·对比选型·通用,低关联(方法论轻带),0.8135,0.0,
wvs网页版入口,云文档/在线,对比选型,通用,云文档/在线·对比选型·通用,低关联(方法论轻带),0.4399,3.0,
wps是哪个公司的产品,WPS综合,品牌直达,通用,WPS综合·品牌直达·通用,高关联(整篇WPS),0.8135,2.0,
wps在win8应该下载哪个版本,下载/安装,下载安装,下载,下载/安装·下载安装·下载,高关联(整篇WPS),0.0,2.0,
WPS哪个版本优化好,WPS综合,品牌直达,通用,WPS综合·品牌直达·通用,高关联(整篇WPS),0.8135,1.0,
wvs官方网站入口,其他/泛,对比选型,通用,其他/泛·对比选型·通用,低关联(方法论轻带),0.0,1.0,
wvs网页版入口官方,云文档/在线,对比选型,通用,云文档/在线·对比选型·通用,低关联(方法论轻带),0.4399,1.0,
wps下载哪个版本好,下载/安装,下载安装,下载,下载/安装·下载安装·下载,高关联(整篇WPS),0.0,1.0,
wvs网页端,其他/泛,对比选型,通用,其他/泛·对比选型·通用,低关联(方法论轻带),0.0,1.0,
办公软件下载哪个,Office通用,下载安装,下载,Office通用·下载安装·下载,低关联(方法论轻带),0.857,1.0,
WPS会员与大会员的区别,WPS综合,对比选型,通用,WPS综合·对比选型·通用,低关联(方法论轻带),0.8135,1.0,
wps大会员跟wps会员的区别,WPS综合,对比选型,通用,WPS综合·对比选型·通用,低关联(方法论轻带),0.8135,1.0,
哪个版本的wps最好用,WPS综合,品牌直达,通用,WPS综合·品牌直达·通用,高关联(整篇WPS),0.8135,1.0,
统信下载哪个版本WPS,下载/安装,下载安装,下载,下载/安装·下载安装·下载,高关联(整篇WPS),0.0,1.0,
wps企业版和个人版有什么区别,WPS综合,对比选型,通用,WPS综合·对比选型·通用,低关联(方法论轻带),0.8135,1.0,
pdf软件哪个好用,PDF,对比选型,通用,PDF·对比选型·通用,低关联(方法论轻带),0.2212,0.0,
pdf阅读器哪个好用,PDF,对比选型,通用,PDF·对比选型·通用,低关联(方法论轻带),0.2212,0.0,
excel对比,Excel,对比选型,通用,Excel·对比选型·通用,低关联(方法论轻带),0.274,0.0,
pdf对比,PDF,对比选型,通用,PDF·对比选型·通用,低关联(方法论轻带),0.2212,0.0,
pptx和ppt的区别,PPT,对比选型,通用,PPT·对比选型·通用,低关联(方法论轻带),1.0,0.0,
excel怎么对比两列数据的异同,Excel,教程操作,通用,Excel·教程操作·通用,中关联(通用+WPS章节),0.274,0.0,
电脑pdf阅读器哪个好用,PDF,对比选型,通用,PDF·对比选型·通用,低关联(方法论轻带),0.2212,0.0,
excel数据对比,Excel,对比选型,通用,Excel·对比选型·通用,低关联(方法论轻带),0.274,0.0,
word对比,Word,对比选型,通用,Word·对比选型·通用,低关联(方法论轻带),0.4224,0.0,
wps和word有什么区别,Word,对比选型,通用,Word·对比选型·通用,低关联(方法论轻带),0.4224,0.0,
excel乘法函数是哪个,Excel,教程操作,函数,Excel·教程操作·函数,中关联(通用+WPS章节),0.274,0.0,
如何对比excel表里面两列数据是否一样,Excel,教程操作,通用,Excel·教程操作·通用,中关联(通用+WPS章节),0.274,0.0,
excel对比两个表格数据异同,Excel,对比选型,表格,Excel·对比选型·表格,低关联(方法论轻带),0.274,0.0,
pdf文件对比,PDF,对比选型,通用,PDF·对比选型·通用,低关联(方法论轻带),0.2212,0.0,
pdf和word的区别,PDF,对比选型,通用,PDF·对比选型·通用,低关联(方法论轻带),0.2212,0.0,
excel两列对比,Excel,对比选型,通用,Excel·对比选型·通用,低关联(方法论轻带),0.274,0.0,
word和wps的区别,Word,对比选型,通用,Word·对比选型·通用,低关联(方法论轻带),0.4224,0.0,
word文件对比,Word,对比选型,通用,Word·对比选型·通用,低关联(方法论轻带),0.4224,0.0,
excel表格对比,Excel,对比选型,表格,Excel·对比选型·表格,低关联(方法论轻带),0.274,0.0,
excel两列数据对比找不同,Excel,对比选型,通用,Excel·对比选型·通用,低关联(方法论轻带),0.274,0.0,
对比ppt,PPT,对比选型,通用,PPT·对比选型·通用,低关联(方法论轻带),1.0,0.0,
excel两个表格数据对比,Excel,对比选型,表格,Excel·对比选型·表格,低关联(方法论轻带),0.274,0.0,
excel对比工具,Excel,对比选型,通用,Excel·对比选型·通用,低关联(方法论轻带),0.274,0.0,
ppt和pptx有什么区别,PPT,对比选型,通用,PPT·对比选型·通用,低关联(方法论轻带),1.0,0.0,
办公技巧,其他/泛,教程操作,通用,其他/泛·教程操作·通用,中关联(通用+WPS章节),0.0,0.0,
职场进阶指南,其他/泛,教程操作,通用,其他/泛·教程操作·通用,中关联(通用+WPS章节),0.0,0.0,
excel,Excel,品牌直达,通用,Excel·品牌直达·通用,高关联(整篇WPS),0.274,0.0,
Excel技巧,Excel,教程操作,通用,Excel·教程操作·通用,中关联(通用+WPS章节),0.274,0.0,
Word,Word,品牌直达,通用,Word·品牌直达·通用,高关联(整篇WPS),0.4224,136614.0,
word干货,Word,品牌直达,通用,Word·品牌直达·通用,高关联(整篇WPS),0.4224,0.0,
工作总结PPT,PPT,品牌直达,通用,PPT·品牌直达·通用,高关联(整篇WPS),1.0,0.0,
get职场新知识,其他/泛,功能认知,通用,其他/泛·功能认知·通用,中关联(通用+WPS章节),0.0,0.0,
ppt动画效果制作,PPT,教程操作,通用,PPT·教程操作·通用,中关联(通用+WPS章节),1.0,0.0,
如何和领导相处,其他/泛,教程操作,通用,其他/泛·教程操作·通用,中关联(通用+WPS章节),0.0,0.0,
ps小技巧,其他/泛,教程操作,通用,其他/泛·教程操作·通用,中关联(通用+WPS章节),0.0,0.0,
office办公技巧,Office通用,教程操作,通用,Office通用·教程操作·通用,中关联(通用+WPS章节),0.857,0.0,
创意ppt,PPT,品牌直达,通用,PPT·品牌直达·通用,高关联(整篇WPS),1.0,0.0,
销售技巧,其他/泛,教程操作,通用,其他/泛·教程操作·通用,中关联(通用+WPS章节),0.0,0.0,
PPT模板,PPT,模板获取,模板,PPT·模板获取·模板,中关联(通用+WPS章节),1.0,69693.0,
函数公式,Excel,教程操作,函数,Excel·教程操作·函数,中关联(通用+WPS章节),0.274,0.0,
平面设计教程,其他/泛,教程操作,通用,其他/泛·教程操作·通用,中关联(通用+WPS章节),0.0,0.0,
ai教程,WPS AI,教程操作,通用,WPS AI·教程操作·通用,中关联(通用+WPS章节),0.0,0.0,
ai数字人,WPS AI,AI认知,通用,WPS AI·AI认知·通用,中关联(通用+WPS章节),0.0,0.0,
PPT教程,PPT,教程操作,通用,PPT·教程操作·通用,中关联(通用+WPS章节),1.0,0.0,
商业计划书PPT,PPT,品牌直达,通用,PPT·品牌直达·通用,高关联(整篇WPS),1.0,0.0,
网文写作技巧,其他/泛,教程操作,通用,其他/泛·教程操作·通用,中关联(通用+WPS章节),0.0,0.0,
高级感ppt,PPT,品牌直达,通用,PPT·品牌直达·通用,高关联(整篇WPS),1.0,0.0,
直播技巧,其他/泛,教程操作,通用,其他/泛·教程操作·通用,中关联(通用+WPS章节),0.0,0.0,
刮刮乐技巧,其他/泛,教程操作,通用,其他/泛·教程操作·通用,中关联(通用+WPS章节),0.0,0.0,
AI生成PPT,WPS AI,教程操作,通用,WPS AI·教程操作·通用,中关联(通用+WPS章节),0.0,6004.0,
PS教程,其他/泛,教程操作,通用,其他/泛·教程操作·通用,中关联(通用+WPS章节),0.0,0.0,
如何与老板沟通,其他/泛,教程操作,通用,其他/泛·教程操作·通用,中关联(通用+WPS章节),0.0,0.0,
Excel操作技巧,Excel,教程操作,通用,Excel·教程操作·通用,中关联(通用+WPS章节),0.274,0.0,
写材料素材,其他/泛,模板获取,通用,其他/泛·模板获取·通用,中关联(通用+WPS章节),0.0,0.0,
PPT模板分享,PPT,教程操作,模板,PPT·教程操作·模板,中关联(通用+WPS章节),1.0,0.0,
PPT制作,PPT,教程操作,通用,PPT·教程操作·通用,中关联(通用+WPS章节),1.0,6620.0,
短视频干货分享,云文档/在线,教程操作,通用,云文档/在线·教程操作·通用,中关联(通用+WPS章节),0.4399,0.0,
PPT图片,PPT,教程操作,通用,PPT·教程操作·通用,中关联(通用+WPS章节),1.0,2664.0,
旁门左道PPT,PPT,品牌直达,通用,PPT·品牌直达·通用,高关联(整篇WPS),1.0,0.0,
简历怎么写,其他/泛,教程操作,简历,其他/泛·教程操作·简历,中关联(通用+WPS章节),0.0,0.0,
去除ai味,WPS AI,AI认知,通用,WPS AI·AI认知·通用,中关联(通用+WPS章节),0.0,0.0,
教资面试试讲模板,其他/泛,模板获取,模板,其他/泛·模板获取·模板,中关联(通用+WPS章节),0.0,0.0,
PPT实用技巧,PPT,教程操作,通用,PPT·教程操作·通用,中关联(通用+WPS章节),1.0,0.0,
外贸日常分享,云文档/在线,教程操作,通用,云文档/在线·教程操作·通用,中关联(通用+WPS章节),0.4399,0.0,
ai写作指令,WPS AI,AI认知,通用,WPS AI·AI认知·通用,中关联(通用+WPS章节),0.0,0.0,
公文写作素材干货,其他/泛,模板获取,通用,其他/泛·模板获取·通用,中关联(通用+WPS章节),0.0,0.0,
PPT动画,PPT,品牌直达,通用,PPT·品牌直达·通用,高关联(整篇WPS),1.0,0.0,
ai写作指令技巧,WPS AI,教程操作,通用,WPS AI·教程操作·通用,中关联(通用+WPS章节),0.0,0.0,
ppt模板分享,PPT,教程操作,模板,PPT·教程操作·模板,中关联(通用+WPS章节),1.0,0.0,
闪剪智能,WPS AI,AI认知,通用,WPS AI·AI认知·通用,中关联(通用+WPS章节),0.0,0.0,
外贸知识,其他/泛,功能认知,通用,其他/泛·功能认知·通用,中关联(通用+WPS章节),0.0,0.0,
AI效率神器,WPS AI,AI认知,通用,WPS AI·AI认知·通用,中关联(通用+WPS章节),0.0,0.0,
PPT模版,PPT,品牌直达,通用,PPT·品牌直达·通用,高关联(整篇WPS),1.0,0.0,
AI简历,WPS AI,AI认知,简历,WPS AI·AI认知·简历,中关联(通用+WPS章节),0.0,0.0,
短视频知识,其他/泛,功能认知,通用,其他/泛·功能认知·通用,中关联(通用+WPS章节),0.0,0.0,
PS小技巧,其他/泛,教程操作,通用,其他/泛·教程操作·通用,中关联(通用+WPS章节),0.0,0.0,
新媒体运营入门,其他/泛,教程操作,通用,其他/泛·教程操作·通用,中关联(通用+WPS章节),0.0,0.0,
短视频知识分享,云文档/在线,教程操作,通用,云文档/在线·教程操作·通用,中关联(通用+WPS章节),0.4399,0.0,
高级感PPT,PPT,品牌直达,通用,PPT·品牌直达·通用,高关联(整篇WPS),1.0,0.0,
财税知识,其他/泛,功能认知,通用,其他/泛·功能认知·通用,中关联(通用+WPS章节),0.0,0.0,
photoshop教程,其他/泛,教程操作,通用,其他/泛·教程操作·通用,中关联(通用+WPS章节),0.0,0.0,
汇报PPT,PPT,品牌直达,通用,PPT·品牌直达·通用,高关联(整篇WPS),1.0,0.0,
网文写作教学,其他/泛,教程操作,通用,其他/泛·教程操作·通用,中关联(通用+WPS章节),0.0,0.0,
ai小技巧,WPS AI,教程操作,通用,WPS AI·教程操作·通用,中关联(通用+WPS章节),0.0,0.0,
公考面试素材,其他/泛,模板获取,通用,其他/泛·模板获取·通用,中关联(通用+WPS章节),0.0,0.0,
ai大模型,WPS AI,AI认知,通用,WPS AI·AI认知·通用,中关联(通用+WPS章节),0.0,0.0,
数据图表,其他/泛,教程操作,图表,其他/泛·教程操作·图表,中关联(通用+WPS章节),0.0,0.0,
创业赛道如何选择,其他/泛,教程操作,通用,其他/泛·教程操作·通用,中关联(通用+WPS章节),0.0,0.0,
视频创作技巧,其他/泛,教程操作,通用,其他/泛·教程操作·通用,中关联(通用+WPS章节),0.0,0.0,
销售技巧与话术,其他/泛,教程操作,通用,其他/泛·教程操作·通用,中关联(通用+WPS章节),0.0,0.0,
PPT素材,PPT,模板获取,通用,PPT·模板获取·通用,中关联(通用+WPS章节),1.0,0.0,
AI做PPT,WPS AI,AI认知,通用,WPS AI·AI认知·通用,中关联(通用+WPS章节),0.0,0.0,
Ai数字人,WPS AI,AI认知,通用,WPS AI·AI认知·通用,中关联(通用+WPS章节),0.0,0.0,
PPT设计,PPT,品牌直达,通用,PPT·品牌直达·通用,高关联(整篇WPS),1.0,0.0,
外企信息怎么找,其他/泛,教程操作,通用,其他/泛·教程操作·通用,中关联(通用+WPS章节),0.0,0.0,
Excel函数,Excel,教程操作,函数,Excel·教程操作·函数,中关联(通用+WPS章节),0.274,0.0,
EXCEL,Excel,品牌直达,通用,Excel·品牌直达·通用,高关联(整篇WPS),0.274,0.0,
PPT教学,PPT,教程操作,通用,PPT·教程操作·通用,中关联(通用+WPS章节),1.0,0.0,
笔杆子素材,其他/泛,模板获取,通用,其他/泛·模板获取·通用,中关联(通用+WPS章节),0.0,0.0,
假期怎么搞副业,其他/泛,教程操作,通用,其他/泛·教程操作·通用,中关联(通用+WPS章节),0.0,0.0,
AI产品经理,WPS AI,AI认知,通用,WPS AI·AI认知·通用,中关联(通用+WPS章节),0.0,0.0,
ps教学,其他/泛,教程操作,通用,其他/泛·教程操作·通用,中关联(通用+WPS章节),0.0,0.0,
ps入门教程,其他/泛,教程操作,通用,其他/泛·教程操作·通用,中关联(通用+WPS章节),0.0,0.0,
网文写作素材积累,其他/泛,模板获取,通用,其他/泛·模板获取·通用,中关联(通用+WPS章节),0.0,0.0,
AIPPT,WPS AI,AI认知,通用,WPS AI·AI认知·通用,中关联(通用+WPS章节),0.0,0.0,
PPT结尾页,PPT,品牌直达,通用,PPT·品牌直达·通用,高关联(整篇WPS),1.0,0.0,
文档对齐,其他/泛,教程操作,通用,其他/泛·教程操作·通用,中关联(通用+WPS章节),0.0,0.0,
产品经理入门,其他/泛,教程操作,通用,其他/泛·教程操作·通用,中关联(通用+WPS章节),0.0,0.0,
illustrator教程,其他/泛,教程操作,通用,其他/泛·教程操作·通用,中关联(通用+WPS章节),0.0,0.0,
退费方法,其他/泛,教程操作,通用,其他/泛·教程操作·通用,中关联(通用+WPS章节),0.0,0.0,
统计推广软件 9e9.net,其他/泛,教程操作,通用,其他/泛·教程操作·通用,中关联(通用+WPS章节),0.0,21.0,
W文件官网,其他/泛,品牌直达,通用,其他/泛·品牌直达·通用,高关联(整篇WPS),0.0,1.0,
wpas官网,其他/泛,品牌直达,通用,其他/泛·品牌直达·通用,高关联(整篇WPS),0.0,1.0,
VBA 宏插件,其他/泛,教程操作,宏,其他/泛·教程操作·宏,中关联(通用+WPS章节),0.0,1.0,
官方网站,其他/泛,品牌直达,通用,其他/泛·品牌直达·通用,低关联(方法论轻带),0.0,1.0,
wpa的官网,其他/泛,品牌直达,通用,其他/泛·品牌直达·通用,高关联(整篇WPS),0.0,1.0,
最新版办工软件,其他/泛,下载安装,通用,其他/泛·下载安装·通用,低关联(方法论轻带),0.0,1.0,
kdocscn网页版登录入口,Word,品牌直达,通用,Word·品牌直达·通用,低关联(方法论轻带),0.4224,1.0,
