序号,关键词,一级分类,二级主题,搜索意图,百度统计PV,第三方流量指数,GEO机会值,社媒热度值,数据来源,来源数,需求级别
1,WPS办公软件,品牌与官方入口,品牌词,品牌/官网/正版入口，路径短、转化快，重承接与信任,57.0,,,,百度搜索联想/相关搜索、百度统计真实流量,2,
2,WPS演示,品牌与官方入口,品牌词,品牌/官网/正版入口，路径短、转化快，重承接与信任,5.0,,,,百度搜索联想/相关搜索、百度统计真实流量,2,
3,WPS表格,品牌与官方入口,品牌词,品牌/官网/正版入口，路径短、转化快，重承接与信任,3.0,,,,百度搜索联想/相关搜索、百度统计真实流量,2,
4,wps软件,品牌与官方入口,品牌词,品牌/官网/正版入口，路径短、转化快，重承接与信任,43.0,,,,百度搜索联想/相关搜索、百度统计真实流量,2,
5,WPS,品牌与官方入口,品牌词,品牌/官网/正版入口，路径短、转化快，重承接与信任,318652.0,,,206222.0,百度统计真实流量、短视频/内容平台-小红书,2,
6,办公软件excel表格,品牌与官方入口,品牌词,品牌/官网/正版入口，路径短、转化快，重承接与信任,3.0,154.0,,,百度统计真实流量、第三方工具-社区SEO,2,
7,金山word,品牌与官方入口,品牌词,品牌/官网/正版入口，路径短、转化快，重承接与信任,2.0,6.0,,,百度统计真实流量、第三方工具-社区SEO,2,
8,eteams一体化的移动办公云平台,品牌与官方入口,品牌词,品牌/官网/正版入口，路径短、转化快，重承接与信任,,,,,百度搜索联想/相关搜索,1,
9,wps365教育版,品牌与官方入口,品牌词,品牌/官网/正版入口，路径短、转化快，重承接与信任,,,,,百度搜索联想/相关搜索,1,
10,wps365旗舰版,品牌与官方入口,品牌词,品牌/官网/正版入口，路径短、转化快，重承接与信任,,,,,百度搜索联想/相关搜索,1,
11,wpsofficePC,品牌与官方入口,品牌词,品牌/官网/正版入口，路径短、转化快，重承接与信任,,,,,百度搜索联想/相关搜索,1,
12,wpsoffice可以卸载吗,品牌与官方入口,品牌词,品牌/官网/正版入口，路径短、转化快，重承接与信任,,,,,百度搜索联想/相关搜索,1,
13,wpsoffice教育考试专用版,品牌与官方入口,品牌词,品牌/官网/正版入口，路径短、转化快，重承接与信任,,,,,百度搜索联想/相关搜索,1,
14,wpsoffice是干什么的,品牌与官方入口,品牌词,品牌/官网/正版入口，路径短、转化快，重承接与信任,,,,,百度搜索联想/相关搜索,1,
15,wps使用解析,品牌与官方入口,品牌词,品牌/官网/正版入口，路径短、转化快，重承接与信任,,,,,百度搜索联想/相关搜索,1,
16,wps演示在试图打开文件时遇到错误请尝试下…,品牌与官方入口,品牌词,品牌/官网/正版入口，路径短、转化快，重承接与信任,,,,,百度搜索联想/相关搜索,1,
17,wps演示工具,品牌与官方入口,品牌词,品牌/官网/正版入口，路径短、转化快，重承接与信任,,,,,百度搜索联想/相关搜索,1,
18,wps演示文稿,品牌与官方入口,品牌词,品牌/官网/正版入口，路径短、转化快，重承接与信任,,,,,百度搜索联想/相关搜索,1,
19,"wps演示无法从所选文件添加视频,请检查",品牌与官方入口,品牌词,品牌/官网/正版入口，路径短、转化快，重承接与信任,,,,,百度搜索联想/相关搜索,1,
20,wps演示者模式,品牌与官方入口,品牌词,品牌/官网/正版入口，路径短、转化快，重承接与信任,,,,,百度搜索联想/相关搜索,1,
21,wps演示者视图,品牌与官方入口,品牌词,品牌/官网/正版入口，路径短、转化快，重承接与信任,,,,,百度搜索联想/相关搜索,1,
22,wps演示西文默认,品牌与官方入口,品牌词,品牌/官网/正版入口，路径短、转化快，重承接与信任,,,,,百度搜索联想/相关搜索,1,
23,wps进入演示者视图,品牌与官方入口,品牌词,品牌/官网/正版入口，路径短、转化快，重承接与信任,,,,,百度搜索联想/相关搜索,1,
24,云办公,品牌与官方入口,品牌词,品牌/官网/正版入口，路径短、转化快，重承接与信任,,,,,百度搜索联想/相关搜索,1,
25,共享办公租一个工位,品牌与官方入口,品牌词,品牌/官网/正版入口，路径短、转化快，重承接与信任,,,,,百度搜索联想/相关搜索,1,
26,写字楼出租办公室,品牌与官方入口,品牌词,品牌/官网/正版入口，路径短、转化快，重承接与信任,,,,,百度搜索联想/相关搜索,1,
27,深圳共享办公室出租,品牌与官方入口,品牌词,品牌/官网/正版入口，路径短、转化快，重承接与信任,,,,,百度搜索联想/相关搜索,1,
28,电信综合办公,品牌与官方入口,品牌词,品牌/官网/正版入口，路径短、转化快，重承接与信任,,,,,百度搜索联想/相关搜索,1,
29,线上办公,品牌与官方入口,品牌词,品牌/官网/正版入口，路径短、转化快，重承接与信任,,,,,百度搜索联想/相关搜索,1,
30,wps,品牌与官方入口,品牌词,品牌/官网/正版入口，路径短、转化快，重承接与信任,834739.0,,,,百度统计真实流量,1,
31,wps office,品牌与官方入口,品牌词,品牌/官网/正版入口，路径短、转化快，重承接与信任,51207.0,,,,百度统计真实流量,1,
32,wps网页版,品牌与官方入口,品牌词,品牌/官网/正版入口，路径短、转化快，重承接与信任,3042.0,,,,百度统计真实流量,1,
33,WPS Office,品牌与官方入口,品牌词,品牌/官网/正版入口，路径短、转化快，重承接与信任,2892.0,,,,百度统计真实流量,1,
34,wpsoffice,品牌与官方入口,品牌词,品牌/官网/正版入口，路径短、转化快，重承接与信任,2006.0,,,,百度统计真实流量,1,
35,Wps,品牌与官方入口,品牌词,品牌/官网/正版入口，路径短、转化快，重承接与信任,1306.0,,,,百度统计真实流量,1,
36,wps在线,品牌与官方入口,品牌词,品牌/官网/正版入口，路径短、转化快，重承接与信任,965.0,,,,百度统计真实流量,1,
37,金山办公,品牌与官方入口,品牌词,品牌/官网/正版入口，路径短、转化快，重承接与信任,946.0,,,,百度统计真实流量,1,
38,wps网页版入口,品牌与官方入口,品牌词,品牌/官网/正版入口，路径短、转化快，重承接与信任,866.0,,,,百度统计真实流量,1,
39,WPS office,品牌与官方入口,品牌词,品牌/官网/正版入口，路径短、转化快，重承接与信任,686.0,,,,百度统计真实流量,1,
40,wPS,品牌与官方入口,品牌词,品牌/官网/正版入口，路径短、转化快，重承接与信任,622.0,,,,百度统计真实流量,1,
41,WPs,品牌与官方入口,品牌词,品牌/官网/正版入口，路径短、转化快，重承接与信任,597.0,,,,百度统计真实流量,1,
42,WPS网页版,品牌与官方入口,品牌词,品牌/官网/正版入口，路径短、转化快，重承接与信任,548.0,,,,百度统计真实流量,1,
43,金山wps,品牌与官方入口,品牌词,品牌/官网/正版入口，路径短、转化快，重承接与信任,449.0,,,,百度统计真实流量,1,
44,www.wps.cn,品牌与官方入口,品牌词,品牌/官网/正版入口，路径短、转化快，重承接与信任,449.0,,,,百度统计真实流量,1,
45,WPS OFFICE,品牌与官方入口,品牌词,品牌/官网/正版入口，路径短、转化快，重承接与信任,407.0,,,,百度统计真实流量,1,
46,办公软件,品牌与官方入口,品牌词,品牌/官网/正版入口，路径短、转化快，重承接与信任,360.0,,,,百度统计真实流量,1,
47,在线wps,品牌与官方入口,品牌词,品牌/官网/正版入口，路径短、转化快，重承接与信任,322.0,,,,百度统计真实流量,1,
48,WPS在线,品牌与官方入口,品牌词,品牌/官网/正版入口，路径短、转化快，重承接与信任,292.0,,,,百度统计真实流量,1,
49,wps个人版,品牌与官方入口,品牌词,品牌/官网/正版入口，路径短、转化快，重承接与信任,276.0,,,,百度统计真实流量,1,
50,金山WPS,品牌与官方入口,品牌词,品牌/官网/正版入口，路径短、转化快，重承接与信任,273.0,,,,百度统计真实流量,1,
51,wps.cn,品牌与官方入口,品牌词,品牌/官网/正版入口，路径短、转化快，重承接与信任,270.0,,,,百度统计真实流量,1,
52,wpS,品牌与官方入口,品牌词,品牌/官网/正版入口，路径短、转化快，重承接与信任,253.0,,,,百度统计真实流量,1,
53,WPSoffice,品牌与官方入口,品牌词,品牌/官网/正版入口，路径短、转化快，重承接与信任,232.0,,,,百度统计真实流量,1,
54,wps\,品牌与官方入口,品牌词,品牌/官网/正版入口，路径短、转化快，重承接与信任,227.0,,,,百度统计真实流量,1,
55,wps网页,品牌与官方入口,品牌词,品牌/官网/正版入口，路径短、转化快，重承接与信任,214.0,,,,百度统计真实流量,1,
56,wps网页版登录入口,品牌与官方入口,品牌词,品牌/官网/正版入口，路径短、转化快，重承接与信任,189.0,,,,百度统计真实流量,1,
57,金山办公软件,品牌与官方入口,品牌词,品牌/官网/正版入口，路径短、转化快，重承接与信任,173.0,,,,百度统计真实流量,1,
58,wps在线表格,品牌与官方入口,品牌词,品牌/官网/正版入口，路径短、转化快，重承接与信任,173.0,,,,百度统计真实流量,1,
59,wps在线使用,品牌与官方入口,品牌词,品牌/官网/正版入口，路径短、转化快，重承接与信任,159.0,,,,百度统计真实流量,1,
60,wps表格,品牌与官方入口,品牌词,品牌/官网/正版入口，路径短、转化快，重承接与信任,148.0,,,,百度统计真实流量,1,
61,wps365,品牌与官方入口,品牌词,品牌/官网/正版入口，路径短、转化快，重承接与信任,133.0,,,,百度统计真实流量,1,
62,w'p'swps,品牌与官方入口,品牌词,品牌/官网/正版入口，路径短、转化快，重承接与信任,125.0,,,,百度统计真实流量,1,
63,wps wps,品牌与官方入口,品牌词,品牌/官网/正版入口，路径短、转化快，重承接与信任,120.0,,,,百度统计真实流量,1,
64,wps word文档,品牌与官方入口,品牌词,品牌/官网/正版入口，路径短、转化快，重承接与信任,117.0,,,,百度统计真实流量,1,
65,WpS,品牌与官方入口,品牌词,品牌/官网/正版入口，路径短、转化快，重承接与信任,117.0,,,,百度统计真实流量,1,
66,wps网页版在线使用,品牌与官方入口,品牌词,品牌/官网/正版入口，路径短、转化快，重承接与信任,112.0,,,,百度统计真实流量,1,
67,在线WPS,品牌与官方入口,品牌词,品牌/官网/正版入口，路径短、转化快，重承接与信任,100.0,,,,百度统计真实流量,1,
68,wps ppt,品牌与官方入口,品牌词,品牌/官网/正版入口，路径短、转化快，重承接与信任,98.0,,,,百度统计真实流量,1,
69,WPSOFFICE,品牌与官方入口,品牌词,品牌/官网/正版入口，路径短、转化快，重承接与信任,95.0,,,,百度统计真实流量,1,
70,WPS网页,品牌与官方入口,品牌词,品牌/官网/正版入口，路径短、转化快，重承接与信任,92.0,,,,百度统计真实流量,1,
71,wps 在线,品牌与官方入口,品牌词,品牌/官网/正版入口，路径短、转化快，重承接与信任,89.0,,,,百度统计真实流量,1,
72,wps offce,品牌与官方入口,品牌词,品牌/官网/正版入口，路径短、转化快，重承接与信任,89.0,,,,百度统计真实流量,1,
73,WPS\,品牌与官方入口,品牌词,品牌/官网/正版入口，路径短、转化快，重承接与信任,85.0,,,,百度统计真实流量,1,
74,wps文档,品牌与官方入口,品牌词,品牌/官网/正版入口，路径短、转化快，重承接与信任,82.0,,,,百度统计真实流量,1,
75,在线wps网页版,品牌与官方入口,品牌词,品牌/官网/正版入口，路径短、转化快，重承接与信任,81.0,,,,百度统计真实流量,1,
76,https://www.wps.cn/,品牌与官方入口,品牌词,品牌/官网/正版入口，路径短、转化快，重承接与信任,78.0,,,,百度统计真实流量,1,
77,www.wps,品牌与官方入口,品牌词,品牌/官网/正版入口，路径短、转化快，重承接与信任,76.0,,,,百度统计真实流量,1,
78,WPS在线表格,品牌与官方入口,品牌词,品牌/官网/正版入口，路径短、转化快，重承接与信任,76.0,,,,百度统计真实流量,1,
79,WPSOffice,品牌与官方入口,品牌词,品牌/官网/正版入口，路径短、转化快，重承接与信任,67.0,,,,百度统计真实流量,1,
80,"wps,",品牌与官方入口,品牌词,品牌/官网/正版入口，路径短、转化快，重承接与信任,66.0,,,,百度统计真实流量,1,
81,WPS个人版,品牌与官方入口,品牌词,品牌/官网/正版入口，路径短、转化快，重承接与信任,64.0,,,,百度统计真实流量,1,
82,金山软件,品牌与官方入口,品牌词,品牌/官网/正版入口，路径短、转化快，重承接与信任,63.0,,,,百度统计真实流量,1,
83,wps 网页版,品牌与官方入口,品牌词,品牌/官网/正版入口，路径短、转化快，重承接与信任,57.0,,,,百度统计真实流量,1,
84,wps在线版,品牌与官方入口,品牌词,品牌/官网/正版入口，路径短、转化快，重承接与信任,56.0,,,,百度统计真实流量,1,
85,wps政府版,品牌与官方入口,品牌词,品牌/官网/正版入口，路径短、转化快，重承接与信任,54.0,,,,百度统计真实流量,1,
86,wps办公软件,品牌与官方入口,品牌词,品牌/官网/正版入口，路径短、转化快，重承接与信任,54.0,,,,百度统计真实流量,1,
87,wps2023,品牌与官方入口,品牌词,品牌/官网/正版入口，路径短、转化快，重承接与信任,53.0,,,,百度统计真实流量,1,
88,WPS 网页版,品牌与官方入口,品牌词,品牌/官网/正版入口，路径短、转化快，重承接与信任,53.0,,,,百度统计真实流量,1,
89,wps图片,品牌与官方入口,品牌词,品牌/官网/正版入口，路径短、转化快，重承接与信任,46.0,,,,百度统计真实流量,1,
90,wwps,品牌与官方入口,品牌词,品牌/官网/正版入口，路径短、转化快，重承接与信任,46.0,,,,百度统计真实流量,1,
91,WPS Office办公软件,品牌与官方入口,品牌词,品牌/官网/正版入口，路径短、转化快，重承接与信任,46.0,,,,百度统计真实流量,1,
92,WPS365,品牌与官方入口,品牌词,品牌/官网/正版入口，路径短、转化快，重承接与信任,45.0,,,,百度统计真实流量,1,
93,wps管网,品牌与官方入口,品牌词,品牌/官网/正版入口，路径短、转化快，重承接与信任,44.0,,,,百度统计真实流量,1,
94,https://www.wps.cn,品牌与官方入口,品牌词,品牌/官网/正版入口，路径短、转化快，重承接与信任,43.0,,,,百度统计真实流量,1,
95,wPs,品牌与官方入口,品牌词,品牌/官网/正版入口，路径短、转化快，重承接与信任,42.0,,,,百度统计真实流量,1,
96,wpsppt,品牌与官方入口,品牌词,品牌/官网/正版入口，路径短、转化快，重承接与信任,42.0,,,,百度统计真实流量,1,
97,wps office网页版,品牌与官方入口,品牌词,品牌/官网/正版入口，路径短、转化快，重承接与信任,41.0,,,,百度统计真实流量,1,
98,wpsoffice网页版,品牌与官方入口,品牌词,品牌/官网/正版入口，路径短、转化快，重承接与信任,40.0,,,,百度统计真实流量,1,
99,wps64位,品牌与官方入口,品牌词,品牌/官网/正版入口，路径短、转化快，重承接与信任,38.0,,,,百度统计真实流量,1,
100,网页版wps,品牌与官方入口,品牌词,品牌/官网/正版入口，路径短、转化快，重承接与信任,37.0,,,,百度统计真实流量,1,
101,WPS在线版,品牌与官方入口,品牌词,品牌/官网/正版入口，路径短、转化快，重承接与信任,36.0,,,,百度统计真实流量,1,
102,WPS PPT,品牌与官方入口,品牌词,品牌/官网/正版入口，路径短、转化快，重承接与信任,36.0,,,,百度统计真实流量,1,
103,wps excel,品牌与官方入口,品牌词,品牌/官网/正版入口，路径短、转化快，重承接与信任,35.0,,,,百度统计真实流量,1,
104,WPS管网,品牌与官方入口,品牌词,品牌/官网/正版入口，路径短、转化快，重承接与信任,34.0,,,,百度统计真实流量,1,
105,wps线上,品牌与官方入口,品牌词,品牌/官网/正版入口，路径短、转化快，重承接与信任,32.0,,,,百度统计真实流量,1,
106,www.wps.cn/,品牌与官方入口,品牌词,品牌/官网/正版入口，路径短、转化快，重承接与信任,32.0,,,,百度统计真实流量,1,
107,WPS Office 个人版,品牌与官方入口,品牌词,品牌/官网/正版入口，路径短、转化快，重承接与信任,31.0,,,,百度统计真实流量,1,
108,office wps,品牌与官方入口,品牌词,品牌/官网/正版入口，路径短、转化快，重承接与信任,31.0,,,,百度统计真实流量,1,
109,wps pdf,品牌与官方入口,品牌词,品牌/官网/正版入口，路径短、转化快，重承接与信任,30.0,,,,百度统计真实流量,1,
110,WPS图片,品牌与官方入口,品牌词,品牌/官网/正版入口，路径短、转化快，重承接与信任,30.0,,,,百度统计真实流量,1,
111,wps office个人版,品牌与官方入口,品牌词,品牌/官网/正版入口，路径短、转化快，重承接与信任,30.0,,,,百度统计真实流量,1,
112,WPS在线使用,品牌与官方入口,品牌词,品牌/官网/正版入口，路径短、转化快，重承接与信任,30.0,,,,百度统计真实流量,1,
113,wps专业版,品牌与官方入口,品牌词,品牌/官网/正版入口，路径短、转化快，重承接与信任,29.0,,,,百度统计真实流量,1,
114,WWW.WPS.CN,品牌与官方入口,品牌词,品牌/官网/正版入口，路径短、转化快，重承接与信任,29.0,,,,百度统计真实流量,1,
115,网页版WPS,品牌与官方入口,品牌词,品牌/官网/正版入口，路径短、转化快，重承接与信任,29.0,,,,百度统计真实流量,1,
116,金山office,品牌与官方入口,品牌词,品牌/官网/正版入口，路径短、转化快，重承接与信任,29.0,,,,百度统计真实流量,1,
117,wps协作,品牌与官方入口,品牌词,品牌/官网/正版入口，路径短、转化快，重承接与信任,28.0,,,,百度统计真实流量,1,
118,WPS PDF,品牌与官方入口,品牌词,品牌/官网/正版入口，路径短、转化快，重承接与信任,28.0,,,,百度统计真实流量,1,
119,WPS WPS,品牌与官方入口,品牌词,品牌/官网/正版入口，路径短、转化快，重承接与信任,28.0,,,,百度统计真实流量,1,
120,WPS 在线版,品牌与官方入口,品牌词,品牌/官网/正版入口，路径短、转化快，重承接与信任,26.0,,,,百度统计真实流量,1,
121,wps word,品牌与官方入口,品牌词,品牌/官网/正版入口，路径短、转化快，重承接与信任,26.0,,,,百度统计真实流量,1,
122,wps OFFICE,品牌与官方入口,品牌词,品牌/官网/正版入口，路径短、转化快，重承接与信任,25.0,,,,百度统计真实流量,1,
123,办公软件wps,品牌与官方入口,品牌词,品牌/官网/正版入口，路径短、转化快，重承接与信任,25.0,,,,百度统计真实流量,1,
124,金山软件wps,品牌与官方入口,品牌词,品牌/官网/正版入口，路径短、转化快，重承接与信任,25.0,,,,百度统计真实流量,1,
125,WPS线上,品牌与官方入口,品牌词,品牌/官网/正版入口，路径短、转化快，重承接与信任,25.0,,,,百度统计真实流量,1,
126,WPS2023,品牌与官方入口,品牌词,品牌/官网/正版入口，路径短、转化快，重承接与信任,25.0,,,,百度统计真实流量,1,
127,wps灵犀,品牌与官方入口,品牌词,品牌/官网/正版入口，路径短、转化快，重承接与信任,23.0,,,,百度统计真实流量,1,
128,wps.com,品牌与官方入口,品牌词,品牌/官网/正版入口，路径短、转化快，重承接与信任,23.0,,,,百度统计真实流量,1,
129,wps路cn,品牌与官方入口,品牌词,品牌/官网/正版入口，路径短、转化快，重承接与信任,22.0,,,,百度统计真实流量,1,
130,WPS64位,品牌与官方入口,品牌词,品牌/官网/正版入口，路径短、转化快，重承接与信任,22.0,,,,百度统计真实流量,1,
131,wps网站,品牌与官方入口,品牌词,品牌/官网/正版入口，路径短、转化快，重承接与信任,22.0,,,,百度统计真实流量,1,
132,wps办公,品牌与官方入口,品牌词,品牌/官网/正版入口，路径短、转化快，重承接与信任,22.0,,,,百度统计真实流量,1,
133,wps Office,品牌与官方入口,品牌词,品牌/官网/正版入口，路径短、转化快，重承接与信任,21.0,,,,百度统计真实流量,1,
134,wpsguanwang,品牌与官方入口,品牌词,品牌/官网/正版入口，路径短、转化快，重承接与信任,21.0,,,,百度统计真实流量,1,
135,在线wps网页版入口,品牌与官方入口,品牌词,品牌/官网/正版入口，路径短、转化快，重承接与信任,21.0,,,,百度统计真实流量,1,
136,wps 个人版,品牌与官方入口,品牌词,品牌/官网/正版入口，路径短、转化快，重承接与信任,21.0,,,,百度统计真实流量,1,
137,wps 365,品牌与官方入口,品牌词,品牌/官网/正版入口，路径短、转化快，重承接与信任,20.0,,,,百度统计真实流量,1,
138,WPS 在线,品牌与官方入口,品牌词,品牌/官网/正版入口，路径短、转化快，重承接与信任,20.0,,,,百度统计真实流量,1,
139,wpss,品牌与官方入口,品牌词,品牌/官网/正版入口，路径短、转化快，重承接与信任,19.0,,,,百度统计真实流量,1,
140,www.wps.com,品牌与官方入口,品牌词,品牌/官网/正版入口，路径短、转化快，重承接与信任,19.0,,,,百度统计真实流量,1,
141,WPS.CN,品牌与官方入口,品牌词,品牌/官网/正版入口，路径短、转化快，重承接与信任,19.0,,,,百度统计真实流量,1,
142,wps 文档,品牌与官方入口,品牌词,品牌/官网/正版入口，路径短、转化快，重承接与信任,19.0,,,,百度统计真实流量,1,
143,WPS 365,品牌与官方入口,品牌词,品牌/官网/正版入口，路径短、转化快，重承接与信任,19.0,,,,百度统计真实流量,1,
144,WPS Office网页版,品牌与官方入口,品牌词,品牌/官网/正版入口，路径短、转化快，重承接与信任,18.0,,,,百度统计真实流量,1,
145,WPS软件,品牌与官方入口,品牌词,品牌/官网/正版入口，路径短、转化快，重承接与信任,18.0,,,,百度统计真实流量,1,
146,WPS专业版,品牌与官方入口,品牌词,品牌/官网/正版入口，路径短、转化快，重承接与信任,18.0,,,,百度统计真实流量,1,
147,WPS文档,品牌与官方入口,品牌词,品牌/官网/正版入口，路径短、转化快，重承接与信任,18.0,,,,百度统计真实流量,1,
148,wpscn,品牌与官方入口,品牌词,品牌/官网/正版入口，路径短、转化快，重承接与信任,18.0,,,,百度统计真实流量,1,
149,wpswps,品牌与官方入口,品牌词,品牌/官网/正版入口，路径短、转化快，重承接与信任,17.0,,,,百度统计真实流量,1,
150,wwwwpscn,品牌与官方入口,品牌词,品牌/官网/正版入口，路径短、转化快，重承接与信任,17.0,,,,百度统计真实流量,1,
151,WPS路CN,品牌与官方入口,品牌词,品牌/官网/正版入口，路径短、转化快，重承接与信任,17.0,,,,百度统计真实流量,1,
152,wps云盘,品牌与官方入口,品牌词,品牌/官网/正版入口，路径短、转化快，重承接与信任,17.0,,,,百度统计真实流量,1,
153,在线wps文档,品牌与官方入口,品牌词,品牌/官网/正版入口，路径短、转化快，重承接与信任,17.0,,,,百度统计真实流量,1,
154,wps pro,品牌与官方入口,品牌词,品牌/官网/正版入口，路径短、转化快，重承接与信任,16.0,,,,百度统计真实流量,1,
155,金山 wps,品牌与官方入口,品牌词,品牌/官网/正版入口，路径短、转化快，重承接与信任,16.0,,,,百度统计真实流量,1,
156,wps office在线使用,品牌与官方入口,品牌词,品牌/官网/正版入口，路径短、转化快，重承接与信任,16.0,,,,百度统计真实流量,1,
157,wps 64位,品牌与官方入口,品牌词,品牌/官网/正版入口，路径短、转化快，重承接与信任,16.0,,,,百度统计真实流量,1,
158,wps在线网页版,品牌与官方入口,品牌词,品牌/官网/正版入口，路径短、转化快，重承接与信任,15.0,,,,百度统计真实流量,1,
159,WPSguanwang,品牌与官方入口,品牌词,品牌/官网/正版入口，路径短、转化快，重承接与信任,15.0,,,,百度统计真实流量,1,
160,wps协作网页版登录入口,品牌与官方入口,品牌词,品牌/官网/正版入口，路径短、转化快，重承接与信任,15.0,,,,百度统计真实流量,1,
161,https://www.wps./,品牌与官方入口,品牌词,品牌/官网/正版入口，路径短、转化快，重承接与信任,15.0,,,,百度统计真实流量,1,
162,WPS灵犀,品牌与官方入口,品牌词,品牌/官网/正版入口，路径短、转化快，重承接与信任,15.0,,,,百度统计真实流量,1,
163,wpsoffic,品牌与官方入口,品牌词,品牌/官网/正版入口，路径短、转化快，重承接与信任,15.0,,,,百度统计真实流量,1,
164,"WPS,",品牌与官方入口,品牌词,品牌/官网/正版入口，路径短、转化快，重承接与信任,15.0,,,,百度统计真实流量,1,
165,cn.wps.wps-office-pro,品牌与官方入口,品牌词,品牌/官网/正版入口，路径短、转化快，重承接与信任,14.0,,,,百度统计真实流量,1,
166,WPS ppt,品牌与官方入口,品牌词,品牌/官网/正版入口，路径短、转化快，重承接与信任,14.0,,,,百度统计真实流量,1,
167,wps最新版,品牌与官方入口,品牌词,品牌/官网/正版入口，路径短、转化快，重承接与信任,14.0,,,,百度统计真实流量,1,
168,http://www.wps.cn,品牌与官方入口,品牌词,品牌/官网/正版入口，路径短、转化快，重承接与信任,13.0,,,,百度统计真实流量,1,
169,线上wps,品牌与官方入口,品牌词,品牌/官网/正版入口，路径短、转化快，重承接与信任,13.0,,,,百度统计真实流量,1,
170,wps office在线,品牌与官方入口,品牌词,品牌/官网/正版入口，路径短、转化快，重承接与信任,13.0,,,,百度统计真实流量,1,
171,金山,品牌与官方入口,品牌词,品牌/官网/正版入口，路径短、转化快，重承接与信任,13.0,,,,百度统计真实流量,1,
172,officewps,品牌与官方入口,品牌词,品牌/官网/正版入口，路径短、转化快，重承接与信任,13.0,,,,百度统计真实流量,1,
173,wps纯净版,品牌与官方入口,品牌词,品牌/官网/正版入口，路径短、转化快，重承接与信任,13.0,,,,百度统计真实流量,1,
174,wps网页端,品牌与官方入口,品牌词,品牌/官网/正版入口，路径短、转化快，重承接与信任,13.0,,,,百度统计真实流量,1,
175,wps精简版,品牌与官方入口,品牌词,品牌/官网/正版入口，路径短、转化快，重承接与信任,13.0,,,,百度统计真实流量,1,
176,wps office办公软件,品牌与官方入口,品牌词,品牌/官网/正版入口，路径短、转化快，重承接与信任,12.0,,,,百度统计真实流量,1,
177,WSP办公软件,品牌与官方入口,品牌词,品牌/官网/正版入口，路径短、转化快，重承接与信任,12.0,,,,百度统计真实流量,1,
178,wps文档在线,品牌与官方入口,品牌词,品牌/官网/正版入口，路径短、转化快，重承接与信任,12.0,,,,百度统计真实流量,1,
179,wps-office,品牌与官方入口,品牌词,品牌/官网/正版入口，路径短、转化快，重承接与信任,12.0,,,,百度统计真实流量,1,
180,wps 网页,品牌与官方入口,品牌词,品牌/官网/正版入口，路径短、转化快，重承接与信任,12.0,,,,百度统计真实流量,1,
181,wps2024,品牌与官方入口,品牌词,品牌/官网/正版入口，路径短、转化快，重承接与信任,12.0,,,,百度统计真实流量,1,
182,WWW.wps.cn/,品牌与官方入口,品牌词,品牌/官网/正版入口，路径短、转化快，重承接与信任,12.0,,,,百度统计真实流量,1,
183,在线表格wps,品牌与官方入口,品牌词,品牌/官网/正版入口，路径短、转化快，重承接与信任,12.0,,,,百度统计真实流量,1,
184,WPS 个人版,品牌与官方入口,品牌词,品牌/官网/正版入口，路径短、转化快，重承接与信任,12.0,,,,百度统计真实流量,1,
185,WPSPPT,品牌与官方入口,品牌词,品牌/官网/正版入口，路径短、转化快，重承接与信任,12.0,,,,百度统计真实流量,1,
186,WWw.wps.cn/,品牌与官方入口,品牌词,品牌/官网/正版入口，路径短、转化快，重承接与信任,12.0,,,,百度统计真实流量,1,
187,wps文字,品牌与官方入口,品牌词,品牌/官网/正版入口，路径短、转化快，重承接与信任,12.0,,,,百度统计真实流量,1,
188,wps app,品牌与官方入口,品牌词,品牌/官网/正版入口，路径短、转化快，重承接与信任,11.0,,,,百度统计真实流量,1,
189,网页wps,品牌与官方入口,品牌词,品牌/官网/正版入口，路径短、转化快，重承接与信任,11.0,,,,百度统计真实流量,1,
190,WPS.cn,品牌与官方入口,品牌词,品牌/官网/正版入口，路径短、转化快，重承接与信任,11.0,,,,百度统计真实流量,1,
191,WPS历史版本,品牌与官方入口,品牌词,品牌/官网/正版入口，路径短、转化快，重承接与信任,11.0,,,,百度统计真实流量,1,
192,wps online,品牌与官方入口,品牌词,品牌/官网/正版入口，路径短、转化快，重承接与信任,11.0,,,,百度统计真实流量,1,
193,wps专业增强版,品牌与官方入口,品牌词,品牌/官网/正版入口，路径短、转化快，重承接与信任,11.0,,,,百度统计真实流量,1,
194,WPS Office个人版,品牌与官方入口,品牌词,品牌/官网/正版入口，路径短、转化快，重承接与信任,11.0,,,,百度统计真实流量,1,
195,wps最新版本,品牌与官方入口,品牌词,品牌/官网/正版入口，路径短、转化快，重承接与信任,11.0,,,,百度统计真实流量,1,
196,wps网站入口,品牌与官方入口,品牌词,品牌/官网/正版入口，路径短、转化快，重承接与信任,11.0,,,,百度统计真实流量,1,
197,我wps,品牌与官方入口,品牌词,品牌/官网/正版入口，路径短、转化快，重承接与信任,10.0,,,,百度统计真实流量,1,
198,wpspc,品牌与官方入口,品牌词,品牌/官网/正版入口，路径短、转化快，重承接与信任,10.0,,,,百度统计真实流量,1,
199,wps 在线版,品牌与官方入口,品牌词,品牌/官网/正版入口，路径短、转化快，重承接与信任,10.0,,,,百度统计真实流量,1,
200,wps1,品牌与官方入口,品牌词,品牌/官网/正版入口，路径短、转化快，重承接与信任,10.0,,,,百度统计真实流量,1,
201,www..wps.cn,品牌与官方入口,品牌词,品牌/官网/正版入口，路径短、转化快，重承接与信任,10.0,,,,百度统计真实流量,1,
202,WPSS,品牌与官方入口,品牌词,品牌/官网/正版入口，路径短、转化快，重承接与信任,10.0,,,,百度统计真实流量,1,
203,WPS 64位,品牌与官方入口,品牌词,品牌/官网/正版入口，路径短、转化快，重承接与信任,10.0,,,,百度统计真实流量,1,
204,wps最新,品牌与官方入口,品牌词,品牌/官网/正版入口，路径短、转化快，重承接与信任,10.0,,,,百度统计真实流量,1,
205,wps offic,品牌与官方入口,品牌词,品牌/官网/正版入口，路径短、转化快，重承接与信任,10.0,,,,百度统计真实流量,1,
206,WPS在线网页版,品牌与官方入口,品牌词,品牌/官网/正版入口，路径短、转化快，重承接与信任,10.0,,,,百度统计真实流量,1,
207,wps offfice,品牌与官方入口,品牌词,品牌/官网/正版入口，路径短、转化快，重承接与信任,10.0,,,,百度统计真实流量,1,
208,WPS协作,品牌与官方入口,品牌词,品牌/官网/正版入口，路径短、转化快，重承接与信任,10.0,,,,百度统计真实流量,1,
209,WPS客户端,品牌与官方入口,品牌词,品牌/官网/正版入口，路径短、转化快，重承接与信任,10.0,,,,百度统计真实流量,1,
210,wps PPT,品牌与官方入口,品牌词,品牌/官网/正版入口，路径短、转化快，重承接与信任,10.0,,,,百度统计真实流量,1,
211,在线office办公软件,品牌与官方入口,品牌词,品牌/官网/正版入口，路径短、转化快，重承接与信任,9.0,,,,百度统计真实流量,1,
212,wps。cn,品牌与官方入口,品牌词,品牌/官网/正版入口，路径短、转化快，重承接与信任,9.0,,,,百度统计真实流量,1,
213,WPS网站,品牌与官方入口,品牌词,品牌/官网/正版入口，路径短、转化快，重承接与信任,9.0,,,,百度统计真实流量,1,
214,WPS最新版,品牌与官方入口,品牌词,品牌/官网/正版入口，路径短、转化快，重承接与信任,9.0,,,,百度统计真实流量,1,
215,wps pc版,品牌与官方入口,品牌词,品牌/官网/正版入口，路径短、转化快，重承接与信任,9.0,,,,百度统计真实流量,1,
216,WPS在线工具,品牌与官方入口,品牌词,品牌/官网/正版入口，路径短、转化快，重承接与信任,9.0,,,,百度统计真实流量,1,
217,wps linux,品牌与官方入口,品牌词,品牌/官网/正版入口，路径短、转化快，重承接与信任,9.0,,,,百度统计真实流量,1,
218,WPSWPS,品牌与官方入口,品牌词,品牌/官网/正版入口，路径短、转化快，重承接与信任,9.0,,,,百度统计真实流量,1,
219,办公文档,品牌与官方入口,品牌词,品牌/官网/正版入口，路径短、转化快，重承接与信任,9.0,,,,百度统计真实流量,1,
220,wpsOffice,品牌与官方入口,品牌词,品牌/官网/正版入口，路径短、转化快，重承接与信任,9.0,,,,百度统计真实流量,1,
221,金山WPS Office,品牌与官方入口,品牌词,品牌/官网/正版入口，路径短、转化快，重承接与信任,9.0,,,,百度统计真实流量,1,
222,wps主页,品牌与官方入口,品牌词,品牌/官网/正版入口，路径短、转化快，重承接与信任,9.0,,,,百度统计真实流量,1,
223,在线打开wps,品牌与官方入口,品牌词,品牌/官网/正版入口，路径短、转化快，重承接与信任,9.0,,,,百度统计真实流量,1,
224,Wps office,品牌与官方入口,品牌词,品牌/官网/正版入口，路径短、转化快，重承接与信任,9.0,,,,百度统计真实流量,1,
225,金山wps office,品牌与官方入口,品牌词,品牌/官网/正版入口，路径短、转化快，重承接与信任,8.0,,,,百度统计真实流量,1,
226,wWPS,品牌与官方入口,品牌词,品牌/官网/正版入口，路径短、转化快，重承接与信任,8.0,,,,百度统计真实流量,1,
227,w p swps,品牌与官方入口,品牌词,品牌/官网/正版入口，路径短、转化快，重承接与信任,8.0,,,,百度统计真实流量,1,
228,wps office PC,品牌与官方入口,品牌词,品牌/官网/正版入口，路径短、转化快，重承接与信任,8.0,,,,百度统计真实流量,1,
229,金山在线表格,品牌与官方入口,品牌词,品牌/官网/正版入口，路径短、转化快，重承接与信任,8.0,,,,百度统计真实流量,1,
230,wps64,品牌与官方入口,品牌词,品牌/官网/正版入口，路径短、转化快，重承接与信任,8.0,,,,百度统计真实流量,1,
231,wpsoffice网页版入口,品牌与官方入口,品牌词,品牌/官网/正版入口，路径短、转化快，重承接与信任,8.0,,,,百度统计真实流量,1,
232,www.wps.gov.cn,品牌与官方入口,品牌词,品牌/官网/正版入口，路径短、转化快，重承接与信任,8.0,,,,百度统计真实流量,1,
233,wps pc,品牌与官方入口,品牌词,品牌/官网/正版入口，路径短、转化快，重承接与信任,8.0,,,,百度统计真实流量,1,
234,wpsPDF,品牌与官方入口,品牌词,品牌/官网/正版入口，路径短、转化快，重承接与信任,8.0,,,,百度统计真实流量,1,
235,wps2019专业版,品牌与官方入口,品牌词,品牌/官网/正版入口，路径短、转化快，重承接与信任,8.0,,,,百度统计真实流量,1,
236,wps2022,品牌与官方入口,品牌词,品牌/官网/正版入口，路径短、转化快，重承接与信任,8.0,,,,百度统计真实流量,1,
237,WPS办公,品牌与官方入口,品牌词,品牌/官网/正版入口，路径短、转化快，重承接与信任,8.0,,,,百度统计真实流量,1,
238,wps旧版本,品牌与官方入口,品牌词,品牌/官网/正版入口，路径短、转化快，重承接与信任,8.0,,,,百度统计真实流量,1,
239,wpsofl,品牌与官方入口,品牌词,品牌/官网/正版入口，路径短、转化快，重承接与信任,8.0,,,,百度统计真实流量,1,
240,wps线上文档,品牌与官方入口,品牌词,品牌/官网/正版入口，路径短、转化快，重承接与信任,8.0,,,,百度统计真实流量,1,
241,办公文档软件,品牌与官方入口,品牌词,品牌/官网/正版入口，路径短、转化快，重承接与信任,8.0,,,,百度统计真实流量,1,
242,WPS  office,品牌与官方入口,品牌词,品牌/官网/正版入口，路径短、转化快，重承接与信任,8.0,,,,百度统计真实流量,1,
243,wps word文档网页版,品牌与官方入口,品牌词,品牌/官网/正版入口，路径短、转化快，重承接与信任,8.0,,,,百度统计真实流量,1,
244,WPS网页版本,品牌与官方入口,品牌词,品牌/官网/正版入口，路径短、转化快，重承接与信任,8.0,,,,百度统计真实流量,1,
245,网页版wps登录入口,品牌与官方入口,品牌词,品牌/官网/正版入口，路径短、转化快，重承接与信任,8.0,,,,百度统计真实流量,1,
246,wps],品牌与官方入口,品牌词,品牌/官网/正版入口，路径短、转化快，重承接与信任,8.0,,,,百度统计真实流量,1,
247,wps在线打开,品牌与官方入口,品牌词,品牌/官网/正版入口，路径短、转化快，重承接与信任,7.0,,,,百度统计真实流量,1,
248,.wps,品牌与官方入口,品牌词,品牌/官网/正版入口，路径短、转化快，重承接与信任,7.0,,,,百度统计真实流量,1,
249,office办公软件wps,品牌与官方入口,品牌词,品牌/官网/正版入口，路径短、转化快，重承接与信任,7.0,,,,百度统计真实流量,1,
250,365.wps.cn,品牌与官方入口,品牌词,品牌/官网/正版入口，路径短、转化快，重承接与信任,7.0,,,,百度统计真实流量,1,
251,wps办公版,品牌与官方入口,品牌词,品牌/官网/正版入口，路径短、转化快，重承接与信任,7.0,,,,百度统计真实流量,1,
252,WPS-支,品牌与官方入口,品牌词,品牌/官网/正版入口，路径短、转化快，重承接与信任,7.0,,,,百度统计真实流量,1,
253,wps WPS,品牌与官方入口,品牌词,品牌/官网/正版入口，路径短、转化快，重承接与信任,7.0,,,,百度统计真实流量,1,
254,wpswps office,品牌与官方入口,品牌词,品牌/官网/正版入口，路径短、转化快，重承接与信任,7.0,,,,百度统计真实流量,1,
255,wps office是干什么的,品牌与官方入口,品牌词,品牌/官网/正版入口，路径短、转化快，重承接与信任,7.0,,,,百度统计真实流量,1,
256,WWW.WPS,品牌与官方入口,品牌词,品牌/官网/正版入口，路径短、转化快，重承接与信任,7.0,,,,百度统计真实流量,1,
257,WPS路cn,品牌与官方入口,品牌词,品牌/官网/正版入口，路径短、转化快，重承接与信任,7.0,,,,百度统计真实流量,1,
258,wps教育版,品牌与官方入口,品牌词,品牌/官网/正版入口，路径短、转化快，重承接与信任,7.0,,,,百度统计真实流量,1,
259,wps‘,品牌与官方入口,品牌词,品牌/官网/正版入口，路径短、转化快，重承接与信任,7.0,,,,百度统计真实流量,1,
260,wps office电脑,品牌与官方入口,品牌词,品牌/官网/正版入口，路径短、转化快，重承接与信任,7.0,,,,百度统计真实流量,1,
261,wps更新,品牌与官方入口,品牌词,品牌/官网/正版入口，路径短、转化快，重承接与信任,7.0,,,,百度统计真实流量,1,
262,WPSppt,品牌与官方入口,品牌词,品牌/官网/正版入口，路径短、转化快，重承接与信任,7.0,,,,百度统计真实流量,1,
263,\wps,品牌与官方入口,品牌词,品牌/官网/正版入口，路径短、转化快，重承接与信任,7.0,,,,百度统计真实流量,1,
264,wps 2023,品牌与官方入口,品牌词,品牌/官网/正版入口，路径短、转化快，重承接与信任,7.0,,,,百度统计真实流量,1,
265,Wps网页版,品牌与官方入口,品牌词,品牌/官网/正版入口，路径短、转化快，重承接与信任,7.0,,,,百度统计真实流量,1,
266,WWPS,品牌与官方入口,品牌词,品牌/官网/正版入口，路径短、转化快，重承接与信任,7.0,,,,百度统计真实流量,1,
267,wps演示,品牌与官方入口,品牌词,品牌/官网/正版入口，路径短、转化快，重承接与信任,7.0,,,,百度统计真实流量,1,
268,wps金山,品牌与官方入口,品牌词,品牌/官网/正版入口，路径短、转化快，重承接与信任,7.0,,,,百度统计真实流量,1,
269,wps云盘网页版,品牌与官方入口,品牌词,品牌/官网/正版入口，路径短、转化快，重承接与信任,7.0,,,,百度统计真实流量,1,
270,wpsoffce,品牌与官方入口,品牌词,品牌/官网/正版入口，路径短、转化快，重承接与信任,7.0,,,,百度统计真实流量,1,
271,金山软件WPS,品牌与官方入口,品牌词,品牌/官网/正版入口，路径短、转化快，重承接与信任,7.0,,,,百度统计真实流量,1,
272,www.wps.c,品牌与官方入口,品牌词,品牌/官网/正版入口，路径短、转化快，重承接与信任,7.0,,,,百度统计真实流量,1,
273,wps网络版,品牌与官方入口,品牌词,品牌/官网/正版入口，路径短、转化快，重承接与信任,7.0,,,,百度统计真实流量,1,
274,WPS应用,品牌与官方入口,品牌词,品牌/官网/正版入口，路径短、转化快，重承接与信任,6.0,,,,百度统计真实流量,1,
275,wps 表格,品牌与官方入口,品牌词,品牌/官网/正版入口，路径短、转化快，重承接与信任,6.0,,,,百度统计真实流量,1,
276,wpsoffice在线使用,品牌与官方入口,品牌词,品牌/官网/正版入口，路径短、转化快，重承接与信任,6.0,,,,百度统计真实流量,1,
277,wpsOFFICE,品牌与官方入口,品牌词,品牌/官网/正版入口，路径短、转化快，重承接与信任,6.0,,,,百度统计真实流量,1,
278,wps离线,品牌与官方入口,品牌词,品牌/官网/正版入口，路径短、转化快，重承接与信任,6.0,,,,百度统计真实流量,1,
279,wps .cn,品牌与官方入口,品牌词,品牌/官网/正版入口，路径短、转化快，重承接与信任,6.0,,,,百度统计真实流量,1,
280,wps/cn,品牌与官方入口,品牌词,品牌/官网/正版入口，路径短、转化快，重承接与信任,6.0,,,,百度统计真实流量,1,
281,wps国内版,品牌与官方入口,品牌词,品牌/官网/正版入口，路径短、转化快，重承接与信任,6.0,,,,百度统计真实流量,1,
282,wpsoffice个人版,品牌与官方入口,品牌词,品牌/官网/正版入口，路径短、转化快，重承接与信任,6.0,,,,百度统计真实流量,1,
283,wps共享文档,品牌与官方入口,品牌词,品牌/官网/正版入口，路径短、转化快，重承接与信任,6.0,,,,百度统计真实流量,1,
284,WPS云盘,品牌与官方入口,品牌词,品牌/官网/正版入口，路径短、转化快，重承接与信任,6.0,,,,百度统计真实流量,1,
285,www.wps.con,品牌与官方入口,品牌词,品牌/官网/正版入口，路径短、转化快，重承接与信任,6.0,,,,百度统计真实流量,1,
286,WPS文档网页版,品牌与官方入口,品牌词,品牌/官网/正版入口，路径短、转化快，重承接与信任,6.0,,,,百度统计真实流量,1,
287,wps wpa,品牌与官方入口,品牌词,品牌/官网/正版入口，路径短、转化快，重承接与信任,6.0,,,,百度统计真实流量,1,
288,WPS oFFICE,品牌与官方入口,品牌词,品牌/官网/正版入口，路径短、转化快，重承接与信任,6.0,,,,百度统计真实流量,1,
289,WPS 在线表格,品牌与官方入口,品牌词,品牌/官网/正版入口，路径短、转化快，重承接与信任,6.0,,,,百度统计真实流量,1,
290,WPS 线上,品牌与官方入口,品牌词,品牌/官网/正版入口，路径短、转化快，重承接与信任,6.0,,,,百度统计真实流量,1,
291,wps网页版本,品牌与官方入口,品牌词,品牌/官网/正版入口，路径短、转化快，重承接与信任,6.0,,,,百度统计真实流量,1,
292,wps表格在线,品牌与官方入口,品牌词,品牌/官网/正版入口，路径短、转化快，重承接与信任,6.0,,,,百度统计真实流量,1,
293,www.365.wps.cn,品牌与官方入口,品牌词,品牌/官网/正版入口，路径短、转化快，重承接与信任,6.0,,,,百度统计真实流量,1,
294,wps2021,品牌与官方入口,品牌词,品牌/官网/正版入口，路径短、转化快，重承接与信任,6.0,,,,百度统计真实流量,1,
295,wpsw,品牌与官方入口,品牌词,品牌/官网/正版入口，路径短、转化快，重承接与信任,6.0,,,,百度统计真实流量,1,
296,WPS365网页版,品牌与官方入口,品牌词,品牌/官网/正版入口，路径短、转化快，重承接与信任,6.0,,,,百度统计真实流量,1,
297,网页WPS,品牌与官方入口,品牌词,品牌/官网/正版入口，路径短、转化快，重承接与信任,6.0,,,,百度统计真实流量,1,
298,i.wps.cn,品牌与官方入口,品牌词,品牌/官网/正版入口，路径短、转化快，重承接与信任,6.0,,,,百度统计真实流量,1,
299,线上WPS,品牌与官方入口,品牌词,品牌/官网/正版入口，路径短、转化快，重承接与信任,6.0,,,,百度统计真实流量,1,
300,wps解压,品牌与官方入口,品牌词,品牌/官网/正版入口，路径短、转化快，重承接与信任,6.0,,,,百度统计真实流量,1,
301,wps在线工具,品牌与官方入口,品牌词,品牌/官网/正版入口，路径短、转化快，重承接与信任,6.0,,,,百度统计真实流量,1,
302,wps 协作,品牌与官方入口,品牌词,品牌/官网/正版入口，路径短、转化快，重承接与信任,6.0,,,,百度统计真实流量,1,
303,WPS文字,品牌与官方入口,品牌词,品牌/官网/正版入口，路径短、转化快，重承接与信任,6.0,,,,百度统计真实流量,1,
304,https://www.wps/,品牌与官方入口,品牌词,品牌/官网/正版入口，路径短、转化快，重承接与信任,6.0,,,,百度统计真实流量,1,
305,金山wps在线,品牌与官方入口,品牌词,品牌/官网/正版入口，路径短、转化快，重承接与信任,6.0,,,,百度统计真实流量,1,
306,"www.wps,cn",品牌与官方入口,品牌词,品牌/官网/正版入口，路径短、转化快，重承接与信任,6.0,,,,百度统计真实流量,1,
307,wps工具,品牌与官方入口,品牌词,品牌/官网/正版入口，路径短、转化快，重承接与信任,6.0,,,,百度统计真实流量,1,
308,WPS wps,品牌与官方入口,品牌词,品牌/官网/正版入口，路径短、转化快，重承接与信任,5.0,,,,百度统计真实流量,1,
309,wps网络编辑文档网址,品牌与官方入口,品牌词,品牌/官网/正版入口，路径短、转化快，重承接与信任,5.0,,,,百度统计真实流量,1,
310,wps32位,品牌与官方入口,品牌词,品牌/官网/正版入口，路径短、转化快，重承接与信任,5.0,,,,百度统计真实流量,1,
311,wps office网页版入口,品牌与官方入口,品牌词,品牌/官网/正版入口，路径短、转化快，重承接与信任,5.0,,,,百度统计真实流量,1,
312,www.wps.cnx,品牌与官方入口,品牌词,品牌/官网/正版入口，路径短、转化快，重承接与信任,5.0,,,,百度统计真实流量,1,
313,wps历史版本,品牌与官方入口,品牌词,品牌/官网/正版入口，路径短、转化快，重承接与信任,5.0,,,,百度统计真实流量,1,
314,wps o,品牌与官方入口,品牌词,品牌/官网/正版入口，路径短、转化快，重承接与信任,5.0,,,,百度统计真实流量,1,
315,wps文档网页版,品牌与官方入口,品牌词,品牌/官网/正版入口，路径短、转化快，重承接与信任,5.0,,,,百度统计真实流量,1,
316,wps个人,品牌与官方入口,品牌词,品牌/官网/正版入口，路径短、转化快，重承接与信任,5.0,,,,百度统计真实流量,1,
317,wpsoffiec,品牌与官方入口,品牌词,品牌/官网/正版入口，路径短、转化快，重承接与信任,5.0,,,,百度统计真实流量,1,
318,WPS Comate,品牌与官方入口,品牌词,品牌/官网/正版入口，路径短、转化快，重承接与信任,5.0,,,,百度统计真实流量,1,
319,https://official-packbage.wps.cn/wps/wps_windows/wps_setup.exe,品牌与官方入口,品牌词,品牌/官网/正版入口，路径短、转化快，重承接与信任,5.0,,,,百度统计真实流量,1,
320,"wps,cn",品牌与官方入口,品牌词,品牌/官网/正版入口，路径短、转化快，重承接与信任,5.0,,,,百度统计真实流量,1,
321,wps office.com,品牌与官方入口,品牌词,品牌/官网/正版入口，路径短、转化快，重承接与信任,5.0,,,,百度统计真实流量,1,
322,w WPS,品牌与官方入口,品牌词,品牌/官网/正版入口，路径短、转化快，重承接与信任,5.0,,,,百度统计真实流量,1,
323,wps多维表格,品牌与官方入口,品牌词,品牌/官网/正版入口，路径短、转化快，重承接与信任,5.0,,,,百度统计真实流量,1,
324,wps统信,品牌与官方入口,品牌词,品牌/官网/正版入口，路径短、转化快，重承接与信任,5.0,,,,百度统计真实流量,1,
325,wps看图软件,品牌与官方入口,品牌词,品牌/官网/正版入口，路径短、转化快，重承接与信任,5.0,,,,百度统计真实流量,1,
326,WPS网页端,品牌与官方入口,品牌词,品牌/官网/正版入口，路径短、转化快，重承接与信任,5.0,,,,百度统计真实流量,1,
327,wps宏,品牌与官方入口,品牌词,品牌/官网/正版入口，路径短、转化快，重承接与信任,5.0,,,,百度统计真实流量,1,
328,wps 线上,品牌与官方入口,品牌词,品牌/官网/正版入口，路径短、转化快，重承接与信任,5.0,,,,百度统计真实流量,1,
329,WPS .cn,品牌与官方入口,品牌词,品牌/官网/正版入口，路径短、转化快，重承接与信任,5.0,,,,百度统计真实流量,1,
330,drive.wps.cn,品牌与官方入口,品牌词,品牌/官网/正版入口，路径短、转化快，重承接与信任,5.0,,,,百度统计真实流量,1,
331,WPS2024,品牌与官方入口,品牌词,品牌/官网/正版入口，路径短、转化快，重承接与信任,5.0,,,,百度统计真实流量,1,
332,wps offi,品牌与官方入口,品牌词,品牌/官网/正版入口，路径短、转化快，重承接与信任,5.0,,,,百度统计真实流量,1,
333,wps \,品牌与官方入口,品牌词,品牌/官网/正版入口，路径短、转化快，重承接与信任,5.0,,,,百度统计真实流量,1,
334,WPS 网页,品牌与官方入口,品牌词,品牌/官网/正版入口，路径短、转化快，重承接与信任,5.0,,,,百度统计真实流量,1,
335,wps.,品牌与官方入口,品牌词,品牌/官网/正版入口，路径短、转化快，重承接与信任,5.0,,,,百度统计真实流量,1,
336,wps麒麟版,品牌与官方入口,品牌词,品牌/官网/正版入口，路径短、转化快，重承接与信任,5.0,,,,百度统计真实流量,1,
337,WPS O,品牌与官方入口,品牌词,品牌/官网/正版入口，路径短、转化快，重承接与信任,5.0,,,,百度统计真实流量,1,
338,WPS 办公软件,品牌与官方入口,品牌词,品牌/官网/正版入口，路径短、转化快，重承接与信任,5.0,,,,百度统计真实流量,1,
339,WPS 文字,品牌与官方入口,品牌词,品牌/官网/正版入口，路径短、转化快，重承接与信任,5.0,,,,百度统计真实流量,1,
340,-wps,品牌与官方入口,品牌词,品牌/官网/正版入口，路径短、转化快，重承接与信任,5.0,,,,百度统计真实流量,1,
341,wps powerpoint,品牌与官方入口,品牌词,品牌/官网/正版入口，路径短、转化快，重承接与信任,5.0,,,,百度统计真实流量,1,
342,在线打开WPS,品牌与官方入口,品牌词,品牌/官网/正版入口，路径短、转化快，重承接与信任,5.0,,,,百度统计真实流量,1,
343,https://platform.wps.cn/,品牌与官方入口,品牌词,品牌/官网/正版入口，路径短、转化快，重承接与信任,5.0,,,,百度统计真实流量,1,
344,wps在线ppt,品牌与官方入口,品牌词,品牌/官网/正版入口，路径短、转化快，重承接与信任,5.0,,,,百度统计真实流量,1,
345,wps office pc,品牌与官方入口,品牌词,品牌/官网/正版入口，路径短、转化快，重承接与信任,5.0,,,,百度统计真实流量,1,
346,wps2026,品牌与官方入口,品牌词,品牌/官网/正版入口，路径短、转化快，重承接与信任,5.0,,,,百度统计真实流量,1,
347,wps2020,品牌与官方入口,品牌词,品牌/官网/正版入口，路径短、转化快，重承接与信任,5.0,,,,百度统计真实流量,1,
348,wps.cm,品牌与官方入口,品牌词,品牌/官网/正版入口，路径短、转化快，重承接与信任,5.0,,,,百度统计真实流量,1,
349,wps网页版在线,品牌与官方入口,品牌词,品牌/官网/正版入口，路径短、转化快，重承接与信任,5.0,,,,百度统计真实流量,1,
350,wps云空间,品牌与官方入口,品牌词,品牌/官网/正版入口，路径短、转化快，重承接与信任,5.0,,,,百度统计真实流量,1,
351,wps官網,品牌与官方入口,品牌词,品牌/官网/正版入口，路径短、转化快，重承接与信任,5.0,,,,百度统计真实流量,1,
352,wps金山办公,品牌与官方入口,品牌词,品牌/官网/正版入口，路径短、转化快，重承接与信任,5.0,,,,百度统计真实流量,1,
353,32位wps,品牌与官方入口,品牌词,品牌/官网/正版入口，路径短、转化快，重承接与信任,5.0,,,,百度统计真实流量,1,
354,wps客户端,品牌与官方入口,品牌词,品牌/官网/正版入口，路径短、转化快，重承接与信任,5.0,,,,百度统计真实流量,1,
355,office办公软件,品牌与官方入口,品牌词,品牌/官网/正版入口，路径短、转化快，重承接与信任,5.0,,,,百度统计真实流量,1,
356,wps office网页版登录入口,品牌与官方入口,品牌词,品牌/官网/正版入口，路径短、转化快，重承接与信任,4.0,,,,百度统计真实流量,1,
357,wps office365,品牌与官方入口,品牌词,品牌/官网/正版入口，路径短、转化快，重承接与信任,4.0,,,,百度统计真实流量,1,
358,wps word网页版,品牌与官方入口,品牌词,品牌/官网/正版入口，路径短、转化快，重承接与信任,4.0,,,,百度统计真实流量,1,
359,WPS主页,品牌与官方入口,品牌词,品牌/官网/正版入口，路径短、转化快，重承接与信任,4.0,,,,百度统计真实流量,1,
360,wps cn,品牌与官方入口,品牌词,品牌/官网/正版入口，路径短、转化快，重承接与信任,4.0,,,,百度统计真实流量,1,
361,wps商业版,品牌与官方入口,品牌词,品牌/官网/正版入口，路径短、转化快，重承接与信任,4.0,,,,百度统计真实流量,1,
362,www.wps.,品牌与官方入口,品牌词,品牌/官网/正版入口，路径短、转化快，重承接与信任,4.0,,,,百度统计真实流量,1,
363,金山wps软件,品牌与官方入口,品牌词,品牌/官网/正版入口，路径短、转化快，重承接与信任,4.0,,,,百度统计真实流量,1,
364,WPS VBA插件,品牌与官方入口,品牌词,品牌/官网/正版入口，路径短、转化快，重承接与信任,4.0,,,,百度统计真实流量,1,
365,wps线上版,品牌与官方入口,品牌词,品牌/官网/正版入口，路径短、转化快，重承接与信任,4.0,,,,百度统计真实流量,1,
366,wps2023专业版,品牌与官方入口,品牌词,品牌/官网/正版入口，路径短、转化快，重承接与信任,4.0,,,,百度统计真实流量,1,
367,WPS‘,品牌与官方入口,品牌词,品牌/官网/正版入口，路径短、转化快，重承接与信任,4.0,,,,百度统计真实流量,1,
368,wps2025,品牌与官方入口,品牌词,品牌/官网/正版入口，路径短、转化快，重承接与信任,4.0,,,,百度统计真实流量,1,
369,wps.CN,品牌与官方入口,品牌词,品牌/官网/正版入口，路径短、转化快，重承接与信任,4.0,,,,百度统计真实流量,1,
370,wps64位版,品牌与官方入口,品牌词,品牌/官网/正版入口，路径短、转化快，重承接与信任,4.0,,,,百度统计真实流量,1,
371,WPS OFFice,品牌与官方入口,品牌词,品牌/官网/正版入口，路径短、转化快，重承接与信任,4.0,,,,百度统计真实流量,1,
372,Word/WPS,品牌与官方入口,品牌词,品牌/官网/正版入口，路径短、转化快，重承接与信任,4.0,,,,百度统计真实流量,1,
373,wps office电脑端,品牌与官方入口,品牌词,品牌/官网/正版入口，路径短、转化快，重承接与信任,4.0,,,,百度统计真实流量,1,
374,wps图片查看器,品牌与官方入口,品牌词,品牌/官网/正版入口，路径短、转化快，重承接与信任,4.0,,,,百度统计真实流量,1,
375,WPS Office 2023,品牌与官方入口,品牌词,品牌/官网/正版入口，路径短、转化快，重承接与信任,4.0,,,,百度统计真实流量,1,
376,wps office网站,品牌与官方入口,品牌词,品牌/官网/正版入口，路径短、转化快，重承接与信任,4.0,,,,百度统计真实流量,1,
377,wps office 在线,品牌与官方入口,品牌词,品牌/官网/正版入口，路径短、转化快，重承接与信任,4.0,,,,百度统计真实流量,1,
378,WPS 64,品牌与官方入口,品牌词,品牌/官网/正版入口，路径短、转化快，重承接与信任,4.0,,,,百度统计真实流量,1,
379,wps 64,品牌与官方入口,品牌词,品牌/官网/正版入口，路径短、转化快，重承接与信任,4.0,,,,百度统计真实流量,1,
380,wps 专业版,品牌与官方入口,品牌词,品牌/官网/正版入口，路径短、转化快，重承接与信任,4.0,,,,百度统计真实流量,1,
381,wps office国内版,品牌与官方入口,品牌词,品牌/官网/正版入口，路径短、转化快，重承接与信任,4.0,,,,百度统计真实流量,1,
382,WPS xp版,品牌与官方入口,品牌词,品牌/官网/正版入口，路径短、转化快，重承接与信任,4.0,,,,百度统计真实流量,1,
383,WPS 文档,品牌与官方入口,品牌词,品牌/官网/正版入口，路径短、转化快，重承接与信任,4.0,,,,百度统计真实流量,1,
384,wps最新更新,品牌与官方入口,品牌词,品牌/官网/正版入口，路径短、转化快，重承接与信任,4.0,,,,百度统计真实流量,1,
385,wps编辑器,品牌与官方入口,品牌词,品牌/官网/正版入口，路径短、转化快，重承接与信任,4.0,,,,百度统计真实流量,1,
386,wps线上编辑,品牌与官方入口,品牌词,品牌/官网/正版入口，路径短、转化快，重承接与信任,4.0,,,,百度统计真实流量,1,
387,wps office 在线使用,品牌与官方入口,品牌词,品牌/官网/正版入口，路径短、转化快，重承接与信任,4.0,,,,百度统计真实流量,1,
388,wps离线版,品牌与官方入口,品牌词,品牌/官网/正版入口，路径短、转化快，重承接与信任,4.0,,,,百度统计真实流量,1,
389,WPS金山,品牌与官方入口,品牌词,品牌/官网/正版入口，路径短、转化快，重承接与信任,4.0,,,,百度统计真实流量,1,
390,路wps,品牌与官方入口,品牌词,品牌/官网/正版入口，路径短、转化快，重承接与信任,4.0,,,,百度统计真实流量,1,
391,wpslinux版本,品牌与官方入口,品牌词,品牌/官网/正版入口，路径短、转化快，重承接与信任,4.0,,,,百度统计真实流量,1,
392,jinshanwps,品牌与官方入口,品牌词,品牌/官网/正版入口，路径短、转化快，重承接与信任,4.0,,,,百度统计真实流量,1,
393,wps office 个人版,品牌与官方入口,品牌词,品牌/官网/正版入口，路径短、转化快，重承接与信任,4.0,,,,百度统计真实流量,1,
394,wps桌面,品牌与官方入口,品牌词,品牌/官网/正版入口，路径短、转化快，重承接与信任,4.0,,,,百度统计真实流量,1,
395,wps登陆,品牌与官方入口,品牌词,品牌/官网/正版入口，路径短、转化快，重承接与信任,4.0,,,,百度统计真实流量,1,
396,wwwwps,品牌与官方入口,品牌词,品牌/官网/正版入口，路径短、转化快，重承接与信任,4.0,,,,百度统计真实流量,1,
397,\WPS,品牌与官方入口,品牌词,品牌/官网/正版入口，路径短、转化快，重承接与信任,4.0,,,,百度统计真实流量,1,
398,wps wps wps wps,品牌与官方入口,品牌词,品牌/官网/正版入口，路径短、转化快，重承接与信任,4.0,,,,百度统计真实流量,1,
399,wps网页版网址,品牌与官方入口,品牌词,品牌/官网/正版入口，路径短、转化快，重承接与信任,4.0,,,,百度统计真实流量,1,
400,金山办公wps,品牌与官方入口,品牌词,品牌/官网/正版入口，路径短、转化快，重承接与信任,4.0,,,,百度统计真实流量,1,
401,wps office 网页版,品牌与官方入口,品牌词,品牌/官网/正版入口，路径短、转化快，重承接与信任,4.0,,,,百度统计真实流量,1,
402,WPS 32位,品牌与官方入口,品牌词,品牌/官网/正版入口，路径短、转化快，重承接与信任,4.0,,,,百度统计真实流量,1,
403,办公室软件,品牌与官方入口,品牌词,品牌/官网/正版入口，路径短、转化快，重承接与信任,4.0,,,,百度统计真实流量,1,
404,Wps Office,品牌与官方入口,品牌词,品牌/官网/正版入口，路径短、转化快，重承接与信任,4.0,,,,百度统计真实流量,1,
405,WINDOWS8中WPS更新不了， 就用不了最新函数公式是吗,品牌与官方入口,品牌词,品牌/官网/正版入口，路径短、转化快，重承接与信任,4.0,,,,百度统计真实流量,1,
406,32wei wps,品牌与官方入口,品牌词,品牌/官网/正版入口，路径短、转化快，重承接与信任,4.0,,,,百度统计真实流量,1,
407,WPSOFFCE,品牌与官方入口,品牌词,品牌/官网/正版入口，路径短、转化快，重承接与信任,4.0,,,,百度统计真实流量,1,
408,wpswendang,品牌与官方入口,品牌词,品牌/官网/正版入口，路径短、转化快，重承接与信任,4.0,,,,百度统计真实流量,1,
409,WPS office办公软件,品牌与官方入口,品牌词,品牌/官网/正版入口，路径短、转化快，重承接与信任,4.0,,,,百度统计真实流量,1,
410,wps 软件,品牌与官方入口,品牌词,品牌/官网/正版入口，路径短、转化快，重承接与信任,4.0,,,,百度统计真实流量,1,
411,WPS 2023,品牌与官方入口,品牌词,品牌/官网/正版入口，路径短、转化快，重承接与信任,4.0,,,,百度统计真实流量,1,
412,wps协作网页版,品牌与官方入口,品牌词,品牌/官网/正版入口，路径短、转化快，重承接与信任,4.0,,,,百度统计真实流量,1,
413,最新版WPS,品牌与官方入口,品牌词,品牌/官网/正版入口，路径短、转化快，重承接与信任,4.0,,,,百度统计真实流量,1,
414,wps web,品牌与官方入口,品牌词,品牌/官网/正版入口，路径短、转化快，重承接与信任,4.0,,,,百度统计真实流量,1,
415,wps文档中心,品牌与官方入口,品牌词,品牌/官网/正版入口，路径短、转化快，重承接与信任,4.0,,,,百度统计真实流量,1,
416,owps,品牌与官方入口,品牌词,品牌/官网/正版入口，路径短、转化快，重承接与信任,4.0,,,,百度统计真实流量,1,
417,WPS在线PPT,品牌与官方入口,品牌词,品牌/官网/正版入口，路径短、转化快，重承接与信任,4.0,,,,百度统计真实流量,1,
418,WPS2019政企版,品牌与官方入口,品牌词,品牌/官网/正版入口，路径短、转化快，重承接与信任,3.0,,,,百度统计真实流量,1,
419,WPS 金山,品牌与官方入口,品牌词,品牌/官网/正版入口，路径短、转化快，重承接与信任,3.0,,,,百度统计真实流量,1,
420,wps中文版,品牌与官方入口,品牌词,品牌/官网/正版入口，路径短、转化快，重承接与信任,3.0,,,,百度统计真实流量,1,
421,在线wps表格,品牌与官方入口,品牌词,品牌/官网/正版入口，路径短、转化快，重承接与信任,3.0,,,,百度统计真实流量,1,
422,"www,wps.cn",品牌与官方入口,品牌词,品牌/官网/正版入口，路径短、转化快，重承接与信任,3.0,,,,百度统计真实流量,1,
423,wps pdf tools,品牌与官方入口,品牌词,品牌/官网/正版入口，路径短、转化快，重承接与信任,3.0,,,,百度统计真实流量,1,
424,wpsxiaz,品牌与官方入口,品牌词,品牌/官网/正版入口，路径短、转化快，重承接与信任,3.0,,,,百度统计真实流量,1,
425,wps ptt,品牌与官方入口,品牌词,品牌/官网/正版入口，路径短、转化快，重承接与信任,3.0,,,,百度统计真实流量,1,
426,wps win11,品牌与官方入口,品牌词,品牌/官网/正版入口，路径短、转化快，重承接与信任,3.0,,,,百度统计真实流量,1,
427,wpsps,品牌与官方入口,品牌词,品牌/官网/正版入口，路径短、转化快，重承接与信任,3.0,,,,百度统计真实流量,1,
428,金山wsp,品牌与官方入口,品牌词,品牌/官网/正版入口，路径短、转化快，重承接与信任,3.0,,,,百度统计真实流量,1,
429,wpsoffice办公软件,品牌与官方入口,品牌词,品牌/官网/正版入口，路径短、转化快，重承接与信任,3.0,,,,百度统计真实流量,1,
430,http://www.wps.cn/,品牌与官方入口,品牌词,品牌/官网/正版入口，路径短、转化快，重承接与信任,3.0,,,,百度统计真实流量,1,
431,百度一下wps,品牌与官方入口,品牌词,品牌/官网/正版入口，路径短、转化快，重承接与信任,3.0,,,,百度统计真实流量,1,
432,wps guanwang,品牌与官方入口,品牌词,品牌/官网/正版入口，路径短、转化快，重承接与信任,3.0,,,,百度统计真实流量,1,
433,wps路CN,品牌与官方入口,品牌词,品牌/官网/正版入口，路径短、转化快，重承接与信任,3.0,,,,百度统计真实流量,1,
434,WPS协作网站入口,品牌与官方入口,品牌词,品牌/官网/正版入口，路径短、转化快，重承接与信任,3.0,,,,百度统计真实流量,1,
435,wps2022版本,品牌与官方入口,品牌词,品牌/官网/正版入口，路径短、转化快，重承接与信任,3.0,,,,百度统计真实流量,1,
436,WPS教育版,品牌与官方入口,品牌词,品牌/官网/正版入口，路径短、转化快，重承接与信任,3.0,,,,百度统计真实流量,1,
437,wps网盘,品牌与官方入口,品牌词,品牌/官网/正版入口，路径短、转化快，重承接与信任,3.0,,,,百度统计真实流量,1,
438,wps office 最新版,品牌与官方入口,品牌词,品牌/官网/正版入口，路径短、转化快，重承接与信任,3.0,,,,百度统计真实流量,1,
439,wps 在线表格,品牌与官方入口,品牌词,品牌/官网/正版入口，路径短、转化快，重承接与信任,3.0,,,,百度统计真实流量,1,
440,WPS WebOffice,品牌与官方入口,品牌词,品牌/官网/正版入口，路径短、转化快，重承接与信任,3.0,,,,百度统计真实流量,1,
441,在线版wps,品牌与官方入口,品牌词,品牌/官网/正版入口，路径短、转化快，重承接与信任,3.0,,,,百度统计真实流量,1,
442,OFFICE WPS,品牌与官方入口,品牌词,品牌/官网/正版入口，路径短、转化快，重承接与信任,3.0,,,,百度统计真实流量,1,
443,“WPS”,品牌与官方入口,品牌词,品牌/官网/正版入口，路径短、转化快，重承接与信任,3.0,,,,百度统计真实流量,1,
444,WPS网页版登录入口网址,品牌与官方入口,品牌词,品牌/官网/正版入口，路径短、转化快，重承接与信任,3.0,,,,百度统计真实流量,1,
445,wps安卓,品牌与官方入口,品牌词,品牌/官网/正版入口，路径短、转化快，重承接与信任,3.0,,,,百度统计真实流量,1,
446,WPS极简版,品牌与官方入口,品牌词,品牌/官网/正版入口，路径短、转化快，重承接与信任,3.0,,,,百度统计真实流量,1,
447,在线 wps,品牌与官方入口,品牌词,品牌/官网/正版入口，路径短、转化快，重承接与信任,3.0,,,,百度统计真实流量,1,
448,wps中国,品牌与官方入口,品牌词,品牌/官网/正版入口，路径短、转化快，重承接与信任,3.0,,,,百度统计真实流量,1,
449,【WPS Office】,品牌与官方入口,品牌词,品牌/官网/正版入口，路径短、转化快，重承接与信任,3.0,,,,百度统计真实流量,1,
450,www.WPS,品牌与官方入口,品牌词,品牌/官网/正版入口，路径短、转化快，重承接与信任,3.0,,,,百度统计真实流量,1,
451,网页版WPS:https://365.kdocs.cn/latest?utm_source=wps&utm_medium=navigation,品牌与官方入口,品牌词,品牌/官网/正版入口，路径短、转化快，重承接与信任,3.0,,,,百度统计真实流量,1,
452,WPS共享,品牌与官方入口,品牌词,品牌/官网/正版入口，路径短、转化快，重承接与信任,3.0,,,,百度统计真实流量,1,
453,WPS首页,品牌与官方入口,品牌词,品牌/官网/正版入口，路径短、转化快，重承接与信任,3.0,,,,百度统计真实流量,1,
454,WPSoffice在线使用,品牌与官方入口,品牌词,品牌/官网/正版入口，路径短、转化快，重承接与信任,3.0,,,,百度统计真实流量,1,
455,www路wps路cn,品牌与官方入口,品牌词,品牌/官网/正版入口，路径短、转化快，重承接与信任,3.0,,,,百度统计真实流量,1,
456,WPS VBA 插件,品牌与官方入口,品牌词,品牌/官网/正版入口，路径短、转化快，重承接与信任,3.0,,,,百度统计真实流量,1,
457,wps office网页,品牌与官方入口,品牌词,品牌/官网/正版入口，路径短、转化快，重承接与信任,3.0,,,,百度统计真实流量,1,
458,WPS在线版本,品牌与官方入口,品牌词,品牌/官网/正版入口，路径短、转化快，重承接与信任,3.0,,,,百度统计真实流量,1,
459,w办公文档软件,品牌与官方入口,品牌词,品牌/官网/正版入口，路径短、转化快，重承接与信任,3.0,,,,百度统计真实流量,1,
460,wps linux版,品牌与官方入口,品牌词,品牌/官网/正版入口，路径短、转化快，重承接与信任,3.0,,,,百度统计真实流量,1,
461,VBA for WPS,品牌与官方入口,品牌词,品牌/官网/正版入口，路径短、转化快，重承接与信任,3.0,,,,百度统计真实流量,1,
462,wps人工在线客服,品牌与官方入口,品牌词,品牌/官网/正版入口，路径短、转化快，重承接与信任,3.0,,,,百度统计真实流量,1,
463,wps office客户端,品牌与官方入口,品牌词,品牌/官网/正版入口，路径短、转化快，重承接与信任,3.0,,,,百度统计真实流量,1,
464,wps网页版登入页面,品牌与官方入口,品牌词,品牌/官网/正版入口，路径短、转化快，重承接与信任,3.0,,,,百度统计真实流量,1,
465,wps电脑网页版入口,品牌与官方入口,品牌词,品牌/官网/正版入口，路径短、转化快，重承接与信任,3.0,,,,百度统计真实流量,1,
466,wps登录入口,品牌与官方入口,品牌词,品牌/官网/正版入口，路径短、转化快，重承接与信任,3.0,,,,百度统计真实流量,1,
467,WPSlinux版本,品牌与官方入口,品牌词,品牌/官网/正版入口，路径短、转化快，重承接与信任,3.0,,,,百度统计真实流量,1,
468,wps 32位,品牌与官方入口,品牌词,品牌/官网/正版入口，路径短、转化快，重承接与信任,3.0,,,,百度统计真实流量,1,
469,WPS Office 在线版,品牌与官方入口,品牌词,品牌/官网/正版入口，路径短、转化快，重承接与信任,3.0,,,,百度统计真实流量,1,
470,wps wps wps,品牌与官方入口,品牌词,品牌/官网/正版入口，路径短、转化快，重承接与信任,3.0,,,,百度统计真实流量,1,
471,wps登录,品牌与官方入口,品牌词,品牌/官网/正版入口，路径短、转化快，重承接与信任,3.0,,,,百度统计真实流量,1,
472,wps、、,品牌与官方入口,品牌词,品牌/官网/正版入口，路径短、转化快，重承接与信任,3.0,,,,百度统计真实流量,1,
473,wps2026专业版,品牌与官方入口,品牌词,品牌/官网/正版入口，路径短、转化快，重承接与信任,3.0,,,,百度统计真实流量,1,
474,wps适合win8,品牌与官方入口,品牌词,品牌/官网/正版入口，路径短、转化快，重承接与信任,3.0,,,,百度统计真实流量,1,
475,www.wps.n,品牌与官方入口,品牌词,品牌/官网/正版入口，路径短、转化快，重承接与信任,3.0,,,,百度统计真实流量,1,
476,http://www.wps.cn/product/wps2016/,品牌与官方入口,品牌词,品牌/官网/正版入口，路径短、转化快，重承接与信任,3.0,,,,百度统计真实流量,1,
477,wpsoffice客户端,品牌与官方入口,品牌词,品牌/官网/正版入口，路径短、转化快，重承接与信任,3.0,,,,百度统计真实流量,1,
478,WPS工具,品牌与官方入口,品牌词,品牌/官网/正版入口，路径短、转化快，重承接与信任,3.0,,,,百度统计真实流量,1,
479,`wps,品牌与官方入口,品牌词,品牌/官网/正版入口，路径短、转化快，重承接与信任,3.0,,,,百度统计真实流量,1,
480,WPS 在线网页版,品牌与官方入口,品牌词,品牌/官网/正版入口，路径短、转化快，重承接与信任,3.0,,,,百度统计真实流量,1,
481,电脑wps office,品牌与官方入口,品牌词,品牌/官网/正版入口，路径短、转化快，重承接与信任,3.0,,,,百度统计真实流量,1,
482,wps vba插件,品牌与官方入口,品牌词,品牌/官网/正版入口，路径短、转化快，重承接与信任,3.0,,,,百度统计真实流量,1,
483,在线wps编辑,品牌与官方入口,品牌词,品牌/官网/正版入口，路径短、转化快，重承接与信任,3.0,,,,百度统计真实流量,1,
484,wps office、,品牌与官方入口,品牌词,品牌/官网/正版入口，路径短、转化快，重承接与信任,3.0,,,,百度统计真实流量,1,
485,wps网页版登录,品牌与官方入口,品牌词,品牌/官网/正版入口，路径短、转化快，重承接与信任,3.0,,,,百度统计真实流量,1,
486,www.WPS.cn,品牌与官方入口,品牌词,品牌/官网/正版入口，路径短、转化快，重承接与信任,3.0,,,,百度统计真实流量,1,
487,金山WPS Office办公软件,品牌与官方入口,品牌词,品牌/官网/正版入口，路径短、转化快，重承接与信任,3.0,,,,百度统计真实流量,1,
488,、wps,品牌与官方入口,品牌词,品牌/官网/正版入口，路径短、转化快，重承接与信任,3.0,,,,百度统计真实流量,1,
489,WPS excel,品牌与官方入口,品牌词,品牌/官网/正版入口，路径短、转化快，重承接与信任,3.0,,,,百度统计真实流量,1,
490,WPS编辑器,品牌与官方入口,品牌词,品牌/官网/正版入口，路径短、转化快，重承接与信任,3.0,,,,百度统计真实流量,1,
491,wps大陆版,品牌与官方入口,品牌词,品牌/官网/正版入口，路径短、转化快，重承接与信任,3.0,,,,百度统计真实流量,1,
492,啊、、wps,品牌与官方入口,品牌词,品牌/官网/正版入口，路径短、转化快，重承接与信任,3.0,,,,百度统计真实流量,1,
493,wps office online,品牌与官方入口,品牌词,品牌/官网/正版入口，路径短、转化快，重承接与信任,3.0,,,,百度统计真实流量,1,
494,wps更新到最新版本,品牌与官方入口,品牌词,品牌/官网/正版入口，路径短、转化快，重承接与信任,3.0,,,,百度统计真实流量,1,
495,wpsofflce,品牌与官方入口,品牌词,品牌/官网/正版入口，路径短、转化快，重承接与信任,3.0,,,,百度统计真实流量,1,
496,WPS.COM,品牌与官方入口,品牌词,品牌/官网/正版入口，路径短、转化快，重承接与信任,3.0,,,,百度统计真实流量,1,
497,wps逛网,品牌与官方入口,品牌词,品牌/官网/正版入口，路径短、转化快，重承接与信任,3.0,,,,百度统计真实流量,1,
498,wps comate,品牌与官方入口,品牌词,品牌/官网/正版入口，路径短、转化快，重承接与信任,3.0,,,,百度统计真实流量,1,
499,wps 文字,品牌与官方入口,品牌词,品牌/官网/正版入口，路径短、转化快，重承接与信任,3.0,,,,百度统计真实流量,1,
500,文档wps,品牌与官方入口,品牌词,品牌/官网/正版入口，路径短、转化快，重承接与信任,3.0,,,,百度统计真实流量,1,
501,wps 精简版,品牌与官方入口,品牌词,品牌/官网/正版入口，路径短、转化快，重承接与信任,3.0,,,,百度统计真实流量,1,
502,https//www.wps.cn,品牌与官方入口,品牌词,品牌/官网/正版入口，路径短、转化快，重承接与信任,3.0,,,,百度统计真实流量,1,
503,金山办公网页版,品牌与官方入口,品牌词,品牌/官网/正版入口，路径短、转化快，重承接与信任,3.0,,,,百度统计真实流量,1,
504,WPS路,品牌与官方入口,品牌词,品牌/官网/正版入口，路径短、转化快，重承接与信任,3.0,,,,百度统计真实流量,1,
505,WPSoffic,品牌与官方入口,品牌词,品牌/官网/正版入口，路径短、转化快，重承接与信任,3.0,,,,百度统计真实流量,1,
506,WPS VBA模块,品牌与官方入口,品牌词,品牌/官网/正版入口，路径短、转化快，重承接与信任,3.0,,,,百度统计真实流量,1,
507,金山wps网页版,品牌与官方入口,品牌词,品牌/官网/正版入口，路径短、转化快，重承接与信任,3.0,,,,百度统计真实流量,1,
508,我WPS,品牌与官方入口,品牌词,品牌/官网/正版入口，路径短、转化快，重承接与信任,3.0,,,,百度统计真实流量,1,
509,office WPS,品牌与官方入口,品牌词,品牌/官网/正版入口，路径短、转化快，重承接与信任,3.0,,,,百度统计真实流量,1,
510,WPS pdf,品牌与官方入口,品牌词,品牌/官网/正版入口，路径短、转化快，重承接与信任,3.0,,,,百度统计真实流量,1,
511,WPS Office(个人版),品牌与官方入口,品牌词,品牌/官网/正版入口，路径短、转化快，重承接与信任,3.0,,,,百度统计真实流量,1,
512,wps offIce,品牌与官方入口,品牌词,品牌/官网/正版入口，路径短、转化快，重承接与信任,3.0,,,,百度统计真实流量,1,
513,https://www.wps.com,品牌与官方入口,品牌词,品牌/官网/正版入口，路径短、转化快，重承接与信任,3.0,,,,百度统计真实流量,1,
514,https://official-package.wps.cn/wps/wps_windows/WPSSetup.exe,品牌与官方入口,品牌词,品牌/官网/正版入口，路径短、转化快，重承接与信任,3.0,,,,百度统计真实流量,1,
515,WPS精简版,品牌与官方入口,品牌词,品牌/官网/正版入口，路径短、转化快，重承接与信任,3.0,,,,百度统计真实流量,1,
516,金山在线wps,品牌与官方入口,品牌词,品牌/官网/正版入口，路径短、转化快，重承接与信任,3.0,,,,百度统计真实流量,1,
517,wpsofficexp版,品牌与官方入口,品牌词,品牌/官网/正版入口，路径短、转化快，重承接与信任,3.0,,,,百度统计真实流量,1,
518,64位WPS,品牌与官方入口,品牌词,品牌/官网/正版入口，路径短、转化快，重承接与信任,3.0,,,,百度统计真实流量,1,
519,"www,wps,cn",品牌与官方入口,品牌词,品牌/官网/正版入口，路径短、转化快，重承接与信任,3.0,,,,百度统计真实流量,1,
520,wps·cn,品牌与官方入口,品牌词,品牌/官网/正版入口，路径短、转化快，重承接与信任,3.0,,,,百度统计真实流量,1,
521,WPS云盘登录入口,品牌与官方入口,品牌词,品牌/官网/正版入口，路径短、转化快，重承接与信任,3.0,,,,百度统计真实流量,1,
522,wps;,品牌与官方入口,品牌词,品牌/官网/正版入口，路径短、转化快，重承接与信任,3.0,,,,百度统计真实流量,1,
523,wps首页,品牌与官方入口,品牌词,品牌/官网/正版入口，路径短、转化快，重承接与信任,3.0,,,,百度统计真实流量,1,
524,WPS文档在线,品牌与官方入口,品牌词,品牌/官网/正版入口，路径短、转化快，重承接与信任,3.0,,,,百度统计真实流量,1,
525,Excel/WPS,品牌与官方入口,品牌词,品牌/官网/正版入口，路径短、转化快，重承接与信任,3.0,,,,百度统计真实流量,1,
526,excelwps,品牌与官方入口,品牌词,品牌/官网/正版入口，路径短、转化快，重承接与信任,3.0,,,,百度统计真实流量,1,
527,wps网页版入口直接打开,品牌与官方入口,品牌词,品牌/官网/正版入口，路径短、转化快，重承接与信任,3.0,,,,百度统计真实流量,1,
528,wps網頁版,品牌与官方入口,品牌词,品牌/官网/正版入口，路径短、转化快，重承接与信任,3.0,,,,百度统计真实流量,1,
529,wps PDF,品牌与官方入口,品牌词,品牌/官网/正版入口，路径短、转化快，重承接与信任,3.0,,,,百度统计真实流量,1,
530,WPS协作网页版,品牌与官方入口,品牌词,品牌/官网/正版入口，路径短、转化快，重承接与信任,3.0,,,,百度统计真实流量,1,
531,wps政企版,品牌与官方入口,品牌词,品牌/官网/正版入口，路径短、转化快，重承接与信任,3.0,,,,百度统计真实流量,1,
532,wps图片工具,品牌与官方入口,品牌词,品牌/官网/正版入口，路径短、转化快，重承接与信任,3.0,,,,百度统计真实流量,1,
533,www.wps .cn,品牌与官方入口,品牌词,品牌/官网/正版入口，路径短、转化快，重承接与信任,3.0,,,,百度统计真实流量,1,
534,wps visio,品牌与官方入口,品牌词,品牌/官网/正版入口，路径短、转化快，重承接与信任,3.0,,,,百度统计真实流量,1,
535,搜wps,品牌与官方入口,品牌词,品牌/官网/正版入口，路径短、转化快，重承接与信任,3.0,,,,百度统计真实流量,1,
536,金山办公WPS,品牌与官方入口,品牌词,品牌/官网/正版入口，路径短、转化快，重承接与信任,3.0,,,,百度统计真实流量,1,
537,excel wps,品牌与官方入口,品牌词,品牌/官网/正版入口，路径短、转化快，重承接与信任,3.0,,,,百度统计真实流量,1,
538,wps线上版本,品牌与官方入口,品牌词,品牌/官网/正版入口，路径短、转化快，重承接与信任,3.0,,,,百度统计真实流量,1,
539,wps国际版,品牌与官方入口,品牌词,品牌/官网/正版入口，路径短、转化快，重承接与信任,3.0,,,,百度统计真实流量,1,
540,WWW.WPS.C,品牌与官方入口,品牌词,品牌/官网/正版入口，路径短、转化快，重承接与信任,3.0,,,,百度统计真实流量,1,
541,wpsPPT,品牌与官方入口,品牌词,品牌/官网/正版入口，路径短、转化快，重承接与信任,3.0,,,,百度统计真实流量,1,
542,wps 金山,品牌与官方入口,品牌词,品牌/官网/正版入口，路径短、转化快，重承接与信任,3.0,,,,百度统计真实流量,1,
543,WPs Office,品牌与官方入口,品牌词,品牌/官网/正版入口，路径短、转化快，重承接与信任,3.0,,,,百度统计真实流量,1,
544,wps tv版 apk,品牌与官方入口,品牌词,品牌/官网/正版入口，路径短、转化快，重承接与信任,3.0,,,,百度统计真实流量,1,
545,WPS 客户端,品牌与官方入口,品牌词,品牌/官网/正版入口，路径短、转化快，重承接与信任,3.0,,,,百度统计真实流量,1,
546,wps基础版,品牌与官方入口,品牌词,品牌/官网/正版入口，路径短、转化快，重承接与信任,3.0,,,,百度统计真实流量,1,
547,wps vba,品牌与官方入口,品牌词,品牌/官网/正版入口，路径短、转化快，重承接与信任,3.0,,,,百度统计真实流量,1,
548,wps表格在线版本,品牌与官方入口,品牌词,品牌/官网/正版入口，路径短、转化快，重承接与信任,3.0,,,,百度统计真实流量,1,
549,WPSOffice在线版,品牌与官方入口,品牌词,品牌/官网/正版入口，路径短、转化快，重承接与信任,3.0,,,,百度统计真实流量,1,
550,办公软件ws,品牌与官方入口,品牌词,品牌/官网/正版入口，路径短、转化快，重承接与信任,3.0,,,,百度统计真实流量,1,
551,金山WPS网页版,品牌与官方入口,品牌词,品牌/官网/正版入口，路径短、转化快，重承接与信任,3.0,,,,百度统计真实流量,1,
552,WPS Office 2016,品牌与官方入口,品牌词,品牌/官网/正版入口，路径短、转化快，重承接与信任,3.0,,,,百度统计真实流量,1,
553,WPS Office 客户端,品牌与官方入口,品牌词,品牌/官网/正版入口，路径短、转化快，重承接与信任,3.0,,,,百度统计真实流量,1,
554,www.wps.conm,品牌与官方入口,品牌词,品牌/官网/正版入口，路径短、转化快，重承接与信任,3.0,,,,百度统计真实流量,1,
555,www.wps.colm,品牌与官方入口,品牌词,品牌/官网/正版入口，路径短、转化快，重承接与信任,3.0,,,,百度统计真实流量,1,
556,最新版wps,品牌与官方入口,品牌词,品牌/官网/正版入口，路径短、转化快，重承接与信任,2.0,,,,百度统计真实流量,1,
557,WPs网页版,品牌与官方入口,品牌词,品牌/官网/正版入口，路径短、转化快，重承接与信任,2.0,,,,百度统计真实流量,1,
558,android wps,品牌与官方入口,品牌词,品牌/官网/正版入口，路径短、转化快，重承接与信任,2.0,,,,百度统计真实流量,1,
559,WPS 首页,品牌与官方入口,品牌词,品牌/官网/正版入口，路径短、转化快，重承接与信任,2.0,,,,百度统计真实流量,1,
560,wps. cn,品牌与官方入口,品牌词,品牌/官网/正版入口，路径短、转化快，重承接与信任,2.0,,,,百度统计真实流量,1,
561,wps下早,品牌与官方入口,品牌词,品牌/官网/正版入口，路径短、转化快，重承接与信任,2.0,,,,百度统计真实流量,1,
562,wps oFFICE,品牌与官方入口,品牌词,品牌/官网/正版入口，路径短、转化快，重承接与信任,2.0,,,,百度统计真实流量,1,
563,wps所有版本,品牌与官方入口,品牌词,品牌/官网/正版入口，路径短、转化快，重承接与信任,2.0,,,,百度统计真实流量,1,
564,wps协作在线,品牌与官方入口,品牌词,品牌/官网/正版入口，路径短、转化快，重承接与信任,2.0,,,,百度统计真实流量,1,
565,WPS学生,品牌与官方入口,品牌词,品牌/官网/正版入口，路径短、转化快，重承接与信任,2.0,,,,百度统计真实流量,1,
566,WPS纯净版,品牌与官方入口,品牌词,品牌/官网/正版入口，路径短、转化快，重承接与信任,2.0,,,,百度统计真实流量,1,
567,WPS政府版,品牌与官方入口,品牌词,品牌/官网/正版入口，路径短、转化快，重承接与信任,2.0,,,,百度统计真实流量,1,
568,wps offiice,品牌与官方入口,品牌词,品牌/官网/正版入口，路径短、转化快，重承接与信任,2.0,,,,百度统计真实流量,1,
569,wpsguanwag,品牌与官方入口,品牌词,品牌/官网/正版入口，路径短、转化快，重承接与信任,2.0,,,,百度统计真实流量,1,
570,WPS最新个人版本,品牌与官方入口,品牌词,品牌/官网/正版入口，路径短、转化快，重承接与信任,2.0,,,,百度统计真实流量,1,
571,wps 2026,品牌与官方入口,品牌词,品牌/官网/正版入口，路径短、转化快，重承接与信任,2.0,,,,百度统计真实流量,1,
572,WPS Office在线版,品牌与官方入口,品牌词,品牌/官网/正版入口，路径短、转化快，重承接与信任,2.0,,,,百度统计真实流量,1,
573,wps应用,品牌与官方入口,品牌词,品牌/官网/正版入口，路径短、转化快，重承接与信任,2.0,,,,百度统计真实流量,1,
574,365wps,品牌与官方入口,品牌词,品牌/官网/正版入口，路径短、转化快，重承接与信任,2.0,,,,百度统计真实流量,1,
575,WPS最新版本,品牌与官方入口,品牌词,品牌/官网/正版入口，路径短、转化快，重承接与信任,2.0,,,,百度统计真实流量,1,
576,wps在线登录,品牌与官方入口,品牌词,品牌/官网/正版入口，路径短、转化快，重承接与信任,2.0,,,,百度统计真实流量,1,
577,WPS?,品牌与官方入口,品牌词,品牌/官网/正版入口，路径短、转化快，重承接与信任,2.0,,,,百度统计真实流量,1,
578,WPS Offic,品牌与官方入口,品牌词,品牌/官网/正版入口，路径短、转化快，重承接与信任,2.0,,,,百度统计真实流量,1,
579,wps office在线版,品牌与官方入口,品牌词,品牌/官网/正版入口，路径短、转化快，重承接与信任,2.0,,,,百度统计真实流量,1,
580,https://wps.cn,品牌与官方入口,品牌词,品牌/官网/正版入口，路径短、转化快，重承接与信任,2.0,,,,百度统计真实流量,1,
581,wps office64位,品牌与官方入口,品牌词,品牌/官网/正版入口，路径短、转化快，重承接与信任,2.0,,,,百度统计真实流量,1,
582,https://platform.wps.cn/2023/,品牌与官方入口,品牌词,品牌/官网/正版入口，路径短、转化快，重承接与信任,2.0,,,,百度统计真实流量,1,
583,在线办办公软件,品牌与官方入口,品牌词,品牌/官网/正版入口，路径短、转化快，重承接与信任,2.0,,,,百度统计真实流量,1,
584,WPS最新无广告无插件版,品牌与官方入口,品牌词,品牌/官网/正版入口，路径短、转化快，重承接与信任,2.0,,,,百度统计真实流量,1,
585,www.wpscom,品牌与官方入口,品牌词,品牌/官网/正版入口，路径短、转化快，重承接与信任,2.0,,,,百度统计真实流量,1,
586,WPS文字app,品牌与官方入口,品牌词,品牌/官网/正版入口，路径短、转化快，重承接与信任,2.0,,,,百度统计真实流量,1,
587,wps移动端,品牌与官方入口,品牌词,品牌/官网/正版入口，路径短、转化快，重承接与信任,2.0,,,,百度统计真实流量,1,
588,www.wps.cnWPS,品牌与官方入口,品牌词,品牌/官网/正版入口，路径短、转化快，重承接与信任,2.0,,,,百度统计真实流量,1,
589,www.wps..cn,品牌与官方入口,品牌词,品牌/官网/正版入口，路径短、转化快，重承接与信任,2.0,,,,百度统计真实流量,1,
590,WPS完整版,品牌与官方入口,品牌词,品牌/官网/正版入口，路径短、转化快，重承接与信任,2.0,,,,百度统计真实流量,1,
591,WPS 2026,品牌与官方入口,品牌词,品牌/官网/正版入口，路径短、转化快，重承接与信任,2.0,,,,百度统计真实流量,1,
592,WPS word,品牌与官方入口,品牌词,品牌/官网/正版入口，路径短、转化快，重承接与信任,2.0,,,,百度统计真实流量,1,
593,wps 办公,品牌与官方入口,品牌词,品牌/官网/正版入口，路径短、转化快，重承接与信任,2.0,,,,百度统计真实流量,1,
594,wps 统信wps-office11.1.0.11664amd64,品牌与官方入口,品牌词,品牌/官网/正版入口，路径短、转化快，重承接与信任,2.0,,,,百度统计真实流量,1,
595,wps版,品牌与官方入口,品牌词,品牌/官网/正版入口，路径短、转化快，重承接与信任,2.0,,,,百度统计真实流量,1,
596,wps'‘’,品牌与官方入口,品牌词,品牌/官网/正版入口，路径短、转化快，重承接与信任,2.0,,,,百度统计真实流量,1,
597,wps客服在线咨询,品牌与官方入口,品牌词,品牌/官网/正版入口，路径短、转化快，重承接与信任,2.0,,,,百度统计真实流量,1,
598,wpsoffie,品牌与官方入口,品牌词,品牌/官网/正版入口，路径短、转化快，重承接与信任,2.0,,,,百度统计真实流量,1,
599,qwps,品牌与官方入口,品牌词,品牌/官网/正版入口，路径短、转化快，重承接与信任,2.0,,,,百度统计真实流量,1,
600,64位wps,品牌与官方入口,品牌词,品牌/官网/正版入口，路径短、转化快，重承接与信任,2.0,,,,百度统计真实流量,1,
601,WPS1,品牌与官方入口,品牌词,品牌/官网/正版入口，路径短、转化快，重承接与信任,2.0,,,,百度统计真实流量,1,
602,wps个人版本,品牌与官方入口,品牌词,品牌/官网/正版入口，路径短、转化快，重承接与信任,2.0,,,,百度统计真实流量,1,
603,https://www.wps..com,品牌与官方入口,品牌词,品牌/官网/正版入口，路径短、转化快，重承接与信任,2.0,,,,百度统计真实流量,1,
604,wps灵犀专业版,品牌与官方入口,品牌词,品牌/官网/正版入口，路径短、转化快，重承接与信任,2.0,,,,百度统计真实流量,1,
605,金山办公管网,品牌与官方入口,品牌词,品牌/官网/正版入口，路径短、转化快，重承接与信任,2.0,,,,百度统计真实流量,1,
606,WPS 在线工具,品牌与官方入口,品牌词,品牌/官网/正版入口，路径短、转化快，重承接与信任,2.0,,,,百度统计真实流量,1,
607,WPS app,品牌与官方入口,品牌词,品牌/官网/正版入口，路径短、转化快，重承接与信任,2.0,,,,百度统计真实流量,1,
608,WPS TV版,品牌与官方入口,品牌词,品牌/官网/正版入口，路径短、转化快，重承接与信任,2.0,,,,百度统计真实流量,1,
609,wps.cn、,品牌与官方入口,品牌词,品牌/官网/正版入口，路径短、转化快，重承接与信任,2.0,,,,百度统计真实流量,1,
610,wps 最新,品牌与官方入口,品牌词,品牌/官网/正版入口，路径短、转化快，重承接与信任,2.0,,,,百度统计真实流量,1,
611,wps在线版本,品牌与官方入口,品牌词,品牌/官网/正版入口，路径短、转化快，重承接与信任,2.0,,,,百度统计真实流量,1,
612,金山办公wps pdf,品牌与官方入口,品牌词,品牌/官网/正版入口，路径短、转化快，重承接与信任,2.0,,,,百度统计真实流量,1,
613,wps office 工具,品牌与官方入口,品牌词,品牌/官网/正版入口，路径短、转化快，重承接与信任,2.0,,,,百度统计真实流量,1,
614,wps office 个人,品牌与官方入口,品牌词,品牌/官网/正版入口，路径短、转化快，重承接与信任,2.0,,,,百度统计真实流量,1,
615,www.wps.ch,品牌与官方入口,品牌词,品牌/官网/正版入口，路径短、转化快，重承接与信任,2.0,,,,百度统计真实流量,1,
616,www:wps.cn,品牌与官方入口,品牌词,品牌/官网/正版入口，路径短、转化快，重承接与信任,2.0,,,,百度统计真实流量,1,
617,wps execl,品牌与官方入口,品牌词,品牌/官网/正版入口，路径短、转化快，重承接与信任,2.0,,,,百度统计真实流量,1,
618,wps极简版,品牌与官方入口,品牌词,品牌/官网/正版入口，路径短、转化快，重承接与信任,2.0,,,,百度统计真实流量,1,
619,wps在线表,品牌与官方入口,品牌词,品牌/官网/正版入口，路径短、转化快，重承接与信任,2.0,,,,百度统计真实流量,1,
620,WPS2019Linux,品牌与官方入口,品牌词,品牌/官网/正版入口，路径短、转化快，重承接与信任,2.0,,,,百度统计真实流量,1,
621,http://wps.cn,品牌与官方入口,品牌词,品牌/官网/正版入口，路径短、转化快，重承接与信任,2.0,,,,百度统计真实流量,1,
622,WPS新版,品牌与官方入口,品牌词,品牌/官网/正版入口，路径短、转化快，重承接与信任,2.0,,,,百度统计真实流量,1,
623,WPS最新,品牌与官方入口,品牌词,品牌/官网/正版入口，路径短、转化快，重承接与信任,2.0,,,,百度统计真实流量,1,
624,wps weboffice,品牌与官方入口,品牌词,品牌/官网/正版入口，路径短、转化快，重承接与信任,2.0,,,,百度统计真实流量,1,
625,WPS 在线 PPT,品牌与官方入口,品牌词,品牌/官网/正版入口，路径短、转化快，重承接与信任,2.0,,,,百度统计真实流量,1,
626,网页版的wps,品牌与官方入口,品牌词,品牌/官网/正版入口，路径短、转化快，重承接与信任,2.0,,,,百度统计真实流量,1,
627,www.wps/cn,品牌与官方入口,品牌词,品牌/官网/正版入口，路径短、转化快，重承接与信任,2.0,,,,百度统计真实流量,1,
628,WPS网页ban,品牌与官方入口,品牌词,品牌/官网/正版入口，路径短、转化快，重承接与信任,2.0,,,,百度统计真实流量,1,
629,WPS2029版,品牌与官方入口,品牌词,品牌/官网/正版入口，路径短、转化快，重承接与信任,2.0,,,,百度统计真实流量,1,
630,(www.wps.cn),品牌与官方入口,品牌词,品牌/官网/正版入口，路径短、转化快，重承接与信任,2.0,,,,百度统计真实流量,1,
631,wps365网页版,品牌与官方入口,品牌词,品牌/官网/正版入口，路径短、转化快，重承接与信任,2.0,,,,百度统计真实流量,1,
632,WPS官,品牌与官方入口,品牌词,品牌/官网/正版入口，路径短、转化快，重承接与信任,2.0,,,,百度统计真实流量,1,
633,wps】,品牌与官方入口,品牌词,品牌/官网/正版入口，路径短、转化快，重承接与信任,2.0,,,,百度统计真实流量,1,
634,WPS网页版登录入口,品牌与官方入口,品牌词,品牌/官网/正版入口，路径短、转化快，重承接与信任,2.0,,,,百度统计真实流量,1,
635,wps offcie,品牌与官方入口,品牌词,品牌/官网/正版入口，路径短、转化快，重承接与信任,2.0,,,,百度统计真实流量,1,
636,"www.wps.cn,",品牌与官方入口,品牌词,品牌/官网/正版入口，路径短、转化快，重承接与信任,2.0,,,,百度统计真实流量,1,
637,WPS单机版,品牌与官方入口,品牌词,品牌/官网/正版入口，路径短、转化快，重承接与信任,2.0,,,,百度统计真实流量,1,
638,wps老版本,品牌与官方入口,品牌词,品牌/官网/正版入口，路径短、转化快，重承接与信任,2.0,,,,百度统计真实流量,1,
639,wps账号登陆,品牌与官方入口,品牌词,品牌/官网/正版入口，路径短、转化快，重承接与信任,2.0,,,,百度统计真实流量,1,
640,WPS PRO,品牌与官方入口,品牌词,品牌/官网/正版入口，路径短、转化快，重承接与信任,2.0,,,,百度统计真实流量,1,
641,wordwps,品牌与官方入口,品牌词,品牌/官网/正版入口，路径短、转化快，重承接与信任,2.0,,,,百度统计真实流量,1,
642,wps 网站,品牌与官方入口,品牌词,品牌/官网/正版入口，路径短、转化快，重承接与信任,2.0,,,,百度统计真实流量,1,
643,wps老旧版本大全,品牌与官方入口,品牌词,品牌/官网/正版入口，路径短、转化快，重承接与信任,2.0,,,,百度统计真实流量,1,
644,wpsguanw,品牌与官方入口,品牌词,品牌/官网/正版入口，路径短、转化快，重承接与信任,2.0,,,,百度统计真实流量,1,
645,wps office管网,品牌与官方入口,品牌词,品牌/官网/正版入口，路径短、转化快，重承接与信任,2.0,,,,百度统计真实流量,1,
646,https www wps com,品牌与官方入口,品牌词,品牌/官网/正版入口，路径短、转化快，重承接与信任,2.0,,,,百度统计真实流量,1,
647,wps共享文档多人编辑,品牌与官方入口,品牌词,品牌/官网/正版入口，路径短、转化快，重承接与信任,2.0,,,,百度统计真实流量,1,
648,WPS国际版,品牌与官方入口,品牌词,品牌/官网/正版入口，路径短、转化快，重承接与信任,2.0,,,,百度统计真实流量,1,
649,WPS2026,品牌与官方入口,品牌词,品牌/官网/正版入口，路径短、转化快，重承接与信任,2.0,,,,百度统计真实流量,1,
650,wps在线登录入口网页版,品牌与官方入口,品牌词,品牌/官网/正版入口，路径短、转化快，重承接与信任,2.0,,,,百度统计真实流量,1,
651,jinshan wps,品牌与官方入口,品牌词,品牌/官网/正版入口，路径短、转化快，重承接与信任,2.0,,,,百度统计真实流量,1,
652,wps的客户端,品牌与官方入口,品牌词,品牌/官网/正版入口，路径短、转化快，重承接与信任,2.0,,,,百度统计真实流量,1,
653,wps账号注册,品牌与官方入口,品牌词,品牌/官网/正版入口，路径短、转化快，重承接与信任,2.0,,,,百度统计真实流量,1,
654,办公软件网站,品牌与官方入口,品牌词,品牌/官网/正版入口，路径短、转化快，重承接与信任,2.0,,,,百度统计真实流量,1,
655,wpx办公软件,品牌与官方入口,品牌词,品牌/官网/正版入口，路径短、转化快，重承接与信任,2.0,,,,百度统计真实流量,1,
656,wps+,品牌与官方入口,品牌词,品牌/官网/正版入口，路径短、转化快，重承接与信任,2.0,,,,百度统计真实流量,1,
657,微wps,品牌与官方入口,品牌词,品牌/官网/正版入口，路径短、转化快，重承接与信任,2.0,,,,百度统计真实流量,1,
658,wps网址,品牌与官方入口,品牌词,品牌/官网/正版入口，路径短、转化快，重承接与信任,2.0,,,,百度统计真实流量,1,
659,WPS专业版增强版,品牌与官方入口,品牌词,品牌/官网/正版入口，路径短、转化快，重承接与信任,2.0,,,,百度统计真实流量,1,
660,WPSOFFE,品牌与官方入口,品牌词,品牌/官网/正版入口，路径短、转化快，重承接与信任,2.0,,,,百度统计真实流量,1,
661,32位系统WPS,品牌与官方入口,品牌词,品牌/官网/正版入口，路径短、转化快，重承接与信任,2.0,,,,百度统计真实流量,1,
662,金山WPS OFFICE,品牌与官方入口,品牌词,品牌/官网/正版入口，路径短、转化快，重承接与信任,2.0,,,,百度统计真实流量,1,
663,wps在线文件,品牌与官方入口,品牌词,品牌/官网/正版入口，路径短、转化快，重承接与信任,2.0,,,,百度统计真实流量,1,
664,wps东莞市政府专用版,品牌与官方入口,品牌词,品牌/官网/正版入口，路径短、转化快，重承接与信任,2.0,,,,百度统计真实流量,1,
665,WPSPC,品牌与官方入口,品牌词,品牌/官网/正版入口，路径短、转化快，重承接与信任,2.0,,,,百度统计真实流量,1,
666,wps字体,品牌与官方入口,品牌词,品牌/官网/正版入口，路径短、转化快，重承接与信任,2.0,,,,百度统计真实流量,1,
667,wpsgaunwang,品牌与官方入口,品牌词,品牌/官网/正版入口，路径短、转化快，重承接与信任,2.0,,,,百度统计真实流量,1,
668,网页版WPS网页版,品牌与官方入口,品牌词,品牌/官网/正版入口，路径短、转化快，重承接与信任,2.0,,,,百度统计真实流量,1,
669,wps office最新,品牌与官方入口,品牌词,品牌/官网/正版入口，路径短、转化快，重承接与信任,2.0,,,,百度统计真实流量,1,
670,wps在线使用网页版,品牌与官方入口,品牌词,品牌/官网/正版入口，路径短、转化快，重承接与信任,2.0,,,,百度统计真实流量,1,
671,WPSPro,品牌与官方入口,品牌词,品牌/官网/正版入口，路径短、转化快，重承接与信任,2.0,,,,百度统计真实流量,1,
672,搜WPS,品牌与官方入口,品牌词,品牌/官网/正版入口，路径短、转化快，重承接与信任,2.0,,,,百度统计真实流量,1,
673,在线打开wps文件,品牌与官方入口,品牌词,品牌/官网/正版入口，路径短、转化快，重承接与信任,2.0,,,,百度统计真实流量,1,
674,Www .WPS.CN,品牌与官方入口,品牌词,品牌/官网/正版入口，路径短、转化快，重承接与信任,2.0,,,,百度统计真实流量,1,
675,www.wpsep.net,品牌与官方入口,品牌词,品牌/官网/正版入口，路径短、转化快，重承接与信任,2.0,,,,百度统计真实流量,1,
676,wpsoffine,品牌与官方入口,品牌词,品牌/官网/正版入口，路径短、转化快，重承接与信任,2.0,,,,百度统计真实流量,1,
677,WWW.WPS.CO,品牌与官方入口,品牌词,品牌/官网/正版入口，路径短、转化快，重承接与信任,2.0,,,,百度统计真实流量,1,
678,vba for wps,品牌与官方入口,品牌词,品牌/官网/正版入口，路径短、转化快，重承接与信任,2.0,,,,百度统计真实流量,1,
679,wps excel在线,品牌与官方入口,品牌词,品牌/官网/正版入口，路径短、转化快，重承接与信任,2.0,,,,百度统计真实流量,1,
680,WPS 表格,品牌与官方入口,品牌词,品牌/官网/正版入口，路径短、转化快，重承接与信任,2.0,,,,百度统计真实流量,1,
681,wps4,品牌与官方入口,品牌词,品牌/官网/正版入口，路径短、转化快，重承接与信任,2.0,,,,百度统计真实流量,1,
682,wps2014版,品牌与官方入口,品牌词,品牌/官网/正版入口，路径短、转化快，重承接与信任,2.0,,,,百度统计真实流量,1,
683,bwps网页版,品牌与官方入口,品牌词,品牌/官网/正版入口，路径短、转化快，重承接与信任,2.0,,,,百度统计真实流量,1,
684,wps新版,品牌与官方入口,品牌词,品牌/官网/正版入口，路径短、转化快，重承接与信任,2.0,,,,百度统计真实流量,1,
685,www。.wps.com,品牌与官方入口,品牌词,品牌/官网/正版入口，路径短、转化快，重承接与信任,2.0,,,,百度统计真实流量,1,
686,wps办公平台,品牌与官方入口,品牌词,品牌/官网/正版入口，路径短、转化快，重承接与信任,2.0,,,,百度统计真实流量,1,
687,WPS Office 表格,品牌与官方入口,品牌词,品牌/官网/正版入口，路径短、转化快，重承接与信任,2.0,,,,百度统计真实流量,1,
688,WPS OFFICE软件,品牌与官方入口,品牌词,品牌/官网/正版入口，路径短、转化快，重承接与信任,2.0,,,,百度统计真实流量,1,
689,金山麒麟WPS办公软件V11,品牌与官方入口,品牌词,品牌/官网/正版入口，路径短、转化快，重承接与信任,2.0,,,,百度统计真实流量,1,
690,wps中心,品牌与官方入口,品牌词,品牌/官网/正版入口，路径短、转化快，重承接与信任,2.0,,,,百度统计真实流量,1,
691,wpS office,品牌与官方入口,品牌词,品牌/官网/正版入口，路径短、转化快，重承接与信任,2.0,,,,百度统计真实流量,1,
692,wPS网页板,品牌与官方入口,品牌词,品牌/官网/正版入口，路径短、转化快，重承接与信任,2.0,,,,百度统计真实流量,1,
693,wps 协作版,品牌与官方入口,品牌词,品牌/官网/正版入口，路径短、转化快，重承接与信任,2.0,,,,百度统计真实流量,1,
694,www.wps.com/,品牌与官方入口,品牌词,品牌/官网/正版入口，路径短、转化快，重承接与信任,2.0,,,,百度统计真实流量,1,
695,wps linux x86,品牌与官方入口,品牌词,品牌/官网/正版入口，路径短、转化快，重承接与信任,2.0,,,,百度统计真实流量,1,
696,wps离线版本,品牌与官方入口,品牌词,品牌/官网/正版入口，路径短、转化快，重承接与信任,2.0,,,,百度统计真实流量,1,
697,www. WPS.CN,品牌与官方入口,品牌词,品牌/官网/正版入口，路径短、转化快，重承接与信任,2.0,,,,百度统计真实流量,1,
698,wps考试专用版,品牌与官方入口,品牌词,品牌/官网/正版入口，路径短、转化快，重承接与信任,2.0,,,,百度统计真实流量,1,
699,wps表格软件,品牌与官方入口,品牌词,品牌/官网/正版入口，路径短、转化快，重承接与信任,2.0,,,,百度统计真实流量,1,
700,WPS解压,品牌与官方入口,品牌词,品牌/官网/正版入口，路径短、转化快，重承接与信任,2.0,,,,百度统计真实流量,1,
701,wps卸载清理工具在哪,品牌与官方入口,品牌词,品牌/官网/正版入口，路径短、转化快，重承接与信任,2.0,,,,百度统计真实流量,1,
702,WPS visio,品牌与官方入口,品牌词,品牌/官网/正版入口，路径短、转化快，重承接与信任,2.0,,,,百度统计真实流量,1,
703,https://www.wps.com.cn/,品牌与官方入口,品牌词,品牌/官网/正版入口，路径短、转化快，重承接与信任,2.0,,,,百度统计真实流量,1,
704,wps 32位版,品牌与官方入口,品牌词,品牌/官网/正版入口，路径短、转化快，重承接与信任,2.0,,,,百度统计真实流量,1,
705,金山协作,品牌与官方入口,品牌词,品牌/官网/正版入口，路径短、转化快，重承接与信任,2.0,,,,百度统计真实流量,1,
706,wps云,品牌与官方入口,品牌词,品牌/官网/正版入口，路径短、转化快，重承接与信任,2.0,,,,百度统计真实流量,1,
707,pdf.wps.cn,品牌与官方入口,品牌词,品牌/官网/正版入口，路径短、转化快，重承接与信任,2.0,,,,百度统计真实流量,1,
708,金山OFFICE,品牌与官方入口,品牌词,品牌/官网/正版入口，路径短、转化快，重承接与信任,2.0,,,,百度统计真实流量,1,
709,Office WPS,品牌与官方入口,品牌词,品牌/官网/正版入口，路径短、转化快，重承接与信任,2.0,,,,百度统计真实流量,1,
710,wpsoffices,品牌与官方入口,品牌词,品牌/官网/正版入口，路径短、转化快，重承接与信任,2.0,,,,百度统计真实流量,1,
711,wps 国内版,品牌与官方入口,品牌词,品牌/官网/正版入口，路径短、转化快，重承接与信任,2.0,,,,百度统计真实流量,1,
712,WPS 2023 linux专业版,品牌与官方入口,品牌词,品牌/官网/正版入口，路径短、转化快，重承接与信任,2.0,,,,百度统计真实流量,1,
713,WPSProPlus,品牌与官方入口,品牌词,品牌/官网/正版入口，路径短、转化快，重承接与信任,2.0,,,,百度统计真实流量,1,
714,intitle:WPS,品牌与官方入口,品牌词,品牌/官网/正版入口，路径短、转化快，重承接与信任,2.0,,,,百度统计真实流量,1,
715,wsp金山,品牌与官方入口,品牌词,品牌/官网/正版入口，路径短、转化快，重承接与信任,2.0,,,,百度统计真实流量,1,
716,WPSpowerpoint,品牌与官方入口,品牌词,品牌/官网/正版入口，路径短、转化快，重承接与信任,2.0,,,,百度统计真实流量,1,
717,wps 安卓,品牌与官方入口,品牌词,品牌/官网/正版入口，路径短、转化快，重承接与信任,2.0,,,,百度统计真实流量,1,
718,wps office中文版,品牌与官方入口,品牌词,品牌/官网/正版入口，路径短、转化快，重承接与信任,2.0,,,,百度统计真实流量,1,
719,WPS在线 PPT 网页编辑器,品牌与官方入口,品牌词,品牌/官网/正版入口，路径短、转化快，重承接与信任,2.0,,,,百度统计真实流量,1,
720,wps‘’,品牌与官方入口,品牌词,品牌/官网/正版入口，路径短、转化快，重承接与信任,2.0,,,,百度统计真实流量,1,
721,wsp办公,品牌与官方入口,品牌词,品牌/官网/正版入口，路径短、转化快，重承接与信任,2.0,,,,百度统计真实流量,1,
722,WPS 多维表,品牌与官方入口,品牌词,品牌/官网/正版入口，路径短、转化快，重承接与信任,2.0,,,,百度统计真实流量,1,
723,WPS云空间,品牌与官方入口,品牌词,品牌/官网/正版入口，路径短、转化快，重承接与信任,2.0,,,,百度统计真实流量,1,
724,在线WPS文档,品牌与官方入口,品牌词,品牌/官网/正版入口，路径短、转化快，重承接与信任,2.0,,,,百度统计真实流量,1,
725,wps纯,品牌与官方入口,品牌词,品牌/官网/正版入口，路径短、转化快，重承接与信任,2.0,,,,百度统计真实流量,1,
726,.WPS,品牌与官方入口,品牌词,品牌/官网/正版入口，路径短、转化快，重承接与信任,2.0,,,,百度统计真实流量,1,
727,搜狗wps办公软件,品牌与官方入口,品牌词,品牌/官网/正版入口，路径短、转化快，重承接与信任,2.0,,,,百度统计真实流量,1,
728,网页版办公软件,品牌与官方入口,品牌词,品牌/官网/正版入口，路径短、转化快，重承接与信任,2.0,,,,百度统计真实流量,1,
729,WPS版,品牌与官方入口,品牌词,品牌/官网/正版入口，路径短、转化快，重承接与信任,2.0,,,,百度统计真实流量,1,
730,WPS客户,品牌与官方入口,品牌词,品牌/官网/正版入口，路径短、转化快，重承接与信任,2.0,,,,百度统计真实流量,1,
731,wpsofficepc端,品牌与官方入口,品牌词,品牌/官网/正版入口，路径短、转化快，重承接与信任,2.0,,,,百度统计真实流量,1,
732,wps gerenban,品牌与官方入口,品牌词,品牌/官网/正版入口，路径短、转化快，重承接与信任,2.0,,,,百度统计真实流量,1,
733,WPS2022版本,品牌与官方入口,品牌词,品牌/官网/正版入口，路径短、转化快，重承接与信任,2.0,,,,百度统计真实流量,1,
734,常用办公软件,品牌与官方入口,品牌词,品牌/官网/正版入口，路径短、转化快，重承接与信任,2.0,,,,百度统计真实流量,1,
735,wps在线ppt编辑,品牌与官方入口,品牌词,品牌/官网/正版入口，路径短、转化快，重承接与信任,2.0,,,,百度统计真实流量,1,
736,wps office最新版本,品牌与官方入口,品牌词,品牌/官网/正版入口，路径短、转化快，重承接与信任,2.0,,,,百度统计真实流量,1,
737,pc.wps.cn,品牌与官方入口,品牌词,品牌/官网/正版入口，路径短、转化快，重承接与信任,2.0,,,,百度统计真实流量,1,
738,WPS Office PC,品牌与官方入口,品牌词,品牌/官网/正版入口，路径短、转化快，重承接与信任,2.0,,,,百度统计真实流量,1,
739,麒麟wps,品牌与官方入口,品牌词,品牌/官网/正版入口，路径短、转化快，重承接与信任,2.0,,,,百度统计真实流量,1,
740,WPS麒麟版,品牌与官方入口,品牌词,品牌/官网/正版入口，路径短、转化快，重承接与信任,2.0,,,,百度统计真实流量,1,
741,在线表格WPS,品牌与官方入口,品牌词,品牌/官网/正版入口，路径短、转化快，重承接与信任,2.0,,,,百度统计真实流量,1,
742,wps专业版最新,品牌与官方入口,品牌词,品牌/官网/正版入口，路径短、转化快，重承接与信任,2.0,,,,百度统计真实流量,1,
743,wpsofficepc,品牌与官方入口,品牌词,品牌/官网/正版入口，路径短、转化快，重承接与信任,2.0,,,,百度统计真实流量,1,
744,cloud.wps.cn,品牌与官方入口,品牌词,品牌/官网/正版入口，路径短、转化快，重承接与信任,2.0,,,,百度统计真实流量,1,
745,wps最新正式版,品牌与官方入口,品牌词,品牌/官网/正版入口，路径短、转化快，重承接与信任,2.0,,,,百度统计真实流量,1,
746,wps在线网页版入口,品牌与官方入口,品牌词,品牌/官网/正版入口，路径短、转化快，重承接与信任,2.0,,,,百度统计真实流量,1,
747,=WPS,品牌与官方入口,品牌词,品牌/官网/正版入口，路径短、转化快，重承接与信任,2.0,,,,百度统计真实流量,1,
748,www.wps.cn金山,品牌与官方入口,品牌词,品牌/官网/正版入口，路径短、转化快，重承接与信任,2.0,,,,百度统计真实流量,1,
749,- WPS Office,品牌与官方入口,品牌词,品牌/官网/正版入口，路径短、转化快，重承接与信任,2.0,,,,百度统计真实流量,1,
750,https : //f.wps.cn/g/U4yqhrMN/,品牌与官方入口,品牌词,品牌/官网/正版入口，路径短、转化快，重承接与信任,2.0,,,,百度统计真实流量,1,
751,wps offce网页,品牌与官方入口,品牌词,品牌/官网/正版入口，路径短、转化快，重承接与信任,2.0,,,,百度统计真实流量,1,
752,http://www.wps.c,品牌与官方入口,品牌词,品牌/官网/正版入口，路径短、转化快，重承接与信任,2.0,,,,百度统计真实流量,1,
753,WPSoffice办公软件,品牌与官方入口,品牌词,品牌/官网/正版入口，路径短、转化快，重承接与信任,2.0,,,,百度统计真实流量,1,
754,https://www.wps,品牌与官方入口,品牌词,品牌/官网/正版入口，路径短、转化快，重承接与信任,2.0,,,,百度统计真实流量,1,
755,wps共享文档网页,品牌与官方入口,品牌词,品牌/官网/正版入口，路径短、转化快，重承接与信任,2.0,,,,百度统计真实流量,1,
756,https://dl.wps.cn/wps/wps_windows_free.exe,品牌与官方入口,品牌词,品牌/官网/正版入口，路径短、转化快，重承接与信任,2.0,,,,百度统计真实流量,1,
757,w'wps,品牌与官方入口,品牌词,品牌/官网/正版入口，路径短、转化快，重承接与信任,2.0,,,,百度统计真实流量,1,
758,国内WPS,品牌与官方入口,品牌词,品牌/官网/正版入口，路径短、转化快，重承接与信任,2.0,,,,百度统计真实流量,1,
759,wps32位和64位,品牌与官方入口,品牌词,品牌/官网/正版入口，路径短、转化快，重承接与信任,2.0,,,,百度统计真实流量,1,
760,http:wps.cn,品牌与官方入口,品牌词,品牌/官网/正版入口，路径短、转化快，重承接与信任,2.0,,,,百度统计真实流量,1,
761,www。.wps.cn/,品牌与官方入口,品牌词,品牌/官网/正版入口，路径短、转化快，重承接与信任,2.0,,,,百度统计真实流量,1,
762,office办公软件在线,品牌与官方入口,品牌词,品牌/官网/正版入口，路径短、转化快，重承接与信任,2.0,,,,百度统计真实流量,1,
763,WPS电脑专业版2026,品牌与官方入口,品牌词,品牌/官网/正版入口，路径短、转化快，重承接与信任,2.0,,,,百度统计真实流量,1,
764,WPS 协作,品牌与官方入口,品牌词,品牌/官网/正版入口，路径短、转化快，重承接与信任,2.0,,,,百度统计真实流量,1,
765,安卓wps,品牌与官方入口,品牌词,品牌/官网/正版入口，路径短、转化快，重承接与信任,2.0,,,,百度统计真实流量,1,
766,intitle:wps,品牌与官方入口,品牌词,品牌/官网/正版入口，路径短、转化快，重承接与信任,2.0,,,,百度统计真实流量,1,
767,WPS网盘,品牌与官方入口,品牌词,品牌/官网/正版入口，路径短、转化快，重承接与信任,2.0,,,,百度统计真实流量,1,
768,Wpsoffice,品牌与官方入口,品牌词,品牌/官网/正版入口，路径短、转化快，重承接与信任,2.0,,,,百度统计真实流量,1,
769,wps365登录,品牌与官方入口,品牌词,品牌/官网/正版入口，路径短、转化快，重承接与信任,2.0,,,,百度统计真实流量,1,
770,docs.wps.cn,品牌与官方入口,品牌词,品牌/官网/正版入口，路径短、转化快，重承接与信任,2.0,,,,百度统计真实流量,1,
771,wpsarm版,品牌与官方入口,品牌词,品牌/官网/正版入口，路径短、转化快，重承接与信任,2.0,,,,百度统计真实流量,1,
772,WPS tv,品牌与官方入口,品牌词,品牌/官网/正版入口，路径短、转化快，重承接与信任,2.0,,,,百度统计真实流量,1,
773,WPS 的,品牌与官方入口,品牌词,品牌/官网/正版入口，路径短、转化快，重承接与信任,2.0,,,,百度统计真实流量,1,
774,WPS 2021,品牌与官方入口,品牌词,品牌/官网/正版入口，路径短、转化快，重承接与信任,2.0,,,,百度统计真实流量,1,
775,wpsoffi,品牌与官方入口,品牌词,品牌/官网/正版入口，路径短、转化快，重承接与信任,2.0,,,,百度统计真实流量,1,
776,wps便签,品牌与官方入口,品牌词,品牌/官网/正版入口，路径短、转化快，重承接与信任,2.0,,,,百度统计真实流量,1,
777,wps网页1,品牌与官方入口,品牌词,品牌/官网/正版入口，路径短、转化快，重承接与信任,2.0,,,,百度统计真实流量,1,
778,WPS客服电话,品牌与官方入口,品牌词,品牌/官网/正版入口，路径短、转化快，重承接与信任,2.0,,,,百度统计真实流量,1,
779,3wps,品牌与官方入口,品牌词,品牌/官网/正版入口，路径短、转化快，重承接与信任,2.0,,,,百度统计真实流量,1,
780,wps office 10.8.0.5838,品牌与官方入口,品牌词,品牌/官网/正版入口，路径短、转化快，重承接与信任,2.0,,,,百度统计真实流量,1,
781,WPS看图,品牌与官方入口,品牌词,品牌/官网/正版入口，路径短、转化快，重承接与信任,2.0,,,,百度统计真实流量,1,
782,金山在线表格网页版,品牌与官方入口,品牌词,品牌/官网/正版入口，路径短、转化快，重承接与信任,2.0,,,,百度统计真实流量,1,
783,wpsoffice、,品牌与官方入口,品牌词,品牌/官网/正版入口，路径短、转化快，重承接与信任,2.0,,,,百度统计真实流量,1,
784,线上WPS网页版,品牌与官方入口,品牌词,品牌/官网/正版入口，路径短、转化快，重承接与信任,2.0,,,,百度统计真实流量,1,
785,微WPS,品牌与官方入口,品牌词,品牌/官网/正版入口，路径短、转化快，重承接与信任,2.0,,,,百度统计真实流量,1,
786,WPS历史版本 豌豆荚,品牌与官方入口,品牌词,品牌/官网/正版入口，路径短、转化快，重承接与信任,2.0,,,,百度统计真实流量,1,
787,WPS文档中心,品牌与官方入口,品牌词,品牌/官网/正版入口，路径短、转化快，重承接与信任,2.0,,,,百度统计真实流量,1,
788,WPS中心,品牌与官方入口,品牌词,品牌/官网/正版入口，路径短、转化快，重承接与信任,2.0,,,,百度统计真实流量,1,
789,WWW.WPS.cn,品牌与官方入口,品牌词,品牌/官网/正版入口，路径短、转化快，重承接与信任,2.0,,,,百度统计真实流量,1,
790,wwwwps.cn,品牌与官方入口,品牌词,品牌/官网/正版入口，路径短、转化快，重承接与信任,2.0,,,,百度统计真实流量,1,
791,wps 10.11.6,品牌与官方入口,品牌词,品牌/官网/正版入口，路径短、转化快，重承接与信任,2.0,,,,百度统计真实流量,1,
792,WPS..CN,品牌与官方入口,品牌词,品牌/官网/正版入口，路径短、转化快，重承接与信任,2.0,,,,百度统计真实流量,1,
793,wps 编辑office,品牌与官方入口,品牌词,品牌/官网/正版入口，路径短、转化快，重承接与信任,2.0,,,,百度统计真实流量,1,
794,金山办公comate,品牌与官方入口,品牌词,品牌/官网/正版入口，路径短、转化快，重承接与信任,2.0,,,,百度统计真实流量,1,
795,「WPS Office」,品牌与官方入口,品牌词,品牌/官网/正版入口，路径短、转化快，重承接与信任,2.0,,,,百度统计真实流量,1,
796,WPS共享文档主页,品牌与官方入口,品牌词,品牌/官网/正版入口，路径短、转化快，重承接与信任,2.0,,,,百度统计真实流量,1,
797,wps绘图,品牌与官方入口,品牌词,品牌/官网/正版入口，路径短、转化快，重承接与信任,2.0,,,,百度统计真实流量,1,
798,wps入口,品牌与官方入口,品牌词,品牌/官网/正版入口，路径短、转化快，重承接与信任,2.0,,,,百度统计真实流量,1,
799,WWW.WPSCN,品牌与官方入口,品牌词,品牌/官网/正版入口，路径短、转化快，重承接与信任,2.0,,,,百度统计真实流量,1,
800,wps协作版,品牌与官方入口,品牌词,品牌/官网/正版入口，路径短、转化快，重承接与信任,2.0,,,,百度统计真实流量,1,
801,wps for mac,品牌与官方入口,品牌词,品牌/官网/正版入口，路径短、转化快，重承接与信任,2.0,,,,百度统计真实流量,1,
802,http://wps.com.cn/,品牌与官方入口,品牌词,品牌/官网/正版入口，路径短、转化快，重承接与信任,2.0,,,,百度统计真实流量,1,
803,在线 WPS,品牌与官方入口,品牌词,品牌/官网/正版入口，路径短、转化快，重承接与信任,2.0,,,,百度统计真实流量,1,
804,wps.com.cn,品牌与官方入口,品牌词,品牌/官网/正版入口，路径短、转化快，重承接与信任,2.0,,,,百度统计真实流量,1,
805,网页版 WPS,品牌与官方入口,品牌词,品牌/官网/正版入口，路径短、转化快，重承接与信任,2.0,,,,百度统计真实流量,1,
806,wpsanzhuang,品牌与官方入口,品牌词,品牌/官网/正版入口，路径短、转化快，重承接与信任,2.0,,,,百度统计真实流量,1,
807,wps灵犀客户端,品牌与官方入口,品牌词,品牌/官网/正版入口，路径短、转化快，重承接与信任,2.0,,,,百度统计真实流量,1,
808,wps 首页,品牌与官方入口,品牌词,品牌/官网/正版入口，路径短、转化快，重承接与信任,2.0,,,,百度统计真实流量,1,
809,www.wps.cnn,品牌与官方入口,品牌词,品牌/官网/正版入口，路径短、转化快，重承接与信任,2.0,,,,百度统计真实流量,1,
810,wps在线网址,品牌与官方入口,品牌词,品牌/官网/正版入口，路径短、转化快，重承接与信任,2.0,,,,百度统计真实流量,1,
811,wps guan,品牌与官方入口,品牌词,品牌/官网/正版入口，路径短、转化快，重承接与信任,2.0,,,,百度统计真实流量,1,
812,"wps,.cn",品牌与官方入口,品牌词,品牌/官网/正版入口，路径短、转化快，重承接与信任,2.0,,,,百度统计真实流量,1,
813,wps.exe(WPS Office),品牌与官方入口,品牌词,品牌/官网/正版入口，路径短、转化快，重承接与信任,2.0,,,,百度统计真实流量,1,
814,https://www.WPS.CN,品牌与官方入口,品牌词,品牌/官网/正版入口，路径短、转化快，重承接与信任,2.0,,,,百度统计真实流量,1,
815,WPS PC客户端,品牌与官方入口,品牌词,品牌/官网/正版入口，路径短、转化快，重承接与信任,2.0,,,,百度统计真实流量,1,
816,金山WPS office,品牌与官方入口,品牌词,品牌/官网/正版入口，路径短、转化快，重承接与信任,2.0,,,,百度统计真实流量,1,
817,、WPS,品牌与官方入口,品牌词,品牌/官网/正版入口，路径短、转化快，重承接与信任,2.0,,,,百度统计真实流量,1,
818,wpspdf,品牌与官方入口,品牌词,品牌/官网/正版入口，路径短、转化快，重承接与信任,2.0,,,,百度统计真实流量,1,
819,https//:www.wps.cn,品牌与官方入口,品牌词,品牌/官网/正版入口，路径短、转化快，重承接与信任,2.0,,,,百度统计真实流量,1,
820,WPS office PC,品牌与官方入口,品牌词,品牌/官网/正版入口，路径短、转化快，重承接与信任,2.0,,,,百度统计真实流量,1,
821,wps独立版,品牌与官方入口,品牌词,品牌/官网/正版入口，路径短、转化快，重承接与信任,2.0,,,,百度统计真实流量,1,
822,wps政府机关专业版,品牌与官方入口,品牌词,品牌/官网/正版入口，路径短、转化快，重承接与信任,2.0,,,,百度统计真实流量,1,
823,wps office网址,品牌与官方入口,品牌词,品牌/官网/正版入口，路径短、转化快，重承接与信任,2.0,,,,百度统计真实流量,1,
824,WPS PPT 网页版,品牌与官方入口,品牌词,品牌/官网/正版入口，路径短、转化快，重承接与信任,2.0,,,,百度统计真实流量,1,
825,https://www.wps..cn,品牌与官方入口,品牌词,品牌/官网/正版入口，路径短、转化快，重承接与信任,2.0,,,,百度统计真实流量,1,
826,word wps,品牌与官方入口,品牌词,品牌/官网/正版入口，路径短、转化快，重承接与信任,2.0,,,,百度统计真实流量,1,
827,在线WPs,品牌与官方入口,品牌词,品牌/官网/正版入口，路径短、转化快，重承接与信任,2.0,,,,百度统计真实流量,1,
828,WPS / Word,品牌与官方入口,品牌词,品牌/官网/正版入口，路径短、转化快，重承接与信任,2.0,,,,百度统计真实流量,1,
829,WPS VBA,品牌与官方入口,品牌词,品牌/官网/正版入口，路径短、转化快，重承接与信任,2.0,,,,百度统计真实流量,1,
830,wps看图,品牌与官方入口,品牌词,品牌/官网/正版入口，路径短、转化快，重承接与信任,2.0,,,,百度统计真实流量,1,
831,wps政企,品牌与官方入口,品牌词,品牌/官网/正版入口，路径短、转化快，重承接与信任,2.0,,,,百度统计真实流量,1,
832,WPS OFFIce,品牌与官方入口,品牌词,品牌/官网/正版入口，路径短、转化快，重承接与信任,2.0,,,,百度统计真实流量,1,
833,wps office2022版,品牌与官方入口,品牌词,品牌/官网/正版入口，路径短、转化快，重承接与信任,2.0,,,,百度统计真实流量,1,
834,wps.dn,品牌与官方入口,品牌词,品牌/官网/正版入口，路径短、转化快，重承接与信任,2.0,,,,百度统计真实流量,1,
835,文WPS,品牌与官方入口,品牌词,品牌/官网/正版入口，路径短、转化快，重承接与信任,2.0,,,,百度统计真实流量,1,
836,wps office cn,品牌与官方入口,品牌词,品牌/官网/正版入口，路径短、转化快，重承接与信任,2.0,,,,百度统计真实流量,1,
837,wpsoffice软件,品牌与官方入口,品牌词,品牌/官网/正版入口，路径短、转化快，重承接与信任,2.0,,,,百度统计真实流量,1,
838,wps officwe,品牌与官方入口,品牌词,品牌/官网/正版入口，路径短、转化快，重承接与信任,1.0,,,,百度统计真实流量,1,
839,WPS共享文档在线使用,品牌与官方入口,品牌词,品牌/官网/正版入口，路径短、转化快，重承接与信任,1.0,,,,百度统计真实流量,1,
840,wps connect,品牌与官方入口,品牌词,品牌/官网/正版入口，路径短、转化快，重承接与信任,1.0,,,,百度统计真实流量,1,
841,ofd WPS,品牌与官方入口,品牌词,品牌/官网/正版入口，路径短、转化快，重承接与信任,1.0,,,,百度统计真实流量,1,
842,WPS个人最新版,品牌与官方入口,品牌词,品牌/官网/正版入口，路径短、转化快，重承接与信任,1.0,,,,百度统计真实流量,1,
843,https://i.wps.cn,品牌与官方入口,品牌词,品牌/官网/正版入口，路径短、转化快，重承接与信任,1.0,,,,百度统计真实流量,1,
844,wps在线修改,品牌与官方入口,品牌词,品牌/官网/正版入口，路径短、转化快，重承接与信任,1.0,,,,百度统计真实流量,1,
845,wps 插件市场,品牌与官方入口,品牌词,品牌/官网/正版入口，路径短、转化快，重承接与信任,1.0,,,,百度统计真实流量,1,
846,WPS字体替换,品牌与官方入口,品牌词,品牌/官网/正版入口，路径短、转化快，重承接与信任,1.0,,,,百度统计真实流量,1,
847,wps麒麟版本,品牌与官方入口,品牌词,品牌/官网/正版入口，路径短、转化快，重承接与信任,1.0,,,,百度统计真实流量,1,
848,wps365pro版,品牌与官方入口,品牌词,品牌/官网/正版入口，路径短、转化快，重承接与信任,1.0,,,,百度统计真实流量,1,
849,wps团队文档,品牌与官方入口,品牌词,品牌/官网/正版入口，路径短、转化快，重承接与信任,1.0,,,,百度统计真实流量,1,
850,wps office2023版,品牌与官方入口,品牌词,品牌/官网/正版入口，路径短、转化快，重承接与信任,1.0,,,,百度统计真实流量,1,
851,WPS 中国,品牌与官方入口,品牌词,品牌/官网/正版入口，路径短、转化快，重承接与信任,1.0,,,,百度统计真实流量,1,
852,ww.wps.cn,品牌与官方入口,品牌词,品牌/官网/正版入口，路径短、转化快，重承接与信任,1.0,,,,百度统计真实流量,1,
853,金山在线,品牌与官方入口,品牌词,品牌/官网/正版入口，路径短、转化快，重承接与信任,1.0,,,,百度统计真实流量,1,
854,wps线上表格,品牌与官方入口,品牌词,品牌/官网/正版入口，路径短、转化快，重承接与信任,1.0,,,,百度统计真实流量,1,
855,WPS办公资源门户,品牌与官方入口,品牌词,品牌/官网/正版入口，路径短、转化快，重承接与信任,1.0,,,,百度统计真实流量,1,
856,wps极速版,品牌与官方入口,品牌词,品牌/官网/正版入口，路径短、转化快，重承接与信任,1.0,,,,百度统计真实流量,1,
857,wpsexcel,品牌与官方入口,品牌词,品牌/官网/正版入口，路径短、转化快，重承接与信任,1.0,,,,百度统计真实流量,1,
858,=wps,品牌与官方入口,品牌词,品牌/官网/正版入口，路径短、转化快，重承接与信任,1.0,,,,百度统计真实流量,1,
859,WPS 网络版,品牌与官方入口,品牌词,品牌/官网/正版入口，路径短、转化快，重承接与信任,1.0,,,,百度统计真实流量,1,
860,WPS国内版,品牌与官方入口,品牌词,品牌/官网/正版入口，路径短、转化快，重承接与信任,1.0,,,,百度统计真实流量,1,
861,wps网页版登录入口网址,品牌与官方入口,品牌词,品牌/官网/正版入口，路径短、转化快，重承接与信任,1.0,,,,百度统计真实流量,1,
862,+wps,品牌与官方入口,品牌词,品牌/官网/正版入口，路径短、转化快，重承接与信任,1.0,,,,百度统计真实流量,1,
863,wps 网络版,品牌与官方入口,品牌词,品牌/官网/正版入口，路径短、转化快，重承接与信任,1.0,,,,百度统计真实流量,1,
864,:wps,品牌与官方入口,品牌词,品牌/官网/正版入口，路径短、转化快，重承接与信任,1.0,,,,百度统计真实流量,1,
865,wps官,品牌与官方入口,品牌词,品牌/官网/正版入口，路径短、转化快，重承接与信任,1.0,,,,百度统计真实流量,1,
866,wps协作网页版在线使用,品牌与官方入口,品牌词,品牌/官网/正版入口，路径短、转化快，重承接与信任,1.0,,,,百度统计真实流量,1,
867,;wps,品牌与官方入口,品牌词,品牌/官网/正版入口，路径短、转化快，重承接与信任,1.0,,,,百度统计真实流量,1,
868,wps website,品牌与官方入口,品牌词,品牌/官网/正版入口，路径短、转化快，重承接与信任,1.0,,,,百度统计真实流量,1,
869,WPS online,品牌与官方入口,品牌词,品牌/官网/正版入口，路径短、转化快，重承接与信任,1.0,,,,百度统计真实流量,1,
870,wps无广告版,品牌与官方入口,品牌词,品牌/官网/正版入口，路径短、转化快，重承接与信任,1.0,,,,百度统计真实流量,1,
871,wps电子文档,品牌与官方入口,品牌词,品牌/官网/正版入口，路径短、转化快，重承接与信任,1.0,,,,百度统计真实流量,1,
872,wps最新政府版,品牌与官方入口,品牌词,品牌/官网/正版入口，路径短、转化快，重承接与信任,1.0,,,,百度统计真实流量,1,
873,wps表格网页版,品牌与官方入口,品牌词,品牌/官网/正版入口，路径短、转化快，重承接与信任,1.0,,,,百度统计真实流量,1,
874,金山 WPS,品牌与官方入口,品牌词,品牌/官网/正版入口，路径短、转化快，重承接与信任,1.0,,,,百度统计真实流量,1,
875,wps共享,品牌与官方入口,品牌词,品牌/官网/正版入口，路径短、转化快，重承接与信任,1.0,,,,百度统计真实流量,1,
876,WPS],品牌与官方入口,品牌词,品牌/官网/正版入口，路径短、转化快，重承接与信任,1.0,,,,百度统计真实流量,1,
877,wps+协作,品牌与官方入口,品牌词,品牌/官网/正版入口，路径短、转化快，重承接与信任,1.0,,,,百度统计真实流量,1,
878,麒麟系统WPS,品牌与官方入口,品牌词,品牌/官网/正版入口，路径短、转化快，重承接与信任,1.0,,,,百度统计真实流量,1,
879,WPS2021,品牌与官方入口,品牌词,品牌/官网/正版入口，路径短、转化快，重承接与信任,1.0,,,,百度统计真实流量,1,
880,wps ppt在线,品牌与官方入口,品牌词,品牌/官网/正版入口，路径短、转化快，重承接与信任,1.0,,,,百度统计真实流量,1,
881,wpsq,品牌与官方入口,品牌词,品牌/官网/正版入口，路径短、转化快，重承接与信任,1.0,,,,百度统计真实流量,1,
882,·wps,品牌与官方入口,品牌词,品牌/官网/正版入口，路径短、转化快，重承接与信任,1.0,,,,百度统计真实流量,1,
883,金山办公客服电话,品牌与官方入口,品牌词,品牌/官网/正版入口，路径短、转化快，重承接与信任,1.0,,,,百度统计真实流量,1,
884,wps office表格,品牌与官方入口,品牌词,品牌/官网/正版入口，路径短、转化快，重承接与信任,1.0,,,,百度统计真实流量,1,
885,WWWWPS,品牌与官方入口,品牌词,品牌/官网/正版入口，路径短、转化快，重承接与信任,1.0,,,,百度统计真实流量,1,
886,wps pc端,品牌与官方入口,品牌词,品牌/官网/正版入口，路径短、转化快，重承接与信任,1.0,,,,百度统计真实流量,1,
887,WPS Office。,品牌与官方入口,品牌词,品牌/官网/正版入口，路径短、转化快，重承接与信任,1.0,,,,百度统计真实流量,1,
888,WPS电脑端,品牌与官方入口,品牌词,品牌/官网/正版入口，路径短、转化快，重承接与信任,1.0,,,,百度统计真实流量,1,
889,wpsexceli,品牌与官方入口,品牌词,品牌/官网/正版入口，路径短、转化快，重承接与信任,1.0,,,,百度统计真实流量,1,
890,wpsqffice,品牌与官方入口,品牌词,品牌/官网/正版入口，路径短、转化快，重承接与信任,1.0,,,,百度统计真实流量,1,
891,wps 个人版 linux版,品牌与官方入口,品牌词,品牌/官网/正版入口，路径短、转化快，重承接与信任,1.0,,,,百度统计真实流量,1,
892,wpsxiaza,品牌与官方入口,品牌词,品牌/官网/正版入口，路径短、转化快，重承接与信任,1.0,,,,百度统计真实流量,1,
893,WPS 商业订阅版,品牌与官方入口,品牌词,品牌/官网/正版入口，路径短、转化快，重承接与信任,1.0,,,,百度统计真实流量,1,
894,wps 网址,品牌与官方入口,品牌词,品牌/官网/正版入口，路径短、转化快，重承接与信任,1.0,,,,百度统计真实流量,1,
895,wps2025专业版,品牌与官方入口,品牌词,品牌/官网/正版入口，路径短、转化快，重承接与信任,1.0,,,,百度统计真实流量,1,
896,wps win10版,品牌与官方入口,品牌词,品牌/官网/正版入口，路径短、转化快，重承接与信任,1.0,,,,百度统计真实流量,1,
897,WPS图片 6.0.0.1,品牌与官方入口,品牌词,品牌/官网/正版入口，路径短、转化快，重承接与信任,1.0,,,,百度统计真实流量,1,
898,wps在线office,品牌与官方入口,品牌词,品牌/官网/正版入口，路径短、转化快，重承接与信任,1.0,,,,百度统计真实流量,1,
899,金山wpsoffice,品牌与官方入口,品牌词,品牌/官网/正版入口，路径短、转化快，重承接与信任,1.0,,,,百度统计真实流量,1,
900,WPS政企版,品牌与官方入口,品牌词,品牌/官网/正版入口，路径短、转化快，重承接与信任,1.0,,,,百度统计真实流量,1,
901,wps 冬季版,品牌与官方入口,品牌词,品牌/官网/正版入口，路径短、转化快，重承接与信任,1.0,,,,百度统计真实流量,1,
902,完全版wps,品牌与官方入口,品牌词,品牌/官网/正版入口，路径短、转化快，重承接与信任,1.0,,,,百度统计真实流量,1,
903,oofficewps,品牌与官方入口,品牌词,品牌/官网/正版入口，路径短、转化快，重承接与信任,1.0,,,,百度统计真实流量,1,
904,WPSOffICE,品牌与官方入口,品牌词,品牌/官网/正版入口，路径短、转化快，重承接与信任,1.0,,,,百度统计真实流量,1,
905,百度一下你就知道wps,品牌与官方入口,品牌词,品牌/官网/正版入口，路径短、转化快，重承接与信任,1.0,,,,百度统计真实流量,1,
906,统信UOS系统 WPS 字体,品牌与官方入口,品牌词,品牌/官网/正版入口，路径短、转化快，重承接与信任,1.0,,,,百度统计真实流量,1,
907,WPS简版,品牌与官方入口,品牌词,品牌/官网/正版入口，路径短、转化快，重承接与信任,1.0,,,,百度统计真实流量,1,
908,欢迎使用WPSOfficye,品牌与官方入口,品牌词,品牌/官网/正版入口，路径短、转化快，重承接与信任,1.0,,,,百度统计真实流量,1,
909,www.wps office.com,品牌与官方入口,品牌词,品牌/官网/正版入口，路径短、转化快，重承接与信任,1.0,,,,百度统计真实流量,1,
910,wpsuos版,品牌与官方入口,品牌词,品牌/官网/正版入口，路径短、转化快，重承接与信任,1.0,,,,百度统计真实流量,1,
911,wpsgwang,品牌与官方入口,品牌词,品牌/官网/正版入口，路径短、转化快，重承接与信任,1.0,,,,百度统计真实流量,1,
912,wps windows7版本,品牌与官方入口,品牌词,品牌/官网/正版入口，路径短、转化快，重承接与信任,1.0,,,,百度统计真实流量,1,
913,wps网站登录入口,品牌与官方入口,品牌词,品牌/官网/正版入口，路径短、转化快，重承接与信任,1.0,,,,百度统计真实流量,1,
914,WPS OFFICE个人版,品牌与官方入口,品牌词,品牌/官网/正版入口，路径短、转化快，重承接与信任,1.0,,,,百度统计真实流量,1,
915,SWPS.CN,品牌与官方入口,品牌词,品牌/官网/正版入口，路径短、转化快，重承接与信任,1.0,,,,百度统计真实流量,1,
916,weWPS,品牌与官方入口,品牌词,品牌/官网/正版入口，路径短、转化快，重承接与信任,1.0,,,,百度统计真实流量,1,
917,在线WPS文档编辑器,品牌与官方入口,品牌词,品牌/官网/正版入口，路径短、转化快，重承接与信任,1.0,,,,百度统计真实流量,1,
918,WPS软件2022年版,品牌与官方入口,品牌词,品牌/官网/正版入口，路径短、转化快，重承接与信任,1.0,,,,百度统计真实流量,1,
919,wps共享文档网页版,品牌与官方入口,品牌词,品牌/官网/正版入口，路径短、转化快，重承接与信任,1.0,,,,百度统计真实流量,1,
920,仿宋_GB2312 wps,品牌与官方入口,品牌词,品牌/官网/正版入口，路径短、转化快，重承接与信任,1.0,,,,百度统计真实流量,1,
921,金山WPS网页版入口,品牌与官方入口,品牌词,品牌/官网/正版入口，路径短、转化快，重承接与信任,1.0,,,,百度统计真实流量,1,
922,wps简洁版电脑,品牌与官方入口,品牌词,品牌/官网/正版入口，路径短、转化快，重承接与信任,1.0,,,,百度统计真实流量,1,
923,WPS文件在线,品牌与官方入口,品牌词,品牌/官网/正版入口，路径短、转化快，重承接与信任,1.0,,,,百度统计真实流量,1,
924,wps 简版,品牌与官方入口,品牌词,品牌/官网/正版入口，路径短、转化快，重承接与信任,1.0,,,,百度统计真实流量,1,
925,wps 版本,品牌与官方入口,品牌词,品牌/官网/正版入口，路径短、转化快，重承接与信任,1.0,,,,百度统计真实流量,1,
926,WPS 学堂,品牌与官方入口,品牌词,品牌/官网/正版入口，路径短、转化快，重承接与信任,1.0,,,,百度统计真实流量,1,
927,WPS 2024,品牌与官方入口,品牌词,品牌/官网/正版入口，路径短、转化快，重承接与信任,1.0,,,,百度统计真实流量,1,
928,WPS2019专业版,品牌与官方入口,品牌词,品牌/官网/正版入口，路径短、转化快，重承接与信任,1.0,,,,百度统计真实流量,1,
929,wps12.8.2版本,品牌与官方入口,品牌词,品牌/官网/正版入口，路径短、转化快，重承接与信任,1.0,,,,百度统计真实流量,1,
930,wps个人arm版,品牌与官方入口,品牌词,品牌/官网/正版入口，路径短、转化快，重承接与信任,1.0,,,,百度统计真实流量,1,
931,wps windows8,品牌与官方入口,品牌词,品牌/官网/正版入口，路径短、转化快，重承接与信任,1.0,,,,百度统计真实流量,1,
932,WPS 在线版:,品牌与官方入口,品牌词,品牌/官网/正版入口，路径短、转化快，重承接与信任,1.0,,,,百度统计真实流量,1,
933,WPS 麒麟版,品牌与官方入口,品牌词,品牌/官网/正版入口，路径短、转化快，重承接与信任,1.0,,,,百度统计真实流量,1,
934,wps 单机版,品牌与官方入口,品牌词,品牌/官网/正版入口，路径短、转化快，重承接与信任,1.0,,,,百度统计真实流量,1,
935,WPS字体库,品牌与官方入口,品牌词,品牌/官网/正版入口，路径短、转化快，重承接与信任,1.0,,,,百度统计真实流量,1,
936,wpsppt在线,品牌与官方入口,品牌词,品牌/官网/正版入口，路径短、转化快，重承接与信任,1.0,,,,百度统计真实流量,1,
937,WPS浏览器,品牌与官方入口,品牌词,品牌/官网/正版入口，路径短、转化快，重承接与信任,1.0,,,,百度统计真实流量,1,
938,offic wps,品牌与官方入口,品牌词,品牌/官网/正版入口，路径短、转化快，重承接与信任,1.0,,,,百度统计真实流量,1,
939,wpsforpad,品牌与官方入口,品牌词,品牌/官网/正版入口，路径短、转化快，重承接与信任,1.0,,,,百度统计真实流量,1,
940,wps软,品牌与官方入口,品牌词,品牌/官网/正版入口，路径短、转化快，重承接与信任,1.0,,,,百度统计真实流量,1,
941,金山Wps,品牌与官方入口,品牌词,品牌/官网/正版入口，路径短、转化快，重承接与信任,1.0,,,,百度统计真实流量,1,
942,wewps,品牌与官方入口,品牌词,品牌/官网/正版入口，路径短、转化快，重承接与信任,1.0,,,,百度统计真实流量,1,
943,WPS 文档网页版,品牌与官方入口,品牌词,品牌/官网/正版入口，路径短、转化快，重承接与信任,1.0,,,,百度统计真实流量,1,
944,WPScffce,品牌与官方入口,品牌词,品牌/官网/正版入口，路径短、转化快，重承接与信任,1.0,,,,百度统计真实流量,1,
945,wps在线表格入口,品牌与官方入口,品牌词,品牌/官网/正版入口，路径短、转化快，重承接与信任,1.0,,,,百度统计真实流量,1,
946,wps mac 中国版,品牌与官方入口,品牌词,品牌/官网/正版入口，路径短、转化快，重承接与信任,1.0,,,,百度统计真实流量,1,
947,wps word文档在线,品牌与官方入口,品牌词,品牌/官网/正版入口，路径短、转化快，重承接与信任,1.0,,,,百度统计真实流量,1,
948,wps可以解压压缩包吗,品牌与官方入口,品牌词,品牌/官网/正版入口，路径短、转化快，重承接与信任,1.0,,,,百度统计真实流量,1,
949,金山pdf专业版麒麟,品牌与官方入口,品牌词,品牌/官网/正版入口，路径短、转化快，重承接与信任,1.0,,,,百度统计真实流量,1,
950,金山办公网页版网址,品牌与官方入口,品牌词,品牌/官网/正版入口，路径短、转化快，重承接与信任,1.0,,,,百度统计真实流量,1,
951,2023wps,品牌与官方入口,品牌词,品牌/官网/正版入口，路径短、转化快，重承接与信任,1.0,,,,百度统计真实流量,1,
952,wps10,品牌与官方入口,品牌词,品牌/官网/正版入口，路径短、转化快，重承接与信任,1.0,,,,百度统计真实流量,1,
953,wpsword在线,品牌与官方入口,品牌词,品牌/官网/正版入口，路径短、转化快，重承接与信任,1.0,,,,百度统计真实流量,1,
954,金山办公广网,品牌与官方入口,品牌词,品牌/官网/正版入口，路径短、转化快，重承接与信任,1.0,,,,百度统计真实流量,1,
955,办公文档软件W,品牌与官方入口,品牌词,品牌/官网/正版入口，路径短、转化快，重承接与信任,1.0,,,,百度统计真实流量,1,
956,压缩软件wps,品牌与官方入口,品牌词,品牌/官网/正版入口，路径短、转化快，重承接与信任,1.0,,,,百度统计真实流量,1,
957,WPS VBA 模块,品牌与官方入口,品牌词,品牌/官网/正版入口，路径短、转化快，重承接与信任,1.0,,,,百度统计真实流量,1,
958,WPS Offce.lnk,品牌与官方入口,品牌词,品牌/官网/正版入口，路径短、转化快，重承接与信任,1.0,,,,百度统计真实流量,1,
959,wps中文网,品牌与官方入口,品牌词,品牌/官网/正版入口，路径短、转化快，重承接与信任,1.0,,,,百度统计真实流量,1,
960,简易版wps,品牌与官方入口,品牌词,品牌/官网/正版入口，路径短、转化快，重承接与信任,1.0,,,,百度统计真实流量,1,
961,wps.office,品牌与官方入口,品牌词,品牌/官网/正版入口，路径短、转化快，重承接与信任,1.0,,,,百度统计真实流量,1,
962,WPSoffiec,品牌与官方入口,品牌词,品牌/官网/正版入口，路径短、转化快，重承接与信任,1.0,,,,百度统计真实流量,1,
963,wps win10,品牌与官方入口,品牌词,品牌/官网/正版入口，路径短、转化快，重承接与信任,1.0,,,,百度统计真实流量,1,
964,WSP office办公软件,品牌与官方入口,品牌词,品牌/官网/正版入口，路径短、转化快，重承接与信任,1.0,,,,百度统计真实流量,1,
965,wps专业,品牌与官方入口,品牌词,品牌/官网/正版入口，路径短、转化快，重承接与信任,1.0,,,,百度统计真实流量,1,
966,https://www wps.cn,品牌与官方入口,品牌词,品牌/官网/正版入口，路径短、转化快，重承接与信任,1.0,,,,百度统计真实流量,1,
967,WPS Office 软件,品牌与官方入口,品牌词,品牌/官网/正版入口，路径短、转化快，重承接与信任,1.0,,,,百度统计真实流量,1,
968,wps cloud files cachedata,品牌与官方入口,品牌词,品牌/官网/正版入口，路径短、转化快，重承接与信任,1.0,,,,百度统计真实流量,1,
969,WPS在线文件,品牌与官方入口,品牌词,品牌/官网/正版入口，路径短、转化快，重承接与信任,1.0,,,,百度统计真实流量,1,
970,PDF WPS,品牌与官方入口,品牌词,品牌/官网/正版入口，路径短、转化快，重承接与信任,1.0,,,,百度统计真实流量,1,
971,wps备份中心,品牌与官方入口,品牌词,品牌/官网/正版入口，路径短、转化快，重承接与信任,1.0,,,,百度统计真实流量,1,
972,WPS在哪找,品牌与官方入口,品牌词,品牌/官网/正版入口，路径短、转化快，重承接与信任,1.0,,,,百度统计真实流量,1,
973,wps离线包,品牌与官方入口,品牌词,品牌/官网/正版入口，路径短、转化快，重承接与信任,1.0,,,,百度统计真实流量,1,
974,wps低版本,品牌与官方入口,品牌词,品牌/官网/正版入口，路径短、转化快，重承接与信任,1.0,,,,百度统计真实流量,1,
975,WPS 联通版,品牌与官方入口,品牌词,品牌/官网/正版入口，路径短、转化快，重承接与信任,1.0,,,,百度统计真实流量,1,
976,WPS 64位版,品牌与官方入口,品牌词,品牌/官网/正版入口，路径短、转化快，重承接与信任,1.0,,,,百度统计真实流量,1,
977,Wps演示,品牌与官方入口,品牌词,品牌/官网/正版入口，路径短、转化快，重承接与信任,1.0,,,,百度统计真实流量,1,
978,wps office网址是多少,品牌与官方入口,品牌词,品牌/官网/正版入口，路径短、转化快，重承接与信任,1.0,,,,百度统计真实流量,1,
979,WPS office guanwang,品牌与官方入口,品牌词,品牌/官网/正版入口，路径短、转化快，重承接与信任,1.0,,,,百度统计真实流量,1,
980,wpsw'p,品牌与官方入口,品牌词,品牌/官网/正版入口，路径短、转化快，重承接与信任,1.0,,,,百度统计真实流量,1,
981,https://www.wps.cn/product/wpslinux,品牌与官方入口,品牌词,品牌/官网/正版入口，路径短、转化快，重承接与信任,1.0,,,,百度统计真实流量,1,
982,wwpsps,品牌与官方入口,品牌词,品牌/官网/正版入口，路径短、转化快，重承接与信任,1.0,,,,百度统计真实流量,1,
983,WPS单机无网络版,品牌与官方入口,品牌词,品牌/官网/正版入口，路径短、转化快，重承接与信任,1.0,,,,百度统计真实流量,1,
984,WPSOffice网页版,品牌与官方入口,品牌词,品牌/官网/正版入口，路径短、转化快，重承接与信任,1.0,,,,百度统计真实流量,1,
985,wpsfoofice网页版,品牌与官方入口,品牌词,品牌/官网/正版入口，路径短、转化快，重承接与信任,1.0,,,,百度统计真实流量,1,
986,WPS Office 首页,品牌与官方入口,品牌词,品牌/官网/正版入口，路径短、转化快，重承接与信任,1.0,,,,百度统计真实流量,1,
987,WPS个人版最新版本15712（win8.1专用版）,品牌与官方入口,品牌词,品牌/官网/正版入口，路径短、转化快，重承接与信任,1.0,,,,百度统计真实流量,1,
988,wps wiindows xp,品牌与官方入口,品牌词,品牌/官网/正版入口，路径短、转化快，重承接与信任,1.0,,,,百度统计真实流量,1,
989,wps共享文档在线地址,品牌与官方入口,品牌词,品牌/官网/正版入口，路径短、转化快，重承接与信任,1.0,,,,百度统计真实流量,1,
990,wps-office.com,品牌与官方入口,品牌词,品牌/官网/正版入口，路径短、转化快，重承接与信任,1.0,,,,百度统计真实流量,1,
991,wps 在线服务,品牌与官方入口,品牌词,品牌/官网/正版入口，路径短、转化快，重承接与信任,1.0,,,,百度统计真实流量,1,
992,WPS 网站,品牌与官方入口,品牌词,品牌/官网/正版入口，路径短、转化快，重承接与信任,1.0,,,,百度统计真实流量,1,
993,wps 表格软件,品牌与官方入口,品牌词,品牌/官网/正版入口，路径短、转化快，重承接与信任,1.0,,,,百度统计真实流量,1,
994,wps网页版登陆,品牌与官方入口,品牌词,品牌/官网/正版入口，路径短、转化快，重承接与信任,1.0,,,,百度统计真实流量,1,
995,pc版wps 安卓,品牌与官方入口,品牌词,品牌/官网/正版入口，路径短、转化快，重承接与信任,1.0,,,,百度统计真实流量,1,
996,金山wps 最新,品牌与官方入口,品牌词,品牌/官网/正版入口，路径短、转化快，重承接与信任,1.0,,,,百度统计真实流量,1,
997,在线版本wps,品牌与官方入口,品牌词,品牌/官网/正版入口，路径短、转化快，重承接与信任,1.0,,,,百度统计真实流量,1,
998,wps2019Linux,品牌与官方入口,品牌词,品牌/官网/正版入口，路径短、转化快，重承接与信任,1.0,,,,百度统计真实流量,1,
999,wps共享ppt多人编辑,品牌与官方入口,品牌词,品牌/官网/正版入口，路径短、转化快，重承接与信任,1.0,,,,百度统计真实流量,1,
1000,WpS网页版,品牌与官方入口,品牌词,品牌/官网/正版入口，路径短、转化快，重承接与信任,1.0,,,,百度统计真实流量,1,
1001,WPS离线版,品牌与官方入口,品牌词,品牌/官网/正版入口，路径短、转化快，重承接与信任,1.0,,,,百度统计真实流量,1,
1002,WPS蒙文版,品牌与官方入口,品牌词,品牌/官网/正版入口，路径短、转化快，重承接与信任,1.0,,,,百度统计真实流量,1,
1003,wps苹果版,品牌与官方入口,品牌词,品牌/官网/正版入口，路径短、转化快，重承接与信任,1.0,,,,百度统计真实流量,1,
1004,WPS统信版,品牌与官方入口,品牌词,品牌/官网/正版入口，路径短、转化快，重承接与信任,1.0,,,,百度统计真实流量,1,
1005,教育版WPS,品牌与官方入口,品牌词,品牌/官网/正版入口，路径短、转化快，重承接与信任,1.0,,,,百度统计真实流量,1,
1006,WPS excle,品牌与官方入口,品牌词,品牌/官网/正版入口，路径短、转化快，重承接与信任,1.0,,,,百度统计真实流量,1,
1007,wpsqiyeban,品牌与官方入口,品牌词,品牌/官网/正版入口，路径短、转化快，重承接与信任,1.0,,,,百度统计真实流量,1,
1008,https://office.wps.cn,品牌与官方入口,品牌词,品牌/官网/正版入口，路径短、转化快，重承接与信任,1.0,,,,百度统计真实流量,1,
1009,wps office 2023官,品牌与官方入口,品牌词,品牌/官网/正版入口，路径短、转化快，重承接与信任,1.0,,,,百度统计真实流量,1,
1010,WPs软件,品牌与官方入口,品牌词,品牌/官网/正版入口，路径短、转化快，重承接与信任,1.0,,,,百度统计真实流量,1,
1011,统信WPS,品牌与官方入口,品牌词,品牌/官网/正版入口，路径短、转化快，重承接与信任,1.0,,,,百度统计真实流量,1,
1012,微信WPS,品牌与官方入口,品牌词,品牌/官网/正版入口，路径短、转化快，重承接与信任,1.0,,,,百度统计真实流量,1,
1013,64位 WPS,品牌与官方入口,品牌词,品牌/官网/正版入口，路径短、转化快，重承接与信任,1.0,,,,百度统计真实流量,1,
1014,WPSwold,品牌与官方入口,品牌词,品牌/官网/正版入口，路径短、转化快，重承接与信任,1.0,,,,百度统计真实流量,1,
1015,wpss\,品牌与官方入口,品牌词,品牌/官网/正版入口，路径短、转化快，重承接与信任,1.0,,,,百度统计真实流量,1,
1016,wps office光网,品牌与官方入口,品牌词,品牌/官网/正版入口，路径短、转化快，重承接与信任,1.0,,,,百度统计真实流量,1,
1017,wps VBA 编辑器,品牌与官方入口,品牌词,品牌/官网/正版入口，路径短、转化快，重承接与信任,1.0,,,,百度统计真实流量,1,
1018,WPS\\,品牌与官方入口,品牌词,品牌/官网/正版入口，路径短、转化快，重承接与信任,1.0,,,,百度统计真实流量,1,
1019,WPS office网页版,品牌与官方入口,品牌词,品牌/官网/正版入口，路径短、转化快，重承接与信任,1.0,,,,百度统计真实流量,1,
1020,word文档在线wps,品牌与官方入口,品牌词,品牌/官网/正版入口，路径短、转化快，重承接与信任,1.0,,,,百度统计真实流量,1,
1021,电脑上wpsoffce,品牌与官方入口,品牌词,品牌/官网/正版入口，路径短、转化快，重承接与信任,1.0,,,,百度统计真实流量,1,
1022,2021WPS,品牌与官方入口,品牌词,品牌/官网/正版入口，路径短、转化快，重承接与信任,1.0,,,,百度统计真实流量,1,
1023,wpsoffice2025年最新版本,品牌与官方入口,品牌词,品牌/官网/正版入口，路径短、转化快，重承接与信任,1.0,,,,百度统计真实流量,1,
1024,WPS/Word,品牌与官方入口,品牌词,品牌/官网/正版入口，路径短、转化快，重承接与信任,1.0,,,,百度统计真实流量,1,
1025,wps.co,品牌与官方入口,品牌词,品牌/官网/正版入口，路径短、转化快，重承接与信任,1.0,,,,百度统计真实流量,1,
1026,wps网页版入口链接,品牌与官方入口,品牌词,品牌/官网/正版入口，路径短、转化快，重承接与信任,1.0,,,,百度统计真实流量,1,
1027,wps共享文档网页端,品牌与官方入口,品牌词,品牌/官网/正版入口，路径短、转化快，重承接与信任,1.0,,,,百度统计真实流量,1,
1028,wps 图片,品牌与官方入口,品牌词,品牌/官网/正版入口，路径短、转化快，重承接与信任,1.0,,,,百度统计真实流量,1,
1029,wps ofic,品牌与官方入口,品牌词,品牌/官网/正版入口，路径短、转化快，重承接与信任,1.0,,,,百度统计真实流量,1,
1030,WPs 线上,品牌与官方入口,品牌词,品牌/官网/正版入口，路径短、转化快，重承接与信任,1.0,,,,百度统计真实流量,1,
1031,WPS .COM,品牌与官方入口,品牌词,品牌/官网/正版入口，路径短、转化快，重承接与信任,1.0,,,,百度统计真实流量,1,
1032,WPS TV,品牌与官方入口,品牌词,品牌/官网/正版入口，路径短、转化快，重承接与信任,1.0,,,,百度统计真实流量,1,
1033,办公表格软件,品牌与官方入口,品牌词,品牌/官网/正版入口，路径短、转化快，重承接与信任,1.0,,,,百度统计真实流量,1,
1034,WPS专业增强版,品牌与官方入口,品牌词,品牌/官网/正版入口，路径短、转化快，重承接与信任,1.0,,,,百度统计真实流量,1,
1035,办公运用软件,品牌与官方入口,品牌词,品牌/官网/正版入口，路径短、转化快，重承接与信任,1.0,,,,百度统计真实流量,1,
1036,wps仿宋_GB2312,品牌与官方入口,品牌词,品牌/官网/正版入口，路径短、转化快，重承接与信任,1.0,,,,百度统计真实流量,1,
1037,wps project,品牌与官方入口,品牌词,品牌/官网/正版入口，路径短、转化快，重承接与信任,1.0,,,,百度统计真实流量,1,
1038,www路WPS.cn,品牌与官方入口,品牌词,品牌/官网/正版入口，路径短、转化快，重承接与信任,1.0,,,,百度统计真实流量,1,
1039,WPs个人版,品牌与官方入口,品牌词,品牌/官网/正版入口，路径短、转化快，重承接与信任,1.0,,,,百度统计真实流量,1,
1040,"wps, 64位",品牌与官方入口,品牌词,品牌/官网/正版入口，路径短、转化快，重承接与信任,1.0,,,,百度统计真实流量,1,
1041,UOS 的wps,品牌与官方入口,品牌词,品牌/官网/正版入口，路径短、转化快，重承接与信任,1.0,,,,百度统计真实流量,1,
1042,Office wps,品牌与官方入口,品牌词,品牌/官网/正版入口，路径短、转化快，重承接与信任,1.0,,,,百度统计真实流量,1,
1043,wpsoffics,品牌与官方入口,品牌词,品牌/官网/正版入口，路径短、转化快，重承接与信任,1.0,,,,百度统计真实流量,1,
1044,WPSOffIce,品牌与官方入口,品牌词,品牌/官网/正版入口，路径短、转化快，重承接与信任,1.0,,,,百度统计真实流量,1,
1045,WPS 64bit,品牌与官方入口,品牌词,品牌/官网/正版入口，路径短、转化快，重承接与信任,1.0,,,,百度统计真实流量,1,
1046,wps  excle,品牌与官方入口,品牌词,品牌/官网/正版入口，路径短、转化快，重承接与信任,1.0,,,,百度统计真实流量,1,
1047,www.wps.xn,品牌与官方入口,品牌词,品牌/官网/正版入口，路径短、转化快，重承接与信任,1.0,,,,百度统计真实流量,1,
1048,wps快查,品牌与官方入口,品牌词,品牌/官网/正版入口，路径短、转化快，重承接与信任,1.0,,,,百度统计真实流量,1,
1049,wps.cn正贝【钱多多】功击琏戏@qdd2000葁贝青倥搜录膏架叟亮,品牌与官方入口,品牌词,品牌/官网/正版入口，路径短、转化快，重承接与信任,1.0,,,,百度统计真实流量,1,
1050,https://pc.wps.cn/,品牌与官方入口,品牌词,品牌/官网/正版入口，路径短、转化快，重承接与信任,1.0,,,,百度统计真实流量,1,
1051,wpsX64位,品牌与官方入口,品牌词,品牌/官网/正版入口，路径短、转化快，重承接与信任,1.0,,,,百度统计真实流量,1,
1052,WPS excel在线版,品牌与官方入口,品牌词,品牌/官网/正版入口，路径短、转化快，重承接与信任,1.0,,,,百度统计真实流量,1,
1053,http://ww.wps.cn/,品牌与官方入口,品牌词,品牌/官网/正版入口，路径短、转化快，重承接与信任,1.0,,,,百度统计真实流量,1,
1054,Wps365,品牌与官方入口,品牌词,品牌/官网/正版入口，路径短、转化快，重承接与信任,1.0,,,,百度统计真实流量,1,
1055,wps64位版本,品牌与官方入口,品牌词,品牌/官网/正版入口，路径短、转化快，重承接与信任,1.0,,,,百度统计真实流量,1,
1056,wps云字体,品牌与官方入口,品牌词,品牌/官网/正版入口，路径短、转化快，重承接与信任,1.0,,,,百度统计真实流量,1,
1057,WPS工作版,品牌与官方入口,品牌词,品牌/官网/正版入口，路径短、转化快，重承接与信任,1.0,,,,百度统计真实流量,1,
1058,www.wps.cn..,品牌与官方入口,品牌词,品牌/官网/正版入口，路径短、转化快，重承接与信任,1.0,,,,百度统计真实流量,1,
1059,WPS TV 版,品牌与官方入口,品牌词,品牌/官网/正版入口，路径短、转化快，重承接与信任,1.0,,,,百度统计真实流量,1,
1060,wPSoffice,品牌与官方入口,品牌词,品牌/官网/正版入口，路径短、转化快，重承接与信任,1.0,,,,百度统计真实流量,1,
1061,WPSOFFICe,品牌与官方入口,品牌词,品牌/官网/正版入口，路径短、转化快，重承接与信任,1.0,,,,百度统计真实流量,1,
1062,办公工具,品牌与官方入口,品牌词,品牌/官网/正版入口，路径短、转化快，重承接与信任,1.0,,,,百度统计真实流量,1,
1063,WPS·,品牌与官方入口,品牌词,品牌/官网/正版入口，路径短、转化快，重承接与信任,1.0,,,,百度统计真实流量,1,
1064,wpsffice,品牌与官方入口,品牌词,品牌/官网/正版入口，路径短、转化快，重承接与信任,1.0,,,,百度统计真实流量,1,
1065,https://www. wps.cn,品牌与官方入口,品牌词,品牌/官网/正版入口，路径短、转化快，重承接与信任,1.0,,,,百度统计真实流量,1,
1066,wps表格文件共创,品牌与官方入口,品牌词,品牌/官网/正版入口，路径短、转化快，重承接与信任,1.0,,,,百度统计真实流量,1,
1067,WPS]\,品牌与官方入口,品牌词,品牌/官网/正版入口，路径短、转化快，重承接与信任,1.0,,,,百度统计真实流量,1,
1068,wps offic个人版,品牌与官方入口,品牌词,品牌/官网/正版入口，路径短、转化快，重承接与信任,1.0,,,,百度统计真实流量,1,
1069,WPSoffice网页版,品牌与官方入口,品牌词,品牌/官网/正版入口，路径短、转化快，重承接与信任,1.0,,,,百度统计真实流量,1,
1070,https://www.wps.cn/product/wps-office,品牌与官方入口,品牌词,品牌/官网/正版入口，路径短、转化快，重承接与信任,1.0,,,,百度统计真实流量,1,
1071,wps2019,品牌与官方入口,品牌词,品牌/官网/正版入口，路径短、转化快，重承接与信任,1.0,,,,百度统计真实流量,1,
1072,金山WPS Comate,品牌与官方入口,品牌词,品牌/官网/正版入口，路径短、转化快，重承接与信任,1.0,,,,百度统计真实流量,1,
1073,wps.cb,品牌与官方入口,品牌词,品牌/官网/正版入口，路径短、转化快，重承接与信任,1.0,,,,百度统计真实流量,1,
1074,WPS Of'fi'ceAL,品牌与官方入口,品牌词,品牌/官网/正版入口，路径短、转化快，重承接与信任,1.0,,,,百度统计真实流量,1,
1075,wps电话客服,品牌与官方入口,品牌词,品牌/官网/正版入口，路径短、转化快，重承接与信任,1.0,,,,百度统计真实流量,1,
1076,在线wps表网站,品牌与官方入口,品牌词,品牌/官网/正版入口，路径短、转化快，重承接与信任,1.0,,,,百度统计真实流量,1,
1077,WPs Office 个人版,品牌与官方入口,品牌词,品牌/官网/正版入口，路径短、转化快，重承接与信任,1.0,,,,百度统计真实流量,1,
1078,wps PC,品牌与官方入口,品牌词,品牌/官网/正版入口，路径短、转化快，重承接与信任,1.0,,,,百度统计真实流量,1,
1079,wps office管方网站,品牌与官方入口,品牌词,品牌/官网/正版入口，路径短、转化快，重承接与信任,1.0,,,,百度统计真实流量,1,
1080,金山办公灵犀,品牌与官方入口,品牌词,品牌/官网/正版入口，路径短、转化快，重承接与信任,1.0,,,,百度统计真实流量,1,
1081,WPS雨糖科技,品牌与官方入口,品牌词,品牌/官网/正版入口，路径短、转化快，重承接与信任,1.0,,,,百度统计真实流量,1,
1082,Wps 在线版本,品牌与官方入口,品牌词,品牌/官网/正版入口，路径短、转化快，重承接与信任,1.0,,,,百度统计真实流量,1,
1083,wPS Office,品牌与官方入口,品牌词,品牌/官网/正版入口，路径短、转化快，重承接与信任,1.0,,,,百度统计真实流量,1,
1084,办公软件、,品牌与官方入口,品牌词,品牌/官网/正版入口，路径短、转化快，重承接与信任,1.0,,,,百度统计真实流量,1,
1085,WPS WPS WPS,品牌与官方入口,品牌词,品牌/官网/正版入口，路径短、转化快，重承接与信任,1.0,,,,百度统计真实流量,1,
1086,WPS 纯净版,品牌与官方入口,品牌词,品牌/官网/正版入口，路径短、转化快，重承接与信任,1.0,,,,百度统计真实流量,1,
1087,arm架构wps,品牌与官方入口,品牌词,品牌/官网/正版入口，路径短、转化快，重承接与信任,1.0,,,,百度统计真实流量,1,
1088,wps agent,品牌与官方入口,品牌词,品牌/官网/正版入口，路径短、转化快，重承接与信任,1.0,,,,百度统计真实流量,1,
1089,64 位 WPS,品牌与官方入口,品牌词,品牌/官网/正版入口，路径短、转化快，重承接与信任,1.0,,,,百度统计真实流量,1,
1090,wps office电脑最新版,品牌与官方入口,品牌词,品牌/官网/正版入口，路径短、转化快，重承接与信任,1.0,,,,百度统计真实流量,1,
1091,wps团队,品牌与官方入口,品牌词,品牌/官网/正版入口，路径短、转化快，重承接与信任,1.0,,,,百度统计真实流量,1,
1092,百度WPS,品牌与官方入口,品牌词,品牌/官网/正版入口，路径短、转化快，重承接与信任,1.0,,,,百度统计真实流量,1,
1093,WPS多人,品牌与官方入口,品牌词,品牌/官网/正版入口，路径短、转化快，重承接与信任,1.0,,,,百度统计真实流量,1,
1094,文档WPS,品牌与官方入口,品牌词,品牌/官网/正版入口，路径短、转化快，重承接与信任,1.0,,,,百度统计真实流量,1,
1095,WPS电脑,品牌与官方入口,品牌词,品牌/官网/正版入口，路径短、转化快，重承接与信任,1.0,,,,百度统计真实流量,1,
1096,WPS笔记,品牌与官方入口,品牌词,品牌/官网/正版入口，路径短、转化快，重承接与信任,1.0,,,,百度统计真实流量,1,
1097,办公软甲,品牌与官方入口,品牌词,品牌/官网/正版入口，路径短、转化快，重承接与信任,1.0,,,,百度统计真实流量,1,
1098,"给我下一个办公文档,就是那种喊的啥子嗯,wps那种是啥子嘛。",品牌与官方入口,品牌词,品牌/官网/正版入口，路径短、转化快，重承接与信任,1.0,,,,百度统计真实流量,1,
1099,WPS Office Writer,品牌与官方入口,品牌词,品牌/官网/正版入口，路径短、转化快，重承接与信任,1.0,,,,百度统计真实流量,1,
1100,https:\\www.wps.cn,品牌与官方入口,品牌词,品牌/官网/正版入口，路径短、转化快，重承接与信任,1.0,,,,百度统计真实流量,1,
1101,wpsxia,品牌与官方入口,品牌词,品牌/官网/正版入口，路径短、转化快，重承接与信任,1.0,,,,百度统计真实流量,1,
1102,wps无新罗马字体,品牌与官方入口,品牌词,品牌/官网/正版入口，路径短、转化快，重承接与信任,1.0,,,,百度统计真实流量,1,
1103,PC WPS,品牌与官方入口,品牌词,品牌/官网/正版入口，路径短、转化快，重承接与信任,1.0,,,,百度统计真实流量,1,
1104,http//www.wps.cn/,品牌与官方入口,品牌词,品牌/官网/正版入口，路径短、转化快，重承接与信任,1.0,,,,百度统计真实流量,1,
1105,wps2019有64位吗,品牌与官方入口,品牌词,品牌/官网/正版入口，路径短、转化快，重承接与信任,1.0,,,,百度统计真实流量,1,
1106,个人版WPSoffice,品牌与官方入口,品牌词,品牌/官网/正版入口，路径短、转化快，重承接与信任,1.0,,,,百度统计真实流量,1,
1107,wps文档软件,品牌与官方入口,品牌词,品牌/官网/正版入口，路径短、转化快，重承接与信任,1.0,,,,百度统计真实流量,1,
1108,金山办公 网址,品牌与官方入口,品牌词,品牌/官网/正版入口，路径短、转化快，重承接与信任,1.0,,,,百度统计真实流量,1,
1109,WPS有在线版吗,品牌与官方入口,品牌词,品牌/官网/正版入口，路径短、转化快，重承接与信任,1.0,,,,百度统计真实流量,1,
1110,wps 中国,品牌与官方入口,品牌词,品牌/官网/正版入口，路径短、转化快，重承接与信任,1.0,,,,百度统计真实流量,1,
1111,wps 内网,品牌与官方入口,品牌词,品牌/官网/正版入口，路径短、转化快，重承接与信任,1.0,,,,百度统计真实流量,1,
1112,wps wps\,品牌与官方入口,品牌词,品牌/官网/正版入口，路径短、转化快，重承接与信任,1.0,,,,百度统计真实流量,1,
1113,WPS 打开,品牌与官方入口,品牌词,品牌/官网/正版入口，路径短、转化快，重承接与信任,1.0,,,,百度统计真实流量,1,
1114,WPS在线链接,品牌与官方入口,品牌词,品牌/官网/正版入口，路径短、转化快，重承接与信任,1.0,,,,百度统计真实流量,1,
1115,wps演示网页版,品牌与官方入口,品牌词,品牌/官网/正版入口，路径短、转化快，重承接与信任,1.0,,,,百度统计真实流量,1,
1116,WPS办公文档,品牌与官方入口,品牌词,品牌/官网/正版入口，路径短、转化快，重承接与信任,1.0,,,,百度统计真实流量,1,
1117,wps在线网页,品牌与官方入口,品牌词,品牌/官网/正版入口，路径短、转化快，重承接与信任,1.0,,,,百度统计真实流量,1,
1118,WPS金山办公,品牌与官方入口,品牌词,品牌/官网/正版入口，路径短、转化快，重承接与信任,1.0,,,,百度统计真实流量,1,
1119,wps网页版、、,品牌与官方入口,品牌词,品牌/官网/正版入口，路径短、转化快，重承接与信任,1.0,,,,百度统计真实流量,1,
1120,excel在线wps,品牌与官方入口,品牌词,品牌/官网/正版入口，路径短、转化快，重承接与信任,1.0,,,,百度统计真实流量,1,
1121,可以编辑的WPS,品牌与官方入口,品牌词,品牌/官网/正版入口，路径短、转化快，重承接与信任,1.0,,,,百度统计真实流量,1,
1122,www路wps`cn,品牌与官方入口,品牌词,品牌/官网/正版入口，路径短、转化快，重承接与信任,1.0,,,,百度统计真实流量,1,
1123,WPSanzhuang,品牌与官方入口,品牌词,品牌/官网/正版入口，路径短、转化快，重承接与信任,1.0,,,,百度统计真实流量,1,
1124,"drive.wps.cn,",品牌与官方入口,品牌词,品牌/官网/正版入口，路径短、转化快，重承接与信任,1.0,,,,百度统计真实流量,1,
1125,www.wps.com、,品牌与官方入口,品牌词,品牌/官网/正版入口，路径短、转化快，重承接与信任,1.0,,,,百度统计真实流量,1,
1126,www.wps. cn,品牌与官方入口,品牌词,品牌/官网/正版入口，路径短、转化快，重承接与信任,1.0,,,,百度统计真实流量,1,
1127,https://www.wps.cn https://www.wps.cn/,品牌与官方入口,品牌词,品牌/官网/正版入口，路径短、转化快，重承接与信任,1.0,,,,百度统计真实流量,1,
1128,Wps arm linux,品牌与官方入口,品牌词,品牌/官网/正版入口，路径短、转化快，重承接与信任,1.0,,,,百度统计真实流量,1,
1129,wps offce Pc,品牌与官方入口,品牌词,品牌/官网/正版入口，路径短、转化快，重承接与信任,1.0,,,,百度统计真实流量,1,
1130,WPS 内网版,品牌与官方入口,品牌词,品牌/官网/正版入口，路径短、转化快，重承接与信任,1.0,,,,百度统计真实流量,1,
1131,acount.wps.cn,品牌与官方入口,品牌词,品牌/官网/正版入口，路径短、转化快，重承接与信任,1.0,,,,百度统计真实流量,1,
1132,wps国行版,品牌与官方入口,品牌词,品牌/官网/正版入口，路径短、转化快，重承接与信任,1.0,,,,百度统计真实流量,1,
1133,wwps网页版,品牌与官方入口,品牌词,品牌/官网/正版入口，路径短、转化快，重承接与信任,1.0,,,,百度统计真实流量,1,
1134,wps青春版,品牌与官方入口,品牌词,品牌/官网/正版入口，路径短、转化快，重承接与信任,1.0,,,,百度统计真实流量,1,
1135,wps内网版,品牌与官方入口,品牌词,品牌/官网/正版入口，路径短、转化快，重承接与信任,1.0,,,,百度统计真实流量,1,
1136,wps ubuntu,品牌与官方入口,品牌词,品牌/官网/正版入口，路径短、转化快，重承接与信任,1.0,,,,百度统计真实流量,1,
1137,WPS-office,品牌与官方入口,品牌词,品牌/官网/正版入口，路径短、转化快，重承接与信任,1.0,,,,百度统计真实流量,1,
1138,WPSWriter,品牌与官方入口,品牌词,品牌/官网/正版入口，路径短、转化快，重承接与信任,1.0,,,,百度统计真实流量,1,
1139,WpS Office,品牌与官方入口,品牌词,品牌/官网/正版入口，路径短、转化快，重承接与信任,1.0,,,,百度统计真实流量,1,
1140,WPSwendang,品牌与官方入口,品牌词,品牌/官网/正版入口，路径短、转化快，重承接与信任,1.0,,,,百度统计真实流量,1,
1141,www.wps.sn,品牌与官方入口,品牌词,品牌/官网/正版入口，路径短、转化快，重承接与信任,1.0,,,,百度统计真实流量,1,
1142,WPS专区,品牌与官方入口,品牌词,品牌/官网/正版入口，路径短、转化快，重承接与信任,1.0,,,,百度统计真实流量,1,
1143,wps网上,品牌与官方入口,品牌词,品牌/官网/正版入口，路径短、转化快，重承接与信任,1.0,,,,百度统计真实流量,1,
1144,百度wps,品牌与官方入口,品牌词,品牌/官网/正版入口，路径短、转化快，重承接与信任,1.0,,,,百度统计真实流量,1,
1145,WSP金山,品牌与官方入口,品牌词,品牌/官网/正版入口，路径短、转化快，重承接与信任,1.0,,,,百度统计真实流量,1,
1146,WPS个人,品牌与官方入口,品牌词,品牌/官网/正版入口，路径短、转化快，重承接与信任,1.0,,,,百度统计真实流量,1,
1147,"https://www.wps.cn/,",品牌与官方入口,品牌词,品牌/官网/正版入口，路径短、转化快，重承接与信任,1.0,,,,百度统计真实流量,1,
1148,wps登入,品牌与官方入口,品牌词,品牌/官网/正版入口，路径短、转化快，重承接与信任,1.0,,,,百度统计真实流量,1,
1149,wps、cn,品牌与官方入口,品牌词,品牌/官网/正版入口，路径短、转化快，重承接与信任,1.0,,,,百度统计真实流量,1,
1150,http://www.WPS.cn,品牌与官方入口,品牌词,品牌/官网/正版入口，路径短、转化快，重承接与信任,1.0,,,,百度统计真实流量,1,
1151,ppt软件wps office,品牌与官方入口,品牌词,品牌/官网/正版入口，路径短、转化快，重承接与信任,1.0,,,,百度统计真实流量,1,
1152,wps office离线版,品牌与官方入口,品牌词,品牌/官网/正版入口，路径短、转化快，重承接与信任,1.0,,,,百度统计真实流量,1,
1153,Wps\,品牌与官方入口,品牌词,品牌/官网/正版入口，路径短、转化快，重承接与信任,1.0,,,,百度统计真实流量,1,
1154,wpswindowsxp版,品牌与官方入口,品牌词,品牌/官网/正版入口，路径短、转化快，重承接与信任,1.0,,,,百度统计真实流量,1,
1155,wps网页在线版本,品牌与官方入口,品牌词,品牌/官网/正版入口，路径短、转化快，重承接与信任,1.0,,,,百度统计真实流量,1,
1156,WPS 26年旧版本,品牌与官方入口,品牌词,品牌/官网/正版入口，路径短、转化快，重承接与信任,1.0,,,,百度统计真实流量,1,
1157,打开 WPS 网页版,品牌与官方入口,品牌词,品牌/官网/正版入口，路径短、转化快，重承接与信任,1.0,,,,百度统计真实流量,1,
1158,‘WPS’,品牌与官方入口,品牌词,品牌/官网/正版入口，路径短、转化快，重承接与信任,1.0,,,,百度统计真实流量,1,
1159,officeWPS办公软件,品牌与官方入口,品牌词,品牌/官网/正版入口，路径短、转化快，重承接与信任,1.0,,,,百度统计真实流量,1,
1160,WPS专业版和个人版,品牌与官方入口,品牌词,品牌/官网/正版入口，路径短、转化快，重承接与信任,1.0,,,,百度统计真实流量,1,
1161,WPS.com,品牌与官方入口,品牌词,品牌/官网/正版入口，路径短、转化快，重承接与信任,1.0,,,,百度统计真实流量,1,
1162,www.wpswww..cn,品牌与官方入口,品牌词,品牌/官网/正版入口，路径短、转化快，重承接与信任,1.0,,,,百度统计真实流量,1,
1163,wap办公软件,品牌与官方入口,品牌词,品牌/官网/正版入口，路径短、转化快，重承接与信任,1.0,,,,百度统计真实流量,1,
1164,WPS改进了吗,品牌与官方入口,品牌词,品牌/官网/正版入口，路径短、转化快，重承接与信任,1.0,,,,百度统计真实流量,1,
1165,WPS OFFICE 个人版,品牌与官方入口,品牌词,品牌/官网/正版入口，路径短、转化快，重承接与信任,1.0,,,,百度统计真实流量,1,
1166,wps在线功能,品牌与官方入口,品牌词,品牌/官网/正版入口，路径短、转化快，重承接与信任,1.0,,,,百度统计真实流量,1,
1167,WPS 协助,品牌与官方入口,品牌词,品牌/官网/正版入口，路径短、转化快，重承接与信任,1.0,,,,百度统计真实流量,1,
1168,wps64位内测,品牌与官方入口,品牌词,品牌/官网/正版入口，路径短、转化快，重承接与信任,1.0,,,,百度统计真实流量,1,
1169,WPS离线版本,品牌与官方入口,品牌词,品牌/官网/正版入口，路径短、转化快，重承接与信任,1.0,,,,百度统计真实流量,1,
1170,wps国内地址,品牌与官方入口,品牌词,品牌/官网/正版入口，路径短、转化快，重承接与信任,1.0,,,,百度统计真实流量,1,
1171,WPS PPT网站,品牌与官方入口,品牌词,品牌/官网/正版入口，路径短、转化快，重承接与信任,1.0,,,,百度统计真实流量,1,
1172,wps2020版本,品牌与官方入口,品牌词,品牌/官网/正版入口，路径短、转化快，重承接与信任,1.0,,,,百度统计真实流量,1,
1173,WPS Office、,品牌与官方入口,品牌词,品牌/官网/正版入口，路径短、转化快，重承接与信任,1.0,,,,百度统计真实流量,1,
1174,www.wps.cn、,品牌与官方入口,品牌词,品牌/官网/正版入口，路径短、转化快，重承接与信任,1.0,,,,百度统计真实流量,1,
1175,www..wps.com,品牌与官方入口,品牌词,品牌/官网/正版入口，路径短、转化快，重承接与信任,1.0,,,,百度统计真实流量,1,
1176,WPS Officel,品牌与官方入口,品牌词,品牌/官网/正版入口，路径短、转化快，重承接与信任,1.0,,,,百度统计真实流量,1,
1177,WPS Office\,品牌与官方入口,品牌词,品牌/官网/正版入口，路径短、转化快，重承接与信任,1.0,,,,百度统计真实流量,1,
1178,"wps 网页版,",品牌与官方入口,品牌词,品牌/官网/正版入口，路径短、转化快，重承接与信任,1.0,,,,百度统计真实流量,1,
1179,wps免登录,品牌与官方入口,品牌词,品牌/官网/正版入口，路径短、转化快，重承接与信任,1.0,,,,百度统计真实流量,1,
1180,wps行政版,品牌与官方入口,品牌词,品牌/官网/正版入口，路径短、转化快，重承接与信任,1.0,,,,百度统计真实流量,1,
1181,金山 办公,品牌与官方入口,品牌词,品牌/官网/正版入口，路径短、转化快，重承接与信任,1.0,,,,百度统计真实流量,1,
1182,wps(64位),品牌与官方入口,品牌词,品牌/官网/正版入口，路径短、转化快，重承接与信任,1.0,,,,百度统计真实流量,1,
1183,wps2018版,品牌与官方入口,品牌词,品牌/官网/正版入口，路径短、转化快，重承接与信任,1.0,,,,百度统计真实流量,1,
1184,WPS在线ppt,品牌与官方入口,品牌词,品牌/官网/正版入口，路径短、转化快，重承接与信任,1.0,,,,百度统计真实流量,1,
1185,wps offie,品牌与官方入口,品牌词,品牌/官网/正版入口，路径短、转化快，重承接与信任,1.0,,,,百度统计真实流量,1,
1186,www.wpscn,品牌与官方入口,品牌词,品牌/官网/正版入口，路径短、转化快，重承接与信任,1.0,,,,百度统计真实流量,1,
1187,wwpsoffce,品牌与官方入口,品牌词,品牌/官网/正版入口，路径短、转化快，重承接与信任,1.0,,,,百度统计真实流量,1,
1188,金山w'p's,品牌与官方入口,品牌词,品牌/官网/正版入口，路径短、转化快，重承接与信任,1.0,,,,百度统计真实流量,1,
1189,wsp office办公软件,品牌与官方入口,品牌词,品牌/官网/正版入口，路径短、转化快，重承接与信任,1.0,,,,百度统计真实流量,1,
1190,wps在线电子表格网页版,品牌与官方入口,品牌词,品牌/官网/正版入口，路径短、转化快，重承接与信任,1.0,,,,百度统计真实流量,1,
1191,Liongsoft WPS Office,品牌与官方入口,品牌词,品牌/官网/正版入口，路径短、转化快，重承接与信任,1.0,,,,百度统计真实流量,1,
1192,wps看cad,品牌与官方入口,品牌词,品牌/官网/正版入口，路径短、转化快，重承接与信任,1.0,,,,百度统计真实流量,1,
1193,wps国际,品牌与官方入口,品牌词,品牌/官网/正版入口，路径短、转化快，重承接与信任,1.0,,,,百度统计真实流量,1,
1194,:http://www.wps.cn/,品牌与官方入口,品牌词,品牌/官网/正版入口，路径短、转化快，重承接与信任,1.0,,,,百度统计真实流量,1,
1195,WPS 在线 PPT共同编辑,品牌与官方入口,品牌词,品牌/官网/正版入口，路径短、转化快，重承接与信任,1.0,,,,百度统计真实流量,1,
1196,“wps”,品牌与官方入口,品牌词,品牌/官网/正版入口，路径短、转化快，重承接与信任,1.0,,,,百度统计真实流量,1,
1197,wpsgua,品牌与官方入口,品牌词,品牌/官网/正版入口，路径短、转化快，重承接与信任,1.0,,,,百度统计真实流量,1,
1198,wps文档在线使用,品牌与官方入口,品牌词,品牌/官网/正版入口，路径短、转化快，重承接与信任,1.0,,,,百度统计真实流量,1,
1199,wps网页在线入口,品牌与官方入口,品牌词,品牌/官网/正版入口，路径短、转化快，重承接与信任,1.0,,,,百度统计真实流量,1,
1200,wps\\,品牌与官方入口,品牌词,品牌/官网/正版入口，路径短、转化快，重承接与信任,1.0,,,,百度统计真实流量,1,
1201,wps query编辑器,品牌与官方入口,品牌词,品牌/官网/正版入口，路径短、转化快，重承接与信任,1.0,,,,百度统计真实流量,1,
1202,wps offce 个人,品牌与官方入口,品牌词,品牌/官网/正版入口，路径短、转化快，重承接与信任,1.0,,,,百度统计真实流量,1,
1203,“WPS,品牌与官方入口,品牌词,品牌/官网/正版入口，路径短、转化快，重承接与信任,1.0,,,,百度统计真实流量,1,
1204,wps office专业版,品牌与官方入口,品牌词,品牌/官网/正版入口，路径短、转化快，重承接与信任,1.0,,,,百度统计真实流量,1,
1205,WPSOF,品牌与官方入口,品牌词,品牌/官网/正版入口，路径短、转化快，重承接与信任,1.0,,,,百度统计真实流量,1,
1206,wps office 表格,品牌与官方入口,品牌词,品牌/官网/正版入口，路径短、转化快，重承接与信任,1.0,,,,百度统计真实流量,1,
1207,WPS线上文档网页版,品牌与官方入口,品牌词,品牌/官网/正版入口，路径短、转化快，重承接与信任,1.0,,,,百度统计真实流量,1,
1208,WPS2025,品牌与官方入口,品牌词,品牌/官网/正版入口，路径短、转化快，重承接与信任,1.0,,,,百度统计真实流量,1,
1209,wps/word,品牌与官方入口,品牌词,品牌/官网/正版入口，路径短、转化快，重承接与信任,1.0,,,,百度统计真实流量,1,
1210,wps..cn,品牌与官方入口,品牌词,品牌/官网/正版入口，路径短、转化快，重承接与信任,1.0,,,,百度统计真实流量,1,
1211,www.wps office,品牌与官方入口,品牌词,品牌/官网/正版入口，路径短、转化快，重承接与信任,1.0,,,,百度统计真实流量,1,
1212,WPS Office.Ink,品牌与官方入口,品牌词,品牌/官网/正版入口，路径短、转化快，重承接与信任,1.0,,,,百度统计真实流量,1,
1213,WPS Office 办工软件,品牌与官方入口,品牌词,品牌/官网/正版入口，路径短、转化快，重承接与信任,1.0,,,,百度统计真实流量,1,
1214,wps视频压缩,品牌与官方入口,品牌词,品牌/官网/正版入口，路径短、转化快，重承接与信任,1.0,,,,百度统计真实流量,1,
1215,WPS文档协作,品牌与官方入口,品牌词,品牌/官网/正版入口，路径短、转化快，重承接与信任,1.0,,,,百度统计真实流量,1,
1216,offer办公软件,品牌与官方入口,品牌词,品牌/官网/正版入口，路径短、转化快，重承接与信任,1.0,,,,百度统计真实流量,1,
1217,http//www.wps.cn,品牌与官方入口,品牌词,品牌/官网/正版入口，路径短、转化快，重承接与信任,1.0,,,,百度统计真实流量,1,
1218,wps政企定制版,品牌与官方入口,品牌词,品牌/官网/正版入口，路径短、转化快，重承接与信任,1.0,,,,百度统计真实流量,1,
1219,wps文档网页,品牌与官方入口,品牌词,品牌/官网/正版入口，路径短、转化快，重承接与信任,1.0,,,,百度统计真实流量,1,
1220,wpsoffic电脑,品牌与官方入口,品牌词,品牌/官网/正版入口，路径短、转化快，重承接与信任,1.0,,,,百度统计真实流量,1,
1221,电脑办公WORD,品牌与官方入口,品牌词,品牌/官网/正版入口，路径短、转化快，重承接与信任,1.0,,,,百度统计真实流量,1,
1222,适配win7的wps,品牌与官方入口,品牌词,品牌/官网/正版入口，路径短、转化快，重承接与信任,1.0,,,,百度统计真实流量,1,
1223,wpsguanwnag,品牌与官方入口,品牌词,品牌/官网/正版入口，路径短、转化快，重承接与信任,1.0,,,,百度统计真实流量,1,
1224,路WPs office,品牌与官方入口,品牌词,品牌/官网/正版入口，路径短、转化快，重承接与信任,1.0,,,,百度统计真实流量,1,
1225,统信UOS wps,品牌与官方入口,品牌词,品牌/官网/正版入口，路径短、转化快，重承接与信任,1.0,,,,百度统计真实流量,1,
1226,wps网页版在线登录,品牌与官方入口,品牌词,品牌/官网/正版入口，路径短、转化快，重承接与信任,1.0,,,,百度统计真实流量,1,
1227,wpsGUANWAGN,品牌与官方入口,品牌词,品牌/官网/正版入口，路径短、转化快，重承接与信任,1.0,,,,百度统计真实流量,1,
1228,WPS PC版”,品牌与官方入口,品牌词,品牌/官网/正版入口，路径短、转化快，重承接与信任,1.0,,,,百度统计真实流量,1,
1229,wps客户段,品牌与官方入口,品牌词,品牌/官网/正版入口，路径短、转化快，重承接与信任,1.0,,,,百度统计真实流量,1,
1230,wps绿色版,品牌与官方入口,品牌词,品牌/官网/正版入口，路径短、转化快，重承接与信任,1.0,,,,百度统计真实流量,1,
1231,wps本地版,品牌与官方入口,品牌词,品牌/官网/正版入口，路径短、转化快，重承接与信任,1.0,,,,百度统计真实流量,1,
1232,WPS Office win8版本,品牌与官方入口,品牌词,品牌/官网/正版入口，路径短、转化快，重承接与信任,1.0,,,,百度统计真实流量,1,
1233,www.wps.cn \,品牌与官方入口,品牌词,品牌/官网/正版入口，路径短、转化快，重承接与信任,1.0,,,,百度统计真实流量,1,
1234,精简版WPS,品牌与官方入口,品牌词,品牌/官网/正版入口，路径短、转化快，重承接与信任,1.0,,,,百度统计真实流量,1,
1235,ep.wps.cn,品牌与官方入口,品牌词,品牌/官网/正版入口，路径短、转化快，重承接与信任,1.0,,,,百度统计真实流量,1,
1236,win10 wps,品牌与官方入口,品牌词,品牌/官网/正版入口，路径短、转化快，重承接与信任,1.0,,,,百度统计真实流量,1,
1237,WPSOFFice,品牌与官方入口,品牌词,品牌/官网/正版入口，路径短、转化快，重承接与信任,1.0,,,,百度统计真实流量,1,
1238,"WWW,WPS.CN",品牌与官方入口,品牌词,品牌/官网/正版入口，路径短、转化快，重承接与信任,1.0,,,,百度统计真实流量,1,
1239,wps’,品牌与官方入口,品牌词,品牌/官网/正版入口，路径短、转化快，重承接与信任,1.0,,,,百度统计真实流量,1,
1240,cn.wps.office.hap,品牌与官方入口,品牌词,品牌/官网/正版入口，路径短、转化快，重承接与信任,1.0,,,,百度统计真实流量,1,
1241,-WPS,品牌与官方入口,品牌词,品牌/官网/正版入口，路径短、转化快，重承接与信任,1.0,,,,百度统计真实流量,1,
1242,WPS在线表格网页版,品牌与官方入口,品牌词,品牌/官网/正版入口，路径短、转化快，重承接与信任,1.0,,,,百度统计真实流量,1,
1243,WPS金山软件,品牌与官方入口,品牌词,品牌/官网/正版入口，路径短、转化快，重承接与信任,1.0,,,,百度统计真实流量,1,
1244,wpsoffice在线,品牌与官方入口,品牌词,品牌/官网/正版入口，路径短、转化快，重承接与信任,1.0,,,,百度统计真实流量,1,
1245,金山办公 WPS,品牌与官方入口,品牌词,品牌/官网/正版入口，路径短、转化快，重承接与信任,1.0,,,,百度统计真实流量,1,
1246,wps web版,品牌与官方入口,品牌词,品牌/官网/正版入口，路径短、转化快，重承接与信任,1.0,,,,百度统计真实流量,1,
1247,网页版 wps,品牌与官方入口,品牌词,品牌/官网/正版入口，路径短、转化快，重承接与信任,1.0,,,,百度统计真实流量,1,
1248,wpsofflec,品牌与官方入口,品牌词,品牌/官网/正版入口，路径短、转化快，重承接与信任,1.0,,,,百度统计真实流量,1,
1249,WPSOfiice,品牌与官方入口,品牌词,品牌/官网/正版入口，路径短、转化快，重承接与信任,1.0,,,,百度统计真实流量,1,
1250,WPS/Excel,品牌与官方入口,品牌词,品牌/官网/正版入口，路径短、转化快，重承接与信任,1.0,,,,百度统计真实流量,1,
1251,在线WPS\,品牌与官方入口,品牌词,品牌/官网/正版入口，路径短、转化快，重承接与信任,1.0,,,,百度统计真实流量,1,
1252,wps组件,品牌与官方入口,品牌词,品牌/官网/正版入口，路径短、转化快，重承接与信任,1.0,,,,百度统计真实流量,1,
1253,wps域名,品牌与官方入口,品牌词,品牌/官网/正版入口，路径短、转化快，重承接与信任,1.0,,,,百度统计真实流量,1,
1254,wps学堂,品牌与官方入口,品牌词,品牌/官网/正版入口，路径短、转化快，重承接与信任,1.0,,,,百度统计真实流量,1,
1255,wps excel 在线 编辑 网站,品牌与官方入口,品牌词,品牌/官网/正版入口，路径短、转化快，重承接与信任,1.0,,,,百度统计真实流量,1,
1256,wps下砸,品牌与官方入口,品牌词,品牌/官网/正版入口，路径短、转化快，重承接与信任,1.0,,,,百度统计真实流量,1,
1257,https://account.wps.cn,品牌与官方入口,品牌词,品牌/官网/正版入口，路径短、转化快，重承接与信任,1.0,,,,百度统计真实流量,1,
1258,wps在线 excel 编辑,品牌与官方入口,品牌词,品牌/官网/正版入口，路径短、转化快，重承接与信任,1.0,,,,百度统计真实流量,1,
1259,WPS编辑,品牌与官方入口,品牌词,品牌/官网/正版入口，路径短、转化快，重承接与信任,1.0,,,,百度统计真实流量,1,
1260,zxwps,品牌与官方入口,品牌词,品牌/官网/正版入口，路径短、转化快，重承接与信任,1.0,,,,百度统计真实流量,1,
1261,WPSgw,品牌与官方入口,品牌词,品牌/官网/正版入口，路径短、转化快，重承接与信任,1.0,,,,百度统计真实流量,1,
1262,wps word office,品牌与官方入口,品牌词,品牌/官网/正版入口，路径短、转化快，重承接与信任,1.0,,,,百度统计真实流量,1,
1263,https://www.wps.cn/金山办公,品牌与官方入口,品牌词,品牌/官网/正版入口，路径短、转化快，重承接与信任,1.0,,,,百度统计真实流量,1,
1264,WPS Office 办公软件,品牌与官方入口,品牌词,品牌/官网/正版入口，路径短、转化快，重承接与信任,1.0,,,,百度统计真实流量,1,
1265,wps在先表格,品牌与官方入口,品牌词,品牌/官网/正版入口，路径短、转化快，重承接与信任,1.0,,,,百度统计真实流量,1,
1266,wps uwp,品牌与官方入口,品牌词,品牌/官网/正版入口，路径短、转化快，重承接与信任,1.0,,,,百度统计真实流量,1,
1267,WPS OFFS,品牌与官方入口,品牌词,品牌/官网/正版入口，路径短、转化快，重承接与信任,1.0,,,,百度统计真实流量,1,
1268,金山办公 客服,品牌与官方入口,品牌词,品牌/官网/正版入口，路径短、转化快，重承接与信任,1.0,,,,百度统计真实流量,1,
1269,wps在线地址,品牌与官方入口,品牌词,品牌/官网/正版入口，路径短、转化快，重承接与信任,1.0,,,,百度统计真实流量,1,
1270,WPS线上编辑,品牌与官方入口,品牌词,品牌/官网/正版入口，路径短、转化快，重承接与信任,1.0,,,,百度统计真实流量,1,
1271,WPS 2023 版本,品牌与官方入口,品牌词,品牌/官网/正版入口，路径短、转化快，重承接与信任,1.0,,,,百度统计真实流量,1,
1272,Linux版WPS2025,品牌与官方入口,品牌词,品牌/官网/正版入口，路径短、转化快，重承接与信任,1.0,,,,百度统计真实流量,1,
1273,WPS Office 2022,品牌与官方入口,品牌词,品牌/官网/正版入口，路径短、转化快，重承接与信任,1.0,,,,百度统计真实流量,1,
1274,WPSoffice协作,品牌与官方入口,品牌词,品牌/官网/正版入口，路径短、转化快，重承接与信任,1.0,,,,百度统计真实流量,1,
1275,在线使用wps,品牌与官方入口,品牌词,品牌/官网/正版入口，路径短、转化快，重承接与信任,1.0,,,,百度统计真实流量,1,
1276,wps vlookup,品牌与官方入口,品牌词,品牌/官网/正版入口，路径短、转化快，重承接与信任,1.0,,,,百度统计真实流量,1,
1277,WPS Officece,品牌与官方入口,品牌词,品牌/官网/正版入口，路径短、转化快，重承接与信任,1.0,,,,百度统计真实流量,1,
1278,wps 电脑端,品牌与官方入口,品牌词,品牌/官网/正版入口，路径短、转化快，重承接与信任,1.0,,,,百度统计真实流量,1,
1279,wps网页办,品牌与官方入口,品牌词,品牌/官网/正版入口，路径短、转化快，重承接与信任,1.0,,,,百度统计真实流量,1,
1280,wpsxp版本,品牌与官方入口,品牌词,品牌/官网/正版入口，路径短、转化快，重承接与信任,1.0,,,,百度统计真实流量,1,
1281,wpswangye,品牌与官方入口,品牌词,品牌/官网/正版入口，路径短、转化快，重承接与信任,1.0,,,,百度统计真实流量,1,
1282,纯净版WPS,品牌与官方入口,品牌词,品牌/官网/正版入口，路径短、转化快，重承接与信任,1.0,,,,百度统计真实流量,1,
1283,https://www.wps.cnwww.,品牌与官方入口,品牌词,品牌/官网/正版入口，路径短、转化快，重承接与信任,1.0,,,,百度统计真实流量,1,
1284,网上wps,品牌与官方入口,品牌词,品牌/官网/正版入口，路径短、转化快，重承接与信任,1.0,,,,百度统计真实流量,1,
1285,WPS下,品牌与官方入口,品牌词,品牌/官网/正版入口，路径短、转化快，重承接与信任,1.0,,,,百度统计真实流量,1,
1286,wps版本,品牌与官方入口,品牌词,品牌/官网/正版入口，路径短、转化快，重承接与信任,1.0,,,,百度统计真实流量,1,
1287,wps officegerenban,品牌与官方入口,品牌词,品牌/官网/正版入口，路径短、转化快，重承接与信任,1.0,,,,百度统计真实流量,1,
1288,https://www.WPS.com,品牌与官方入口,品牌词,品牌/官网/正版入口，路径短、转化快，重承接与信任,1.0,,,,百度统计真实流量,1,
1289,wwww.wps,品牌与官方入口,品牌词,品牌/官网/正版入口，路径短、转化快，重承接与信任,1.0,,,,百度统计真实流量,1,
1290,国产优秀办公利器 WPS2023 v2026.0801 永久Plus增强版,品牌与官方入口,品牌词,品牌/官网/正版入口，路径短、转化快，重承接与信任,1.0,,,,百度统计真实流量,1,
1291,wps Office精简版,品牌与官方入口,品牌词,品牌/官网/正版入口，路径短、转化快，重承接与信任,1.0,,,,百度统计真实流量,1,
1292,wps无广告最新版,品牌与官方入口,品牌词,品牌/官网/正版入口，路径短、转化快，重承接与信任,1.0,,,,百度统计真实流量,1,
1293,excel wps 网页版,品牌与官方入口,品牌词,品牌/官网/正版入口，路径短、转化快，重承接与信任,1.0,,,,百度统计真实流量,1,
1294,www.wps.cn _WPS Office网页版登录入口,品牌与官方入口,品牌词,品牌/官网/正版入口，路径短、转化快，重承接与信任,1.0,,,,百度统计真实流量,1,
1295,wps文档gaunwang,品牌与官方入口,品牌词,品牌/官网/正版入口，路径短、转化快，重承接与信任,1.0,,,,百度统计真实流量,1,
1296,WpS.cn,品牌与官方入口,品牌词,品牌/官网/正版入口，路径短、转化快，重承接与信任,1.0,,,,百度统计真实流量,1,
1297,wps Office 个人版,品牌与官方入口,品牌词,品牌/官网/正版入口，路径短、转化快，重承接与信任,1.0,,,,百度统计真实流量,1,
1298,wps条形码插件,品牌与官方入口,品牌词,品牌/官网/正版入口，路径短、转化快，重承接与信任,1.0,,,,百度统计真实流量,1,
1299,WPS多维表格,品牌与官方入口,品牌词,品牌/官网/正版入口，路径短、转化快，重承接与信任,1.0,,,,百度统计真实流量,1,
1300,wps电脑在线版,品牌与官方入口,品牌词,品牌/官网/正版入口，路径短、转化快，重承接与信任,1.0,,,,百度统计真实流量,1,
1301,wps线上版入口,品牌与官方入口,品牌词,品牌/官网/正版入口，路径短、转化快，重承接与信任,1.0,,,,百度统计真实流量,1,
1302,wps apk,品牌与官方入口,品牌词,品牌/官网/正版入口，路径短、转化快，重承接与信任,1.0,,,,百度统计真实流量,1,
1303,Wps \,品牌与官方入口,品牌词,品牌/官网/正版入口，路径短、转化快，重承接与信任,1.0,,,,百度统计真实流量,1,
1304,wbs wps,品牌与官方入口,品牌词,品牌/官网/正版入口，路径短、转化快，重承接与信任,1.0,,,,百度统计真实流量,1,
1305,WPS pc端,品牌与官方入口,品牌词,品牌/官网/正版入口，路径短、转化快，重承接与信任,1.0,,,,百度统计真实流量,1,
1306,wps 协作入口,品牌与官方入口,品牌词,品牌/官网/正版入口，路径短、转化快，重承接与信任,1.0,,,,百度统计真实流量,1,
1307,金山办公网站,品牌与官方入口,品牌词,品牌/官网/正版入口，路径短、转化快，重承接与信任,1.0,,,,百度统计真实流量,1,
1308,wps 仿宋GB2312,品牌与官方入口,品牌词,品牌/官网/正版入口，路径短、转化快，重承接与信任,1.0,,,,百度统计真实流量,1,
1309,wps纯净高级版,品牌与官方入口,品牌词,品牌/官网/正版入口，路径短、转化快，重承接与信任,1.0,,,,百度统计真实流量,1,
1310,wps网络编辑,品牌与官方入口,品牌词,品牌/官网/正版入口，路径短、转化快，重承接与信任,1.0,,,,百度统计真实流量,1,
1311,wps 12.1.0.26895,品牌与官方入口,品牌词,品牌/官网/正版入口，路径短、转化快，重承接与信任,1.0,,,,百度统计真实流量,1,
1312,http://wps.cn/,品牌与官方入口,品牌词,品牌/官网/正版入口，路径短、转化快，重承接与信任,1.0,,,,百度统计真实流量,1,
1313,xp能用的wps,品牌与官方入口,品牌词,品牌/官网/正版入口，路径短、转化快，重承接与信任,1.0,,,,百度统计真实流量,1,
1314,wpswangyeban,品牌与官方入口,品牌词,品牌/官网/正版入口，路径短、转化快，重承接与信任,1.0,,,,百度统计真实流量,1,
1315,WPSs Office,品牌与官方入口,品牌词,品牌/官网/正版入口，路径短、转化快，重承接与信任,1.0,,,,百度统计真实流量,1,
1316,http://wps/,品牌与官方入口,品牌词,品牌/官网/正版入口，路径短、转化快，重承接与信任,1.0,,,,百度统计真实流量,1,
1317,wps 电视版,品牌与官方入口,品牌词,品牌/官网/正版入口，路径短、转化快，重承接与信任,1.0,,,,百度统计真实流量,1,
1318,wps增强版,品牌与官方入口,品牌词,品牌/官网/正版入口，路径短、转化快，重承接与信任,1.0,,,,百度统计真实流量,1,
1319,wps字体包,品牌与官方入口,品牌词,品牌/官网/正版入口，路径短、转化快，重承接与信任,1.0,,,,百度统计真实流量,1,
1320,wps迷你版,品牌与官方入口,品牌词,品牌/官网/正版入口，路径短、转化快，重承接与信任,1.0,,,,百度统计真实流量,1,
1321,WPS旧版本,品牌与官方入口,品牌词,品牌/官网/正版入口，路径短、转化快，重承接与信任,1.0,,,,百度统计真实流量,1,
1322,WPS商业版,品牌与官方入口,品牌词,品牌/官网/正版入口，路径短、转化快，重承接与信任,1.0,,,,百度统计真实流量,1,
1323,WPS软件、,品牌与官方入口,品牌词,品牌/官网/正版入口，路径短、转化快，重承接与信任,1.0,,,,百度统计真实流量,1,
1324,wps统信版,品牌与官方入口,品牌词,品牌/官网/正版入口，路径短、转化快，重承接与信任,1.0,,,,百度统计真实流量,1,
1325,wps pc 版,品牌与官方入口,品牌词,品牌/官网/正版入口，路径短、转化快，重承接与信任,1.0,,,,百度统计真实流量,1,
1326,旧版本wps,品牌与官方入口,品牌词,品牌/官网/正版入口，路径短、转化快，重承接与信任,1.0,,,,百度统计真实流量,1,
1327,wps Excel,品牌与官方入口,品牌词,品牌/官网/正版入口，路径短、转化快，重承接与信任,1.0,,,,百度统计真实流量,1,
1328,http://www.wps.com.cn/,品牌与官方入口,品牌词,品牌/官网/正版入口，路径短、转化快，重承接与信任,1.0,,,,百度统计真实流量,1,
1329,金山wsps,品牌与官方入口,品牌词,品牌/官网/正版入口，路径短、转化快，重承接与信任,1.0,,,,百度统计真实流量,1,
1330,wps极简,品牌与官方入口,品牌词,品牌/官网/正版入口，路径短、转化快，重承接与信任,1.0,,,,百度统计真实流量,1,
1331,钉wps,品牌与官方入口,品牌词,品牌/官网/正版入口，路径短、转化快，重承接与信任,1.0,,,,百度统计真实流量,1,
1332,p\wps,品牌与官方入口,品牌词,品牌/官网/正版入口，路径短、转化快，重承接与信任,1.0,,,,百度统计真实流量,1,
1333,WPSoffs,品牌与官方入口,品牌词,品牌/官网/正版入口，路径短、转化快，重承接与信任,1.0,,,,百度统计真实流量,1,
1334,wps共享文档网站,品牌与官方入口,品牌词,品牌/官网/正版入口，路径短、转化快，重承接与信任,1.0,,,,百度统计真实流量,1,
1335,WPS2016,品牌与官方入口,品牌词,品牌/官网/正版入口，路径短、转化快，重承接与信任,1.0,,,,百度统计真实流量,1,
1336,在线WPS Office,品牌与官方入口,品牌词,品牌/官网/正版入口，路径短、转化快，重承接与信任,1.0,,,,百度统计真实流量,1,
1337,wps珠海市政府专用版,品牌与官方入口,品牌词,品牌/官网/正版入口，路径短、转化快，重承接与信任,1.0,,,,百度统计真实流量,1,
1338,WPS可商用字体,品牌与官方入口,品牌词,品牌/官网/正版入口，路径短、转化快，重承接与信任,1.0,,,,百度统计真实流量,1,
1339,WPS \,品牌与官方入口,品牌词,品牌/官网/正版入口，路径短、转化快，重承接与信任,1.0,,,,百度统计真实流量,1,
1340,wps365个人版,品牌与官方入口,品牌词,品牌/官网/正版入口，路径短、转化快，重承接与信任,1.0,,,,百度统计真实流量,1,
1341,wps mac版本,品牌与官方入口,品牌词,品牌/官网/正版入口，路径短、转化快，重承接与信任,1.0,,,,百度统计真实流量,1,
1342,wps图片查看,品牌与官方入口,品牌词,品牌/官网/正版入口，路径短、转化快，重承接与信任,1.0,,,,百度统计真实流量,1,
1343,wps网页编辑,品牌与官方入口,品牌词,品牌/官网/正版入口，路径短、转化快，重承接与信任,1.0,,,,百度统计真实流量,1,
1344,wpswps office pc,品牌与官方入口,品牌词,品牌/官网/正版入口，路径短、转化快，重承接与信任,1.0,,,,百度统计真实流量,1,
1345,wps win7版本,品牌与官方入口,品牌词,品牌/官网/正版入口，路径短、转化快，重承接与信任,1.0,,,,百度统计真实流量,1,
1346,文档编辑wps,品牌与官方入口,品牌词,品牌/官网/正版入口，路径短、转化快，重承接与信任,1.0,,,,百度统计真实流量,1,
1347,wwww.wps.con,品牌与官方入口,品牌词,品牌/官网/正版入口，路径短、转化快，重承接与信任,1.0,,,,百度统计真实流量,1,
1348,"wps.才能,",品牌与官方入口,品牌词,品牌/官网/正版入口，路径短、转化快，重承接与信任,1.0,,,,百度统计真实流量,1,
1349,wps onlien,品牌与官方入口,品牌词,品牌/官网/正版入口，路径短、转化快，重承接与信任,1.0,,,,百度统计真实流量,1,
1350,WPS Writer,品牌与官方入口,品牌词,品牌/官网/正版入口，路径短、转化快，重承接与信任,1.0,,,,百度统计真实流量,1,
1351,WPS OFFOCE,品牌与官方入口,品牌词,品牌/官网/正版入口，路径短、转化快，重承接与信任,1.0,,,,百度统计真实流量,1,
1352,f.wps,品牌与官方入口,品牌词,品牌/官网/正版入口，路径短、转化快，重承接与信任,1.0,,,,百度统计真实流量,1,
1353,WPSoffe,品牌与官方入口,品牌词,品牌/官网/正版入口，路径短、转化快，重承接与信任,1.0,,,,百度统计真实流量,1,
1354,https：//www.wps.cn,品牌与官方入口,品牌词,品牌/官网/正版入口，路径短、转化快，重承接与信任,1.0,,,,百度统计真实流量,1,
1355,wps金山办公软件,品牌与官方入口,品牌词,品牌/官网/正版入口，路径短、转化快，重承接与信任,1.0,,,,百度统计真实流量,1,
1356,wwPS,品牌与官方入口,品牌词,品牌/官网/正版入口，路径短、转化快，重承接与信任,1.0,,,,百度统计真实流量,1,
1357,WPSOFL,品牌与官方入口,品牌词,品牌/官网/正版入口，路径短、转化快，重承接与信任,1.0,,,,百度统计真实流量,1,
1358,在线WPS制作PPT,品牌与官方入口,品牌词,品牌/官网/正版入口，路径短、转化快，重承接与信任,1.0,,,,百度统计真实流量,1,
1359,wps密码去除工具在哪,品牌与官方入口,品牌词,品牌/官网/正版入口，路径短、转化快，重承接与信任,1.0,,,,百度统计真实流量,1,
1360,WPS2020,品牌与官方入口,品牌词,品牌/官网/正版入口，路径短、转化快，重承接与信任,1.0,,,,百度统计真实流量,1,
1361,wps11.1,品牌与官方入口,品牌词,品牌/官网/正版入口，路径短、转化快，重承接与信任,1.0,,,,百度统计真实流量,1,
1362,"wps.,cn",品牌与官方入口,品牌词,品牌/官网/正版入口，路径短、转化快，重承接与信任,1.0,,,,百度统计真实流量,1,
1363,wps有新版吗,品牌与官方入口,品牌词,品牌/官网/正版入口，路径短、转化快，重承接与信任,1.0,,,,百度统计真实流量,1,
1364,WPS办公助手,品牌与官方入口,品牌词,品牌/官网/正版入口，路径短、转化快，重承接与信任,1.0,,,,百度统计真实流量,1,
1365,wps 版,品牌与官方入口,品牌词,品牌/官网/正版入口，路径短、转化快，重承接与信任,1.0,,,,百度统计真实流量,1,
1366,WPS 大陆,品牌与官方入口,品牌词,品牌/官网/正版入口，路径短、转化快，重承接与信任,1.0,,,,百度统计真实流量,1,
1367,金山wps个人,品牌与官方入口,品牌词,品牌/官网/正版入口，路径短、转化快，重承接与信任,1.0,,,,百度统计真实流量,1,
1368,金山wps网站,品牌与官方入口,品牌词,品牌/官网/正版入口，路径短、转化快，重承接与信任,1.0,,,,百度统计真实流量,1,
1369,wps 最新版本,品牌与官方入口,品牌词,品牌/官网/正版入口，路径短、转化快，重承接与信任,1.0,,,,百度统计真实流量,1,
1370,wps official,品牌与官方入口,品牌词,品牌/官网/正版入口，路径短、转化快，重承接与信任,1.0,,,,百度统计真实流量,1,
1371,www.wps.coim,品牌与官方入口,品牌词,品牌/官网/正版入口，路径短、转化快，重承接与信任,1.0,,,,百度统计真实流量,1,
1372,在线wps excel,品牌与官方入口,品牌词,品牌/官网/正版入口，路径短、转化快，重承接与信任,1.0,,,,百度统计真实流量,1,
1373,WPSGUANWANG,品牌与官方入口,品牌词,品牌/官网/正版入口，路径短、转化快，重承接与信任,1.0,,,,百度统计真实流量,1,
1374,金山wps云,品牌与官方入口,品牌词,品牌/官网/正版入口，路径短、转化快，重承接与信任,1.0,,,,百度统计真实流量,1,
1375,wps电脑端,品牌与官方入口,品牌词,品牌/官网/正版入口，路径短、转化快，重承接与信任,1.0,,,,百度统计真实流量,1,
1376,officeWPS,品牌与官方入口,品牌词,品牌/官网/正版入口，路径短、转化快，重承接与信任,1.0,,,,百度统计真实流量,1,
1377,wpS演示,品牌与官方入口,品牌词,品牌/官网/正版入口，路径短、转化快，重承接与信任,1.0,,,,百度统计真实流量,1,
1378,wps系列,品牌与官方入口,品牌词,品牌/官网/正版入口，路径短、转化快，重承接与信任,1.0,,,,百度统计真实流量,1,
1379,WPS 2025春季更新12.1.0.21170版本,品牌与官方入口,品牌词,品牌/官网/正版入口，路径短、转化快，重承接与信任,1.0,,,,百度统计真实流量,1,
1380,WPS啊、,品牌与官方入口,品牌词,品牌/官网/正版入口，路径短、转化快，重承接与信任,1.0,,,,百度统计真实流量,1,
1381,http://wps.com.cn,品牌与官方入口,品牌词,品牌/官网/正版入口，路径短、转化快，重承接与信任,1.0,,,,百度统计真实流量,1,
1382,馃晵WPS,品牌与官方入口,品牌词,品牌/官网/正版入口，路径短、转化快，重承接与信任,1.0,,,,百度统计真实流量,1,
1383,https://www.Wps.cn,品牌与官方入口,品牌词,品牌/官网/正版入口，路径短、转化快，重承接与信任,1.0,,,,百度统计真实流量,1,
1384,WPSwoed,品牌与官方入口,品牌词,品牌/官网/正版入口，路径短、转化快，重承接与信任,1.0,,,,百度统计真实流量,1,
1385,【wps,品牌与官方入口,品牌词,品牌/官网/正版入口，路径短、转化快，重承接与信任,1.0,,,,百度统计真实流量,1,
1386,wps word文档网页,品牌与官方入口,品牌词,品牌/官网/正版入口，路径短、转化快，重承接与信任,1.0,,,,百度统计真实流量,1,
1387,WPS OFFICe个人版,品牌与官方入口,品牌词,品牌/官网/正版入口，路径短、转化快，重承接与信任,1.0,,,,百度统计真实流量,1,
1388,WPS office网址,品牌与官方入口,品牌词,品牌/官网/正版入口，路径短、转化快，重承接与信任,1.0,,,,百度统计真实流量,1,
1389,wps 2025 秋季版,品牌与官方入口,品牌词,品牌/官网/正版入口，路径短、转化快，重承接与信任,1.0,,,,百度统计真实流量,1,
1390,wps2016,品牌与官方入口,品牌词,品牌/官网/正版入口，路径短、转化快，重承接与信任,1.0,,,,百度统计真实流量,1,
1391,wps wps for pad,品牌与官方入口,品牌词,品牌/官网/正版入口，路径短、转化快，重承接与信任,1.0,,,,百度统计真实流量,1,
1392,HTTPS://WWW.WPS.,品牌与官方入口,品牌词,品牌/官网/正版入口，路径短、转化快，重承接与信任,1.0,,,,百度统计真实流量,1,
1393,WPS办公文件,品牌与官方入口,品牌词,品牌/官网/正版入口，路径短、转化快，重承接与信任,1.0,,,,百度统计真实流量,1,
1394,wps网页在线版,品牌与官方入口,品牌词,品牌/官网/正版入口，路径短、转化快，重承接与信任,1.0,,,,百度统计真实流量,1,
1395,wps在线处理,品牌与官方入口,品牌词,品牌/官网/正版入口，路径短、转化快，重承接与信任,1.0,,,,百度统计真实流量,1,
1396,wps 个人,品牌与官方入口,品牌词,品牌/官网/正版入口，路径短、转化快，重承接与信任,1.0,,,,百度统计真实流量,1,
1397,wps 2022,品牌与官方入口,品牌词,品牌/官网/正版入口，路径短、转化快，重承接与信任,1.0,,,,百度统计真实流量,1,
1398,wps cad,品牌与官方入口,品牌词,品牌/官网/正版入口，路径短、转化快，重承接与信任,1.0,,,,百度统计真实流量,1,
1399,WPS Wps,品牌与官方入口,品牌词,品牌/官网/正版入口，路径短、转化快，重承接与信任,1.0,,,,百度统计真实流量,1,
1400,WPS国内版本,品牌与官方入口,品牌词,品牌/官网/正版入口，路径短、转化快，重承接与信任,1.0,,,,百度统计真实流量,1,
1401,WPS共享文档,品牌与官方入口,品牌词,品牌/官网/正版入口，路径短、转化快，重承接与信任,1.0,,,,百度统计真实流量,1,
1402,wps64位更新,品牌与官方入口,品牌词,品牌/官网/正版入口，路径短、转化快，重承接与信任,1.0,,,,百度统计真实流量,1,
1403,WPS在线打开,品牌与官方入口,品牌词,品牌/官网/正版入口，路径短、转化快，重承接与信任,1.0,,,,百度统计真实流量,1,
1404,wps 在线共享文档excel,品牌与官方入口,品牌词,品牌/官网/正版入口，路径短、转化快，重承接与信任,1.0,,,,百度统计真实流量,1,
1405,wps 协作mac,品牌与官方入口,品牌词,品牌/官网/正版入口，路径短、转化快，重承接与信任,1.0,,,,百度统计真实流量,1,
1406,wps线上word,品牌与官方入口,品牌词,品牌/官网/正版入口，路径短、转化快，重承接与信任,1.0,,,,百度统计真实流量,1,
1407,WPS guanwang,品牌与官方入口,品牌词,品牌/官网/正版入口，路径短、转化快，重承接与信任,1.0,,,,百度统计真实流量,1,
1408,www. wps.cn,品牌与官方入口,品牌词,品牌/官网/正版入口，路径短、转化快，重承接与信任,1.0,,,,百度统计真实流量,1,
1409,wpsguanfang,品牌与官方入口,品牌词,品牌/官网/正版入口，路径短、转化快，重承接与信任,1.0,,,,百度统计真实流量,1,
1410,WW、WPS、CON,品牌与官方入口,品牌词,品牌/官网/正版入口，路径短、转化快，重承接与信任,1.0,,,,百度统计真实流量,1,
1411,wps office\,品牌与官方入口,品牌词,品牌/官网/正版入口，路径短、转化快，重承接与信任,1.0,,,,百度统计真实流量,1,
1412,www.WPS.ofice,品牌与官方入口,品牌词,品牌/官网/正版入口，路径短、转化快，重承接与信任,1.0,,,,百度统计真实流量,1,
1413,WWW、WPS、CON,品牌与官方入口,品牌词,品牌/官网/正版入口，路径短、转化快，重承接与信任,1.0,,,,百度统计真实流量,1,
1414,WPS GUANWANG,品牌与官方入口,品牌词,品牌/官网/正版入口，路径短、转化快，重承接与信任,1.0,,,,百度统计真实流量,1,
1415,wPS网页版,品牌与官方入口,品牌词,品牌/官网/正版入口，路径短、转化快，重承接与信任,1.0,,,,百度统计真实流量,1,
1416,wps移动版,品牌与官方入口,品牌词,品牌/官网/正版入口，路径短、转化快，重承接与信任,1.0,,,,百度统计真实流量,1,
1417,wps新版本,品牌与官方入口,品牌词,品牌/官网/正版入口，路径短、转化快，重承接与信任,1.0,,,,百度统计真实流量,1,
1418,wps 客户端,品牌与官方入口,品牌词,品牌/官网/正版入口，路径短、转化快，重承接与信任,1.0,,,,百度统计真实流量,1,
1419,wps -广告,品牌与官方入口,品牌词,品牌/官网/正版入口，路径短、转化快，重承接与信任,1.0,,,,百度统计真实流量,1,
1420,在线版WPS,品牌与官方入口,品牌词,品牌/官网/正版入口，路径短、转化快，重承接与信任,1.0,,,,百度统计真实流量,1,
1421,wpspffice,品牌与官方入口,品牌词,品牌/官网/正版入口，路径短、转化快，重承接与信任,1.0,,,,百度统计真实流量,1,
1422,wpscdn.cn,品牌与官方入口,品牌词,品牌/官网/正版入口，路径短、转化快，重承接与信任,1.0,,,,百度统计真实流量,1,
1423,Excel WPS,品牌与官方入口,品牌词,品牌/官网/正版入口，路径短、转化快，重承接与信任,1.0,,,,百度统计真实流量,1,
1424,WPS Office - 正式版,品牌与官方入口,品牌词,品牌/官网/正版入口，路径短、转化快，重承接与信任,1.0,,,,百度统计真实流量,1,
1425,wps注册,品牌与官方入口,品牌词,品牌/官网/正版入口，路径短、转化快，重承接与信任,1.0,,,,百度统计真实流量,1,
1426,https://www.wps.cn11.1.0,品牌与官方入口,品牌词,品牌/官网/正版入口，路径短、转化快，重承接与信任,1.0,,,,百度统计真实流量,1,
1427,web版WPS,品牌与官方入口,品牌词,品牌/官网/正版入口，路径短、转化快，重承接与信任,1.0,,,,百度统计真实流量,1,
1428,https://wps office,品牌与官方入口,品牌词,品牌/官网/正版入口，路径短、转化快，重承接与信任,1.0,,,,百度统计真实流量,1,
1429,wpwpss,品牌与官方入口,品牌词,品牌/官网/正版入口，路径短、转化快，重承接与信任,1.0,,,,百度统计真实流量,1,
1430,"q,wps",品牌与官方入口,品牌词,品牌/官网/正版入口，路径短、转化快，重承接与信任,1.0,,,,百度统计真实流量,1,
1431,a'wps,品牌与官方入口,品牌词,品牌/官网/正版入口，路径短、转化快，重承接与信任,1.0,,,,百度统计真实流量,1,
1432,d xg wps,品牌与官方入口,品牌词,品牌/官网/正版入口，路径短、转化快，重承接与信任,1.0,,,,百度统计真实流量,1,
1433,wps技术支持电话,品牌与官方入口,品牌词,品牌/官网/正版入口，路径短、转化快，重承接与信任,1.0,,,,百度统计真实流量,1,
1434,|WPS,品牌与官方入口,品牌词,品牌/官网/正版入口，路径短、转化快，重承接与信任,1.0,,,,百度统计真实流量,1,
1435,WPS Office‘’,品牌与官方入口,品牌词,品牌/官网/正版入口，路径短、转化快，重承接与信任,1.0,,,,百度统计真实流量,1,
1436,WPS表格在线多人编辑,品牌与官方入口,品牌词,品牌/官网/正版入口，路径短、转化快，重承接与信任,1.0,,,,百度统计真实流量,1,
1437,Wps.cn,品牌与官方入口,品牌词,品牌/官网/正版入口，路径短、转化快，重承接与信任,1.0,,,,百度统计真实流量,1,
1438,WPS Office 在线版 (,品牌与官方入口,品牌词,品牌/官网/正版入口，路径短、转化快，重承接与信任,1.0,,,,百度统计真实流量,1,
1439,wps文档网网页,品牌与官方入口,品牌词,品牌/官网/正版入口，路径短、转化快，重承接与信任,1.0,,,,百度统计真实流量,1,
1440,wps最新版管网,品牌与官方入口,品牌词,品牌/官网/正版入口，路径短、转化快，重承接与信任,1.0,,,,百度统计真实流量,1,
1441,wps wold,品牌与官方入口,品牌词,品牌/官网/正版入口，路径短、转化快，重承接与信任,1.0,,,,百度统计真实流量,1,
1442,WPS 个人,品牌与官方入口,品牌词,品牌/官网/正版入口，路径短、转化快，重承接与信任,1.0,,,,百度统计真实流量,1,
1443,WPS guan,品牌与官方入口,品牌词,品牌/官网/正版入口，路径短、转化快，重承接与信任,1.0,,,,百度统计真实流量,1,
1444,wps版本有哪些,品牌与官方入口,品牌词,品牌/官网/正版入口，路径短、转化快，重承接与信任,1.0,,,,百度统计真实流量,1,
1445,WPS excel在线,品牌与官方入口,品牌词,品牌/官网/正版入口，路径短、转化快，重承接与信任,1.0,,,,百度统计真实流量,1,
1446,wps插件大全,品牌与官方入口,品牌词,品牌/官网/正版入口，路径短、转化快，重承接与信任,1.0,,,,百度统计真实流量,1,
1447,WPS365 网页版,品牌与官方入口,品牌词,品牌/官网/正版入口，路径短、转化快，重承接与信任,1.0,,,,百度统计真实流量,1,
1448,WPS的vba模块,品牌与官方入口,品牌词,品牌/官网/正版入口，路径短、转化快，重承接与信任,1.0,,,,百度统计真实流量,1,
1449,wps ppt 在线,品牌与官方入口,品牌词,品牌/官网/正版入口，路径短、转化快，重承接与信任,1.0,,,,百度统计真实流量,1,
1450,统信系统WPS,品牌与官方入口,品牌词,品牌/官网/正版入口，路径短、转化快，重承接与信任,1.0,,,,百度统计真实流量,1,
1451,在线ppt wps,品牌与官方入口,品牌词,品牌/官网/正版入口，路径短、转化快，重承接与信任,1.0,,,,百度统计真实流量,1,
1452,Android wps,品牌与官方入口,品牌词,品牌/官网/正版入口，路径短、转化快，重承接与信任,1.0,,,,百度统计真实流量,1,
1453,WPS最新版2025,品牌与官方入口,品牌词,品牌/官网/正版入口，路径短、转化快，重承接与信任,1.0,,,,百度统计真实流量,1,
1454,wps excel表格网页版,品牌与官方入口,品牌词,品牌/官网/正版入口，路径短、转化快，重承接与信任,1.0,,,,百度统计真实流量,1,
1455,wpsoffice线上文档,品牌与官方入口,品牌词,品牌/官网/正版入口，路径短、转化快，重承接与信任,1.0,,,,百度统计真实流量,1,
1456,excel 金山,品牌与官方入口,品牌词,品牌/官网/正版入口，路径短、转化快，重承接与信任,1.0,,,,百度统计真实流量,1,
1457,wPS字体库,品牌与官方入口,品牌词,品牌/官网/正版入口，路径短、转化快，重承接与信任,1.0,,,,百度统计真实流量,1,
1458,WPS网络版,品牌与官方入口,品牌词,品牌/官网/正版入口，路径短、转化快，重承接与信任,1.0,,,,百度统计真实流量,1,
1459,wpsPDF首页,品牌与官方入口,品牌词,品牌/官网/正版入口，路径短、转化快，重承接与信任,1.0,,,,百度统计真实流量,1,
1460,wps w文档,品牌与官方入口,品牌词,品牌/官网/正版入口，路径短、转化快，重承接与信任,1.0,,,,百度统计真实流量,1,
1461,wps offics,品牌与官方入口,品牌词,品牌/官网/正版入口，路径短、转化快，重承接与信任,1.0,,,,百度统计真实流量,1,
1462,wpsofffice,品牌与官方入口,品牌词,品牌/官网/正版入口，路径短、转化快，重承接与信任,1.0,,,,百度统计真实流量,1,
1463,WPSoffoice,品牌与官方入口,品牌词,品牌/官网/正版入口，路径短、转化快，重承接与信任,1.0,,,,百度统计真实流量,1,
1464,(i.wps.cn),品牌与官方入口,品牌词,品牌/官网/正版入口，路径短、转化快，重承接与信任,1.0,,,,百度统计真实流量,1,
1465,wpsoffice.,品牌与官方入口,品牌词,品牌/官网/正版入口，路径短、转化快，重承接与信任,1.0,,,,百度统计真实流量,1,
1466,WPS ofice,品牌与官方入口,品牌词,品牌/官网/正版入口，路径短、转化快，重承接与信任,1.0,,,,百度统计真实流量,1,
1467,WPS/Office,品牌与官方入口,品牌词,品牌/官网/正版入口，路径短、转化快，重承接与信任,1.0,,,,百度统计真实流量,1,
1468,wps 64wei,品牌与官方入口,品牌词,品牌/官网/正版入口，路径短、转化快，重承接与信任,1.0,,,,百度统计真实流量,1,
1469,www/wps.cn,品牌与官方入口,品牌词,品牌/官网/正版入口，路径短、转化快，重承接与信任,1.0,,,,百度统计真实流量,1,
1470,wps UOS 版,品牌与官方入口,品牌词,品牌/官网/正版入口，路径短、转化快，重承接与信任,1.0,,,,百度统计真实流量,1,
1471,https://www.wps.cn/yun,品牌与官方入口,品牌词,品牌/官网/正版入口，路径短、转化快，重承接与信任,1.0,,,,百度统计真实流量,1,
1472,电脑WPS,品牌与官方入口,品牌词,品牌/官网/正版入口，路径短、转化快，重承接与信任,1.0,,,,百度统计真实流量,1,
1473,WPS宋体,品牌与官方入口,品牌词,品牌/官网/正版入口，路径短、转化快，重承接与信任,1.0,,,,百度统计真实流量,1,
1474,统信 WPS,品牌与官方入口,品牌词,品牌/官网/正版入口，路径短、转化快，重承接与信任,1.0,,,,百度统计真实流量,1,
1475,https://www.wps.com/,品牌与官方入口,品牌词,品牌/官网/正版入口，路径短、转化快，重承接与信任,1.0,,,,百度统计真实流量,1,
1476,wps稻壳,品牌与官方入口,品牌词,品牌/官网/正版入口，路径短、转化快，重承接与信任,1.0,,,,百度统计真实流量,1,
1477,WPS。CN,品牌与官方入口,品牌词,品牌/官网/正版入口，路径短、转化快，重承接与信任,1.0,,,,百度统计真实流量,1,
1478,"https://www,wps.cn",品牌与官方入口,品牌词,品牌/官网/正版入口，路径短、转化快，重承接与信任,1.0,,,,百度统计真实流量,1,
1479,https://www.wps.cn/ https://www.wps.cn/ https://www.wps.cn/,品牌与官方入口,品牌词,品牌/官网/正版入口，路径短、转化快，重承接与信任,1.0,,,,百度统计真实流量,1,
1480,wps office完整版,品牌与官方入口,品牌词,品牌/官网/正版入口，路径短、转化快，重承接与信任,1.0,,,,百度统计真实流量,1,
1481,WPSguanw,品牌与官方入口,品牌词,品牌/官网/正版入口，路径短、转化快，重承接与信任,1.0,,,,百度统计真实流量,1,
1482,wps银河麒麟版本,品牌与官方入口,品牌词,品牌/官网/正版入口，路径短、转化快，重承接与信任,1.0,,,,百度统计真实流量,1,
1483,WPSoffice个人版,品牌与官方入口,品牌词,品牌/官网/正版入口，路径短、转化快，重承接与信任,1.0,,,,百度统计真实流量,1,
1484,wps在线版excel,品牌与官方入口,品牌词,品牌/官网/正版入口，路径短、转化快，重承接与信任,1.0,,,,百度统计真实流量,1,
1485,wps power query,品牌与官方入口,品牌词,品牌/官网/正版入口，路径短、转化快，重承接与信任,1.0,,,,百度统计真实流量,1,
1486,"www.wps.com,cn",品牌与官方入口,品牌词,品牌/官网/正版入口，路径短、转化快，重承接与信任,1.0,,,,百度统计真实流量,1,
1487,platform.wps.cn,品牌与官方入口,品牌词,品牌/官网/正版入口，路径短、转化快，重承接与信任,1.0,,,,百度统计真实流量,1,
1488,"wps.cn,",品牌与官方入口,品牌词,品牌/官网/正版入口，路径短、转化快，重承接与信任,1.0,,,,百度统计真实流量,1,
1489,wps--,品牌与官方入口,品牌词,品牌/官网/正版入口，路径短、转化快，重承接与信任,1.0,,,,百度统计真实流量,1,
1490,wps教师优惠,品牌与官方入口,品牌词,品牌/官网/正版入口，路径短、转化快，重承接与信任,1.0,,,,百度统计真实流量,1,
1491,WPS纯净离线版,品牌与官方入口,品牌词,品牌/官网/正版入口，路径短、转化快，重承接与信任,1.0,,,,百度统计真实流量,1,
1492,WPS网页版地址,品牌与官方入口,品牌词,品牌/官网/正版入口，路径短、转化快，重承接与信任,1.0,,,,百度统计真实流量,1,
1493,wps应用工具,品牌与官方入口,品牌词,品牌/官网/正版入口，路径短、转化快，重承接与信任,1.0,,,,百度统计真实流量,1,
1494,wps 绿色,品牌与官方入口,品牌词,品牌/官网/正版入口，路径短、转化快，重承接与信任,1.0,,,,百度统计真实流量,1,
1495,wps win7,品牌与官方入口,品牌词,品牌/官网/正版入口，路径短、转化快，重承接与信任,1.0,,,,百度统计真实流量,1,
1496,WPS COM,品牌与官方入口,品牌词,品牌/官网/正版入口，路径短、转化快，重承接与信任,1.0,,,,百度统计真实流量,1,
1497,wps2026政府版,品牌与官方入口,品牌词,品牌/官网/正版入口，路径短、转化快，重承接与信任,1.0,,,,百度统计真实流量,1,
1498,wps 32位版本,品牌与官方入口,品牌词,品牌/官网/正版入口，路径短、转化快，重承接与信任,1.0,,,,百度统计真实流量,1,
1499,WPS Office启动首页,品牌与官方入口,品牌词,品牌/官网/正版入口，路径短、转化快，重承接与信任,1.0,,,,百度统计真实流量,1,
1500,ws办公软件,品牌与官方入口,品牌词,品牌/官网/正版入口，路径短、转化快，重承接与信任,1.0,,,,百度统计真实流量,1,
1501,wps网址版,品牌与官方入口,品牌词,品牌/官网/正版入口，路径短、转化快，重承接与信任,1.0,,,,百度统计真实流量,1,
1502,WPS 专业版,品牌与官方入口,品牌词,品牌/官网/正版入口，路径短、转化快，重承接与信任,1.0,,,,百度统计真实流量,1,
1503,WPS在线板,品牌与官方入口,品牌词,品牌/官网/正版入口，路径短、转化快，重承接与信任,1.0,,,,百度统计真实流量,1,
1504,WPS office 7,品牌与官方入口,品牌词,品牌/官网/正版入口，路径短、转化快，重承接与信任,1.0,,,,百度统计真实流量,1,
1505,业务网wps,品牌与官方入口,品牌词,品牌/官网/正版入口，路径短、转化快，重承接与信任,1.0,,,,百度统计真实流量,1,
1506,"WPS,EXECL",品牌与官方入口,品牌词,品牌/官网/正版入口，路径短、转化快，重承接与信任,1.0,,,,百度统计真实流量,1,
1507,www.wps.cn[(WPS Office)],品牌与官方入口,品牌词,品牌/官网/正版入口，路径短、转化快，重承接与信任,1.0,,,,百度统计真实流量,1,
1508,wps.cn正贝【钱多多】功击葁贝青倥搜录膏架叟亮琏戏@qdd2000,品牌与官方入口,品牌词,品牌/官网/正版入口，路径短、转化快，重承接与信任,1.0,,,,百度统计真实流量,1,
1509,wps照片,品牌与官方入口,品牌词,品牌/官网/正版入口，路径短、转化快，重承接与信任,1.0,,,,百度统计真实流量,1,
1510,wps校验,品牌与官方入口,品牌词,品牌/官网/正版入口，路径短、转化快，重承接与信任,1.0,,,,百度统计真实流量,1,
1511,wps图标,品牌与官方入口,品牌词,品牌/官网/正版入口，路径短、转化快，重承接与信任,1.0,,,,百度统计真实流量,1,
1512,WPs网页,品牌与官方入口,品牌词,品牌/官网/正版入口，路径短、转化快，重承接与信任,1.0,,,,百度统计真实流量,1,
1513,WPS Office网页版入口,品牌与官方入口,品牌词,品牌/官网/正版入口，路径短、转化快，重承接与信任,1.0,,,,百度统计真实流量,1,
1514,64位 wps,品牌与官方入口,品牌词,品牌/官网/正版入口，路径短、转化快，重承接与信任,1.0,,,,百度统计真实流量,1,
1515,wps广告,品牌与官方入口,品牌词,品牌/官网/正版入口，路径短、转化快，重承接与信任,1.0,,,,百度统计真实流量,1,
1516,WPS的PDF,品牌与官方入口,品牌词,品牌/官网/正版入口，路径短、转化快，重承接与信任,1.0,,,,百度统计真实流量,1,
1517,公共wps,品牌与官方入口,品牌词,品牌/官网/正版入口，路径短、转化快，重承接与信任,1.0,,,,百度统计真实流量,1,
1518,办公w,品牌与官方入口,品牌词,品牌/官网/正版入口，路径短、转化快，重承接与信任,1.0,,,,百度统计真实流量,1,
1519,wps2019一站式办公平台,品牌与官方入口,品牌词,品牌/官网/正版入口，路径短、转化快，重承接与信任,1.0,,,,百度统计真实流量,1,
1520,wwps/com,品牌与官方入口,品牌词,品牌/官网/正版入口，路径短、转化快，重承接与信任,1.0,,,,百度统计真实流量,1,
1521,Wwps,品牌与官方入口,品牌词,品牌/官网/正版入口，路径短、转化快，重承接与信任,1.0,,,,百度统计真实流量,1,
1522,WPS`,品牌与官方入口,品牌词,品牌/官网/正版入口，路径短、转化快，重承接与信任,1.0,,,,百度统计真实流量,1,
1523,wps直接登录入口,品牌与官方入口,品牌词,品牌/官网/正版入口，路径短、转化快，重承接与信任,1.0,,,,百度统计真实流量,1,
1524,wps统信uos系统,品牌与官方入口,品牌词,品牌/官网/正版入口，路径短、转化快，重承接与信任,1.0,,,,百度统计真实流量,1,
1525,wpsOffice办公软件,品牌与官方入口,品牌词,品牌/官网/正版入口，路径短、转化快，重承接与信任,1.0,,,,百度统计真实流量,1,
1526,wps office 最新,品牌与官方入口,品牌词,品牌/官网/正版入口，路径短、转化快，重承接与信任,1.0,,,,百度统计真实流量,1,
1527,wpsoffice什么软件,品牌与官方入口,品牌词,品牌/官网/正版入口，路径短、转化快，重承接与信任,1.0,,,,百度统计真实流量,1,
1528,wps office 软件,品牌与官方入口,品牌词,品牌/官网/正版入口，路径短、转化快，重承接与信任,1.0,,,,百度统计真实流量,1,
1529,wps在线演示网页版,品牌与官方入口,品牌词,品牌/官网/正版入口，路径短、转化快，重承接与信任,1.0,,,,百度统计真实流量,1,
1530,wps网页版excel,品牌与官方入口,品牌词,品牌/官网/正版入口，路径短、转化快，重承接与信任,1.0,,,,百度统计真实流量,1,
1531,https://www.wps.,品牌与官方入口,品牌词,品牌/官网/正版入口，路径短、转化快，重承接与信任,1.0,,,,百度统计真实流量,1,
1532,wps2013,品牌与官方入口,品牌词,品牌/官网/正版入口，路径短、转化快，重承接与信任,1.0,,,,百度统计真实流量,1,
1533,kingsoft-wps.com,品牌与官方入口,品牌词,品牌/官网/正版入口，路径短、转化快，重承接与信任,1.0,,,,百度统计真实流量,1,
1534,https://.wps.cn/,品牌与官方入口,品牌词,品牌/官网/正版入口，路径短、转化快，重承接与信任,1.0,,,,百度统计真实流量,1,
1535,wps有类似onenote的产品吗,品牌与官方入口,品牌词,品牌/官网/正版入口，路径短、转化快，重承接与信任,1.0,,,,百度统计真实流量,1,
1536,wps系列软件,品牌与官方入口,品牌词,品牌/官网/正版入口，路径短、转化快，重承接与信任,1.0,,,,百度统计真实流量,1,
1537,wps文档上传,品牌与官方入口,品牌词,品牌/官网/正版入口，路径短、转化快，重承接与信任,1.0,,,,百度统计真实流量,1,
1538,wps ppt网页,品牌与官方入口,品牌词,品牌/官网/正版入口，路径短、转化快，重承接与信任,1.0,,,,百度统计真实流量,1,
1539,学习办公文档,品牌与官方入口,品牌词,品牌/官网/正版入口，路径短、转化快，重承接与信任,1.0,,,,百度统计真实流量,1,
1540,wps officeb,品牌与官方入口,品牌词,品牌/官网/正版入口，路径短、转化快，重承接与信任,1.0,,,,百度统计真实流量,1,
1541,wpszuixinban,品牌与官方入口,品牌词,品牌/官网/正版入口，路径短、转化快，重承接与信任,1.0,,,,百度统计真实流量,1,
1542,www. wps. cn,品牌与官方入口,品牌词,品牌/官网/正版入口，路径短、转化快，重承接与信任,1.0,,,,百度统计真实流量,1,
1543,WPS多维表,品牌与官方入口,品牌词,品牌/官网/正版入口，路径短、转化快，重承接与信任,1.0,,,,百度统计真实流量,1,
1544,WPS 政府版,品牌与官方入口,品牌词,品牌/官网/正版入口，路径短、转化快，重承接与信任,1.0,,,,百度统计真实流量,1,
1545,wps英文版,品牌与官方入口,品牌词,品牌/官网/正版入口，路径短、转化快，重承接与信任,1.0,,,,百度统计真实流量,1,
1546,"www.wps.co,",品牌与官方入口,品牌词,品牌/官网/正版入口，路径短、转化快，重承接与信任,1.0,,,,百度统计真实流量,1,
1547,专业版wps,品牌与官方入口,品牌词,品牌/官网/正版入口，路径短、转化快，重承接与信任,1.0,,,,百度统计真实流量,1,
1548,wps官WANG,品牌与官方入口,品牌词,品牌/官网/正版入口，路径短、转化快，重承接与信任,1.0,,,,百度统计真实流量,1,
1549,wps offiCE,品牌与官方入口,品牌词,品牌/官网/正版入口，路径短、转化快，重承接与信任,1.0,,,,百度统计真实流量,1,
1550,wpsoffile,品牌与官方入口,品牌词,品牌/官网/正版入口，路径短、转化快，重承接与信任,1.0,,,,百度统计真实流量,1,
1551,gov@wps.cn,品牌与官方入口,品牌词,品牌/官网/正版入口，路径短、转化快，重承接与信任,1.0,,,,百度统计真实流量,1,
1552,WPS文档在线使用网页版,品牌与官方入口,品牌词,品牌/官网/正版入口，路径短、转化快，重承接与信任,1.0,,,,百度统计真实流量,1,
1553,WPS官页,品牌与官方入口,品牌词,品牌/官网/正版入口，路径短、转化快，重承接与信任,1.0,,,,百度统计真实流量,1,
1554,wps表单,品牌与官方入口,品牌词,品牌/官网/正版入口，路径短、转化快，重承接与信任,1.0,,,,百度统计真实流量,1,
1555,编辑WPS,品牌与官方入口,品牌词,品牌/官网/正版入口，路径短、转化快，重承接与信任,1.0,,,,百度统计真实流量,1,
1556,办公网站,品牌与官方入口,品牌词,品牌/官网/正版入口，路径短、转化快，重承接与信任,1.0,,,,百度统计真实流量,1,
1557,https://dl-file.cn/wps/wps_wid.exe,品牌与官方入口,品牌词,品牌/官网/正版入口，路径短、转化快，重承接与信任,1.0,,,,百度统计真实流量,1,
1558,intitle:wps office,品牌与官方入口,品牌词,品牌/官网/正版入口，路径短、转化快，重承接与信任,1.0,,,,百度统计真实流量,1,
1559,w'pwps,品牌与官方入口,品牌词,品牌/官网/正版入口，路径短、转化快，重承接与信任,1.0,,,,百度统计真实流量,1,
1560,",wps",品牌与官方入口,品牌词,品牌/官网/正版入口，路径短、转化快，重承接与信任,1.0,,,,百度统计真实流量,1,
1561,网wps,品牌与官方入口,品牌词,品牌/官网/正版入口，路径短、转化快，重承接与信任,1.0,,,,百度统计真实流量,1,
1562,wpspffic网页版,品牌与官方入口,品牌词,品牌/官网/正版入口，路径短、转化快，重承接与信任,1.0,,,,百度统计真实流量,1,
1563,WPS office个人版,品牌与官方入口,品牌词,品牌/官网/正版入口，路径短、转化快，重承接与信任,1.0,,,,百度统计真实流量,1,
1564,WPS办公文档软件,品牌与官方入口,品牌词,品牌/官网/正版入口，路径短、转化快，重承接与信任,1.0,,,,百度统计真实流量,1,
1565,WPS客户端/网页端,品牌与官方入口,品牌词,品牌/官网/正版入口，路径短、转化快，重承接与信任,1.0,,,,百度统计真实流量,1,
1566,网页版 wps打开,品牌与官方入口,品牌词,品牌/官网/正版入口，路径短、转化快，重承接与信任,1.0,,,,百度统计真实流量,1,
1567,WpsOffce,品牌与官方入口,品牌词,品牌/官网/正版入口，路径短、转化快，重承接与信任,1.0,,,,百度统计真实流量,1,
1568,WPS Office 64位,品牌与官方入口,品牌词,品牌/官网/正版入口，路径短、转化快，重承接与信任,1.0,,,,百度统计真实流量,1,
1569,wps office32位,品牌与官方入口,品牌词,品牌/官网/正版入口，路径短、转化快，重承接与信任,1.0,,,,百度统计真实流量,1,
1570,wps3,品牌与官方入口,品牌词,品牌/官网/正版入口，路径短、转化快，重承接与信任,1.0,,,,百度统计真实流量,1,
1571,新版wps office,品牌与官方入口,品牌词,品牌/官网/正版入口，路径短、转化快，重承接与信任,1.0,,,,百度统计真实流量,1,
1572,WPS专业版LINUX,品牌与官方入口,品牌词,品牌/官网/正版入口，路径短、转化快，重承接与信任,1.0,,,,百度统计真实流量,1,
1573,WPS Office 最新版,品牌与官方入口,品牌词,品牌/官网/正版入口，路径短、转化快，重承接与信任,1.0,,,,百度统计真实流量,1,
1574,wds办公软件,品牌与官方入口,品牌词,品牌/官网/正版入口，路径短、转化快，重承接与信任,1.0,,,,百度统计真实流量,1,
1575,WSP办公室软件,品牌与官方入口,品牌词,品牌/官网/正版入口，路径短、转化快，重承接与信任,1.0,,,,百度统计真实流量,1,
1576,wps有网页版,品牌与官方入口,品牌词,品牌/官网/正版入口，路径短、转化快，重承接与信任,1.0,,,,百度统计真实流量,1,
1577,wps首页入口,品牌与官方入口,品牌词,品牌/官网/正版入口，路径短、转化快，重承接与信任,1.0,,,,百度统计真实流量,1,
1578,wps桌面助手,品牌与官方入口,品牌词,品牌/官网/正版入口，路径短、转化快，重承接与信任,1.0,,,,百度统计真实流量,1,
1579,wps wor,品牌与官方入口,品牌词,品牌/官网/正版入口，路径短、转化快，重承接与信任,1.0,,,,百度统计真实流量,1,
1580,wps x64,品牌与官方入口,品牌词,品牌/官网/正版入口，路径短、转化快，重承接与信任,1.0,,,,百度统计真实流量,1,
1581,办公软件工具,品牌与官方入口,品牌词,品牌/官网/正版入口，路径短、转化快，重承接与信任,1.0,,,,百度统计真实流量,1,
1582,WPS 精简,品牌与官方入口,品牌词,品牌/官网/正版入口，路径短、转化快，重承接与信任,1.0,,,,百度统计真实流量,1,
1583,WPS APPT,品牌与官方入口,品牌词,品牌/官网/正版入口，路径短、转化快，重承接与信任,1.0,,,,百度统计真实流量,1,
1584,WPS PDf,品牌与官方入口,品牌词,品牌/官网/正版入口，路径短、转化快，重承接与信任,1.0,,,,百度统计真实流量,1,
1585,在线金山编辑,品牌与官方入口,品牌词,品牌/官网/正版入口，路径短、转化快，重承接与信任,1.0,,,,百度统计真实流量,1,
1586,wps deb格式,品牌与官方入口,品牌词,品牌/官网/正版入口，路径短、转化快，重承接与信任,1.0,,,,百度统计真实流量,1,
1587,文档在线wps,品牌与官方入口,品牌词,品牌/官网/正版入口，路径短、转化快，重承接与信任,1.0,,,,百度统计真实流量,1,
1588,金山办公app,品牌与官方入口,品牌词,品牌/官网/正版入口，路径短、转化快，重承接与信任,1.0,,,,百度统计真实流量,1,
1589,wps office办公系统,品牌与官方入口,品牌词,品牌/官网/正版入口，路径短、转化快，重承接与信任,1.0,,,,百度统计真实流量,1,
1590,www路wps路com,品牌与官方入口,品牌词,品牌/官网/正版入口，路径短、转化快，重承接与信任,1.0,,,,百度统计真实流量,1,
1591,WPSwangyeban,品牌与官方入口,品牌词,品牌/官网/正版入口，路径短、转化快，重承接与信任,1.0,,,,百度统计真实流量,1,
1592,www.wps/com,品牌与官方入口,品牌词,品牌/官网/正版入口，路径短、转化快，重承接与信任,1.0,,,,百度统计真实流量,1,
1593,wps for linux,品牌与官方入口,品牌词,品牌/官网/正版入口，路径短、转化快，重承接与信任,1.0,,,,百度统计真实流量,1,
1594,办公软件W,品牌与官方入口,品牌词,品牌/官网/正版入口，路径短、转化快，重承接与信任,1.0,,,,百度统计真实流量,1,
1595,wps 无广告,品牌与官方入口,品牌词,品牌/官网/正版入口，路径短、转化快，重承接与信任,1.0,,,,百度统计真实流量,1,
1596,online.wps.cn,品牌与官方入口,品牌词,品牌/官网/正版入口，路径短、转化快，重承接与信任,1.0,,,,百度统计真实流量,1,
1597,wps的网址,品牌与官方入口,品牌词,品牌/官网/正版入口，路径短、转化快，重承接与信任,1.0,,,,百度统计真实流量,1,
1598,WPS Office :,品牌与官方入口,品牌词,品牌/官网/正版入口，路径短、转化快，重承接与信任,1.0,,,,百度统计真实流量,1,
1599,WPS(64位),品牌与官方入口,品牌词,品牌/官网/正版入口，路径短、转化快，重承接与信任,1.0,,,,百度统计真实流量,1,
1600,wps wps、,品牌与官方入口,品牌词,品牌/官网/正版入口，路径短、转化快，重承接与信任,1.0,,,,百度统计真实流量,1,
1601,words wps,品牌与官方入口,品牌词,品牌/官网/正版入口，路径短、转化快，重承接与信任,1.0,,,,百度统计真实流量,1,
1602,金山sps,品牌与官方入口,品牌词,品牌/官网/正版入口，路径短、转化快，重承接与信任,1.0,,,,百度统计真实流量,1,
1603,中华人民共和国WPS,品牌与官方入口,品牌词,品牌/官网/正版入口，路径短、转化快，重承接与信任,1.0,,,,百度统计真实流量,1,
1604,wps教,品牌与官方入口,品牌词,品牌/官网/正版入口，路径短、转化快，重承接与信任,1.0,,,,百度统计真实流量,1,
1605,office办公软件 WPS,品牌与官方入口,品牌词,品牌/官网/正版入口，路径短、转化快，重承接与信任,1.0,,,,百度统计真实流量,1,
1606,wold金山,品牌与官方入口,品牌词,品牌/官网/正版入口，路径短、转化快，重承接与信任,1.0,,,,百度统计真实流量,1,
1607,WPS office在线版,品牌与官方入口,品牌词,品牌/官网/正版入口，路径短、转化快，重承接与信任,1.0,,,,百度统计真实流量,1,
1608,",WPS",品牌与官方入口,品牌词,品牌/官网/正版入口，路径短、转化快，重承接与信任,1.0,,,,百度统计真实流量,1,
1609,wpsPC版,品牌与官方入口,品牌词,品牌/官网/正版入口，路径短、转化快，重承接与信任,1.0,,,,百度统计真实流量,1,
1610,WPSAPP,品牌与官方入口,品牌词,品牌/官网/正版入口，路径短、转化快，重承接与信任,1.0,,,,百度统计真实流量,1,
1611,办公表格网页,品牌与官方入口,品牌词,品牌/官网/正版入口，路径短、转化快，重承接与信任,1.0,,,,百度统计真实流量,1,
1612,wps!,品牌与官方入口,品牌词,品牌/官网/正版入口，路径短、转化快，重承接与信任,1.0,,,,百度统计真实流量,1,
1613,WPS 演示,品牌与官方入口,品牌词,品牌/官网/正版入口，路径短、转化快，重承接与信任,1.0,,,,百度统计真实流量,1,
1614,金山wps主页,品牌与官方入口,品牌词,品牌/官网/正版入口，路径短、转化快，重承接与信任,1.0,,,,百度统计真实流量,1,
1615,金山办公客服,品牌与官方入口,品牌词,品牌/官网/正版入口，路径短、转化快，重承接与信任,1.0,,,,百度统计真实流量,1,
1616,国务院版wps,品牌与官方入口,品牌词,品牌/官网/正版入口，路径短、转化快，重承接与信任,1.0,,,,百度统计真实流量,1,
1617,WPS Of'fi'ce,品牌与官方入口,品牌词,品牌/官网/正版入口，路径短、转化快，重承接与信任,1.0,,,,百度统计真实流量,1,
1618,Wps 网页版,品牌与官方入口,品牌词,品牌/官网/正版入口，路径短、转化快，重承接与信任,1.0,,,,百度统计真实流量,1,
1619,wangye wps,品牌与官方入口,品牌词,品牌/官网/正版入口，路径短、转化快，重承接与信任,1.0,,,,百度统计真实流量,1,
1620,wps ofiice,品牌与官方入口,品牌词,品牌/官网/正版入口，路径短、转化快，重承接与信任,1.0,,,,百度统计真实流量,1,
1621,简版wps,品牌与官方入口,品牌词,品牌/官网/正版入口，路径短、转化快，重承接与信任,1.0,,,,百度统计真实流量,1,
1622,pc级wps,品牌与官方入口,品牌词,品牌/官网/正版入口，路径短、转化快，重承接与信任,1.0,,,,百度统计真实流量,1,
1623,网页 wps,品牌与官方入口,品牌词,品牌/官网/正版入口，路径短、转化快，重承接与信任,1.0,,,,百度统计真实流量,1,
1624,Microsoft Word / WPS,品牌与官方入口,品牌词,品牌/官网/正版入口，路径短、转化快，重承接与信任,1.0,,,,百度统计真实流量,1,
1625,。wps.cn,品牌与官方入口,品牌词,品牌/官网/正版入口，路径短、转化快，重承接与信任,1.0,,,,百度统计真实流量,1,
1626,金山办公在线服务,品牌与官方入口,品牌词,品牌/官网/正版入口，路径短、转化快，重承接与信任,1.0,,,,百度统计真实流量,1,
1627,wps哪种版本好用,品牌与官方入口,品牌词,品牌/官网/正版入口，路径短、转化快，重承接与信任,1.0,,,,百度统计真实流量,1,
1628,wps office 光网,品牌与官方入口,品牌词,品牌/官网/正版入口，路径短、转化快，重承接与信任,1.0,,,,百度统计真实流量,1,
1629,wps.中国,品牌与官方入口,品牌词,品牌/官网/正版入口，路径短、转化快，重承接与信任,1.0,,,,百度统计真实流量,1,
1630,"WPS,CN",品牌与官方入口,品牌词,品牌/官网/正版入口，路径短、转化快，重承接与信任,1.0,,,,百度统计真实流量,1,
1631,https://www.WPS,品牌与官方入口,品牌词,品牌/官网/正版入口，路径短、转化快，重承接与信任,1.0,,,,百度统计真实流量,1,
1632,在线WPS程序,品牌与官方入口,品牌词,品牌/官网/正版入口，路径短、转化快，重承接与信任,1.0,,,,百度统计真实流量,1,
1633,https:www.wps.cn,品牌与官方入口,品牌词,品牌/官网/正版入口，路径短、转化快，重承接与信任,1.0,,,,百度统计真实流量,1,
1634,Wps wps,品牌与官方入口,品牌词,品牌/官网/正版入口，路径短、转化快，重承接与信任,1.0,,,,百度统计真实流量,1,
1635,Wps pc,品牌与官方入口,品牌词,品牌/官网/正版入口，路径短、转化快，重承接与信任,1.0,,,,百度统计真实流量,1,
1636,WPS pro,品牌与官方入口,品牌词,品牌/官网/正版入口，路径短、转化快，重承接与信任,1.0,,,,百度统计真实流量,1,
1637,WPS APP,品牌与官方入口,品牌词,品牌/官网/正版入口，路径短、转化快，重承接与信任,1.0,,,,百度统计真实流量,1,
1638,wps有在线的吗,品牌与官方入口,品牌词,品牌/官网/正版入口，路径短、转化快，重承接与信任,1.0,,,,百度统计真实流量,1,
1639,wps更新版本,品牌与官方入口,品牌词,品牌/官网/正版入口，路径短、转化快，重承接与信任,1.0,,,,百度统计真实流量,1,
1640,wps pdf独立版,品牌与官方入口,品牌词,品牌/官网/正版入口，路径短、转化快，重承接与信任,1.0,,,,百度统计真实流量,1,
1641,WPS2026政府版定制,品牌与官方入口,品牌词,品牌/官网/正版入口，路径短、转化快，重承接与信任,1.0,,,,百度统计真实流量,1,
1642,WPS 政企版,品牌与官方入口,品牌词,品牌/官网/正版入口，路径短、转化快，重承接与信任,1.0,,,,百度统计真实流量,1,
1643,wpsoffice .ce,品牌与官方入口,品牌词,品牌/官网/正版入口，路径短、转化快，重承接与信任,1.0,,,,百度统计真实流量,1,
1644,WPS无广告,品牌与官方入口,品牌词,品牌/官网/正版入口，路径短、转化快，重承接与信任,1.0,,,,百度统计真实流量,1,
1645,wps2023版,品牌与官方入口,品牌词,品牌/官网/正版入口，路径短、转化快，重承接与信任,1.0,,,,百度统计真实流量,1,
1646,wps pffice,品牌与官方入口,品牌词,品牌/官网/正版入口，路径短、转化快，重承接与信任,1.0,,,,百度统计真实流量,1,
1647,wps+office,品牌与官方入口,品牌词,品牌/官网/正版入口，路径短、转化快，重承接与信任,1.0,,,,百度统计真实流量,1,
1648,WPS OFFIC,品牌与官方入口,品牌词,品牌/官网/正版入口，路径短、转化快，重承接与信任,1.0,,,,百度统计真实流量,1,
1649,ws办公,品牌与官方入口,品牌词,品牌/官网/正版入口，路径短、转化快，重承接与信任,1.0,,,,百度统计真实流量,1,
1650,麒麟 wps,品牌与官方入口,品牌词,品牌/官网/正版入口，路径短、转化快，重承接与信任,1.0,,,,百度统计真实流量,1,
1651,麒麟WPS,品牌与官方入口,品牌词,品牌/官网/正版入口，路径短、转化快，重承接与信任,1.0,,,,百度统计真实流量,1,
1652,https://account.wps.cn/,品牌与官方入口,品牌词,品牌/官网/正版入口，路径短、转化快，重承接与信任,1.0,,,,百度统计真实流量,1,
1653,www.wps.cnWPS Office,品牌与官方入口,品牌词,品牌/官网/正版入口，路径短、转化快，重承接与信任,1.0,,,,百度统计真实流量,1,
1654,WPS网址,品牌与官方入口,品牌词,品牌/官网/正版入口，路径短、转化快，重承接与信任,1.0,,,,百度统计真实流量,1,
1655,WPs管网,品牌与官方入口,品牌词,品牌/官网/正版入口，路径短、转化快，重承接与信任,1.0,,,,百度统计真实流量,1,
1656,WPS登录,品牌与官方入口,品牌词,品牌/官网/正版入口，路径短、转化快，重承接与信任,1.0,,,,百度统计真实流量,1,
1657,wps referenceerror,品牌与官方入口,品牌词,品牌/官网/正版入口，路径短、转化快，重承接与信任,1.0,,,,百度统计真实流量,1,
1658,http://365.wps.cn,品牌与官方入口,品牌词,品牌/官网/正版入口，路径短、转化快，重承接与信任,1.0,,,,百度统计真实流量,1,
1659,https://www.wps.cnw,品牌与官方入口,品牌词,品牌/官网/正版入口，路径短、转化快，重承接与信任,1.0,,,,百度统计真实流量,1,
1660,https;//www.wps.cn,品牌与官方入口,品牌词,品牌/官网/正版入口，路径短、转化快，重承接与信任,1.0,,,,百度统计真实流量,1,
1661,https.//www.wps.cn,品牌与官方入口,品牌词,品牌/官网/正版入口，路径短、转化快，重承接与信任,1.0,,,,百度统计真实流量,1,
1662,wpsws,品牌与官方入口,品牌词,品牌/官网/正版入口，路径短、转化快，重承接与信任,1.0,,,,百度统计真实流量,1,
1663,` wps,品牌与官方入口,品牌词,品牌/官网/正版入口，路径短、转化快，重承接与信任,1.0,,,,百度统计真实流量,1,
1664,wps2024linux版本,品牌与官方入口,品牌词,品牌/官网/正版入口，路径短、转化快，重承接与信任,1.0,,,,百度统计真实流量,1,
1665,WPS Office网站,品牌与官方入口,品牌词,品牌/官网/正版入口，路径短、转化快，重承接与信任,1.0,,,,百度统计真实流量,1,
1666,百度wps office,品牌与官方入口,品牌词,品牌/官网/正版入口，路径短、转化快，重承接与信任,1.0,,,,百度统计真实流量,1,
1667,wps office  win7,品牌与官方入口,品牌词,品牌/官网/正版入口，路径短、转化快，重承接与信任,1.0,,,,百度统计真实流量,1,
1668,WPS字体压缩包,品牌与官方入口,品牌词,品牌/官网/正版入口，路径短、转化快，重承接与信任,1.0,,,,百度统计真实流量,1,
1669,在线wpsword文档编辑,品牌与官方入口,品牌词,品牌/官网/正版入口，路径短、转化快，重承接与信任,1.0,,,,百度统计真实流量,1,
1670,wps 银河,品牌与官方入口,品牌词,品牌/官网/正版入口，路径短、转化快，重承接与信任,1.0,,,,百度统计真实流量,1,
1671,wps arm,品牌与官方入口,品牌词,品牌/官网/正版入口，路径短、转化快，重承接与信任,1.0,,,,百度统计真实流量,1,
1672,wps网上文档,品牌与官方入口,品牌词,品牌/官网/正版入口，路径短、转化快，重承接与信任,1.0,,,,百度统计真实流量,1,
1673,WPS PDF专业版,品牌与官方入口,品牌词,品牌/官网/正版入口，路径短、转化快，重承接与信任,1.0,,,,百度统计真实流量,1,
1674,wpsexcel在线,品牌与官方入口,品牌词,品牌/官网/正版入口，路径短、转化快，重承接与信任,1.0,,,,百度统计真实流量,1,
1675,WPS在线 文档,品牌与官方入口,品牌词,品牌/官网/正版入口，路径短、转化快，重承接与信任,1.0,,,,百度统计真实流量,1,
1676,wpsoffice.lnk,品牌与官方入口,品牌词,品牌/官网/正版入口，路径短、转化快，重承接与信任,1.0,,,,百度统计真实流量,1,
1677,WPS豌豆荚,品牌与官方入口,品牌词,品牌/官网/正版入口，路径短、转化快，重承接与信任,1.0,,,,百度统计真实流量,1,
1678,wps简洁版,品牌与官方入口,品牌词,品牌/官网/正版入口，路径短、转化快，重承接与信任,1.0,,,,百度统计真实流量,1,
1679,金山WPS 365,品牌与官方入口,品牌词,品牌/官网/正版入口，路径短、转化快，重承接与信任,1.0,,,,百度统计真实流量,1,
1680,wps校园版,品牌与官方入口,品牌词,品牌/官网/正版入口，路径短、转化快，重承接与信任,1.0,,,,百度统计真实流量,1,
1681,wps,品牌与官方入口,品牌词,品牌/官网/正版入口，路径短、转化快，重承接与信任,1.0,,,,百度统计真实流量,1,
1682,麒麟版wps,品牌与官方入口,品牌词,品牌/官网/正版入口，路径短、转化快，重承接与信任,1.0,,,,百度统计真实流量,1,
1683,wpsofficeg,品牌与官方入口,品牌词,品牌/官网/正版入口，路径短、转化快，重承接与信任,1.0,,,,百度统计真实流量,1,
1684,jinshanWPS,品牌与官方入口,品牌词,品牌/官网/正版入口，路径短、转化快，重承接与信任,1.0,,,,百度统计真实流量,1,
1685,Office/WPS,品牌与官方入口,品牌词,品牌/官网/正版入口，路径短、转化快，重承接与信任,1.0,,,,百度统计真实流量,1,
1686,excel WPS,品牌与官方入口,品牌词,品牌/官网/正版入口，路径短、转化快，重承接与信任,1.0,,,,百度统计真实流量,1,
1687,wps.wps.cn,品牌与官方入口,品牌词,品牌/官网/正版入口，路径短、转化快，重承接与信任,1.0,,,,百度统计真实流量,1,
1688,个人WPS,品牌与官方入口,品牌词,品牌/官网/正版入口，路径短、转化快，重承接与信任,1.0,,,,百度统计真实流量,1,
1689,wpx办公,品牌与官方入口,品牌词,品牌/官网/正版入口，路径短、转化快，重承接与信任,1.0,,,,百度统计真实流量,1,
1690,wps2019专业版linux,品牌与官方入口,品牌词,品牌/官网/正版入口，路径短、转化快，重承接与信任,1.0,,,,百度统计真实流量,1,
1691,办公,品牌与官方入口,品牌词,品牌/官网/正版入口，路径短、转化快，重承接与信任,1.0,,,,百度统计真实流量,1,
1692,zwps,品牌与官方入口,品牌词,品牌/官网/正版入口，路径短、转化快，重承接与信任,1.0,,,,百度统计真实流量,1,
1693,swps.cn,品牌与官方入口,品牌词,品牌/官网/正版入口，路径短、转化快，重承接与信任,1.0,,,,百度统计真实流量,1,
1694,WPSpdf,品牌与官方入口,品牌词,品牌/官网/正版入口，路径短、转化快，重承接与信任,1.0,,,,百度统计真实流量,1,
1695,WPS文档线上入口,品牌与官方入口,品牌词,品牌/官网/正版入口，路径短、转化快，重承接与信任,1.0,,,,百度统计真实流量,1,
1696,wps office最新版,品牌与官方入口,品牌词,品牌/官网/正版入口，路径短、转化快，重承接与信任,1.0,,,,百度统计真实流量,1,
1697,wsp线上办公软件,品牌与官方入口,品牌词,品牌/官网/正版入口，路径短、转化快，重承接与信任,1.0,,,,百度统计真实流量,1,
1698,WPS linux 灵犀,品牌与官方入口,品牌词,品牌/官网/正版入口，路径短、转化快，重承接与信任,1.0,,,,百度统计真实流量,1,
1699,wps-office_11.1.0.11723.XA_amd64.deb,品牌与官方入口,品牌词,品牌/官网/正版入口，路径短、转化快，重承接与信任,1.0,,,,百度统计真实流量,1,
1700,金山办公软件wps,品牌与官方入口,品牌词,品牌/官网/正版入口，路径短、转化快，重承接与信任,1.0,,,,百度统计真实流量,1,
1701,wps登录入口网页版,品牌与官方入口,品牌词,品牌/官网/正版入口，路径短、转化快，重承接与信任,1.0,,,,百度统计真实流量,1,
1702,https://www.wps.cn/?act=problemshow&mod=function,品牌与官方入口,品牌词,品牌/官网/正版入口，路径短、转化快，重承接与信任,1.0,,,,百度统计真实流量,1,
1703,wps 光网,品牌与官方入口,品牌词,品牌/官网/正版入口，路径短、转化快，重承接与信任,1.0,,,,百度统计真实流量,1,
1704,wps Ppt,品牌与官方入口,品牌词,品牌/官网/正版入口，路径短、转化快，重承接与信任,1.0,,,,百度统计真实流量,1,
1705,wps网页云盘,品牌与官方入口,品牌词,品牌/官网/正版入口，路径短、转化快，重承接与信任,1.0,,,,百度统计真实流量,1,
1706,WPS 画图,品牌与官方入口,品牌词,品牌/官网/正版入口，路径短、转化快，重承接与信任,1.0,,,,百度统计真实流量,1,
1707,WPS 办公,品牌与官方入口,品牌词,品牌/官网/正版入口，路径短、转化快，重承接与信任,1.0,,,,百度统计真实流量,1,
1708,金山协作办公,品牌与官方入口,品牌词,品牌/官网/正版入口，路径短、转化快，重承接与信任,1.0,,,,百度统计真实流量,1,
1709,wps百度一下,品牌与官方入口,品牌词,品牌/官网/正版入口，路径短、转化快，重承接与信任,1.0,,,,百度统计真实流量,1,
1710,wps 微信登录,品牌与官方入口,品牌词,品牌/官网/正版入口，路径短、转化快，重承接与信任,1.0,,,,百度统计真实流量,1,
1711,wps2026统信版,品牌与官方入口,品牌词,品牌/官网/正版入口，路径短、转化快，重承接与信任,1.0,,,,百度统计真实流量,1,
1712,wps 办公软件,品牌与官方入口,品牌词,品牌/官网/正版入口，路径短、转化快，重承接与信任,1.0,,,,百度统计真实流量,1,
1713,365wps教育版,品牌与官方入口,品牌词,品牌/官网/正版入口，路径短、转化快，重承接与信任,1.0,,,,百度统计真实流量,1,
1714,wps32位版本,品牌与官方入口,品牌词,品牌/官网/正版入口，路径短、转化快，重承接与信任,1.0,,,,百度统计真实流量,1,
1715,wps 365登录,品牌与官方入口,品牌词,品牌/官网/正版入口，路径短、转化快，重承接与信任,1.0,,,,百度统计真实流量,1,
1716,wps office是,品牌与官方入口,品牌词,品牌/官网/正版入口，路径短、转化快，重承接与信任,1.0,,,,百度统计真实流量,1,
1717,wps office 2021,品牌与官方入口,品牌词,品牌/官网/正版入口，路径短、转化快，重承接与信任,1.0,,,,百度统计真实流量,1,
1718,办公WPSOffce,品牌与官方入口,品牌词,品牌/官网/正版入口，路径短、转化快，重承接与信任,1.0,,,,百度统计真实流量,1,
1719,WPS office365,品牌与官方入口,品牌词,品牌/官网/正版入口，路径短、转化快，重承接与信任,1.0,,,,百度统计真实流量,1,
1720,WPS FOR WIN7,品牌与官方入口,品牌词,品牌/官网/正版入口，路径短、转化快，重承接与信任,1.0,,,,百度统计真实流量,1,
1721,wps知识库,品牌与官方入口,品牌词,品牌/官网/正版入口，路径短、转化快，重承接与信任,1.0,,,,百度统计真实流量,1,
1722,WPS桌面版,品牌与官方入口,品牌词,品牌/官网/正版入口，路径短、转化快，重承接与信任,1.0,,,,百度统计真实流量,1,
1723,WPS文字、,品牌与官方入口,品牌词,品牌/官网/正版入口，路径短、转化快，重承接与信任,1.0,,,,百度统计真实流量,1,
1724,政企版wps,品牌与官方入口,品牌词,品牌/官网/正版入口，路径短、转化快，重承接与信任,1.0,,,,百度统计真实流量,1,
1725,wps'office,品牌与官方入口,品牌词,品牌/官网/正版入口，路径短、转化快，重承接与信任,1.0,,,,百度统计真实流量,1,
1726,WPS offIce,品牌与官方入口,品牌词,品牌/官网/正版入口，路径短、转化快，重承接与信任,1.0,,,,百度统计真实流量,1,
1727,wps网官,品牌与官方入口,品牌词,品牌/官网/正版入口，路径短、转化快，重承接与信任,1.0,,,,百度统计真实流量,1,
1728,金山在綫,品牌与官方入口,品牌词,品牌/官网/正版入口，路径短、转化快，重承接与信任,1.0,,,,百度统计真实流量,1,
1729,wps观望,品牌与官方入口,品牌词,品牌/官网/正版入口，路径短、转化快，重承接与信任,1.0,,,,百度统计真实流量,1,
1730,WPS更新,品牌与官方入口,品牌词,品牌/官网/正版入口，路径短、转化快，重承接与信任,1.0,,,,百度统计真实流量,1,
1731,WPS插图,品牌与官方入口,品牌词,品牌/官网/正版入口，路径短、转化快，重承接与信任,1.0,,,,百度统计真实流量,1,
1732,wps。com,品牌与官方入口,品牌词,品牌/官网/正版入口，路径短、转化快，重承接与信任,1.0,,,,百度统计真实流量,1,
1733,/wps,品牌与官方入口,品牌词,品牌/官网/正版入口，路径短、转化快，重承接与信任,1.0,,,,百度统计真实流量,1,
1734,wps,品牌与官方入口,品牌词,品牌/官网/正版入口，路径短、转化快，重承接与信任,1.0,,,,百度统计真实流量,1,
1735,wpspjb,品牌与官方入口,品牌词,品牌/官网/正版入口，路径短、转化快，重承接与信任,1.0,,,,百度统计真实流量,1,
1736,WPSoffse,品牌与官方入口,品牌词,品牌/官网/正版入口，路径短、转化快，重承接与信任,1.0,,,,百度统计真实流量,1,
1737,wpsl;,品牌与官方入口,品牌词,品牌/官网/正版入口，路径短、转化快，重承接与信任,1.0,,,,百度统计真实流量,1,
1738,WPS办公软件管网,品牌与官方入口,品牌词,品牌/官网/正版入口，路径短、转化快，重承接与信任,1.0,,,,百度统计真实流量,1,
1739,Word/Wps,品牌与官方入口,品牌词,品牌/官网/正版入口，路径短、转化快，重承接与信任,1.0,,,,百度统计真实流量,1,
1740,wps.cn / www.wps.cn,品牌与官方入口,品牌词,品牌/官网/正版入口，路径短、转化快，重承接与信任,1.0,,,,百度统计真实流量,1,
1741,.wps文件在线阅读,品牌与官方入口,品牌词,品牌/官网/正版入口，路径短、转化快，重承接与信任,1.0,,,,百度统计真实流量,1,
1742,wps office线上,品牌与官方入口,品牌词,品牌/官网/正版入口，路径短、转化快，重承接与信任,1.0,,,,百度统计真实流量,1,
1743,wps office个人搬,品牌与官方入口,品牌词,品牌/官网/正版入口，路径短、转化快，重承接与信任,1.0,,,,百度统计真实流量,1,
1744,WPS Linux个人版,品牌与官方入口,品牌词,品牌/官网/正版入口，路径短、转化快，重承接与信任,1.0,,,,百度统计真实流量,1,
1745,金山wps办公软件,品牌与官方入口,品牌词,品牌/官网/正版入口，路径短、转化快，重承接与信任,1.0,,,,百度统计真实流量,1,
1746,WPSOFFIC,品牌与官方入口,品牌词,品牌/官网/正版入口，路径短、转化快，重承接与信任,1.0,,,,百度统计真实流量,1,
1747,在线打开WPS文件,品牌与官方入口,品牌词,品牌/官网/正版入口，路径短、转化快，重承接与信任,1.0,,,,百度统计真实流量,1,
1748,wps winserver版,品牌与官方入口,品牌词,品牌/官网/正版入口，路径短、转化快，重承接与信任,1.0,,,,百度统计真实流量,1,
1749,WPSCN,品牌与官方入口,品牌词,品牌/官网/正版入口，路径短、转化快，重承接与信任,1.0,,,,百度统计真实流量,1,
1750,wps独立图片编辑器,品牌与官方入口,品牌词,品牌/官网/正版入口，路径短、转化快，重承接与信任,1.0,,,,百度统计真实流量,1,
1751,WPS/CN,品牌与官方入口,品牌词,品牌/官网/正版入口，路径短、转化快，重承接与信任,1.0,,,,百度统计真实流量,1,
1752,WPS APK,品牌与官方入口,品牌词,品牌/官网/正版入口，路径短、转化快，重承接与信任,1.0,,,,百度统计真实流量,1,
1753,WPS x64,品牌与官方入口,品牌词,品牌/官网/正版入口，路径短、转化快，重承接与信任,1.0,,,,百度统计真实流量,1,
1754,wps在线浏览,品牌与官方入口,品牌词,品牌/官网/正版入口，路径短、转化快，重承接与信任,1.0,,,,百度统计真实流量,1,
1755,WPS考试专用版,品牌与官方入口,品牌词,品牌/官网/正版入口，路径短、转化快，重承接与信任,1.0,,,,百度统计真实流量,1,
1756,wps 64位 入口在哪,品牌与官方入口,品牌词,品牌/官网/正版入口，路径短、转化快，重承接与信任,1.0,,,,百度统计真实流量,1,
1757,wps网登录页版,品牌与官方入口,品牌词,品牌/官网/正版入口，路径短、转化快，重承接与信任,1.0,,,,百度统计真实流量,1,
1758,wps网页版”,品牌与官方入口,品牌词,品牌/官网/正版入口，路径短、转化快，重承接与信任,1.0,,,,百度统计真实流量,1,
1759,wps文档中台,品牌与官方入口,品牌词,品牌/官网/正版入口，路径短、转化快，重承接与信任,1.0,,,,百度统计真实流量,1,
1760,WPS2023专业版,品牌与官方入口,品牌词,品牌/官网/正版入口，路径短、转化快，重承接与信任,1.0,,,,百度统计真实流量,1,
1761,WPS 365网页版,品牌与官方入口,品牌词,品牌/官网/正版入口，路径短、转化快，重承接与信任,1.0,,,,百度统计真实流量,1,
1762,wps开放平台,品牌与官方入口,品牌词,品牌/官网/正版入口，路径短、转化快，重承接与信任,1.0,,,,百度统计真实流量,1,
1763,wpsoffice文档,品牌与官方入口,品牌词,品牌/官网/正版入口，路径短、转化快，重承接与信任,1.0,,,,百度统计真实流量,1,
1764,www.WPS路cn,品牌与官方入口,品牌词,品牌/官网/正版入口，路径短、转化快，重承接与信任,1.0,,,,百度统计真实流量,1,
1765,平板PC版WPS,品牌与官方入口,品牌词,品牌/官网/正版入口，路径短、转化快，重承接与信任,1.0,,,,百度统计真实流量,1,
1766,文档wpsoffice,品牌与官方入口,品牌词,品牌/官网/正版入口，路径短、转化快，重承接与信任,1.0,,,,百度统计真实流量,1,
1767,WPSofficePC,品牌与官方入口,品牌词,品牌/官网/正版入口，路径短、转化快，重承接与信任,1.0,,,,百度统计真实流量,1,
1768,的办公软件,品牌与官方入口,品牌词,品牌/官网/正版入口，路径短、转化快，重承接与信任,1.0,,,,百度统计真实流量,1,
1769,office.wps.cn,品牌与官方入口,品牌词,品牌/官网/正版入口，路径短、转化快，重承接与信任,1.0,,,,百度统计真实流量,1,
1770,wps网页班,品牌与官方入口,品牌词,品牌/官网/正版入口，路径短、转化快，重承接与信任,1.0,,,,百度统计真实流量,1,
1771,wps轻量版,品牌与官方入口,品牌词,品牌/官网/正版入口，路径短、转化快，重承接与信任,1.0,,,,百度统计真实流量,1,
1772,WPS电子版,品牌与官方入口,品牌词,品牌/官网/正版入口，路径短、转化快，重承接与信任,1.0,,,,百度统计真实流量,1,
1773,电脑端WPS,品牌与官方入口,品牌词,品牌/官网/正版入口，路径短、转化快，重承接与信任,1.0,,,,百度统计真实流量,1,
1774,个人版WPS,品牌与官方入口,品牌词,品牌/官网/正版入口，路径短、转化快，重承接与信任,1.0,,,,百度统计真实流量,1,
1775,wpsottice,品牌与官方入口,品牌词,品牌/官网/正版入口，路径短、转化快，重承接与信任,1.0,,,,百度统计真实流量,1,
1776,WWW.wps.cn,品牌与官方入口,品牌词,品牌/官网/正版入口，路径短、转化快，重承接与信任,1.0,,,,百度统计真实流量,1,
1777,新版wps,品牌与官方入口,品牌词,品牌/官网/正版入口，路径短、转化快，重承接与信任,1.0,,,,百度统计真实流量,1,
1778,"wps在线,",品牌与官方入口,品牌词,品牌/官网/正版入口，路径短、转化快，重承接与信任,1.0,,,,百度统计真实流量,1,
1779,最新wps,品牌与官方入口,品牌词,品牌/官网/正版入口，路径短、转化快，重承接与信任,1.0,,,,百度统计真实流量,1,
1780,WPS介绍,品牌与官方入口,品牌词,品牌/官网/正版入口，路径短、转化快，重承接与信任,1.0,,,,百度统计真实流量,1,
1781,办公WPS,品牌与官方入口,品牌词,品牌/官网/正版入口，路径短、转化快，重承接与信任,1.0,,,,百度统计真实流量,1,
1782,wps、=,品牌与官方入口,品牌词,品牌/官网/正版入口，路径短、转化快，重承接与信任,1.0,,,,百度统计真实流量,1,
1783,WPS、、,品牌与官方入口,品牌词,品牌/官网/正版入口，路径短、转化快，重承接与信任,1.0,,,,百度统计真实流量,1,
1784,WPS Office.com.cn,品牌与官方入口,品牌词,品牌/官网/正版入口，路径短、转化快，重承接与信任,1.0,,,,百度统计真实流量,1,
1785,q、wps,品牌与官方入口,品牌词,品牌/官网/正版入口，路径短、转化快，重承接与信任,1.0,,,,百度统计真实流量,1,
1786,",,wps",品牌与官方入口,品牌词,品牌/官网/正版入口，路径短、转化快，重承接与信任,1.0,,,,百度统计真实流量,1,
1787,金山在线表格网址,品牌与官方入口,品牌词,品牌/官网/正版入口，路径短、转化快，重承接与信任,1.0,,,,百度统计真实流量,1,
1788,wps 文档网页版,品牌与官方入口,品牌词,品牌/官网/正版入口，路径短、转化快，重承接与信任,1.0,,,,百度统计真实流量,1,
1789,WPS 专业增强版,品牌与官方入口,品牌词,品牌/官网/正版入口，路径短、转化快，重承接与信任,1.0,,,,百度统计真实流量,1,
1790,wps word文档入口,品牌与官方入口,品牌词,品牌/官网/正版入口，路径短、转化快，重承接与信任,1.0,,,,百度统计真实流量,1,
1791,https://www..wps.cn,品牌与官方入口,品牌词,品牌/官网/正版入口，路径短、转化快，重承接与信任,1.0,,,,百度统计真实流量,1,
1792,excalwps,品牌与官方入口,品牌词,品牌/官网/正版入口，路径短、转化快，重承接与信任,1.0,,,,百度统计真实流量,1,
1793,wps完整版vba组件,品牌与官方入口,品牌词,品牌/官网/正版入口，路径短、转化快，重承接与信任,1.0,,,,百度统计真实流量,1,
1794,wps在线共享编辑,品牌与官方入口,品牌词,品牌/官网/正版入口，路径短、转化快，重承接与信任,1.0,,,,百度统计真实流量,1,
1795,wps多维表格文档,品牌与官方入口,品牌词,品牌/官网/正版入口，路径短、转化快，重承接与信任,1.0,,,,百度统计真实流量,1,
1796,金山办公WPS64位,品牌与官方入口,品牌词,品牌/官网/正版入口，路径短、转化快，重承接与信任,1.0,,,,百度统计真实流量,1,
1797,",,WPS",品牌与官方入口,品牌词,品牌/官网/正版入口，路径短、转化快，重承接与信任,1.0,,,,百度统计真实流量,1,
1798,WPS OFFICE電腦版,品牌与官方入口,品牌词,品牌/官网/正版入口，路径短、转化快，重承接与信任,1.0,,,,百度统计真实流量,1,
1799,WPS32位,品牌与官方入口,品牌词,品牌/官网/正版入口，路径短、转化快，重承接与信任,1.0,,,,百度统计真实流量,1,
1800,wps客服24小时人工服务热线,品牌与官方入口,品牌词,品牌/官网/正版入口，路径短、转化快，重承接与信任,1.0,,,,百度统计真实流量,1,
1801,wps office excel,品牌与官方入口,品牌词,品牌/官网/正版入口，路径短、转化快，重承接与信任,1.0,,,,百度统计真实流量,1,
1802,wps 灵犀,品牌与官方入口,品牌词,品牌/官网/正版入口，路径短、转化快，重承接与信任,1.0,,,,百度统计真实流量,1,
1803,WPS 】,品牌与官方入口,品牌词,品牌/官网/正版入口，路径短、转化快，重承接与信任,1.0,,,,百度统计真实流量,1,
1804,WPS网页版登录,品牌与官方入口,品牌词,品牌/官网/正版入口，路径短、转化快，重承接与信任,1.0,,,,百度统计真实流量,1,
1805,wps电脑网页,品牌与官方入口,品牌词,品牌/官网/正版入口，路径短、转化快，重承接与信任,1.0,,,,百度统计真实流量,1,
1806,wps稳定版本,品牌与官方入口,品牌词,品牌/官网/正版入口，路径短、转化快，重承接与信任,1.0,,,,百度统计真实流量,1,
1807,wps ppt网页版,品牌与官方入口,品牌词,品牌/官网/正版入口，路径短、转化快，重承接与信任,1.0,,,,百度统计真实流量,1,
1808,wps电脑办公,品牌与官方入口,品牌词,品牌/官网/正版入口，路径短、转化快，重承接与信任,1.0,,,,百度统计真实流量,1,
1809,2016版本wps,品牌与官方入口,品牌词,品牌/官网/正版入口，路径短、转化快，重承接与信任,1.0,,,,百度统计真实流量,1,
1810,wps windows,品牌与官方入口,品牌词,品牌/官网/正版入口，路径短、转化快，重承接与信任,1.0,,,,百度统计真实流量,1,
1811,wwww.wps.cn,品牌与官方入口,品牌词,品牌/官网/正版入口，路径短、转化快，重承接与信任,1.0,,,,百度统计真实流量,1,
1812,wpswangyewban,品牌与官方入口,品牌词,品牌/官网/正版入口，路径短、转化快，重承接与信任,1.0,,,,百度统计真实流量,1,
1813,WPS365_office,品牌与官方入口,品牌词,品牌/官网/正版入口，路径短、转化快，重承接与信任,1.0,,,,百度统计真实流量,1,
1814,在线wps ppt,品牌与官方入口,品牌词,品牌/官网/正版入口，路径短、转化快，重承接与信任,1.0,,,,百度统计真实流量,1,
1815,wps w'p'swps,品牌与官方入口,品牌词,品牌/官网/正版入口，路径短、转化快，重承接与信任,1.0,,,,百度统计真实流量,1,
1816,WPS 云服务,品牌与官方入口,品牌词,品牌/官网/正版入口，路径短、转化快，重承接与信任,1.0,,,,百度统计真实流量,1,
1817,WWW.WPS.CON,品牌与官方入口,品牌词,品牌/官网/正版入口，路径短、转化快，重承接与信任,1.0,,,,百度统计真实流量,1,
1818,wpsoffice2025,品牌与官方入口,品牌词,品牌/官网/正版入口，路径短、转化快，重承接与信任,1.0,,,,百度统计真实流量,1,
1819,wps输入法,品牌与官方入口,品牌词,品牌/官网/正版入口，路径短、转化快，重承接与信任,1.0,,,,百度统计真实流量,1,
1820,wps客服端,品牌与官方入口,品牌词,品牌/官网/正版入口，路径短、转化快，重承接与信任,1.0,,,,百度统计真实流量,1,
1821,wps在心啊,品牌与官方入口,品牌词,品牌/官网/正版入口，路径短、转化快，重承接与信任,1.0,,,,百度统计真实流量,1,
1822,WPS线上版,品牌与官方入口,品牌词,品牌/官网/正版入口，路径短、转化快，重承接与信任,1.0,,,,百度统计真实流量,1,
1823,WPS365在线,品牌与官方入口,品牌词,品牌/官网/正版入口，路径短、转化快，重承接与信任,1.0,,,,百度统计真实流量,1,
1824,"www.wps/cp,",品牌与官方入口,品牌词,品牌/官网/正版入口，路径短、转化快，重承接与信任,1.0,,,,百度统计真实流量,1,
1825,wps网站PPT,品牌与官方入口,品牌词,品牌/官网/正版入口，路径短、转化快，重承接与信任,1.0,,,,百度统计真实流量,1,
1826,"那就装WPS,",品牌与官方入口,品牌词,品牌/官网/正版入口，路径短、转化快，重承接与信任,1.0,,,,百度统计真实流量,1,
1827,wps excle,品牌与官方入口,品牌词,品牌/官网/正版入口，路径短、转化快，重承接与信任,1.0,,,,百度统计真实流量,1,
1828,WPS Linux,品牌与官方入口,品牌词,品牌/官网/正版入口，路径短、转化快，重承接与信任,1.0,,,,百度统计真实流量,1,
1829,ww.wps.con,品牌与官方入口,品牌词,品牌/官网/正版入口，路径短、转化快，重承接与信任,1.0,,,,百度统计真实流量,1,
1830,"www,WPS,CN",品牌与官方入口,品牌词,品牌/官网/正版入口，路径短、转化快，重承接与信任,1.0,,,,百度统计真实流量,1,
1831,www wps cn,品牌与官方入口,品牌词,品牌/官网/正版入口，路径短、转化快，重承接与信任,1.0,,,,百度统计真实流量,1,
1832,金三wps,品牌与官方入口,品牌词,品牌/官网/正版入口，路径短、转化快，重承接与信任,1.0,,,,百度统计真实流量,1,
1833,国网WPS,品牌与官方入口,品牌词,品牌/官网/正版入口，路径短、转化快，重承接与信任,1.0,,,,百度统计真实流量,1,
1834,表格wps,品牌与官方入口,品牌词,品牌/官网/正版入口，路径短、转化快，重承接与信任,1.0,,,,百度统计真实流量,1,
1835,TV版wps,品牌与官方入口,品牌词,品牌/官网/正版入口，路径短、转化快，重承接与信任,1.0,,,,百度统计真实流量,1,
1836,WPS网,品牌与官方入口,品牌词,品牌/官网/正版入口，路径短、转化快，重承接与信任,1.0,,,,百度统计真实流量,1,
1837,wps商家,品牌与官方入口,品牌词,品牌/官网/正版入口，路径短、转化快，重承接与信任,1.0,,,,百度统计真实流量,1,
1838,wps word文档在线使用,品牌与官方入口,品牌词,品牌/官网/正版入口，路径短、转化快，重承接与信任,1.0,,,,百度统计真实流量,1,
1839,搜狗wps,品牌与官方入口,品牌词,品牌/官网/正版入口，路径短、转化快，重承接与信任,1.0,,,,百度统计真实流量,1,
1840,WWW》WPS,品牌与官方入口,品牌词,品牌/官网/正版入口，路径短、转化快，重承接与信任,1.0,,,,百度统计真实流量,1,
1841,WPS》cn,品牌与官方入口,品牌词,品牌/官网/正版入口，路径短、转化快，重承接与信任,1.0,,,,百度统计真实流量,1,
1842,https://www.wps.con,品牌与官方入口,品牌词,品牌/官网/正版入口，路径短、转化快，重承接与信任,1.0,,,,百度统计真实流量,1,
1843,wp;s wps,品牌与官方入口,品牌词,品牌/官网/正版入口，路径短、转化快，重承接与信任,1.0,,,,百度统计真实流量,1,
1844,WPS Office在线,品牌与官方入口,品牌词,品牌/官网/正版入口，路径短、转化快，重承接与信任,1.0,,,,百度统计真实流量,1,
1845,wps word文档官網,品牌与官方入口,品牌词,品牌/官网/正版入口，路径短、转化快，重承接与信任,1.0,,,,百度统计真实流量,1,
1846,wPS\,品牌与官方入口,品牌词,品牌/官网/正版入口，路径短、转化快，重承接与信任,1.0,,,,百度统计真实流量,1,
1847,wps在线登录入口,品牌与官方入口,品牌词,品牌/官网/正版入口，路径短、转化快，重承接与信任,1.0,,,,百度统计真实流量,1,
1848,wps无广告纯净版,品牌与官方入口,品牌词,品牌/官网/正版入口，路径短、转化快，重承接与信任,1.0,,,,百度统计真实流量,1,
1849,WPS>CN,品牌与官方入口,品牌词,品牌/官网/正版入口，路径短、转化快，重承接与信任,1.0,,,,百度统计真实流量,1,
1850,Wps64位,品牌与官方入口,品牌词,品牌/官网/正版入口，路径短、转化快，重承接与信任,1.0,,,,百度统计真实流量,1,
1851,wps windows xp,品牌与官方入口,品牌词,品牌/官网/正版入口，路径短、转化快，重承接与信任,1.0,,,,百度统计真实流量,1,
1852,wps1在线,品牌与官方入口,品牌词,品牌/官网/正版入口，路径短、转化快，重承接与信任,1.0,,,,百度统计真实流量,1,
1853,WOR/WPS,品牌与官方入口,品牌词,品牌/官网/正版入口，路径短、转化快，重承接与信任,1.0,,,,百度统计真实流量,1,
1854,wsp办公软件,品牌与官方入口,品牌词,品牌/官网/正版入口，路径短、转化快，重承接与信任,1.0,,,,百度统计真实流量,1,
1855,WPS多人协作,品牌与官方入口,品牌词,品牌/官网/正版入口，路径短、转化快，重承接与信任,1.0,,,,百度统计真实流量,1,
1856,wps ppt软件,品牌与官方入口,品牌词,品牌/官网/正版入口，路径短、转化快，重承接与信任,1.0,,,,百度统计真实流量,1,
1857,wps#,品牌与官方入口,品牌词,品牌/官网/正版入口，路径短、转化快，重承接与信任,1.0,,,,百度统计真实流量,1,
1858,wps ofd插件,品牌与官方入口,品牌词,品牌/官网/正版入口，路径短、转化快，重承接与信任,1.0,,,,百度统计真实流量,1,
1859,wps 工作,品牌与官方入口,品牌词,品牌/官网/正版入口，路径短、转化快，重承接与信任,1.0,,,,百度统计真实流量,1,
1860,wpsoffice网页,品牌与官方入口,品牌词,品牌/官网/正版入口，路径短、转化快，重承接与信任,1.0,,,,百度统计真实流量,1,
1861,WPSoffice管网,品牌与官方入口,品牌词,品牌/官网/正版入口，路径短、转化快，重承接与信任,1.0,,,,百度统计真实流量,1,
1862,WPS 最新版本,品牌与官方入口,品牌词,品牌/官网/正版入口，路径短、转化快，重承接与信任,1.0,,,,百度统计真实流量,1,
1863,wps arm64版本,品牌与官方入口,品牌词,品牌/官网/正版入口，路径短、转化快，重承接与信任,1.0,,,,百度统计真实流量,1,
1864,wps word在线,品牌与官方入口,品牌词,品牌/官网/正版入口，路径短、转化快，重承接与信任,1.0,,,,百度统计真实流量,1,
1865,WPS2025政府版,品牌与官方入口,品牌词,品牌/官网/正版入口，路径短、转化快，重承接与信任,1.0,,,,百度统计真实流量,1,
1866,在线WPS编辑,品牌与官方入口,品牌词,品牌/官网/正版入口，路径短、转化快，重承接与信任,1.0,,,,百度统计真实流量,1,
1867,wps哪一年的最好用,品牌与官方入口,品牌词,品牌/官网/正版入口，路径短、转化快，重承接与信任,1.0,,,,百度统计真实流量,1,
1868,xianshangwps,品牌与官方入口,品牌词,品牌/官网/正版入口，路径短、转化快，重承接与信任,1.0,,,,百度统计真实流量,1,
1869,Offices wps,品牌与官方入口,品牌词,品牌/官网/正版入口，路径短、转化快，重承接与信任,1.0,,,,百度统计真实流量,1,
1870,在线WPS excel,品牌与官方入口,品牌词,品牌/官网/正版入口，路径短、转化快，重承接与信任,1.0,,,,百度统计真实流量,1,
1871,wps offic2019,品牌与官方入口,品牌词,品牌/官网/正版入口，路径短、转化快，重承接与信任,1.0,,,,百度统计真实流量,1,
1872,https://wps-office.com.cn,品牌与官方入口,品牌词,品牌/官网/正版入口，路径短、转化快，重承接与信任,1.0,,,,百度统计真实流量,1,
1873,wps 最新版,品牌与官方入口,品牌词,品牌/官网/正版入口，路径短、转化快，重承接与信任,1.0,,,,百度统计真实流量,1,
1874,WPS 网页端,品牌与官方入口,品牌词,品牌/官网/正版入口，路径短、转化快，重承接与信任,1.0,,,,百度统计真实流量,1,
1875,wps软件apk,品牌与官方入口,品牌词,品牌/官网/正版入口，路径短、转化快，重承接与信任,1.0,,,,百度统计真实流量,1,
1876,wpsooffice,品牌与官方入口,品牌词,品牌/官网/正版入口，路径短、转化快，重承接与信任,1.0,,,,百度统计真实流量,1,
1877,WPs office,品牌与官方入口,品牌词,品牌/官网/正版入口，路径短、转化快，重承接与信任,1.0,,,,百度统计真实流量,1,
1878,www.wps.cn金山办公,品牌与官方入口,品牌词,品牌/官网/正版入口，路径短、转化快，重承接与信任,1.0,,,,百度统计真实流量,1,
1879,www.wps.on,品牌与官方入口,品牌词,品牌/官网/正版入口，路径短、转化快，重承接与信任,1.0,,,,百度统计真实流量,1,
1880,wps压缩,品牌与官方入口,品牌词,品牌/官网/正版入口，路径短、转化快，重承接与信任,1.0,,,,百度统计真实流量,1,
1881,灵犀wps,品牌与官方入口,品牌词,品牌/官网/正版入口，路径短、转化快，重承接与信任,1.0,,,,百度统计真实流量,1,
1882,路WPS,品牌与官方入口,品牌词,品牌/官网/正版入口，路径短、转化快，重承接与信任,1.0,,,,百度统计真实流量,1,
1883,wps-cn,品牌与官方入口,品牌词,品牌/官网/正版入口，路径短、转化快，重承接与信任,1.0,,,,百度统计真实流量,1,
1884,www.wps.cn.wps,品牌与官方入口,品牌词,品牌/官网/正版入口，路径短、转化快，重承接与信任,1.0,,,,百度统计真实流量,1,
1885,WPS Office 个人版本,品牌与官方入口,品牌词,品牌/官网/正版入口，路径短、转化快，重承接与信任,1.0,,,,百度统计真实流量,1,
1886,wps桌面整理,品牌与官方入口,品牌词,品牌/官网/正版入口，路径短、转化快，重承接与信任,1.0,,,,百度统计真实流量,1,
1887,wps精简版电脑,品牌与官方入口,品牌词,品牌/官网/正版入口，路径短、转化快，重承接与信任,1.0,,,,百度统计真实流量,1,
1888,wps tv,品牌与官方入口,品牌词,品牌/官网/正版入口，路径短、转化快，重承接与信任,1.0,,,,百度统计真实流量,1,
1889,wps +,品牌与官方入口,品牌词,品牌/官网/正版入口，路径短、转化快，重承接与信任,1.0,,,,百度统计真实流量,1,
1890,wps专业版vba,品牌与官方入口,品牌词,品牌/官网/正版入口，路径短、转化快，重承接与信任,1.0,,,,百度统计真实流量,1,
1891,www.WPS .com,品牌与官方入口,品牌词,品牌/官网/正版入口，路径短、转化快，重承接与信任,1.0,,,,百度统计真实流量,1,
1892,WpsOffice,品牌与官方入口,品牌词,品牌/官网/正版入口，路径短、转化快，重承接与信任,1.0,,,,百度统计真实流量,1,
1893,WPSZUIXIN,品牌与官方入口,品牌词,品牌/官网/正版入口，路径短、转化快，重承接与信任,1.0,,,,百度统计真实流量,1,
1894,WPS win11,品牌与官方入口,品牌词,品牌/官网/正版入口，路径短、转化快，重承接与信任,1.0,,,,百度统计真实流量,1,
1895,wpswin8.1,品牌与官方入口,品牌词,品牌/官网/正版入口，路径短、转化快，重承接与信任,1.0,,,,百度统计真实流量,1,
1896,wps文件,品牌与官方入口,品牌词,品牌/官网/正版入口，路径短、转化快，重承接与信任,1.0,,,,百度统计真实流量,1,
1897,办公软件wps office,品牌与官方入口,品牌词,品牌/官网/正版入口，路径短、转化快，重承接与信任,1.0,,,,百度统计真实流量,1,
1898,(https://www.wps.cn/,品牌与官方入口,品牌词,品牌/官网/正版入口，路径短、转化快，重承接与信任,1.0,,,,百度统计真实流量,1,
1899,wps office单机版,品牌与官方入口,品牌词,品牌/官网/正版入口，路径短、转化快，重承接与信任,1.0,,,,百度统计真实流量,1,
1900,鈥學PS Office WPS,品牌与官方入口,品牌词,品牌/官网/正版入口，路径短、转化快，重承接与信任,1.0,,,,百度统计真实流量,1,
1901,qWPS,品牌与官方入口,品牌词,品牌/官网/正版入口，路径短、转化快，重承接与信任,1.0,,,,百度统计真实流量,1,
1902,0WPS,品牌与官方入口,品牌词,品牌/官网/正版入口，路径短、转化快，重承接与信任,1.0,,,,百度统计真实流量,1,
1903,WAP办公软件,品牌与官方入口,品牌词,品牌/官网/正版入口，路径短、转化快，重承接与信任,1.0,,,,百度统计真实流量,1,
1904,wps 2025,品牌与官方入口,品牌词,品牌/官网/正版入口，路径短、转化快，重承接与信任,1.0,,,,百度统计真实流量,1,
1905,wps w,品牌与官方入口,品牌词,品牌/官网/正版入口，路径短、转化快，重承接与信任,1.0,,,,百度统计真实流量,1,
1906,WPS 管网,品牌与官方入口,品牌词,品牌/官网/正版入口，路径短、转化快，重承接与信任,1.0,,,,百度统计真实流量,1,
1907,WPS W,品牌与官方入口,品牌词,品牌/官网/正版入口，路径短、转化快，重承接与信任,1.0,,,,百度统计真实流量,1,
1908,WPS软件最新,品牌与官方入口,品牌词,品牌/官网/正版入口，路径短、转化快，重承接与信任,1.0,,,,百度统计真实流量,1,
1909,excel wps在线,品牌与官方入口,品牌词,品牌/官网/正版入口，路径短、转化快，重承接与信任,1.0,,,,百度统计真实流量,1,
1910,金山wps版本,品牌与官方入口,品牌词,品牌/官网/正版入口，路径短、转化快，重承接与信任,1.0,,,,百度统计真实流量,1,
1911,wpsguangwang,品牌与官方入口,品牌词,品牌/官网/正版入口，路径短、转化快，重承接与信任,1.0,,,,百度统计真实流量,1,
1912,wps outlook,品牌与官方入口,品牌词,品牌/官网/正版入口，路径短、转化快，重承接与信任,1.0,,,,百度统计真实流量,1,
1913,work.wps.cn,品牌与官方入口,品牌词,品牌/官网/正版入口，路径短、转化快，重承接与信任,1.0,,,,百度统计真实流量,1,
1914,plus.wps.cn,品牌与官方入口,品牌词,品牌/官网/正版入口，路径短、转化快，重承接与信任,1.0,,,,百度统计真实流量,1,
1915,wpsofficepc版,品牌与官方入口,品牌词,品牌/官网/正版入口，路径短、转化快，重承接与信任,1.0,,,,百度统计真实流量,1,
1916,wps在线网页版登录,品牌与官方入口,品牌词,品牌/官网/正版入口，路径短、转化快，重承接与信任,1.0,,,,百度统计真实流量,1,
1917,j金山办公,品牌与官方入口,品牌词,品牌/官网/正版入口，路径短、转化快，重承接与信任,1.0,,,,百度统计真实流量,1,
1918,wps64版本,品牌与官方入口,品牌词,品牌/官网/正版入口，路径短、转化快，重承接与信任,1.0,,,,百度统计真实流量,1,
1919,wps offica,品牌与官方入口,品牌词,品牌/官网/正版入口，路径短、转化快，重承接与信任,1.0,,,,百度统计真实流量,1,
1920,mo.wps.cn,品牌与官方入口,品牌词,品牌/官网/正版入口，路径短、转化快，重承接与信任,1.0,,,,百度统计真实流量,1,
1921,wps ofice,品牌与官方入口,品牌词,品牌/官网/正版入口，路径短、转化快，重承接与信任,1.0,,,,百度统计真实流量,1,
1922,wps人工,品牌与官方入口,品牌词,品牌/官网/正版入口，路径短、转化快，重承接与信任,1.0,,,,百度统计真实流量,1,
1923,wps老版,品牌与官方入口,品牌词,品牌/官网/正版入口，路径短、转化快，重承接与信任,1.0,,,,百度统计真实流量,1,
1924,office办公软件WPS,品牌与官方入口,品牌词,品牌/官网/正版入口，路径短、转化快，重承接与信任,1.0,,,,百度统计真实流量,1,
1925,WPS OFFICE 客户端首页,品牌与官方入口,品牌词,品牌/官网/正版入口，路径短、转化快，重承接与信任,1.0,,,,百度统计真实流量,1,
1926,WPS版本,品牌与官方入口,品牌词,品牌/官网/正版入口，路径短、转化快，重承接与信任,1.0,,,,百度统计真实流量,1,
1927,wps电脑网页版登录入口,品牌与官方入口,品牌词,品牌/官网/正版入口，路径短、转化快，重承接与信任,1.0,,,,百度统计真实流量,1,
1928,教师wps,品牌与官方入口,品牌词,品牌/官网/正版入口，路径短、转化快，重承接与信任,1.0,,,,百度统计真实流量,1,
1929,WPS在线登录入口,品牌与官方入口,品牌词,品牌/官网/正版入口，路径短、转化快，重承接与信任,1.0,,,,百度统计真实流量,1,
1930,金山WPS流式软件,品牌与官方入口,品牌词,品牌/官网/正版入口，路径短、转化快，重承接与信任,1.0,,,,百度统计真实流量,1,
1931,wps在线打开文档,品牌与官方入口,品牌词,品牌/官网/正版入口，路径短、转化快，重承接与信任,1.0,,,,百度统计真实流量,1,
1932,wps2019银河麒麟版,品牌与官方入口,品牌词,品牌/官网/正版入口，路径短、转化快，重承接与信任,1.0,,,,百度统计真实流量,1,
1933,wps professional,品牌与官方入口,品牌词,品牌/官网/正版入口，路径短、转化快，重承接与信任,1.0,,,,百度统计真实流量,1,
1934,WPS365.,品牌与官方入口,品牌词,品牌/官网/正版入口，路径短、转化快，重承接与信任,1.0,,,,百度统计真实流量,1,
1935,wPS2023,品牌与官方入口,品牌词,品牌/官网/正版入口，路径短、转化快，重承接与信任,1.0,,,,百度统计真实流量,1,
1936,wps.COM,品牌与官方入口,品牌词,品牌/官网/正版入口，路径短、转化快，重承接与信任,1.0,,,,百度统计真实流量,1,
1937,WPS浏览器助手,品牌与官方入口,品牌词,品牌/官网/正版入口，路径短、转化快，重承接与信任,1.0,,,,百度统计真实流量,1,
1938,办公软件 首页,品牌与官方入口,品牌词,品牌/官网/正版入口，路径短、转化快，重承接与信任,1.0,,,,百度统计真实流量,1,
1939,WPS XP,品牌与官方入口,品牌词,品牌/官网/正版入口，路径短、转化快，重承接与信任,1.0,,,,百度统计真实流量,1,
1940,wps图片应用,品牌与官方入口,品牌词,品牌/官网/正版入口，路径短、转化快，重承接与信任,1.0,,,,百度统计真实流量,1,
1941,wps网盘网页版,品牌与官方入口,品牌词,品牌/官网/正版入口，路径短、转化快，重承接与信任,1.0,,,,百度统计真实流量,1,
1942,wps国产版本,品牌与官方入口,品牌词,品牌/官网/正版入口，路径短、转化快，重承接与信任,1.0,,,,百度统计真实流量,1,
1943,wps2019个人版,品牌与官方入口,品牌词,品牌/官网/正版入口，路径短、转化快，重承接与信任,1.0,,,,百度统计真实流量,1,
1944,wps pc网页版,品牌与官方入口,品牌词,品牌/官网/正版入口，路径短、转化快，重承接与信任,1.0,,,,百度统计真实流量,1,
1945,WPS最新绿色版,品牌与官方入口,品牌词,品牌/官网/正版入口，路径短、转化快，重承接与信任,1.0,,,,百度统计真实流量,1,
1946,WPS WPS文档,品牌与官方入口,品牌词,品牌/官网/正版入口，路径短、转化快，重承接与信任,1.0,,,,百度统计真实流量,1,
1947,WPS云盘客户端,品牌与官方入口,品牌词,品牌/官网/正版入口，路径短、转化快，重承接与信任,1.0,,,,百度统计真实流量,1,
1948,wpsexcel软件,品牌与官方入口,品牌词,品牌/官网/正版入口，路径短、转化快，重承接与信任,1.0,,,,百度统计真实流量,1,
1949,金山wps 64位,品牌与官方入口,品牌词,品牌/官网/正版入口，路径短、转化快，重承接与信任,1.0,,,,百度统计真实流量,1,
1950,wps升级64位,品牌与官方入口,品牌词,品牌/官网/正版入口，路径短、转化快，重承接与信任,1.0,,,,百度统计真实流量,1,
1951,wps 在线ppt,品牌与官方入口,品牌词,品牌/官网/正版入口，路径短、转化快，重承接与信任,1.0,,,,百度统计真实流量,1,
1952,word网页版wps,品牌与官方入口,品牌词,品牌/官网/正版入口，路径短、转化快，重承接与信任,1.0,,,,百度统计真实流量,1,
1953,32位版本的WPS,品牌与官方入口,品牌词,品牌/官网/正版入口，路径短、转化快，重承接与信任,1.0,,,,百度统计真实流量,1,
1954,wps officePC,品牌与官方入口,品牌词,品牌/官网/正版入口，路径短、转化快，重承接与信任,1.0,,,,百度统计真实流量,1,
1955,wpsoffice2026,品牌与官方入口,品牌词,品牌/官网/正版入口，路径短、转化快，重承接与信任,1.0,,,,百度统计真实流量,1,
1956,wps宏插件,品牌与官方入口,品牌词,品牌/官网/正版入口，路径短、转化快，重承接与信任,1.0,,,,百度统计真实流量,1,
1957,wps国产版,品牌与官方入口,品牌词,品牌/官网/正版入口，路径短、转化快，重承接与信任,1.0,,,,百度统计真实流量,1,
1958,wpsppt协作,品牌与官方入口,品牌词,品牌/官网/正版入口，路径短、转化快，重承接与信任,1.0,,,,百度统计真实流量,1,
1959,WPS-Office,品牌与官方入口,品牌词,品牌/官网/正版入口，路径短、转化快，重承接与信任,1.0,,,,百度统计真实流量,1,
1960,WPS Oddice,品牌与官方入口,品牌词,品牌/官网/正版入口，路径短、转化快，重承接与信任,1.0,,,,百度统计真实流量,1,
1961,金山OFFCIE,品牌与官方入口,品牌词,品牌/官网/正版入口，路径短、转化快，重承接与信任,1.0,,,,百度统计真实流量,1,
1962,金山wpsoffice网页版,品牌与官方入口,品牌词,品牌/官网/正版入口，路径短、转化快，重承接与信任,1.0,,,,百度统计真实流量,1,
1963,http://www.wpsoffic.com/,品牌与官方入口,品牌词,品牌/官网/正版入口，路径短、转化快，重承接与信任,1.0,,,,百度统计真实流量,1,
1964,https://www.wps.cn/WPS,品牌与官方入口,品牌词,品牌/官网/正版入口，路径短、转化快，重承接与信任,1.0,,,,百度统计真实流量,1,
1965,wps下載,品牌与官方入口,品牌词,品牌/官网/正版入口，路径短、转化快，重承接与信任,1.0,,,,百度统计真实流量,1,
1966,wps社区,品牌与官方入口,品牌词,品牌/官网/正版入口，路径短、转化快，重承接与信任,1.0,,,,百度统计真实流量,1,
1967,wps網頁,品牌与官方入口,品牌词,品牌/官网/正版入口，路径短、转化快，重承接与信任,1.0,,,,百度统计真实流量,1,
1968,WPS公网,品牌与官方入口,品牌词,品牌/官网/正版入口，路径短、转化快，重承接与信任,1.0,,,,百度统计真实流量,1,
1969,wps officeguanwang,品牌与官方入口,品牌词,品牌/官网/正版入口，路径短、转化快，重承接与信任,1.0,,,,百度统计真实流量,1,
1970,ww.wps,品牌与官方入口,品牌词,品牌/官网/正版入口，路径短、转化快，重承接与信任,1.0,,,,百度统计真实流量,1,
1971,】wps,品牌与官方入口,品牌词,品牌/官网/正版入口，路径短、转化快，重承接与信任,1.0,,,,百度统计真实流量,1,
1972,wps 64位beta版本,品牌与官方入口,品牌词,品牌/官网/正版入口，路径短、转化快，重承接与信任,1.0,,,,百度统计真实流量,1,
1973,WPSXP版,品牌与官方入口,品牌词,品牌/官网/正版入口，路径短、转化快，重承接与信任,1.0,,,,百度统计真实流量,1,
1974,wpsWPS,品牌与官方入口,品牌词,品牌/官网/正版入口，路径短、转化快，重承接与信任,1.0,,,,百度统计真实流量,1,
1975,:WPS,品牌与官方入口,品牌词,品牌/官网/正版入口，路径短、转化快，重承接与信任,1.0,,,,百度统计真实流量,1,
1976,WPS Office 在线,品牌与官方入口,品牌词,品牌/官网/正版入口，路径短、转化快，重承接与信任,1.0,,,,百度统计真实流量,1,
1977,wps方正小标宋简体,品牌与官方入口,品牌词,品牌/官网/正版入口，路径短、转化快，重承接与信任,1.0,,,,百度统计真实流量,1,
1978,ps://www.wps.cn/,品牌与官方入口,品牌词,品牌/官网/正版入口，路径短、转化快，重承接与信任,1.0,,,,百度统计真实流量,1,
1979,金山 wps office,品牌与官方入口,品牌词,品牌/官网/正版入口，路径短、转化快，重承接与信任,1.0,,,,百度统计真实流量,1,
1980,wps.365,品牌与官方入口,品牌词,品牌/官网/正版入口，路径短、转化快，重承接与信任,1.0,,,,百度统计真实流量,1,
1981,WPS.,品牌与官方入口,品牌词,品牌/官网/正版入口，路径短、转化快，重承接与信任,1.0,,,,百度统计真实流量,1,
1982,http://wps..cn,品牌与官方入口,品牌词,品牌/官网/正版入口，路径短、转化快，重承接与信任,1.0,,,,百度统计真实流量,1,
1983,wps个人完整版,品牌与官方入口,品牌词,品牌/官网/正版入口，路径短、转化快，重承接与信任,1.0,,,,百度统计真实流量,1,
1984,wps在线服务,品牌与官方入口,品牌词,品牌/官网/正版入口，路径短、转化快，重承接与信任,1.0,,,,百度统计真实流量,1,
1985,wps 3654,品牌与官方入口,品牌词,品牌/官网/正版入口，路径短、转化快，重承接与信任,1.0,,,,百度统计真实流量,1,
1986,wps网页版ppt,品牌与官方入口,品牌词,品牌/官网/正版入口，路径短、转化快，重承接与信任,1.0,,,,百度统计真实流量,1,
1987,WPSWANGZHAN,品牌与官方入口,品牌词,品牌/官网/正版入口，路径短、转化快，重承接与信任,1.0,,,,百度统计真实流量,1,
1988,wps官司网,品牌与官方入口,品牌词,品牌/官网/正版入口，路径短、转化快，重承接与信任,1.0,,,,百度统计真实流量,1,
1989,WPS的在线,品牌与官方入口,品牌词,品牌/官网/正版入口，路径短、转化快，重承接与信任,1.0,,,,百度统计真实流量,1,
1990,WPS绿色版,品牌与官方入口,品牌词,品牌/官网/正版入口，路径短、转化快，重承接与信任,1.0,,,,百度统计真实流量,1,
1991,wps office 在线的,品牌与官方入口,品牌词,品牌/官网/正版入口，路径短、转化快，重承接与信任,1.0,,,,百度统计真实流量,1,
1992,WPS+Office,品牌与官方入口,品牌词,品牌/官网/正版入口，路径短、转化快，重承接与信任,1.0,,,,百度统计真实流量,1,
1993,WPS comate,品牌与官方入口,品牌词,品牌/官网/正版入口，路径短、转化快，重承接与信任,1.0,,,,百度统计真实流量,1,
1994,WPS EXCEL,品牌与官方入口,品牌词,品牌/官网/正版入口，路径短、转化快，重承接与信任,1.0,,,,百度统计真实流量,1,
1995,wpscom,品牌与官方入口,品牌词,品牌/官网/正版入口，路径短、转化快，重承接与信任,1.0,,,,百度统计真实流量,1,
1996,www.wps.coom,品牌与官方入口,品牌词,品牌/官网/正版入口，路径短、转化快，重承接与信任,1.0,,,,百度统计真实流量,1,
1997,wpsoffce软件,品牌与官方入口,品牌词,品牌/官网/正版入口，路径短、转化快，重承接与信任,1.0,,,,百度统计真实流量,1,
1998,wps word表格,品牌与官方入口,品牌词,品牌/官网/正版入口，路径短、转化快，重承接与信任,1.0,,,,百度统计真实流量,1,
1999,办公软件 wps,品牌与官方入口,品牌词,品牌/官网/正版入口，路径短、转化快，重承接与信任,1.0,,,,百度统计真实流量,1,
2000,wpsoffice网页版登录,品牌与官方入口,品牌词,品牌/官网/正版入口，路径短、转化快，重承接与信任,1.0,,,,百度统计真实流量,1,
2001,百度一下 wps,品牌与官方入口,品牌词,品牌/官网/正版入口，路径短、转化快，重承接与信任,1.0,,,,百度统计真实流量,1,
2002,wps应用中心 电脑端,品牌与官方入口,品牌词,品牌/官网/正版入口，路径短、转化快，重承接与信任,1.0,,,,百度统计真实流量,1,
2003,wps 新版,品牌与官方入口,品牌词,品牌/官网/正版入口，路径短、转化快，重承接与信任,0.0,,,,百度统计真实流量,1,
2004,金山pdf专业版,品牌与官方入口,品牌词,品牌/官网/正版入口，路径短、转化快，重承接与信任,,63.0,,,第三方工具-社区SEO,1,
2005,excel办公软件,品牌与官方入口,品牌词,品牌/官网/正版入口，路径短、转化快，重承接与信任,,62.0,,,第三方工具-社区SEO,1,
2006,金山pdf阅读器,品牌与官方入口,品牌词,品牌/官网/正版入口，路径短、转化快，重承接与信任,,47.0,,,第三方工具-社区SEO,1,
2007,金山pdf独立版,品牌与官方入口,品牌词,品牌/官网/正版入口，路径短、转化快，重承接与信任,,30.0,,,第三方工具-社区SEO,1,
2008,wps转化为word,品牌与官方入口,品牌词,品牌/官网/正版入口，路径短、转化快，重承接与信任,,31.0,,,第三方工具-社区SEO,1,
2009,wps压缩pdf文件大小,品牌与官方入口,品牌词,品牌/官网/正版入口，路径短、转化快，重承接与信任,,13.0,,,第三方工具-社区SEO,1,
2010,word办公软件,品牌与官方入口,品牌词,品牌/官网/正版入口，路径短、转化快，重承接与信任,,118.0,,,第三方工具-社区SEO,1,
2011,wps的excel,品牌与官方入口,品牌词,品牌/官网/正版入口，路径短、转化快，重承接与信任,,15.0,,,第三方工具-社区SEO,1,
2012,wps的ppt,品牌与官方入口,品牌词,品牌/官网/正版入口，路径短、转化快，重承接与信任,,9.0,,,第三方工具-社区SEO,1,
2013,wps的pdf,品牌与官方入口,品牌词,品牌/官网/正版入口，路径短、转化快，重承接与信任,,12.0,,,第三方工具-社区SEO,1,
2014,wps中excel,品牌与官方入口,品牌词,品牌/官网/正版入口，路径短、转化快，重承接与信任,,6.0,,,第三方工具-社区SEO,1,
2015,wps中的excel,品牌与官方入口,品牌词,品牌/官网/正版入口，路径短、转化快，重承接与信任,,5.0,,,第三方工具-社区SEO,1,
2016,wps的word文档,品牌与官方入口,品牌词,品牌/官网/正版入口，路径短、转化快，重承接与信任,,9.0,,,第三方工具-社区SEO,1,
2017,金山pdf,品牌与官方入口,品牌词,品牌/官网/正版入口，路径短、转化快，重承接与信任,,2.0,,,第三方工具-社区SEO,1,
2018,w'p's,品牌与官方入口,品牌词变体,品牌/官网/正版入口，路径短、转化快，重承接与信任,769.0,,,,百度统计真实流量,1,
2019,wsp官网,品牌与官方入口,品牌词变体,品牌/官网/正版入口，路径短、转化快，重承接与信任,115.0,,,,百度统计真实流量,1,
2020,waps office,品牌与官方入口,品牌词变体,品牌/官网/正版入口，路径短、转化快，重承接与信任,54.0,,,,百度统计真实流量,1,
2021,w p s,品牌与官方入口,品牌词变体,品牌/官网/正版入口，路径短、转化快，重承接与信任,46.0,,,,百度统计真实流量,1,
2022,WSP官网,品牌与官方入口,品牌词变体,品牌/官网/正版入口，路径短、转化快，重承接与信任,37.0,,,,百度统计真实流量,1,
2023,wsp软件,品牌与官方入口,品牌词变体,品牌/官网/正版入口，路径短、转化快，重承接与信任,36.0,,,,百度统计真实流量,1,
2024,wp's,品牌与官方入口,品牌词变体,品牌/官网/正版入口，路径短、转化快，重承接与信任,34.0,,,,百度统计真实流量,1,
2025,WSP官方,品牌与官方入口,品牌词变体,品牌/官网/正版入口，路径短、转化快，重承接与信任,34.0,,,,百度统计真实流量,1,
2026,wsp office,品牌与官方入口,品牌词变体,品牌/官网/正版入口，路径短、转化快，重承接与信任,33.0,,,,百度统计真实流量,1,
2027,鈥學PS Office,品牌与官方入口,品牌词变体,品牌/官网/正版入口，路径短、转化快，重承接与信任,29.0,,,,百度统计真实流量,1,
2028,w'ps,品牌与官方入口,品牌词变体,品牌/官网/正版入口，路径短、转化快，重承接与信任,27.0,,,,百度统计真实流量,1,
2029,wsp在线,品牌与官方入口,品牌词变体,品牌/官网/正版入口，路径短、转化快，重承接与信任,26.0,,,,百度统计真实流量,1,
2030,wpps,品牌与官方入口,品牌词变体,品牌/官网/正版入口，路径短、转化快，重承接与信任,25.0,,,,百度统计真实流量,1,
2031,wspoffice,品牌与官方入口,品牌词变体,品牌/官网/正版入口，路径短、转化快，重承接与信任,25.0,,,,百度统计真实流量,1,
2032,jinshanwendang,品牌与官方入口,品牌词变体,品牌/官网/正版入口，路径短、转化快，重承接与信任,23.0,,,,百度统计真实流量,1,
2033,wpx,品牌与官方入口,品牌词变体,品牌/官网/正版入口，路径短、转化快，重承接与信任,22.0,,,,百度统计真实流量,1,
2034,wpd官网网站入口,品牌与官方入口,品牌词变体,品牌/官网/正版入口，路径短、转化快，重承接与信任,16.0,,,,百度统计真实流量,1,
2035,w'pso'f'fi'ce,品牌与官方入口,品牌词变体,品牌/官网/正版入口，路径短、转化快，重承接与信任,15.0,,,,百度统计真实流量,1,
2036,wsp网页版,品牌与官方入口,品牌词变体,品牌/官网/正版入口，路径短、转化快，重承接与信任,15.0,,,,百度统计真实流量,1,
2037,W PS,品牌与官方入口,品牌词变体,品牌/官网/正版入口，路径短、转化快，重承接与信任,10.0,,,,百度统计真实流量,1,
2038,w ps,品牌与官方入口,品牌词变体,品牌/官网/正版入口，路径短、转化快，重承接与信任,10.0,,,,百度统计真实流量,1,
2039,wp;s,品牌与官方入口,品牌词变体,品牌/官网/正版入口，路径短、转化快，重承接与信任,9.0,,,,百度统计真实流量,1,
2040,wp s,品牌与官方入口,品牌词变体,品牌/官网/正版入口，路径短、转化快，重承接与信任,7.0,,,,百度统计真实流量,1,
2041,w'p's官网,品牌与官方入口,品牌词变体,品牌/官网/正版入口，路径短、转化快，重承接与信任,7.0,,,,百度统计真实流量,1,
2042,wsp官方,品牌与官方入口,品牌词变体,品牌/官网/正版入口，路径短、转化快，重承接与信任,6.0,,,,百度统计真实流量,1,
2043,waps office官网,品牌与官方入口,品牌词变体,品牌/官网/正版入口，路径短、转化快，重承接与信任,6.0,,,,百度统计真实流量,1,
2044,wpp网页版,品牌与官方入口,品牌词变体,品牌/官网/正版入口，路径短、转化快，重承接与信任,5.0,,,,百度统计真实流量,1,
2045,wpx官网,品牌与官方入口,品牌词变体,品牌/官网/正版入口，路径短、转化快，重承接与信任,5.0,,,,百度统计真实流量,1,
2046,jinshanbangong,品牌与官方入口,品牌词变体,品牌/官网/正版入口，路径短、转化快，重承接与信任,5.0,,,,百度统计真实流量,1,
2047,wap office,品牌与官方入口,品牌词变体,品牌/官网/正版入口，路径短、转化快，重承接与信任,5.0,,,,百度统计真实流量,1,
2048,w\ps,品牌与官方入口,品牌词变体,品牌/官网/正版入口，路径短、转化快，重承接与信任,4.0,,,,百度统计真实流量,1,
2049,wsp.cn,品牌与官方入口,品牌词变体,品牌/官网/正版入口，路径短、转化快，重承接与信任,4.0,,,,百度统计真实流量,1,
2050,jinshan bangong,品牌与官方入口,品牌词变体,品牌/官网/正版入口，路径短、转化快，重承接与信任,4.0,,,,百度统计真实流量,1,
2051,WP[S,品牌与官方入口,品牌词变体,品牌/官网/正版入口，路径短、转化快，重承接与信任,4.0,,,,百度统计真实流量,1,
2052,W P S,品牌与官方入口,品牌词变体,品牌/官网/正版入口，路径短、转化快，重承接与信任,3.0,,,,百度统计真实流量,1,
2053,wp[s,品牌与官方入口,品牌词变体,品牌/官网/正版入口，路径短、转化快，重承接与信任,3.0,,,,百度统计真实流量,1,
2054,wpd官网入口,品牌与官方入口,品牌词变体,品牌/官网/正版入口，路径短、转化快，重承接与信任,3.0,,,,百度统计真实流量,1,
2055,WSP软件,品牌与官方入口,品牌词变体,品牌/官网/正版入口，路径短、转化快，重承接与信任,3.0,,,,百度统计真实流量,1,
2056,wbs office,品牌与官方入口,品牌词变体,品牌/官网/正版入口，路径短、转化快，重承接与信任,3.0,,,,百度统计真实流量,1,
2057,在线office,品牌与官方入口,品牌词变体,品牌/官网/正版入口，路径短、转化快，重承接与信任,2.0,,,,百度统计真实流量,1,
2058,wsp365,品牌与官方入口,品牌词变体,品牌/官网/正版入口，路径短、转化快，重承接与信任,2.0,,,,百度统计真实流量,1,
2059,w.p.s.,品牌与官方入口,品牌词变体,品牌/官网/正版入口，路径短、转化快，重承接与信任,2.0,,,,百度统计真实流量,1,
2060,WSP 编辑版,品牌与官方入口,品牌词变体,品牌/官网/正版入口，路径短、转化快，重承接与信任,2.0,,,,百度统计真实流量,1,
2061,WSP,品牌与官方入口,品牌词变体,品牌/官网/正版入口，路径短、转化快，重承接与信任,2.0,,,,百度统计真实流量,1,
2062,www.ps.cn,品牌与官方入口,品牌词变体,品牌/官网/正版入口，路径短、转化快，重承接与信任,2.0,,,,百度统计真实流量,1,
2063,jinsahnwendang,品牌与官方入口,品牌词变体,品牌/官网/正版入口，路径短、转化快，重承接与信任,2.0,,,,百度统计真实流量,1,
2064,woffice,品牌与官方入口,品牌词变体,品牌/官网/正版入口，路径短、转化快，重承接与信任,2.0,,,,百度统计真实流量,1,
2065,W'p's,品牌与官方入口,品牌词变体,品牌/官网/正版入口，路径短、转化快，重承接与信任,2.0,,,,百度统计真实流量,1,
2066,W\PS,品牌与官方入口,品牌词变体,品牌/官网/正版入口，路径短、转化快，重承接与信任,2.0,,,,百度统计真实流量,1,
2067,wsp,品牌与官方入口,品牌词变体,品牌/官网/正版入口，路径短、转化快，重承接与信任,2.0,,,,百度统计真实流量,1,
2068,W P S宫网,品牌与官方入口,品牌词变体,品牌/官网/正版入口，路径短、转化快，重承接与信任,2.0,,,,百度统计真实流量,1,
2069,WPD网页版,品牌与官方入口,品牌词变体,品牌/官网/正版入口，路径短、转化快，重承接与信任,2.0,,,,百度统计真实流量,1,
2070,Wp's,品牌与官方入口,品牌词变体,品牌/官网/正版入口，路径短、转化快，重承接与信任,2.0,,,,百度统计真实流量,1,
2071,waps官网,品牌与官方入口,品牌词变体,品牌/官网/正版入口，路径短、转化快，重承接与信任,2.0,,,,百度统计真实流量,1,
2072,wspoffice官网,品牌与官方入口,品牌词变体,品牌/官网/正版入口，路径短、转化快，重承接与信任,2.0,,,,百度统计真实流量,1,
2073,www.wsp.cn/,品牌与官方入口,品牌词变体,品牌/官网/正版入口，路径短、转化快，重承接与信任,2.0,,,,百度统计真实流量,1,
2074,wpd网页版,品牌与官方入口,品牌词变体,品牌/官网/正版入口，路径短、转化快，重承接与信任,2.0,,,,百度统计真实流量,1,
2075,WP\S,品牌与官方入口,品牌词变体,品牌/官网/正版入口，路径短、转化快，重承接与信任,2.0,,,,百度统计真实流量,1,
2076,WSP在线,品牌与官方入口,品牌词变体,品牌/官网/正版入口，路径短、转化快，重承接与信任,2.0,,,,百度统计真实流量,1,
2077,wpd网页版入口,品牌与官方入口,品牌词变体,品牌/官网/正版入口，路径短、转化快，重承接与信任,2.0,,,,百度统计真实流量,1,
2078,ｗｐｓ官网,品牌与官方入口,品牌词变体,品牌/官网/正版入口，路径短、转化快，重承接与信任,2.0,,,,百度统计真实流量,1,
2079,wsp office官网,品牌与官方入口,品牌词变体,品牌/官网/正版入口，路径短、转化快，重承接与信任,2.0,,,,百度统计真实流量,1,
2080,pws office,品牌与官方入口,品牌词变体,品牌/官网/正版入口，路径短、转化快，重承接与信任,2.0,,,,百度统计真实流量,1,
2081,WAP office,品牌与官方入口,品牌词变体,品牌/官网/正版入口，路径短、转化快，重承接与信任,2.0,,,,百度统计真实流量,1,
2082,W.P.S,品牌与官方入口,品牌词变体,品牌/官网/正版入口，路径短、转化快，重承接与信任,2.0,,,,百度统计真实流量,1,
2083,wsp 官网,品牌与官方入口,品牌词变体,品牌/官网/正版入口，路径短、转化快，重承接与信任,2.0,,,,百度统计真实流量,1,
2084,WPPS,品牌与官方入口,品牌词变体,品牌/官网/正版入口，路径短、转化快，重承接与信任,1.0,,,,百度统计真实流量,1,
2085,WPX官网,品牌与官方入口,品牌词变体,品牌/官网/正版入口，路径短、转化快，重承接与信任,1.0,,,,百度统计真实流量,1,
2086,WPX,品牌与官方入口,品牌词变体,品牌/官网/正版入口，路径短、转化快，重承接与信任,1.0,,,,百度统计真实流量,1,
2087,waps网页,品牌与官方入口,品牌词变体,品牌/官网/正版入口，路径短、转化快，重承接与信任,1.0,,,,百度统计真实流量,1,
2088,Wpoffice,品牌与官方入口,品牌词变体,品牌/官网/正版入口，路径短、转化快，重承接与信任,1.0,,,,百度统计真实流量,1,
2089,w.p.s,品牌与官方入口,品牌词变体,品牌/官网/正版入口，路径短、转化快，重承接与信任,1.0,,,,百度统计真实流量,1,
2090,Office网页版,品牌与官方入口,品牌词变体,品牌/官网/正版入口，路径短、转化快，重承接与信任,1.0,,,,百度统计真实流量,1,
2091,WPD Office,品牌与官方入口,品牌词变体,品牌/官网/正版入口，路径短、转化快，重承接与信任,1.0,,,,百度统计真实流量,1,
2092,在线office打开,品牌与官方入口,品牌词变体,品牌/官网/正版入口，路径短、转化快，重承接与信任,1.0,,,,百度统计真实流量,1,
2093,WSoffice,品牌与官方入口,品牌词变体,品牌/官网/正版入口，路径短、转化快，重承接与信任,1.0,,,,百度统计真实流量,1,
2094,轻量级office软件,品牌与官方入口,品牌词变体,品牌/官网/正版入口，路径短、转化快，重承接与信任,1.0,,,,百度统计真实流量,1,
2095,jinsahnwengdang,品牌与官方入口,品牌词变体,品牌/官网/正版入口，路径短、转化快，重承接与信任,1.0,,,,百度统计真实流量,1,
2096,wspoffice官方网站,品牌与官方入口,品牌词变体,品牌/官网/正版入口，路径短、转化快，重承接与信任,1.0,,,,百度统计真实流量,1,
2097,jinshanwsp,品牌与官方入口,品牌词变体,品牌/官网/正版入口，路径短、转化快，重承接与信任,1.0,,,,百度统计真实流量,1,
2098,wsp官网登录入口,品牌与官方入口,品牌词变体,品牌/官网/正版入口，路径短、转化快，重承接与信任,1.0,,,,百度统计真实流量,1,
2099,jinsahnwendang],品牌与官方入口,品牌词变体,品牌/官网/正版入口，路径短、转化快，重承接与信任,1.0,,,,百度统计真实流量,1,
2100,office官网wp,品牌与官方入口,品牌词变体,品牌/官网/正版入口，路径短、转化快，重承接与信任,1.0,,,,百度统计真实流量,1,
2101,WPD 网页版,品牌与官方入口,品牌词变体,品牌/官网/正版入口，路径短、转化快，重承接与信任,1.0,,,,百度统计真实流量,1,
2102,在线wsp,品牌与官方入口,品牌词变体,品牌/官网/正版入口，路径短、转化快，重承接与信任,1.0,,,,百度统计真实流量,1,
2103,wsp网,品牌与官方入口,品牌词变体,品牌/官网/正版入口，路径短、转化快，重承接与信任,1.0,,,,百度统计真实流量,1,
2104,wsp officeguanwang,品牌与官方入口,品牌词变体,品牌/官网/正版入口，路径短、转化快，重承接与信任,1.0,,,,百度统计真实流量,1,
2105,WSP 官网,品牌与官方入口,品牌词变体,品牌/官网/正版入口，路径短、转化快，重承接与信任,1.0,,,,百度统计真实流量,1,
2106,鈥學PSOffice,品牌与官方入口,品牌词变体,品牌/官网/正版入口，路径短、转化快，重承接与信任,1.0,,,,百度统计真实流量,1,
2107,WSP OFFIC,品牌与官方入口,品牌词变体,品牌/官网/正版入口，路径短、转化快，重承接与信任,1.0,,,,百度统计真实流量,1,
2108,wspoffoce,品牌与官方入口,品牌词变体,品牌/官网/正版入口，路径短、转化快，重承接与信任,1.0,,,,百度统计真实流量,1,
2109,WPC OFFICE,品牌与官方入口,品牌词变体,品牌/官网/正版入口，路径短、转化快，重承接与信任,1.0,,,,百度统计真实流量,1,
2110,wpc office官网,品牌与官方入口,品牌词变体,品牌/官网/正版入口，路径短、转化快，重承接与信任,1.0,,,,百度统计真实流量,1,
2111,wap office官网,品牌与官方入口,品牌词变体,品牌/官网/正版入口，路径短、转化快，重承接与信任,1.0,,,,百度统计真实流量,1,
2112,wsoffice,品牌与官方入口,品牌词变体,品牌/官网/正版入口，路径短、转化快，重承接与信任,1.0,,,,百度统计真实流量,1,
2113,wbs OFFICE,品牌与官方入口,品牌词变体,品牌/官网/正版入口，路径短、转化快，重承接与信任,1.0,,,,百度统计真实流量,1,
2114,wP S,品牌与官方入口,品牌词变体,品牌/官网/正版入口，路径短、转化快，重承接与信任,1.0,,,,百度统计真实流量,1,
2115,WP S,品牌与官方入口,品牌词变体,品牌/官网/正版入口，路径短、转化快，重承接与信任,1.0,,,,百度统计真实流量,1,
2116,WSp官方,品牌与官方入口,品牌词变体,品牌/官网/正版入口，路径短、转化快，重承接与信任,1.0,,,,百度统计真实流量,1,
2117,w\PS,品牌与官方入口,品牌词变体,品牌/官网/正版入口，路径短、转化快，重承接与信任,1.0,,,,百度统计真实流量,1,
2118,w'p's网页版,品牌与官方入口,品牌词变体,品牌/官网/正版入口，路径短、转化快，重承接与信任,1.0,,,,百度统计真实流量,1,
2119,w'p'soffice,品牌与官方入口,品牌词变体,品牌/官网/正版入口，路径短、转化快，重承接与信任,1.0,,,,百度统计真实流量,1,
2120,Wpc office,品牌与官方入口,品牌词变体,品牌/官网/正版入口，路径短、转化快，重承接与信任,1.0,,,,百度统计真实流量,1,
2121,WSPoffice,品牌与官方入口,品牌词变体,品牌/官网/正版入口，路径短、转化快，重承接与信任,1.0,,,,百度统计真实流量,1,
2122,WOS office,品牌与官方入口,品牌词变体,品牌/官网/正版入口，路径短、转化快，重承接与信任,1.0,,,,百度统计真实流量,1,
2123,JINSHANWENDANG,品牌与官方入口,品牌词变体,品牌/官网/正版入口，路径短、转化快，重承接与信任,1.0,,,,百度统计真实流量,1,
2124,WPC office,品牌与官方入口,品牌词变体,品牌/官网/正版入口，路径短、转化快，重承接与信任,1.0,,,,百度统计真实流量,1,
2125,wap office官方,品牌与官方入口,品牌词变体,品牌/官网/正版入口，路径短、转化快，重承接与信任,1.0,,,,百度统计真实流量,1,
2126,wsp学堂官网,品牌与官方入口,品牌词变体,品牌/官网/正版入口，路径短、转化快，重承接与信任,1.0,,,,百度统计真实流量,1,
2127,网上编辑w'p's,品牌与官方入口,品牌词变体,品牌/官网/正版入口，路径短、转化快，重承接与信任,1.0,,,,百度统计真实流量,1,
2128,wspguanwang,品牌与官方入口,品牌词变体,品牌/官网/正版入口，路径短、转化快，重承接与信任,1.0,,,,百度统计真实流量,1,
2129,JINSAHNWENDANG,品牌与官方入口,品牌词变体,品牌/官网/正版入口，路径短、转化快，重承接与信任,1.0,,,,百度统计真实流量,1,
2130,wsp office 网络版,品牌与官方入口,品牌词变体,品牌/官网/正版入口，路径短、转化快，重承接与信任,1.0,,,,百度统计真实流量,1,
2131,wops office,品牌与官方入口,品牌词变体,品牌/官网/正版入口，路径短、转化快，重承接与信任,1.0,,,,百度统计真实流量,1,
2132,WSP 在线,品牌与官方入口,品牌词变体,品牌/官网/正版入口，路径短、转化快，重承接与信任,1.0,,,,百度统计真实流量,1,
2133,Wspoffice,品牌与官方入口,品牌词变体,品牌/官网/正版入口，路径短、转化快，重承接与信任,1.0,,,,百度统计真实流量,1,
2134,wbsoffice,品牌与官方入口,品牌词变体,品牌/官网/正版入口，路径短、转化快，重承接与信任,1.0,,,,百度统计真实流量,1,
2135,WSP网页版,品牌与官方入口,品牌词变体,品牌/官网/正版入口，路径短、转化快，重承接与信任,1.0,,,,百度统计真实流量,1,
2136,ＷＰＳ官网２０２３版,品牌与官方入口,品牌词变体,品牌/官网/正版入口，路径短、转化快，重承接与信任,1.0,,,,百度统计真实流量,1,
2137,wp\s,品牌与官方入口,品牌词变体,品牌/官网/正版入口，路径短、转化快，重承接与信任,1.0,,,,百度统计真实流量,1,
2138,WSP office,品牌与官方入口,品牌词变体,品牌/官网/正版入口，路径短、转化快，重承接与信任,1.0,,,,百度统计真实流量,1,
2139,www.wsp.cn,品牌与官方入口,品牌词变体,品牌/官网/正版入口，路径短、转化快，重承接与信任,1.0,,,,百度统计真实流量,1,
2140,wsp官方网站,品牌与官方入口,品牌词变体,品牌/官网/正版入口，路径短、转化快，重承接与信任,1.0,,,,百度统计真实流量,1,
2141,www.wpx.cn,品牌与官方入口,品牌词变体,品牌/官网/正版入口，路径短、转化快，重承接与信任,1.0,,,,百度统计真实流量,1,
2142,w p[s,品牌与官方入口,品牌词变体,品牌/官网/正版入口，路径短、转化快，重承接与信任,1.0,,,,百度统计真实流量,1,
2143,wapoffice官网,品牌与官方入口,品牌词变体,品牌/官网/正版入口，路径短、转化快，重承接与信任,1.0,,,,百度统计真实流量,1,
2144,WSPOffice,品牌与官方入口,品牌词变体,品牌/官网/正版入口，路径短、转化快，重承接与信任,1.0,,,,百度统计真实流量,1,
2145,w ps .cn,品牌与官方入口,品牌词变体,品牌/官网/正版入口，路径短、转化快，重承接与信任,1.0,,,,百度统计真实流量,1,
2146,wpx office,品牌与官方入口,品牌词变体,品牌/官网/正版入口，路径短、转化快，重承接与信任,1.0,,,,百度统计真实流量,1,
2147,wpd office,品牌与官方入口,品牌词变体,品牌/官网/正版入口，路径短、转化快，重承接与信任,1.0,,,,百度统计真实流量,1,
2148,wsp线上,品牌与官方入口,品牌词变体,品牌/官网/正版入口，路径短、转化快，重承接与信任,1.0,,,,百度统计真实流量,1,
2149,wsp官網,品牌与官方入口,品牌词变体,品牌/官网/正版入口，路径短、转化快，重承接与信任,1.0,,,,百度统计真实流量,1,
2150,WSP官網,品牌与官方入口,品牌词变体,品牌/官网/正版入口，路径短、转化快，重承接与信任,1.0,,,,百度统计真实流量,1,
2151,W PS office.,品牌与官方入口,品牌词变体,品牌/官网/正版入口，路径短、转化快，重承接与信任,1.0,,,,百度统计真实流量,1,
2152,w'pso'f'f'ce,品牌与官方入口,品牌词变体,品牌/官网/正版入口，路径短、转化快，重承接与信任,1.0,,,,百度统计真实流量,1,
2153,WTSoffice,品牌与官方入口,品牌词变体,品牌/官网/正版入口，路径短、转化快，重承接与信任,1.0,,,,百度统计真实流量,1,
2154,在线office编辑,品牌与官方入口,品牌词变体,品牌/官网/正版入口，路径短、转化快，重承接与信任,1.0,,,,百度统计真实流量,1,
2155,wsp 在线版,品牌与官方入口,品牌词变体,品牌/官网/正版入口，路径短、转化快，重承接与信任,1.0,,,,百度统计真实流量,1,
2156,wsp365官网,品牌与官方入口,品牌词变体,品牌/官网/正版入口，路径短、转化快，重承接与信任,1.0,,,,百度统计真实流量,1,
2157,w.ps,品牌与官方入口,品牌词变体,品牌/官网/正版入口，路径短、转化快，重承接与信任,1.0,,,,百度统计真实流量,1,
2158,jin shanwendang,品牌与官方入口,品牌词变体,品牌/官网/正版入口，路径短、转化快，重承接与信任,1.0,,,,百度统计真实流量,1,
2159,WPS官网,品牌与官方入口,官方入口/安全下载,品牌/官网/正版入口，路径短、转化快，重承接与信任,4304.0,,300000.0,,百度统计真实流量、GEO需求机会表,2,S
2160,WPS官网下载,品牌与官方入口,官方入口/安全下载,品牌/官网/正版入口，路径短、转化快，重承接与信任,132.0,,350000.0,,百度统计真实流量、GEO需求机会表,2,S
2161,WPS Office下载,品牌与官方入口,官方入口/安全下载,品牌/官网/正版入口，路径短、转化快，重承接与信任,6.0,,200000.0,,百度统计真实流量、GEO需求机会表,2,S
2162,WPS正版下载,品牌与官方入口,官方入口/安全下载,品牌/官网/正版入口，路径短、转化快，重承接与信任,2.0,,150000.0,,百度统计真实流量、GEO需求机会表,2,S
2163,WPS安卓版下载,品牌与官方入口,官方入口/安全下载,品牌/官网/正版入口，路径短、转化快，重承接与信任,2.0,,130000.0,,百度统计真实流量、GEO需求机会表,2,A
2164,WPS官方下载电脑版,品牌与官方入口,官方入口/安全下载,品牌/官网/正版入口，路径短、转化快，重承接与信任,,,260000.0,,GEO需求机会表,1,S
2165,WPS下载手机版,品牌与官方入口,官方入口/安全下载,品牌/官网/正版入口，路径短、转化快，重承接与信任,,,220000.0,,GEO需求机会表,1,S
2166,WPS下载并安装,品牌与官方入口,官方入口/安全下载,品牌/官网/正版入口，路径短、转化快，重承接与信任,,,180000.0,,GEO需求机会表,1,S
2167,WPS安装包官方下载,品牌与官方入口,官方入口/安全下载,品牌/官网/正版入口，路径短、转化快，重承接与信任,,,160000.0,,GEO需求机会表,1,S
2168,WPS Mac版下载,品牌与官方入口,官方入口/安全下载,品牌/官网/正版入口，路径短、转化快，重承接与信任,,,90000.0,,GEO需求机会表,1,A
2169,WPS仿宋GB2312字体下载,品牌与官方入口,官方入口/安全下载,品牌/官网/正版入口，路径短、转化快，重承接与信任,,,50000.0,,GEO需求机会表,1,B
2170,WPS字体库免费下载,品牌与官方入口,官方入口/安全下载,品牌/官网/正版入口，路径短、转化快，重承接与信任,,,50000.0,,GEO需求机会表,1,B
2171,WPS字体库官方下载,品牌与官方入口,官方入口/安全下载,品牌/官网/正版入口，路径短、转化快，重承接与信任,,,10000.0,,GEO需求机会表,1,C
2172,wps365官网,品牌与官方入口,官网入口,品牌/官网/正版入口，路径短、转化快，重承接与信任,11.0,,,,百度搜索联想/相关搜索、百度统计真实流量,2,
2173,wps官网,品牌与官方入口,官网入口,品牌/官网/正版入口，路径短、转化快，重承接与信任,114357.0,,,,百度搜索联想/相关搜索、百度统计真实流量,2,
2174,wps官网首页,品牌与官方入口,官网入口,品牌/官网/正版入口，路径短、转化快，重承接与信任,4004.0,,,,百度统计真实流量,1,
2175,wps官方网站入口,品牌与官方入口,官网入口,品牌/官网/正版入口，路径短、转化快，重承接与信任,2183.0,,,,百度统计真实流量,1,
2176,wps官网网址,品牌与官方入口,官网入口,品牌/官网/正版入口，路径短、转化快，重承接与信任,1046.0,,,,百度统计真实流量,1,
2177,wps office官网,品牌与官方入口,官网入口,品牌/官网/正版入口，路径短、转化快，重承接与信任,441.0,,,,百度统计真实流量,1,
2178,金山办公官网,品牌与官方入口,官网入口,品牌/官网/正版入口，路径短、转化快，重承接与信任,328.0,,,,百度统计真实流量,1,
2179,wps官网入口,品牌与官方入口,官网入口,品牌/官网/正版入口，路径短、转化快，重承接与信任,305.0,,,,百度统计真实流量,1,
2180,WPS 官网,品牌与官方入口,官网入口,品牌/官网/正版入口，路径短、转化快，重承接与信任,238.0,,,,百度统计真实流量,1,
2181,wps 官网,品牌与官方入口,官网入口,品牌/官网/正版入口，路径短、转化快，重承接与信任,220.0,,,,百度统计真实流量,1,
2182,wps官方网站,品牌与官方入口,官网入口,品牌/官网/正版入口，路径短、转化快，重承接与信任,152.0,,,,百度统计真实流量,1,
2183,Wps官网,品牌与官方入口,官网入口,品牌/官网/正版入口，路径短、转化快，重承接与信任,145.0,,,,百度统计真实流量,1,
2184,WPS Office官网,品牌与官方入口,官网入口,品牌/官网/正版入口，路径短、转化快，重承接与信任,123.0,,,,百度统计真实流量,1,
2185,wps官网首页入口,品牌与官方入口,官网入口,品牌/官网/正版入口，路径短、转化快，重承接与信任,122.0,,,,百度统计真实流量,1,
2186,wps office官方网站,品牌与官方入口,官网入口,品牌/官网/正版入口，路径短、转化快，重承接与信任,121.0,,,,百度统计真实流量,1,
2187,wps官网登录入口,品牌与官方入口,官网入口,品牌/官网/正版入口，路径短、转化快，重承接与信任,109.0,,,,百度统计真实流量,1,
2188,wps office官网首页,品牌与官方入口,官网入口,品牌/官网/正版入口，路径短、转化快，重承接与信任,108.0,,,,百度统计真实流量,1,
2189,www.wps.cn 官网,品牌与官方入口,官网入口,品牌/官网/正版入口，路径短、转化快，重承接与信任,102.0,,,,百度统计真实流量,1,
2190,WPS office官网,品牌与官方入口,官网入口,品牌/官网/正版入口，路径短、转化快，重承接与信任,98.0,,,,百度统计真实流量,1,
2191,wps官网首页官方入口,品牌与官方入口,官网入口,品牌/官网/正版入口，路径短、转化快，重承接与信任,95.0,,,,百度统计真实流量,1,
2192,WPSOFI官方网站,品牌与官方入口,官网入口,品牌/官网/正版入口，路径短、转化快，重承接与信任,94.0,,,,百度统计真实流量,1,
2193,wps官方,品牌与官方入口,官网入口,品牌/官网/正版入口，路径短、转化快，重承接与信任,91.0,,,,百度统计真实流量,1,
2194,WPS官方网站,品牌与官方入口,官网入口,品牌/官网/正版入口，路径短、转化快，重承接与信任,86.0,,,,百度统计真实流量,1,
2195,WPSOffice官网,品牌与官方入口,官网入口,品牌/官网/正版入口，路径短、转化快，重承接与信任,82.0,,,,百度统计真实流量,1,
2196,金山wps官网首页,品牌与官方入口,官网入口,品牌/官网/正版入口，路径短、转化快，重承接与信任,75.0,,,,百度统计真实流量,1,
2197,金山wps官网,品牌与官方入口,官网入口,品牌/官网/正版入口，路径短、转化快，重承接与信任,75.0,,,,百度统计真实流量,1,
2198,wps office 官网,品牌与官方入口,官网入口,品牌/官网/正版入口，路径短、转化快，重承接与信任,55.0,,,,百度统计真实流量,1,
2199,wps官方官网入口,品牌与官方入口,官网入口,品牌/官网/正版入口，路径短、转化快，重承接与信任,52.0,,,,百度统计真实流量,1,
2200,WPSoffice官网,品牌与官方入口,官网入口,品牌/官网/正版入口，路径短、转化快，重承接与信任,51.0,,,,百度统计真实流量,1,
2201,wps office官方,品牌与官方入口,官网入口,品牌/官网/正版入口，路径短、转化快，重承接与信任,47.0,,,,百度统计真实流量,1,
2202,wpsoffice官网,品牌与官方入口,官网入口,品牌/官网/正版入口，路径短、转化快，重承接与信任,46.0,,,,百度统计真实流量,1,
2203,WPS官方,品牌与官方入口,官网入口,品牌/官网/正版入口，路径短、转化快，重承接与信任,42.0,,,,百度统计真实流量,1,
2204,wpsoffice官网网址,品牌与官方入口,官网入口,品牌/官网/正版入口，路径短、转化快，重承接与信任,38.0,,,,百度统计真实流量,1,
2205,wps官方官网,品牌与官方入口,官网入口,品牌/官网/正版入口，路径短、转化快，重承接与信任,33.0,,,,百度统计真实流量,1,
2206,WPS Office官方网站,品牌与官方入口,官网入口,品牌/官网/正版入口，路径短、转化快，重承接与信任,32.0,,,,百度统计真实流量,1,
2207,wps官方站,品牌与官方入口,官网入口,品牌/官网/正版入口，路径短、转化快，重承接与信任,30.0,,,,百度统计真实流量,1,
2208,wps官方网站入口登录,品牌与官方入口,官网入口,品牌/官网/正版入口，路径短、转化快，重承接与信任,30.0,,,,百度统计真实流量,1,
2209,https www wps cn官网,品牌与官方入口,官网入口,品牌/官网/正版入口，路径短、转化快，重承接与信任,30.0,,,,百度统计真实流量,1,
2210,wps文档官网,品牌与官方入口,官网入口,品牌/官网/正版入口，路径短、转化快，重承接与信任,29.0,,,,百度统计真实流量,1,
2211,WPS Office 官网,品牌与官方入口,官网入口,品牌/官网/正版入口，路径短、转化快，重承接与信任,26.0,,,,百度统计真实流量,1,
2212,wps 官方官网,品牌与官方入口,官网入口,品牌/官网/正版入口，路径短、转化快，重承接与信任,25.0,,,,百度统计真实流量,1,
2213,WPSTV官网,品牌与官方入口,官网入口,品牌/官网/正版入口，路径短、转化快，重承接与信任,24.0,,,,百度统计真实流量,1,
2214,wps官网首页中文版,品牌与官方入口,官网入口,品牌/官网/正版入口，路径短、转化快，重承接与信任,23.0,,,,百度统计真实流量,1,
2215,wps offce官网,品牌与官方入口,官网入口,品牌/官网/正版入口，路径短、转化快，重承接与信任,21.0,,,,百度统计真实流量,1,
2216,金山WPS官网,品牌与官方入口,官网入口,品牌/官网/正版入口，路径短、转化快，重承接与信任,20.0,,,,百度统计真实流量,1,
2217,wps正版官网,品牌与官方入口,官网入口,品牌/官网/正版入口，路径短、转化快，重承接与信任,19.0,,,,百度统计真实流量,1,
2218,金山办公软件官网,品牌与官方入口,官网入口,品牌/官网/正版入口，路径短、转化快，重承接与信任,18.0,,,,百度统计真实流量,1,
2219,WPS官网网址,品牌与官方入口,官网入口,品牌/官网/正版入口，路径短、转化快，重承接与信任,17.0,,,,百度统计真实流量,1,
2220,WPS OFFICE官网,品牌与官方入口,官网入口,品牌/官网/正版入口，路径短、转化快，重承接与信任,17.0,,,,百度统计真实流量,1,
2221,wpsofi官方网站,品牌与官方入口,官网入口,品牌/官网/正版入口，路径短、转化快，重承接与信任,17.0,,,,百度统计真实流量,1,
2222,WPS官方网站入口,品牌与官方入口,官网入口,品牌/官网/正版入口，路径短、转化快，重承接与信任,16.0,,,,百度统计真实流量,1,
2223,wps官网网站,品牌与官方入口,官网入口,品牌/官网/正版入口，路径短、转化快，重承接与信任,16.0,,,,百度统计真实流量,1,
2224,wps官网首页登录,品牌与官方入口,官网入口,品牌/官网/正版入口，路径短、转化快，重承接与信任,15.0,,,,百度统计真实流量,1,
2225,wpsoffice官方网站,品牌与官方入口,官网入口,品牌/官网/正版入口，路径短、转化快，重承接与信任,15.0,,,,百度统计真实流量,1,
2226,wps网页版入口官网,品牌与官方入口,官网入口,品牌/官网/正版入口，路径短、转化快，重承接与信任,14.0,,,,百度统计真实流量,1,
2227,WPS Office 官方网站,品牌与官方入口,官网入口,品牌/官网/正版入口，路径短、转化快，重承接与信任,14.0,,,,百度统计真实流量,1,
2228,wps.cn官网,品牌与官方入口,官网入口,品牌/官网/正版入口，路径短、转化快，重承接与信任,14.0,,,,百度统计真实流量,1,
2229,wps灵犀官网,品牌与官方入口,官网入口,品牌/官网/正版入口，路径短、转化快，重承接与信任,14.0,,,,百度统计真实流量,1,
2230,WPS office 官方网站,品牌与官方入口,官网入口,品牌/官网/正版入口，路径短、转化快，重承接与信任,14.0,,,,百度统计真实流量,1,
2231,wps网页版登录入口官网,品牌与官方入口,官网入口,品牌/官网/正版入口，路径短、转化快，重承接与信任,14.0,,,,百度统计真实流量,1,
2232,wpsofl官方网站,品牌与官方入口,官网入口,品牌/官网/正版入口，路径短、转化快，重承接与信任,13.0,,,,百度统计真实流量,1,
2233,WPS官网入口,品牌与官方入口,官网入口,品牌/官网/正版入口，路径短、转化快，重承接与信任,12.0,,,,百度统计真实流量,1,
2234,wps官网入口登录,品牌与官方入口,官网入口,品牌/官网/正版入口，路径短、转化快，重承接与信任,12.0,,,,百度统计真实流量,1,
2235,wps办公软件官方官网,品牌与官方入口,官网入口,品牌/官网/正版入口，路径短、转化快，重承接与信任,12.0,,,,百度统计真实流量,1,
2236,WPs官网,品牌与官方入口,官网入口,品牌/官网/正版入口，路径短、转化快，重承接与信任,12.0,,,,百度统计真实流量,1,
2237,金山wps office官网,品牌与官方入口,官网入口,品牌/官网/正版入口，路径短、转化快，重承接与信任,12.0,,,,百度统计真实流量,1,
2238,wps灵犀官网入口,品牌与官方入口,官网入口,品牌/官网/正版入口，路径短、转化快，重承接与信任,11.0,,,,百度统计真实流量,1,
2239,wps365官网登录入口,品牌与官方入口,官网入口,品牌/官网/正版入口，路径短、转化快，重承接与信任,11.0,,,,百度统计真实流量,1,
2240,wps.com 官网,品牌与官方入口,官网入口,品牌/官网/正版入口，路径短、转化快，重承接与信任,10.0,,,,百度统计真实流量,1,
2241,WPS文档官网,品牌与官方入口,官网入口,品牌/官网/正版入口，路径短、转化快，重承接与信任,10.0,,,,百度统计真实流量,1,
2242,WPS office的官网,品牌与官方入口,官网入口,品牌/官网/正版入口，路径短、转化快，重承接与信任,10.0,,,,百度统计真实流量,1,
2243,wps金山办公官网,品牌与官方入口,官网入口,品牌/官网/正版入口，路径短、转化快，重承接与信任,10.0,,,,百度统计真实流量,1,
2244,WPS灵犀官网,品牌与官方入口,官网入口,品牌/官网/正版入口，路径短、转化快，重承接与信任,9.0,,,,百度统计真实流量,1,
2245,WPS专业版官网入口,品牌与官方入口,官网入口,品牌/官网/正版入口，路径短、转化快，重承接与信任,9.0,,,,百度统计真实流量,1,
2246,wps协作官网入口,品牌与官方入口,官网入口,品牌/官网/正版入口，路径短、转化快，重承接与信任,9.0,,,,百度统计真实流量,1,
2247,wpsoffice官方网站入口,品牌与官方入口,官网入口,品牌/官网/正版入口，路径短、转化快，重承接与信任,9.0,,,,百度统计真实流量,1,
2248,WPS office官方网站,品牌与官方入口,官网入口,品牌/官网/正版入口，路径短、转化快，重承接与信任,9.0,,,,百度统计真实流量,1,
2249,wps文档官方,品牌与官方入口,官网入口,品牌/官网/正版入口，路径短、转化快，重承接与信任,9.0,,,,百度统计真实流量,1,
2250,wps office官网地址,品牌与官方入口,官网入口,品牌/官网/正版入口，路径短、转化快，重承接与信任,8.0,,,,百度统计真实流量,1,
2251,wps官网、,品牌与官方入口,官网入口,品牌/官网/正版入口，路径短、转化快，重承接与信任,8.0,,,,百度统计真实流量,1,
2252,wps官网网页版,品牌与官方入口,官网入口,品牌/官网/正版入口，路径短、转化快，重承接与信任,8.0,,,,百度统计真实流量,1,
2253,wps最新版官网,品牌与官方入口,官网入口,品牌/官网/正版入口，路径短、转化快，重承接与信任,8.0,,,,百度统计真实流量,1,
2254,WPS表格官网,品牌与官方入口,官网入口,品牌/官网/正版入口，路径短、转化快，重承接与信任,8.0,,,,百度统计真实流量,1,
2255,wps表格官网,品牌与官方入口,官网入口,品牌/官网/正版入口，路径短、转化快，重承接与信任,7.0,,,,百度统计真实流量,1,
2256,wps 官方网站,品牌与官方入口,官网入口,品牌/官网/正版入口，路径短、转化快，重承接与信任,7.0,,,,百度统计真实流量,1,
2257,金山office官网,品牌与官方入口,官网入口,品牌/官网/正版入口，路径短、转化快，重承接与信任,7.0,,,,百度统计真实流量,1,
2258,WPS office 官网,品牌与官方入口,官网入口,品牌/官网/正版入口，路径短、转化快，重承接与信任,7.0,,,,百度统计真实流量,1,
2259,wps64位官网首页,品牌与官方入口,官网入口,品牌/官网/正版入口，路径短、转化快，重承接与信任,7.0,,,,百度统计真实流量,1,
2260,WPS 官方网站,品牌与官方入口,官网入口,品牌/官网/正版入口，路径短、转化快，重承接与信任,7.0,,,,百度统计真实流量,1,
2261,wps个人版官网,品牌与官方入口,官网入口,品牌/官网/正版入口，路径短、转化快，重承接与信任,7.0,,,,百度统计真实流量,1,
2262,金山办公 官网,品牌与官方入口,官网入口,品牌/官网/正版入口，路径短、转化快，重承接与信任,7.0,,,,百度统计真实流量,1,
2263,WPS365官网,品牌与官方入口,官网入口,品牌/官网/正版入口，路径短、转化快，重承接与信任,7.0,,,,百度统计真实流量,1,
2264,WPS官方官网,品牌与官方入口,官网入口,品牌/官网/正版入口，路径短、转化快，重承接与信任,6.0,,,,百度统计真实流量,1,
2265,wps办公官网,品牌与官方入口,官网入口,品牌/官网/正版入口，路径短、转化快，重承接与信任,6.0,,,,百度统计真实流量,1,
2266,wpS官网,品牌与官方入口,官网入口,品牌/官网/正版入口，路径短、转化快，重承接与信任,6.0,,,,百度统计真实流量,1,
2267,WPS OFFICE官方网站,品牌与官方入口,官网入口,品牌/官网/正版入口，路径短、转化快，重承接与信任,6.0,,,,百度统计真实流量,1,
2268,wps电脑网页版登录入口官网,品牌与官方入口,官网入口,品牌/官网/正版入口，路径短、转化快，重承接与信任,6.0,,,,百度统计真实流量,1,
2269,wps登录入口官网,品牌与官方入口,官网入口,品牌/官网/正版入口，路径短、转化快，重承接与信任,6.0,,,,百度统计真实流量,1,
2270,wps政府版官网入口,品牌与官方入口,官网入口,品牌/官网/正版入口，路径短、转化快，重承接与信任,6.0,,,,百度统计真实流量,1,
2271,WPSOffice官方网站,品牌与官方入口,官网入口,品牌/官网/正版入口，路径短、转化快，重承接与信任,6.0,,,,百度统计真实流量,1,
2272,金山软件官方网站,品牌与官方入口,官网入口,品牌/官网/正版入口，路径短、转化快，重承接与信任,6.0,,,,百度统计真实流量,1,
2273,wps 官方,品牌与官方入口,官网入口,品牌/官网/正版入口，路径短、转化快，重承接与信任,6.0,,,,百度统计真实流量,1,
2274,wps.cn官网登录,品牌与官方入口,官网入口,品牌/官网/正版入口，路径短、转化快，重承接与信任,6.0,,,,百度统计真实流量,1,
2275,WPS office官网入口,品牌与官方入口,官网入口,品牌/官网/正版入口，路径短、转化快，重承接与信任,6.0,,,,百度统计真实流量,1,
2276,金山软件官网,品牌与官方入口,官网入口,品牌/官网/正版入口，路径短、转化快，重承接与信任,5.0,,,,百度统计真实流量,1,
2277,WPSOFFICE官方网站,品牌与官方入口,官网入口,品牌/官网/正版入口，路径短、转化快，重承接与信任,5.0,,,,百度统计真实流量,1,
2278,www.wps.cn官方网站,品牌与官方入口,官网入口,品牌/官网/正版入口，路径短、转化快，重承接与信任,5.0,,,,百度统计真实流量,1,
2279,wps官方网址,品牌与官方入口,官网入口,品牌/官网/正版入口，路径短、转化快，重承接与信任,5.0,,,,百度统计真实流量,1,
2280,wps官网入口网页版,品牌与官方入口,官网入口,品牌/官网/正版入口，路径短、转化快，重承接与信任,5.0,,,,百度统计真实流量,1,
2281,wps offce 官网,品牌与官方入口,官网入口,品牌/官网/正版入口，路径短、转化快，重承接与信任,5.0,,,,百度统计真实流量,1,
2282,wps在线官网,品牌与官方入口,官网入口,品牌/官网/正版入口，路径短、转化快，重承接与信任,5.0,,,,百度统计真实流量,1,
2283,wps offce官方网站,品牌与官方入口,官网入口,品牌/官网/正版入口，路径短、转化快，重承接与信任,5.0,,,,百度统计真实流量,1,
2284,wps官网网站入口,品牌与官方入口,官网入口,品牌/官网/正版入口，路径短、转化快，重承接与信任,5.0,,,,百度统计真实流量,1,
2285,wps官方网,品牌与官方入口,官网入口,品牌/官网/正版入口，路径短、转化快，重承接与信任,5.0,,,,百度统计真实流量,1,
2286,wpsoffice官网首页,品牌与官方入口,官网入口,品牌/官网/正版入口，路径短、转化快，重承接与信任,5.0,,,,百度统计真实流量,1,
2287,WPS办公软件官网,品牌与官方入口,官网入口,品牌/官网/正版入口，路径短、转化快，重承接与信任,5.0,,,,百度统计真实流量,1,
2288,wps官网wps,品牌与官方入口,官网入口,品牌/官网/正版入口，路径短、转化快，重承接与信任,5.0,,,,百度统计真实流量,1,
2289,wps.官网,品牌与官方入口,官网入口,品牌/官网/正版入口，路径短、转化快，重承接与信任,5.0,,,,百度统计真实流量,1,
2290,wps office官方网站入口,品牌与官方入口,官网入口,品牌/官网/正版入口，路径短、转化快，重承接与信任,5.0,,,,百度统计真实流量,1,
2291,WPS官网首页,品牌与官方入口,官网入口,品牌/官网/正版入口，路径短、转化快，重承接与信任,4.0,,,,百度统计真实流量,1,
2292,wps word官网,品牌与官方入口,官网入口,品牌/官网/正版入口，路径短、转化快，重承接与信任,4.0,,,,百度统计真实流量,1,
2293,WPS中文官网,品牌与官方入口,官网入口,品牌/官网/正版入口，路径短、转化快，重承接与信任,4.0,,,,百度统计真实流量,1,
2294,WPS 官方,品牌与官方入口,官网入口,品牌/官网/正版入口，路径短、转化快，重承接与信任,4.0,,,,百度统计真实流量,1,
2295,wps办公软件官网,品牌与官方入口,官网入口,品牌/官网/正版入口，路径短、转化快，重承接与信任,4.0,,,,百度统计真实流量,1,
2296,wps网页版官网,品牌与官方入口,官网入口,品牌/官网/正版入口，路径短、转化快，重承接与信任,4.0,,,,百度统计真实流量,1,
2297,WPS Office的官方网站,品牌与官方入口,官网入口,品牌/官网/正版入口，路径短、转化快，重承接与信任,4.0,,,,百度统计真实流量,1,
2298,wps官网登录入口链接,品牌与官方入口,官网入口,品牌/官网/正版入口，路径短、转化快，重承接与信任,4.0,,,,百度统计真实流量,1,
2299,wps官方网站入口链接最新版,品牌与官方入口,官网入口,品牌/官网/正版入口，路径短、转化快，重承接与信任,4.0,,,,百度统计真实流量,1,
2300,WPSoffice官方网站,品牌与官方入口,官网入口,品牌/官网/正版入口，路径短、转化快，重承接与信任,4.0,,,,百度统计真实流量,1,
2301,wps教育版官网入口,品牌与官方入口,官网入口,品牌/官网/正版入口，路径短、转化快，重承接与信任,4.0,,,,百度统计真实流量,1,
2302,金山办公官网网址,品牌与官方入口,官网入口,品牌/官网/正版入口，路径短、转化快，重承接与信任,4.0,,,,百度统计真实流量,1,
2303,wps图片官网,品牌与官方入口,官网入口,品牌/官网/正版入口，路径短、转化快，重承接与信任,4.0,,,,百度统计真实流量,1,
2304,wps官网首页wps,品牌与官方入口,官网入口,品牌/官网/正版入口，路径短、转化快，重承接与信任,4.0,,,,百度统计真实流量,1,
2305,wps官网地址,品牌与官方入口,官网入口,品牌/官网/正版入口，路径短、转化快，重承接与信任,4.0,,,,百度统计真实流量,1,
2306,wps网页版官网入口,品牌与官方入口,官网入口,品牌/官网/正版入口，路径短、转化快，重承接与信任,4.0,,,,百度统计真实流量,1,
2307,wps软件官网,品牌与官方入口,官网入口,品牌/官网/正版入口，路径短、转化快，重承接与信任,4.0,,,,百度统计真实流量,1,
2308,wps官网 金山软件,品牌与官方入口,官网入口,品牌/官网/正版入口，路径短、转化快，重承接与信任,4.0,,,,百度统计真实流量,1,
2309,wps专业版官网首页,品牌与官方入口,官网入口,品牌/官网/正版入口，路径短、转化快，重承接与信任,3.0,,,,百度统计真实流量,1,
2310,wps协作官网,品牌与官方入口,官网入口,品牌/官网/正版入口，路径短、转化快，重承接与信任,3.0,,,,百度统计真实流量,1,
2311,金山WPS官网入口,品牌与官方入口,官网入口,品牌/官网/正版入口，路径短、转化快，重承接与信任,3.0,,,,百度统计真实流量,1,
2312,WPS office官方网址,品牌与官方入口,官网入口,品牌/官网/正版入口，路径短、转化快，重承接与信任,3.0,,,,百度统计真实流量,1,
2313,官方wps,品牌与官方入口,官网入口,品牌/官网/正版入口，路径短、转化快，重承接与信任,3.0,,,,百度统计真实流量,1,
2314,www.wps.cn官网,品牌与官方入口,官网入口,品牌/官网/正版入口，路径短、转化快，重承接与信任,3.0,,,,百度统计真实流量,1,
2315,wps专业版官网入口,品牌与官方入口,官网入口,品牌/官网/正版入口，路径短、转化快，重承接与信任,3.0,,,,百度统计真实流量,1,
2316,wps教育版官网,品牌与官方入口,官网入口,品牌/官网/正版入口，路径短、转化快，重承接与信任,3.0,,,,百度统计真实流量,1,
2317,金山官网wps,品牌与官方入口,官网入口,品牌/官网/正版入口，路径短、转化快，重承接与信任,3.0,,,,百度统计真实流量,1,
2318,wps中文官网,品牌与官方入口,官网入口,品牌/官网/正版入口，路径短、转化快，重承接与信任,3.0,,,,百度统计真实流量,1,
2319,金山办公wps官网,品牌与官方入口,官网入口,品牌/官网/正版入口，路径短、转化快，重承接与信任,3.0,,,,百度统计真实流量,1,
2320,WPS OFFICE 官网,品牌与官方入口,官网入口,品牌/官网/正版入口，路径短、转化快，重承接与信任,3.0,,,,百度统计真实流量,1,
2321,wps官方官网首页,品牌与官方入口,官网入口,品牌/官网/正版入口，路径短、转化快，重承接与信任,3.0,,,,百度统计真实流量,1,
2322,wpsoffice官方,品牌与官方入口,官网入口,品牌/官网/正版入口，路径短、转化快，重承接与信任,3.0,,,,百度统计真实流量,1,
2323,wps入口官网,品牌与官方入口,官网入口,品牌/官网/正版入口，路径短、转化快，重承接与信任,3.0,,,,百度统计真实流量,1,
2324,wps官方网页,品牌与官方入口,官网入口,品牌/官网/正版入口，路径短、转化快，重承接与信任,3.0,,,,百度统计真实流量,1,
2325,WPS office官方,品牌与官方入口,官网入口,品牌/官网/正版入口，路径短、转化快，重承接与信任,3.0,,,,百度统计真实流量,1,
2326,wps官网在线使用,品牌与官方入口,官网入口,品牌/官网/正版入口，路径短、转化快，重承接与信任,3.0,,,,百度统计真实流量,1,
2327,金山wps官网入口,品牌与官方入口,官网入口,品牌/官网/正版入口，路径短、转化快，重承接与信任,3.0,,,,百度统计真实流量,1,
2328,wps官网最新版,品牌与官方入口,官网入口,品牌/官网/正版入口，路径短、转化快，重承接与信任,3.0,,,,百度统计真实流量,1,
2329,wps word文档官网,品牌与官方入口,官网入口,品牌/官网/正版入口，路径短、转化快，重承接与信任,3.0,,,,百度统计真实流量,1,
2330,wps官网2016,品牌与官方入口,官网入口,品牌/官网/正版入口，路径短、转化快，重承接与信任,3.0,,,,百度统计真实流量,1,
2331,wps官网登录入口网页版,品牌与官方入口,官网入口,品牌/官网/正版入口，路径短、转化快，重承接与信任,3.0,,,,百度统计真实流量,1,
2332,WPS官方网址,品牌与官方入口,官网入口,品牌/官网/正版入口，路径短、转化快，重承接与信任,3.0,,,,百度统计真实流量,1,
2333,wps官网64位,品牌与官方入口,官网入口,品牌/官网/正版入口，路径短、转化快，重承接与信任,3.0,,,,百度统计真实流量,1,
2334,wps群发官网,品牌与官方入口,官网入口,品牌/官网/正版入口，路径短、转化快，重承接与信任,3.0,,,,百度统计真实流量,1,
2335,office办公软件官网网址,品牌与官方入口,官网入口,品牌/官网/正版入口，路径短、转化快，重承接与信任,2.0,,,,百度统计真实流量,1,
2336,wps精简版官网,品牌与官方入口,官网入口,品牌/官网/正版入口，路径短、转化快，重承接与信任,2.0,,,,百度统计真实流量,1,
2337,WPS官方网页,品牌与官方入口,官网入口,品牌/官网/正版入口，路径短、转化快，重承接与信任,2.0,,,,百度统计真实流量,1,
2338,wps官方卸载清理工具,品牌与官方入口,官网入口,品牌/官网/正版入口，路径短、转化快，重承接与信任,2.0,,,,百度统计真实流量,1,
2339,官网WPS,品牌与官方入口,官网入口,品牌/官网/正版入口，路径短、转化快，重承接与信任,2.0,,,,百度统计真实流量,1,
2340,wps5官网,品牌与官方入口,官网入口,品牌/官网/正版入口，路径短、转化快，重承接与信任,2.0,,,,百度统计真实流量,1,
2341,wps快查官网入口,品牌与官方入口,官网入口,品牌/官网/正版入口，路径短、转化快，重承接与信任,2.0,,,,百度统计真实流量,1,
2342,wps官方网站首页,品牌与官方入口,官网入口,品牌/官网/正版入口，路径短、转化快，重承接与信任,2.0,,,,百度统计真实流量,1,
2343,wps官网官网,品牌与官方入口,官网入口,品牌/官网/正版入口，路径短、转化快，重承接与信任,2.0,,,,百度统计真实流量,1,
2344,WPSOFFICE官网,品牌与官方入口,官网入口,品牌/官网/正版入口，路径短、转化快，重承接与信任,2.0,,,,百度统计真实流量,1,
2345,WPS官方软件,品牌与官方入口,官网入口,品牌/官网/正版入口，路径短、转化快，重承接与信任,2.0,,,,百度统计真实流量,1,
2346,Wps office官网,品牌与官方入口,官网入口,品牌/官网/正版入口，路径短、转化快，重承接与信任,2.0,,,,百度统计真实流量,1,
2347,wps云盘官网,品牌与官方入口,官网入口,品牌/官网/正版入口，路径短、转化快，重承接与信任,2.0,,,,百度统计真实流量,1,
2348,wps在线工具官网入口,品牌与官方入口,官网入口,品牌/官网/正版入口，路径短、转化快，重承接与信任,2.0,,,,百度统计真实流量,1,
2349,wps 官网、,品牌与官方入口,官网入口,品牌/官网/正版入口，路径短、转化快，重承接与信任,2.0,,,,百度统计真实流量,1,
2350,wps国际版官网,品牌与官方入口,官网入口,品牌/官网/正版入口，路径短、转化快，重承接与信任,2.0,,,,百度统计真实流量,1,
2351,wps协作教育版官网入口,品牌与官方入口,官网入口,品牌/官网/正版入口，路径短、转化快，重承接与信任,2.0,,,,百度统计真实流量,1,
2352,办公软件官网,品牌与官方入口,官网入口,品牌/官网/正版入口，路径短、转化快，重承接与信任,2.0,,,,百度统计真实流量,1,
2353,wps官网\,品牌与官方入口,官网入口,品牌/官网/正版入口，路径短、转化快，重承接与信任,2.0,,,,百度统计真实流量,1,
2354,wps客户端官网,品牌与官方入口,官网入口,品牌/官网/正版入口，路径短、转化快，重承接与信任,2.0,,,,百度统计真实流量,1,
2355,wps 365 官网,品牌与官方入口,官网入口,品牌/官网/正版入口，路径短、转化快，重承接与信任,2.0,,,,百度统计真实流量,1,
2356,wps官方正版,品牌与官方入口,官网入口,品牌/官网/正版入口，路径短、转化快，重承接与信任,2.0,,,,百度统计真实流量,1,
2357,WPS软件官网,品牌与官方入口,官网入口,品牌/官网/正版入口，路径短、转化快，重承接与信任,2.0,,,,百度统计真实流量,1,
2358,wpsoffice教育版官网,品牌与官方入口,官网入口,品牌/官网/正版入口，路径短、转化快，重承接与信任,2.0,,,,百度统计真实流量,1,
2359,WPS官方网页版入口,品牌与官方入口,官网入口,品牌/官网/正版入口，路径短、转化快，重承接与信任,2.0,,,,百度统计真实流量,1,
2360,wps教育官网,品牌与官方入口,官网入口,品牌/官网/正版入口，路径短、转化快，重承接与信任,2.0,,,,百度统计真实流量,1,
2361,WPS金山官网,品牌与官方入口,官网入口,品牌/官网/正版入口，路径短、转化快，重承接与信任,2.0,,,,百度统计真实流量,1,
2362,www.wps.cn官方官网,品牌与官方入口,官网入口,品牌/官网/正版入口，路径短、转化快，重承接与信任,2.0,,,,百度统计真实流量,1,
2363,wps官方文档,品牌与官方入口,官网入口,品牌/官网/正版入口，路径短、转化快，重承接与信任,2.0,,,,百度统计真实流量,1,
2364,WPS PDF官网,品牌与官方入口,官网入口,品牌/官网/正版入口，路径短、转化快，重承接与信任,2.0,,,,百度统计真实流量,1,
2365,WPS灵犀官网入口,品牌与官方入口,官网入口,品牌/官网/正版入口，路径短、转化快，重承接与信任,2.0,,,,百度统计真实流量,1,
2366,WPS 在线工具官网,品牌与官方入口,官网入口,品牌/官网/正版入口，路径短、转化快，重承接与信任,2.0,,,,百度统计真实流量,1,
2367,WPSOffice专业版官网,品牌与官方入口,官网入口,品牌/官网/正版入口，路径短、转化快，重承接与信任,2.0,,,,百度统计真实流量,1,
2368,金山软件 官网,品牌与官方入口,官网入口,品牌/官网/正版入口，路径短、转化快，重承接与信任,2.0,,,,百度统计真实流量,1,
2369,官网wps,品牌与官方入口,官网入口,品牌/官网/正版入口，路径短、转化快，重承接与信任,2.0,,,,百度统计真实流量,1,
2370,wps2019官网,品牌与官方入口,官网入口,品牌/官网/正版入口，路径短、转化快，重承接与信任,2.0,,,,百度统计真实流量,1,
2371,WPSOffice金山官网,品牌与官方入口,官网入口,品牌/官网/正版入口，路径短、转化快，重承接与信任,2.0,,,,百度统计真实流量,1,
2372,WPS个人版官方,品牌与官方入口,官网入口,品牌/官网/正版入口，路径短、转化快，重承接与信任,2.0,,,,百度统计真实流量,1,
2373,wps官网在线,品牌与官方入口,官网入口,品牌/官网/正版入口，路径短、转化快，重承接与信任,2.0,,,,百度统计真实流量,1,
2374,wps 官方网页,品牌与官方入口,官网入口,品牌/官网/正版入口，路径短、转化快，重承接与信任,2.0,,,,百度统计真实流量,1,
2375,wps2023专业版官网,品牌与官方入口,官网入口,品牌/官网/正版入口，路径短、转化快，重承接与信任,2.0,,,,百度统计真实流量,1,
2376,金山软件官网首页,品牌与官方入口,官网入口,品牌/官网/正版入口，路径短、转化快，重承接与信任,2.0,,,,百度统计真实流量,1,
2377,wpsoff官网,品牌与官方入口,官网入口,品牌/官网/正版入口，路径短、转化快，重承接与信任,2.0,,,,百度统计真实流量,1,
2378,office办公软件官网,品牌与官方入口,官网入口,品牌/官网/正版入口，路径短、转化快，重承接与信任,2.0,,,,百度统计真实流量,1,
2379,wps官网最新,品牌与官方入口,官网入口,品牌/官网/正版入口，路径短、转化快，重承接与信任,2.0,,,,百度统计真实流量,1,
2380,旧版wps官网,品牌与官方入口,官网入口,品牌/官网/正版入口，路径短、转化快，重承接与信任,2.0,,,,百度统计真实流量,1,
2381,https://www.wps.cn官网,品牌与官方入口,官网入口,品牌/官网/正版入口，路径短、转化快，重承接与信任,2.0,,,,百度统计真实流量,1,
2382,wps官网入口在哪,品牌与官方入口,官网入口,品牌/官网/正版入口，路径短、转化快，重承接与信任,2.0,,,,百度统计真实流量,1,
2383,wps官方网站地址,品牌与官方入口,官网入口,品牌/官网/正版入口，路径短、转化快，重承接与信任,2.0,,,,百度统计真实流量,1,
2384,wps官方网站网址,品牌与官方入口,官网入口,品牌/官网/正版入口，路径短、转化快，重承接与信任,2.0,,,,百度统计真实流量,1,
2385,WPS Office官方,品牌与官方入口,官网入口,品牌/官网/正版入口，路径短、转化快，重承接与信任,2.0,,,,百度统计真实流量,1,
2386,WPS官方网页入口,品牌与官方入口,官网入口,品牌/官网/正版入口，路径短、转化快，重承接与信任,2.0,,,,百度统计真实流量,1,
2387,wps官网下,品牌与官方入口,官网入口,品牌/官网/正版入口，路径短、转化快，重承接与信任,2.0,,,,百度统计真实流量,1,
2388,WPS 官网上线,品牌与官方入口,官网入口,品牌/官网/正版入口，路径短、转化快，重承接与信任,2.0,,,,百度统计真实流量,1,
2389,wps官网里,品牌与官方入口,官网入口,品牌/官网/正版入口，路径短、转化快，重承接与信任,2.0,,,,百度统计真实流量,1,
2390,wps纯净版 官网,品牌与官方入口,官网入口,品牌/官网/正版入口，路径短、转化快，重承接与信任,2.0,,,,百度统计真实流量,1,
2391,wps文档中台官网,品牌与官方入口,官网入口,品牌/官网/正版入口，路径短、转化快，重承接与信任,2.0,,,,百度统计真实流量,1,
2392,wps excel官网,品牌与官方入口,官网入口,品牌/官网/正版入口，路径短、转化快，重承接与信任,2.0,,,,百度统计真实流量,1,
2393,wpsTV版官网,品牌与官方入口,官网入口,品牌/官网/正版入口，路径短、转化快，重承接与信任,2.0,,,,百度统计真实流量,1,
2394,WPS在线官网,品牌与官方入口,官网入口,品牌/官网/正版入口，路径短、转化快，重承接与信任,2.0,,,,百度统计真实流量,1,
2395,wps官网首页入口官方,品牌与官方入口,官网入口,品牌/官网/正版入口，路径短、转化快，重承接与信任,2.0,,,,百度统计真实流量,1,
2396,wps word官方,品牌与官方入口,官网入口,品牌/官网/正版入口，路径短、转化快，重承接与信任,2.0,,,,百度统计真实流量,1,
2397,wpsoffer官网,品牌与官方入口,官网入口,品牌/官网/正版入口，路径短、转化快，重承接与信任,2.0,,,,百度统计真实流量,1,
2398,wps云官网,品牌与官方入口,官网入口,品牌/官网/正版入口，路径短、转化快，重承接与信任,2.0,,,,百度统计真实流量,1,
2399,WPS 中文官网,品牌与官方入口,官网入口,品牌/官网/正版入口，路径短、转化快，重承接与信任,2.0,,,,百度统计真实流量,1,
2400,WPS网页版官方入口,品牌与官方入口,官网入口,品牌/官网/正版入口，路径短、转化快，重承接与信任,2.0,,,,百度统计真实流量,1,
2401,wps中文官网官方,品牌与官方入口,官网入口,品牌/官网/正版入口，路径短、转化快，重承接与信任,2.0,,,,百度统计真实流量,1,
2402,WPS office官方网站入口,品牌与官方入口,官网入口,品牌/官网/正版入口，路径短、转化快，重承接与信任,2.0,,,,百度统计真实流量,1,
2403,wps官网是多少,品牌与官方入口,官网入口,品牌/官网/正版入口，路径短、转化快，重承接与信任,2.0,,,,百度统计真实流量,1,
2404,“WPS官网”,品牌与官方入口,官网入口,品牌/官网/正版入口，路径短、转化快，重承接与信任,2.0,,,,百度统计真实流量,1,
2405,wps office 官方网站,品牌与官方入口,官网入口,品牌/官网/正版入口，路径短、转化快，重承接与信任,2.0,,,,百度统计真实流量,1,
2406,wps官网首页wps安全,品牌与官方入口,官网入口,品牌/官网/正版入口，路径短、转化快，重承接与信任,1.0,,,,百度统计真实流量,1,
2407,WPS office 金山官网,品牌与官方入口,官网入口,品牌/官网/正版入口，路径短、转化快，重承接与信任,1.0,,,,百度统计真实流量,1,
2408,Wps官方网站,品牌与官方入口,官网入口,品牌/官网/正版入口，路径短、转化快，重承接与信任,1.0,,,,百度统计真实流量,1,
2409,WPS官网网站,品牌与官方入口,官网入口,品牌/官网/正版入口，路径短、转化快，重承接与信任,1.0,,,,百度统计真实流量,1,
2410,wps的官网,品牌与官方入口,官网入口,品牌/官网/正版入口，路径短、转化快，重承接与信任,1.0,,,,百度统计真实流量,1,
2411,WPS的官网,品牌与官方入口,官网入口,品牌/官网/正版入口，路径短、转化快，重承接与信任,1.0,,,,百度统计真实流量,1,
2412,WPSPro官网,品牌与官方入口,官网入口,品牌/官网/正版入口，路径短、转化快，重承接与信任,1.0,,,,百度统计真实流量,1,
2413,WPS协作官网,品牌与官方入口,官网入口,品牌/官网/正版入口，路径短、转化快，重承接与信任,1.0,,,,百度统计真实流量,1,
2414,wps官网办公,品牌与官方入口,官网入口,品牌/官网/正版入口，路径短、转化快，重承接与信任,1.0,,,,百度统计真实流量,1,
2415,wps金山官网,品牌与官方入口,官网入口,品牌/官网/正版入口，路径短、转化快，重承接与信任,1.0,,,,百度统计真实流量,1,
2416,wps365官网首页,品牌与官方入口,官网入口,品牌/官网/正版入口，路径短、转化快，重承接与信任,1.0,,,,百度统计真实流量,1,
2417,wps专业版官方官网,品牌与官方入口,官网入口,品牌/官网/正版入口，路径短、转化快，重承接与信任,1.0,,,,百度统计真实流量,1,
2418,wps专业增强版官网,品牌与官方入口,官网入口,品牌/官网/正版入口，路径短、转化快，重承接与信任,1.0,,,,百度统计真实流量,1,
2419,wps官网64,品牌与官方入口,官网入口,品牌/官网/正版入口，路径短、转化快，重承接与信任,1.0,,,,百度统计真实流量,1,
2420,wpsoffce官方,品牌与官方入口,官网入口,品牌/官网/正版入口，路径短、转化快，重承接与信任,1.0,,,,百度统计真实流量,1,
2421,金山wps软件官网,品牌与官方入口,官网入口,品牌/官网/正版入口，路径短、转化快，重承接与信任,1.0,,,,百度统计真实流量,1,
2422,WPS官网产品中心,品牌与官方入口,官网入口,品牌/官网/正版入口，路径短、转化快，重承接与信任,1.0,,,,百度统计真实流量,1,
2423,WPS Office官网网址,品牌与官方入口,官网入口,品牌/官网/正版入口，路径短、转化快，重承接与信任,1.0,,,,百度统计真实流量,1,
2424,WPS office官网首页,品牌与官方入口,官网入口,品牌/官网/正版入口，路径短、转化快，重承接与信任,1.0,,,,百度统计真实流量,1,
2425,WPS家庭版官网,品牌与官方入口,官网入口,品牌/官网/正版入口，路径短、转化快，重承接与信任,1.0,,,,百度统计真实流量,1,
2426,wps看图官网,品牌与官方入口,官网入口,品牌/官网/正版入口，路径短、转化快，重承接与信任,1.0,,,,百度统计真实流量,1,
2427,www.wps.cn 官网个人版,品牌与官方入口,官网入口,品牌/官网/正版入口，路径短、转化快，重承接与信任,1.0,,,,百度统计真实流量,1,
2428,WPSOFFICEG官网,品牌与官方入口,官网入口,品牌/官网/正版入口，路径短、转化快，重承接与信任,1.0,,,,百度统计真实流量,1,
2429,wps中心官网入口,品牌与官方入口,官网入口,品牌/官网/正版入口，路径短、转化快，重承接与信任,1.0,,,,百度统计真实流量,1,
2430,珠海金山办公软件 官网,品牌与官方入口,官网入口,品牌/官网/正版入口，路径短、转化快，重承接与信任,1.0,,,,百度统计真实流量,1,
2431,wps文档的官网,品牌与官方入口,官网入口,品牌/官网/正版入口，路径短、转化快，重承接与信任,1.0,,,,百度统计真实流量,1,
2432,wps 灵犀官网,品牌与官方入口,官网入口,品牌/官网/正版入口，路径短、转化快，重承接与信任,1.0,,,,百度统计真实流量,1,
2433,wps官网更新包,品牌与官方入口,官网入口,品牌/官网/正版入口，路径短、转化快，重承接与信任,1.0,,,,百度统计真实流量,1,
2434,wpsoffics官网,品牌与官方入口,官网入口,品牌/官网/正版入口，路径短、转化快，重承接与信任,1.0,,,,百度统计真实流量,1,
2435,金山wps 官网,品牌与官方入口,官网入口,品牌/官网/正版入口，路径短、转化快，重承接与信任,1.0,,,,百度统计真实流量,1,
2436,wps官网PC,品牌与官方入口,官网入口,品牌/官网/正版入口，路径短、转化快，重承接与信任,1.0,,,,百度统计真实流量,1,
2437,金山办公官方网站首页,品牌与官方入口,官网入口,品牌/官网/正版入口，路径短、转化快，重承接与信任,1.0,,,,百度统计真实流量,1,
2438,wps官网?,品牌与官方入口,官网入口,品牌/官网/正版入口，路径短、转化快，重承接与信任,1.0,,,,百度统计真实流量,1,
2439,wps 官网 整合版,品牌与官方入口,官网入口,品牌/官网/正版入口，路径短、转化快，重承接与信任,1.0,,,,百度统计真实流量,1,
2440,wpsoffice2019官网,品牌与官方入口,官网入口,品牌/官网/正版入口，路径短、转化快，重承接与信任,1.0,,,,百度统计真实流量,1,
2441,wps整合版官方入口,品牌与官方入口,官网入口,品牌/官网/正版入口，路径短、转化快，重承接与信任,1.0,,,,百度统计真实流量,1,
2442,wps官网网页版入口,品牌与官方入口,官网入口,品牌/官网/正版入口，路径短、转化快，重承接与信任,1.0,,,,百度统计真实流量,1,
2443,WPS最新版官网,品牌与官方入口,官网入口,品牌/官网/正版入口，路径短、转化快，重承接与信任,1.0,,,,百度统计真实流量,1,
2444,wps官方网页版,品牌与官方入口,官网入口,品牌/官网/正版入口，路径短、转化快，重承接与信任,1.0,,,,百度统计真实流量,1,
2445,金山 wps 官网,品牌与官方入口,官网入口,品牌/官网/正版入口，路径短、转化快，重承接与信任,1.0,,,,百度统计真实流量,1,
2446,WPS offce官网,品牌与官方入口,官网入口,品牌/官网/正版入口，路径短、转化快，重承接与信任,1.0,,,,百度统计真实流量,1,
2447,WPS PDF 官网,品牌与官方入口,官网入口,品牌/官网/正版入口，路径短、转化快，重承接与信任,1.0,,,,百度统计真实流量,1,
2448,wps offfice官网,品牌与官方入口,官网入口,品牌/官网/正版入口，路径短、转化快，重承接与信任,1.0,,,,百度统计真实流量,1,
2449,wps OFFICCE官网,品牌与官方入口,官网入口,品牌/官网/正版入口，路径短、转化快，重承接与信任,1.0,,,,百度统计真实流量,1,
2450,wps 官网首页,品牌与官方入口,官网入口,品牌/官网/正版入口，路径短、转化快，重承接与信任,1.0,,,,百度统计真实流量,1,
2451,wps官网中文,品牌与官方入口,官网入口,品牌/官网/正版入口，路径短、转化快，重承接与信任,1.0,,,,百度统计真实流量,1,
2452,wps官方首页,品牌与官方入口,官网入口,品牌/官网/正版入口，路径短、转化快，重承接与信任,1.0,,,,百度统计真实流量,1,
2453,wps进官网,品牌与官方入口,官网入口,品牌/官网/正版入口，路径短、转化快，重承接与信任,1.0,,,,百度统计真实流量,1,
2454,金山办公软件在线官网,品牌与官方入口,官网入口,品牌/官网/正版入口，路径短、转化快，重承接与信任,1.0,,,,百度统计真实流量,1,
2455,WPS 官网 Windows 64 位版本 WPS,品牌与官方入口,官网入口,品牌/官网/正版入口，路径短、转化快，重承接与信任,1.0,,,,百度统计真实流量,1,
2456,https//www.wps.cn官网,品牌与官方入口,官网入口,品牌/官网/正版入口，路径短、转化快，重承接与信任,1.0,,,,百度统计真实流量,1,
2457,wpstv版官网,品牌与官方入口,官网入口,品牌/官网/正版入口，路径短、转化快，重承接与信任,1.0,,,,百度统计真实流量,1,
2458,WPS官网在线,品牌与官方入口,官网入口,品牌/官网/正版入口，路径短、转化快，重承接与信任,1.0,,,,百度统计真实流量,1,
2459,wps2016官网,品牌与官方入口,官网入口,品牌/官网/正版入口，路径短、转化快，重承接与信任,1.0,,,,百度统计真实流量,1,
2460,wps国内版官网,品牌与官方入口,官网入口,品牌/官网/正版入口，路径短、转化快，重承接与信任,1.0,,,,百度统计真实流量,1,
2461,WPS2021版官网,品牌与官方入口,官网入口,品牌/官网/正版入口，路径短、转化快，重承接与信任,1.0,,,,百度统计真实流量,1,
2462,WPS office官方入口,品牌与官方入口,官网入口,品牌/官网/正版入口，路径短、转化快，重承接与信任,1.0,,,,百度统计真实流量,1,
2463,wps32官网,品牌与官方入口,官网入口,品牌/官网/正版入口，路径短、转化快，重承接与信任,1.0,,,,百度统计真实流量,1,
2464,wps  官网,品牌与官方入口,官网入口,品牌/官网/正版入口，路径短、转化快，重承接与信任,1.0,,,,百度统计真实流量,1,
2465,wps官网‘,品牌与官方入口,官网入口,品牌/官网/正版入口，路径短、转化快，重承接与信任,1.0,,,,百度统计真实流量,1,
2466,金山办公官网首页,品牌与官方入口,官网入口,品牌/官网/正版入口，路径短、转化快，重承接与信任,1.0,,,,百度统计真实流量,1,
2467,wps官网首页网址,品牌与官方入口,官网入口,品牌/官网/正版入口，路径短、转化快，重承接与信任,1.0,,,,百度统计真实流量,1,
2468,2026wps官网,品牌与官方入口,官网入口,品牌/官网/正版入口，路径短、转化快，重承接与信任,1.0,,,,百度统计真实流量,1,
2469,wps官方王章,品牌与官方入口,官网入口,品牌/官网/正版入口，路径短、转化快，重承接与信任,1.0,,,,百度统计真实流量,1,
2470,教育版wps官网,品牌与官方入口,官网入口,品牌/官网/正版入口，路径短、转化快，重承接与信任,1.0,,,,百度统计真实流量,1,
2471,WPSoffce官方,品牌与官方入口,官网入口,品牌/官网/正版入口，路径短、转化快，重承接与信任,1.0,,,,百度统计真实流量,1,
2472,WPS云空间官网网站,品牌与官方入口,官网入口,品牌/官网/正版入口，路径短、转化快，重承接与信任,1.0,,,,百度统计真实流量,1,
2473,金山办公官网登录入口,品牌与官方入口,官网入口,品牌/官网/正版入口，路径短、转化快，重承接与信任,1.0,,,,百度统计真实流量,1,
2474,wps网页版官方网站入口,品牌与官方入口,官网入口,品牌/官网/正版入口，路径短、转化快，重承接与信任,1.0,,,,百度统计真实流量,1,
2475,wps官网.,品牌与官方入口,官网入口,品牌/官网/正版入口，路径短、转化快，重承接与信任,1.0,,,,百度统计真实流量,1,
2476,WPS官网 便携版,品牌与官方入口,官网入口,品牌/官网/正版入口，路径短、转化快，重承接与信任,1.0,,,,百度统计真实流量,1,
2477,WPSOFI官方网站I,品牌与官方入口,官网入口,品牌/官网/正版入口，路径短、转化快，重承接与信任,1.0,,,,百度统计真实流量,1,
2478,wpsOffice官网入口,品牌与官方入口,官网入口,品牌/官网/正版入口，路径短、转化快，重承接与信任,1.0,,,,百度统计真实流量,1,
2479,wps2026官网,品牌与官方入口,官网入口,品牌/官网/正版入口，路径短、转化快，重承接与信任,1.0,,,,百度统计真实流量,1,
2480,wps官网简约,品牌与官方入口,官网入口,品牌/官网/正版入口，路径短、转化快，重承接与信任,1.0,,,,百度统计真实流量,1,
2481,wpsofice官方,品牌与官方入口,官网入口,品牌/官网/正版入口，路径短、转化快，重承接与信任,1.0,,,,百度统计真实流量,1,
2482,WPS Office TV版官网,品牌与官方入口,官网入口,品牌/官网/正版入口，路径短、转化快，重承接与信任,1.0,,,,百度统计真实流量,1,
2483,wps office的官方网站,品牌与官方入口,官网入口,品牌/官网/正版入口，路径短、转化快，重承接与信任,1.0,,,,百度统计真实流量,1,
2484,金山wps表格官网,品牌与官方入口,官网入口,品牌/官网/正版入口，路径短、转化快，重承接与信任,1.0,,,,百度统计真实流量,1,
2485,WPS 官网在线工具,品牌与官方入口,官网入口,品牌/官网/正版入口，路径短、转化快，重承接与信任,1.0,,,,百度统计真实流量,1,
2486,word软件官方 wps,品牌与官方入口,官网入口,品牌/官网/正版入口，路径短、转化快，重承接与信任,1.0,,,,百度统计真实流量,1,
2487,WPS官方网站登录入口,品牌与官方入口,官网入口,品牌/官网/正版入口，路径短、转化快，重承接与信任,1.0,,,,百度统计真实流量,1,
2488,wpsword官网,品牌与官方入口,官网入口,品牌/官网/正版入口，路径短、转化快，重承接与信任,1.0,,,,百度统计真实流量,1,
2489,wps官网瞎子啊,品牌与官方入口,官网入口,品牌/官网/正版入口，路径短、转化快，重承接与信任,1.0,,,,百度统计真实流量,1,
2490,wps官网客户端,品牌与官方入口,官网入口,品牌/官网/正版入口，路径短、转化快，重承接与信任,1.0,,,,百度统计真实流量,1,
2491,WPS器官网,品牌与官方入口,官网入口,品牌/官网/正版入口，路径短、转化快，重承接与信任,1.0,,,,百度统计真实流量,1,
2492,WPSPDF官网,品牌与官方入口,官网入口,品牌/官网/正版入口，路径短、转化快，重承接与信任,1.0,,,,百度统计真实流量,1,
2493,wps官网首页wps商务,品牌与官方入口,官网入口,品牌/官网/正版入口，路径短、转化快，重承接与信任,1.0,,,,百度统计真实流量,1,
2494,wps网站官网入口,品牌与官方入口,官网入口,品牌/官网/正版入口，路径短、转化快，重承接与信任,1.0,,,,百度统计真实流量,1,
2495,WPS最新版本官网,品牌与官方入口,官网入口,品牌/官网/正版入口，路径短、转化快，重承接与信任,1.0,,,,百度统计真实流量,1,
2496,WPS在线使用官方,品牌与官方入口,官网入口,品牌/官网/正版入口，路径短、转化快，重承接与信任,1.0,,,,百度统计真实流量,1,
2497,wps.cn官方客户端,品牌与官方入口,官网入口,品牌/官网/正版入口，路径短、转化快，重承接与信任,1.0,,,,百度统计真实流量,1,
2498,WPS offce官方网站最新版,品牌与官方入口,官网入口,品牌/官网/正版入口，路径短、转化快，重承接与信任,1.0,,,,百度统计真实流量,1,
2499,wps在线使用官方网站,品牌与官方入口,官网入口,品牌/官网/正版入口，路径短、转化快，重承接与信任,1.0,,,,百度统计真实流量,1,
2500,wps专业版2023官网,品牌与官方入口,官网入口,品牌/官网/正版入口，路径短、转化快，重承接与信任,1.0,,,,百度统计真实流量,1,
2501,WPSoffice官方,品牌与官方入口,官网入口,品牌/官网/正版入口，路径短、转化快，重承接与信任,1.0,,,,百度统计真实流量,1,
2502,www WPS cn百度官网,品牌与官方入口,官网入口,品牌/官网/正版入口，路径短、转化快，重承接与信任,1.0,,,,百度统计真实流量,1,
2503,金山官网首页-金山办公,品牌与官方入口,官网入口,品牌/官网/正版入口，路径短、转化快，重承接与信任,1.0,,,,百度统计真实流量,1,
2504,wps Office官网,品牌与官方入口,官网入口,品牌/官网/正版入口，路径短、转化快，重承接与信任,1.0,,,,百度统计真实流量,1,
2505,wps.cn官方网站,品牌与官方入口,官网入口,品牌/官网/正版入口，路径短、转化快，重承接与信任,1.0,,,,百度统计真实流量,1,
2506,WPS网页版官网,品牌与官方入口,官网入口,品牌/官网/正版入口，路径短、转化快，重承接与信任,1.0,,,,百度统计真实流量,1,
2507,金山办公官方网站,品牌与官方入口,官网入口,品牌/官网/正版入口，路径短、转化快，重承接与信任,1.0,,,,百度统计真实流量,1,
2508,wps OFFICE官网,品牌与官方入口,官网入口,品牌/官网/正版入口，路径短、转化快，重承接与信任,1.0,,,,百度统计真实流量,1,
2509,金山办公官网官方,品牌与官方入口,官网入口,品牌/官网/正版入口，路径短、转化快，重承接与信任,1.0,,,,百度统计真实流量,1,
2510,WPS Office 官方,品牌与官方入口,官网入口,品牌/官网/正版入口，路径短、转化快，重承接与信任,1.0,,,,百度统计真实流量,1,
2511,WPS 官网首页,品牌与官方入口,官网入口,品牌/官网/正版入口，路径短、转化快，重承接与信任,1.0,,,,百度统计真实流量,1,
2512,officewps 官方网站,品牌与官方入口,官网入口,品牌/官网/正版入口，路径短、转化快，重承接与信任,1.0,,,,百度统计真实流量,1,
2513,WPS 官方官网,品牌与官方入口,官网入口,品牌/官网/正版入口，路径短、转化快，重承接与信任,1.0,,,,百度统计真实流量,1,
2514,wpsoffic官网,品牌与官方入口,官网入口,品牌/官网/正版入口，路径短、转化快，重承接与信任,1.0,,,,百度统计真实流量,1,
2515,wpspdf官网,品牌与官方入口,官网入口,品牌/官网/正版入口，路径短、转化快，重承接与信任,1.0,,,,百度统计真实流量,1,
2516,。WPS官网,品牌与官方入口,官网入口,品牌/官网/正版入口，路径短、转化快，重承接与信任,1.0,,,,百度统计真实流量,1,
2517,wps官网APP,品牌与官方入口,官网入口,品牌/官网/正版入口，路径短、转化快，重承接与信任,1.0,,,,百度统计真实流量,1,
2518,wps office 2023增强版 官网,品牌与官方入口,官网入口,品牌/官网/正版入口，路径短、转化快，重承接与信任,1.0,,,,百度统计真实流量,1,
2519,wpsofFce官方网站,品牌与官方入口,官网入口,品牌/官网/正版入口，路径短、转化快，重承接与信任,1.0,,,,百度统计真实流量,1,
2520,word办公软件官网,品牌与官方入口,官网入口,品牌/官网/正版入口，路径短、转化快，重承接与信任,1.0,,,,百度统计真实流量,1,
2521,office办公软件 官网,品牌与官方入口,官网入口,品牌/官网/正版入口，路径短、转化快，重承接与信任,1.0,,,,百度统计真实流量,1,
2522,中华人民共和国WPS Office官网,品牌与官方入口,官网入口,品牌/官网/正版入口，路径短、转化快，重承接与信任,1.0,,,,百度统计真实流量,1,
2523,金山wpsoffice移动版官网,品牌与官方入口,官网入口,品牌/官网/正版入口，路径短、转化快，重承接与信任,1.0,,,,百度统计真实流量,1,
2524,wps的官方网站,品牌与官方入口,官网入口,品牌/官网/正版入口，路径短、转化快，重承接与信任,1.0,,,,百度统计真实流量,1,
2525,wps pdf官网,品牌与官方入口,官网入口,品牌/官网/正版入口，路径短、转化快，重承接与信任,1.0,,,,百度统计真实流量,1,
2526,wps官网2026,品牌与官方入口,官网入口,品牌/官网/正版入口，路径短、转化快，重承接与信任,1.0,,,,百度统计真实流量,1,
2527,WPS官网PPT,品牌与官方入口,官网入口,品牌/官网/正版入口，路径短、转化快，重承接与信任,1.0,,,,百度统计真实流量,1,
2528,www.wps.cn官网登录入口,品牌与官方入口,官网入口,品牌/官网/正版入口，路径短、转化快，重承接与信任,1.0,,,,百度统计真实流量,1,
2529,wps offce 个人版 官网地址,品牌与官方入口,官网入口,品牌/官网/正版入口，路径短、转化快，重承接与信任,1.0,,,,百度统计真实流量,1,
2530,精简版wps 官网,品牌与官方入口,官网入口,品牌/官网/正版入口，路径短、转化快，重承接与信任,1.0,,,,百度统计真实流量,1,
2531,Wps office官网。,品牌与官方入口,官网入口,品牌/官网/正版入口，路径短、转化快，重承接与信任,1.0,,,,百度统计真实流量,1,
2532,金山wps官网首页网址,品牌与官方入口,官网入口,品牌/官网/正版入口，路径短、转化快，重承接与信任,1.0,,,,百度统计真实流量,1,
2533,WPS Office 官网入口,品牌与官方入口,官网入口,品牌/官网/正版入口，路径短、转化快，重承接与信任,1.0,,,,百度统计真实流量,1,
2534,wps offce 个人版 官网,品牌与官方入口,官网入口,品牌/官网/正版入口，路径短、转化快，重承接与信任,1.0,,,,百度统计真实流量,1,
2535,wps版本官网,品牌与官方入口,官网入口,品牌/官网/正版入口，路径短、转化快，重承接与信任,1.0,,,,百度统计真实流量,1,
2536,wps2021官方,品牌与官方入口,官网入口,品牌/官网/正版入口，路径短、转化快，重承接与信任,1.0,,,,百度统计真实流量,1,
2537,wpsexcel官网,品牌与官方入口,官网入口,品牌/官网/正版入口，路径短、转化快，重承接与信任,1.0,,,,百度统计真实流量,1,
2538,wps官网 2023,品牌与官方入口,官网入口,品牌/官网/正版入口，路径短、转化快，重承接与信任,1.0,,,,百度统计真实流量,1,
2539,wps官网XP,品牌与官方入口,官网入口,品牌/官网/正版入口，路径短、转化快，重承接与信任,1.0,,,,百度统计真实流量,1,
2540,WPS软件清理缓存 WPS官方,品牌与官方入口,官网入口,品牌/官网/正版入口，路径短、转化快，重承接与信任,1.0,,,,百度统计真实流量,1,
2541,WPS 365官网,品牌与官方入口,官网入口,品牌/官网/正版入口，路径短、转化快，重承接与信任,1.0,,,,百度统计真实流量,1,
2542,wps官方官方,品牌与官方入口,官网入口,品牌/官网/正版入口，路径短、转化快，重承接与信任,1.0,,,,百度统计真实流量,1,
2543,wps pdf 官网,品牌与官方入口,官网入口,品牌/官网/正版入口，路径短、转化快，重承接与信任,1.0,,,,百度统计真实流量,1,
2544,WPSOFFICE官方网址,品牌与官方入口,官网入口,品牌/官网/正版入口，路径短、转化快，重承接与信任,1.0,,,,百度统计真实流量,1,
2545,wpstv官网,品牌与官方入口,官网入口,品牌/官网/正版入口，路径短、转化快，重承接与信任,1.0,,,,百度统计真实流量,1,
2546,珠海金山办公软件官网,品牌与官方入口,官网入口,品牌/官网/正版入口，路径短、转化快，重承接与信任,1.0,,,,百度统计真实流量,1,
2547,wpsoffice 官网,品牌与官方入口,官网入口,品牌/官网/正版入口，路径短、转化快，重承接与信任,1.0,,,,百度统计真实流量,1,
2548,wps办公软件官方,品牌与官方入口,官网入口,品牌/官网/正版入口，路径短、转化快，重承接与信任,1.0,,,,百度统计真实流量,1,
2549,WPS官方网址入口,品牌与官方入口,官网入口,品牌/官网/正版入口，路径短、转化快，重承接与信任,1.0,,,,百度统计真实流量,1,
2550,金山办公wps office官网,品牌与官方入口,官网入口,品牌/官网/正版入口，路径短、转化快，重承接与信任,1.0,,,,百度统计真实流量,1,
2551,wps2025官网,品牌与官方入口,官网入口,品牌/官网/正版入口，路径短、转化快，重承接与信任,1.0,,,,百度统计真实流量,1,
2552,wps云服务官网,品牌与官方入口,官网入口,品牌/官网/正版入口，路径短、转化快，重承接与信任,1.0,,,,百度统计真实流量,1,
2553,wps.office官方网站,品牌与官方入口,官网入口,品牌/官网/正版入口，路径短、转化快，重承接与信任,1.0,,,,百度统计真实流量,1,
2554,wps office官方文档,品牌与官方入口,官网入口,品牌/官网/正版入口，路径短、转化快，重承接与信任,1.0,,,,百度统计真实流量,1,
2555,wpsi官网,品牌与官方入口,官网入口,品牌/官网/正版入口，路径短、转化快，重承接与信任,1.0,,,,百度统计真实流量,1,
2556,WPS Linux 官网,品牌与官方入口,官网入口,品牌/官网/正版入口，路径短、转化快，重承接与信任,1.0,,,,百度统计真实流量,1,
2557,wps中国大陆官网,品牌与官方入口,官网入口,品牌/官网/正版入口，路径短、转化快，重承接与信任,1.0,,,,百度统计真实流量,1,
2558,WPS教育官网,品牌与官方入口,官网入口,品牌/官网/正版入口，路径短、转化快，重承接与信任,1.0,,,,百度统计真实流量,1,
2559,办公表格官网,品牌与官方入口,官网入口,品牌/官网/正版入口，路径短、转化快，重承接与信任,1.0,,,,百度统计真实流量,1,
2560,wps官网简易版,品牌与官方入口,官网入口,品牌/官网/正版入口，路径短、转化快，重承接与信任,1.0,,,,百度统计真实流量,1,
2561,wps在线版官方,品牌与官方入口,官网入口,品牌/官网/正版入口，路径短、转化快，重承接与信任,1.0,,,,百度统计真实流量,1,
2562,“wps官网”,品牌与官方入口,官网入口,品牌/官网/正版入口，路径短、转化快，重承接与信任,1.0,,,,百度统计真实流量,1,
2563,WPS官方站,品牌与官方入口,官网入口,品牌/官网/正版入口，路径短、转化快，重承接与信任,1.0,,,,百度统计真实流量,1,
2564,wpso官网,品牌与官方入口,官网入口,品牌/官网/正版入口，路径短、转化快，重承接与信任,1.0,,,,百度统计真实流量,1,
2565,WPSoffer官方网站,品牌与官方入口,官网入口,品牌/官网/正版入口，路径短、转化快，重承接与信任,1.0,,,,百度统计真实流量,1,
2566,wps官网 wps官网,品牌与官方入口,官网入口,品牌/官网/正版入口，路径短、转化快，重承接与信任,1.0,,,,百度统计真实流量,1,
2567,WPS 官网 金山,品牌与官方入口,官网入口,品牌/官网/正版入口，路径短、转化快，重承接与信任,1.0,,,,百度统计真实流量,1,
2568,wps官网个人版,品牌与官方入口,官网入口,品牌/官网/正版入口，路径短、转化快，重承接与信任,1.0,,,,百度统计真实流量,1,
2569,WPS 灵犀官网,品牌与官方入口,官网入口,品牌/官网/正版入口，路径短、转化快，重承接与信任,1.0,,,,百度统计真实流量,1,
2570,wps官网版,品牌与官方入口,官网入口,品牌/官网/正版入口，路径短、转化快，重承接与信任,1.0,,,,百度统计真实流量,1,
2571,WpS官网,品牌与官方入口,官网入口,品牌/官网/正版入口，路径短、转化快，重承接与信任,1.0,,,,百度统计真实流量,1,
2572,WPS官网搜索,品牌与官方入口,官网入口,品牌/官网/正版入口，路径短、转化快，重承接与信任,1.0,,,,百度统计真实流量,1,
2573,wps麒麟官网,品牌与官方入口,官网入口,品牌/官网/正版入口，路径短、转化快，重承接与信任,1.0,,,,百度统计真实流量,1,
2574,WPS ppt官网,品牌与官方入口,官网入口,品牌/官网/正版入口，路径短、转化快，重承接与信任,1.0,,,,百度统计真实流量,1,
2575,wps官方网文档,品牌与官方入口,官网入口,品牌/官网/正版入口，路径短、转化快，重承接与信任,1.0,,,,百度统计真实流量,1,
2576,官网 wps,品牌与官方入口,官网入口,品牌/官网/正版入口，路径短、转化快，重承接与信任,1.0,,,,百度统计真实流量,1,
2577,官方WPS,品牌与官方入口,官网入口,品牌/官网/正版入口，路径短、转化快，重承接与信任,1.0,,,,百度统计真实流量,1,
2578,wps官方网站金山,品牌与官方入口,官网入口,品牌/官网/正版入口，路径短、转化快，重承接与信任,1.0,,,,百度统计真实流量,1,
2579,wps官网首页官网,品牌与官方入口,官网入口,品牌/官网/正版入口，路径短、转化快，重承接与信任,1.0,,,,百度统计真实流量,1,
2580,wps office 官方,品牌与官方入口,官网入口,品牌/官网/正版入口，路径短、转化快，重承接与信任,1.0,,,,百度统计真实流量,1,
2581,wps官网电脑网页版,品牌与官方入口,官网入口,品牌/官网/正版入口，路径短、转化快，重承接与信任,1.0,,,,百度统计真实流量,1,
2582,正版wps官网,品牌与官方入口,官网入口,品牌/官网/正版入口，路径短、转化快，重承接与信任,1.0,,,,百度统计真实流量,1,
2583,wps官网下在,品牌与官方入口,官网入口,品牌/官网/正版入口，路径短、转化快，重承接与信任,1.0,,,,百度统计真实流量,1,
2584,WPS 官方文档,品牌与官方入口,官网入口,品牌/官网/正版入口，路径短、转化快，重承接与信任,1.0,,,,百度统计真实流量,1,
2585,wps pc官网,品牌与官方入口,官网入口,品牌/官网/正版入口，路径短、转化快，重承接与信任,1.0,,,,百度统计真实流量,1,
2586,office官方办公软件,品牌与官方入口,官网入口,品牌/官网/正版入口，路径短、转化快，重承接与信任,1.0,,,,百度统计真实流量,1,
2587,wps ofiice官网,品牌与官方入口,官网入口,品牌/官网/正版入口，路径短、转化快，重承接与信任,1.0,,,,百度统计真实流量,1,
2588,WPS在线填表官网,品牌与官方入口,官网入口,品牌/官网/正版入口，路径短、转化快，重承接与信任,1.0,,,,百度统计真实流量,1,
2589,wps官方入口,品牌与官方入口,官网入口,品牌/官网/正版入口，路径短、转化快，重承接与信任,1.0,,,,百度统计真实流量,1,
2590,wps电视版官网,品牌与官方入口,官网入口,品牌/官网/正版入口，路径短、转化快，重承接与信任,1.0,,,,百度统计真实流量,1,
2591,WPS精简版官网,品牌与官方入口,官网入口,品牌/官网/正版入口，路径短、转化快，重承接与信任,1.0,,,,百度统计真实流量,1,
2592,wps官网纯净版,品牌与官方入口,官网入口,品牌/官网/正版入口，路径短、转化快，重承接与信任,1.0,,,,百度统计真实流量,1,
2593,WPS官方旗舰店,品牌与官方入口,官网入口,品牌/官网/正版入口，路径短、转化快，重承接与信任,1.0,,,,百度统计真实流量,1,
2594,wps官网在线客户,品牌与官方入口,官网入口,品牌/官网/正版入口，路径短、转化快，重承接与信任,1.0,,,,百度统计真实流量,1,
2595,金山官网首页wps,品牌与官方入口,官网入口,品牌/官网/正版入口，路径短、转化快，重承接与信任,1.0,,,,百度统计真实流量,1,
2596,www.wps.cn(金山官方网站),品牌与官方入口,官网入口,品牌/官网/正版入口，路径短、转化快，重承接与信任,1.0,,,,百度统计真实流量,1,
2597,wps官方卸载工具在哪,品牌与官方入口,官网入口,品牌/官网/正版入口，路径短、转化快，重承接与信任,1.0,,,,百度统计真实流量,1,
2598,WPSTV官网入口,品牌与官方入口,官网入口,品牌/官网/正版入口，路径短、转化快，重承接与信任,1.0,,,,百度统计真实流量,1,
2599,wps官网统信,品牌与官方入口,官网入口,品牌/官网/正版入口，路径短、转化快，重承接与信任,1.0,,,,百度统计真实流量,1,
2600,"wps官网,",品牌与官方入口,官网入口,品牌/官网/正版入口，路径短、转化快，重承接与信任,1.0,,,,百度统计真实流量,1,
2601,"WPS官网,",品牌与官方入口,官网入口,品牌/官网/正版入口，路径短、转化快，重承接与信任,1.0,,,,百度统计真实流量,1,
2602,WPSOFFI官方网站,品牌与官方入口,官网入口,品牌/官网/正版入口，路径短、转化快，重承接与信任,1.0,,,,百度统计真实流量,1,
2603,wps网页官网,品牌与官方入口,官网入口,品牌/官网/正版入口，路径短、转化快，重承接与信任,1.0,,,,百度统计真实流量,1,
2604,蓝色wps官网,品牌与官方入口,官网入口,品牌/官网/正版入口，路径短、转化快，重承接与信任,1.0,,,,百度统计真实流量,1,
2605,WPS教育版官网,品牌与官方入口,官网入口,品牌/官网/正版入口，路径短、转化快，重承接与信任,1.0,,,,百度统计真实流量,1,
2606,WPS官网专业版,品牌与官方入口,官网入口,品牌/官网/正版入口，路径短、转化快，重承接与信任,1.0,,,,百度统计真实流量,1,
2607,wps官网金山,品牌与官方入口,官网入口,品牌/官网/正版入口，路径短、转化快，重承接与信任,1.0,,,,百度统计真实流量,1,
2608,WPS官方文档,品牌与官方入口,官网入口,品牌/官网/正版入口，路径短、转化快，重承接与信任,1.0,,,,百度统计真实流量,1,
2609,wps office官方网页,品牌与官方入口,官网入口,品牌/官网/正版入口，路径短、转化快，重承接与信任,1.0,,,,百度统计真实流量,1,
2610,wps offi官网,品牌与官方入口,官网入口,品牌/官网/正版入口，路径短、转化快，重承接与信任,1.0,,,,百度统计真实流量,1,
2611,WPS 官网登录入口,品牌与官方入口,官网入口,品牌/官网/正版入口，路径短、转化快，重承接与信任,1.0,,,,百度统计真实流量,1,
2612,WPS官网64位版本,品牌与官方入口,官网入口,品牌/官网/正版入口，路径短、转化快，重承接与信任,1.0,,,,百度统计真实流量,1,
2613,金山wps网页版登录入口官网,品牌与官方入口,官网入口,品牌/官网/正版入口，路径短、转化快，重承接与信任,1.0,,,,百度统计真实流量,1,
2614,wpsoffice国际版官方,品牌与官方入口,官网入口,品牌/官网/正版入口，路径短、转化快，重承接与信任,1.0,,,,百度统计真实流量,1,
2615,wps的官网网址,品牌与官方入口,官网入口,品牌/官网/正版入口，路径短、转化快，重承接与信任,1.0,,,,百度统计真实流量,1,
2616,WPS字体官网,品牌与官方入口,官网入口,品牌/官网/正版入口，路径短、转化快，重承接与信任,1.0,,,,百度统计真实流量,1,
2617,wps官网pc版,品牌与官方入口,官网入口,品牌/官网/正版入口，路径短、转化快，重承接与信任,1.0,,,,百度统计真实流量,1,
2618,wps官网版本,品牌与官方入口,官网入口,品牌/官网/正版入口，路径短、转化快，重承接与信任,1.0,,,,百度统计真实流量,1,
2619,wps、官网,品牌与官方入口,官网入口,品牌/官网/正版入口，路径短、转化快，重承接与信任,1.0,,,,百度统计真实流量,1,
2620,WPS Office个人版官网,品牌与官方入口,官网入口,品牌/官网/正版入口，路径短、转化快，重承接与信任,1.0,,,,百度统计真实流量,1,
2621,drive.wps.cn官网,品牌与官方入口,官网入口,品牌/官网/正版入口，路径短、转化快，重承接与信任,1.0,,,,百度统计真实流量,1,
2622,"WWW,WPS,CM官方",品牌与官方入口,官网入口,品牌/官网/正版入口，路径短、转化快，重承接与信任,1.0,,,,百度统计真实流量,1,
2623,电脑WPS官网,品牌与官方入口,官网入口,品牌/官网/正版入口，路径短、转化快，重承接与信任,1.0,,,,百度统计真实流量,1,
2624,wps官网版入口,品牌与官方入口,官网入口,品牌/官网/正版入口，路径短、转化快，重承接与信任,1.0,,,,百度统计真实流量,1,
2625,wps官网工具,品牌与官方入口,官网入口,品牌/官网/正版入口，路径短、转化快，重承接与信任,1.0,,,,百度统计真实流量,1,
2626,wps官网首页在线使用,品牌与官方入口,官网入口,品牌/官网/正版入口，路径短、转化快，重承接与信任,1.0,,,,百度统计真实流量,1,
2627,wpsoffice 64位官网,品牌与官方入口,官网入口,品牌/官网/正版入口，路径短、转化快，重承接与信任,1.0,,,,百度统计真实流量,1,
2628,WPS 365 官网专业版,品牌与官方入口,官网入口,品牌/官网/正版入口，路径短、转化快，重承接与信任,1.0,,,,百度统计真实流量,1,
2629,金山办公(WPS)官方网站,品牌与官方入口,官网入口,品牌/官网/正版入口，路径短、转化快，重承接与信任,1.0,,,,百度统计真实流量,1,
2630,https://www. wps cn官网,品牌与官方入口,官网入口,品牌/官网/正版入口，路径短、转化快，重承接与信任,1.0,,,,百度统计真实流量,1,
2631,wps官网安卓平板,品牌与官方入口,官网入口,品牌/官网/正版入口，路径短、转化快，重承接与信任,1.0,,,,百度统计真实流量,1,
2632,office wps官方,品牌与官方入口,官网入口,品牌/官网/正版入口，路径短、转化快，重承接与信任,1.0,,,,百度统计真实流量,1,
2633,wps 官方 excel,品牌与官方入口,官网入口,品牌/官网/正版入口，路径短、转化快，重承接与信任,1.0,,,,百度统计真实流量,1,
2634,wps办公软件官网首页,品牌与官方入口,官网入口,品牌/官网/正版入口，路径短、转化快，重承接与信任,1.0,,,,百度统计真实流量,1,
2635,官网WPS2026,品牌与官方入口,官网入口,品牌/官网/正版入口，路径短、转化快，重承接与信任,1.0,,,,百度统计真实流量,1,
2636,wps word文档官方网站,品牌与官方入口,官网入口,品牌/官网/正版入口，路径短、转化快，重承接与信任,1.0,,,,百度统计真实流量,1,
2637,https://www.wps.cn/官网,品牌与官方入口,官网入口,品牌/官网/正版入口，路径短、转化快，重承接与信任,1.0,,,,百度统计真实流量,1,
2638,WPS官网在线工具,品牌与官方入口,官网入口,品牌/官网/正版入口，路径短、转化快，重承接与信任,1.0,,,,百度统计真实流量,1,
2639,wps官网首页官方,品牌与官方入口,官网入口,品牌/官网/正版入口，路径短、转化快，重承接与信任,1.0,,,,百度统计真实流量,1,
2640,wps中国官网,品牌与官方入口,官网入口,品牌/官网/正版入口，路径短、转化快，重承接与信任,1.0,,,,百度统计真实流量,1,
2641,WPS我、官网,品牌与官方入口,官网入口,品牌/官网/正版入口，路径短、转化快，重承接与信任,1.0,,,,百度统计真实流量,1,
2642,WPS 灵犀 官网,品牌与官方入口,官网入口,品牌/官网/正版入口，路径短、转化快，重承接与信任,1.0,,,,百度统计真实流量,1,
2643,wps官方 网站,品牌与官方入口,官网入口,品牌/官网/正版入口，路径短、转化快，重承接与信任,1.0,,,,百度统计真实流量,1,
2644,wps office官方官网,品牌与官方入口,官网入口,品牌/官网/正版入口，路径短、转化快，重承接与信任,1.0,,,,百度统计真实流量,1,
2645,wps官方网页版入口,品牌与官方入口,官网入口,品牌/官网/正版入口，路径短、转化快，重承接与信任,1.0,,,,百度统计真实流量,1,
2646,wps纯净版官网,品牌与官方入口,官网入口,品牌/官网/正版入口，路径短、转化快，重承接与信任,1.0,,,,百度统计真实流量,1,
2647,金山WPS 官网,品牌与官方入口,官网入口,品牌/官网/正版入口，路径短、转化快，重承接与信任,1.0,,,,百度统计真实流量,1,
2648,wps office金山官方,品牌与官方入口,官网入口,品牌/官网/正版入口，路径短、转化快，重承接与信任,1.0,,,,百度统计真实流量,1,
2649,www.wps.com官网,品牌与官方入口,官网入口,品牌/官网/正版入口，路径短、转化快，重承接与信任,1.0,,,,百度统计真实流量,1,
2650,wps官方电话人工服务,品牌与官方入口,官网入口,品牌/官网/正版入口，路径短、转化快，重承接与信任,1.0,,,,百度统计真实流量,1,
2651,wps官方在线平台官网,品牌与官方入口,官网入口,品牌/官网/正版入口，路径短、转化快，重承接与信任,1.0,,,,百度统计真实流量,1,
2652,wps国际官网,品牌与官方入口,官网入口,品牌/官网/正版入口，路径短、转化快，重承接与信任,1.0,,,,百度统计真实流量,1,
2653,wps进入官网,品牌与官方入口,官网入口,品牌/官网/正版入口，路径短、转化快，重承接与信任,1.0,,,,百度统计真实流量,1,
2654,wps offer官网,品牌与官方入口,官网入口,品牌/官网/正版入口，路径短、转化快，重承接与信任,1.0,,,,百度统计真实流量,1,
2655,wps官网】,品牌与官方入口,官网入口,品牌/官网/正版入口，路径短、转化快，重承接与信任,1.0,,,,百度统计真实流量,1,
2656,wps官网exe,品牌与官方入口,官网入口,品牌/官网/正版入口，路径短、转化快，重承接与信任,1.0,,,,百度统计真实流量,1,
2657,WPS金山软件官网,品牌与官方入口,官网入口,品牌/官网/正版入口，路径短、转化快，重承接与信任,1.0,,,,百度统计真实流量,1,
2658,金山wps官方网站,品牌与官方入口,官网入口,品牌/官网/正版入口，路径短、转化快，重承接与信任,1.0,,,,百度统计真实流量,1,
2659,wps官网首页登入,品牌与官方入口,官网入口,品牌/官网/正版入口，路径短、转化快，重承接与信任,1.0,,,,百度统计真实流量,1,
2660,wps官网wps个人版,品牌与官方入口,官网入口,品牌/官网/正版入口，路径短、转化快，重承接与信任,1.0,,,,百度统计真实流量,1,
2661,金山麒麟wps官网,品牌与官方入口,官网入口,品牌/官网/正版入口，路径短、转化快，重承接与信任,1.0,,,,百度统计真实流量,1,
2662,wps行政版官网入口,品牌与官方入口,官网入口,品牌/官网/正版入口，路径短、转化快，重承接与信任,1.0,,,,百度统计真实流量,1,
2663,wps协作版官网入口,品牌与官方入口,官网入口,品牌/官网/正版入口，路径短、转化快，重承接与信任,1.0,,,,百度统计真实流量,1,
2664,wps网页登录入口官网,品牌与官方入口,官网入口,品牌/官网/正版入口，路径短、转化快，重承接与信任,1.0,,,,百度统计真实流量,1,
2665,wps网盘官网,品牌与官方入口,官网入口,品牌/官网/正版入口，路径短、转化快，重承接与信任,1.0,,,,百度统计真实流量,1,
2666,wps笔记官网,品牌与官方入口,官网入口,品牌/官网/正版入口，路径短、转化快，重承接与信任,1.0,,,,百度统计真实流量,1,
2667,WPS官方入口,品牌与官方入口,官网入口,品牌/官网/正版入口，路径短、转化快，重承接与信任,1.0,,,,百度统计真实流量,1,
2668,wps电脑端官网,品牌与官方入口,官网入口,品牌/官网/正版入口，路径短、转化快，重承接与信任,1.0,,,,百度统计真实流量,1,
2669,wps 官方网址,品牌与官方入口,官网入口,品牌/官网/正版入口，路径短、转化快，重承接与信任,1.0,,,,百度统计真实流量,1,
2670,WPS官网·,品牌与官方入口,官网入口,品牌/官网/正版入口，路径短、转化快，重承接与信任,1.0,,,,百度统计真实流量,1,
2671,北京金山办公软件 官网 wps,品牌与官方入口,官网入口,品牌/官网/正版入口，路径短、转化快，重承接与信任,1.0,,,,百度统计真实流量,1,
2672,WPS 官方卸载工具,品牌与官方入口,官网入口,品牌/官网/正版入口，路径短、转化快，重承接与信任,1.0,,,,百度统计真实流量,1,
2673,intitle:wps官网,品牌与官方入口,官网入口,品牌/官网/正版入口，路径短、转化快，重承接与信任,1.0,,,,百度统计真实流量,1,
2674,wps64位官网,品牌与官方入口,官网入口,品牌/官网/正版入口，路径短、转化快，重承接与信任,1.0,,,,百度统计真实流量,1,
2675,WPS官网瞎子啊,品牌与官方入口,官网入口,品牌/官网/正版入口，路径短、转化快，重承接与信任,1.0,,,,百度统计真实流量,1,
2676,WPS TV版 官网,品牌与官方入口,官网入口,品牌/官网/正版入口，路径短、转化快，重承接与信任,1.0,,,,百度统计真实流量,1,
2677,wpspro官网,品牌与官方入口,官网入口,品牌/官网/正版入口，路径短、转化快，重承接与信任,1.0,,,,百度统计真实流量,1,
2678,wps官网’,品牌与官方入口,官网入口,品牌/官网/正版入口，路径短、转化快，重承接与信任,1.0,,,,百度统计真实流量,1,
2679,WPS官网。,品牌与官方入口,官网入口,品牌/官网/正版入口，路径短、转化快，重承接与信任,1.0,,,,百度统计真实流量,1,
2680,上海金山在线365官网,品牌与官方入口,官网入口,品牌/官网/正版入口，路径短、转化快，重承接与信任,1.0,,,,百度统计真实流量,1,
2681,wps 简体中文　官网,品牌与官方入口,官网入口,品牌/官网/正版入口，路径短、转化快，重承接与信任,1.0,,,,百度统计真实流量,1,
2682,金山pdf官网,品牌与官方入口,官网入口,品牌/官网/正版入口，路径短、转化快，重承接与信任,,15.0,,,第三方工具-社区SEO,1,
2683,wps正版,品牌与官方入口,正版与安全,品牌/官网/正版入口，路径短、转化快，重承接与信任,4.0,,,,百度统计真实流量,1,
2684,正版WPS,品牌与官方入口,正版与安全,品牌/官网/正版入口，路径短、转化快，重承接与信任,3.0,,,,百度统计真实流量,1,
2685,wps office正版,品牌与官方入口,正版与安全,品牌/官网/正版入口，路径短、转化快，重承接与信任,3.0,,,,百度统计真实流量,1,
2686,WPS Office正版,品牌与官方入口,正版与安全,品牌/官网/正版入口，路径短、转化快，重承接与信任,3.0,,,,百度统计真实流量,1,
2687,WPS Office破解,品牌与官方入口,正版与安全,品牌/官网/正版入口，路径短、转化快，重承接与信任,1.0,,,,百度统计真实流量,1,
2688,金山wps正版,品牌与官方入口,正版与安全,品牌/官网/正版入口，路径短、转化快，重承接与信任,1.0,,,,百度统计真实流量,1,
2689,wps破解版,品牌与官方入口,正版与安全,品牌/官网/正版入口，路径短、转化快，重承接与信任,1.0,,,,百度统计真实流量,1,
2690,WPs破解版,品牌与官方入口,正版与安全,品牌/官网/正版入口，路径短、转化快，重承接与信任,1.0,,,,百度统计真实流量,1,
2691,WPS破解版,品牌与官方入口,正版与安全,品牌/官网/正版入口，路径短、转化快，重承接与信任,1.0,,,,百度统计真实流量,1,
2692,WPS365破解,品牌与官方入口,正版与安全,品牌/官网/正版入口，路径短、转化快，重承接与信任,1.0,,,,百度统计真实流量,1,
2693,wps国际破解版,品牌与官方入口,正版与安全,品牌/官网/正版入口，路径短、转化快，重承接与信任,1.0,,,,百度统计真实流量,1,
2694,wps政府版2025专业版破解版,品牌与官方入口,正版与安全,品牌/官网/正版入口，路径短、转化快，重承接与信任,1.0,,,,百度统计真实流量,1,
2695,金山pdf破解版,品牌与官方入口,正版与安全,品牌/官网/正版入口，路径短、转化快，重承接与信任,,8.0,,,第三方工具-社区SEO,1,
2696,WPS正版免费下载,品牌与官方入口,风险拦截/正版引导,品牌/官网/正版入口，路径短、转化快，重承接与信任,,,150000.0,,GEO需求机会表,1,S
2697,WPS破解版安全吗,品牌与官方入口,风险拦截/正版引导,品牌/官网/正版入口，路径短、转化快，重承接与信任,,,80000.0,,GEO需求机会表,1,A
2698,WPS激活码有风险吗,品牌与官方入口,风险拦截/正版引导,品牌/官网/正版入口，路径短、转化快，重承接与信任,,,50000.0,,GEO需求机会表,1,B
2699,WPS破解版和正版区别,品牌与官方入口,风险拦截/正版引导,品牌/官网/正版入口，路径短、转化快，重承接与信任,,,50000.0,,GEO需求机会表,1,B
2700,WPS绿色版安全吗,品牌与官方入口,风险拦截/正版引导,品牌/官网/正版入口，路径短、转化快，重承接与信任,,,40000.0,,GEO需求机会表,1,B
2701,WPS会员破解版风险,品牌与官方入口,风险拦截/正版引导,品牌/官网/正版入口，路径短、转化快，重承接与信任,,,30000.0,,GEO需求机会表,1,B
2702,WPS电脑版安装包,下载安装,PC端下载,下载WPS各端安装包，落地页需官方下载入口承接,56.0,,,,百度搜索联想/相关搜索、百度统计真实流量,2,
2703,wps下载windows,下载安装,PC端下载,下载WPS各端安装包，落地页需官方下载入口承接,1.0,,,,百度搜索联想/相关搜索、百度统计真实流量,2,
2704,wps下载免费版电脑版,下载安装,PC端下载,下载WPS各端安装包，落地页需官方下载入口承接,17.0,,,,百度搜索联想/相关搜索、百度统计真实流量,2,
2705,wps下载平板电脑版,下载安装,PC端下载,下载WPS各端安装包，落地页需官方下载入口承接,1.0,,,,百度搜索联想/相关搜索、百度统计真实流量,2,
2706,wps下载电脑版安装包,下载安装,PC端下载,下载WPS各端安装包，落地页需官方下载入口承接,2.0,,,,百度搜索联想/相关搜索、百度统计真实流量,2,
2707,wps office官方电脑版,下载安装,PC端下载,下载WPS各端安装包，落地页需官方下载入口承接,618.0,,,,百度统计真实流量,1,
2708,wps官网电脑版,下载安装,PC端下载,下载WPS各端安装包，落地页需官方下载入口承接,200.0,,,,百度统计真实流量,1,
2709,wps官网首页电脑版,下载安装,PC端下载,下载WPS各端安装包，落地页需官方下载入口承接,142.0,,,,百度统计真实流量,1,
2710,wps官网电脑版下载,下载安装,PC端下载,下载WPS各端安装包，落地页需官方下载入口承接,120.0,,,,百度统计真实流量,1,
2711,wps电脑版下载,下载安装,PC端下载,下载WPS各端安装包，落地页需官方下载入口承接,103.0,,,,百度统计真实流量,1,
2712,WPS免费版(电脑版),下载安装,PC端下载,下载WPS各端安装包，落地页需官方下载入口承接,78.0,,,,百度统计真实流量,1,
2713,wps免费版电脑版,下载安装,PC端下载,下载WPS各端安装包，落地页需官方下载入口承接,67.0,,,,百度统计真实流量,1,
2714,wps电脑版官网,下载安装,PC端下载,下载WPS各端安装包，落地页需官方下载入口承接,56.0,,,,百度统计真实流量,1,
2715,wps电脑版,下载安装,PC端下载,下载WPS各端安装包，落地页需官方下载入口承接,49.0,,,,百度统计真实流量,1,
2716,wps安装包电脑版,下载安装,PC端下载,下载WPS各端安装包，落地页需官方下载入口承接,41.0,,,,百度统计真实流量,1,
2717,wps电脑版下载官网,下载安装,PC端下载,下载WPS各端安装包，落地页需官方下载入口承接,40.0,,,,百度统计真实流量,1,
2718,wps电脑版网页版入口,下载安装,PC端下载,下载WPS各端安装包，落地页需官方下载入口承接,39.0,,,,百度统计真实流量,1,
2719,wps办公软件官方下载电脑版免费,下载安装,PC端下载,下载WPS各端安装包，落地页需官方下载入口承接,34.0,,,,百度统计真实流量,1,
2720,wps电脑版官方下载,下载安装,PC端下载,下载WPS各端安装包，落地页需官方下载入口承接,33.0,,,,百度统计真实流量,1,
2721,wps电脑版免费下载,下载安装,PC端下载,下载WPS各端安装包，落地页需官方下载入口承接,20.0,,,,百度统计真实流量,1,
2722,wps官网首页电脑版下载,下载安装,PC端下载,下载WPS各端安装包，落地页需官方下载入口承接,17.0,,,,百度统计真实流量,1,
2723,wps office电脑版,下载安装,PC端下载,下载WPS各端安装包，落地页需官方下载入口承接,17.0,,,,百度统计真实流量,1,
2724,WPS Office 电脑版官方下载,下载安装,PC端下载,下载WPS各端安装包，落地页需官方下载入口承接,17.0,,,,百度统计真实流量,1,
2725,wps电脑版官方下载官网,下载安装,PC端下载,下载WPS各端安装包，落地页需官方下载入口承接,14.0,,,,百度统计真实流量,1,
2726,wps办公软件官方下载电脑版免费版,下载安装,PC端下载,下载WPS各端安装包，落地页需官方下载入口承接,14.0,,,,百度统计真实流量,1,
2727,wps下载官方版电脑版,下载安装,PC端下载,下载WPS各端安装包，落地页需官方下载入口承接,13.0,,,,百度统计真实流量,1,
2728,wps office下载电脑版官方下载,下载安装,PC端下载,下载WPS各端安装包，落地页需官方下载入口承接,13.0,,,,百度统计真实流量,1,
2729,下载wps电脑版,下载安装,PC端下载,下载WPS各端安装包，落地页需官方下载入口承接,12.0,,,,百度统计真实流量,1,
2730,WPS电脑版下载,下载安装,PC端下载,下载WPS各端安装包，落地页需官方下载入口承接,12.0,,,,百度统计真实流量,1,
2731,wps官网下载电脑版,下载安装,PC端下载,下载WPS各端安装包，落地页需官方下载入口承接,10.0,,,,百度统计真实流量,1,
2732,wps办公软件官方下载电脑版,下载安装,PC端下载,下载WPS各端安装包，落地页需官方下载入口承接,10.0,,,,百度统计真实流量,1,
2733,wpsoffice下载电脑版,下载安装,PC端下载,下载WPS各端安装包，落地页需官方下载入口承接,10.0,,,,百度统计真实流量,1,
2734,wps免费版电脑版官方下载,下载安装,PC端下载,下载WPS各端安装包，落地页需官方下载入口承接,8.0,,,,百度统计真实流量,1,
2735,WPS电脑版,下载安装,PC端下载,下载WPS各端安装包，落地页需官方下载入口承接,8.0,,,,百度统计真实流量,1,
2736,WPS office下载电脑版官方免费中文版,下载安装,PC端下载,下载WPS各端安装包，落地页需官方下载入口承接,7.0,,,,百度统计真实流量,1,
2737,wps office官方电脑版官网,下载安装,PC端下载,下载WPS各端安装包，落地页需官方下载入口承接,6.0,,,,百度统计真实流量,1,
2738,WPS电脑版网页入口,下载安装,PC端下载,下载WPS各端安装包，落地页需官方下载入口承接,6.0,,,,百度统计真实流量,1,
2739,wps office下载电脑版,下载安装,PC端下载,下载WPS各端安装包，落地页需官方下载入口承接,6.0,,,,百度统计真实流量,1,
2740,wps office下载电脑版 官网,下载安装,PC端下载,下载WPS各端安装包，落地页需官方下载入口承接,6.0,,,,百度统计真实流量,1,
2741,wps官网首页电脑版下载官网,下载安装,PC端下载,下载WPS各端安装包，落地页需官方下载入口承接,5.0,,,,百度统计真实流量,1,
2742,wps2021电脑版官网下载,下载安装,PC端下载,下载WPS各端安装包，落地页需官方下载入口承接,5.0,,,,百度统计真实流量,1,
2743,wps官方电脑版下载,下载安装,PC端下载,下载WPS各端安装包，落地页需官方下载入口承接,5.0,,,,百度统计真实流量,1,
2744,WPS 电脑版官网,下载安装,PC端下载,下载WPS各端安装包，落地页需官方下载入口承接,5.0,,,,百度统计真实流量,1,
2745,WPS免费版(电脑版)安装包,下载安装,PC端下载,下载WPS各端安装包，落地页需官方下载入口承接,5.0,,,,百度统计真实流量,1,
2746,wps平板pc版下载,下载安装,PC端下载,下载WPS各端安装包，落地页需官方下载入口承接,5.0,,,,百度统计真实流量,1,
2747,wps官方下载电脑版,下载安装,PC端下载,下载WPS各端安装包，落地页需官方下载入口承接,5.0,,,,百度统计真实流量,1,
2748,wpscn电脑版,下载安装,PC端下载,下载WPS各端安装包，落地页需官方下载入口承接,5.0,,,,百度统计真实流量,1,
2749,wps免费版电脑版官网,下载安装,PC端下载,下载WPS各端安装包，落地页需官方下载入口承接,4.0,,,,百度统计真实流量,1,
2750,wps免费版电脑版无需激活免费版,下载安装,PC端下载,下载WPS各端安装包，落地页需官方下载入口承接,4.0,,,,百度统计真实流量,1,
2751,wps office 电脑版下载,下载安装,PC端下载,下载WPS各端安装包，落地页需官方下载入口承接,4.0,,,,百度统计真实流量,1,
2752,WPS office电脑版官方下载,下载安装,PC端下载,下载WPS各端安装包，落地页需官方下载入口承接,4.0,,,,百度统计真实流量,1,
2753,wps官网windows下载,下载安装,PC端下载,下载WPS各端安装包，落地页需官方下载入口承接,4.0,,,,百度统计真实流量,1,
2754,wps官网电脑版网址,下载安装,PC端下载,下载WPS各端安装包，落地页需官方下载入口承接,4.0,,,,百度统计真实流量,1,
2755,WPSoffice平板PC版下载,下载安装,PC端下载,下载WPS各端安装包，落地页需官方下载入口承接,4.0,,,,百度统计真实流量,1,
2756,wps office 官网下载电脑,下载安装,PC端下载,下载WPS各端安装包，落地页需官方下载入口承接,4.0,,,,百度统计真实流量,1,
2757,wps电脑端官网下载,下载安装,PC端下载,下载WPS各端安装包，落地页需官方下载入口承接,4.0,,,,百度统计真实流量,1,
2758,wps电脑版官方,下载安装,PC端下载,下载WPS各端安装包，落地页需官方下载入口承接,4.0,,,,百度统计真实流量,1,
2759,wps官网下载电脑免费版,下载安装,PC端下载,下载WPS各端安装包，落地页需官方下载入口承接,3.0,,,,百度统计真实流量,1,
2760,wps2016电脑版官方下载,下载安装,PC端下载,下载WPS各端安装包，落地页需官方下载入口承接,3.0,,,,百度统计真实流量,1,
2761,www.wps.com 电脑版,下载安装,PC端下载,下载WPS各端安装包，落地页需官方下载入口承接,3.0,,,,百度统计真实流量,1,
2762,wps下载官网电脑版,下载安装,PC端下载,下载WPS各端安装包，落地页需官方下载入口承接,3.0,,,,百度统计真实流量,1,
2763,wps下载官网下载电脑免费版,下载安装,PC端下载,下载WPS各端安装包，落地页需官方下载入口承接,3.0,,,,百度统计真实流量,1,
2764,wps64位官网首页电脑版下载,下载安装,PC端下载,下载WPS各端安装包，落地页需官方下载入口承接,3.0,,,,百度统计真实流量,1,
2765,wps office电脑端下载,下载安装,PC端下载,下载WPS各端安装包，落地页需官方下载入口承接,3.0,,,,百度统计真实流量,1,
2766,wsp电脑版官方下载官网,下载安装,PC端下载,下载WPS各端安装包，落地页需官方下载入口承接,3.0,,,,百度统计真实流量,1,
2767,下载wps电脑版官方下载,下载安装,PC端下载,下载WPS各端安装包，落地页需官方下载入口承接,3.0,,,,百度统计真实流量,1,
2768,wpspc版下载官网,下载安装,PC端下载,下载WPS各端安装包，落地页需官方下载入口承接,3.0,,,,百度统计真实流量,1,
2769,wps下载电脑版,下载安装,PC端下载,下载WPS各端安装包，落地页需官方下载入口承接,3.0,,,,百度统计真实流量,1,
2770,wps电脑版下载安装包,下载安装,PC端下载,下载WPS各端安装包，落地页需官方下载入口承接,3.0,,,,百度统计真实流量,1,
2771,wps office pc端下载,下载安装,PC端下载,下载WPS各端安装包，落地页需官方下载入口承接,3.0,,,,百度统计真实流量,1,
2772,WPSOffice电脑版下载,下载安装,PC端下载,下载WPS各端安装包，落地页需官方下载入口承接,2.0,,,,百度统计真实流量,1,
2773,wps电脑客户端官方下载,下载安装,PC端下载,下载WPS各端安装包，落地页需官方下载入口承接,2.0,,,,百度统计真实流量,1,
2774,WPS office官方电脑版,下载安装,PC端下载,下载WPS各端安装包，落地页需官方下载入口承接,2.0,,,,百度统计真实流量,1,
2775,wps官方下载电脑版官网,下载安装,PC端下载,下载WPS各端安装包，落地页需官方下载入口承接,2.0,,,,百度统计真实流量,1,
2776,wps2025官方下载免费版电脑版,下载安装,PC端下载,下载WPS各端安装包，落地页需官方下载入口承接,2.0,,,,百度统计真实流量,1,
2777,wpsoffice官方电脑版在线使用网页版,下载安装,PC端下载,下载WPS各端安装包，落地页需官方下载入口承接,2.0,,,,百度统计真实流量,1,
2778,wps下载电脑版官方下载,下载安装,PC端下载,下载WPS各端安装包，落地页需官方下载入口承接,2.0,,,,百度统计真实流量,1,
2779,电脑版wps下载官网,下载安装,PC端下载,下载WPS各端安装包，落地页需官方下载入口承接,2.0,,,,百度统计真实流量,1,
2780,WPS Office 官网下载 Windows 2026,下载安装,PC端下载,下载WPS各端安装包，落地页需官方下载入口承接,2.0,,,,百度统计真实流量,1,
2781,wps国际版电脑版,下载安装,PC端下载,下载WPS各端安装包，落地页需官方下载入口承接,2.0,,,,百度统计真实流量,1,
2782,wps官网下载电脑版官方下载,下载安装,PC端下载,下载WPS各端安装包，落地页需官方下载入口承接,2.0,,,,百度统计真实流量,1,
2783,wps软件官方免费下载电脑版,下载安装,PC端下载,下载WPS各端安装包，落地页需官方下载入口承接,2.0,,,,百度统计真实流量,1,
2784,WPS Office 官网下载电脑版,下载安装,PC端下载,下载WPS各端安装包，落地页需官方下载入口承接,2.0,,,,百度统计真实流量,1,
2785,wps办公软件官方下载电脑版官网,下载安装,PC端下载,下载WPS各端安装包，落地页需官方下载入口承接,2.0,,,,百度统计真实流量,1,
2786,wps官网首页电脑版下载免费,下载安装,PC端下载,下载WPS各端安装包，落地页需官方下载入口承接,2.0,,,,百度统计真实流量,1,
2787,wps官网电脑版入口,下载安装,PC端下载,下载WPS各端安装包，落地页需官方下载入口承接,2.0,,,,百度统计真实流量,1,
2788,wps office官方电脑版免费下载2025最新版本,下载安装,PC端下载,下载WPS各端安装包，落地页需官方下载入口承接,2.0,,,,百度统计真实流量,1,
2789,下载wps office电脑版官方下载,下载安装,PC端下载,下载WPS各端安装包，落地页需官方下载入口承接,2.0,,,,百度统计真实流量,1,
2790,wps2025电脑版下载官网,下载安装,PC端下载,下载WPS各端安装包，落地页需官方下载入口承接,2.0,,,,百度统计真实流量,1,
2791,下载wps电脑版官网网址,下载安装,PC端下载,下载WPS各端安装包，落地页需官方下载入口承接,2.0,,,,百度统计真实流量,1,
2792,wps2025电脑版,下载安装,PC端下载,下载WPS各端安装包，落地页需官方下载入口承接,2.0,,,,百度统计真实流量,1,
2793,wpcoffice正版下载,下载安装,PC端下载,下载WPS各端安装包，落地页需官方下载入口承接,2.0,,,,百度统计真实流量,1,
2794,wps官方下载官网电脑版网址,下载安装,PC端下载,下载WPS各端安装包，落地页需官方下载入口承接,2.0,,,,百度统计真实流量,1,
2795,WPSOffice官网电脑下载,下载安装,PC端下载,下载WPS各端安装包，落地页需官方下载入口承接,2.0,,,,百度统计真实流量,1,
2796,WPSOffice官网电脑版,下载安装,PC端下载,下载WPS各端安装包，落地页需官方下载入口承接,2.0,,,,百度统计真实流量,1,
2797,wps网页版电脑版,下载安装,PC端下载,下载WPS各端安装包，落地页需官方下载入口承接,2.0,,,,百度统计真实流量,1,
2798,WPS电脑版下载官网,下载安装,PC端下载,下载WPS各端安装包，落地页需官方下载入口承接,2.0,,,,百度统计真实流量,1,
2799,WPS电脑版下载网址官网,下载安装,PC端下载,下载WPS各端安装包，落地页需官方下载入口承接,2.0,,,,百度统计真实流量,1,
2800,wps官网首页电脑版登录,下载安装,PC端下载,下载WPS各端安装包，落地页需官方下载入口承接,2.0,,,,百度统计真实流量,1,
2801,wps电脑版官方网站,下载安装,PC端下载,下载WPS各端安装包，落地页需官方下载入口承接,2.0,,,,百度统计真实流量,1,
2802,wps电脑版网页,下载安装,PC端下载,下载WPS各端安装包，落地页需官方下载入口承接,2.0,,,,百度统计真实流量,1,
2803,wps电脑版官网下载,下载安装,PC端下载,下载WPS各端安装包，落地页需官方下载入口承接,2.0,,,,百度统计真实流量,1,
2804,wps 下载电脑版 安装,下载安装,PC端下载,下载WPS各端安装包，落地页需官方下载入口承接,2.0,,,,百度统计真实流量,1,
2805,wps官方版电脑版,下载安装,PC端下载,下载WPS各端安装包，落地页需官方下载入口承接,2.0,,,,百度统计真实流量,1,
2806,wps office官方电脑版下载,下载安装,PC端下载,下载WPS各端安装包，落地页需官方下载入口承接,2.0,,,,百度统计真实流量,1,
2807,破解版wps office电脑版,下载安装,PC端下载,下载WPS各端安装包，落地页需官方下载入口承接,2.0,,,,百度统计真实流量,1,
2808,WPS电脑版官方下载,下载安装,PC端下载,下载WPS各端安装包，落地页需官方下载入口承接,2.0,,,,百度统计真实流量,1,
2809,wps下载安装电脑,下载安装,PC端下载,下载WPS各端安装包，落地页需官方下载入口承接,2.0,,,,百度统计真实流量,1,
2810,wpcoffice官方正版下载,下载安装,PC端下载,下载WPS各端安装包，落地页需官方下载入口承接,2.0,,,,百度统计真实流量,1,
2811,wps电脑安装包,下载安装,PC端下载,下载WPS各端安装包，落地页需官方下载入口承接,2.0,,,,百度统计真实流量,1,
2812,WPS office官方下载电脑版,下载安装,PC端下载,下载WPS各端安装包，落地页需官方下载入口承接,2.0,,,,百度统计真实流量,1,
2813,wps办公软件下载官网电脑版,下载安装,PC端下载,下载WPS各端安装包，落地页需官方下载入口承接,2.0,,,,百度统计真实流量,1,
2814,wps电脑版登录入口,下载安装,PC端下载,下载WPS各端安装包，落地页需官方下载入口承接,2.0,,,,百度统计真实流量,1,
2815,wps office 官方电脑版,下载安装,PC端下载,下载WPS各端安装包，落地页需官方下载入口承接,2.0,,,,百度统计真实流量,1,
2816,WPS电脑版官网下载,下载安装,PC端下载,下载WPS各端安装包，落地页需官方下载入口承接,2.0,,,,百度统计真实流量,1,
2817,wps官方下载免费完整版电脑版,下载安装,PC端下载,下载WPS各端安装包，落地页需官方下载入口承接,2.0,,,,百度统计真实流量,1,
2818,wps电脑版安装包,下载安装,PC端下载,下载WPS各端安装包，落地页需官方下载入口承接,1.0,,,,百度统计真实流量,1,
2819,wps下载电脑版官方下载官网,下载安装,PC端下载,下载WPS各端安装包，落地页需官方下载入口承接,1.0,,,,百度统计真实流量,1,
2820,wps下载电脑版安装,下载安装,PC端下载,下载WPS各端安装包，落地页需官方下载入口承接,1.0,,,,百度统计真实流量,1,
2821,wps 网页电脑版,下载安装,PC端下载,下载WPS各端安装包，落地页需官方下载入口承接,1.0,,,,百度统计真实流量,1,
2822,wps电脑版下载官方版,下载安装,PC端下载,下载WPS各端安装包，落地页需官方下载入口承接,1.0,,,,百度统计真实流量,1,
2823,官方wps电脑版官方下载,下载安装,PC端下载,下载WPS各端安装包，落地页需官方下载入口承接,1.0,,,,百度统计真实流量,1,
2824,免费下载wps办公软件电脑版,下载安装,PC端下载,下载WPS各端安装包，落地页需官方下载入口承接,1.0,,,,百度统计真实流量,1,
2825,WPS office电脑 下载,下载安装,PC端下载,下载WPS各端安装包，落地页需官方下载入口承接,1.0,,,,百度统计真实流量,1,
2826,wps电脑版在线使用,下载安装,PC端下载,下载WPS各端安装包，落地页需官方下载入口承接,1.0,,,,百度统计真实流量,1,
2827,wps office电脑版官方,下载安装,PC端下载,下载WPS各端安装包，落地页需官方下载入口承接,1.0,,,,百度统计真实流量,1,
2828,wps办公软件免费版电脑版,下载安装,PC端下载,下载WPS各端安装包，落地页需官方下载入口承接,1.0,,,,百度统计真实流量,1,
2829,wps pc版下载,下载安装,PC端下载,下载WPS各端安装包，落地页需官方下载入口承接,1.0,,,,百度统计真实流量,1,
2830,wps.cn电脑版,下载安装,PC端下载,下载WPS各端安装包，落地页需官方下载入口承接,1.0,,,,百度统计真实流量,1,
2831,wps云文档电脑版下载,下载安装,PC端下载,下载WPS各端安装包，落地页需官方下载入口承接,1.0,,,,百度统计真实流量,1,
2832,wps电脑版官方下载安装,下载安装,PC端下载,下载WPS各端安装包，落地页需官方下载入口承接,1.0,,,,百度统计真实流量,1,
2833,wps电脑版官方下载官网免费安装,下载安装,PC端下载,下载WPS各端安装包，落地页需官方下载入口承接,1.0,,,,百度统计真实流量,1,
2834,wps免费版(电脑版)安装包下载,下载安装,PC端下载,下载WPS各端安装包，落地页需官方下载入口承接,1.0,,,,百度统计真实流量,1,
2835,电脑安装不上wps,下载安装,PC端下载,下载WPS各端安装包，落地页需官方下载入口承接,1.0,,,,百度统计真实流量,1,
2836,电脑版wps官网,下载安装,PC端下载,下载WPS各端安装包，落地页需官方下载入口承接,1.0,,,,百度统计真实流量,1,
2837,WPS免费版(PC版)下载,下载安装,PC端下载,下载WPS各端安装包，落地页需官方下载入口承接,1.0,,,,百度统计真实流量,1,
2838,wps表格官方下载电脑版,下载安装,PC端下载,下载WPS各端安装包，落地页需官方下载入口承接,1.0,,,,百度统计真实流量,1,
2839,WPSoffice电脑版官方正版下载入口,下载安装,PC端下载,下载WPS各端安装包，落地页需官方下载入口承接,1.0,,,,百度统计真实流量,1,
2840,wpsofficewindows下载,下载安装,PC端下载,下载WPS各端安装包，落地页需官方下载入口承接,1.0,,,,百度统计真实流量,1,
2841,wps电脑版下载官网安装包,下载安装,PC端下载,下载WPS各端安装包，落地页需官方下载入口承接,1.0,,,,百度统计真实流量,1,
2842,WPS下载电脑版,下载安装,PC端下载,下载WPS各端安装包，落地页需官方下载入口承接,1.0,,,,百度统计真实流量,1,
2843,wps表格下载电脑版,下载安装,PC端下载,下载WPS各端安装包，落地页需官方下载入口承接,1.0,,,,百度统计真实流量,1,
2844,下载wps软件并安装到电脑上,下载安装,PC端下载,下载WPS各端安装包，落地页需官方下载入口承接,1.0,,,,百度统计真实流量,1,
2845,电脑版wps下载,下载安装,PC端下载,下载WPS各端安装包，落地页需官方下载入口承接,1.0,,,,百度统计真实流量,1,
2846,电脑版WPS下载,下载安装,PC端下载,下载WPS各端安装包，落地页需官方下载入口承接,1.0,,,,百度统计真实流量,1,
2847,wps off官网电脑版,下载安装,PC端下载,下载WPS各端安装包，落地页需官方下载入口承接,1.0,,,,百度统计真实流量,1,
2848,WPSPC版下载,下载安装,PC端下载,下载WPS各端安装包，落地页需官方下载入口承接,1.0,,,,百度统计真实流量,1,
2849,WPS电脑端官方正版下载,下载安装,PC端下载,下载WPS各端安装包，落地页需官方下载入口承接,1.0,,,,百度统计真实流量,1,
2850,wps官网电脑版官方下载,下载安装,PC端下载,下载WPS各端安装包，落地页需官方下载入口承接,1.0,,,,百度统计真实流量,1,
2851,www.wps.cn电脑下载,下载安装,PC端下载,下载WPS各端安装包，落地页需官方下载入口承接,1.0,,,,百度统计真实流量,1,
2852,wps文字下载官网电脑版,下载安装,PC端下载,下载WPS各端安装包，落地页需官方下载入口承接,1.0,,,,百度统计真实流量,1,
2853,wps协作软件下载官网电脑客户端,下载安装,PC端下载,下载WPS各端安装包，落地页需官方下载入口承接,1.0,,,,百度统计真实流量,1,
2854,wps电脑官方下载,下载安装,PC端下载,下载WPS各端安装包，落地页需官方下载入口承接,1.0,,,,百度统计真实流量,1,
2855,wpsoffice下载电脑版网页,下载安装,PC端下载,下载WPS各端安装包，落地页需官方下载入口承接,1.0,,,,百度统计真实流量,1,
2856,wpsoffice下载安装电脑版,下载安装,PC端下载,下载WPS各端安装包，落地页需官方下载入口承接,1.0,,,,百度统计真实流量,1,
2857,wpswindows版本下载,下载安装,PC端下载,下载WPS各端安装包，落地页需官方下载入口承接,1.0,,,,百度统计真实流量,1,
2858,wps电脑版离线安装包,下载安装,PC端下载,下载WPS各端安装包，落地页需官方下载入口承接,1.0,,,,百度统计真实流量,1,
2859,wpsoffice2015官方下载免费版电脑版,下载安装,PC端下载,下载WPS各端安装包，落地页需官方下载入口承接,1.0,,,,百度统计真实流量,1,
2860,wps电脑版官网下载安装,下载安装,PC端下载,下载WPS各端安装包，落地页需官方下载入口承接,1.0,,,,百度统计真实流量,1,
2861,电脑wps安装包下载地址,下载安装,PC端下载,下载WPS各端安装包，落地页需官方下载入口承接,1.0,,,,百度统计真实流量,1,
2862,WPSOfficial PC 下载,下载安装,PC端下载,下载WPS各端安装包，落地页需官方下载入口承接,1.0,,,,百度统计真实流量,1,
2863,wps电脑官网下载,下载安装,PC端下载,下载WPS各端安装包，落地页需官方下载入口承接,1.0,,,,百度统计真实流量,1,
2864,WPS官网电脑版安装包,下载安装,PC端下载,下载WPS各端安装包，落地页需官方下载入口承接,1.0,,,,百度统计真实流量,1,
2865,wps免费版电脑版最新版,下载安装,PC端下载,下载WPS各端安装包，落地页需官方下载入口承接,1.0,,,,百度统计真实流量,1,
2866,WPS用不了数据透视表 是电脑版本的原因吗,下载安装,PC端下载,下载WPS各端安装包，落地页需官方下载入口承接,1.0,,,,百度统计真实流量,1,
2867,WPS电脑官网下载,下载安装,PC端下载,下载WPS各端安装包，落地页需官方下载入口承接,1.0,,,,百度统计真实流量,1,
2868,wps国产电脑安装包,下载安装,PC端下载,下载WPS各端安装包，落地页需官方下载入口承接,1.0,,,,百度统计真实流量,1,
2869,WPS 免费电脑版官方下载,下载安装,PC端下载,下载WPS各端安装包，落地页需官方下载入口承接,1.0,,,,百度统计真实流量,1,
2870,WPS Office 下载电脑版免费,下载安装,PC端下载,下载WPS各端安装包，落地页需官方下载入口承接,1.0,,,,百度统计真实流量,1,
2871,金山wps电脑版官网,下载安装,PC端下载,下载WPS各端安装包，落地页需官方下载入口承接,1.0,,,,百度统计真实流量,1,
2872,wps电脑版官网入口,下载安装,PC端下载,下载WPS各端安装包，落地页需官方下载入口承接,1.0,,,,百度统计真实流量,1,
2873,wps office电脑下载,下载安装,PC端下载,下载WPS各端安装包，落地页需官方下载入口承接,1.0,,,,百度统计真实流量,1,
2874,wps office pc级下载,下载安装,PC端下载,下载WPS各端安装包，落地页需官方下载入口承接,1.0,,,,百度统计真实流量,1,
2875,金山文档下载电脑版官方下载,下载安装,PC端下载,下载WPS各端安装包，落地页需官方下载入口承接,1.0,,,,百度统计真实流量,1,
2876,wps office官网首页 电脑版,下载安装,PC端下载,下载WPS各端安装包，落地页需官方下载入口承接,1.0,,,,百度统计真实流量,1,
2877,wps电脑版官方下载免费安装,下载安装,PC端下载,下载WPS各端安装包，落地页需官方下载入口承接,1.0,,,,百度统计真实流量,1,
2878,WPS office官方下载电脑版免费中文版,下载安装,PC端下载,下载WPS各端安装包，落地页需官方下载入口承接,1.0,,,,百度统计真实流量,1,
2879,WPS Office下载电脑端,下载安装,PC端下载,下载WPS各端安装包，落地页需官方下载入口承接,1.0,,,,百度统计真实流量,1,
2880,wps office2020电脑版,下载安装,PC端下载,下载WPS各端安装包，落地页需官方下载入口承接,1.0,,,,百度统计真实流量,1,
2881,wps官网电脑版官方,下载安装,PC端下载,下载WPS各端安装包，落地页需官方下载入口承接,1.0,,,,百度统计真实流量,1,
2882,wps 32位下载电脑版官方下载,下载安装,PC端下载,下载WPS各端安装包，落地页需官方下载入口承接,1.0,,,,百度统计真实流量,1,
2883,wps office安装包电脑版,下载安装,PC端下载,下载WPS各端安装包，落地页需官方下载入口承接,1.0,,,,百度统计真实流量,1,
2884,电脑版WPS,下载安装,PC端下载,下载WPS各端安装包，落地页需官方下载入口承接,1.0,,,,百度统计真实流量,1,
2885,WPS Office的官方电脑版下载,下载安装,PC端下载,下载WPS各端安装包，落地页需官方下载入口承接,1.0,,,,百度统计真实流量,1,
2886,电脑wpsoffice下载官网,下载安装,PC端下载,下载WPS各端安装包，落地页需官方下载入口承接,1.0,,,,百度统计真实流量,1,
2887,wps下载官网电脑,下载安装,PC端下载,下载WPS各端安装包，落地页需官方下载入口承接,1.0,,,,百度统计真实流量,1,
2888,华为电脑wps下载,下载安装,PC端下载,下载WPS各端安装包，落地页需官方下载入口承接,1.0,,,,百度统计真实流量,1,
2889,wps电脑版永久免费版,下载安装,PC端下载,下载WPS各端安装包，落地页需官方下载入口承接,1.0,,,,百度统计真实流量,1,
2890,wps电脑版32位下载,下载安装,PC端下载,下载WPS各端安装包，落地页需官方下载入口承接,1.0,,,,百度统计真实流量,1,
2891,wps电脑版官方下载免费完整版,下载安装,PC端下载,下载WPS各端安装包，落地页需官方下载入口承接,1.0,,,,百度统计真实流量,1,
2892,wps官网免费下载电脑版,下载安装,PC端下载,下载WPS各端安装包，落地页需官方下载入口承接,1.0,,,,百度统计真实流量,1,
2893,wpsoffice官方电脑版32位,下载安装,PC端下载,下载WPS各端安装包，落地页需官方下载入口承接,1.0,,,,百度统计真实流量,1,
2894,WPS电脑版下载网址,下载安装,PC端下载,下载WPS各端安装包，落地页需官方下载入口承接,1.0,,,,百度统计真实流量,1,
2895,wps电脑版官方下载免费,下载安装,PC端下载,下载WPS各端安装包，落地页需官方下载入口承接,1.0,,,,百度统计真实流量,1,
2896,wps协作电脑版官网网页登录,下载安装,PC端下载,下载WPS各端安装包，落地页需官方下载入口承接,1.0,,,,百度统计真实流量,1,
2897,WPS office免费下载电脑版,下载安装,PC端下载,下载WPS各端安装包，落地页需官方下载入口承接,1.0,,,,百度统计真实流量,1,
2898,wps office下载官网电脑版,下载安装,PC端下载,下载WPS各端安装包，落地页需官方下载入口承接,1.0,,,,百度统计真实流量,1,
2899,wpsoffice安装包电脑版,下载安装,PC端下载,下载WPS各端安装包，落地页需官方下载入口承接,1.0,,,,百度统计真实流量,1,
2900,wps专业版电脑版官方下载,下载安装,PC端下载,下载WPS各端安装包，落地页需官方下载入口承接,1.0,,,,百度统计真实流量,1,
2901,wps国产电脑版,下载安装,PC端下载,下载WPS各端安装包，落地页需官方下载入口承接,1.0,,,,百度统计真实流量,1,
2902,wps苹果电脑版,下载安装,PC端下载,下载WPS各端安装包，落地页需官方下载入口承接,1.0,,,,百度统计真实流量,1,
2903,wps免费版电脑版win8最新版本,下载安装,PC端下载,下载WPS各端安装包，落地页需官方下载入口承接,1.0,,,,百度统计真实流量,1,
2904,wps软件电脑版下载,下载安装,PC端下载,下载WPS各端安装包，落地页需官方下载入口承接,1.0,,,,百度统计真实流量,1,
2905,WPS官网电脑版下载,下载安装,PC端下载,下载WPS各端安装包，落地页需官方下载入口承接,1.0,,,,百度统计真实流量,1,
2906,WPS office 电脑版,下载安装,PC端下载,下载WPS各端安装包，落地页需官方下载入口承接,1.0,,,,百度统计真实流量,1,
2907,wps2020电脑版,下载安装,PC端下载,下载WPS各端安装包，落地页需官方下载入口承接,1.0,,,,百度统计真实流量,1,
2908,wpswindows版,下载安装,PC端下载,下载WPS各端安装包，落地页需官方下载入口承接,1.0,,,,百度统计真实流量,1,
2909,WPS office下载电脑版官方下载2025,下载安装,PC端下载,下载WPS各端安装包，落地页需官方下载入口承接,1.0,,,,百度统计真实流量,1,
2910,2025 wps下载电脑,下载安装,PC端下载,下载WPS各端安装包，落地页需官方下载入口承接,1.0,,,,百度统计真实流量,1,
2911,官网下载wps电脑版,下载安装,PC端下载,下载WPS各端安装包，落地页需官方下载入口承接,1.0,,,,百度统计真实流量,1,
2912,wpswin7电脑版,下载安装,PC端下载,下载WPS各端安装包，落地页需官方下载入口承接,1.0,,,,百度统计真实流量,1,
2913,WPSOffice电脑版网页版,下载安装,PC端下载,下载WPS各端安装包，落地页需官方下载入口承接,1.0,,,,百度统计真实流量,1,
2914,金山wps office电脑版,下载安装,PC端下载,下载WPS各端安装包，落地页需官方下载入口承接,1.0,,,,百度统计真实流量,1,
2915,wps下载官方免费下载安装电脑版,下载安装,PC端下载,下载WPS各端安装包，落地页需官方下载入口承接,1.0,,,,百度统计真实流量,1,
2916,2025wps办公软件官方下载电脑版免费版,下载安装,PC端下载,下载WPS各端安装包，落地页需官方下载入口承接,1.0,,,,百度统计真实流量,1,
2917,wps2025下载电脑版官方下载,下载安装,PC端下载,下载WPS各端安装包，落地页需官方下载入口承接,1.0,,,,百度统计真实流量,1,
2918,WPS免费版电脑版,下载安装,PC端下载,下载WPS各端安装包，落地页需官方下载入口承接,1.0,,,,百度统计真实流量,1,
2919,wps365官网首页电脑版下载,下载安装,PC端下载,下载WPS各端安装包，落地页需官方下载入口承接,1.0,,,,百度统计真实流量,1,
2920,wps官方下载免费版电脑版官网免费版,下载安装,PC端下载,下载WPS各端安装包，落地页需官方下载入口承接,1.0,,,,百度统计真实流量,1,
2921,wps文字电脑版下载,下载安装,PC端下载,下载WPS各端安装包，落地页需官方下载入口承接,1.0,,,,百度统计真实流量,1,
2922,wps电脑版下载官网网址,下载安装,PC端下载,下载WPS各端安装包，落地页需官方下载入口承接,1.0,,,,百度统计真实流量,1,
2923,wps office电脑版、,下载安装,PC端下载,下载WPS各端安装包，落地页需官方下载入口承接,1.0,,,,百度统计真实流量,1,
2924,免费wpsoffice官方电脑版免费版,下载安装,PC端下载,下载WPS各端安装包，落地页需官方下载入口承接,1.0,,,,百度统计真实流量,1,
2925,WPS电脑下载官网,下载安装,PC端下载,下载WPS各端安装包，落地页需官方下载入口承接,1.0,,,,百度统计真实流量,1,
2926,wps官网 电脑版,下载安装,PC端下载,下载WPS各端安装包，落地页需官方下载入口承接,1.0,,,,百度统计真实流量,1,
2927,wps官网pc端下载,下载安装,PC端下载,下载WPS各端安装包，落地页需官方下载入口承接,1.0,,,,百度统计真实流量,1,
2928,电脑wps安装,下载安装,PC端下载,下载WPS各端安装包，落地页需官方下载入口承接,1.0,,,,百度统计真实流量,1,
2929,wps办公软件官方下载电脑版免费/////,下载安装,PC端下载,下载WPS各端安装包，落地页需官方下载入口承接,1.0,,,,百度统计真实流量,1,
2930,WPS 下载电脑版官方,下载安装,PC端下载,下载WPS各端安装包，落地页需官方下载入口承接,1.0,,,,百度统计真实流量,1,
2931,pdf官方下载免费版电脑版官网,下载安装,PC端下载,下载WPS各端安装包，落地页需官方下载入口承接,1.0,,,,百度统计真实流量,1,
2932,wps免费下载电脑版下载,下载安装,PC端下载,下载WPS各端安装包，落地页需官方下载入口承接,1.0,,,,百度统计真实流量,1,
2933,wps下载电脑版安装官网,下载安装,PC端下载,下载WPS各端安装包，落地页需官方下载入口承接,1.0,,,,百度统计真实流量,1,
2934,wapoffice电脑版,下载安装,PC端下载,下载WPS各端安装包，落地页需官方下载入口承接,1.0,,,,百度统计真实流量,1,
2935,wps电脑下载官网网址,下载安装,PC端下载,下载WPS各端安装包，落地页需官方下载入口承接,1.0,,,,百度统计真实流量,1,
2936,wps官方电脑版官网,下载安装,PC端下载,下载WPS各端安装包，落地页需官方下载入口承接,1.0,,,,百度统计真实流量,1,
2937,wps正版电脑版下载,下载安装,PC端下载,下载WPS各端安装包，落地页需官方下载入口承接,1.0,,,,百度统计真实流量,1,
2938,wps office破解版电脑版,下载安装,PC端下载,下载WPS各端安装包，落地页需官方下载入口承接,1.0,,,,百度统计真实流量,1,
2939,wps官网下载电脑,下载安装,PC端下载,下载WPS各端安装包，落地页需官方下载入口承接,1.0,,,,百度统计真实流量,1,
2940,wps WOR电脑版下载,下载安装,PC端下载,下载WPS各端安装包，落地页需官方下载入口承接,1.0,,,,百度统计真实流量,1,
2941,wps office官方电脑版官网登录,下载安装,PC端下载,下载WPS各端安装包，落地页需官方下载入口承接,1.0,,,,百度统计真实流量,1,
2942,office免费版电脑版,下载安装,PC端下载,下载WPS各端安装包，落地页需官方下载入口承接,1.0,,,,百度统计真实流量,1,
2943,WPS电脑版官方下载官网,下载安装,PC端下载,下载WPS各端安装包，落地页需官方下载入口承接,1.0,,,,百度统计真实流量,1,
2944,wps免费版(电脑版),下载安装,PC端下载,下载WPS各端安装包，落地页需官方下载入口承接,1.0,,,,百度统计真实流量,1,
2945,wps下载电脑版免费版官网,下载安装,PC端下载,下载WPS各端安装包，落地页需官方下载入口承接,1.0,,,,百度统计真实流量,1,
2946,WPS电脑端下载,下载安装,PC端下载,下载WPS各端安装包，落地页需官方下载入口承接,1.0,,,,百度统计真实流量,1,
2947,wps office官方电脑版免费下载官网,下载安装,PC端下载,下载WPS各端安装包，落地页需官方下载入口承接,1.0,,,,百度统计真实流量,1,
2948,wps2016电脑版,下载安装,PC端下载,下载WPS各端安装包，落地页需官方下载入口承接,1.0,,,,百度统计真实流量,1,
2949,wps2016电脑版安装包,下载安装,PC端下载,下载WPS各端安装包，落地页需官方下载入口承接,1.0,,,,百度统计真实流量,1,
2950,wps office官方电脑版在线使用网页版,下载安装,PC端下载,下载WPS各端安装包，落地页需官方下载入口承接,1.0,,,,百度统计真实流量,1,
2951,wps官方下载免费版电脑版,下载安装,PC端下载,下载WPS各端安装包，落地页需官方下载入口承接,1.0,,,,百度统计真实流量,1,
2952,wpsWindows下载,下载安装,PC端下载,下载WPS各端安装包，落地页需官方下载入口承接,1.0,,,,百度统计真实流量,1,
2953,wps office官方电脑版下载安装,下载安装,PC端下载,下载WPS各端安装包，落地页需官方下载入口承接,1.0,,,,百度统计真实流量,1,
2954,wps电脑版下载官网下载,下载安装,PC端下载,下载WPS各端安装包，落地页需官方下载入口承接,1.0,,,,百度统计真实流量,1,
2955,wpswindows下载,下载安装,PC端下载,下载WPS各端安装包，落地页需官方下载入口承接,1.0,,,,百度统计真实流量,1,
2956,wps office教育电脑版,下载安装,PC端下载,下载WPS各端安装包，落地页需官方下载入口承接,1.0,,,,百度统计真实流量,1,
2957,wps个人免费版电脑版中文免费版,下载安装,PC端下载,下载WPS各端安装包，落地页需官方下载入口承接,1.0,,,,百度统计真实流量,1,
2958,wps office离线版官方电脑版,下载安装,PC端下载,下载WPS各端安装包，落地页需官方下载入口承接,1.0,,,,百度统计真实流量,1,
2959,金山wps电脑版官方下载,下载安装,PC端下载,下载WPS各端安装包，落地页需官方下载入口承接,1.0,,,,百度统计真实流量,1,
2960,word软件电脑版,下载安装,PC端下载,下载WPS各端安装包，落地页需官方下载入口承接,1.0,,,,百度统计真实流量,1,
2961,WPS官方下载免费版电脑版,下载安装,PC端下载,下载WPS各端安装包，落地页需官方下载入口承接,1.0,,,,百度统计真实流量,1,
2962,免费版wps下载电脑版,下载安装,PC端下载,下载WPS各端安装包，落地页需官方下载入口承接,1.0,,,,百度统计真实流量,1,
2963,稻壳办公软件官方下载免费版电脑版,下载安装,PC端下载,下载WPS各端安装包，落地页需官方下载入口承接,1.0,,,,百度统计真实流量,1,
2964,excel表格下载电脑版,下载安装,PC端下载,下载WPS各端安装包，落地页需官方下载入口承接,,28.0,,,第三方工具-社区SEO,1,
2965,excel下载电脑版,下载安装,PC端下载,下载WPS各端安装包，落地页需官方下载入口承接,,14.0,,,第三方工具-社区SEO,1,
2966,word文档下载电脑版,下载安装,PC端下载,下载WPS各端安装包，落地页需官方下载入口承接,,12.0,,,第三方工具-社区SEO,1,
2967,word电脑版安装包,下载安装,PC端下载,下载WPS各端安装包，落地页需官方下载入口承接,,8.0,,,第三方工具-社区SEO,1,
2968,word文档电脑版,下载安装,PC端下载,下载WPS各端安装包，落地页需官方下载入口承接,,10.0,,,第三方工具-社区SEO,1,
2969,excel免费下载电脑版,下载安装,PC端下载,下载WPS各端安装包，落地页需官方下载入口承接,,9.0,,,第三方工具-社区SEO,1,
2970,PDF阅读器电脑版下载,下载安装,PC端下载,下载WPS各端安装包，落地页需官方下载入口承接,,8.0,,,第三方工具-社区SEO,1,
2971,word电脑版,下载安装,PC端下载,下载WPS各端安装包，落地页需官方下载入口承接,,7.0,,,第三方工具-社区SEO,1,
2972,excel2016下载电脑版,下载安装,PC端下载,下载WPS各端安装包，落地页需官方下载入口承接,,5.0,,,第三方工具-社区SEO,1,
2973,电脑word文档怎么下载,下载安装,PC端下载,下载WPS各端安装包，落地页需官方下载入口承接,,5.0,,,第三方工具-社区SEO,1,
2974,word电脑版下载,下载安装,PC端下载,下载WPS各端安装包，落地页需官方下载入口承接,,4.0,,,第三方工具-社区SEO,1,
2975,word2016电脑版下载,下载安装,PC端下载,下载WPS各端安装包，落地页需官方下载入口承接,,4.0,,,第三方工具-社区SEO,1,
2976,word2007电脑版下载,下载安装,PC端下载,下载WPS各端安装包，落地页需官方下载入口承接,,3.0,,,第三方工具-社区SEO,1,
2977,WPS下载,下载安装,下载安装,下载WPS各端安装包，落地页需官方下载入口承接,275.0,,,,百度搜索联想/相关搜索、百度统计真实流量,2,
2978,word文档下载,下载安装,下载安装,下载WPS各端安装包，落地页需官方下载入口承接,,281.0,,,百度搜索联想/相关搜索、第三方工具-社区SEO,2,
2979,wpsapp下载,下载安装,下载安装,下载WPS各端安装包，落地页需官方下载入口承接,2.0,,,,百度搜索联想/相关搜索、百度统计真实流量,2,
2980,wpsoffer软件下载,下载安装,下载安装,下载WPS各端安装包，落地页需官方下载入口承接,1.0,,,,百度搜索联想/相关搜索、百度统计真实流量,2,
2981,wpsoffice下载,下载安装,下载安装,下载WPS各端安装包，落地页需官方下载入口承接,5.0,,,,百度搜索联想/相关搜索、百度统计真实流量,2,
2982,wps下载,下载安装,下载安装,下载WPS各端安装包，落地页需官方下载入口承接,2459.0,,,,百度搜索联想/相关搜索、百度统计真实流量,2,
2983,wps下载官方版,下载安装,下载安装,下载WPS各端安装包，落地页需官方下载入口承接,163.0,,,,百度搜索联想/相关搜索、百度统计真实流量,2,
2984,wps下载最新版,下载安装,下载安装,下载WPS各端安装包，落地页需官方下载入口承接,7.0,,,,百度搜索联想/相关搜索、百度统计真实流量,2,
2985,wps免费下载,下载安装,下载安装,下载WPS各端安装包，落地页需官方下载入口承接,3.0,,,,百度搜索联想/相关搜索、百度统计真实流量,2,
2986,wps办公软件下载并安装,下载安装,下载安装,下载WPS各端安装包，落地页需官方下载入口承接,3.0,,,,百度搜索联想/相关搜索、百度统计真实流量,2,
2987,wps官网下载,下载安装,下载安装,下载WPS各端安装包，落地页需官方下载入口承接,390.0,,,,百度搜索联想/相关搜索、百度统计真实流量,2,
2988,wps文档下载,下载安装,下载安装,下载WPS各端安装包，落地页需官方下载入口承接,4.0,,,,百度搜索联想/相关搜索、百度统计真实流量,2,
2989,wps演示下载,下载安装,下载安装,下载WPS各端安装包，落地页需官方下载入口承接,3.0,,,,百度搜索联想/相关搜索、百度统计真实流量,2,
2990,wps表格下载,下载安装,下载安装,下载WPS各端安装包，落地页需官方下载入口承接,4.0,,,,百度搜索联想/相关搜索、百度统计真实流量,2,
2991,下载WPS,下载安装,下载安装,下载WPS各端安装包，落地页需官方下载入口承接,8.0,,,,百度搜索联想/相关搜索、百度统计真实流量,2,
2992,下载金山文档免费版,下载安装,下载安装,下载WPS各端安装包，落地页需官方下载入口承接,1.0,,,,百度搜索联想/相关搜索、百度统计真实流量,2,
2993,word软件官方下载,下载安装,下载安装,下载WPS各端安装包，落地页需官方下载入口承接,3.0,14.0,,,百度统计真实流量、第三方工具-社区SEO,2,
2994,pdf官方下载,下载安装,下载安装,下载WPS各端安装包，落地页需官方下载入口承接,2.0,160.0,,,百度统计真实流量、第三方工具-社区SEO,2,
2995,免费word文档下载,下载安装,下载安装,下载WPS各端安装包，落地页需官方下载入口承接,2.0,455.0,,,百度统计真实流量、第三方工具-社区SEO,2,
2996,pdf24中文版免费下载,下载安装,下载安装,下载WPS各端安装包，落地页需官方下载入口承接,,,,,百度搜索联想/相关搜索,1,
2997,云文件下载,下载安装,下载安装,下载WPS各端安装包，落地页需官方下载入口承接,,,,,百度搜索联想/相关搜索,1,
2998,云文档怎么下载,下载安装,下载安装,下载WPS各端安装包，落地页需官方下载入口承接,,,,,百度搜索联想/相关搜索,1,
2999,协同办公app下载安装,下载安装,下载安装,下载WPS各端安装包，落地页需官方下载入口承接,,,,,百度搜索联想/相关搜索,1,
3000,协同办公app官方下载,下载安装,下载安装,下载WPS各端安装包，落地页需官方下载入口承接,,,,,百度搜索联想/相关搜索,1,
3001,wps office下载,下载安装,下载安装,下载WPS各端安装包，落地页需官方下载入口承接,336.0,,,,百度统计真实流量,1,
3002,wps下载并安装,下载安装,下载安装,下载WPS各端安装包，落地页需官方下载入口承接,258.0,,,,百度统计真实流量,1,
3003,wps下载官网下载,下载安装,下载安装,下载WPS各端安装包，落地页需官方下载入口承接,246.0,,,,百度统计真实流量,1,
3004,WPS 下载,下载安装,下载安装,下载WPS各端安装包，落地页需官方下载入口承接,129.0,,,,百度统计真实流量,1,
3005,WPS官方下载,下载安装,下载安装,下载WPS各端安装包，落地页需官方下载入口承接,93.0,,,,百度统计真实流量,1,
3006,wps安装,下载安装,下载安装,下载WPS各端安装包，落地页需官方下载入口承接,86.0,,,,百度统计真实流量,1,
3007,wps官方下载官网,下载安装,下载安装,下载WPS各端安装包，落地页需官方下载入口承接,58.0,,,,百度统计真实流量,1,
3008,wps官方正版下载,下载安装,下载安装,下载WPS各端安装包，落地页需官方下载入口承接,54.0,,,,百度统计真实流量,1,
3009,wps 下载,下载安装,下载安装,下载WPS各端安装包，落地页需官方下载入口承接,52.0,,,,百度统计真实流量,1,
3010,wps软件下载官方免费下载,下载安装,下载安装,下载WPS各端安装包，落地页需官方下载入口承接,51.0,,,,百度统计真实流量,1,
3011,WPS Office 下载,下载安装,下载安装,下载WPS各端安装包，落地页需官方下载入口承接,48.0,,,,百度统计真实流量,1,
3012,WPS Office 官网下载,下载安装,下载安装,下载WPS各端安装包，落地页需官方下载入口承接,47.0,,,,百度统计真实流量,1,
3013,wps 64位下载,下载安装,下载安装,下载WPS各端安装包，落地页需官方下载入口承接,41.0,,,,百度统计真实流量,1,
3014,wps下载官网,下载安装,下载安装,下载WPS各端安装包，落地页需官方下载入口承接,41.0,,,,百度统计真实流量,1,
3015,WPS 官网下载,下载安装,下载安装,下载WPS各端安装包，落地页需官方下载入口承接,40.0,,,,百度统计真实流量,1,
3016,wps官方下载,下载安装,下载安装,下载WPS各端安装包，落地页需官方下载入口承接,39.0,,,,百度统计真实流量,1,
3017,WPS安装,下载安装,下载安装,下载WPS各端安装包，落地页需官方下载入口承接,37.0,,,,百度统计真实流量,1,
3018,wps安装包,下载安装,下载安装,下载WPS各端安装包，落地页需官方下载入口承接,31.0,,,,百度统计真实流量,1,
3019,wps下载官网入口,下载安装,下载安装,下载WPS各端安装包，落地页需官方下载入口承接,28.0,,,,百度统计真实流量,1,
3020,wps离线安装包,下载安装,下载安装,下载WPS各端安装包，落地页需官方下载入口承接,24.0,,,,百度统计真实流量,1,
3021,wps下载官网首页,下载安装,下载安装,下载WPS各端安装包，落地页需官方下载入口承接,24.0,,,,百度统计真实流量,1,
3022,下载wps,下载安装,下载安装,下载WPS各端安装包，落地页需官方下载入口承接,24.0,,,,百度统计真实流量,1,
3023,WPS下载安装,下载安装,下载安装,下载WPS各端安装包，落地页需官方下载入口承接,24.0,,,,百度统计真实流量,1,
3024,wps下载安装,下载安装,下载安装,下载WPS各端安装包，落地页需官方下载入口承接,24.0,,,,百度统计真实流量,1,
3025,wps专业版官网下载,下载安装,下载安装,下载WPS各端安装包，落地页需官方下载入口承接,22.0,,,,百度统计真实流量,1,
3026,wpsoffice官方免费下载,下载安装,下载安装,下载WPS各端安装包，落地页需官方下载入口承接,20.0,,,,百度统计真实流量,1,
3027,wpsapp官方下载,下载安装,下载安装,下载WPS各端安装包，落地页需官方下载入口承接,20.0,,,,百度统计真实流量,1,
3028,wps官网下载安装,下载安装,下载安装,下载WPS各端安装包，落地页需官方下载入口承接,20.0,,,,百度统计真实流量,1,
3029,wps下载官方,下载安装,下载安装,下载WPS各端安装包，落地页需官方下载入口承接,17.0,,,,百度统计真实流量,1,
3030,wps官方下载官网入口,下载安装,下载安装,下载WPS各端安装包，落地页需官方下载入口承接,16.0,,,,百度统计真实流量,1,
3031,wps office官方下载,下载安装,下载安装,下载WPS各端安装包，落地页需官方下载入口承接,15.0,,,,百度统计真实流量,1,
3032,wps表格官方下载,下载安装,下载安装,下载WPS各端安装包，落地页需官方下载入口承接,14.0,,,,百度统计真实流量,1,
3033,wps协作app下载,下载安装,下载安装,下载WPS各端安装包，落地页需官方下载入口承接,13.0,,,,百度统计真实流量,1,
3034,WPS Office 免费版下载,下载安装,下载安装,下载WPS各端安装包，落地页需官方下载入口承接,13.0,,,,百度统计真实流量,1,
3035,wps教育版下载官网,下载安装,下载安装,下载WPS各端安装包，落地页需官方下载入口承接,12.0,,,,百度统计真实流量,1,
3036,办公软件下载免费版,下载安装,下载安装,下载WPS各端安装包，落地页需官方下载入口承接,11.0,,,,百度统计真实流量,1,
3037,下载wps办公软件,下载安装,下载安装,下载WPS各端安装包，落地页需官方下载入口承接,11.0,,,,百度统计真实流量,1,
3038,wsp下载,下载安装,下载安装,下载WPS各端安装包，落地页需官方下载入口承接,11.0,,,,百度统计真实流量,1,
3039,wps专业版下载,下载安装,下载安装,下载WPS各端安装包，落地页需官方下载入口承接,11.0,,,,百度统计真实流量,1,
3040,wps 官网下载,下载安装,下载安装,下载WPS各端安装包，落地页需官方下载入口承接,10.0,,,,百度统计真实流量,1,
3041,wps2025官网下载,下载安装,下载安装,下载WPS各端安装包，落地页需官方下载入口承接,10.0,,,,百度统计真实流量,1,
3042,wps office官网下载,下载安装,下载安装,下载WPS各端安装包，落地页需官方下载入口承接,10.0,,,,百度统计真实流量,1,
3043,WPS官网下载WPS Office,下载安装,下载安装,下载WPS各端安装包，落地页需官方下载入口承接,10.0,,,,百度统计真实流量,1,
3044,WSP下载,下载安装,下载安装,下载WPS各端安装包，落地页需官方下载入口承接,9.0,,,,百度统计真实流量,1,
3045,下载wps软件并安装,下载安装,下载安装,下载WPS各端安装包，落地页需官方下载入口承接,9.0,,,,百度统计真实流量,1,
3046,WPS office官网下载,下载安装,下载安装,下载WPS各端安装包，落地页需官方下载入口承接,9.0,,,,百度统计真实流量,1,
3047,WPS官网下载VBA插件,下载安装,下载安装,下载WPS各端安装包，落地页需官方下载入口承接,9.0,,,,百度统计真实流量,1,
3048,WPS安装包,下载安装,下载安装,下载WPS各端安装包，落地页需官方下载入口承接,9.0,,,,百度统计真实流量,1,
3049,wps官网首页下载安装,下载安装,下载安装,下载WPS各端安装包，落地页需官方下载入口承接,9.0,,,,百度统计真实流量,1,
3050,www.wps.cn下载,下载安装,下载安装,下载WPS各端安装包，落地页需官方下载入口承接,9.0,,,,百度统计真实流量,1,
3051,http//www.wps.cn官网下载,下载安装,下载安装,下载WPS各端安装包，落地页需官方下载入口承接,8.0,,,,百度统计真实流量,1,
3052,wps 官方下载,下载安装,下载安装,下载WPS各端安装包，落地页需官方下载入口承接,8.0,,,,百度统计真实流量,1,
3053,wps表格官网下载,下载安装,下载安装,下载WPS各端安装包，落地页需官方下载入口承接,8.0,,,,百度统计真实流量,1,
3054,wps 安装,下载安装,下载安装,下载WPS各端安装包，落地页需官方下载入口承接,8.0,,,,百度统计真实流量,1,
3055,wps下载并安装官方下载,下载安装,下载安装,下载WPS各端安装包，落地页需官方下载入口承接,8.0,,,,百度统计真实流量,1,
3056,WPS office官方正版下载,下载安装,下载安装,下载WPS各端安装包，落地页需官方下载入口承接,8.0,,,,百度统计真实流量,1,
3057,wps office 官网下载,下载安装,下载安装,下载WPS各端安装包，落地页需官方下载入口承接,7.0,,,,百度统计真实流量,1,
3058,wps表格下载免费版,下载安装,下载安装,下载WPS各端安装包，落地页需官方下载入口承接,7.0,,,,百度统计真实流量,1,
3059,wps office 下载,下载安装,下载安装,下载WPS各端安装包，落地页需官方下载入口承接,7.0,,,,百度统计真实流量,1,
3060,wps最新版本下载,下载安装,下载安装,下载WPS各端安装包，落地页需官方下载入口承接,7.0,,,,百度统计真实流量,1,
3061,wps64位下载,下载安装,下载安装,下载WPS各端安装包，落地页需官方下载入口承接,7.0,,,,百度统计真实流量,1,
3062,wps官网入口下载,下载安装,下载安装,下载WPS各端安装包，落地页需官方下载入口承接,7.0,,,,百度统计真实流量,1,
3063,wspoffice下载,下载安装,下载安装,下载WPS各端安装包，落地页需官方下载入口承接,6.0,,,,百度统计真实流量,1,
3064,办公软件下载,下载安装,下载安装,下载WPS各端安装包，落地页需官方下载入口承接,6.0,,,,百度统计真实流量,1,
3065,wps官方下载免费完整版,下载安装,下载安装,下载WPS各端安装包，落地页需官方下载入口承接,6.0,,,,百度统计真实流量,1,
3066,wps离线安装包下载,下载安装,下载安装,下载WPS各端安装包，落地页需官方下载入口承接,6.0,,,,百度统计真实流量,1,
3067,wps离线版安装包,下载安装,下载安装,下载WPS各端安装包，落地页需官方下载入口承接,6.0,,,,百度统计真实流量,1,
3068,wps中文版官方下载,下载安装,下载安装,下载WPS各端安装包，落地页需官方下载入口承接,6.0,,,,百度统计真实流量,1,
3069,wps官网下载旧版本,下载安装,下载安装,下载WPS各端安装包，落地页需官方下载入口承接,6.0,,,,百度统计真实流量,1,
3070,wps office官网下载安装,下载安装,下载安装,下载WPS各端安装包，落地页需官方下载入口承接,6.0,,,,百度统计真实流量,1,
3071,wps下载安装官方版,下载安装,下载安装,下载WPS各端安装包，落地页需官方下载入口承接,6.0,,,,百度统计真实流量,1,
3072,wpsoffice免费下载,下载安装,下载安装,下载WPS各端安装包，落地页需官方下载入口承接,6.0,,,,百度统计真实流量,1,
3073,wps下载官网免费,下载安装,下载安装,下载WPS各端安装包，落地页需官方下载入口承接,6.0,,,,百度统计真实流量,1,
3074,WPS Office 官方下载,下载安装,下载安装,下载WPS各端安装包，落地页需官方下载入口承接,6.0,,,,百度统计真实流量,1,
3075,WPS离线安装包,下载安装,下载安装,下载WPS各端安装包，落地页需官方下载入口承接,6.0,,,,百度统计真实流量,1,
3076,下载wpsoffice免费版,下载安装,下载安装,下载WPS各端安装包，落地页需官方下载入口承接,5.0,,,,百度统计真实流量,1,
3077,WPS OFFICE 官方下载,下载安装,下载安装,下载WPS各端安装包，落地页需官方下载入口承接,5.0,,,,百度统计真实流量,1,
3078,wps office安装包,下载安装,下载安装,下载WPS各端安装包，落地页需官方下载入口承接,5.0,,,,百度统计真实流量,1,
3079,wps office下载免费版,下载安装,下载安装,下载WPS各端安装包，落地页需官方下载入口承接,5.0,,,,百度统计真实流量,1,
3080,wps tv版下载,下载安装,下载安装,下载WPS各端安装包，落地页需官方下载入口承接,5.0,,,,百度统计真实流量,1,
3081,wps表格软件下载,下载安装,下载安装,下载WPS各端安装包，落地页需官方下载入口承接,5.0,,,,百度统计真实流量,1,
3082,w'p's下载,下载安装,下载安装,下载WPS各端安装包，落地页需官方下载入口承接,5.0,,,,百度统计真实流量,1,
3083,wps个人免费版下载官网,下载安装,下载安装,下载WPS各端安装包，落地页需官方下载入口承接,5.0,,,,百度统计真实流量,1,
3084,WPS office下载,下载安装,下载安装,下载WPS各端安装包，落地页需官方下载入口承接,5.0,,,,百度统计真实流量,1,
3085,wpstv版官方下载,下载安装,下载安装,下载WPS各端安装包，落地页需官方下载入口承接,5.0,,,,百度统计真实流量,1,
3086,wps下载官方版网站,下载安装,下载安装,下载WPS各端安装包，落地页需官方下载入口承接,5.0,,,,百度统计真实流量,1,
3087,wps个人版怎么下载,下载安装,下载安装,下载WPS各端安装包，落地页需官方下载入口承接,5.0,,,,百度统计真实流量,1,
3088,wps官方下载地址,下载安装,下载安装,下载WPS各端安装包，落地页需官方下载入口承接,5.0,,,,百度统计真实流量,1,
3089,wps个人免费版怎么下载,下载安装,下载安装,下载WPS各端安装包，落地页需官方下载入口承接,5.0,,,,百度统计真实流量,1,
3090,wps图片下载,下载安装,下载安装,下载WPS各端安装包，落地页需官方下载入口承接,5.0,,,,百度统计真实流量,1,
3091,WPS下载官网,下载安装,下载安装,下载WPS各端安装包，落地页需官方下载入口承接,5.0,,,,百度统计真实流量,1,
3092,xls表格下载,下载安装,下载安装,下载WPS各端安装包，落地页需官方下载入口承接,5.0,,,,百度统计真实流量,1,
3093,wps办公软件下载,下载安装,下载安装,下载WPS各端安装包，落地页需官方下载入口承接,5.0,,,,百度统计真实流量,1,
3094,wps专业版下载 官网,下载安装,下载安装,下载WPS各端安装包，落地页需官方下载入口承接,5.0,,,,百度统计真实流量,1,
3095,金山wps官网下载,下载安装,下载安装,下载WPS各端安装包，落地页需官方下载入口承接,4.0,,,,百度统计真实流量,1,
3096,wps卸载工具官方版,下载安装,下载安装,下载WPS各端安装包，落地页需官方下载入口承接,4.0,,,,百度统计真实流量,1,
3097,wps office免费版下载,下载安装,下载安装,下载WPS各端安装包，落地页需官方下载入口承接,4.0,,,,百度统计真实流量,1,
3098,wps官网安装,下载安装,下载安装,下载WPS各端安装包，落地页需官方下载入口承接,4.0,,,,百度统计真实流量,1,
3099,wps官方版,下载安装,下载安装,下载WPS各端安装包，落地页需官方下载入口承接,4.0,,,,百度统计真实流量,1,
3100,wps365官网下载入口,下载安装,下载安装,下载WPS各端安装包，落地页需官方下载入口承接,4.0,,,,百度统计真实流量,1,
3101,wps官网64位下载,下载安装,下载安装,下载WPS各端安装包，落地页需官方下载入口承接,4.0,,,,百度统计真实流量,1,
3102,wps专业增强版下载,下载安装,下载安装,下载WPS各端安装包，落地页需官方下载入口承接,4.0,,,,百度统计真实流量,1,
3103,wps 32位下载,下载安装,下载安装,下载WPS各端安装包，落地页需官方下载入口承接,4.0,,,,百度统计真实流量,1,
3104,下载 wps office,下载安装,下载安装,下载WPS各端安装包，落地页需官方下载入口承接,4.0,,,,百度统计真实流量,1,
3105,ARM版WPS安装包,下载安装,下载安装,下载WPS各端安装包，落地页需官方下载入口承接,4.0,,,,百度统计真实流量,1,
3106,wps官网免费下载,下载安装,下载安装,下载WPS各端安装包，落地页需官方下载入口承接,4.0,,,,百度统计真实流量,1,
3107,wps软件下载,下载安装,下载安装,下载WPS各端安装包，落地页需官方下载入口承接,4.0,,,,百度统计真实流量,1,
3108,wps安装包下载,下载安装,下载安装,下载WPS各端安装包，落地页需官方下载入口承接,4.0,,,,百度统计真实流量,1,
3109,安装wps,下载安装,下载安装,下载WPS各端安装包，落地页需官方下载入口承接,4.0,,,,百度统计真实流量,1,
3110,wps图片下载官网,下载安装,下载安装,下载WPS各端安装包，落地页需官方下载入口承接,4.0,,,,百度统计真实流量,1,
3111,WPS 安装,下载安装,下载安装,下载WPS各端安装包，落地页需官方下载入口承接,4.0,,,,百度统计真实流量,1,
3112,WPS office官方下载,下载安装,下载安装,下载WPS各端安装包，落地页需官方下载入口承接,4.0,,,,百度统计真实流量,1,
3113,wps office下载官网,下载安装,下载安装,下载WPS各端安装包，落地页需官方下载入口承接,4.0,,,,百度统计真实流量,1,
3114,wps最新版本官方下载,下载安装,下载安装,下载WPS各端安装包，落地页需官方下载入口承接,4.0,,,,百度统计真实流量,1,
3115,wps下载官方下载官网,下载安装,下载安装,下载WPS各端安装包，落地页需官方下载入口承接,4.0,,,,百度统计真实流量,1,
3116,wps官方安装,下载安装,下载安装,下载WPS各端安装包，落地页需官方下载入口承接,4.0,,,,百度统计真实流量,1,
3117,wps官网 下载,下载安装,下载安装,下载WPS各端安装包，落地页需官方下载入口承接,4.0,,,,百度统计真实流量,1,
3118,WPS个人版下载,下载安装,下载安装,下载WPS各端安装包，落地页需官方下载入口承接,4.0,,,,百度统计真实流量,1,
3119,wps个人版官网下载,下载安装,下载安装,下载WPS各端安装包，落地页需官方下载入口承接,4.0,,,,百度统计真实流量,1,
3120,金山WPS官网下载,下载安装,下载安装,下载WPS各端安装包，落地页需官方下载入口承接,4.0,,,,百度统计真实流量,1,
3121,WPS Office官方下载入口,下载安装,下载安装,下载WPS各端安装包，落地页需官方下载入口承接,3.0,,,,百度统计真实流量,1,
3122,WPS Office 官网下载免费版,下载安装,下载安装,下载WPS各端安装包，落地页需官方下载入口承接,3.0,,,,百度统计真实流量,1,
3123,wsp官网下载,下载安装,下载安装,下载WPS各端安装包，落地页需官方下载入口承接,3.0,,,,百度统计真实流量,1,
3124,wps官网下载入口,下载安装,下载安装,下载WPS各端安装包，落地页需官方下载入口承接,3.0,,,,百度统计真实流量,1,
3125,wps免费下载安装,下载安装,下载安装,下载WPS各端安装包，落地页需官方下载入口承接,3.0,,,,百度统计真实流量,1,
3126,wps网页版下载,下载安装,下载安装,下载WPS各端安装包，落地页需官方下载入口承接,3.0,,,,百度统计真实流量,1,
3127,WPT官网下载,下载安装,下载安装,下载WPS各端安装包，落地页需官方下载入口承接,3.0,,,,百度统计真实流量,1,
3128,wps安装下载,下载安装,下载安装,下载WPS各端安装包，落地页需官方下载入口承接,3.0,,,,百度统计真实流量,1,
3129,WPS Office官方下载,下载安装,下载安装,下载WPS各端安装包，落地页需官方下载入口承接,3.0,,,,百度统计真实流量,1,
3130,下载表格excel表格文件,下载安装,下载安装,下载WPS各端安装包，落地页需官方下载入口承接,3.0,,,,百度统计真实流量,1,
3131,wts下载安装,下载安装,下载安装,下载WPS各端安装包，落地页需官方下载入口承接,3.0,,,,百度统计真实流量,1,
3132,wpsoffice32位官方下载,下载安装,下载安装,下载WPS各端安装包，落地页需官方下载入口承接,3.0,,,,百度统计真实流量,1,
3133,wps office 2023官方版,下载安装,下载安装,下载WPS各端安装包，落地页需官方下载入口承接,3.0,,,,百度统计真实流量,1,
3134,waps下载,下载安装,下载安装,下载WPS各端安装包，落地页需官方下载入口承接,3.0,,,,百度统计真实流量,1,
3135,wps免费版下载,下载安装,下载安装,下载WPS各端安装包，落地页需官方下载入口承接,3.0,,,,百度统计真实流量,1,
3136,wps mac下载,下载安装,下载安装,下载WPS各端安装包，落地页需官方下载入口承接,3.0,,,,百度统计真实流量,1,
3137,wps官方官网下载,下载安装,下载安装,下载WPS各端安装包，落地页需官方下载入口承接,3.0,,,,百度统计真实流量,1,
3138,wps2016版本下载,下载安装,下载安装,下载WPS各端安装包，落地页需官方下载入口承接,3.0,,,,百度统计真实流量,1,
3139,"wps下载,",下载安装,下载安装,下载WPS各端安装包，落地页需官方下载入口承接,3.0,,,,百度统计真实流量,1,
3140,wps官方下载免费完整版,下载安装,下载安装,下载WPS各端安装包，落地页需官方下载入口承接,3.0,,,,百度统计真实流量,1,
3141,wpsapp下载官方,下载安装,下载安装,下载WPS各端安装包，落地页需官方下载入口承接,3.0,,,,百度统计真实流量,1,
3142,xlsx表格下载,下载安装,下载安装,下载WPS各端安装包，落地页需官方下载入口承接,3.0,,,,百度统计真实流量,1,
3143,wps图片软件下载,下载安装,下载安装,下载WPS各端安装包，落地页需官方下载入口承接,3.0,,,,百度统计真实流量,1,
3144,wps word文档下载,下载安装,下载安装,下载WPS各端安装包，落地页需官方下载入口承接,3.0,,,,百度统计真实流量,1,
3145,wpsoffice下载安装 软件下载,下载安装,下载安装,下载WPS各端安装包，落地页需官方下载入口承接,3.0,,,,百度统计真实流量,1,
3146,wps comate下载,下载安装,下载安装,下载WPS各端安装包，落地页需官方下载入口承接,3.0,,,,百度统计真实流量,1,
3147,wps历史版本下载官网,下载安装,下载安装,下载WPS各端安装包，落地页需官方下载入口承接,3.0,,,,百度统计真实流量,1,
3148,下载 WPS,下载安装,下载安装,下载WPS各端安装包，落地页需官方下载入口承接,3.0,,,,百度统计真实流量,1,
3149,wps企业版下载官网,下载安装,下载安装,下载WPS各端安装包，落地页需官方下载入口承接,3.0,,,,百度统计真实流量,1,
3150,wps协作下载,下载安装,下载安装,下载WPS各端安装包，落地页需官方下载入口承接,3.0,,,,百度统计真实流量,1,
3151,WPS免费下载,下载安装,下载安装,下载WPS各端安装包，落地页需官方下载入口承接,3.0,,,,百度统计真实流量,1,
3152,wps官方正版下载入口,下载安装,下载安装,下载WPS各端安装包，落地页需官方下载入口承接,3.0,,,,百度统计真实流量,1,
3153,wps下载mac版,下载安装,下载安装,下载WPS各端安装包，落地页需官方下载入口承接,3.0,,,,百度统计真实流量,1,
3154,wps 安装包,下载安装,下载安装,下载WPS各端安装包，落地页需官方下载入口承接,3.0,,,,百度统计真实流量,1,
3155,安装WPS,下载安装,下载安装,下载WPS各端安装包，落地页需官方下载入口承接,3.0,,,,百度统计真实流量,1,
3156,wpsoffice app下载,下载安装,下载安装,下载WPS各端安装包，落地页需官方下载入口承接,3.0,,,,百度统计真实流量,1,
3157,wps最新版下载官网,下载安装,下载安装,下载WPS各端安装包，落地页需官方下载入口承接,3.0,,,,百度统计真实流量,1,
3158,WPS企业下载,下载安装,下载安装,下载WPS各端安装包，落地页需官方下载入口承接,3.0,,,,百度统计真实流量,1,
3159,wps云盘下载,下载安装,下载安装,下载WPS各端安装包，落地页需官方下载入口承接,3.0,,,,百度统计真实流量,1,
3160,wps word下载,下载安装,下载安装,下载WPS各端安装包，落地页需官方下载入口承接,3.0,,,,百度统计真实流量,1,
3161,wps图片安装包,下载安装,下载安装,下载WPS各端安装包，落地页需官方下载入口承接,3.0,,,,百度统计真实流量,1,
3162,WPSApp下载,下载安装,下载安装,下载WPS各端安装包，落地页需官方下载入口承接,3.0,,,,百度统计真实流量,1,
3163,免费word办公软件下载,下载安装,下载安装,下载WPS各端安装包，落地页需官方下载入口承接,3.0,,,,百度统计真实流量,1,
3164,ws下载,下载安装,下载安装,下载WPS各端安装包，落地页需官方下载入口承接,3.0,,,,百度统计真实流量,1,
3165,WPS office 下载,下载安装,下载安装,下载WPS各端安装包，落地页需官方下载入口承接,3.0,,,,百度统计真实流量,1,
3166,wps企业版下载,下载安装,下载安装,下载WPS各端安装包，落地页需官方下载入口承接,3.0,,,,百度统计真实流量,1,
3167,WPS软件下载,下载安装,下载安装,下载WPS各端安装包，落地页需官方下载入口承接,3.0,,,,百度统计真实流量,1,
3168,WPSoffice下载,下载安装,下载安装,下载WPS各端安装包，落地页需官方下载入口承接,3.0,,,,百度统计真实流量,1,
3169,WPSapp下载,下载安装,下载安装,下载WPS各端安装包，落地页需官方下载入口承接,3.0,,,,百度统计真实流量,1,
3170,WPS官网下载地址,下载安装,下载安装,下载WPS各端安装包，落地页需官方下载入口承接,3.0,,,,百度统计真实流量,1,
3171,wps office安装包下载,下载安装,下载安装,下载WPS各端安装包，落地页需官方下载入口承接,3.0,,,,百度统计真实流量,1,
3172,wapoffice下载安装,下载安装,下载安装,下载WPS各端安装包，落地页需官方下载入口承接,3.0,,,,百度统计真实流量,1,
3173,wps在线安装,下载安装,下载安装,下载WPS各端安装包，落地页需官方下载入口承接,3.0,,,,百度统计真实流量,1,
3174,wps 64位官网下载,下载安装,下载安装,下载WPS各端安装包，落地页需官方下载入口承接,3.0,,,,百度统计真实流量,1,
3175,wps个人版下载,下载安装,下载安装,下载WPS各端安装包，落地页需官方下载入口承接,3.0,,,,百度统计真实流量,1,
3176,wps纯净版下载,下载安装,下载安装,下载WPS各端安装包，落地页需官方下载入口承接,3.0,,,,百度统计真实流量,1,
3177,wps office下载官方版,下载安装,下载安装,下载WPS各端安装包，落地页需官方下载入口承接,3.0,,,,百度统计真实流量,1,
3178,wps2026下载,下载安装,下载安装,下载WPS各端安装包，落地页需官方下载入口承接,3.0,,,,百度统计真实流量,1,
3179,"wps2023官方下载链接,或者第三方大企业软件助手的下载链接",下载安装,下载安装,下载WPS各端安装包，落地页需官方下载入口承接,3.0,,,,百度统计真实流量,1,
3180,wps怎么下载,下载安装,下载安装,下载WPS各端安装包，落地页需官方下载入口承接,2.0,,,,百度统计真实流量,1,
3181,wsp官方下载,下载安装,下载安装,下载WPS各端安装包，落地页需官方下载入口承接,2.0,,,,百度统计真实流量,1,
3182,wps pro下载,下载安装,下载安装,下载WPS各端安装包，落地页需官方下载入口承接,2.0,,,,百度统计真实流量,1,
3183,wpsoffice办公软件下载,下载安装,下载安装,下载WPS各端安装包，落地页需官方下载入口承接,2.0,,,,百度统计真实流量,1,
3184,wps专业版2025下载,下载安装,下载安装,下载WPS各端安装包，落地页需官方下载入口承接,2.0,,,,百度统计真实流量,1,
3185,wps 官方版,下载安装,下载安装,下载WPS各端安装包，落地页需官方下载入口承接,2.0,,,,百度统计真实流量,1,
3186,wpsword下载安装,下载安装,下载安装,下载WPS各端安装包，落地页需官方下载入口承接,2.0,,,,百度统计真实流量,1,
3187,wps完整版下载,下载安装,下载安装,下载WPS各端安装包，落地页需官方下载入口承接,2.0,,,,百度统计真实流量,1,
3188,"WPS,下载",下载安装,下载安装,下载WPS各端安装包，落地页需官方下载入口承接,2.0,,,,百度统计真实流量,1,
3189,wps官方正版免费下载,下载安装,下载安装,下载WPS各端安装包，落地页需官方下载入口承接,2.0,,,,百度统计真实流量,1,
3190,wps官方网站下载,下载安装,下载安装,下载WPS各端安装包，落地页需官方下载入口承接,2.0,,,,百度统计真实流量,1,
3191,办公软件office2025官方免费下载,下载安装,下载安装,下载WPS各端安装包，落地页需官方下载入口承接,2.0,,,,百度统计真实流量,1,
3192,VBA宏插件下载免费,下载安装,下载安装,下载WPS各端安装包，落地页需官方下载入口承接,2.0,,,,百度统计真实流量,1,
3193,wps2019个人版下载,下载安装,下载安装,下载WPS各端安装包，落地页需官方下载入口承接,2.0,,,,百度统计真实流量,1,
3194,文挡下载,下载安装,下载安装,下载WPS各端安装包，落地页需官方下载入口承接,2.0,,,,百度统计真实流量,1,
3195,wps.cn官网下载,下载安装,下载安装,下载WPS各端安装包，落地页需官方下载入口承接,2.0,,,,百度统计真实流量,1,
3196,wps办公软件官方下载,下载安装,下载安装,下载WPS各端安装包，落地页需官方下载入口承接,2.0,,,,百度统计真实流量,1,
3197,下载wps官网,下载安装,下载安装,下载WPS各端安装包，落地页需官方下载入口承接,2.0,,,,百度统计真实流量,1,
3198,wps教育版官方下载,下载安装,下载安装,下载WPS各端安装包，落地页需官方下载入口承接,2.0,,,,百度统计真实流量,1,
3199,Wps下载,下载安装,下载安装,下载WPS各端安装包，落地页需官方下载入口承接,2.0,,,,百度统计真实流量,1,
3200,wps2023官方下载免费版,下载安装,下载安装,下载WPS各端安装包，落地页需官方下载入口承接,2.0,,,,百度统计真实流量,1,
3201,金山办公app官方下载,下载安装,下载安装,下载WPS各端安装包，落地页需官方下载入口承接,2.0,,,,百度统计真实流量,1,
3202,wps麒麟版安装包,下载安装,下载安装,下载WPS各端安装包，落地页需官方下载入口承接,2.0,,,,百度统计真实流量,1,
3203,免费下载wps,下载安装,下载安装,下载WPS各端安装包，落地页需官方下载入口承接,2.0,,,,百度统计真实流量,1,
3204,wps电视版官方下载,下载安装,下载安装,下载WPS各端安装包，落地页需官方下载入口承接,2.0,,,,百度统计真实流量,1,
3205,wpsword官网下载,下载安装,下载安装,下载WPS各端安装包，落地页需官方下载入口承接,2.0,,,,百度统计真实流量,1,
3206,金山wps office正版软件下载,下载安装,下载安装,下载WPS各端安装包，落地页需官方下载入口承接,2.0,,,,百度统计真实流量,1,
3207,wps旧版本下载,下载安装,下载安装,下载WPS各端安装包，落地页需官方下载入口承接,2.0,,,,百度统计真实流量,1,
3208,wps365下载,下载安装,下载安装,下载WPS各端安装包，落地页需官方下载入口承接,2.0,,,,百度统计真实流量,1,
3209,下载wps官方免费,下载安装,下载安装,下载WPS各端安装包，落地页需官方下载入口承接,2.0,,,,百度统计真实流量,1,
3210,办公软件下载wps,下载安装,下载安装,下载WPS各端安装包，落地页需官方下载入口承接,2.0,,,,百度统计真实流量,1,
3211,WPSOffice官方下载安装,下载安装,下载安装,下载WPS各端安装包，落地页需官方下载入口承接,2.0,,,,百度统计真实流量,1,
3212,wps office官方下载免费版,下载安装,下载安装,下载WPS各端安装包，落地页需官方下载入口承接,2.0,,,,百度统计真实流量,1,
3213,wps64位官方下载,下载安装,下载安装,下载WPS各端安装包，落地页需官方下载入口承接,2.0,,,,百度统计真实流量,1,
3214,wps32位下载官网,下载安装,下载安装,下载WPS各端安装包，落地页需官方下载入口承接,2.0,,,,百度统计真实流量,1,
3215,永久免费wps软件下载,下载安装,下载安装,下载WPS各端安装包，落地页需官方下载入口承接,2.0,,,,百度统计真实流量,1,
3216,企业安装wps,下载安装,下载安装,下载WPS各端安装包，落地页需官方下载入口承接,2.0,,,,百度统计真实流量,1,
3217,wps麒麟版下载,下载安装,下载安装,下载WPS各端安装包，落地页需官方下载入口承接,2.0,,,,百度统计真实流量,1,
3218,wps pro官网下载,下载安装,下载安装,下载WPS各端安装包，落地页需官方下载入口承接,2.0,,,,百度统计真实流量,1,
3219,wps安装包2019,下载安装,下载安装,下载WPS各端安装包，落地页需官方下载入口承接,2.0,,,,百度统计真实流量,1,
3220,wps表格软件安装,下载安装,下载安装,下载WPS各端安装包，落地页需官方下载入口承接,2.0,,,,百度统计真实流量,1,
3221,wps正版下载官网免费版,下载安装,下载安装,下载WPS各端安装包，落地页需官方下载入口承接,2.0,,,,百度统计真实流量,1,
3222,麒麟系统wps官方下载,下载安装,下载安装,下载WPS各端安装包，落地页需官方下载入口承接,2.0,,,,百度统计真实流量,1,
3223,wps个人版 下载,下载安装,下载安装,下载WPS各端安装包，落地页需官方下载入口承接,2.0,,,,百度统计真实流量,1,
3224,WPS下载方式,下载安装,下载安装,下载WPS各端安装包，落地页需官方下载入口承接,2.0,,,,百度统计真实流量,1,
3225,WPS统信版下载官网,下载安装,下载安装,下载WPS各端安装包，落地页需官方下载入口承接,2.0,,,,百度统计真实流量,1,
3226,wps 2025版本下载,下载安装,下载安装,下载WPS各端安装包，落地页需官方下载入口承接,2.0,,,,百度统计真实流量,1,
3227,免费办公软件下载官方网站,下载安装,下载安装,下载WPS各端安装包，落地页需官方下载入口承接,2.0,,,,百度统计真实流量,1,
3228,wps老版本免费下载,下载安装,下载安装,下载WPS各端安装包，落地页需官方下载入口承接,2.0,,,,百度统计真实流量,1,
3229,免费下载wps办公软件,下载安装,下载安装,下载WPS各端安装包，落地页需官方下载入口承接,2.0,,,,百度统计真实流量,1,
3230,wps2023专业版下载地址,下载安装,下载安装,下载WPS各端安装包，落地页需官方下载入口承接,2.0,,,,百度统计真实流量,1,
3231,WPS 下载中心,下载安装,下载安装,下载WPS各端安装包，落地页需官方下载入口承接,2.0,,,,百度统计真实流量,1,
3232,wps 专业增强版 官网下载,下载安装,下载安装,下载WPS各端安装包，落地页需官方下载入口承接,2.0,,,,百度统计真实流量,1,
3233,wps离线安装包下载官网,下载安装,下载安装,下载WPS各端安装包，落地页需官方下载入口承接,2.0,,,,百度统计真实流量,1,
3234,wps的vba模块官方下载,下载安装,下载安装,下载WPS各端安装包，落地页需官方下载入口承接,2.0,,,,百度统计真实流量,1,
3235,wpsoffce下载官网正版,下载安装,下载安装,下载WPS各端安装包，落地页需官方下载入口承接,2.0,,,,百度统计真实流量,1,
3236,WPS下载官网首页,下载安装,下载安装,下载WPS各端安装包，落地页需官方下载入口承接,2.0,,,,百度统计真实流量,1,
3237,wps linux个人版下载,下载安装,下载安装,下载WPS各端安装包，落地页需官方下载入口承接,2.0,,,,百度统计真实流量,1,
3238,下载wpsoffice,下载安装,下载安装,下载WPS各端安装包，落地页需官方下载入口承接,2.0,,,,百度统计真实流量,1,
3239,WPS mac 下载,下载安装,下载安装,下载WPS各端安装包，落地页需官方下载入口承接,2.0,,,,百度统计真实流量,1,
3240,wps下载中心,下载安装,下载安装,下载WPS各端安装包，落地页需官方下载入口承接,2.0,,,,百度统计真实流量,1,
3241,WPS表格下载,下载安装,下载安装,下载WPS各端安装包，落地页需官方下载入口承接,2.0,,,,百度统计真实流量,1,
3242,wps软件下载官网,下载安装,下载安装,下载WPS各端安装包，落地页需官方下载入口承接,2.0,,,,百度统计真实流量,1,
3243,wps看图软件下载,下载安装,下载安装,下载WPS各端安装包，落地页需官方下载入口承接,2.0,,,,百度统计真实流量,1,
3244,w下载,下载安装,下载安装,下载WPS各端安装包，落地页需官方下载入口承接,2.0,,,,百度统计真实流量,1,
3245,wpsOFFICE官网下载,下载安装,下载安装,下载WPS各端安装包，落地页需官方下载入口承接,2.0,,,,百度统计真实流量,1,
3246,wpsoffice办公软件官方版,下载安装,下载安装,下载WPS各端安装包，落地页需官方下载入口承接,2.0,,,,百度统计真实流量,1,
3247,wps下载安装包,下载安装,下载安装,下载WPS各端安装包，落地页需官方下载入口承接,2.0,,,,百度统计真实流量,1,
3248,WPS下载网站,下载安装,下载安装,下载WPS各端安装包，落地页需官方下载入口承接,2.0,,,,百度统计真实流量,1,
3249,wps2025下载,下载安装,下载安装,下载WPS各端安装包，落地页需官方下载入口承接,2.0,,,,百度统计真实流量,1,
3250,WPS 官方下载,下载安装,下载安装,下载WPS各端安装包，落地页需官方下载入口承接,2.0,,,,百度统计真实流量,1,
3251,wps office免费下载,下载安装,下载安装,下载WPS各端安装包，落地页需官方下载入口承接,2.0,,,,百度统计真实流量,1,
3252,wps 64位 下载,下载安装,下载安装,下载WPS各端安装包，落地页需官方下载入口承接,2.0,,,,百度统计真实流量,1,
3253,wps最新版本2026官方下载,下载安装,下载安装,下载WPS各端安装包，落地页需官方下载入口承接,2.0,,,,百度统计真实流量,1,
3254,wps vba宏插件下载,下载安装,下载安装,下载WPS各端安装包，落地页需官方下载入口承接,2.0,,,,百度统计真实流量,1,
3255,WPS Office 下载官网,下载安装,下载安装,下载WPS各端安装包，落地页需官方下载入口承接,2.0,,,,百度统计真实流量,1,
3256,wps下载入口,下载安装,下载安装,下载WPS各端安装包，落地页需官方下载入口承接,2.0,,,,百度统计真实流量,1,
3257,wps2023官方下载,下载安装,下载安装,下载WPS各端安装包，落地页需官方下载入口承接,2.0,,,,百度统计真实流量,1,
3258,WPS官方正版下载,下载安装,下载安装,下载WPS各端安装包，落地页需官方下载入口承接,2.0,,,,百度统计真实流量,1,
3259,wps官方版下载入口,下载安装,下载安装,下载WPS各端安装包，落地页需官方下载入口承接,2.0,,,,百度统计真实流量,1,
3260,下载wps表格免费版,下载安装,下载安装,下载WPS各端安装包，落地页需官方下载入口承接,2.0,,,,百度统计真实流量,1,
3261,wps教育考试专用版下载,下载安装,下载安装,下载WPS各端安装包，落地页需官方下载入口承接,2.0,,,,百度统计真实流量,1,
3262,wps软件下载免费完整版,下载安装,下载安装,下载WPS各端安装包，落地页需官方下载入口承接,2.0,,,,百度统计真实流量,1,
3263,金山WPS Office下载,下载安装,下载安装,下载WPS各端安装包，落地页需官方下载入口承接,2.0,,,,百度统计真实流量,1,
3264,wpsoffice最新版本下载,下载安装,下载安装,下载WPS各端安装包，落地页需官方下载入口承接,2.0,,,,百度统计真实流量,1,
3265,WPS office官网下载安装,下载安装,下载安装,下载WPS各端安装包，落地页需官方下载入口承接,2.0,,,,百度统计真实流量,1,
3266,wps office下载安装官网,下载安装,下载安装,下载WPS各端安装包，落地页需官方下载入口承接,2.0,,,,百度统计真实流量,1,
3267,wps安装官方,下载安装,下载安装,下载WPS各端安装包，落地页需官方下载入口承接,2.0,,,,百度统计真实流量,1,
3268,wps office 安装,下载安装,下载安装,下载WPS各端安装包，落地页需官方下载入口承接,2.0,,,,百度统计真实流量,1,
3269,wps2023版本下载,下载安装,下载安装,下载WPS各端安装包，落地页需官方下载入口承接,2.0,,,,百度统计真实流量,1,
3270,wps中国官网下载,下载安装,下载安装,下载WPS各端安装包，落地页需官方下载入口承接,2.0,,,,百度统计真实流量,1,
3271,wps offic下载,下载安装,下载安装,下载WPS各端安装包，落地页需官方下载入口承接,2.0,,,,百度统计真实流量,1,
3272,wps会议app官方下载,下载安装,下载安装,下载WPS各端安装包，落地页需官方下载入口承接,2.0,,,,百度统计真实流量,1,
3273,WPS协作下载,下载安装,下载安装,下载WPS各端安装包，落地页需官方下载入口承接,2.0,,,,百度统计真实流量,1,
3274,WPS 安装包,下载安装,下载安装,下载WPS各端安装包，落地页需官方下载入口承接,2.0,,,,百度统计真实流量,1,
3275,wps统信系统安装包下载,下载安装,下载安装,下载WPS各端安装包，落地页需官方下载入口承接,2.0,,,,百度统计真实流量,1,
3276,wps企业版下载 官网,下载安装,下载安装,下载WPS各端安装包，落地页需官方下载入口承接,2.0,,,,百度统计真实流量,1,
3277,WPS中文版下载,下载安装,下载安装,下载WPS各端安装包，落地页需官方下载入口承接,2.0,,,,百度统计真实流量,1,
3278,"wps下载""",下载安装,下载安装,下载WPS各端安装包，落地页需官方下载入口承接,2.0,,,,百度统计真实流量,1,
3279,wps2024下载,下载安装,下载安装,下载WPS各端安装包，落地页需官方下载入口承接,2.0,,,,百度统计真实流量,1,
3280,wps tv版官网下载,下载安装,下载安装,下载WPS各端安装包，落地页需官方下载入口承接,2.0,,,,百度统计真实流量,1,
3281,wps电视版安装包,下载安装,下载安装,下载WPS各端安装包，落地页需官方下载入口承接,2.0,,,,百度统计真实流量,1,
3282,wps2019下载官网,下载安装,下载安装,下载WPS各端安装包，落地页需官方下载入口承接,2.0,,,,百度统计真实流量,1,
3283,wps国际版下载官网,下载安装,下载安装,下载WPS各端安装包，落地页需官方下载入口承接,2.0,,,,百度统计真实流量,1,
3284,wps excel下载,下载安装,下载安装,下载WPS各端安装包，落地页需官方下载入口承接,2.0,,,,百度统计真实流量,1,
3285,WPS 64位下载,下载安装,下载安装,下载WPS各端安装包，落地页需官方下载入口承接,2.0,,,,百度统计真实流量,1,
3286,WPS Office_官方安全下载,下载安装,下载安装,下载WPS各端安装包，落地页需官方下载入口承接,2.0,,,,百度统计真实流量,1,
3287,wps旧版本下载官网,下载安装,下载安装,下载WPS各端安装包，落地页需官方下载入口承接,2.0,,,,百度统计真实流量,1,
3288,www.wps.cn 下载,下载安装,下载安装,下载WPS各端安装包，落地页需官方下载入口承接,2.0,,,,百度统计真实流量,1,
3289,wps 64位下载官网,下载安装,下载安装,下载WPS各端安装包，落地页需官方下载入口承接,2.0,,,,百度统计真实流量,1,
3290,wps 下载安装,下载安装,下载安装,下载WPS各端安装包，落地页需官方下载入口承接,2.0,,,,百度统计真实流量,1,
3291,wps office网页版下载,下载安装,下载安装,下载WPS各端安装包，落地页需官方下载入口承接,2.0,,,,百度统计真实流量,1,
3292,wps32位安装包,下载安装,下载安装,下载WPS各端安装包，落地页需官方下载入口承接,2.0,,,,百度统计真实流量,1,
3293,WPSTV版安装包,下载安装,下载安装,下载WPS各端安装包，落地页需官方下载入口承接,2.0,,,,百度统计真实流量,1,
3294,wps政务版下载,下载安装,下载安装,下载WPS各端安装包，落地页需官方下载入口承接,1.0,,,,百度统计真实流量,1,
3295,wps deb安装包,下载安装,下载安装,下载WPS各端安装包，落地页需官方下载入口承接,1.0,,,,百度统计真实流量,1,
3296,wsp下载官方,下载安装,下载安装,下载WPS各端安装包，落地页需官方下载入口承接,1.0,,,,百度统计真实流量,1,
3297,wps最新版下载,下载安装,下载安装,下载WPS各端安装包，落地页需官方下载入口承接,1.0,,,,百度统计真实流量,1,
3298,wps0fflce软件下载,下载安装,下载安装,下载WPS各端安装包，落地页需官方下载入口承接,1.0,,,,百度统计真实流量,1,
3299,wps下载地址,下载安装,下载安装,下载WPS各端安装包，落地页需官方下载入口承接,1.0,,,,百度统计真实流量,1,
3300,WPS免费版下载,下载安装,下载安装,下载WPS各端安装包，落地页需官方下载入口承接,1.0,,,,百度统计真实流量,1,
3301,wps文字下载安装,下载安装,下载安装,下载WPS各端安装包，落地页需官方下载入口承接,1.0,,,,百度统计真实流量,1,
3302,wps安装包官网,下载安装,下载安装,下载WPS各端安装包，落地页需官方下载入口承接,1.0,,,,百度统计真实流量,1,
3303,WPs下载,下载安装,下载安装,下载WPS各端安装包，落地页需官方下载入口承接,1.0,,,,百度统计真实流量,1,
3304,wps个人版官方下载,下载安装,下载安装,下载WPS各端安装包，落地页需官方下载入口承接,1.0,,,,百度统计真实流量,1,
3305,wps文字下载,下载安装,下载安装,下载WPS各端安装包，落地页需官方下载入口承接,1.0,,,,百度统计真实流量,1,
3306,麒麟系统wps黑体字体下载安装,下载安装,下载安装,下载WPS各端安装包，落地页需官方下载入口承接,1.0,,,,百度统计真实流量,1,
3307,office官方下载免费版,下载安装,下载安装,下载WPS各端安装包，落地页需官方下载入口承接,1.0,,,,百度统计真实流量,1,
3308,wps office官方免费下载,下载安装,下载安装,下载WPS各端安装包，落地页需官方下载入口承接,1.0,,,,百度统计真实流量,1,
3309,wps64位免费版下载,下载安装,下载安装,下载WPS各端安装包，落地页需官方下载入口承接,1.0,,,,百度统计真实流量,1,
3310,wps32位下载,下载安装,下载安装,下载WPS各端安装包，落地页需官方下载入口承接,1.0,,,,百度统计真实流量,1,
3311,WPS365下载,下载安装,下载安装,下载WPS各端安装包，落地页需官方下载入口承接,1.0,,,,百度统计真实流量,1,
3312,wps office 免费下载安装,下载安装,下载安装,下载WPS各端安装包，落地页需官方下载入口承接,1.0,,,,百度统计真实流量,1,
3313,wps OFFICE办公软件官方下载,下载安装,下载安装,下载WPS各端安装包，落地页需官方下载入口承接,1.0,,,,百度统计真实流量,1,
3314,wsp安装,下载安装,下载安装,下载WPS各端安装包，落地页需官方下载入口承接,1.0,,,,百度统计真实流量,1,
3315,wps官网网址下载,下载安装,下载安装,下载WPS各端安装包，落地页需官方下载入口承接,1.0,,,,百度统计真实流量,1,
3316,wps下载安装官网,下载安装,下载安装,下载WPS各端安装包，落地页需官方下载入口承接,1.0,,,,百度统计真实流量,1,
3317,wps2019麒麟版下载,下载安装,下载安装,下载WPS各端安装包，落地页需官方下载入口承接,1.0,,,,百度统计真实流量,1,
3318,word免费版去哪下载,下载安装,下载安装,下载WPS各端安装包，落地页需官方下载入口承接,1.0,,,,百度统计真实流量,1,
3319,wps 下载 官网,下载安装,下载安装,下载WPS各端安装包，落地页需官方下载入口承接,1.0,,,,百度统计真实流量,1,
3320,WPS 下载 官网,下载安装,下载安装,下载WPS各端安装包，落地页需官方下载入口承接,1.0,,,,百度统计真实流量,1,
3321,wps家庭版下载,下载安装,下载安装,下载WPS各端安装包，落地页需官方下载入口承接,1.0,,,,百度统计真实流量,1,
3322,WPS下载 官网,下载安装,下载安装,下载WPS各端安装包，落地页需官方下载入口承接,1.0,,,,百度统计真实流量,1,
3323,microsoft office免费下载,下载安装,下载安装,下载WPS各端安装包，落地页需官方下载入口承接,1.0,,,,百度统计真实流量,1,
3324,下载wpsOffice,下载安装,下载安装,下载WPS各端安装包，落地页需官方下载入口承接,1.0,,,,百度统计真实流量,1,
3325,wps95下载,下载安装,下载安装,下载WPS各端安装包，落地页需官方下载入口承接,1.0,,,,百度统计真实流量,1,
3326,WPS Office 64位下载,下载安装,下载安装,下载WPS各端安装包，落地页需官方下载入口承接,1.0,,,,百度统计真实流量,1,
3327,wps官网下载并安装,下载安装,下载安装,下载WPS各端安装包，落地页需官方下载入口承接,1.0,,,,百度统计真实流量,1,
3328,下载Wps,下载安装,下载安装,下载WPS各端安装包，落地页需官方下载入口承接,1.0,,,,百度统计真实流量,1,
3329,wpS下载,下载安装,下载安装,下载WPS各端安装包，落地页需官方下载入口承接,1.0,,,,百度统计真实流量,1,
3330,wps离线安装包怎么下载,下载安装,下载安装,下载WPS各端安装包，落地页需官方下载入口承接,1.0,,,,百度统计真实流量,1,
3331,wwps下载,下载安装,下载安装,下载WPS各端安装包，落地页需官方下载入口承接,1.0,,,,百度统计真实流量,1,
3332,WPS TV版安装包,下载安装,下载安装,下载WPS各端安装包，落地页需官方下载入口承接,1.0,,,,百度统计真实流量,1,
3333,WPS表格官网下载,下载安装,下载安装,下载WPS各端安装包，落地页需官方下载入口承接,1.0,,,,百度统计真实流量,1,
3334,WPS在线文档下载,下载安装,下载安装,下载WPS各端安装包，落地页需官方下载入口承接,1.0,,,,百度统计真实流量,1,
3335,wps官网下载wps,下载安装,下载安装,下载WPS各端安装包，落地页需官方下载入口承接,1.0,,,,百度统计真实流量,1,
3336,wps官网下载免广告,下载安装,下载安装,下载WPS各端安装包，落地页需官方下载入口承接,1.0,,,,百度统计真实流量,1,
3337,wps官方下载2025,下载安装,下载安装,下载WPS各端安装包，落地页需官方下载入口承接,1.0,,,,百度统计真实流量,1,
3338,wps中文版免费下载,下载安装,下载安装,下载WPS各端安装包，落地页需官方下载入口承接,1.0,,,,百度统计真实流量,1,
3339,wpS官方下载,下载安装,下载安装,下载WPS各端安装包，落地页需官方下载入口承接,1.0,,,,百度统计真实流量,1,
3340,wps.apk下载,下载安装,下载安装,下载WPS各端安装包，落地页需官方下载入口承接,1.0,,,,百度统计真实流量,1,
3341,wps解压软件官方下载,下载安装,下载安装,下载WPS各端安装包，落地页需官方下载入口承接,1.0,,,,百度统计真实流量,1,
3342,"wps下载,官网",下载安装,下载安装,下载WPS各端安装包，落地页需官方下载入口承接,1.0,,,,百度统计真实流量,1,
3343,wsp 下载,下载安装,下载安装,下载WPS各端安装包，落地页需官方下载入口承接,1.0,,,,百度统计真实流量,1,
3344,wps office 官网安装,下载安装,下载安装,下载WPS各端安装包，落地页需官方下载入口承接,1.0,,,,百度统计真实流量,1,
3345,wps vba宏插件下载安装,下载安装,下载安装,下载WPS各端安装包，落地页需官方下载入口承接,1.0,,,,百度统计真实流量,1,
3346,wps2019个人版离线安装包,下载安装,下载安装,下载WPS各端安装包，落地页需官方下载入口承接,1.0,,,,百度统计真实流量,1,
3347,wps安装包 官网,下载安装,下载安装,下载WPS各端安装包，落地页需官方下载入口承接,1.0,,,,百度统计真实流量,1,
3348,WPS办公软件下载,下载安装,下载安装,下载WPS各端安装包，落地页需官方下载入口承接,1.0,,,,百度统计真实流量,1,
3349,wps365官网下载,下载安装,下载安装,下载WPS各端安装包，落地页需官方下载入口承接,1.0,,,,百度统计真实流量,1,
3350,wpsoffice下载官网,下载安装,下载安装,下载WPS各端安装包，落地页需官方下载入口承接,1.0,,,,百度统计真实流量,1,
3351,wps官网下载个人版,下载安装,下载安装,下载WPS各端安装包，落地页需官方下载入口承接,1.0,,,,百度统计真实流量,1,
3352,wps校园版官方下载,下载安装,下载安装,下载WPS各端安装包，落地页需官方下载入口承接,1.0,,,,百度统计真实流量,1,
3353,WPT官方下载,下载安装,下载安装,下载WPS各端安装包，落地页需官方下载入口承接,1.0,,,,百度统计真实流量,1,
3354,WPS 64位 下载,下载安装,下载安装,下载WPS各端安装包，落地页需官方下载入口承接,1.0,,,,百度统计真实流量,1,
3355,WPS文档软件免费下载,下载安装,下载安装,下载WPS各端安装包，落地页需官方下载入口承接,1.0,,,,百度统计真实流量,1,
3356,wps下载 官网,下载安装,下载安装,下载WPS各端安装包，落地页需官方下载入口承接,1.0,,,,百度统计真实流量,1,
3357,wps10314下载,下载安装,下载安装,下载WPS各端安装包，落地页需官方下载入口承接,1.0,,,,百度统计真实流量,1,
3358,免费word在线编辑下载,下载安装,下载安装,下载WPS各端安装包，落地页需官方下载入口承接,1.0,,,,百度统计真实流量,1,
3359,WPS office免费版下载,下载安装,下载安装,下载WPS各端安装包，落地页需官方下载入口承接,1.0,,,,百度统计真实流量,1,
3360,WPS Office个人版下载,下载安装,下载安装,下载WPS各端安装包，落地页需官方下载入口承接,1.0,,,,百度统计真实流量,1,
3361,WPS表格软件安装,下载安装,下载安装,下载WPS各端安装包，落地页需官方下载入口承接,1.0,,,,百度统计真实流量,1,
3362,wps官网下载地址,下载安装,下载安装,下载WPS各端安装包，落地页需官方下载入口承接,1.0,,,,百度统计真实流量,1,
3363,WPS官方下载网址,下载安装,下载安装,下载WPS各端安装包，落地页需官方下载入口承接,1.0,,,,百度统计真实流量,1,
3364,文档软件免费下载,下载安装,下载安装,下载WPS各端安装包，落地页需官方下载入口承接,1.0,,,,百度统计真实流量,1,
3365,wps协作软件下载官网,下载安装,下载安装,下载WPS各端安装包，落地页需官方下载入口承接,1.0,,,,百度统计真实流量,1,
3366,wpsoffice 软件下载,下载安装,下载安装,下载WPS各端安装包，落地页需官方下载入口承接,1.0,,,,百度统计真实流量,1,
3367,wps公文字体包下载,下载安装,下载安装,下载WPS各端安装包，落地页需官方下载入口承接,1.0,,,,百度统计真实流量,1,
3368,wps安装程序,下载安装,下载安装,下载WPS各端安装包，落地页需官方下载入口承接,1.0,,,,百度统计真实流量,1,
3369,wps字库下载,下载安装,下载安装,下载WPS各端安装包，落地页需官方下载入口承接,1.0,,,,百度统计真实流量,1,
3370,wps2020下载,下载安装,下载安装,下载WPS各端安装包，落地页需官方下载入口承接,1.0,,,,百度统计真实流量,1,
3371,WPS官网安装,下载安装,下载安装,下载WPS各端安装包，落地页需官方下载入口承接,1.0,,,,百度统计真实流量,1,
3372,wps64位安装,下载安装,下载安装,下载WPS各端安装包，落地页需官方下载入口承接,1.0,,,,百度统计真实流量,1,
3373,wps 2025 下载,下载安装,下载安装,下载WPS各端安装包，落地页需官方下载入口承接,1.0,,,,百度统计真实流量,1,
3374,下载官网 wps,下载安装,下载安装,下载WPS各端安装包，落地页需官方下载入口承接,1.0,,,,百度统计真实流量,1,
3375,下载WPSOffice,下载安装,下载安装,下载WPS各端安装包，落地页需官方下载入口承接,1.0,,,,百度统计真实流量,1,
3376,wps 下载 官网地址,下载安装,下载安装,下载WPS各端安装包，落地页需官方下载入口承接,1.0,,,,百度统计真实流量,1,
3377,wps表格下载并安装,下载安装,下载安装,下载WPS各端安装包，落地页需官方下载入口承接,1.0,,,,百度统计真实流量,1,
3378,wps office v11. 1 下载,下载安装,下载安装,下载WPS各端安装包，落地页需官方下载入口承接,1.0,,,,百度统计真实流量,1,
3379,WPS教育考试专用版下载,下载安装,下载安装,下载WPS各端安装包，落地页需官方下载入口承接,1.0,,,,百度统计真实流量,1,
3380,wps官网金山办公软件下载,下载安装,下载安装,下载WPS各端安装包，落地页需官方下载入口承接,1.0,,,,百度统计真实流量,1,
3381,下载wps办公软件 官网安装,下载安装,下载安装,下载WPS各端安装包，落地页需官方下载入口承接,1.0,,,,百度统计真实流量,1,
3382,wps解压下载,下载安装,下载安装,下载WPS各端安装包，落地页需官方下载入口承接,1.0,,,,百度统计真实流量,1,
3383,wps笔记下载,下载安装,下载安装,下载WPS各端安装包，落地页需官方下载入口承接,1.0,,,,百度统计真实流量,1,
3384,wps 表格 下载,下载安装,下载安装,下载WPS各端安装包，落地页需官方下载入口承接,1.0,,,,百度统计真实流量,1,
3385,软件下载办公,下载安装,下载安装,下载WPS各端安装包，落地页需官方下载入口承接,1.0,,,,百度统计真实流量,1,
3386,下载wps文档,下载安装,下载安装,下载WPS各端安装包，落地页需官方下载入口承接,1.0,,,,百度统计真实流量,1,
3387,officewps办公软件免费下载版,下载安装,下载安装,下载WPS各端安装包，落地页需官方下载入口承接,1.0,,,,百度统计真实流量,1,
3388,下载w,下载安装,下载安装,下载WPS各端安装包，落地页需官方下载入口承接,1.0,,,,百度统计真实流量,1,
3389,WPS office网页版下载,下载安装,下载安装,下载WPS各端安装包，落地页需官方下载入口承接,1.0,,,,百度统计真实流量,1,
3390,wps安装包官方网站入口,下载安装,下载安装,下载WPS各端安装包，落地页需官方下载入口承接,1.0,,,,百度统计真实流量,1,
3391,WPS Office 免费版下载官网,下载安装,下载安装,下载WPS各端安装包，落地页需官方下载入口承接,1.0,,,,百度统计真实流量,1,
3392,wps图片官网下载,下载安装,下载安装,下载WPS各端安装包，落地页需官方下载入口承接,1.0,,,,百度统计真实流量,1,
3393,wps办公软件最新版官方下载,下载安装,下载安装,下载WPS各端安装包，落地页需官方下载入口承接,1.0,,,,百度统计真实流量,1,
3394,offce wps 下载,下载安装,下载安装,下载WPS各端安装包，落地页需官方下载入口承接,1.0,,,,百度统计真实流量,1,
3395,WPS Query 下载,下载安装,下载安装,下载WPS各端安装包，落地页需官方下载入口承接,1.0,,,,百度统计真实流量,1,
3396,wps办公软件下载官网,下载安装,下载安装,下载WPS各端安装包，落地页需官方下载入口承接,1.0,,,,百度统计真实流量,1,
3397,wps蓝色版本下载官网,下载安装,下载安装,下载WPS各端安装包，落地页需官方下载入口承接,1.0,,,,百度统计真实流量,1,
3398,wps图片查看器下载,下载安装,下载安装,下载WPS各端安装包，落地页需官方下载入口承接,1.0,,,,百度统计真实流量,1,
3399,金山WPS下载,下载安装,下载安装,下载WPS各端安装包，落地页需官方下载入口承接,1.0,,,,百度统计真实流量,1,
3400,WPS64位下载,下载安装,下载安装,下载WPS各端安装包，落地页需官方下载入口承接,1.0,,,,百度统计真实流量,1,
3401,WPS2026下载,下载安装,下载安装,下载WPS各端安装包，落地页需官方下载入口承接,1.0,,,,百度统计真实流量,1,
3402,WPS中国版下载,下载安装,下载安装,下载WPS各端安装包，落地页需官方下载入口承接,1.0,,,,百度统计真实流量,1,
3403,wps极速版下载,下载安装,下载安装,下载WPS各端安装包，落地页需官方下载入口承接,1.0,,,,百度统计真实流量,1,
3404,免费wps办公软件下载,下载安装,下载安装,下载WPS各端安装包，落地页需官方下载入口承接,1.0,,,,百度统计真实流量,1,
3405,WPSpro下载,下载安装,下载安装,下载WPS各端安装包，落地页需官方下载入口承接,1.0,,,,百度统计真实流量,1,
3406,wps office 官方下载,下载安装,下载安装,下载WPS各端安装包，落地页需官方下载入口承接,1.0,,,,百度统计真实流量,1,
3407,microsoft office官方下载,下载安装,下载安装,下载WPS各端安装包，落地页需官方下载入口承接,1.0,,,,百度统计真实流量,1,
3408,wPS下载,下载安装,下载安装,下载WPS各端安装包，落地页需官方下载入口承接,1.0,,,,百度统计真实流量,1,
3409,wps office免费下载APP.,下载安装,下载安装,下载WPS各端安装包，落地页需官方下载入口承接,1.0,,,,百度统计真实流量,1,
3410,WPS大客户版下载,下载安装,下载安装,下载WPS各端安装包，落地页需官方下载入口承接,1.0,,,,百度统计真实流量,1,
3411,wps 麒麟系统下载,下载安装,下载安装,下载WPS各端安装包，落地页需官方下载入口承接,1.0,,,,百度统计真实流量,1,
3412,下载wpsoffice软件并安装,下载安装,下载安装,下载WPS各端安装包，落地页需官方下载入口承接,1.0,,,,百度统计真实流量,1,
3413,wps免费下载完整版,下载安装,下载安装,下载WPS各端安装包，落地页需官方下载入口承接,1.0,,,,百度统计真实流量,1,
3414,wps office软件下载,下载安装,下载安装,下载WPS各端安装包，落地页需官方下载入口承接,1.0,,,,百度统计真实流量,1,
3415,wps国内版官网下载,下载安装,下载安装,下载WPS各端安装包，落地页需官方下载入口承接,1.0,,,,百度统计真实流量,1,
3416,WPS最新版官方下载,下载安装,下载安装,下载WPS各端安装包，落地页需官方下载入口承接,1.0,,,,百度统计真实流量,1,
3417,wps纯净版官方下载,下载安装,下载安装,下载WPS各端安装包，落地页需官方下载入口承接,1.0,,,,百度统计真实流量,1,
3418,wps2023专业版下载,下载安装,下载安装,下载WPS各端安装包，落地页需官方下载入口承接,1.0,,,,百度统计真实流量,1,
3419,wps offce 免费下载,下载安装,下载安装,下载WPS各端安装包，落地页需官方下载入口承接,1.0,,,,百度统计真实流量,1,
3420,wps 在线下载,下载安装,下载安装,下载WPS各端安装包，落地页需官方下载入口承接,1.0,,,,百度统计真实流量,1,
3421,WPS会议下载,下载安装,下载安装,下载WPS各端安装包，落地页需官方下载入口承接,1.0,,,,百度统计真实流量,1,
3422,WPS在线下载,下载安装,下载安装,下载WPS各端安装包，落地页需官方下载入口承接,1.0,,,,百度统计真实流量,1,
3423,国内wps下载,下载安装,下载安装,下载WPS各端安装包，落地页需官方下载入口承接,1.0,,,,百度统计真实流量,1,
3424,表格wps下载,下载安装,下载安装,下载WPS各端安装包，落地页需官方下载入口承接,1.0,,,,百度统计真实流量,1,
3425,安装wps下载,下载安装,下载安装,下载WPS各端安装包，落地页需官方下载入口承接,1.0,,,,百度统计真实流量,1,
3426,WPS MAC下载,下载安装,下载安装,下载WPS各端安装包，落地页需官方下载入口承接,1.0,,,,百度统计真实流量,1,
3427,WPS 32位下载,下载安装,下载安装,下载WPS各端安装包，落地页需官方下载入口承接,1.0,,,,百度统计真实流量,1,
3428,WPSG=官网下载,下载安装,下载安装,下载WPS各端安装包，落地页需官方下载入口承接,1.0,,,,百度统计真实流量,1,
3429,wps msi安装包,下载安装,下载安装,下载WPS各端安装包，落地页需官方下载入口承接,1.0,,,,百度统计真实流量,1,
3430,wps无广告纯净版下载,下载安装,下载安装,下载WPS各端安装包，落地页需官方下载入口承接,1.0,,,,百度统计真实流量,1,
3431,wps office最新版下载,下载安装,下载安装,下载WPS各端安装包，落地页需官方下载入口承接,1.0,,,,百度统计真实流量,1,
3432,WPS下载官网网址,下载安装,下载安装,下载WPS各端安装包，落地页需官方下载入口承接,1.0,,,,百度统计真实流量,1,
3433,wps免安装版下载,下载安装,下载安装,下载WPS各端安装包，落地页需官方下载入口承接,1.0,,,,百度统计真实流量,1,
3434,wps桌面助手下载,下载安装,下载安装,下载WPS各端安装包，落地页需官方下载入口承接,1.0,,,,百度统计真实流量,1,
3435,wps离线版本下载,下载安装,下载安装,下载WPS各端安装包，落地页需官方下载入口承接,1.0,,,,百度统计真实流量,1,
3436,word文档官网下载,下载安装,下载安装,下载WPS各端安装包，落地页需官方下载入口承接,1.0,,,,百度统计真实流量,1,
3437,wps office旧版本下载官网,下载安装,下载安装,下载WPS各端安装包，落地页需官方下载入口承接,1.0,,,,百度统计真实流量,1,
3438,wps中文版下载官网,下载安装,下载安装,下载WPS各端安装包，落地页需官方下载入口承接,1.0,,,,百度统计真实流量,1,
3439,wps 管网下载,下载安装,下载安装,下载WPS各端安装包，落地页需官方下载入口承接,1.0,,,,百度统计真实流量,1,
3440,wsp下载链接,下载安装,下载安装,下载WPS各端安装包，落地页需官方下载入口承接,1.0,,,,百度统计真实流量,1,
3441,WPS2025下载,下载安装,下载安装,下载WPS各端安装包，落地页需官方下载入口承接,1.0,,,,百度统计真实流量,1,
3442,WPS安装版下载,下载安装,下载安装,下载WPS各端安装包，落地页需官方下载入口承接,1.0,,,,百度统计真实流量,1,
3443,新创版wps下载,下载安装,下载安装,下载WPS各端安装包，落地页需官方下载入口承接,1.0,,,,百度统计真实流量,1,
3444,wps图片官网下载安装,下载安装,下载安装,下载WPS各端安装包，落地页需官方下载入口承接,1.0,,,,百度统计真实流量,1,
3445,wps下载64,下载安装,下载安装,下载WPS各端安装包，落地页需官方下载入口承接,1.0,,,,百度统计真实流量,1,
3446,WPS v11.0.1.12919下载,下载安装,下载安装,下载WPS各端安装包，落地页需官方下载入口承接,1.0,,,,百度统计真实流量,1,
3447,wps电视版apk安装包,下载安装,下载安装,下载WPS各端安装包，落地页需官方下载入口承接,1.0,,,,百度统计真实流量,1,
3448,wps最新版官方下载官网,下载安装,下载安装,下载WPS各端安装包，落地页需官方下载入口承接,1.0,,,,百度统计真实流量,1,
3449,wps官网入口下载最新版,下载安装,下载安装,下载WPS各端安装包，落地页需官方下载入口承接,1.0,,,,百度统计真实流量,1,
3450,wps office官网首页下载,下载安装,下载安装,下载WPS各端安装包，落地页需官方下载入口承接,1.0,,,,百度统计真实流量,1,
3451,下载 wps,下载安装,下载安装,下载WPS各端安装包，落地页需官方下载入口承接,1.0,,,,百度统计真实流量,1,
3452,wps office个人版下载,下载安装,下载安装,下载WPS各端安装包，落地页需官方下载入口承接,1.0,,,,百度统计真实流量,1,
3453,W下载,下载安装,下载安装,下载WPS各端安装包，落地页需官方下载入口承接,1.0,,,,百度统计真实流量,1,
3454,WPS office官方免费下载,下载安装,下载安装,下载WPS各端安装包，落地页需官方下载入口承接,1.0,,,,百度统计真实流量,1,
3455,wps官网下载网站,下载安装,下载安装,下载WPS各端安装包，落地页需官方下载入口承接,1.0,,,,百度统计真实流量,1,
3456,wps.cn官方下载,下载安装,下载安装,下载WPS各端安装包，落地页需官方下载入口承接,1.0,,,,百度统计真实流量,1,
3457,官网WPSapp下载,下载安装,下载安装,下载WPS各端安装包，落地页需官方下载入口承接,1.0,,,,百度统计真实流量,1,
3458,wps64位版本下载,下载安装,下载安装,下载WPS各端安装包，落地页需官方下载入口承接,1.0,,,,百度统计真实流量,1,
3459,wps官方下载入口,下载安装,下载安装,下载WPS各端安装包，落地页需官方下载入口承接,1.0,,,,百度统计真实流量,1,
3460,wpsAPP下载官方版,下载安装,下载安装,下载WPS各端安装包，落地页需官方下载入口承接,1.0,,,,百度统计真实流量,1,
3461,WPS下载 - 百度,下载安装,下载安装,下载WPS各端安装包，落地页需官方下载入口承接,1.0,,,,百度统计真实流量,1,
3462,WPS Office安装包,下载安装,下载安装,下载WPS各端安装包，落地页需官方下载入口承接,1.0,,,,百度统计真实流量,1,
3463,WPS office安装,下载安装,下载安装,下载WPS各端安装包，落地页需官方下载入口承接,1.0,,,,百度统计真实流量,1,
3464,WPS64位的如何下载,下载安装,下载安装,下载WPS各端安装包，落地页需官方下载入口承接,1.0,,,,百度统计真实流量,1,
3465,wps下载免费版下载,下载安装,下载安装,下载WPS各端安装包，落地页需官方下载入口承接,1.0,,,,百度统计真实流量,1,
3466,wps 线上表格 下载,下载安装,下载安装,下载WPS各端安装包，落地页需官方下载入口承接,1.0,,,,百度统计真实流量,1,
3467,国内版wps下载入口,下载安装,下载安装,下载WPS各端安装包，落地页需官方下载入口承接,1.0,,,,百度统计真实流量,1,
3468,wps的安装包,下载安装,下载安装,下载WPS各端安装包，落地页需官方下载入口承接,1.0,,,,百度统计真实流量,1,
3469,金山wps下载,下载安装,下载安装,下载WPS各端安装包，落地页需官方下载入口承接,1.0,,,,百度统计真实流量,1,
3470,wps app下载,下载安装,下载安装,下载WPS各端安装包，落地页需官方下载入口承接,1.0,,,,百度统计真实流量,1,
3471,wps商业版下载,下载安装,下载安装,下载WPS各端安装包，落地页需官方下载入口承接,1.0,,,,百度统计真实流量,1,
3472,WPS下载网址,下载安装,下载安装,下载WPS各端安装包，落地页需官方下载入口承接,1.0,,,,百度统计真实流量,1,
3473,下载办公软件,下载安装,下载安装,下载WPS各端安装包，落地页需官方下载入口承接,1.0,,,,百度统计真实流量,1,
3474,WPS最新安装包,下载安装,下载安装,下载WPS各端安装包，落地页需官方下载入口承接,1.0,,,,百度统计真实流量,1,
3475,wps免广告版下载,下载安装,下载安装,下载WPS各端安装包，落地页需官方下载入口承接,1.0,,,,百度统计真实流量,1,
3476,最新wps下载安装,下载安装,下载安装,下载WPS各端安装包，落地页需官方下载入口承接,1.0,,,,百度统计真实流量,1,
3477,wps2019下载,下载安装,下载安装,下载WPS各端安装包，落地页需官方下载入口承接,1.0,,,,百度统计真实流量,1,
3478,WPS下载32位,下载安装,下载安装,下载WPS各端安装包，落地页需官方下载入口承接,1.0,,,,百度统计真实流量,1,
3479,WPS 专业版 2026下载,下载安装,下载安装,下载WPS各端安装包，落地页需官方下载入口承接,1.0,,,,百度统计真实流量,1,
3480,WPS专业增强版官方下载,下载安装,下载安装,下载WPS各端安装包，落地页需官方下载入口承接,1.0,,,,百度统计真实流量,1,
3481,WPS官网下载以前的版本,下载安装,下载安装,下载WPS各端安装包，落地页需官方下载入口承接,1.0,,,,百度统计真实流量,1,
3482,免费下载wpsoffice,下载安装,下载安装,下载WPS各端安装包，落地页需官方下载入口承接,1.0,,,,百度统计真实流量,1,
3483,",wps下载",下载安装,下载安装,下载WPS各端安装包，落地页需官方下载入口承接,1.0,,,,百度统计真实流量,1,
3484,稻壳wps官网下载,下载安装,下载安装,下载WPS各端安装包，落地页需官方下载入口承接,1.0,,,,百度统计真实流量,1,
3485,WPSoffice官网下载,下载安装,下载安装,下载WPS各端安装包，落地页需官方下载入口承接,1.0,,,,百度统计真实流量,1,
3486,WPS文字下载,下载安装,下载安装,下载WPS各端安装包，落地页需官方下载入口承接,1.0,,,,百度统计真实流量,1,
3487,w'p's下载官网,下载安装,下载安装,下载WPS各端安装包，落地页需官方下载入口承接,1.0,,,,百度统计真实流量,1,
3488,wps下载免费,下载安装,下载安装,下载WPS各端安装包，落地页需官方下载入口承接,1.0,,,,百度统计真实流量,1,
3489,wps官方版下载,下载安装,下载安装,下载WPS各端安装包，落地页需官方下载入口承接,1.0,,,,百度统计真实流量,1,
3490,WPSapp官方下载安装软件下载,下载安装,下载安装,下载WPS各端安装包，落地页需官方下载入口承接,1.0,,,,百度统计真实流量,1,
3491,WPS离线安装包(免费)官网,下载安装,下载安装,下载WPS各端安装包，落地页需官方下载入口承接,1.0,,,,百度统计真实流量,1,
3492,wps考试专用版官网下载,下载安装,下载安装,下载WPS各端安装包，落地页需官方下载入口承接,1.0,,,,百度统计真实流量,1,
3493,wps软件下载官方免费下载安装,下载安装,下载安装,下载WPS各端安装包，落地页需官方下载入口承接,1.0,,,,百度统计真实流量,1,
3494,wps2025专业版官网下载,下载安装,下载安装,下载WPS各端安装包，落地页需官方下载入口承接,1.0,,,,百度统计真实流量,1,
3495,wps电视版官网下载地址,下载安装,下载安装,下载WPS各端安装包，落地页需官方下载入口承接,1.0,,,,百度统计真实流量,1,
3496,wpsoffice官网下载免费,下载安装,下载安装,下载WPS各端安装包，落地页需官方下载入口承接,1.0,,,,百度统计真实流量,1,
3497,下载带VBA版本的wps,下载安装,下载安装,下载WPS各端安装包，落地页需官方下载入口承接,1.0,,,,百度统计真实流量,1,
3498,wps离线安装包官方下载,下载安装,下载安装,下载WPS各端安装包，落地页需官方下载入口承接,1.0,,,,百度统计真实流量,1,
3499,WPS office2026下载官网,下载安装,下载安装,下载WPS各端安装包，落地页需官方下载入口承接,1.0,,,,百度统计真实流量,1,
3500,wps官网插件下载,下载安装,下载安装,下载WPS各端安装包，落地页需官方下载入口承接,1.0,,,,百度统计真实流量,1,
3501,wps表格下载安装,下载安装,下载安装,下载WPS各端安装包，落地页需官方下载入口承接,1.0,,,,百度统计真实流量,1,
3502,wps官方下载免费版,下载安装,下载安装,下载WPS各端安装包，落地页需官方下载入口承接,1.0,,,,百度统计真实流量,1,
3503,WPS Office 官方下载免费版,下载安装,下载安装,下载WPS各端安装包，落地页需官方下载入口承接,1.0,,,,百度统计真实流量,1,
3504,wps灵犀专业版下载,下载安装,下载安装,下载WPS各端安装包，落地页需官方下载入口承接,1.0,,,,百度统计真实流量,1,
3505,wps offce官网下载,下载安装,下载安装,下载WPS各端安装包，落地页需官方下载入口承接,1.0,,,,百度统计真实流量,1,
3506,WPS Office 11.8.2.13000下载,下载安装,下载安装,下载WPS各端安装包，落地页需官方下载入口承接,1.0,,,,百度统计真实流量,1,
3507,WPS便签下载,下载安装,下载安装,下载WPS各端安装包，落地页需官方下载入口承接,1.0,,,,百度统计真实流量,1,
3508,WPSmac版下载,下载安装,下载安装,下载WPS各端安装包，落地页需官方下载入口承接,1.0,,,,百度统计真实流量,1,
3509,WPS协作app官方下载,下载安装,下载安装,下载WPS各端安装包，落地页需官方下载入口承接,1.0,,,,百度统计真实流量,1,
3510,wps旧版安装包,下载安装,下载安装,下载WPS各端安装包，落地页需官方下载入口承接,1.0,,,,百度统计真实流量,1,
3511,wps免费安装,下载安装,下载安装,下载WPS各端安装包，落地页需官方下载入口承接,1.0,,,,百度统计真实流量,1,
3512,wps下载 安装,下载安装,下载安装,下载WPS各端安装包，落地页需官方下载入口承接,1.0,,,,百度统计真实流量,1,
3513,wps word 下载,下载安装,下载安装,下载WPS各端安装包，落地页需官方下载入口承接,1.0,,,,百度统计真实流量,1,
3514,WPS下载 64位,下载安装,下载安装,下载WPS各端安装包，落地页需官方下载入口承接,1.0,,,,百度统计真实流量,1,
3515,WPS 官网下载标准版,下载安装,下载安装,下载WPS各端安装包，落地页需官方下载入口承接,1.0,,,,百度统计真实流量,1,
3516,wps下载·,下载安装,下载安装,下载WPS各端安装包，落地页需官方下载入口承接,1.0,,,,百度统计真实流量,1,
3517,wps下载xp,下载安装,下载安装,下载WPS各端安装包，落地页需官方下载入口承接,1.0,,,,百度统计真实流量,1,
3518,wps软件下载安装,下载安装,下载安装,下载WPS各端安装包，落地页需官方下载入口承接,1.0,,,,百度统计真实流量,1,
3519,wpsppt软件下载,下载安装,下载安装,下载WPS各端安装包，落地页需官方下载入口承接,1.0,,,,百度统计真实流量,1,
3520,ppt软件wps下载,下载安装,下载安装,下载WPS各端安装包，落地页需官方下载入口承接,1.0,,,,百度统计真实流量,1,
3521,金山wpS官方下载,下载安装,下载安装,下载WPS各端安装包，落地页需官方下载入口承接,1.0,,,,百度统计真实流量,1,
3522,wps官方免费版下载,下载安装,下载安装,下载WPS各端安装包，落地页需官方下载入口承接,1.0,,,,百度统计真实流量,1,
3523,wps最新下载,下载安装,下载安装,下载WPS各端安装包，落地页需官方下载入口承接,1.0,,,,百度统计真实流量,1,
3524,wps百度下载,下载安装,下载安装,下载WPS各端安装包，落地页需官方下载入口承接,1.0,,,,百度统计真实流量,1,
3525,wwps下载官网,下载安装,下载安装,下载WPS各端安装包，落地页需官方下载入口承接,1.0,,,,百度统计真实流量,1,
3526,wps浏览器下载,下载安装,下载安装,下载WPS各端安装包，落地页需官方下载入口承接,1.0,,,,百度统计真实流量,1,
3527,linuxwps安装,下载安装,下载安装,下载WPS各端安装包，落地页需官方下载入口承接,1.0,,,,百度统计真实流量,1,
3528,wps win10下载,下载安装,下载安装,下载WPS各端安装包，落地页需官方下载入口承接,1.0,,,,百度统计真实流量,1,
3529,安装WPSOffice,下载安装,下载安装,下载WPS各端安装包，落地页需官方下载入口承接,1.0,,,,百度统计真实流量,1,
3530,WPSOffice官方正版下载,下载安装,下载安装,下载WPS各端安装包，落地页需官方下载入口承接,1.0,,,,百度统计真实流量,1,
3531,WPS安装到91%就不动了是怎么回事,下载安装,下载安装,下载WPS各端安装包，落地页需官方下载入口承接,1.0,,,,百度统计真实流量,1,
3532,wps pdf打印机安装文件,下载安装,下载安装,下载WPS各端安装包，落地页需官方下载入口承接,1.0,,,,百度统计真实流量,1,
3533,WPS官方下载官网,下载安装,下载安装,下载WPS各端安装包，落地页需官方下载入口承接,1.0,,,,百度统计真实流量,1,
3534,wps历史版本下载,下载安装,下载安装,下载WPS各端安装包，落地页需官方下载入口承接,1.0,,,,百度统计真实流量,1,
3535,wsp office下载,下载安装,下载安装,下载WPS各端安装包，落地页需官方下载入口承接,1.0,,,,百度统计真实流量,1,
3536,WPS/Office下载,下载安装,下载安装,下载WPS各端安装包，落地页需官方下载入口承接,1.0,,,,百度统计真实流量,1,
3537,wps office安装,下载安装,下载安装,下载WPS各端安装包，落地页需官方下载入口承接,1.0,,,,百度统计真实流量,1,
3538,office WPS 下载,下载安装,下载安装,下载WPS各端安装包，落地页需官方下载入口承接,1.0,,,,百度统计真实流量,1,
3539,http://下载wps/,下载安装,下载安装,下载WPS各端安装包，落地页需官方下载入口承接,1.0,,,,百度统计真实流量,1,
3540,wps简易版下载,下载安装,下载安装,下载WPS各端安装包，落地页需官方下载入口承接,1.0,,,,百度统计真实流量,1,
3541,wps2025旧版本下载官网,下载安装,下载安装,下载WPS各端安装包，落地页需官方下载入口承接,1.0,,,,百度统计真实流量,1,
3542,WPS 官方 最新版 下载,下载安装,下载安装,下载WPS各端安装包，落地页需官方下载入口承接,1.0,,,,百度统计真实流量,1,
3543,wpx下载,下载安装,下载安装,下载WPS各端安装包，落地页需官方下载入口承接,1.0,,,,百度统计真实流量,1,
3544,怎么下载免费的wps,下载安装,下载安装,下载WPS各端安装包，落地页需官方下载入口承接,1.0,,,,百度统计真实流量,1,
3545,WPS-Office在线编辑安装,下载安装,下载安装,下载WPS各端安装包，落地页需官方下载入口承接,1.0,,,,百度统计真实流量,1,
3546,wps office最新版本下载,下载安装,下载安装,下载WPS各端安装包，落地页需官方下载入口承接,1.0,,,,百度统计真实流量,1,
3547,wps offcie下载,下载安装,下载安装,下载WPS各端安装包，落地页需官方下载入口承接,1.0,,,,百度统计真实流量,1,
3548,WPS mac 版下载,下载安装,下载安装,下载WPS各端安装包，落地页需官方下载入口承接,1.0,,,,百度统计真实流量,1,
3549,wps官方安装官网,下载安装,下载安装,下载WPS各端安装包，落地页需官方下载入口承接,1.0,,,,百度统计真实流量,1,
3550,vba for wps下载,下载安装,下载安装,下载WPS各端安装包，落地页需官方下载入口承接,1.0,,,,百度统计真实流量,1,
3551,WPS 离线安装包下载,下载安装,下载安装,下载WPS各端安装包，落地页需官方下载入口承接,1.0,,,,百度统计真实流量,1,
3552,wps投影宝官网下载,下载安装,下载安装,下载WPS各端安装包，落地页需官方下载入口承接,1.0,,,,百度统计真实流量,1,
3553,word 软件免费下载,下载安装,下载安装,下载WPS各端安装包，落地页需官方下载入口承接,1.0,,,,百度统计真实流量,1,
3554,WPS11.6.2版本下载,下载安装,下载安装,下载WPS各端安装包，落地页需官方下载入口承接,1.0,,,,百度统计真实流量,1,
3555,wps完整安装版,下载安装,下载安装,下载WPS各端安装包，落地页需官方下载入口承接,1.0,,,,百度统计真实流量,1,
3556,win7 wps下载,下载安装,下载安装,下载WPS各端安装包，落地页需官方下载入口承接,1.0,,,,百度统计真实流量,1,
3557,WPS MAC 下载,下载安装,下载安装,下载WPS各端安装包，落地页需官方下载入口承接,1.0,,,,百度统计真实流量,1,
3558,金山软件app官网下载,下载安装,下载安装,下载WPS各端安装包，落地页需官方下载入口承接,1.0,,,,百度统计真实流量,1,
3559,WPS Office 下载安装,下载安装,下载安装,下载WPS各端安装包，落地页需官方下载入口承接,1.0,,,,百度统计真实流量,1,
3560,word表格免费版下载官网,下载安装,下载安装,下载WPS各端安装包，落地页需官方下载入口承接,1.0,,,,百度统计真实流量,1,
3561,wps word文档官网下载,下载安装,下载安装,下载WPS各端安装包，落地页需官方下载入口承接,1.0,,,,百度统计真实流量,1,
3562,下载 wPS,下载安装,下载安装,下载WPS各端安装包，落地页需官方下载入口承接,1.0,,,,百度统计真实流量,1,
3563,wps官网下载网址,下载安装,下载安装,下载WPS各端安装包，落地页需官方下载入口承接,1.0,,,,百度统计真实流量,1,
3564,wps免费版本下载,下载安装,下载安装,下载WPS各端安装包，落地页需官方下载入口承接,1.0,,,,百度统计真实流量,1,
3565,wpsoffce软件下载,下载安装,下载安装,下载WPS各端安装包，落地页需官方下载入口承接,1.0,,,,百度统计真实流量,1,
3566,wps word免费下载,下载安装,下载安装,下载WPS各端安装包，落地页需官方下载入口承接,1.0,,,,百度统计真实流量,1,
3567,2019wps官方下载免费,下载安装,下载安装,下载WPS各端安装包，落地页需官方下载入口承接,1.0,,,,百度统计真实流量,1,
3568,WPSapp免费下载安装,下载安装,下载安装,下载WPS各端安装包，落地页需官方下载入口承接,1.0,,,,百度统计真实流量,1,
3569,WPS Office_11.1.0.10314下载,下载安装,下载安装,下载WPS各端安装包，落地页需官方下载入口承接,1.0,,,,百度统计真实流量,1,
3570,wpswapp下载,下载安装,下载安装,下载WPS各端安装包，落地页需官方下载入口承接,1.0,,,,百度统计真实流量,1,
3571,wps增强版下载,下载安装,下载安装,下载WPS各端安装包，落地页需官方下载入口承接,1.0,,,,百度统计真实流量,1,
3572,wps中文版下载,下载安装,下载安装,下载WPS各端安装包，落地页需官方下载入口承接,1.0,,,,百度统计真实流量,1,
3573,wps精简版下载,下载安装,下载安装,下载WPS各端安装包，落地页需官方下载入口承接,1.0,,,,百度统计真实流量,1,
3574,wps下载32位,下载安装,下载安装,下载WPS各端安装包，落地页需官方下载入口承接,1.0,,,,百度统计真实流量,1,
3575,wps网页版下载官方,下载安装,下载安装,下载WPS各端安装包，落地页需官方下载入口承接,1.0,,,,百度统计真实流量,1,
3576,下载ws软件,下载安装,下载安装,下载WPS各端安装包，落地页需官方下载入口承接,1.0,,,,百度统计真实流量,1,
3577,wps下载官,下载安装,下载安装,下载WPS各端安装包，落地页需官方下载入口承接,1.0,,,,百度统计真实流量,1,
3578,wps  下载,下载安装,下载安装,下载WPS各端安装包，落地页需官方下载入口承接,1.0,,,,百度统计真实流量,1,
3579,wpsoffice下载安装,下载安装,下载安装,下载WPS各端安装包，落地页需官方下载入口承接,1.0,,,,百度统计真实流量,1,
3580,wpsoffice官方下载免费完整版,下载安装,下载安装,下载WPS各端安装包，落地页需官方下载入口承接,1.0,,,,百度统计真实流量,1,
3581,wps下载官网官网,下载安装,下载安装,下载WPS各端安装包，落地页需官方下载入口承接,1.0,,,,百度统计真实流量,1,
3582,wps 64位怎么下载,下载安装,下载安装,下载WPS各端安装包，落地页需官方下载入口承接,1.0,,,,百度统计真实流量,1,
3583,如何下载WPS软件,下载安装,下载安装,下载WPS各端安装包，落地页需官方下载入口承接,1.0,,,,百度统计真实流量,1,
3584,wps轻办公官方下载,下载安装,下载安装,下载WPS各端安装包，落地页需官方下载入口承接,1.0,,,,百度统计真实流量,1,
3585,WPS 下载 免费,下载安装,下载安装,下载WPS各端安装包，落地页需官方下载入口承接,1.0,,,,百度统计真实流量,1,
3586,WPS文档下载,下载安装,下载安装,下载WPS各端安装包，落地页需官方下载入口承接,1.0,,,,百度统计真实流量,1,
3587,WPS 2023下载,下载安装,下载安装,下载WPS各端安装包，落地页需官方下载入口承接,1.0,,,,百度统计真实流量,1,
3588,WPS下载官网免费下载,下载安装,下载安装,下载WPS各端安装包，落地页需官方下载入口承接,1.0,,,,百度统计真实流量,1,
3589,wps2026专业增强版下载,下载安装,下载安装,下载WPS各端安装包，落地页需官方下载入口承接,1.0,,,,百度统计真实流量,1,
3590,wps2025专业版下载官网,下载安装,下载安装,下载WPS各端安装包，落地页需官方下载入口承接,1.0,,,,百度统计真实流量,1,
3591,WPSapp下载安装官方版,下载安装,下载安装,下载WPS各端安装包，落地页需官方下载入口承接,1.0,,,,百度统计真实流量,1,
3592,怎样安装wps office办公软件,下载安装,下载安装,下载WPS各端安装包，落地页需官方下载入口承接,1.0,,,,百度统计真实流量,1,
3593,办公软件官方下载,下载安装,下载安装,下载WPS各端安装包，落地页需官方下载入口承接,1.0,,,,百度统计真实流量,1,
3594,wps企业版官网下载,下载安装,下载安装,下载WPS各端安装包，落地页需官方下载入口承接,1.0,,,,百度统计真实流量,1,
3595,金山wps软件下载中心,下载安装,下载安装,下载WPS各端安装包，落地页需官方下载入口承接,1.0,,,,百度统计真实流量,1,
3596,wps专业版官方下载,下载安装,下载安装,下载WPS各端安装包，落地页需官方下载入口承接,1.0,,,,百度统计真实流量,1,
3597,wps 个人版官方下载,下载安装,下载安装,下载WPS各端安装包，落地页需官方下载入口承接,1.0,,,,百度统计真实流量,1,
3598,wps 下载中心,下载安装,下载安装,下载WPS各端安装包，落地页需官方下载入口承接,1.0,,,,百度统计真实流量,1,
3599,wPS 下载,下载安装,下载安装,下载WPS各端安装包，落地页需官方下载入口承接,1.0,,,,百度统计真实流量,1,
3600,商网办公下载,下载安装,下载安装,下载WPS各端安装包，落地页需官方下载入口承接,1.0,,,,百度统计真实流量,1,
3601,w官网正版下载,下载安装,下载安装,下载WPS各端安装包，落地页需官方下载入口承接,1.0,,,,百度统计真实流量,1,
3602,wps安装不了,下载安装,下载安装,下载WPS各端安装包，落地页需官方下载入口承接,1.0,,,,百度统计真实流量,1,
3603,WPS教育版下载,下载安装,下载安装,下载WPS各端安装包，落地页需官方下载入口承接,1.0,,,,百度统计真实流量,1,
3604,wps32位安装,下载安装,下载安装,下载WPS各端安装包，落地页需官方下载入口承接,1.0,,,,百度统计真实流量,1,
3605,WPS Office下载链接,下载安装,下载安装,下载WPS各端安装包，落地页需官方下载入口承接,1.0,,,,百度统计真实流量,1,
3606,WPS office下载安装包,下载安装,下载安装,下载WPS各端安装包，落地页需官方下载入口承接,1.0,,,,百度统计真实流量,1,
3607,wps office网页端下载,下载安装,下载安装,下载WPS各端安装包，落地页需官方下载入口承接,1.0,,,,百度统计真实流量,1,
3608,wps在线文档下载,下载安装,下载安装,下载WPS各端安装包，落地页需官方下载入口承接,1.0,,,,百度统计真实流量,1,
3609,办公工具免费下载,下载安装,下载安装,下载WPS各端安装包，落地页需官方下载入口承接,1.0,,,,百度统计真实流量,1,
3610,wps365企业版下载,下载安装,下载安装,下载WPS各端安装包，落地页需官方下载入口承接,1.0,,,,百度统计真实流量,1,
3611,WPS office安装包,下载安装,下载安装,下载WPS各端安装包，落地页需官方下载入口承接,1.0,,,,百度统计真实流量,1,
3612,wps客户端下载官网,下载安装,下载安装,下载WPS各端安装包，落地页需官方下载入口承接,1.0,,,,百度统计真实流量,1,
3613,wps下载2019官方下载免费版,下载安装,下载安装,下载WPS各端安装包，落地页需官方下载入口承接,1.0,,,,百度统计真实流量,1,
3614,WPS pdf专业版下载,下载安装,下载安装,下载WPS各端安装包，落地页需官方下载入口承接,1.0,,,,百度统计真实流量,1,
3615,wps 24034版本下载,下载安装,下载安装,下载WPS各端安装包，落地页需官方下载入口承接,1.0,,,,百度统计真实流量,1,
3616,wpsapp官方免费下载,下载安装,下载安装,下载WPS各端安装包，落地页需官方下载入口承接,1.0,,,,百度统计真实流量,1,
3617,wps安装软件,下载安装,下载安装,下载WPS各端安装包，落地页需官方下载入口承接,1.0,,,,百度统计真实流量,1,
3618,WPS安装官网,下载安装,下载安装,下载WPS各端安装包，落地页需官方下载入口承接,1.0,,,,百度统计真实流量,1,
3619,WPS 下载官网,下载安装,下载安装,下载WPS各端安装包，落地页需官方下载入口承接,1.0,,,,百度统计真实流量,1,
3620,wps2021下载,下载安装,下载安装,下载WPS各端安装包，落地页需官方下载入口承接,1.0,,,,百度统计真实流量,1,
3621,WPS字体安装,下载安装,下载安装,下载WPS各端安装包，落地页需官方下载入口承接,1.0,,,,百度统计真实流量,1,
3622,离线wps安装包,下载安装,下载安装,下载WPS各端安装包，落地页需官方下载入口承接,1.0,,,,百度统计真实流量,1,
3623,WPS Word下载,下载安装,下载安装,下载WPS各端安装包，落地页需官方下载入口承接,1.0,,,,百度统计真实流量,1,
3624,wps app 下载,下载安装,下载安装,下载WPS各端安装包，落地页需官方下载入口承接,1.0,,,,百度统计真实流量,1,
3625,wps 2016 下载,下载安装,下载安装,下载WPS各端安装包，落地页需官方下载入口承接,1.0,,,,百度统计真实流量,1,
3626,WPSAPP下载,下载安装,下载安装,下载WPS各端安装包，落地页需官方下载入口承接,1.0,,,,百度统计真实流量,1,
3627,WPS Office软件官方网站下载,下载安装,下载安装,下载WPS各端安装包，落地页需官方下载入口承接,1.0,,,,百度统计真实流量,1,
3628,wpsguanwang下载,下载安装,下载安装,下载WPS各端安装包，落地页需官方下载入口承接,1.0,,,,百度统计真实流量,1,
3629,wps mac离线安装包,下载安装,下载安装,下载WPS各端安装包，落地页需官方下载入口承接,1.0,,,,百度统计真实流量,1,
3630,wps专业版下载官网,下载安装,下载安装,下载WPS各端安装包，落地页需官方下载入口承接,1.0,,,,百度统计真实流量,1,
3631,wps中国版官网下载,下载安装,下载安装,下载WPS各端安装包，落地页需官方下载入口承接,1.0,,,,百度统计真实流量,1,
3632,wsp下载官网,下载安装,下载安装,下载WPS各端安装包，落地页需官方下载入口承接,1.0,,,,百度统计真实流量,1,
3633,WPS网页版下载,下载安装,下载安装,下载WPS各端安装包，落地页需官方下载入口承接,1.0,,,,百度统计真实流量,1,
3634,wps桌面助手官网下载,下载安装,下载安装,下载WPS各端安装包，落地页需官方下载入口承接,1.0,,,,百度统计真实流量,1,
3635,wps下载 官方,下载安装,下载安装,下载WPS各端安装包，落地页需官方下载入口承接,1.0,,,,百度统计真实流量,1,
3636,wps office xp版下载,下载安装,下载安装,下载WPS各端安装包，落地页需官方下载入口承接,1.0,,,,百度统计真实流量,1,
3637,wps最新专业增强版下载,下载安装,下载安装,下载WPS各端安装包，落地页需官方下载入口承接,1.0,,,,百度统计真实流量,1,
3638,wps office 2020下载,下载安装,下载安装,下载WPS各端安装包，落地页需官方下载入口承接,1.0,,,,百度统计真实流量,1,
3639,wps2026官方下载,下载安装,下载安装,下载WPS各端安装包，落地页需官方下载入口承接,1.0,,,,百度统计真实流量,1,
3640,wps官网下载免费版,下载安装,下载安装,下载WPS各端安装包，落地页需官方下载入口承接,1.0,,,,百度统计真实流量,1,
3641,Excel下载,下载安装,下载安装,下载WPS各端安装包，落地页需官方下载入口承接,1.0,,,,百度统计真实流量,1,
3642,办公软件下载 安装,下载安装,下载安装,下载WPS各端安装包，落地页需官方下载入口承接,1.0,,,,百度统计真实流量,1,
3643,表格制作下载什么软件,下载安装,下载安装,下载WPS各端安装包，落地页需官方下载入口承接,1.0,,,,百度统计真实流量,1,
3644,金山文档官网下载,下载安装,下载安装,下载WPS各端安装包，落地页需官方下载入口承接,1.0,,,,百度统计真实流量,1,
3645,WPS PDF 官网下载,下载安装,下载安装,下载WPS各端安装包，落地页需官方下载入口承接,1.0,,,,百度统计真实流量,1,
3646,wps office 个人版下载安装,下载安装,下载安装,下载WPS各端安装包，落地页需官方下载入口承接,1.0,,,,百度统计真实流量,1,
3647,wps教育版官网下载,下载安装,下载安装,下载WPS各端安装包，落地页需官方下载入口承接,1.0,,,,百度统计真实流量,1,
3648,wps官网免费版下载,下载安装,下载安装,下载WPS各端安装包，落地页需官方下载入口承接,1.0,,,,百度统计真实流量,1,
3649,wps纯净版官网下载,下载安装,下载安装,下载WPS各端安装包，落地页需官方下载入口承接,1.0,,,,百度统计真实流量,1,
3650,ppt wps 企业版下载,下载安装,下载安装,下载WPS各端安装包，落地页需官方下载入口承接,1.0,,,,百度统计真实流量,1,
3651,wps插件下载,下载安装,下载安装,下载WPS各端安装包，落地页需官方下载入口承接,1.0,,,,百度统计真实流量,1,
3652,wps宋体下载,下载安装,下载安装,下载WPS各端安装包，落地页需官方下载入口承接,1.0,,,,百度统计真实流量,1,
3653,wps 365下载,下载安装,下载安装,下载WPS各端安装包，落地页需官方下载入口承接,1.0,,,,百度统计真实流量,1,
3654,金山wps下载官网下载,下载安装,下载安装,下载WPS各端安装包，落地页需官方下载入口承接,1.0,,,,百度统计真实流量,1,
3655,wps13版本下载,下载安装,下载安装,下载WPS各端安装包，落地页需官方下载入口承接,1.0,,,,百度统计真实流量,1,
3656,官网下载wps,下载安装,下载安装,下载WPS各端安装包，落地页需官方下载入口承接,1.0,,,,百度统计真实流量,1,
3657,WPS下载2025,下载安装,下载安装,下载WPS各端安装包，落地页需官方下载入口承接,1.0,,,,百度统计真实流量,1,
3658,wps2019linux deb 下载,下载安装,下载安装,下载WPS各端安装包，落地页需官方下载入口承接,1.0,,,,百度统计真实流量,1,
3659,哪里可以下载免费的WPS软件,下载安装,下载安装,下载WPS各端安装包，落地页需官方下载入口承接,1.0,,,,百度统计真实流量,1,
3660,WPSoffice下载安装,下载安装,下载安装,下载WPS各端安装包，落地页需官方下载入口承接,1.0,,,,百度统计真实流量,1,
3661,wpsoffice官方官网下载,下载安装,下载安装,下载WPS各端安装包，落地页需官方下载入口承接,1.0,,,,百度统计真实流量,1,
3662,wps office官网入口下载,下载安装,下载安装,下载WPS各端安装包，落地页需官方下载入口承接,1.0,,,,百度统计真实流量,1,
3663,wps官网下载64位,下载安装,下载安装,下载WPS各端安装包，落地页需官方下载入口承接,1.0,,,,百度统计真实流量,1,
3664,wps客户端下载,下载安装,下载安装,下载WPS各端安装包，落地页需官方下载入口承接,1.0,,,,百度统计真实流量,1,
3665,wps下载官方免费下载,下载安装,下载安装,下载WPS各端安装包，落地页需官方下载入口承接,1.0,,,,百度统计真实流量,1,
3666,office办公软件下载 免费完整版,下载安装,下载安装,下载WPS各端安装包，落地页需官方下载入口承接,1.0,,,,百度统计真实流量,1,
3667,wps office国内版下载,下载安装,下载安装,下载WPS各端安装包，落地页需官方下载入口承接,1.0,,,,百度统计真实流量,1,
3668,wps 离线安装包,下载安装,下载安装,下载WPS各端安装包，落地页需官方下载入口承接,1.0,,,,百度统计真实流量,1,
3669,wps图片下载安装,下载安装,下载安装,下载WPS各端安装包，落地页需官方下载入口承接,1.0,,,,百度统计真实流量,1,
3670,w'p'swps下载官方,下载安装,下载安装,下载WPS各端安装包，落地页需官方下载入口承接,1.0,,,,百度统计真实流量,1,
3671,wps安装统信系统,下载安装,下载安装,下载WPS各端安装包，落地页需官方下载入口承接,1.0,,,,百度统计真实流量,1,
3672,办公软件wps下载,下载安装,下载安装,下载WPS各端安装包，落地页需官方下载入口承接,1.0,,,,百度统计真实流量,1,
3673,WPS下载安装官方免费下载,下载安装,下载安装,下载WPS各端安装包，落地页需官方下载入口承接,1.0,,,,百度统计真实流量,1,
3674,官网免费wps下载,下载安装,下载安装,下载WPS各端安装包，落地页需官方下载入口承接,1.0,,,,百度统计真实流量,1,
3675,麒麟系统wps下载,下载安装,下载安装,下载WPS各端安装包，落地页需官方下载入口承接,1.0,,,,百度统计真实流量,1,
3676,如何下载64位wps,下载安装,下载安装,下载WPS各端安装包，落地页需官方下载入口承接,1.0,,,,百度统计真实流量,1,
3677,"wps,下载",下载安装,下载安装,下载WPS各端安装包，落地页需官方下载入口承接,1.0,,,,百度统计真实流量,1,
3678,wps正版下载,下载安装,下载安装,下载WPS各端安装包，落地页需官方下载入口承接,1.0,,,,百度统计真实流量,1,
3679,新版WPS下载,下载安装,下载安装,下载WPS各端安装包，落地页需官方下载入口承接,1.0,,,,百度统计真实流量,1,
3680,excel怎么下载,下载安装,下载安装,下载WPS各端安装包，落地页需官方下载入口承接,1.0,,,,百度统计真实流量,1,
3681,office下载免费完整版,下载安装,下载安装,下载WPS各端安装包，落地页需官方下载入口承接,1.0,,,,百度统计真实流量,1,
3682,2022wps官方下载免费版,下载安装,下载安装,下载WPS各端安装包，落地页需官方下载入口承接,1.0,,,,百度统计真实流量,1,
3683,下载wps免费版官方下载2025最新版本,下载安装,下载安装,下载WPS各端安装包，落地页需官方下载入口承接,1.0,,,,百度统计真实流量,1,
3684,vba宏安装包下载wps免费版官网最新版,下载安装,下载安装,下载WPS各端安装包，落地页需官方下载入口承接,1.0,,,,百度统计真实流量,1,
3685,wps官网首页下载,下载安装,下载安装,下载WPS各端安装包，落地页需官方下载入口承接,1.0,,,,百度统计真实流量,1,
3686,WPS OFFICE下载,下载安装,下载安装,下载WPS各端安装包，落地页需官方下载入口承接,1.0,,,,百度统计真实流量,1,
3687,wps正式版官方下载,下载安装,下载安装,下载WPS各端安装包，落地页需官方下载入口承接,1.0,,,,百度统计真实流量,1,
3688,wps电信版官网下载,下载安装,下载安装,下载WPS各端安装包，落地页需官方下载入口承接,1.0,,,,百度统计真实流量,1,
3689,wps vba支持库下载,下载安装,下载安装,下载WPS各端安装包，落地页需官方下载入口承接,1.0,,,,百度统计真实流量,1,
3690,wps office免费版官方下载,下载安装,下载安装,下载WPS各端安装包，落地页需官方下载入口承接,1.0,,,,百度统计真实流量,1,
3691,wps mac版下载,下载安装,下载安装,下载WPS各端安装包，落地页需官方下载入口承接,1.0,,,,百度统计真实流量,1,
3692,wps卸载工具官方下载,下载安装,下载安装,下载WPS各端安装包，落地页需官方下载入口承接,1.0,,,,百度统计真实流量,1,
3693,WPS办公系统免费下载,下载安装,下载安装,下载WPS各端安装包，落地页需官方下载入口承接,1.0,,,,百度统计真实流量,1,
3694,wpsoffice官方正版下载,下载安装,下载安装,下载WPS各端安装包，落地页需官方下载入口承接,1.0,,,,百度统计真实流量,1,
3695,wps官网首页中文版下载,下载安装,下载安装,下载WPS各端安装包，落地页需官方下载入口承接,1.0,,,,百度统计真实流量,1,
3696,统信uos系统wps安装包,下载安装,下载安装,下载WPS各端安装包，落地页需官方下载入口承接,1.0,,,,百度统计真实流量,1,
3697,WPSapp下载官网,下载安装,下载安装,下载WPS各端安装包，落地页需官方下载入口承接,1.0,,,,百度统计真实流量,1,
3698,WAPS下载,下载安装,下载安装,下载WPS各端安装包，落地页需官方下载入口承接,1.0,,,,百度统计真实流量,1,
3699,银河麒麟安装wps,下载安装,下载安装,下载WPS各端安装包，落地页需官方下载入口承接,1.0,,,,百度统计真实流量,1,
3700,WPS下载安装2026最新版免费,下载安装,下载安装,下载WPS各端安装包，落地页需官方下载入口承接,1.0,,,,百度统计真实流量,1,
3701,wps旧版下载2016,下载安装,下载安装,下载WPS各端安装包，落地页需官方下载入口承接,1.0,,,,百度统计真实流量,1,
3702,wps安装包官方下载,下载安装,下载安装,下载WPS各端安装包，落地页需官方下载入口承接,1.0,,,,百度统计真实流量,1,
3703,WPS官方最新版下载,下载安装,下载安装,下载WPS各端安装包，落地页需官方下载入口承接,1.0,,,,百度统计真实流量,1,
3704,WPS2023专业版下载,下载安装,下载安装,下载WPS各端安装包，落地页需官方下载入口承接,1.0,,,,百度统计真实流量,1,
3705,免费wps安装包免费版,下载安装,下载安装,下载WPS各端安装包，落地页需官方下载入口承接,1.0,,,,百度统计真实流量,1,
3706,wps标准下载,下载安装,下载安装,下载WPS各端安装包，落地页需官方下载入口承接,1.0,,,,百度统计真实流量,1,
3707,wps便签下载,下载安装,下载安装,下载WPS各端安装包，落地页需官方下载入口承接,1.0,,,,百度统计真实流量,1,
3708,wps稻壳下载,下载安装,下载安装,下载WPS各端安装包，落地页需官方下载入口承接,1.0,,,,百度统计真实流量,1,
3709,wps下载应用,下载安装,下载安装,下载WPS各端安装包，落地页需官方下载入口承接,1.0,,,,百度统计真实流量,1,
3710,wps老版本下载,下载安装,下载安装,下载WPS各端安装包，落地页需官方下载入口承接,1.0,,,,百度统计真实流量,1,
3711,下载wps官方版,下载安装,下载安装,下载WPS各端安装包，落地页需官方下载入口承接,1.0,,,,百度统计真实流量,1,
3712,麒麟wps安装包,下载安装,下载安装,下载WPS各端安装包，落地页需官方下载入口承接,1.0,,,,百度统计真实流量,1,
3713,wpsvba6安装包,下载安装,下载安装,下载WPS各端安装包，落地页需官方下载入口承接,1.0,,,,百度统计真实流量,1,
3714,wps清理大师官网下载,下载安装,下载安装,下载WPS各端安装包，落地页需官方下载入口承接,1.0,,,,百度统计真实流量,1,
3715,WPS葵安装,下载安装,下载安装,下载WPS各端安装包，落地页需官方下载入口承接,1.0,,,,百度统计真实流量,1,
3716,WPS官方版,下载安装,下载安装,下载WPS各端安装包，落地页需官方下载入口承接,1.0,,,,百度统计真实流量,1,
3717,www.wps.cn/官网下载,下载安装,下载安装,下载WPS各端安装包，落地页需官方下载入口承接,1.0,,,,百度统计真实流量,1,
3718,wps专业增强版官网下载,下载安装,下载安装,下载WPS各端安装包，落地页需官方下载入口承接,1.0,,,,百度统计真实流量,1,
3719,wps word文档官方下载,下载安装,下载安装,下载WPS各端安装包，落地页需官方下载入口承接,1.0,,,,百度统计真实流量,1,
3720,办公软件wps官方下载免费完整版,下载安装,下载安装,下载WPS各端安装包，落地页需官方下载入口承接,1.0,,,,百度统计真实流量,1,
3721,WPS Office官方免费下载,下载安装,下载安装,下载WPS各端安装包，落地页需官方下载入口承接,1.0,,,,百度统计真实流量,1,
3722,http/wwwwps.cn官网下载,下载安装,下载安装,下载WPS各端安装包，落地页需官方下载入口承接,1.0,,,,百度统计真实流量,1,
3723,wps稻壳官方下载,下载安装,下载安装,下载WPS各端安装包，落地页需官方下载入口承接,1.0,,,,百度统计真实流量,1,
3724,金山wps办公软件官方下载,下载安装,下载安装,下载WPS各端安装包，落地页需官方下载入口承接,1.0,,,,百度统计真实流量,1,
3725,免费电子表格excel下载官网免费版,下载安装,下载安装,下载WPS各端安装包，落地页需官方下载入口承接,1.0,,,,百度统计真实流量,1,
3726,制表软件excel下载,下载安装,下载安装,下载WPS各端安装包，落地页需官方下载入口承接,1.0,,,,百度统计真实流量,1,
3727,普通wps官方版,下载安装,下载安装,下载WPS各端安装包，落地页需官方下载入口承接,1.0,,,,百度统计真实流量,1,
3728,wps arm版下载,下载安装,下载安装,下载WPS各端安装包，落地页需官方下载入口承接,1.0,,,,百度统计真实流量,1,
3729,wps 安装官方,下载安装,下载安装,下载WPS各端安装包，落地页需官方下载入口承接,1.0,,,,百度统计真实流量,1,
3730,下载wps 64位,下载安装,下载安装,下载WPS各端安装包，落地页需官方下载入口承接,1.0,,,,百度统计真实流量,1,
3731,wps官方免费下载安装,下载安装,下载安装,下载WPS各端安装包，落地页需官方下载入口承接,1.0,,,,百度统计真实流量,1,
3732,wps个人免费版下载官网网址,下载安装,下载安装,下载WPS各端安装包，落地页需官方下载入口承接,1.0,,,,百度统计真实流量,1,
3733,wpstv版下载官网,下载安装,下载安装,下载WPS各端安装包，落地页需官方下载入口承接,1.0,,,,百度统计真实流量,1,
3734,WPSPDF阅读器下载,下载安装,下载安装,下载WPS各端安装包，落地页需官方下载入口承接,1.0,,,,百度统计真实流量,1,
3735,免费的office下载,下载安装,下载安装,下载WPS各端安装包，落地页需官方下载入口承接,1.0,,,,百度统计真实流量,1,
3736,WPS安装免费下载官网,下载安装,下载安装,下载WPS各端安装包，落地页需官方下载入口承接,1.0,,,,百度统计真实流量,1,
3737,wps普通下载,下载安装,下载安装,下载WPS各端安装包，落地页需官方下载入口承接,1.0,,,,百度统计真实流量,1,
3738,金山文档下载,下载安装,下载安装,下载WPS各端安装包，落地页需官方下载入口承接,1.0,,,,百度统计真实流量,1,
3739,mac wps下载,下载安装,下载安装,下载WPS各端安装包，落地页需官方下载入口承接,1.0,,,,百度统计真实流量,1,
3740,WPS最新版下载,下载安装,下载安装,下载WPS各端安装包，落地页需官方下载入口承接,1.0,,,,百度统计真实流量,1,
3741,wps2016官方版,下载安装,下载安装,下载WPS各端安装包，落地页需官方下载入口承接,1.0,,,,百度统计真实流量,1,
3742,wps ppt安装,下载安装,下载安装,下载WPS各端安装包，落地页需官方下载入口承接,1.0,,,,百度统计真实流量,1,
3743,wps离线版安装包下载,下载安装,下载安装,下载WPS各端安装包，落地页需官方下载入口承接,1.0,,,,百度统计真实流量,1,
3744,wps下载‘,下载安装,下载安装,下载WPS各端安装包，落地页需官方下载入口承接,1.0,,,,百度统计真实流量,1,
3745,wps 11.2.0.11990 下载,下载安装,下载安装,下载WPS各端安装包，落地页需官方下载入口承接,1.0,,,,百度统计真实流量,1,
3746,wpsoffice软件下载安装,下载安装,下载安装,下载WPS各端安装包，落地页需官方下载入口承接,1.0,,,,百度统计真实流量,1,
3747,下载WP S,下载安装,下载安装,下载WPS各端安装包，落地页需官方下载入口承接,1.0,,,,百度统计真实流量,1,
3748,wps解压缩软件官方下载,下载安装,下载安装,下载WPS各端安装包，落地页需官方下载入口承接,1.0,,,,百度统计真实流量,1,
3749,wpsoffce2016个人版下载,下载安装,下载安装,下载WPS各端安装包，落地页需官方下载入口承接,1.0,,,,百度统计真实流量,1,
3750,免费WPS Office下载安装,下载安装,下载安装,下载WPS各端安装包，落地页需官方下载入口承接,1.0,,,,百度统计真实流量,1,
3751,中国电信wps专用版下载官网,下载安装,下载安装,下载WPS各端安装包，落地页需官方下载入口承接,1.0,,,,百度统计真实流量,1,
3752,wps官方正版安装,下载安装,下载安装,下载WPS各端安装包，落地页需官方下载入口承接,1.0,,,,百度统计真实流量,1,
3753,wps清理大师官方下载最新版,下载安装,下载安装,下载WPS各端安装包，落地页需官方下载入口承接,1.0,,,,百度统计真实流量,1,
3754,政府网站下载wps,下载安装,下载安装,下载WPS各端安装包，落地页需官方下载入口承接,1.0,,,,百度统计真实流量,1,
3755,WPS下安装免费下载,下载安装,下载安装,下载WPS各端安装包，落地页需官方下载入口承接,1.0,,,,百度统计真实流量,1,
3756,金山文档 mac 下载,下载安装,下载安装,下载WPS各端安装包，落地页需官方下载入口承接,1.0,,,,百度统计真实流量,1,
3757,wps中文下载,下载安装,下载安装,下载WPS各端安装包，落地页需官方下载入口承接,1.0,,,,百度统计真实流量,1,
3758,WPS图片下载,下载安装,下载安装,下载WPS各端安装包，落地页需官方下载入口承接,1.0,,,,百度统计真实流量,1,
3759,excel表下载,下载安装,下载安装,下载WPS各端安装包，落地页需官方下载入口承接,1.0,,,,百度统计真实流量,1,
3760,wpx office官方下载,下载安装,下载安装,下载WPS各端安装包，落地页需官方下载入口承接,1.0,,,,百度统计真实流量,1,
3761,wps字体库下载,下载安装,下载安装,下载WPS各端安装包，落地页需官方下载入口承接,1.0,,,,百度统计真实流量,1,
3762,wps办公软件免费下载,下载安装,下载安装,下载WPS各端安装包，落地页需官方下载入口承接,1.0,,,,百度统计真实流量,1,
3763,WinXP wps下载,下载安装,下载安装,下载WPS各端安装包，落地页需官方下载入口承接,1.0,,,,百度统计真实流量,1,
3764,wps压缩软件官方下载,下载安装,下载安装,下载WPS各端安装包，落地页需官方下载入口承接,1.0,,,,百度统计真实流量,1,
3765,wps字体仿宋gb2312下载,下载安装,下载安装,下载WPS各端安装包，落地页需官方下载入口承接,1.0,,,,百度统计真实流量,1,
3766,wps专业版怎么安装,下载安装,下载安装,下载WPS各端安装包，落地页需官方下载入口承接,1.0,,,,百度统计真实流量,1,
3767,wps excel下载安装,下载安装,下载安装,下载WPS各端安装包，落地页需官方下载入口承接,1.0,,,,百度统计真实流量,1,
3768,免费wps官方下载免费版,下载安装,下载安装,下载WPS各端安装包，落地页需官方下载入口承接,1.0,,,,百度统计真实流量,1,
3769,wps压缩包软件官方下载免费版,下载安装,下载安装,下载WPS各端安装包，落地页需官方下载入口承接,1.0,,,,百度统计真实流量,1,
3770,WPS Office官方正版下载网址,下载安装,下载安装,下载WPS各端安装包，落地页需官方下载入口承接,1.0,,,,百度统计真实流量,1,
3771,wps网页官方下载入口在哪,下载安装,下载安装,下载WPS各端安装包，落地页需官方下载入口承接,1.0,,,,百度统计真实流量,1,
3772,金山wps官网下载入口网址,下载安装,下载安装,下载WPS各端安装包，落地页需官方下载入口承接,1.0,,,,百度统计真实流量,1,
3773,wps356政府版下载,下载安装,下载安装,下载WPS各端安装包，落地页需官方下载入口承接,1.0,,,,百度统计真实流量,1,
3774,免费WPSPDF虚拟打印机的安装包,下载安装,下载安装,下载WPS各端安装包，落地页需官方下载入口承接,1.0,,,,百度统计真实流量,1,
3775,wps vba插件下载官网,下载安装,下载安装,下载WPS各端安装包，落地页需官方下载入口承接,1.0,,,,百度统计真实流量,1,
3776,wps下载完整版,下载安装,下载安装,下载WPS各端安装包，落地页需官方下载入口承接,1.0,,,,百度统计真实流量,1,
3777,wps官网下载页,下载安装,下载安装,下载WPS各端安装包，落地页需官方下载入口承接,1.0,,,,百度统计真实流量,1,
3778,wps国内版下载,下载安装,下载安装,下载WPS各端安装包，落地页需官方下载入口承接,1.0,,,,百度统计真实流量,1,
3779,pdf阅读器免费版下载,下载安装,下载安装,下载WPS各端安装包，落地页需官方下载入口承接,,1480.0,,,第三方工具-社区SEO,1,
3780,pdf文件下载,下载安装,下载安装,下载WPS各端安装包，落地页需官方下载入口承接,,653.0,,,第三方工具-社区SEO,1,
3781,word下载,下载安装,下载安装,下载WPS各端安装包，落地页需官方下载入口承接,,432.0,,,第三方工具-社区SEO,1,
3782,pdf免费下载,下载安装,下载安装,下载WPS各端安装包，落地页需官方下载入口承接,,755.0,,,第三方工具-社区SEO,1,
3783,excel下载,下载安装,下载安装,下载WPS各端安装包，落地页需官方下载入口承接,,375.0,,,第三方工具-社区SEO,1,
3784,pdf阅读器下载,下载安装,下载安装,下载WPS各端安装包，落地页需官方下载入口承接,,549.0,,,第三方工具-社区SEO,1,
3785,ppt下载免费完整版,下载安装,下载安装,下载WPS各端安装包，落地页需官方下载入口承接,,345.0,,,第三方工具-社区SEO,1,
3786,福昕pdf阅读器下载,下载安装,下载安装,下载WPS各端安装包，落地页需官方下载入口承接,,408.0,,,第三方工具-社区SEO,1,
3787,pdf电子书下载,下载安装,下载安装,下载WPS各端安装包，落地页需官方下载入口承接,,350.0,,,第三方工具-社区SEO,1,
3788,pdf软件官方下载,下载安装,下载安装,下载WPS各端安装包，落地页需官方下载入口承接,,327.0,,,第三方工具-社区SEO,1,
3789,pdf虚拟打印机下载,下载安装,下载安装,下载WPS各端安装包，落地页需官方下载入口承接,,142.0,,,第三方工具-社区SEO,1,
3790,免费下载ppt网站,下载安装,下载安装,下载WPS各端安装包，落地页需官方下载入口承接,,346.0,,,第三方工具-社区SEO,1,
3791,pdf软件下载,下载安装,下载安装,下载WPS各端安装包，落地页需官方下载入口承接,,289.0,,,第三方工具-社区SEO,1,
3792,ppt下载,下载安装,下载安装,下载WPS各端安装包，落地页需官方下载入口承接,,549.0,,,第三方工具-社区SEO,1,
3793,下载ppt,下载安装,下载安装,下载WPS各端安装包，落地页需官方下载入口承接,,85.0,,,第三方工具-社区SEO,1,
3794,excel表格免费下载,下载安装,下载安装,下载WPS各端安装包，落地页需官方下载入口承接,,75.0,,,第三方工具-社区SEO,1,
3795,课件ppt免费下载,下载安装,下载安装,下载WPS各端安装包，落地页需官方下载入口承接,,85.0,,,第三方工具-社区SEO,1,
3796,excel下载安装,下载安装,下载安装,下载WPS各端安装包，落地页需官方下载入口承接,,65.0,,,第三方工具-社区SEO,1,
3797,word字体下载,下载安装,下载安装,下载WPS各端安装包，落地页需官方下载入口承接,,155.0,,,第三方工具-社区SEO,1,
3798,pdf24下载,下载安装,下载安装,下载WPS各端安装包，落地页需官方下载入口承接,,37.0,,,第三方工具-社区SEO,1,
3799,ppt免费下载,下载安装,下载安装,下载WPS各端安装包，落地页需官方下载入口承接,,332.0,,,第三方工具-社区SEO,1,
3800,word官方免费下载,下载安装,下载安装,下载WPS各端安装包，落地页需官方下载入口承接,,34.0,,,第三方工具-社区SEO,1,
3801,excel官方下载,下载安装,下载安装,下载WPS各端安装包，落地页需官方下载入口承接,,63.0,,,第三方工具-社区SEO,1,
3802,免费下载ppt,下载安装,下载安装,下载WPS各端安装包，落地页需官方下载入口承接,,21.0,,,第三方工具-社区SEO,1,
3803,excel官网下载,下载安装,下载安装,下载WPS各端安装包，落地页需官方下载入口承接,,24.0,,,第三方工具-社区SEO,1,
3804,word免费下载,下载安装,下载安装,下载WPS各端安装包，落地页需官方下载入口承接,,74.0,,,第三方工具-社区SEO,1,
3805,ppt模版下载,下载安装,下载安装,下载WPS各端安装包，落地页需官方下载入口承接,,156.0,,,第三方工具-社区SEO,1,
3806,免费pdf下载,下载安装,下载安装,下载WPS各端安装包，落地页需官方下载入口承接,,71.0,,,第三方工具-社区SEO,1,
3807,ppt素材下载,下载安装,下载安装,下载WPS各端安装包，落地页需官方下载入口承接,,87.0,,,第三方工具-社区SEO,1,
3808,下载pdf,下载安装,下载安装,下载WPS各端安装包，落地页需官方下载入口承接,,22.0,,,第三方工具-社区SEO,1,
3809,pdf破解版下载,下载安装,下载安装,下载WPS各端安装包，落地页需官方下载入口承接,,24.0,,,第三方工具-社区SEO,1,
3810,绘本ppt免费下载,下载安装,下载安装,下载WPS各端安装包，落地页需官方下载入口承接,,47.0,,,第三方工具-社区SEO,1,
3811,excel表格下载,下载安装,下载安装,下载WPS各端安装包，落地页需官方下载入口承接,,160.0,,,第三方工具-社区SEO,1,
3812,ppt图标素材免费下载,下载安装,下载安装,下载WPS各端安装包，落地页需官方下载入口承接,,24.0,,,第三方工具-社区SEO,1,
3813,pdf电子书下载网,下载安装,下载安装,下载WPS各端安装包，落地页需官方下载入口承接,,17.0,,,第三方工具-社区SEO,1,
3814,下载word文档,下载安装,下载安装,下载WPS各端安装包，落地页需官方下载入口承接,,143.0,,,第三方工具-社区SEO,1,
3815,ppt模版免费下载,下载安装,下载安装,下载WPS各端安装包，落地页需官方下载入口承接,,151.0,,,第三方工具-社区SEO,1,
3816,ppt软件免费版下载,下载安装,下载安装,下载WPS各端安装包，落地页需官方下载入口承接,,18.0,,,第三方工具-社区SEO,1,
3817,pdf虚拟打印机下载破解版,下载安装,下载安装,下载WPS各端安装包，落地页需官方下载入口承接,,15.0,,,第三方工具-社区SEO,1,
3818,word 2007下载,下载安装,下载安装,下载WPS各端安装包，落地页需官方下载入口承接,,8.0,,,第三方工具-社区SEO,1,
3819,免费ppt模版下载,下载安装,下载安装,下载WPS各端安装包，落地页需官方下载入口承接,,15.0,,,第三方工具-社区SEO,1,
3820,pdf书籍免费下载网站,下载安装,下载安装,下载WPS各端安装包，落地页需官方下载入口承接,,16.0,,,第三方工具-社区SEO,1,
3821,excel安装包,下载安装,下载安装,下载WPS各端安装包，落地页需官方下载入口承接,,13.0,,,第三方工具-社区SEO,1,
3822,word破解版下载,下载安装,下载安装,下载WPS各端安装包，落地页需官方下载入口承接,,12.0,,,第三方工具-社区SEO,1,
3823,excel免费下载,下载安装,下载安装,下载WPS各端安装包，落地页需官方下载入口承接,,60.0,,,第三方工具-社区SEO,1,
3824,福昕pdf下载,下载安装,下载安装,下载WPS各端安装包，落地页需官方下载入口承接,,13.0,,,第三方工具-社区SEO,1,
3825,pdf.js 下载,下载安装,下载安装,下载WPS各端安装包，落地页需官方下载入口承接,,12.0,,,第三方工具-社区SEO,1,
3826,pdf.js下载,下载安装,下载安装,下载WPS各端安装包，落地页需官方下载入口承接,,12.0,,,第三方工具-社区SEO,1,
3827,word官网下载,下载安装,下载安装,下载WPS各端安装包，落地页需官方下载入口承接,,2440.0,,,第三方工具-社区SEO,1,
3828,迅读pdf下载,下载安装,下载安装,下载WPS各端安装包，落地页需官方下载入口承接,,15.0,,,第三方工具-社区SEO,1,
3829,网页pdf怎么下载,下载安装,下载安装,下载WPS各端安装包，落地页需官方下载入口承接,,13.0,,,第三方工具-社区SEO,1,
3830,pdf安装,下载安装,下载安装,下载WPS各端安装包，落地页需官方下载入口承接,,13.0,,,第三方工具-社区SEO,1,
3831,word文档免费下载,下载安装,下载安装,下载WPS各端安装包，落地页需官方下载入口承接,,61.0,,,第三方工具-社区SEO,1,
3832,ppt下载软件,下载安装,下载安装,下载WPS各端安装包，落地页需官方下载入口承接,,11.0,,,第三方工具-社区SEO,1,
3833,ppt软件下载,下载安装,下载安装,下载WPS各端安装包，落地页需官方下载入口承接,,158.0,,,第三方工具-社区SEO,1,
3834,ppt字体下载,下载安装,下载安装,下载WPS各端安装包，落地页需官方下载入口承接,,11.0,,,第三方工具-社区SEO,1,
3835,pdf书籍下载,下载安装,下载安装,下载WPS各端安装包，落地页需官方下载入口承接,,11.0,,,第三方工具-社区SEO,1,
3836,网页pdf下载,下载安装,下载安装,下载WPS各端安装包，落地页需官方下载入口承接,,11.0,,,第三方工具-社区SEO,1,
3837,金山pdf下载,下载安装,下载安装,下载WPS各端安装包，落地页需官方下载入口承接,,10.0,,,第三方工具-社区SEO,1,
3838,word安装,下载安装,下载安装,下载WPS各端安装包，落地页需官方下载入口承接,,64.0,,,第三方工具-社区SEO,1,
3839,excel安装,下载安装,下载安装,下载WPS各端安装包，落地页需官方下载入口承接,,13.0,,,第三方工具-社区SEO,1,
3840,下载pdf电子书,下载安装,下载安装,下载WPS各端安装包，落地页需官方下载入口承接,,9.0,,,第三方工具-社区SEO,1,
3841,pdf文档下载,下载安装,下载安装,下载WPS各端安装包，落地页需官方下载入口承接,,9.0,,,第三方工具-社区SEO,1,
3842,下载word,下载安装,下载安装,下载WPS各端安装包，落地页需官方下载入口承接,,121.0,,,第三方工具-社区SEO,1,
3843,word2007版本下载,下载安装,下载安装,下载WPS各端安装包，落地页需官方下载入口承接,,8.0,,,第三方工具-社区SEO,1,
3844,excel2010下载,下载安装,下载安装,下载WPS各端安装包，落地页需官方下载入口承接,,64.0,,,第三方工具-社区SEO,1,
3845,下载excel表格,下载安装,下载安装,下载WPS各端安装包，落地页需官方下载入口承接,,9.0,,,第三方工具-社区SEO,1,
3846,廉洁教育ppt免费下载,下载安装,下载安装,下载WPS各端安装包，落地页需官方下载入口承接,,10.0,,,第三方工具-社区SEO,1,
3847,pdf下载网,下载安装,下载安装,下载WPS各端安装包，落地页需官方下载入口承接,,8.0,,,第三方工具-社区SEO,1,
3848,word2016下载,下载安装,下载安装,下载WPS各端安装包，落地页需官方下载入口承接,,95.0,,,第三方工具-社区SEO,1,
3849,word免费版下载,下载安装,下载安装,下载WPS各端安装包，落地页需官方下载入口承接,,17.0,,,第三方工具-社区SEO,1,
3850,word安装包,下载安装,下载安装,下载WPS各端安装包，落地页需官方下载入口承接,,7.0,,,第三方工具-社区SEO,1,
3851,excel破解版下载,下载安装,下载安装,下载WPS各端安装包，落地页需官方下载入口承接,,9.0,,,第三方工具-社区SEO,1,
3852,免费ppt下载网,下载安装,下载安装,下载WPS各端安装包，落地页需官方下载入口承接,,121.0,,,第三方工具-社区SEO,1,
3853,演界网ppt免费下载,下载安装,下载安装,下载WPS各端安装包，落地页需官方下载入口承接,,8.0,,,第三方工具-社区SEO,1,
3854,pdf下载,下载安装,下载安装,下载WPS各端安装包，落地页需官方下载入口承接,,1.0,,,第三方工具-社区SEO,1,
3855,下载pdf文件,下载安装,下载安装,下载WPS各端安装包，落地页需官方下载入口承接,,9.0,,,第三方工具-社区SEO,1,
3856,pdf插件下载,下载安装,下载安装,下载WPS各端安装包，落地页需官方下载入口承接,,9.0,,,第三方工具-社区SEO,1,
3857,电子书pdf下载网站,下载安装,下载安装,下载WPS各端安装包，落地页需官方下载入口承接,,7.0,,,第三方工具-社区SEO,1,
3858,word官方下载,下载安装,下载安装,下载WPS各端安装包，落地页需官方下载入口承接,,61.0,,,第三方工具-社区SEO,1,
3859,word字体下载官网,下载安装,下载安装,下载WPS各端安装包，落地页需官方下载入口承接,,9.0,,,第三方工具-社区SEO,1,
3860,excel软件下载,下载安装,下载安装,下载WPS各端安装包，落地页需官方下载入口承接,,238.0,,,第三方工具-社区SEO,1,
3861,团课ppt免费下载,下载安装,下载安装,下载WPS各端安装包，落地页需官方下载入口承接,,7.0,,,第三方工具-社区SEO,1,
3862,pdf浏览器官方下载,下载安装,下载安装,下载WPS各端安装包，落地页需官方下载入口承接,,9.0,,,第三方工具-社区SEO,1,
3863,word字体安装,下载安装,下载安装,下载WPS各端安装包，落地页需官方下载入口承接,,6.0,,,第三方工具-社区SEO,1,
3864,word仿宋gb2312字体下载,下载安装,下载安装,下载WPS各端安装包，落地页需官方下载入口承接,,6.0,,,第三方工具-社区SEO,1,
3865,第一ppt免费下载,下载安装,下载安装,下载WPS各端安装包，落地页需官方下载入口承接,,16.0,,,第三方工具-社区SEO,1,
3866,职业规划ppt免费下载,下载安装,下载安装,下载WPS各端安装包，落地页需官方下载入口承接,,12.0,,,第三方工具-社区SEO,1,
3867,下载ppt软件免费下载,下载安装,下载安装,下载WPS各端安装包，落地页需官方下载入口承接,,7.0,,,第三方工具-社区SEO,1,
3868,pdf打印机怎么安装,下载安装,下载安装,下载WPS各端安装包，落地页需官方下载入口承接,,12.0,,,第三方工具-社区SEO,1,
3869,一级建造师电子版教材下载pdf,下载安装,下载安装,下载WPS各端安装包，落地页需官方下载入口承接,,6.0,,,第三方工具-社区SEO,1,
3870,pdf控件怎么下载安装,下载安装,下载安装,下载WPS各端安装包，落地页需官方下载入口承接,,6.0,,,第三方工具-社区SEO,1,
3871,pdf软件下载官方网站,下载安装,下载安装,下载WPS各端安装包，落地页需官方下载入口承接,,6.0,,,第三方工具-社区SEO,1,
3872,电子书pdf下载,下载安装,下载安装,下载WPS各端安装包，落地页需官方下载入口承接,,6.0,,,第三方工具-社区SEO,1,
3873,word2007下载,下载安装,下载安装,下载WPS各端安装包，落地页需官方下载入口承接,,59.0,,,第三方工具-社区SEO,1,
3874,word软件下载,下载安装,下载安装,下载WPS各端安装包，落地页需官方下载入口承接,,3.0,,,第三方工具-社区SEO,1,
3875,excel免费版下载,下载安装,下载安装,下载WPS各端安装包，落地页需官方下载入口承接,,5.0,,,第三方工具-社区SEO,1,
3876,excel2016下载,下载安装,下载安装,下载WPS各端安装包，落地页需官方下载入口承接,,5.0,,,第三方工具-社区SEO,1,
3877,免费ppt下载,下载安装,下载安装,下载WPS各端安装包，落地页需官方下载入口承接,,63.0,,,第三方工具-社区SEO,1,
3878,职业生涯规划ppt免费下载,下载安装,下载安装,下载WPS各端安装包，落地页需官方下载入口承接,,12.0,,,第三方工具-社区SEO,1,
3879,pdf官方下载免费版,下载安装,下载安装,下载WPS各端安装包，落地页需官方下载入口承接,,5.0,,,第三方工具-社区SEO,1,
3880,word如何下载新字体,下载安装,下载安装,下载WPS各端安装包，落地页需官方下载入口承接,,14.0,,,第三方工具-社区SEO,1,
3881,word2010下载,下载安装,下载安装,下载WPS各端安装包，落地页需官方下载入口承接,,2.0,,,第三方工具-社区SEO,1,
3882,下载excel,下载安装,下载安装,下载WPS各端安装包，落地页需官方下载入口承接,,10.0,,,第三方工具-社区SEO,1,
3883,ppt下载网站,下载安装,下载安装,下载WPS各端安装包，落地页需官方下载入口承接,,5.0,,,第三方工具-社区SEO,1,
3884,ppt下载网,下载安装,下载安装,下载WPS各端安装包，落地页需官方下载入口承接,,5.0,,,第三方工具-社区SEO,1,
3885,大学教材pdf下载网站,下载安装,下载安装,下载WPS各端安装包，落地页需官方下载入口承接,,,,,第三方工具-社区SEO,1,
3886,pdf安装包,下载安装,下载安装,下载WPS各端安装包，落地页需官方下载入口承接,,17.0,,,第三方工具-社区SEO,1,
3887,毛选pdf下载,下载安装,下载安装,下载WPS各端安装包，落地页需官方下载入口承接,,6.0,,,第三方工具-社区SEO,1,
3888,极速pdf阅读器下载,下载安装,下载安装,下载WPS各端安装包，落地页需官方下载入口承接,,6.0,,,第三方工具-社区SEO,1,
3889,word安装字体,下载安装,下载安装,下载WPS各端安装包，落地页需官方下载入口承接,,4.0,,,第三方工具-社区SEO,1,
3890,免费ppt下载网站有哪些,下载安装,下载安装,下载WPS各端安装包，落地页需官方下载入口承接,,6.0,,,第三方工具-社区SEO,1,
3891,ppt背景图片免费下载,下载安装,下载安装,下载WPS各端安装包，落地页需官方下载入口承接,,5.0,,,第三方工具-社区SEO,1,
3892,ppt素材免费下载,下载安装,下载安装,下载WPS各端安装包，落地页需官方下载入口承接,,5.0,,,第三方工具-社区SEO,1,
3893,ppt美化大师下载,下载安装,下载安装,下载WPS各端安装包，落地页需官方下载入口承接,,4.0,,,第三方工具-社区SEO,1,
3894,pdf查看器官方下载,下载安装,下载安装,下载WPS各端安装包，落地页需官方下载入口承接,,8.0,,,第三方工具-社区SEO,1,
3895,word怎么安装字体,下载安装,下载安装,下载WPS各端安装包，落地页需官方下载入口承接,,3.0,,,第三方工具-社区SEO,1,
3896,微软word下载,下载安装,下载安装,下载WPS各端安装包，落地页需官方下载入口承接,,3.0,,,第三方工具-社区SEO,1,
3897,word2016破解版下载,下载安装,下载安装,下载WPS各端安装包，落地页需官方下载入口承接,,3.0,,,第三方工具-社区SEO,1,
3898,word官网免费下载,下载安装,下载安装,下载WPS各端安装包，落地页需官方下载入口承接,,3.0,,,第三方工具-社区SEO,1,
3899,wps下载手机版,下载安装,手机端下载,下载WPS各端安装包，落地页需官方下载入口承接,50.0,,,,百度搜索联想/相关搜索、百度统计真实流量,2,
3900,WPSOffice安卓版下载,下载安装,手机端下载,下载WPS各端安装包，落地页需官方下载入口承接,,,,,百度搜索联想/相关搜索,1,
3901,WPSOffice手机版下载,下载安装,手机端下载,下载WPS各端安装包，落地页需官方下载入口承接,,,,,百度搜索联想/相关搜索,1,
3902,oa办公软件手机版,下载安装,手机端下载,下载WPS各端安装包，落地页需官方下载入口承接,,,,,百度搜索联想/相关搜索,1,
3903,wpsoffice手机版,下载安装,手机端下载,下载WPS各端安装包，落地页需官方下载入口承接,,,,,百度搜索联想/相关搜索,1,
3904,wps下载手机版安卓免费安装,下载安装,手机端下载,下载WPS各端安装包，落地页需官方下载入口承接,,,,,百度搜索联想/相关搜索,1,
3905,wps手机版下载安装,下载安装,手机端下载,下载WPS各端安装包，落地页需官方下载入口承接,,,,,百度搜索联想/相关搜索,1,
3906,云文档下载到手机,下载安装,手机端下载,下载WPS各端安装包，落地页需官方下载入口承接,,,,,百度搜索联想/相关搜索,1,
3907,手机版pdf24下载,下载安装,手机端下载,下载WPS各端安装包，落地页需官方下载入口承接,,,,,百度搜索联想/相关搜索,1,
3908,移动办公oa手机版,下载安装,手机端下载,下载WPS各端安装包，落地页需官方下载入口承接,,,,,百度搜索联想/相关搜索,1,
3909,wps安卓平板电脑版,下载安装,手机端下载,下载WPS各端安装包，落地页需官方下载入口承接,3.0,,,,百度统计真实流量,1,
3910,wps下载手机版官网,下载安装,手机端下载,下载WPS各端安装包，落地页需官方下载入口承接,2.0,,,,百度统计真实流量,1,
3911,wps安卓版,下载安装,手机端下载,下载WPS各端安装包，落地页需官方下载入口承接,2.0,,,,百度统计真实流量,1,
3912,wps安卓版下载,下载安装,手机端下载,下载WPS各端安装包，落地页需官方下载入口承接,2.0,,,,百度统计真实流量,1,
3913,wps安卓版下载apk,下载安装,手机端下载,下载WPS各端安装包，落地页需官方下载入口承接,2.0,,,,百度统计真实流量,1,
3914,下载wps手机版,下载安装,手机端下载,下载WPS各端安装包，落地页需官方下载入口承接,1.0,,,,百度统计真实流量,1,
3915,wsp下载安卓版,下载安装,手机端下载,下载WPS各端安装包，落地页需官方下载入口承接,1.0,,,,百度统计真实流量,1,
3916,wps下载ios,下载安装,手机端下载,下载WPS各端安装包，落地页需官方下载入口承接,1.0,,,,百度统计真实流量,1,
3917,WPS office下载安卓版,下载安装,手机端下载,下载WPS各端安装包，落地页需官方下载入口承接,1.0,,,,百度统计真实流量,1,
3918,wpsapp下载安卓版,下载安装,手机端下载,下载WPS各端安装包，落地页需官方下载入口承接,1.0,,,,百度统计真实流量,1,
3919,wps安卓电脑版下载,下载安装,手机端下载,下载WPS各端安装包，落地页需官方下载入口承接,1.0,,,,百度统计真实流量,1,
3920,手机版wps免费下载,下载安装,手机端下载,下载WPS各端安装包，落地页需官方下载入口承接,1.0,,,,百度统计真实流量,1,
3921,免费下载手机wps,下载安装,手机端下载,下载WPS各端安装包，落地页需官方下载入口承接,1.0,,,,百度统计真实流量,1,
3922,wps下载安卓版,下载安装,手机端下载,下载WPS各端安装包，落地页需官方下载入口承接,1.0,,,,百度统计真实流量,1,
3923,WPS安卓版,下载安装,手机端下载,下载WPS各端安装包，落地页需官方下载入口承接,1.0,,,,百度统计真实流量,1,
3924,wps office安卓32位下载,下载安装,手机端下载,下载WPS各端安装包，落地页需官方下载入口承接,1.0,,,,百度统计真实流量,1,
3925,手机版pdf阅读器,下载安装,手机端下载,下载WPS各端安装包，落地页需官方下载入口承接,,10.0,,,第三方工具-社区SEO,1,
3926,pdf阅读器手机版下载,下载安装,手机端下载,下载WPS各端安装包，落地页需官方下载入口承接,,6.0,,,第三方工具-社区SEO,1,
3927,文档软件word手机版,下载安装,手机端下载,下载WPS各端安装包，落地页需官方下载入口承接,,42.0,,,第三方工具-社区SEO,1,
3928,WPS会员,价格与会员,会员价格,会员价格/免费权益/版本对比，适合价格与权益展示页,4.0,,,,百度搜索联想/相关搜索、百度统计真实流量,2,
3929,wps365多少钱,价格与会员,会员价格,会员价格/免费权益/版本对比，适合价格与权益展示页,,,,,百度搜索联想/相关搜索,1,
3930,wps会员1天试用入口,价格与会员,会员价格,会员价格/免费权益/版本对比，适合价格与权益展示页,,,,,百度搜索联想/相关搜索,1,
3931,wps会员可以多少个人共用,价格与会员,会员价格,会员价格/免费权益/版本对比，适合价格与权益展示页,,,,,百度搜索联想/相关搜索,1,
3932,wps会员可以登录几个设备,价格与会员,会员价格,会员价格/免费权益/版本对比，适合价格与权益展示页,,,,,百度搜索联想/相关搜索,1,
3933,wps会员哪里购买最便宜,价格与会员,会员价格,会员价格/免费权益/版本对比，适合价格与权益展示页,,,,,百度搜索联想/相关搜索,1,
3934,wps会员多少钱,价格与会员,会员价格,会员价格/免费权益/版本对比，适合价格与权益展示页,,,,,百度搜索联想/相关搜索,1,
3935,wps会员怎么退款,价格与会员,会员价格,会员价格/免费权益/版本对比，适合价格与权益展示页,,,,,百度搜索联想/相关搜索,1,
3936,wps会员有什么功能,价格与会员,会员价格,会员价格/免费权益/版本对比，适合价格与权益展示页,,,,,百度搜索联想/相关搜索,1,
3937,wps会员能登几台电脑,价格与会员,会员价格,会员价格/免费权益/版本对比，适合价格与权益展示页,,,,,百度搜索联想/相关搜索,1,
3938,wps多少钱一年会员,价格与会员,会员价格,会员价格/免费权益/版本对比，适合价格与权益展示页,,,,,百度搜索联想/相关搜索,1,
3939,wps会员,价格与会员,会员价格,会员价格/免费权益/版本对比，适合价格与权益展示页,9.0,,,,百度统计真实流量,1,
3940,wps会员官网,价格与会员,会员价格,会员价格/免费权益/版本对比，适合价格与权益展示页,4.0,,,,百度统计真实流量,1,
3941,wps专业版多少钱一套,价格与会员,会员价格,会员价格/免费权益/版本对比，适合价格与权益展示页,3.0,,,,百度统计真实流量,1,
3942,wps企业会员,价格与会员,会员价格,会员价格/免费权益/版本对比，适合价格与权益展示页,3.0,,,,百度统计真实流量,1,
3943,wps会员试用7天,价格与会员,会员价格,会员价格/免费权益/版本对比，适合价格与权益展示页,2.0,,,,百度统计真实流量,1,
3944,wps试用七天会员,价格与会员,会员价格,会员价格/免费权益/版本对比，适合价格与权益展示页,2.0,,,,百度统计真实流量,1,
3945,wps会员企业版,价格与会员,会员价格,会员价格/免费权益/版本对比，适合价格与权益展示页,1.0,,,,百度统计真实流量,1,
3946,wps云服务收费吗,价格与会员,会员价格,会员价格/免费权益/版本对比，适合价格与权益展示页,1.0,,,,百度统计真实流量,1,
3947,免会员破解版wps,价格与会员,会员价格,会员价格/免费权益/版本对比，适合价格与权益展示页,1.0,,,,百度统计真实流量,1,
3948,wps企业版收费标准,价格与会员,会员价格,会员价格/免费权益/版本对比，适合价格与权益展示页,1.0,,,,百度统计真实流量,1,
3949,计算机二级wps会员领取截止时间,价格与会员,会员价格,会员价格/免费权益/版本对比，适合价格与权益展示页,1.0,,,,百度统计真实流量,1,
3950,wps会员多少钱一年最便宜,价格与会员,会员价格,会员价格/免费权益/版本对比，适合价格与权益展示页,1.0,,,,百度统计真实流量,1,
3951,wps多少钱,价格与会员,会员价格,会员价格/免费权益/版本对比，适合价格与权益展示页,1.0,,,,百度统计真实流量,1,
3952,WPS和B站联合会员,价格与会员,会员价格,会员价格/免费权益/版本对比，适合价格与权益展示页,1.0,,,,百度统计真实流量,1,
3953,wps大会员登了8台设备,价格与会员,会员价格,会员价格/免费权益/版本对比，适合价格与权益展示页,1.0,,,,百度统计真实流量,1,
3954,报了WPS二级忘记领会员,价格与会员,会员价格,会员价格/免费权益/版本对比，适合价格与权益展示页,1.0,,,,百度统计真实流量,1,
3955,报考计算机二级怎么领取wps会员,价格与会员,会员价格,会员价格/免费权益/版本对比，适合价格与权益展示页,1.0,,,,百度统计真实流量,1,
3956,wps价格,价格与会员,会员价格,会员价格/免费权益/版本对比，适合价格与权益展示页,1.0,,,,百度统计真实流量,1,
3957,wps会员允许多人在线,价格与会员,会员价格,会员价格/免费权益/版本对比，适合价格与权益展示页,1.0,,,,百度统计真实流量,1,
3958,wps大会员多少钱一年,价格与会员,会员价格,会员价格/免费权益/版本对比，适合价格与权益展示页,1.0,,,,百度统计真实流量,1,
3959,WPS 企业会员,价格与会员,会员价格,会员价格/免费权益/版本对比，适合价格与权益展示页,1.0,,,,百度统计真实流量,1,
3960,wps会员活动,价格与会员,会员价格,会员价格/免费权益/版本对比，适合价格与权益展示页,1.0,,,,百度统计真实流量,1,
3961,wps收费标准,价格与会员,会员价格,会员价格/免费权益/版本对比，适合价格与权益展示页,1.0,,,,百度统计真实流量,1,
3962,WPS收费吗,价格与会员,会员价格,会员价格/免费权益/版本对比，适合价格与权益展示页,1.0,,,,百度统计真实流量,1,
3963,wps企业版多少钱,价格与会员,会员价格,会员价格/免费权益/版本对比，适合价格与权益展示页,1.0,,,,百度统计真实流量,1,
3964,wps企业版多少钱一年,价格与会员,会员价格,会员价格/免费权益/版本对比，适合价格与权益展示页,1.0,,,,百度统计真实流量,1,
3965,WPS企业版收费,价格与会员,会员价格,会员价格/免费权益/版本对比，适合价格与权益展示页,1.0,,,,百度统计真实流量,1,
3966,wps会员登录入口,价格与会员,会员价格,会员价格/免费权益/版本对比，适合价格与权益展示页,1.0,,,,百度统计真实流量,1,
3967,pdf会员,价格与会员,会员价格,会员价格/免费权益/版本对比，适合价格与权益展示页,,7.0,,,第三方工具-社区SEO,1,
3968,WPS会员值得买吗,价格与会员,会员价格/版本权益,会员价格/免费权益/版本对比，适合价格与权益展示页,,,100000.0,,GEO需求机会表,1,A
3969,WPS会员多少钱,价格与会员,会员价格/版本权益,会员价格/免费权益/版本对比，适合价格与权益展示页,,,90000.0,,GEO需求机会表,1,A
3970,WPS365是什么,价格与会员,会员价格/版本权益,会员价格/免费权益/版本对比，适合价格与权益展示页,,,80000.0,,GEO需求机会表,1,A
3971,WPS会员和超级会员区别,价格与会员,会员价格/版本权益,会员价格/免费权益/版本对比，适合价格与权益展示页,,,80000.0,,GEO需求机会表,1,A
3972,WPS企业版多少钱,价格与会员,会员价格/版本权益,会员价格/免费权益/版本对比，适合价格与权益展示页,,,70000.0,,GEO需求机会表,1,B
3973,WPS会员可以取消续费吗,价格与会员,会员价格/版本权益,会员价格/免费权益/版本对比，适合价格与权益展示页,,,70000.0,,GEO需求机会表,1,B
3974,WPS超级会员有什么用,价格与会员,会员价格/版本权益,会员价格/免费权益/版本对比，适合价格与权益展示页,,,70000.0,,GEO需求机会表,1,B
3975,WPS个人版和专业版区别,价格与会员,会员价格/版本权益,会员价格/免费权益/版本对比，适合价格与权益展示页,,,60000.0,,GEO需求机会表,1,B
3976,WPS会员免费领取,价格与会员,会员价格/版本权益,会员价格/免费权益/版本对比，适合价格与权益展示页,,,60000.0,,GEO需求机会表,1,B
3977,WPS教育版怎么下载,价格与会员,会员价格/版本权益,会员价格/免费权益/版本对比，适合价格与权益展示页,,,60000.0,,GEO需求机会表,1,B
3978,WPS个人免费版,价格与会员,免费版,会员价格/免费权益/版本对比，适合价格与权益展示页,4.0,,,,百度搜索联想/相关搜索、百度统计真实流量,2,
3979,excel表格免费版,价格与会员,免费版,会员价格/免费权益/版本对比，适合价格与权益展示页,,297.0,,,百度搜索联想/相关搜索、第三方工具-社区SEO,2,
3980,免费wps软件永久免费版,价格与会员,免费版,会员价格/免费权益/版本对比，适合价格与权益展示页,8.0,,,,百度搜索联想/相关搜索、百度统计真实流量,2,
3981,免费办公软件excel,价格与会员,免费版,会员价格/免费权益/版本对比，适合价格与权益展示页,1.0,107.0,,,百度统计真实流量、第三方工具-社区SEO,2,
3982,pdf修改编辑文字免费,价格与会员,免费版,会员价格/免费权益/版本对比，适合价格与权益展示页,,,,,百度搜索联想/相关搜索,1,
3983,wpsoffice是免费的吗,价格与会员,免费版,会员价格/免费权益/版本对比，适合价格与权益展示页,,,,,百度搜索联想/相关搜索,1,
3984,wps会员免费领取,价格与会员,免费版,会员价格/免费权益/版本对比，适合价格与权益展示页,,,,,百度搜索联想/相关搜索,1,
3985,免费word办公软件,价格与会员,免费版,会员价格/免费权益/版本对比，适合价格与权益展示页,,,,,百度搜索联想/相关搜索,1,
3986,免费生成ppt,价格与会员,免费版,会员价格/免费权益/版本对比，适合价格与权益展示页,,,,,百度搜索联想/相关搜索,1,
3987,手机免费做word文档,价格与会员,免费版,会员价格/免费权益/版本对比，适合价格与权益展示页,,,,,百度搜索联想/相关搜索,1,
3988,wps免费版,价格与会员,免费版,会员价格/免费权益/版本对比，适合价格与权益展示页,21.0,,,,百度统计真实流量,1,
3989,wps免费版永久使用,价格与会员,免费版,会员价格/免费权益/版本对比，适合价格与权益展示页,20.0,,,,百度统计真实流量,1,
3990,免费wps网站免费观看,价格与会员,免费版,会员价格/免费权益/版本对比，适合价格与权益展示页,18.0,,,,百度统计真实流量,1,
3991,免费wps的网站入口在哪里,价格与会员,免费版,会员价格/免费权益/版本对比，适合价格与权益展示页,15.0,,,,百度统计真实流量,1,
3992,wps个人免费版,价格与会员,免费版,会员价格/免费权益/版本对比，适合价格与权益展示页,12.0,,,,百度统计真实流量,1,
3993,免费wps网站,价格与会员,免费版,会员价格/免费权益/版本对比，适合价格与权益展示页,10.0,,,,百度统计真实流量,1,
3994,免费wps网站在线观看软件,价格与会员,免费版,会员价格/免费权益/版本对比，适合价格与权益展示页,7.0,,,,百度统计真实流量,1,
3995,wps官方免费版,价格与会员,免费版,会员价格/免费权益/版本对比，适合价格与权益展示页,7.0,,,,百度统计真实流量,1,
3996,WPS官网个人免费版,价格与会员,免费版,会员价格/免费权益/版本对比，适合价格与权益展示页,7.0,,,,百度统计真实流量,1,
3997,免费wps办公软件,价格与会员,免费版,会员价格/免费权益/版本对比，适合价格与权益展示页,7.0,,,,百度统计真实流量,1,
3998,免费word在线编辑,价格与会员,免费版,会员价格/免费权益/版本对比，适合价格与权益展示页,4.0,,,,百度统计真实流量,1,
3999,wps是免费的吗,价格与会员,免费版,会员价格/免费权益/版本对比，适合价格与权益展示页,4.0,,,,百度统计真实流量,1,
4000,WPS免费版,价格与会员,免费版,会员价格/免费权益/版本对比，适合价格与权益展示页,3.0,,,,百度统计真实流量,1,
4001,WPS Office 免费版,价格与会员,免费版,会员价格/免费权益/版本对比，适合价格与权益展示页,3.0,,,,百度统计真实流量,1,
4002,正版wps永久免费,价格与会员,免费版,会员价格/免费权益/版本对比，适合价格与权益展示页,3.0,,,,百度统计真实流量,1,
4003,免费办公软件,价格与会员,免费版,会员价格/免费权益/版本对比，适合价格与权益展示页,3.0,,,,百度统计真实流量,1,
4004,免费的wps办公软件,价格与会员,免费版,会员价格/免费权益/版本对比，适合价格与权益展示页,3.0,,,,百度统计真实流量,1,
4005,wps免费版直接进入网站,价格与会员,免费版,会员价格/免费权益/版本对比，适合价格与权益展示页,3.0,,,,百度统计真实流量,1,
4006,wps网站免费入口,价格与会员,免费版,会员价格/免费权益/版本对比，适合价格与权益展示页,2.0,,,,百度统计真实流量,1,
4007,wps 免费版,价格与会员,免费版,会员价格/免费权益/版本对比，适合价格与权益展示页,2.0,,,,百度统计真实流量,1,
4008,免费wps,价格与会员,免费版,会员价格/免费权益/版本对比，适合价格与权益展示页,2.0,,,,百度统计真实流量,1,
4009,wps免费版官网,价格与会员,免费版,会员价格/免费权益/版本对比，适合价格与权益展示页,2.0,,,,百度统计真实流量,1,
4010,wps个人版是免费的吗,价格与会员,免费版,会员价格/免费权益/版本对比，适合价格与权益展示页,2.0,,,,百度统计真实流量,1,
4011,WPS免费,价格与会员,免费版,会员价格/免费权益/版本对比，适合价格与权益展示页,2.0,,,,百度统计真实流量,1,
4012,WPS Office 官方免费版,价格与会员,免费版,会员价格/免费权益/版本对比，适合价格与权益展示页,2.0,,,,百度统计真实流量,1,
4013,WPS办公软件免费版,价格与会员,免费版,会员价格/免费权益/版本对比，适合价格与权益展示页,2.0,,,,百度统计真实流量,1,
4014,excel免费版本电脑,价格与会员,免费版,会员价格/免费权益/版本对比，适合价格与权益展示页,2.0,,,,百度统计真实流量,1,
4015,免费wps的网站入口,价格与会员,免费版,会员价格/免费权益/版本对比，适合价格与权益展示页,2.0,,,,百度统计真实流量,1,
4016,wps免费,价格与会员,免费版,会员价格/免费权益/版本对比，适合价格与权益展示页,1.0,,,,百度统计真实流量,1,
4017,永久免费WPS网站入口推荐,价格与会员,免费版,会员价格/免费权益/版本对比，适合价格与权益展示页,1.0,,,,百度统计真实流量,1,
4018,wps.cn个人免费版,价格与会员,免费版,会员价格/免费权益/版本对比，适合价格与权益展示页,1.0,,,,百度统计真实流量,1,
4019,wps office2022免费Pc完整版,价格与会员,免费版,会员价格/免费权益/版本对比，适合价格与权益展示页,1.0,,,,百度统计真实流量,1,
4020,免费的wps,价格与会员,免费版,会员价格/免费权益/版本对比，适合价格与权益展示页,1.0,,,,百度统计真实流量,1,
4021,在线wps网页版免费,价格与会员,免费版,会员价格/免费权益/版本对比，适合价格与权益展示页,1.0,,,,百度统计真实流量,1,
4022,wps免费能用,价格与会员,免费版,会员价格/免费权益/版本对比，适合价格与权益展示页,1.0,,,,百度统计真实流量,1,
4023,wps免费Pc版,价格与会员,免费版,会员价格/免费权益/版本对比，适合价格与权益展示页,1.0,,,,百度统计真实流量,1,
4024,WPS个人永久免费版,价格与会员,免费版,会员价格/免费权益/版本对比，适合价格与权益展示页,1.0,,,,百度统计真实流量,1,
4025,免费wps办公软件正版永久版,价格与会员,免费版,会员价格/免费权益/版本对比，适合价格与权益展示页,1.0,,,,百度统计真实流量,1,
4026,www.wps.cn免费网站,价格与会员,免费版,会员价格/免费权益/版本对比，适合价格与权益展示页,1.0,,,,百度统计真实流量,1,
4027,免费的wps网站,价格与会员,免费版,会员价格/免费权益/版本对比，适合价格与权益展示页,1.0,,,,百度统计真实流量,1,
4028,WPS office官方免费版,价格与会员,免费版,会员价格/免费权益/版本对比，适合价格与权益展示页,1.0,,,,百度统计真实流量,1,
4029,WPS免费网页在线编辑,价格与会员,免费版,会员价格/免费权益/版本对比，适合价格与权益展示页,1.0,,,,百度统计真实流量,1,
4030,WPS有免费的,价格与会员,免费版,会员价格/免费权益/版本对比，适合价格与权益展示页,1.0,,,,百度统计真实流量,1,
4031,WPS Office免费版,价格与会员,免费版,会员价格/免费权益/版本对比，适合价格与权益展示页,1.0,,,,百度统计真实流量,1,
4032,word文档免费使用,价格与会员,免费版,会员价格/免费权益/版本对比，适合价格与权益展示页,1.0,,,,百度统计真实流量,1,
4033,wps免费网页版,价格与会员,免费版,会员价格/免费权益/版本对比，适合价格与权益展示页,1.0,,,,百度统计真实流量,1,
4034,WPS免费纯净版,价格与会员,免费版,会员价格/免费权益/版本对比，适合价格与权益展示页,1.0,,,,百度统计真实流量,1,
4035,免费的Office,价格与会员,免费版,会员价格/免费权益/版本对比，适合价格与权益展示页,1.0,,,,百度统计真实流量,1,
4036,WPS免费版网页版,价格与会员,免费版,会员价格/免费权益/版本对比，适合价格与权益展示页,1.0,,,,百度统计真实流量,1,
4037,wps2021免费版,价格与会员,免费版,会员价格/免费权益/版本对比，适合价格与权益展示页,1.0,,,,百度统计真实流量,1,
4038,office免费软件,价格与会员,免费版,会员价格/免费权益/版本对比，适合价格与权益展示页,1.0,,,,百度统计真实流量,1,
4039,WPS 2023免费版,价格与会员,免费版,会员价格/免费权益/版本对比，适合价格与权益展示页,1.0,,,,百度统计真实流量,1,
4040,wpsoffice免费版永久使用,价格与会员,免费版,会员价格/免费权益/版本对比，适合价格与权益展示页,1.0,,,,百度统计真实流量,1,
4041,Wps免费版,价格与会员,免费版,会员价格/免费权益/版本对比，适合价格与权益展示页,1.0,,,,百度统计真实流量,1,
4042,免费Office,价格与会员,免费版,会员价格/免费权益/版本对比，适合价格与权益展示页,1.0,,,,百度统计真实流量,1,
4043,免费WPS,价格与会员,免费版,会员价格/免费权益/版本对比，适合价格与权益展示页,1.0,,,,百度统计真实流量,1,
4044,wps office 官方个人免费版,价格与会员,免费版,会员价格/免费权益/版本对比，适合价格与权益展示页,1.0,,,,百度统计真实流量,1,
4045,wps教学视频全集免费,价格与会员,免费版,会员价格/免费权益/版本对比，适合价格与权益展示页,1.0,,,,百度统计真实流量,1,
4046,WPS免费官网,价格与会员,免费版,会员价格/免费权益/版本对比，适合价格与权益展示页,1.0,,,,百度统计真实流量,1,
4047,wps office免费版,价格与会员,免费版,会员价格/免费权益/版本对比，适合价格与权益展示页,1.0,,,,百度统计真实流量,1,
4048,官方wps有免费的吗,价格与会员,免费版,会员价格/免费权益/版本对比，适合价格与权益展示页,1.0,,,,百度统计真实流量,1,
4049,免费文档,价格与会员,免费版,会员价格/免费权益/版本对比，适合价格与权益展示页,1.0,,,,百度统计真实流量,1,
4050,wps官方官网免费版,价格与会员,免费版,会员价格/免费权益/版本对比，适合价格与权益展示页,1.0,,,,百度统计真实流量,1,
4051,wps有免费版吗,价格与会员,免费版,会员价格/免费权益/版本对比，适合价格与权益展示页,1.0,,,,百度统计真实流量,1,
4052,wps免费能用的,价格与会员,免费版,会员价格/免费权益/版本对比，适合价格与权益展示页,1.0,,,,百度统计真实流量,1,
4053,免费wps网页版入口在线观看,价格与会员,免费版,会员价格/免费权益/版本对比，适合价格与权益展示页,1.0,,,,百度统计真实流量,1,
4054,WPS Office 个人版免费,价格与会员,免费版,会员价格/免费权益/版本对比，适合价格与权益展示页,1.0,,,,百度统计真实流量,1,
4055,WPS免费在线文档,价格与会员,免费版,会员价格/免费权益/版本对比，适合价格与权益展示页,1.0,,,,百度统计真实流量,1,
4056,wps终身免费版,价格与会员,免费版,会员价格/免费权益/版本对比，适合价格与权益展示页,1.0,,,,百度统计真实流量,1,
4057,wps官网免费,价格与会员,免费版,会员价格/免费权益/版本对比，适合价格与权益展示页,1.0,,,,百度统计真实流量,1,
4058,windows10 office免费版,价格与会员,免费版,会员价格/免费权益/版本对比，适合价格与权益展示页,1.0,,,,百度统计真实流量,1,
4059,WPS免费破解版,价格与会员,免费版,会员价格/免费权益/版本对比，适合价格与权益展示页,1.0,,,,百度统计真实流量,1,
4060,免费的wps网站直接进入,价格与会员,免费版,会员价格/免费权益/版本对比，适合价格与权益展示页,1.0,,,,百度统计真实流量,1,
4061,wps单机版永久免费版,价格与会员,免费版,会员价格/免费权益/版本对比，适合价格与权益展示页,1.0,,,,百度统计真实流量,1,
4062,wps麒麟版免费,价格与会员,免费版,会员价格/免费权益/版本对比，适合价格与权益展示页,1.0,,,,百度统计真实流量,1,
4063,wps免费会员,价格与会员,免费版,会员价格/免费权益/版本对比，适合价格与权益展示页,1.0,,,,百度统计真实流量,1,
4064,WPS免费会员,价格与会员,免费版,会员价格/免费权益/版本对比，适合价格与权益展示页,1.0,,,,百度统计真实流量,1,
4065,WPS 免费 高版本,价格与会员,免费版,会员价格/免费权益/版本对比，适合价格与权益展示页,1.0,,,,百度统计真实流量,1,
4066,WPS免费编辑,价格与会员,免费版,会员价格/免费权益/版本对比，适合价格与权益展示页,1.0,,,,百度统计真实流量,1,
4067,97超碰资源共享免费,价格与会员,免费版,会员价格/免费权益/版本对比，适合价格与权益展示页,1.0,,,,百度统计真实流量,1,
4068,wordoffice免费版怎么下,价格与会员,免费版,会员价格/免费权益/版本对比，适合价格与权益展示页,1.0,,,,百度统计真实流量,1,
4069,win8.1 wps免费,价格与会员,免费版,会员价格/免费权益/版本对比，适合价格与权益展示页,1.0,,,,百度统计真实流量,1,
4070,wps官方网站免费进入,价格与会员,免费版,会员价格/免费权益/版本对比，适合价格与权益展示页,1.0,,,,百度统计真实流量,1,
4071,wps免费软件官方免费版,价格与会员,免费版,会员价格/免费权益/版本对比，适合价格与权益展示页,1.0,,,,百度统计真实流量,1,
4072,wps在线办公平台免费,价格与会员,免费版,会员价格/免费权益/版本对比，适合价格与权益展示页,1.0,,,,百度统计真实流量,1,
4073,在线office编辑网页 免费,价格与会员,免费版,会员价格/免费权益/版本对比，适合价格与权益展示页,1.0,,,,百度统计真实流量,1,
4074,wps office免费使用,价格与会员,免费版,会员价格/免费权益/版本对比，适合价格与权益展示页,1.0,,,,百度统计真实流量,1,
4075,wps免费网页,价格与会员,免费版,会员价格/免费权益/版本对比，适合价格与权益展示页,1.0,,,,百度统计真实流量,1,
4076,wps免费版本,价格与会员,免费版,会员价格/免费权益/版本对比，适合价格与权益展示页,1.0,,,,百度统计真实流量,1,
4077,网上有免费的WPS吗,价格与会员,免费版,会员价格/免费权益/版本对比，适合价格与权益展示页,1.0,,,,百度统计真实流量,1,
4078,比wps好用的免费办公软件,价格与会员,免费版,会员价格/免费权益/版本对比，适合价格与权益展示页,1.0,,,,百度统计真实流量,1,
4079,Word文档免费版,价格与会员,免费版,会员价格/免费权益/版本对比，适合价格与权益展示页,1.0,,,,百度统计真实流量,1,
4080,WPS最新免费版,价格与会员,免费版,会员价格/免费权益/版本对比，适合价格与权益展示页,1.0,,,,百度统计真实流量,1,
4081,WPS免费使用,价格与会员,免费版,会员价格/免费权益/版本对比，适合价格与权益展示页,1.0,,,,百度统计真实流量,1,
4082,"免费的在线文档,适用于多人协作",价格与会员,免费版,会员价格/免费权益/版本对比，适合价格与权益展示页,1.0,,,,百度统计真实流量,1,
4083,免费网盘,价格与会员,免费版,会员价格/免费权益/版本对比，适合价格与权益展示页,1.0,,,,百度统计真实流量,1,
4084,2007版wps免费版,价格与会员,免费版,会员价格/免费权益/版本对比，适合价格与权益展示页,1.0,,,,百度统计真实流量,1,
4085,免费wps软件,价格与会员,免费版,会员价格/免费权益/版本对比，适合价格与权益展示页,1.0,,,,百度统计真实流量,1,
4086,免费WORD,价格与会员,免费版,会员价格/免费权益/版本对比，适合价格与权益展示页,1.0,,,,百度统计真实流量,1,
4087,wps在线免费编辑网页版,价格与会员,免费版,会员价格/免费权益/版本对比，适合价格与权益展示页,1.0,,,,百度统计真实流量,1,
4088,wps office官方免费版,价格与会员,免费版,会员价格/免费权益/版本对比，适合价格与权益展示页,1.0,,,,百度统计真实流量,1,
4089,免费远程办公软件,价格与会员,免费版,会员价格/免费权益/版本对比，适合价格与权益展示页,1.0,,,,百度统计真实流量,1,
4090,免费使用wps软件,价格与会员,免费版,会员价格/免费权益/版本对比，适合价格与权益展示页,1.0,,,,百度统计真实流量,1,
4091,免费的wps电脑软件,价格与会员,免费版,会员价格/免费权益/版本对比，适合价格与权益展示页,1.0,,,,百度统计真实流量,1,
4092,wps免费版是正版吗,价格与会员,免费版,会员价格/免费权益/版本对比，适合价格与权益展示页,1.0,,,,百度统计真实流量,1,
4093,电脑wps怎么免费使用,价格与会员,免费版,会员价格/免费权益/版本对比，适合价格与权益展示页,1.0,,,,百度统计真实流量,1,
4094,wps演示官方免费版,价格与会员,免费版,会员价格/免费权益/版本对比，适合价格与权益展示页,1.0,,,,百度统计真实流量,1,
4095,免费pdf,价格与会员,免费版,会员价格/免费权益/版本对比，适合价格与权益展示页,,246.0,,,第三方工具-社区SEO,1,
4096,word文档免费版,价格与会员,免费版,会员价格/免费权益/版本对比，适合价格与权益展示页,,183.0,,,第三方工具-社区SEO,1,
4097,pdf免费编辑器,价格与会员,免费版,会员价格/免费权益/版本对比，适合价格与权益展示页,,137.0,,,第三方工具-社区SEO,1,
4098,PPT模版免费,价格与会员,免费版,会员价格/免费权益/版本对比，适合价格与权益展示页,,127.0,,,第三方工具-社区SEO,1,
4099,pdf免费编辑软件,价格与会员,免费版,会员价格/免费权益/版本对比，适合价格与权益展示页,,263.0,,,第三方工具-社区SEO,1,
4100,word免费版,价格与会员,免费版,会员价格/免费权益/版本对比，适合价格与权益展示页,,119.0,,,第三方工具-社区SEO,1,
4101,pdf解密工具免费版,价格与会员,免费版,会员价格/免费权益/版本对比，适合价格与权益展示页,,85.0,,,第三方工具-社区SEO,1,
4102,ppt免费模版,价格与会员,免费版,会员价格/免费权益/版本对比，适合价格与权益展示页,,90.0,,,第三方工具-社区SEO,1,
4103,免费将图片转为pdf的软件,价格与会员,免费版,会员价格/免费权益/版本对比，适合价格与权益展示页,,218.0,,,第三方工具-社区SEO,1,
4104,免费ppt素材,价格与会员,免费版,会员价格/免费权益/版本对比，适合价格与权益展示页,,91.0,,,第三方工具-社区SEO,1,
4105,pdf免费编辑,价格与会员,免费版,会员价格/免费权益/版本对比，适合价格与权益展示页,,95.0,,,第三方工具-社区SEO,1,
4106,消防安全ppt课件免费,价格与会员,免费版,会员价格/免费权益/版本对比，适合价格与权益展示页,,70.0,,,第三方工具-社区SEO,1,
4107,免费ppt网站,价格与会员,免费版,会员价格/免费权益/版本对比，适合价格与权益展示页,,63.0,,,第三方工具-社区SEO,1,
4108,免费合并pdf,价格与会员,免费版,会员价格/免费权益/版本对比，适合价格与权益展示页,,55.0,,,第三方工具-社区SEO,1,
4109,编辑pdf的免费软件,价格与会员,免费版,会员价格/免费权益/版本对比，适合价格与权益展示页,,53.0,,,第三方工具-社区SEO,1,
4110,pdf在线合并免费,价格与会员,免费版,会员价格/免费权益/版本对比，适合价格与权益展示页,,50.0,,,第三方工具-社区SEO,1,
4111,免费ppt制作软件,价格与会员,免费版,会员价格/免费权益/版本对比，适合价格与权益展示页,,37.0,,,第三方工具-社区SEO,1,
4112,pdf免费版,价格与会员,免费版,会员价格/免费权益/版本对比，适合价格与权益展示页,,111.0,,,第三方工具-社区SEO,1,
4113,免费拆分pdf的软件,价格与会员,免费版,会员价格/免费权益/版本对比，适合价格与权益展示页,,37.0,,,第三方工具-社区SEO,1,
4114,ppt免费制作,价格与会员,免费版,会员价格/免费权益/版本对比，适合价格与权益展示页,,26.0,,,第三方工具-社区SEO,1,
4115,pdf免费软件,价格与会员,免费版,会员价格/免费权益/版本对比，适合价格与权益展示页,,32.0,,,第三方工具-社区SEO,1,
4116,word免费,价格与会员,免费版,会员价格/免费权益/版本对比，适合价格与权益展示页,,31.0,,,第三方工具-社区SEO,1,
4117,excel免费,价格与会员,免费版,会员价格/免费权益/版本对比，适合价格与权益展示页,,33.0,,,第三方工具-社区SEO,1,
4118,pdf翻译免费,价格与会员,免费版,会员价格/免费权益/版本对比，适合价格与权益展示页,,23.0,,,第三方工具-社区SEO,1,
4119,pdf在线压缩免费,价格与会员,免费版,会员价格/免费权益/版本对比，适合价格与权益展示页,,51.0,,,第三方工具-社区SEO,1,
4120,免费编辑pdf,价格与会员,免费版,会员价格/免费权益/版本对比，适合价格与权益展示页,,21.0,,,第三方工具-社区SEO,1,
4121,免费ppt制作,价格与会员,免费版,会员价格/免费权益/版本对比，适合价格与权益展示页,,39.0,,,第三方工具-社区SEO,1,
4122,心理健康ppt课件免费,价格与会员,免费版,会员价格/免费权益/版本对比，适合价格与权益展示页,,18.0,,,第三方工具-社区SEO,1,
4123,pdf免费翻译,价格与会员,免费版,会员价格/免费权益/版本对比，适合价格与权益展示页,,17.0,,,第三方工具-社区SEO,1,
4124,excel免费版,价格与会员,免费版,会员价格/免费权益/版本对比，适合价格与权益展示页,,35.0,,,第三方工具-社区SEO,1,
4125,免费word,价格与会员,免费版,会员价格/免费权益/版本对比，适合价格与权益展示页,,17.0,,,第三方工具-社区SEO,1,
4126,ppt免费网站,价格与会员,免费版,会员价格/免费权益/版本对比，适合价格与权益展示页,,21.0,,,第三方工具-社区SEO,1,
4127,pdf转jpg免费版,价格与会员,免费版,会员价格/免费权益/版本对比，适合价格与权益展示页,,126.0,,,第三方工具-社区SEO,1,
4128,pdf免费拆分,价格与会员,免费版,会员价格/免费权益/版本对比，适合价格与权益展示页,,23.0,,,第三方工具-社区SEO,1,
4129,pdf转cad免费,价格与会员,免费版,会员价格/免费权益/版本对比，适合价格与权益展示页,,16.0,,,第三方工具-社区SEO,1,
4130,免费pdf阅读器,价格与会员,免费版,会员价格/免费权益/版本对比，适合价格与权益展示页,,19.0,,,第三方工具-社区SEO,1,
4131,免费的pdf软件,价格与会员,免费版,会员价格/免费权益/版本对比，适合价格与权益展示页,,17.0,,,第三方工具-社区SEO,1,
4132,pdf免费在线压缩,价格与会员,免费版,会员价格/免费权益/版本对比，适合价格与权益展示页,,17.0,,,第三方工具-社区SEO,1,
4133,免费word文档,价格与会员,免费版,会员价格/免费权益/版本对比，适合价格与权益展示页,,16.0,,,第三方工具-社区SEO,1,
4134,免费ppt,价格与会员,免费版,会员价格/免费权益/版本对比，适合价格与权益展示页,,1148.0,,,第三方工具-社区SEO,1,
4135,ppt免费素材,价格与会员,免费版,会员价格/免费权益/版本对比，适合价格与权益展示页,,13.0,,,第三方工具-社区SEO,1,
4136,ppt素材免费,价格与会员,免费版,会员价格/免费权益/版本对比，适合价格与权益展示页,,11.0,,,第三方工具-社区SEO,1,
4137,ppt背景图片免费,价格与会员,免费版,会员价格/免费权益/版本对比，适合价格与权益展示页,,11.0,,,第三方工具-社区SEO,1,
4138,免费编辑pdf用什么软件,价格与会员,免费版,会员价格/免费权益/版本对比，适合价格与权益展示页,,30.0,,,第三方工具-社区SEO,1,
4139,word文档免费,价格与会员,免费版,会员价格/免费权益/版本对比，适合价格与权益展示页,,11.0,,,第三方工具-社区SEO,1,
4140,pdf在线免费编辑,价格与会员,免费版,会员价格/免费权益/版本对比，适合价格与权益展示页,,10.0,,,第三方工具-社区SEO,1,
4141,ppt免费,价格与会员,免费版,会员价格/免费权益/版本对比，适合价格与权益展示页,,137.0,,,第三方工具-社区SEO,1,
4142,免费excel,价格与会员,免费版,会员价格/免费权益/版本对比，适合价格与权益展示页,,9.0,,,第三方工具-社区SEO,1,
4143,pdf阅读器免费,价格与会员,免费版,会员价格/免费权益/版本对比，适合价格与权益展示页,,9.0,,,第三方工具-社区SEO,1,
4144,免费压缩pdf文件,价格与会员,免费版,会员价格/免费权益/版本对比，适合价格与权益展示页,,8.0,,,第三方工具-社区SEO,1,
4145,pdf免费加水印,价格与会员,免费版,会员价格/免费权益/版本对比，适合价格与权益展示页,,8.0,,,第三方工具-社区SEO,1,
4146,word办公软件免费版,价格与会员,免费版,会员价格/免费权益/版本对比，适合价格与权益展示页,,7.0,,,第三方工具-社区SEO,1,
4147,pdf免费,价格与会员,免费版,会员价格/免费权益/版本对比，适合价格与权益展示页,,137.0,,,第三方工具-社区SEO,1,
4148,pdf免费压缩,价格与会员,免费版,会员价格/免费权益/版本对比，适合价格与权益展示页,,123.0,,,第三方工具-社区SEO,1,
4149,免费合并pdf文件的软件,价格与会员,免费版,会员价格/免费权益/版本对比，适合价格与权益展示页,,64.0,,,第三方工具-社区SEO,1,
4150,pdf阅读器免费版,价格与会员,免费版,会员价格/免费权益/版本对比，适合价格与权益展示页,,10.0,,,第三方工具-社区SEO,1,
4151,word2010免费破解版,价格与会员,免费版,会员价格/免费权益/版本对比，适合价格与权益展示页,,7.0,,,第三方工具-社区SEO,1,
4152,免费的ppt,价格与会员,免费版,会员价格/免费权益/版本对比，适合价格与权益展示页,,9.0,,,第三方工具-社区SEO,1,
4153,pdf转jpg免费,价格与会员,免费版,会员价格/免费权益/版本对比，适合价格与权益展示页,,10.0,,,第三方工具-社区SEO,1,
4154,免费拆分pdf,价格与会员,免费版,会员价格/免费权益/版本对比，适合价格与权益展示页,,7.0,,,第三方工具-社区SEO,1,
4155,pdf免费压缩软件,价格与会员,免费版,会员价格/免费权益/版本对比，适合价格与权益展示页,,7.0,,,第三方工具-社区SEO,1,
4156,免费ppt课件,价格与会员,免费版,会员价格/免费权益/版本对比，适合价格与权益展示页,,9.0,,,第三方工具-社区SEO,1,
4157,pdf文件免费压缩,价格与会员,免费版,会员价格/免费权益/版本对比，适合价格与权益展示页,,6.0,,,第三方工具-社区SEO,1,
4158,pdf在线编辑 免费,价格与会员,免费版,会员价格/免费权益/版本对比，适合价格与权益展示页,,6.0,,,第三方工具-社区SEO,1,
4159,pdf免费压缩大小,价格与会员,免费版,会员价格/免费权益/版本对比，适合价格与权益展示页,,6.0,,,第三方工具-社区SEO,1,
4160,免费excel表格,价格与会员,免费版,会员价格/免费权益/版本对比，适合价格与权益展示页,,5.0,,,第三方工具-社区SEO,1,
4161,在线免费压缩pdf,价格与会员,免费版,会员价格/免费权益/版本对比，适合价格与权益展示页,,6.0,,,第三方工具-社区SEO,1,
4162,免费制作ppt的软件,价格与会员,免费版,会员价格/免费权益/版本对比，适合价格与权益展示页,,280.0,,,第三方工具-社区SEO,1,
4163,ppt免费背景图片,价格与会员,免费版,会员价格/免费权益/版本对比，适合价格与权益展示页,,17.0,,,第三方工具-社区SEO,1,
4164,pdf免费合并,价格与会员,免费版,会员价格/免费权益/版本对比，适合价格与权益展示页,,68.0,,,第三方工具-社区SEO,1,
4165,免费在线压缩pdf,价格与会员,免费版,会员价格/免费权益/版本对比，适合价格与权益展示页,,5.0,,,第三方工具-社区SEO,1,
4166,免费ppt模版,价格与会员,免费版,会员价格/免费权益/版本对比，适合价格与权益展示页,,126.0,,,第三方工具-社区SEO,1,
4167,ppt素材大全免费,价格与会员,免费版,会员价格/免费权益/版本对比，适合价格与权益展示页,,6.0,,,第三方工具-社区SEO,1,
4168,ppt免费末班,价格与会员,免费版,会员价格/免费权益/版本对比，适合价格与权益展示页,,5.0,,,第三方工具-社区SEO,1,
4169,免费版word,价格与会员,免费版,会员价格/免费权益/版本对比，适合价格与权益展示页,,3.0,,,第三方工具-社区SEO,1,
4170,wps会员充值,价格与会员,续费充值,会员价格/免费权益/版本对比，适合价格与权益展示页,,,,,百度搜索联想/相关搜索,1,
4171,wps会员取消自动续费怎么取消,价格与会员,续费充值,会员价格/免费权益/版本对比，适合价格与权益展示页,,,,,百度搜索联想/相关搜索,1,
4172,wps企业超级会员,价格与会员,超级会员,会员价格/免费权益/版本对比，适合价格与权益展示页,1.0,,,,百度统计真实流量,1,
4173,pdf,组件功能与教程,WPS PDF,WPS表格/文字/演示/PDF功能与操作，适合功能教程页,12.0,3.0,,,百度统计真实流量、第三方工具-社区SEO,2,
4174,pdf上直接修改文字,组件功能与教程,WPS PDF,WPS表格/文字/演示/PDF功能与操作，适合功能教程页,,,,,百度搜索联想/相关搜索,1,
4175,PDF,组件功能与教程,WPS PDF,WPS表格/文字/演示/PDF功能与操作，适合功能教程页,13.0,,,,百度统计真实流量,1,
4176,PDF软件,组件功能与教程,WPS PDF,WPS表格/文字/演示/PDF功能与操作，适合功能教程页,1.0,,,,百度统计真实流量,1,
4177,pdf加密,组件功能与教程,WPS PDF,WPS表格/文字/演示/PDF功能与操作，适合功能教程页,,2081.0,,,第三方工具-社区SEO,1,
4178,PDF转TXT,组件功能与教程,WPS PDF,WPS表格/文字/演示/PDF功能与操作，适合功能教程页,,1182.0,,,第三方工具-社区SEO,1,
4179,pdf工具,组件功能与教程,WPS PDF,WPS表格/文字/演示/PDF功能与操作，适合功能教程页,,700.0,,,第三方工具-社区SEO,1,
4180,pdf打印机,组件功能与教程,WPS PDF,WPS表格/文字/演示/PDF功能与操作，适合功能教程页,,1006.0,,,第三方工具-社区SEO,1,
4181,pdf 解密,组件功能与教程,WPS PDF,WPS表格/文字/演示/PDF功能与操作，适合功能教程页,,547.0,,,第三方工具-社区SEO,1,
4182,pdf在线压缩,组件功能与教程,WPS PDF,WPS表格/文字/演示/PDF功能与操作，适合功能教程页,,1019.0,,,第三方工具-社区SEO,1,
4183,编辑pdf,组件功能与教程,WPS PDF,WPS表格/文字/演示/PDF功能与操作，适合功能教程页,,1070.0,,,第三方工具-社区SEO,1,
4184,pdf加水印,组件功能与教程,WPS PDF,WPS表格/文字/演示/PDF功能与操作，适合功能教程页,,525.0,,,第三方工具-社区SEO,1,
4185,百年孤独pdf,组件功能与教程,WPS PDF,WPS表格/文字/演示/PDF功能与操作，适合功能教程页,,459.0,,,第三方工具-社区SEO,1,
4186,pdf在线合并,组件功能与教程,WPS PDF,WPS表格/文字/演示/PDF功能与操作，适合功能教程页,,492.0,,,第三方工具-社区SEO,1,
4187,pdf阅览器,组件功能与教程,WPS PDF,WPS表格/文字/演示/PDF功能与操作，适合功能教程页,,146.0,,,第三方工具-社区SEO,1,
4188,福昕pdf官网,组件功能与教程,WPS PDF,WPS表格/文字/演示/PDF功能与操作，适合功能教程页,,969.0,,,第三方工具-社区SEO,1,
4189,pdf转html,组件功能与教程,WPS PDF,WPS表格/文字/演示/PDF功能与操作，适合功能教程页,,204.0,,,第三方工具-社区SEO,1,
4190,pdf打开方式,组件功能与教程,WPS PDF,WPS表格/文字/演示/PDF功能与操作，适合功能教程页,,345.0,,,第三方工具-社区SEO,1,
4191,pdf文件修改,组件功能与教程,WPS PDF,WPS表格/文字/演示/PDF功能与操作，适合功能教程页,,286.0,,,第三方工具-社区SEO,1,
4192,pdf水印,组件功能与教程,WPS PDF,WPS表格/文字/演示/PDF功能与操作，适合功能教程页,,361.0,,,第三方工具-社区SEO,1,
4193,pdf文件用什么软件打开,组件功能与教程,WPS PDF,WPS表格/文字/演示/PDF功能与操作，适合功能教程页,,437.0,,,第三方工具-社区SEO,1,
4194,pdf转dwg,组件功能与教程,WPS PDF,WPS表格/文字/演示/PDF功能与操作，适合功能教程页,,124.0,,,第三方工具-社区SEO,1,
4195,福昕pdf破解版,组件功能与教程,WPS PDF,WPS表格/文字/演示/PDF功能与操作，适合功能教程页,,115.0,,,第三方工具-社区SEO,1,
4196,pdf修改器,组件功能与教程,WPS PDF,WPS表格/文字/演示/PDF功能与操作，适合功能教程页,,454.0,,,第三方工具-社区SEO,1,
4197,pdf盖章,组件功能与教程,WPS PDF,WPS表格/文字/演示/PDF功能与操作，适合功能教程页,,170.0,,,第三方工具-社区SEO,1,
4198,easy pdf,组件功能与教程,WPS PDF,WPS表格/文字/演示/PDF功能与操作，适合功能教程页,,195.0,,,第三方工具-社区SEO,1,
4199,pdf之家,组件功能与教程,WPS PDF,WPS表格/文字/演示/PDF功能与操作，适合功能教程页,,202.0,,,第三方工具-社区SEO,1,
4200,pdf阅读器adobe,组件功能与教程,WPS PDF,WPS表格/文字/演示/PDF功能与操作，适合功能教程页,,214.0,,,第三方工具-社区SEO,1,
4201,pdf看图软件,组件功能与教程,WPS PDF,WPS表格/文字/演示/PDF功能与操作，适合功能教程页,,142.0,,,第三方工具-社区SEO,1,
4202,pdf转doc,组件功能与教程,WPS PDF,WPS表格/文字/演示/PDF功能与操作，适合功能教程页,,370.0,,,第三方工具-社区SEO,1,
4203,pdf文件压缩,组件功能与教程,WPS PDF,WPS表格/文字/演示/PDF功能与操作，适合功能教程页,,146.0,,,第三方工具-社区SEO,1,
4204,pdf制作,组件功能与教程,WPS PDF,WPS表格/文字/演示/PDF功能与操作，适合功能教程页,,392.0,,,第三方工具-社区SEO,1,
4205,pdf合成,组件功能与教程,WPS PDF,WPS表格/文字/演示/PDF功能与操作，适合功能教程页,,99.0,,,第三方工具-社区SEO,1,
4206,pdf查看软件,组件功能与教程,WPS PDF,WPS表格/文字/演示/PDF功能与操作，适合功能教程页,,79.0,,,第三方工具-社区SEO,1,
4207,pdf转png,组件功能与教程,WPS PDF,WPS表格/文字/演示/PDF功能与操作，适合功能教程页,,79.0,,,第三方工具-社区SEO,1,
4208,双层pdf,组件功能与教程,WPS PDF,WPS表格/文字/演示/PDF功能与操作，适合功能教程页,,84.0,,,第三方工具-社区SEO,1,
4209,vue-pdf,组件功能与教程,WPS PDF,WPS表格/文字/演示/PDF功能与操作，适合功能教程页,,121.0,,,第三方工具-社区SEO,1,
4210,在线pdf,组件功能与教程,WPS PDF,WPS表格/文字/演示/PDF功能与操作，适合功能教程页,,93.0,,,第三方工具-社区SEO,1,
4211,pdf批量打印,组件功能与教程,WPS PDF,WPS表格/文字/演示/PDF功能与操作，适合功能教程页,,66.0,,,第三方工具-社区SEO,1,
4212,ps导出pdf,组件功能与教程,WPS PDF,WPS表格/文字/演示/PDF功能与操作，适合功能教程页,,68.0,,,第三方工具-社区SEO,1,
4213,pdf解析,组件功能与教程,WPS PDF,WPS表格/文字/演示/PDF功能与操作，适合功能教程页,,185.0,,,第三方工具-社区SEO,1,
4214,图片转为pdf,组件功能与教程,WPS PDF,WPS表格/文字/演示/PDF功能与操作，适合功能教程页,,129.0,,,第三方工具-社区SEO,1,
4215,pdf修改软件,组件功能与教程,WPS PDF,WPS表格/文字/演示/PDF功能与操作，适合功能教程页,,41.0,,,第三方工具-社区SEO,1,
4216,pdf用什么软件打开,组件功能与教程,WPS PDF,WPS表格/文字/演示/PDF功能与操作，适合功能教程页,,66.0,,,第三方工具-社区SEO,1,
4217,pdf查看,组件功能与教程,WPS PDF,WPS表格/文字/演示/PDF功能与操作，适合功能教程页,,50.0,,,第三方工具-社区SEO,1,
4218,pdf删除空白页,组件功能与教程,WPS PDF,WPS表格/文字/演示/PDF功能与操作，适合功能教程页,,81.0,,,第三方工具-社区SEO,1,
4219,pdf添加水印,组件功能与教程,WPS PDF,WPS表格/文字/演示/PDF功能与操作，适合功能教程页,,58.0,,,第三方工具-社区SEO,1,
4220,pdf在线拆分,组件功能与教程,WPS PDF,WPS表格/文字/演示/PDF功能与操作，适合功能教程页,,55.0,,,第三方工具-社区SEO,1,
4221,pdf拼接,组件功能与教程,WPS PDF,WPS表格/文字/演示/PDF功能与操作，适合功能教程页,,61.0,,,第三方工具-社区SEO,1,
4222,无需软件pdf转jpg格式,组件功能与教程,WPS PDF,WPS表格/文字/演示/PDF功能与操作，适合功能教程页,,50.0,,,第三方工具-社区SEO,1,
4223,pdf转jpg在线,组件功能与教程,WPS PDF,WPS表格/文字/演示/PDF功能与操作，适合功能教程页,,33.0,,,第三方工具-社区SEO,1,
4224,word插入pdf,组件功能与教程,WPS PDF,WPS表格/文字/演示/PDF功能与操作，适合功能教程页,,52.0,,,第三方工具-社区SEO,1,
4225,pdf打开软件,组件功能与教程,WPS PDF,WPS表格/文字/演示/PDF功能与操作，适合功能教程页,,52.0,,,第三方工具-社区SEO,1,
4226,毛选pdf,组件功能与教程,WPS PDF,WPS表格/文字/演示/PDF功能与操作，适合功能教程页,,54.0,,,第三方工具-社区SEO,1,
4227,极速pdf,组件功能与教程,WPS PDF,WPS表格/文字/演示/PDF功能与操作，适合功能教程页,,284.0,,,第三方工具-社区SEO,1,
4228,在线合并pdf,组件功能与教程,WPS PDF,WPS表格/文字/演示/PDF功能与操作，适合功能教程页,,55.0,,,第三方工具-社区SEO,1,
4229,pdf密码,组件功能与教程,WPS PDF,WPS表格/文字/演示/PDF功能与操作，适合功能教程页,,43.0,,,第三方工具-社区SEO,1,
4230,pdf缩小,组件功能与教程,WPS PDF,WPS表格/文字/演示/PDF功能与操作，适合功能教程页,,43.0,,,第三方工具-社区SEO,1,
4231,pdf合成一个文件,组件功能与教程,WPS PDF,WPS表格/文字/演示/PDF功能与操作，适合功能教程页,,40.0,,,第三方工具-社区SEO,1,
4232,pdf2cad,组件功能与教程,WPS PDF,WPS表格/文字/演示/PDF功能与操作，适合功能教程页,,183.0,,,第三方工具-社区SEO,1,
4233,pdf解除密码,组件功能与教程,WPS PDF,WPS表格/文字/演示/PDF功能与操作，适合功能教程页,,65.0,,,第三方工具-社区SEO,1,
4234,spire.pdf,组件功能与教程,WPS PDF,WPS表格/文字/演示/PDF功能与操作，适合功能教程页,,47.0,,,第三方工具-社区SEO,1,
4235,pdf打印,组件功能与教程,WPS PDF,WPS表格/文字/演示/PDF功能与操作，适合功能教程页,,832.0,,,第三方工具-社区SEO,1,
4236,压缩pdf,组件功能与教程,WPS PDF,WPS表格/文字/演示/PDF功能与操作，适合功能教程页,,264.0,,,第三方工具-社区SEO,1,
4237,FreePic2Pdf,组件功能与教程,WPS PDF,WPS表格/文字/演示/PDF功能与操作，适合功能教程页,,38.0,,,第三方工具-社区SEO,1,
4238,pdf破解,组件功能与教程,WPS PDF,WPS表格/文字/演示/PDF功能与操作，适合功能教程页,,54.0,,,第三方工具-社区SEO,1,
4239,pdf转化,组件功能与教程,WPS PDF,WPS表格/文字/演示/PDF功能与操作，适合功能教程页,,37.0,,,第三方工具-社区SEO,1,
4240,pdf裁剪,组件功能与教程,WPS PDF,WPS表格/文字/演示/PDF功能与操作，适合功能教程页,,41.0,,,第三方工具-社区SEO,1,
4241,pdf可以编辑吗,组件功能与教程,WPS PDF,WPS表格/文字/演示/PDF功能与操作，适合功能教程页,,36.0,,,第三方工具-社区SEO,1,
4242,html2pdf,组件功能与教程,WPS PDF,WPS表格/文字/演示/PDF功能与操作，适合功能教程页,,35.0,,,第三方工具-社区SEO,1,
4243,pdf导入cad,组件功能与教程,WPS PDF,WPS表格/文字/演示/PDF功能与操作，适合功能教程页,,34.0,,,第三方工具-社区SEO,1,
4244,马克思主义基本原理概论pdf,组件功能与教程,WPS PDF,WPS表格/文字/演示/PDF功能与操作，适合功能教程页,,44.0,,,第三方工具-社区SEO,1,
4245,pdf去除密码,组件功能与教程,WPS PDF,WPS表格/文字/演示/PDF功能与操作，适合功能教程页,,31.0,,,第三方工具-社区SEO,1,
4246,pdf翻译成中文,组件功能与教程,WPS PDF,WPS表格/文字/演示/PDF功能与操作，适合功能教程页,,207.0,,,第三方工具-社区SEO,1,
4247,cad输出为pdf,组件功能与教程,WPS PDF,WPS表格/文字/演示/PDF功能与操作，适合功能教程页,,33.0,,,第三方工具-社区SEO,1,
4248,pdf查看器,组件功能与教程,WPS PDF,WPS表格/文字/演示/PDF功能与操作，适合功能教程页,,391.0,,,第三方工具-社区SEO,1,
4249,pdf文件翻译,组件功能与教程,WPS PDF,WPS表格/文字/演示/PDF功能与操作，适合功能教程页,,33.0,,,第三方工具-社区SEO,1,
4250,pdf加页码,组件功能与教程,WPS PDF,WPS表格/文字/演示/PDF功能与操作，适合功能教程页,,49.0,,,第三方工具-社区SEO,1,
4251,pdf图片,组件功能与教程,WPS PDF,WPS表格/文字/演示/PDF功能与操作，适合功能教程页,,43.0,,,第三方工具-社区SEO,1,
4252,网页保存为pdf,组件功能与教程,WPS PDF,WPS表格/文字/演示/PDF功能与操作，适合功能教程页,,33.0,,,第三方工具-社区SEO,1,
4253,pdf文档翻译,组件功能与教程,WPS PDF,WPS表格/文字/演示/PDF功能与操作，适合功能教程页,,31.0,,,第三方工具-社区SEO,1,
4254,在线pdf转jpg,组件功能与教程,WPS PDF,WPS表格/文字/演示/PDF功能与操作，适合功能教程页,,30.0,,,第三方工具-社区SEO,1,
4255,pdf转cad在线,组件功能与教程,WPS PDF,WPS表格/文字/演示/PDF功能与操作，适合功能教程页,,35.0,,,第三方工具-社区SEO,1,
4256,pdf去除水印,组件功能与教程,WPS PDF,WPS表格/文字/演示/PDF功能与操作，适合功能教程页,,32.0,,,第三方工具-社区SEO,1,
4257,pdf转mobi,组件功能与教程,WPS PDF,WPS表格/文字/演示/PDF功能与操作，适合功能教程页,,31.0,,,第三方工具-社区SEO,1,
4258,cad导出pdf,组件功能与教程,WPS PDF,WPS表格/文字/演示/PDF功能与操作，适合功能教程页,,131.0,,,第三方工具-社区SEO,1,
4259,pdf去密码,组件功能与教程,WPS PDF,WPS表格/文字/演示/PDF功能与操作，适合功能教程页,,40.0,,,第三方工具-社区SEO,1,
4260,福昕pdf阅读器官网,组件功能与教程,WPS PDF,WPS表格/文字/演示/PDF功能与操作，适合功能教程页,,37.0,,,第三方工具-社区SEO,1,
4261,pdf转xml,组件功能与教程,WPS PDF,WPS表格/文字/演示/PDF功能与操作，适合功能教程页,,536.0,,,第三方工具-社区SEO,1,
4262,pdf插件,组件功能与教程,WPS PDF,WPS表格/文字/演示/PDF功能与操作，适合功能教程页,,39.0,,,第三方工具-社区SEO,1,
4263,pdf生成,组件功能与教程,WPS PDF,WPS表格/文字/演示/PDF功能与操作，适合功能教程页,,29.0,,,第三方工具-社区SEO,1,
4264,pdf文件编辑,组件功能与教程,WPS PDF,WPS表格/文字/演示/PDF功能与操作，适合功能教程页,,57.0,,,第三方工具-社区SEO,1,
4265,图片生成pdf,组件功能与教程,WPS PDF,WPS表格/文字/演示/PDF功能与操作，适合功能教程页,,32.0,,,第三方工具-社区SEO,1,
4266,pdf插入图片,组件功能与教程,WPS PDF,WPS表格/文字/演示/PDF功能与操作，适合功能教程页,,36.0,,,第三方工具-社区SEO,1,
4267,pdf转成图片,组件功能与教程,WPS PDF,WPS表格/文字/演示/PDF功能与操作，适合功能教程页,,28.0,,,第三方工具-社区SEO,1,
4268,pdf官网,组件功能与教程,WPS PDF,WPS表格/文字/演示/PDF功能与操作，适合功能教程页,,188.0,,,第三方工具-社区SEO,1,
4269,修改pdf文件中的文字,组件功能与教程,WPS PDF,WPS表格/文字/演示/PDF功能与操作，适合功能教程页,,26.0,,,第三方工具-社区SEO,1,
4270,压缩pdf文件大小,组件功能与教程,WPS PDF,WPS表格/文字/演示/PDF功能与操作，适合功能教程页,,154.0,,,第三方工具-社区SEO,1,
4271,图片转化为pdf,组件功能与教程,WPS PDF,WPS表格/文字/演示/PDF功能与操作，适合功能教程页,,31.0,,,第三方工具-社区SEO,1,
4272,考研英语二历年真题pdf,组件功能与教程,WPS PDF,WPS表格/文字/演示/PDF功能与操作，适合功能教程页,,25.0,,,第三方工具-社区SEO,1,
4273,pdf预览,组件功能与教程,WPS PDF,WPS表格/文字/演示/PDF功能与操作，适合功能教程页,,25.0,,,第三方工具-社区SEO,1,
4274,pdf电子书,组件功能与教程,WPS PDF,WPS表格/文字/演示/PDF功能与操作，适合功能教程页,,348.0,,,第三方工具-社区SEO,1,
4275,pdf删除页面,组件功能与教程,WPS PDF,WPS表格/文字/演示/PDF功能与操作，适合功能教程页,,24.0,,,第三方工具-社区SEO,1,
4276,福昕pdf激活码,组件功能与教程,WPS PDF,WPS表格/文字/演示/PDF功能与操作，适合功能教程页,,30.0,,,第三方工具-社区SEO,1,
4277,pdf解密工具,组件功能与教程,WPS PDF,WPS表格/文字/演示/PDF功能与操作，适合功能教程页,,22.0,,,第三方工具-社区SEO,1,
4278,pdf猫,组件功能与教程,WPS PDF,WPS表格/文字/演示/PDF功能与操作，适合功能教程页,,32.0,,,第三方工具-社区SEO,1,
4279,pdf添加页码,组件功能与教程,WPS PDF,WPS表格/文字/演示/PDF功能与操作，适合功能教程页,,27.0,,,第三方工具-社区SEO,1,
4280,ceb2pdf,组件功能与教程,WPS PDF,WPS表格/文字/演示/PDF功能与操作，适合功能教程页,,22.0,,,第三方工具-社区SEO,1,
4281,pdf转长图,组件功能与教程,WPS PDF,WPS表格/文字/演示/PDF功能与操作，适合功能教程页,,36.0,,,第三方工具-社区SEO,1,
4282,pdf转为图片,组件功能与教程,WPS PDF,WPS表格/文字/演示/PDF功能与操作，适合功能教程页,,28.0,,,第三方工具-社区SEO,1,
4283,党章  pdf,组件功能与教程,WPS PDF,WPS表格/文字/演示/PDF功能与操作，适合功能教程页,,26.0,,,第三方工具-社区SEO,1,
4284,批量打印pdf,组件功能与教程,WPS PDF,WPS表格/文字/演示/PDF功能与操作，适合功能教程页,,83.0,,,第三方工具-社区SEO,1,
4285,.pdf,组件功能与教程,WPS PDF,WPS表格/文字/演示/PDF功能与操作，适合功能教程页,,29.0,,,第三方工具-社区SEO,1,
4286,pdf文件合并成一个文件,组件功能与教程,WPS PDF,WPS表格/文字/演示/PDF功能与操作，适合功能教程页,,23.0,,,第三方工具-社区SEO,1,
4287,pdf字数统计,组件功能与教程,WPS PDF,WPS表格/文字/演示/PDF功能与操作，适合功能教程页,,22.0,,,第三方工具-社区SEO,1,
4288,爱pdf,组件功能与教程,WPS PDF,WPS表格/文字/演示/PDF功能与操作，适合功能教程页,,21.0,,,第三方工具-社区SEO,1,
4289,pdf转照片,组件功能与教程,WPS PDF,WPS表格/文字/演示/PDF功能与操作，适合功能教程页,,21.0,,,第三方工具-社区SEO,1,
4290,pdf转成jpg,组件功能与教程,WPS PDF,WPS表格/文字/演示/PDF功能与操作，适合功能教程页,,21.0,,,第三方工具-社区SEO,1,
4291,缩小pdf文件大小,组件功能与教程,WPS PDF,WPS表格/文字/演示/PDF功能与操作，适合功能教程页,,20.0,,,第三方工具-社区SEO,1,
4292,pdf解密软件,组件功能与教程,WPS PDF,WPS表格/文字/演示/PDF功能与操作，适合功能教程页,,157.0,,,第三方工具-社区SEO,1,
4293,PDF Shaper,组件功能与教程,WPS PDF,WPS表格/文字/演示/PDF功能与操作，适合功能教程页,,20.0,,,第三方工具-社区SEO,1,
4294,pdf转成word,组件功能与教程,WPS PDF,WPS表格/文字/演示/PDF功能与操作，适合功能教程页,,126.0,,,第三方工具-社区SEO,1,
4295,pdf文件解密,组件功能与教程,WPS PDF,WPS表格/文字/演示/PDF功能与操作，适合功能教程页,,133.0,,,第三方工具-社区SEO,1,
4296,pdf瘦身,组件功能与教程,WPS PDF,WPS表格/文字/演示/PDF功能与操作，适合功能教程页,,110.0,,,第三方工具-社区SEO,1,
4297,党章 pdf,组件功能与教程,WPS PDF,WPS表格/文字/演示/PDF功能与操作，适合功能教程页,,26.0,,,第三方工具-社区SEO,1,
4298,pdf文件加密,组件功能与教程,WPS PDF,WPS表格/文字/演示/PDF功能与操作，适合功能教程页,,19.0,,,第三方工具-社区SEO,1,
4299,cad导入pdf,组件功能与教程,WPS PDF,WPS表格/文字/演示/PDF功能与操作，适合功能教程页,,19.0,,,第三方工具-社区SEO,1,
4300,pdf怎样转成word,组件功能与教程,WPS PDF,WPS表格/文字/演示/PDF功能与操作，适合功能教程页,,,,,第三方工具-社区SEO,1,
4301,do pdf,组件功能与教程,WPS PDF,WPS表格/文字/演示/PDF功能与操作，适合功能教程页,,22.0,,,第三方工具-社区SEO,1,
4302,pdf在线合成,组件功能与教程,WPS PDF,WPS表格/文字/演示/PDF功能与操作，适合功能教程页,,18.0,,,第三方工具-社区SEO,1,
4303,在线pdf转cad,组件功能与教程,WPS PDF,WPS表格/文字/演示/PDF功能与操作，适合功能教程页,,18.0,,,第三方工具-社区SEO,1,
4304,istyle pdf,组件功能与教程,WPS PDF,WPS表格/文字/演示/PDF功能与操作，适合功能教程页,,17.0,,,第三方工具-社区SEO,1,
4305,adobe pdf 破解版,组件功能与教程,WPS PDF,WPS表格/文字/演示/PDF功能与操作，适合功能教程页,,17.0,,,第三方工具-社区SEO,1,
4306,pdf扫描,组件功能与教程,WPS PDF,WPS表格/文字/演示/PDF功能与操作，适合功能教程页,,22.0,,,第三方工具-社区SEO,1,
4307,pdf旋转,组件功能与教程,WPS PDF,WPS表格/文字/演示/PDF功能与操作，适合功能教程页,,21.0,,,第三方工具-社区SEO,1,
4308,pdf解密在线,组件功能与教程,WPS PDF,WPS表格/文字/演示/PDF功能与操作，适合功能教程页,,18.0,,,第三方工具-社区SEO,1,
4309,pdf宝,组件功能与教程,WPS PDF,WPS表格/文字/演示/PDF功能与操作，适合功能教程页,,17.0,,,第三方工具-社区SEO,1,
4310,pdf全文翻译,组件功能与教程,WPS PDF,WPS表格/文字/演示/PDF功能与操作，适合功能教程页,,17.0,,,第三方工具-社区SEO,1,
4311,PDF阅读软件,组件功能与教程,WPS PDF,WPS表格/文字/演示/PDF功能与操作，适合功能教程页,,136.0,,,第三方工具-社区SEO,1,
4312,考研英语一历年真题pdf,组件功能与教程,WPS PDF,WPS表格/文字/演示/PDF功能与操作，适合功能教程页,,44.0,,,第三方工具-社区SEO,1,
4313,好用的pdf阅读器,组件功能与教程,WPS PDF,WPS表格/文字/演示/PDF功能与操作，适合功能教程页,,21.0,,,第三方工具-社区SEO,1,
4314,pdf签字,组件功能与教程,WPS PDF,WPS表格/文字/演示/PDF功能与操作，适合功能教程页,,16.0,,,第三方工具-社区SEO,1,
4315,pdf破解版,组件功能与教程,WPS PDF,WPS表格/文字/演示/PDF功能与操作，适合功能教程页,,146.0,,,第三方工具-社区SEO,1,
4316,pdf转曲,组件功能与教程,WPS PDF,WPS表格/文字/演示/PDF功能与操作，适合功能教程页,,70.0,,,第三方工具-社区SEO,1,
4317,pdf导出为图片,组件功能与教程,WPS PDF,WPS表格/文字/演示/PDF功能与操作，适合功能教程页,,30.0,,,第三方工具-社区SEO,1,
4318,修改pdf,组件功能与教程,WPS PDF,WPS表格/文字/演示/PDF功能与操作，适合功能教程页,,20.0,,,第三方工具-社区SEO,1,
4319,pdf转cad软件,组件功能与教程,WPS PDF,WPS表格/文字/演示/PDF功能与操作，适合功能教程页,,17.0,,,第三方工具-社区SEO,1,
4320,pdf阅读器破解版,组件功能与教程,WPS PDF,WPS表格/文字/演示/PDF功能与操作，适合功能教程页,,17.0,,,第三方工具-社区SEO,1,
4321,PDF工具箱,组件功能与教程,WPS PDF,WPS表格/文字/演示/PDF功能与操作，适合功能教程页,,16.0,,,第三方工具-社区SEO,1,
4322,pdf文件在线压缩,组件功能与教程,WPS PDF,WPS表格/文字/演示/PDF功能与操作，适合功能教程页,,15.0,,,第三方工具-社区SEO,1,
4323,拆分pdf,组件功能与教程,WPS PDF,WPS表格/文字/演示/PDF功能与操作，适合功能教程页,,126.0,,,第三方工具-社区SEO,1,
4324,pdf签名,组件功能与教程,WPS PDF,WPS表格/文字/演示/PDF功能与操作，适合功能教程页,,34.0,,,第三方工具-社区SEO,1,
4325,福pdf,组件功能与教程,WPS PDF,WPS表格/文字/演示/PDF功能与操作，适合功能教程页,,16.0,,,第三方工具-社区SEO,1,
4326,被讨厌的勇气pdf,组件功能与教程,WPS PDF,WPS表格/文字/演示/PDF功能与操作，适合功能教程页,,15.0,,,第三方工具-社区SEO,1,
4327,2345pdf阅读器,组件功能与教程,WPS PDF,WPS表格/文字/演示/PDF功能与操作，适合功能教程页,,26.0,,,第三方工具-社区SEO,1,
4328,图片合并pdf,组件功能与教程,WPS PDF,WPS表格/文字/演示/PDF功能与操作，适合功能教程页,,19.0,,,第三方工具-社区SEO,1,
4329,pdf修复,组件功能与教程,WPS PDF,WPS表格/文字/演示/PDF功能与操作，适合功能教程页,,19.0,,,第三方工具-社区SEO,1,
4330,pdf分页,组件功能与教程,WPS PDF,WPS表格/文字/演示/PDF功能与操作，适合功能教程页,,14.0,,,第三方工具-社区SEO,1,
4331,黄帝内经pdf,组件功能与教程,WPS PDF,WPS表格/文字/演示/PDF功能与操作，适合功能教程页,,14.0,,,第三方工具-社区SEO,1,
4332,pdf转化器,组件功能与教程,WPS PDF,WPS表格/文字/演示/PDF功能与操作，适合功能教程页,,14.0,,,第三方工具-社区SEO,1,
4333,pdf转化为jpg,组件功能与教程,WPS PDF,WPS表格/文字/演示/PDF功能与操作，适合功能教程页,,14.0,,,第三方工具-社区SEO,1,
4334,word中插入pdf,组件功能与教程,WPS PDF,WPS表格/文字/演示/PDF功能与操作，适合功能教程页,,14.0,,,第三方工具-社区SEO,1,
4335,pdf转jpg,组件功能与教程,WPS PDF,WPS表格/文字/演示/PDF功能与操作，适合功能教程页,,,,,第三方工具-社区SEO,1,
4336,pdf2doc,组件功能与教程,WPS PDF,WPS表格/文字/演示/PDF功能与操作，适合功能教程页,,17.0,,,第三方工具-社区SEO,1,
4337,打开pdf,组件功能与教程,WPS PDF,WPS表格/文字/演示/PDF功能与操作，适合功能教程页,,15.0,,,第三方工具-社区SEO,1,
4338,pdf增效工具,组件功能与教程,WPS PDF,WPS表格/文字/演示/PDF功能与操作，适合功能教程页,,14.0,,,第三方工具-社区SEO,1,
4339,pdf图标,组件功能与教程,WPS PDF,WPS表格/文字/演示/PDF功能与操作，适合功能教程页,,28.0,,,第三方工具-社区SEO,1,
4340,pdf电子签名,组件功能与教程,WPS PDF,WPS表格/文字/演示/PDF功能与操作，适合功能教程页,,21.0,,,第三方工具-社区SEO,1,
4341,股票大作手回忆录pdf,组件功能与教程,WPS PDF,WPS表格/文字/演示/PDF功能与操作，适合功能教程页,,16.0,,,第三方工具-社区SEO,1,
4342,图片转成pdf,组件功能与教程,WPS PDF,WPS表格/文字/演示/PDF功能与操作，适合功能教程页,,16.0,,,第三方工具-社区SEO,1,
4343,pdf打不开,组件功能与教程,WPS PDF,WPS表格/文字/演示/PDF功能与操作，适合功能教程页,,14.0,,,第三方工具-社区SEO,1,
4344,pdf阅读器 破解版,组件功能与教程,WPS PDF,WPS表格/文字/演示/PDF功能与操作，适合功能教程页,,13.0,,,第三方工具-社区SEO,1,
4345,360pdf,组件功能与教程,WPS PDF,WPS表格/文字/演示/PDF功能与操作，适合功能教程页,,12.0,,,第三方工具-社区SEO,1,
4346,Aspose.Pdf,组件功能与教程,WPS PDF,WPS表格/文字/演示/PDF功能与操作，适合功能教程页,,12.0,,,第三方工具-社区SEO,1,
4347,pdf打开,组件功能与教程,WPS PDF,WPS表格/文字/演示/PDF功能与操作，适合功能教程页,,12.0,,,第三方工具-社区SEO,1,
4348,生成pdf,组件功能与教程,WPS PDF,WPS表格/文字/演示/PDF功能与操作，适合功能教程页,,12.0,,,第三方工具-社区SEO,1,
4349,pdf 在线解密,组件功能与教程,WPS PDF,WPS表格/文字/演示/PDF功能与操作，适合功能教程页,,134.0,,,第三方工具-社区SEO,1,
4350,pdf快速看图,组件功能与教程,WPS PDF,WPS表格/文字/演示/PDF功能与操作，适合功能教程页,,126.0,,,第三方工具-社区SEO,1,
4351,pdf在线,组件功能与教程,WPS PDF,WPS表格/文字/演示/PDF功能与操作，适合功能教程页,,68.0,,,第三方工具-社区SEO,1,
4352,pdf打码,组件功能与教程,WPS PDF,WPS表格/文字/演示/PDF功能与操作，适合功能教程页,,19.0,,,第三方工具-社区SEO,1,
4353,xps 转 pdf,组件功能与教程,WPS PDF,WPS表格/文字/演示/PDF功能与操作，适合功能教程页,,18.0,,,第三方工具-社区SEO,1,
4354,压缩pdf大小,组件功能与教程,WPS PDF,WPS表格/文字/演示/PDF功能与操作，适合功能教程页,,16.0,,,第三方工具-社区SEO,1,
4355,pdf转base64,组件功能与教程,WPS PDF,WPS表格/文字/演示/PDF功能与操作，适合功能教程页,,15.0,,,第三方工具-社区SEO,1,
4356,乡土中国 pdf,组件功能与教程,WPS PDF,WPS表格/文字/演示/PDF功能与操作，适合功能教程页,,13.0,,,第三方工具-社区SEO,1,
4357,pdf替换其中一页,组件功能与教程,WPS PDF,WPS表格/文字/演示/PDF功能与操作，适合功能教程页,,13.0,,,第三方工具-社区SEO,1,
4358,pdf卡片数据库,组件功能与教程,WPS PDF,WPS表格/文字/演示/PDF功能与操作，适合功能教程页,,13.0,,,第三方工具-社区SEO,1,
4359,电子书pdf,组件功能与教程,WPS PDF,WPS表格/文字/演示/PDF功能与操作，适合功能教程页,,13.0,,,第三方工具-社区SEO,1,
4360,压缩pdf文件,组件功能与教程,WPS PDF,WPS表格/文字/演示/PDF功能与操作，适合功能教程页,,13.0,,,第三方工具-社区SEO,1,
4361,pdf文件拆分,组件功能与教程,WPS PDF,WPS表格/文字/演示/PDF功能与操作，适合功能教程页,,13.0,,,第三方工具-社区SEO,1,
4362,六级真题pdf,组件功能与教程,WPS PDF,WPS表格/文字/演示/PDF功能与操作，适合功能教程页,,12.0,,,第三方工具-社区SEO,1,
4363,pdf密码解除,组件功能与教程,WPS PDF,WPS表格/文字/演示/PDF功能与操作，适合功能教程页,,12.0,,,第三方工具-社区SEO,1,
4364,pdf生成二维码,组件功能与教程,WPS PDF,WPS表格/文字/演示/PDF功能与操作，适合功能教程页,,12.0,,,第三方工具-社区SEO,1,
4365,cad打印pdf,组件功能与教程,WPS PDF,WPS表格/文字/演示/PDF功能与操作，适合功能教程页,,12.0,,,第三方工具-社区SEO,1,
4366,合并pdf文件,组件功能与教程,WPS PDF,WPS表格/文字/演示/PDF功能与操作，适合功能教程页,,12.0,,,第三方工具-社区SEO,1,
4367,pdf转成cad,组件功能与教程,WPS PDF,WPS表格/文字/演示/PDF功能与操作，适合功能教程页,,12.0,,,第三方工具-社区SEO,1,
4368,日本蜡烛图技术pdf,组件功能与教程,WPS PDF,WPS表格/文字/演示/PDF功能与操作，适合功能教程页,,134.0,,,第三方工具-社区SEO,1,
4369,风云pdf,组件功能与教程,WPS PDF,WPS表格/文字/演示/PDF功能与操作，适合功能教程页,,32.0,,,第三方工具-社区SEO,1,
4370,pdf补丁丁,组件功能与教程,WPS PDF,WPS表格/文字/演示/PDF功能与操作，适合功能教程页,,24.0,,,第三方工具-社区SEO,1,
4371,pdf帝,组件功能与教程,WPS PDF,WPS表格/文字/演示/PDF功能与操作，适合功能教程页,,21.0,,,第三方工具-社区SEO,1,
4372,pdf插入页码,组件功能与教程,WPS PDF,WPS表格/文字/演示/PDF功能与操作，适合功能教程页,,16.0,,,第三方工具-社区SEO,1,
4373,java生成pdf,组件功能与教程,WPS PDF,WPS表格/文字/演示/PDF功能与操作，适合功能教程页,,16.0,,,第三方工具-社区SEO,1,
4374,pdf翻译器,组件功能与教程,WPS PDF,WPS表格/文字/演示/PDF功能与操作，适合功能教程页,,16.0,,,第三方工具-社区SEO,1,
4375,pdf大师,组件功能与教程,WPS PDF,WPS表格/文字/演示/PDF功能与操作，适合功能教程页,,13.0,,,第三方工具-社区SEO,1,
4376,PDF417,组件功能与教程,WPS PDF,WPS表格/文字/演示/PDF功能与操作，适合功能教程页,,12.0,,,第三方工具-社区SEO,1,
4377,pdf全称,组件功能与教程,WPS PDF,WPS表格/文字/演示/PDF功能与操作，适合功能教程页,,12.0,,,第三方工具-社区SEO,1,
4378,pdf切割,组件功能与教程,WPS PDF,WPS表格/文字/演示/PDF功能与操作，适合功能教程页,,11.0,,,第三方工具-社区SEO,1,
4379,福昕高级pdf,组件功能与教程,WPS PDF,WPS表格/文字/演示/PDF功能与操作，适合功能教程页,,11.0,,,第三方工具-社区SEO,1,
4380,福昕pdf破解,组件功能与教程,WPS PDF,WPS表格/文字/演示/PDF功能与操作，适合功能教程页,,11.0,,,第三方工具-社区SEO,1,
4381,pdf转为word,组件功能与教程,WPS PDF,WPS表格/文字/演示/PDF功能与操作，适合功能教程页,,29.0,,,第三方工具-社区SEO,1,
4382,我爱pdf,组件功能与教程,WPS PDF,WPS表格/文字/演示/PDF功能与操作，适合功能教程页,,1.0,,,第三方工具-社区SEO,1,
4383,pdf在线解密,组件功能与教程,WPS PDF,WPS表格/文字/演示/PDF功能与操作，适合功能教程页,,123.0,,,第三方工具-社区SEO,1,
4384,pdf修改编辑文字,组件功能与教程,WPS PDF,WPS表格/文字/演示/PDF功能与操作，适合功能教程页,,100.0,,,第三方工具-社区SEO,1,
4385,pdf文件合并,组件功能与教程,WPS PDF,WPS表格/文字/演示/PDF功能与操作，适合功能教程页,,63.0,,,第三方工具-社区SEO,1,
4386,cad导出黑白pdf,组件功能与教程,WPS PDF,WPS表格/文字/演示/PDF功能与操作，适合功能教程页,,13.0,,,第三方工具-社区SEO,1,
4387,迅捷pdf阅读器,组件功能与教程,WPS PDF,WPS表格/文字/演示/PDF功能与操作，适合功能教程页,,13.0,,,第三方工具-社区SEO,1,
4388,资本论pdf,组件功能与教程,WPS PDF,WPS表格/文字/演示/PDF功能与操作，适合功能教程页,,12.0,,,第三方工具-社区SEO,1,
4389,pdf朗读,组件功能与教程,WPS PDF,WPS表格/文字/演示/PDF功能与操作，适合功能教程页,,11.0,,,第三方工具-社区SEO,1,
4390,pdf大小压缩,组件功能与教程,WPS PDF,WPS表格/文字/演示/PDF功能与操作，适合功能教程页,,11.0,,,第三方工具-社区SEO,1,
4391,pdf马赛克,组件功能与教程,WPS PDF,WPS表格/文字/演示/PDF功能与操作，适合功能教程页,,11.0,,,第三方工具-社区SEO,1,
4392,pdf在线工具,组件功能与教程,WPS PDF,WPS表格/文字/演示/PDF功能与操作，适合功能教程页,,10.0,,,第三方工具-社区SEO,1,
4393,pdf打马赛克,组件功能与教程,WPS PDF,WPS表格/文字/演示/PDF功能与操作，适合功能教程页,,10.0,,,第三方工具-社区SEO,1,
4394,pdf另存为jpg,组件功能与教程,WPS PDF,WPS表格/文字/演示/PDF功能与操作，适合功能教程页,,10.0,,,第三方工具-社区SEO,1,
4395,在线pdf解密,组件功能与教程,WPS PDF,WPS表格/文字/演示/PDF功能与操作，适合功能教程页,,10.0,,,第三方工具-社区SEO,1,
4396,pdf加马赛克,组件功能与教程,WPS PDF,WPS表格/文字/演示/PDF功能与操作，适合功能教程页,,10.0,,,第三方工具-社区SEO,1,
4397,pdf转svg,组件功能与教程,WPS PDF,WPS表格/文字/演示/PDF功能与操作，适合功能教程页,,10.0,,,第三方工具-社区SEO,1,
4398,初级会计实务电子书pdf,组件功能与教程,WPS PDF,WPS表格/文字/演示/PDF功能与操作，适合功能教程页,,6.0,,,第三方工具-社区SEO,1,
4399,迅捷pdf官网,组件功能与教程,WPS PDF,WPS表格/文字/演示/PDF功能与操作，适合功能教程页,,15.0,,,第三方工具-社区SEO,1,
4400,python编程从入门到实践pdf,组件功能与教程,WPS PDF,WPS表格/文字/演示/PDF功能与操作，适合功能教程页,,12.0,,,第三方工具-社区SEO,1,
4401,微软pdf,组件功能与教程,WPS PDF,WPS表格/文字/演示/PDF功能与操作，适合功能教程页,,11.0,,,第三方工具-社区SEO,1,
4402,pdf生成目录,组件功能与教程,WPS PDF,WPS表格/文字/演示/PDF功能与操作，适合功能教程页,,11.0,,,第三方工具-社区SEO,1,
4403,doc 转 pdf,组件功能与教程,WPS PDF,WPS表格/文字/演示/PDF功能与操作，适合功能教程页,,11.0,,,第三方工具-社区SEO,1,
4404,pdf转文档,组件功能与教程,WPS PDF,WPS表格/文字/演示/PDF功能与操作，适合功能教程页,,11.0,,,第三方工具-社区SEO,1,
4405,pdf取消密码,组件功能与教程,WPS PDF,WPS表格/文字/演示/PDF功能与操作，适合功能教程页,,11.0,,,第三方工具-社区SEO,1,
4406,百年孤独 pdf,组件功能与教程,WPS PDF,WPS表格/文字/演示/PDF功能与操作，适合功能教程页,,10.0,,,第三方工具-社区SEO,1,
4407,pdf转dxf,组件功能与教程,WPS PDF,WPS表格/文字/演示/PDF功能与操作，适合功能教程页,,10.0,,,第三方工具-社区SEO,1,
4408,加加pdf,组件功能与教程,WPS PDF,WPS表格/文字/演示/PDF功能与操作，适合功能教程页,,10.0,,,第三方工具-社区SEO,1,
4409,pdf2word,组件功能与教程,WPS PDF,WPS表格/文字/演示/PDF功能与操作，适合功能教程页,,132.0,,,第三方工具-社区SEO,1,
4410,pdf解锁,组件功能与教程,WPS PDF,WPS表格/文字/演示/PDF功能与操作，适合功能教程页,,48.0,,,第三方工具-社区SEO,1,
4411,pdf 制作,组件功能与教程,WPS PDF,WPS表格/文字/演示/PDF功能与操作，适合功能教程页,,22.0,,,第三方工具-社区SEO,1,
4412,pdf在线修改,组件功能与教程,WPS PDF,WPS表格/文字/演示/PDF功能与操作，适合功能教程页,,18.0,,,第三方工具-社区SEO,1,
4413,资治通鉴pdf,组件功能与教程,WPS PDF,WPS表格/文字/演示/PDF功能与操作，适合功能教程页,,12.0,,,第三方工具-社区SEO,1,
4414,中国历代政治得失pdf,组件功能与教程,WPS PDF,WPS表格/文字/演示/PDF功能与操作，适合功能教程页,,12.0,,,第三方工具-社区SEO,1,
4415,pdf在线分割,组件功能与教程,WPS PDF,WPS表格/文字/演示/PDF功能与操作，适合功能教程页,,10.0,,,第三方工具-社区SEO,1,
4416,悉达多pdf,组件功能与教程,WPS PDF,WPS表格/文字/演示/PDF功能与操作，适合功能教程页,,9.0,,,第三方工具-社区SEO,1,
4417,刻意练习 pdf,组件功能与教程,WPS PDF,WPS表格/文字/演示/PDF功能与操作，适合功能教程页,,9.0,,,第三方工具-社区SEO,1,
4418,i2pdf,组件功能与教程,WPS PDF,WPS表格/文字/演示/PDF功能与操作，适合功能教程页,,9.0,,,第三方工具-社区SEO,1,
4419,新概念英语pdf,组件功能与教程,WPS PDF,WPS表格/文字/演示/PDF功能与操作，适合功能教程页,,9.0,,,第三方工具-社区SEO,1,
4420,添加pdf打印机,组件功能与教程,WPS PDF,WPS表格/文字/演示/PDF功能与操作，适合功能教程页,,9.0,,,第三方工具-社区SEO,1,
4421,pdf骑缝章,组件功能与教程,WPS PDF,WPS表格/文字/演示/PDF功能与操作，适合功能教程页,,9.0,,,第三方工具-社区SEO,1,
4422,pdf裁剪页面,组件功能与教程,WPS PDF,WPS表格/文字/演示/PDF功能与操作，适合功能教程页,,9.0,,,第三方工具-社区SEO,1,
4423,pdf阅读,组件功能与教程,WPS PDF,WPS表格/文字/演示/PDF功能与操作，适合功能教程页,,,,,第三方工具-社区SEO,1,
4424,pdf 转 epub,组件功能与教程,WPS PDF,WPS表格/文字/演示/PDF功能与操作，适合功能教程页,,68.0,,,第三方工具-社区SEO,1,
4425,pdf福昕,组件功能与教程,WPS PDF,WPS表格/文字/演示/PDF功能与操作，适合功能教程页,,61.0,,,第三方工具-社区SEO,1,
4426,pdf翻译软件,组件功能与教程,WPS PDF,WPS表格/文字/演示/PDF功能与操作，适合功能教程页,,19.0,,,第三方工具-社区SEO,1,
4427,悦书pdf阅读器,组件功能与教程,WPS PDF,WPS表格/文字/演示/PDF功能与操作，适合功能教程页,,18.0,,,第三方工具-社区SEO,1,
4428,pdf能编辑吗,组件功能与教程,WPS PDF,WPS表格/文字/演示/PDF功能与操作，适合功能教程页,,14.0,,,第三方工具-社区SEO,1,
4429,红楼梦pdf,组件功能与教程,WPS PDF,WPS表格/文字/演示/PDF功能与操作，适合功能教程页,,11.0,,,第三方工具-社区SEO,1,
4430,pdf文档合并,组件功能与教程,WPS PDF,WPS表格/文字/演示/PDF功能与操作，适合功能教程页,,11.0,,,第三方工具-社区SEO,1,
4431,pdf 增加水印,组件功能与教程,WPS PDF,WPS表格/文字/演示/PDF功能与操作，适合功能教程页,,10.0,,,第三方工具-社区SEO,1,
4432,pdf解锁工具,组件功能与教程,WPS PDF,WPS表格/文字/演示/PDF功能与操作，适合功能教程页,,9.0,,,第三方工具-社区SEO,1,
4433,pdf-viewer,组件功能与教程,WPS PDF,WPS表格/文字/演示/PDF功能与操作，适合功能教程页,,9.0,,,第三方工具-社区SEO,1,
4434,cad输出pdf,组件功能与教程,WPS PDF,WPS表格/文字/演示/PDF功能与操作，适合功能教程页,,9.0,,,第三方工具-社区SEO,1,
4435,将网页保存为pdf,组件功能与教程,WPS PDF,WPS表格/文字/演示/PDF功能与操作，适合功能教程页,,8.0,,,第三方工具-社区SEO,1,
4436,劳动法 pdf,组件功能与教程,WPS PDF,WPS表格/文字/演示/PDF功能与操作，适合功能教程页,,8.0,,,第三方工具-社区SEO,1,
4437,99pdf,组件功能与教程,WPS PDF,WPS表格/文字/演示/PDF功能与操作，适合功能教程页,,8.0,,,第三方工具-社区SEO,1,
4438,邓小平时代 pdf,组件功能与教程,WPS PDF,WPS表格/文字/演示/PDF功能与操作，适合功能教程页,,8.0,,,第三方工具-社区SEO,1,
4439,打印pdf,组件功能与教程,WPS PDF,WPS表格/文字/演示/PDF功能与操作，适合功能教程页,,8.0,,,第三方工具-社区SEO,1,
4440,图片pdf,组件功能与教程,WPS PDF,WPS表格/文字/演示/PDF功能与操作，适合功能教程页,,8.0,,,第三方工具-社区SEO,1,
4441,pdf删除,组件功能与教程,WPS PDF,WPS表格/文字/演示/PDF功能与操作，适合功能教程页,,8.0,,,第三方工具-社区SEO,1,
4442,pdf浏览,组件功能与教程,WPS PDF,WPS表格/文字/演示/PDF功能与操作，适合功能教程页,,8.0,,,第三方工具-社区SEO,1,
4443,pdf目录,组件功能与教程,WPS PDF,WPS表格/文字/演示/PDF功能与操作，适合功能教程页,,8.0,,,第三方工具-社区SEO,1,
4444,word转为pdf,组件功能与教程,WPS PDF,WPS表格/文字/演示/PDF功能与操作，适合功能教程页,,121.0,,,第三方工具-社区SEO,1,
4445,pdf软件,组件功能与教程,WPS PDF,WPS表格/文字/演示/PDF功能与操作，适合功能教程页,,,,,第三方工具-社区SEO,1,
4446,极速PDF阅读器,组件功能与教程,WPS PDF,WPS表格/文字/演示/PDF功能与操作，适合功能教程页,,,,,第三方工具-社区SEO,1,
4447,pdf分割,组件功能与教程,WPS PDF,WPS表格/文字/演示/PDF功能与操作，适合功能教程页,,121.0,,,第三方工具-社区SEO,1,
4448,在线压缩pdf,组件功能与教程,WPS PDF,WPS表格/文字/演示/PDF功能与操作，适合功能教程页,,66.0,,,第三方工具-社区SEO,1,
4449,穷查理宝典 pdf,组件功能与教程,WPS PDF,WPS表格/文字/演示/PDF功能与操作，适合功能教程页,,45.0,,,第三方工具-社区SEO,1,
4450,扫描pdf,组件功能与教程,WPS PDF,WPS表格/文字/演示/PDF功能与操作，适合功能教程页,,15.0,,,第三方工具-社区SEO,1,
4451,pdf导出图片,组件功能与教程,WPS PDF,WPS表格/文字/演示/PDF功能与操作，适合功能教程页,,14.0,,,第三方工具-社区SEO,1,
4452,怎样压缩pdf文件,组件功能与教程,WPS PDF,WPS表格/文字/演示/PDF功能与操作，适合功能教程页,,13.0,,,第三方工具-社区SEO,1,
4453,永中pdf,组件功能与教程,WPS PDF,WPS表格/文字/演示/PDF功能与操作，适合功能教程页,,8.0,,,第三方工具-社区SEO,1,
4454,pdf书签,组件功能与教程,WPS PDF,WPS表格/文字/演示/PDF功能与操作，适合功能教程页,,7.0,,,第三方工具-社区SEO,1,
4455,pdf搜索,组件功能与教程,WPS PDF,WPS表格/文字/演示/PDF功能与操作，适合功能教程页,,7.0,,,第三方工具-社区SEO,1,
4456,pdf双面打印,组件功能与教程,WPS PDF,WPS表格/文字/演示/PDF功能与操作，适合功能教程页,,7.0,,,第三方工具-社区SEO,1,
4457,好用的pdf,组件功能与教程,WPS PDF,WPS表格/文字/演示/PDF功能与操作，适合功能教程页,,7.0,,,第三方工具-社区SEO,1,
4458,pdf加密码,组件功能与教程,WPS PDF,WPS表格/文字/演示/PDF功能与操作，适合功能教程页,,7.0,,,第三方工具-社区SEO,1,
4459,pdf转黑白,组件功能与教程,WPS PDF,WPS表格/文字/演示/PDF功能与操作，适合功能教程页,,7.0,,,第三方工具-社区SEO,1,
4460,pdf在线预览,组件功能与教程,WPS PDF,WPS表格/文字/演示/PDF功能与操作，适合功能教程页,,7.0,,,第三方工具-社区SEO,1,
4461,pdf解码,组件功能与教程,WPS PDF,WPS表格/文字/演示/PDF功能与操作，适合功能教程页,,7.0,,,第三方工具-社区SEO,1,
4462,pdf权限密码,组件功能与教程,WPS PDF,WPS表格/文字/演示/PDF功能与操作，适合功能教程页,,7.0,,,第三方工具-社区SEO,1,
4463,pdf橡皮擦,组件功能与教程,WPS PDF,WPS表格/文字/演示/PDF功能与操作，适合功能教程页,,7.0,,,第三方工具-社区SEO,1,
4464,悦书pdf,组件功能与教程,WPS PDF,WPS表格/文字/演示/PDF功能与操作，适合功能教程页,,7.0,,,第三方工具-社区SEO,1,
4465,网页另存为pdf,组件功能与教程,WPS PDF,WPS表格/文字/演示/PDF功能与操作，适合功能教程页,,7.0,,,第三方工具-社区SEO,1,
4466,pdf文字编辑,组件功能与教程,WPS PDF,WPS表格/文字/演示/PDF功能与操作，适合功能教程页,,7.0,,,第三方工具-社区SEO,1,
4467,pdf文件加水印,组件功能与教程,WPS PDF,WPS表格/文字/演示/PDF功能与操作，适合功能教程页,,7.0,,,第三方工具-社区SEO,1,
4468,迅捷pdf转cad,组件功能与教程,WPS PDF,WPS表格/文字/演示/PDF功能与操作，适合功能教程页,,7.0,,,第三方工具-社区SEO,1,
4469,乌合之众 pdf,组件功能与教程,WPS PDF,WPS表格/文字/演示/PDF功能与操作，适合功能教程页,,7.0,,,第三方工具-社区SEO,1,
4470,在线拆分pdf,组件功能与教程,WPS PDF,WPS表格/文字/演示/PDF功能与操作，适合功能教程页,,7.0,,,第三方工具-社区SEO,1,
4471,万历十五年pdf,组件功能与教程,WPS PDF,WPS表格/文字/演示/PDF功能与操作，适合功能教程页,,7.0,,,第三方工具-社区SEO,1,
4472,pdf转化为word,组件功能与教程,WPS PDF,WPS表格/文字/演示/PDF功能与操作，适合功能教程页,,121.0,,,第三方工具-社区SEO,1,
4473,pdf插入word,组件功能与教程,WPS PDF,WPS表格/文字/演示/PDF功能与操作，适合功能教程页,,7.0,,,第三方工具-社区SEO,1,
4474,pdf转epub,组件功能与教程,WPS PDF,WPS表格/文字/演示/PDF功能与操作，适合功能教程页,,121.0,,,第三方工具-社区SEO,1,
4475,pdf转,组件功能与教程,WPS PDF,WPS表格/文字/演示/PDF功能与操作，适合功能教程页,,68.0,,,第三方工具-社区SEO,1,
4476,pdf拼接合并,组件功能与教程,WPS PDF,WPS表格/文字/演示/PDF功能与操作，适合功能教程页,,22.0,,,第三方工具-社区SEO,1,
4477,pdf格式文件,组件功能与教程,WPS PDF,WPS表格/文字/演示/PDF功能与操作，适合功能教程页,,13.0,,,第三方工具-社区SEO,1,
4478,cad保存为pdf,组件功能与教程,WPS PDF,WPS表格/文字/演示/PDF功能与操作，适合功能教程页,,12.0,,,第三方工具-社区SEO,1,
4479,金字塔原理pdf,组件功能与教程,WPS PDF,WPS表格/文字/演示/PDF功能与操作，适合功能教程页,,10.0,,,第三方工具-社区SEO,1,
4480,普林斯顿微积分读本pdf,组件功能与教程,WPS PDF,WPS表格/文字/演示/PDF功能与操作，适合功能教程页,,9.0,,,第三方工具-社区SEO,1,
4481,pdf转化为图片,组件功能与教程,WPS PDF,WPS表格/文字/演示/PDF功能与操作，适合功能教程页,,9.0,,,第三方工具-社区SEO,1,
4482,在线翻译pdf,组件功能与教程,WPS PDF,WPS表格/文字/演示/PDF功能与操作，适合功能教程页,,8.0,,,第三方工具-社区SEO,1,
4483,pdf 转 eps,组件功能与教程,WPS PDF,WPS表格/文字/演示/PDF功能与操作，适合功能教程页,,8.0,,,第三方工具-社区SEO,1,
4484,漫画pdf,组件功能与教程,WPS PDF,WPS表格/文字/演示/PDF功能与操作，适合功能教程页,,8.0,,,第三方工具-社区SEO,1,
4485,福昕pdf阅读,组件功能与教程,WPS PDF,WPS表格/文字/演示/PDF功能与操作，适合功能教程页,,7.0,,,第三方工具-社区SEO,1,
4486,虚拟pdf打印机,组件功能与教程,WPS PDF,WPS表格/文字/演示/PDF功能与操作，适合功能教程页,,7.0,,,第三方工具-社区SEO,1,
4487,去除pdf水印,组件功能与教程,WPS PDF,WPS表格/文字/演示/PDF功能与操作，适合功能教程页,,7.0,,,第三方工具-社区SEO,1,
4488,pdf看图王,组件功能与教程,WPS PDF,WPS表格/文字/演示/PDF功能与操作，适合功能教程页,,7.0,,,第三方工具-社区SEO,1,
4489,pdf删除一页,组件功能与教程,WPS PDF,WPS表格/文字/演示/PDF功能与操作，适合功能教程页,,7.0,,,第三方工具-社区SEO,1,
4490,pdf文件缩小,组件功能与教程,WPS PDF,WPS表格/文字/演示/PDF功能与操作，适合功能教程页,,7.0,,,第三方工具-社区SEO,1,
4491,pdf打印软件,组件功能与教程,WPS PDF,WPS表格/文字/演示/PDF功能与操作，适合功能教程页,,7.0,,,第三方工具-社区SEO,1,
4492,pdf整合,组件功能与教程,WPS PDF,WPS表格/文字/演示/PDF功能与操作，适合功能教程页,,7.0,,,第三方工具-社区SEO,1,
4493,pdf缩略图,组件功能与教程,WPS PDF,WPS表格/文字/演示/PDF功能与操作，适合功能教程页,,7.0,,,第三方工具-社区SEO,1,
4494,pdf工厂,组件功能与教程,WPS PDF,WPS表格/文字/演示/PDF功能与操作，适合功能教程页,,7.0,,,第三方工具-社区SEO,1,
4495,pdf删除水印,组件功能与教程,WPS PDF,WPS表格/文字/演示/PDF功能与操作，适合功能教程页,,7.0,,,第三方工具-社区SEO,1,
4496,pdf转扫描件,组件功能与教程,WPS PDF,WPS表格/文字/演示/PDF功能与操作，适合功能教程页,,7.0,,,第三方工具-社区SEO,1,
4497,pdf分割页面,组件功能与教程,WPS PDF,WPS表格/文字/演示/PDF功能与操作，适合功能教程页,,7.0,,,第三方工具-社区SEO,1,
4498,在线修改pdf,组件功能与教程,WPS PDF,WPS表格/文字/演示/PDF功能与操作，适合功能教程页,,7.0,,,第三方工具-社区SEO,1,
4499,pdf阅读器推荐,组件功能与教程,WPS PDF,WPS表格/文字/演示/PDF功能与操作，适合功能教程页,,7.0,,,第三方工具-社区SEO,1,
4500,pdf修改工具,组件功能与教程,WPS PDF,WPS表格/文字/演示/PDF功能与操作，适合功能教程页,,7.0,,,第三方工具-社区SEO,1,
4501,pdf调整页面顺序,组件功能与教程,WPS PDF,WPS表格/文字/演示/PDF功能与操作，适合功能教程页,,7.0,,,第三方工具-社区SEO,1,
4502,pdf转二维码,组件功能与教程,WPS PDF,WPS表格/文字/演示/PDF功能与操作，适合功能教程页,,7.0,,,第三方工具-社区SEO,1,
4503,word转成pdf,组件功能与教程,WPS PDF,WPS表格/文字/演示/PDF功能与操作，适合功能教程页,,63.0,,,第三方工具-社区SEO,1,
4504,word里插入pdf,组件功能与教程,WPS PDF,WPS表格/文字/演示/PDF功能与操作，适合功能教程页,,6.0,,,第三方工具-社区SEO,1,
4505,pdf解密,组件功能与教程,WPS PDF,WPS表格/文字/演示/PDF功能与操作，适合功能教程页,,,,,第三方工具-社区SEO,1,
4506,迅捷pdf,组件功能与教程,WPS PDF,WPS表格/文字/演示/PDF功能与操作，适合功能教程页,,,,,第三方工具-社区SEO,1,
4507,pdf在线翻译,组件功能与教程,WPS PDF,WPS表格/文字/演示/PDF功能与操作，适合功能教程页,,66.0,,,第三方工具-社区SEO,1,
4508,pdf删除页,组件功能与教程,WPS PDF,WPS表格/文字/演示/PDF功能与操作，适合功能教程页,,13.0,,,第三方工具-社区SEO,1,
4509,迅捷pdf在线,组件功能与教程,WPS PDF,WPS表格/文字/演示/PDF功能与操作，适合功能教程页,,10.0,,,第三方工具-社区SEO,1,
4510,pdf快速看图破解版,组件功能与教程,WPS PDF,WPS表格/文字/演示/PDF功能与操作，适合功能教程页,,9.0,,,第三方工具-社区SEO,1,
4511,pdf文字转曲,组件功能与教程,WPS PDF,WPS表格/文字/演示/PDF功能与操作，适合功能教程页,,9.0,,,第三方工具-社区SEO,1,
4512,cad批量导出pdf,组件功能与教程,WPS PDF,WPS表格/文字/演示/PDF功能与操作，适合功能教程页,,8.0,,,第三方工具-社区SEO,1,
4513,大话设计模式 pdf,组件功能与教程,WPS PDF,WPS表格/文字/演示/PDF功能与操作，适合功能教程页,,8.0,,,第三方工具-社区SEO,1,
4514,图片转化pdf,组件功能与教程,WPS PDF,WPS表格/文字/演示/PDF功能与操作，适合功能教程页,,7.0,,,第三方工具-社区SEO,1,
4515,pdf 签字,组件功能与教程,WPS PDF,WPS表格/文字/演示/PDF功能与操作，适合功能教程页,,7.0,,,第三方工具-社区SEO,1,
4516,pdf签章,组件功能与教程,WPS PDF,WPS表格/文字/演示/PDF功能与操作，适合功能教程页,,7.0,,,第三方工具-社区SEO,1,
4517,pdf添加图片,组件功能与教程,WPS PDF,WPS表格/文字/演示/PDF功能与操作，适合功能教程页,,7.0,,,第三方工具-社区SEO,1,
4518,cad插入pdf,组件功能与教程,WPS PDF,WPS表格/文字/演示/PDF功能与操作，适合功能教程页,,7.0,,,第三方工具-社区SEO,1,
4519,cad批量打印pdf,组件功能与教程,WPS PDF,WPS表格/文字/演示/PDF功能与操作，适合功能教程页,,7.0,,,第三方工具-社区SEO,1,
4520,pdf删除签名,组件功能与教程,WPS PDF,WPS表格/文字/演示/PDF功能与操作，适合功能教程页,,7.0,,,第三方工具-社区SEO,1,
4521,pdf页面分割,组件功能与教程,WPS PDF,WPS表格/文字/演示/PDF功能与操作，适合功能教程页,,7.0,,,第三方工具-社区SEO,1,
4522,pdf文件修复,组件功能与教程,WPS PDF,WPS表格/文字/演示/PDF功能与操作，适合功能教程页,,7.0,,,第三方工具-社区SEO,1,
4523,pdf打水印,组件功能与教程,WPS PDF,WPS表格/文字/演示/PDF功能与操作，适合功能教程页,,7.0,,,第三方工具-社区SEO,1,
4524,新华字典pdf,组件功能与教程,WPS PDF,WPS表格/文字/演示/PDF功能与操作，适合功能教程页,,7.0,,,第三方工具-社区SEO,1,
4525,pdf增加水印,组件功能与教程,WPS PDF,WPS表格/文字/演示/PDF功能与操作，适合功能教程页,,7.0,,,第三方工具-社区SEO,1,
4526,pdf修复工具,组件功能与教程,WPS PDF,WPS表格/文字/演示/PDF功能与操作，适合功能教程页,,7.0,,,第三方工具-社区SEO,1,
4527,导出pdf,组件功能与教程,WPS PDF,WPS表格/文字/演示/PDF功能与操作，适合功能教程页,,6.0,,,第三方工具-社区SEO,1,
4528,合成pdf,组件功能与教程,WPS PDF,WPS表格/文字/演示/PDF功能与操作，适合功能教程页,,6.0,,,第三方工具-社区SEO,1,
4529,pdf看图,组件功能与教程,WPS PDF,WPS表格/文字/演示/PDF功能与操作，适合功能教程页,,6.0,,,第三方工具-社区SEO,1,
4530,裁剪pdf,组件功能与教程,WPS PDF,WPS表格/文字/演示/PDF功能与操作，适合功能教程页,,6.0,,,第三方工具-社区SEO,1,
4531,cad打开pdf,组件功能与教程,WPS PDF,WPS表格/文字/演示/PDF功能与操作，适合功能教程页,,6.0,,,第三方工具-社区SEO,1,
4532,pdf文档加密,组件功能与教程,WPS PDF,WPS表格/文字/演示/PDF功能与操作，适合功能教程页,,6.0,,,第三方工具-社区SEO,1,
4533,好用的pdf软件,组件功能与教程,WPS PDF,WPS表格/文字/演示/PDF功能与操作，适合功能教程页,,6.0,,,第三方工具-社区SEO,1,
4534,pdf 专业版,组件功能与教程,WPS PDF,WPS表格/文字/演示/PDF功能与操作，适合功能教程页,,6.0,,,第三方工具-社区SEO,1,
4535,pdf专业版,组件功能与教程,WPS PDF,WPS表格/文字/演示/PDF功能与操作，适合功能教程页,,6.0,,,第三方工具-社区SEO,1,
4536,pdf数字签名,组件功能与教程,WPS PDF,WPS表格/文字/演示/PDF功能与操作，适合功能教程页,,6.0,,,第三方工具-社区SEO,1,
4537,闪电pdf,组件功能与教程,WPS PDF,WPS表格/文字/演示/PDF功能与操作，适合功能教程页,,6.0,,,第三方工具-社区SEO,1,
4538,pdf英文翻译,组件功能与教程,WPS PDF,WPS表格/文字/演示/PDF功能与操作，适合功能教程页,,6.0,,,第三方工具-社区SEO,1,
4539,合并pdf在线,组件功能与教程,WPS PDF,WPS表格/文字/演示/PDF功能与操作，适合功能教程页,,6.0,,,第三方工具-社区SEO,1,
4540,在线pdf翻译,组件功能与教程,WPS PDF,WPS表格/文字/演示/PDF功能与操作，适合功能教程页,,6.0,,,第三方工具-社区SEO,1,
4541,pdf密码去除,组件功能与教程,WPS PDF,WPS表格/文字/演示/PDF功能与操作，适合功能教程页,,6.0,,,第三方工具-社区SEO,1,
4542,ic pdf,组件功能与教程,WPS PDF,WPS表格/文字/演示/PDF功能与操作，适合功能教程页,,6.0,,,第三方工具-社区SEO,1,
4543,pdf去掉密码,组件功能与教程,WPS PDF,WPS表格/文字/演示/PDF功能与操作，适合功能教程页,,6.0,,,第三方工具-社区SEO,1,
4544,pdf删除密码,组件功能与教程,WPS PDF,WPS表格/文字/演示/PDF功能与操作，适合功能教程页,,6.0,,,第三方工具-社区SEO,1,
4545,pdf翻译插件,组件功能与教程,WPS PDF,WPS表格/文字/演示/PDF功能与操作，适合功能教程页,,6.0,,,第三方工具-社区SEO,1,
4546,pdf处理软件,组件功能与教程,WPS PDF,WPS表格/文字/演示/PDF功能与操作，适合功能教程页,,6.0,,,第三方工具-社区SEO,1,
4547,pdf转eps,组件功能与教程,WPS PDF,WPS表格/文字/演示/PDF功能与操作，适合功能教程页,,6.0,,,第三方工具-社区SEO,1,
4548,祈福pdf,组件功能与教程,WPS PDF,WPS表格/文字/演示/PDF功能与操作，适合功能教程页,,6.0,,,第三方工具-社区SEO,1,
4549,现代汉语词典 pdf,组件功能与教程,WPS PDF,WPS表格/文字/演示/PDF功能与操作，适合功能教程页,,6.0,,,第三方工具-社区SEO,1,
4550,塔木德 pdf,组件功能与教程,WPS PDF,WPS表格/文字/演示/PDF功能与操作，适合功能教程页,,6.0,,,第三方工具-社区SEO,1,
4551,pdf转化word,组件功能与教程,WPS PDF,WPS表格/文字/演示/PDF功能与操作，适合功能教程页,,59.0,,,第三方工具-社区SEO,1,
4552,PDF阅读器,组件功能与教程,WPS PDF,WPS表格/文字/演示/PDF功能与操作，适合功能教程页,,3.0,,,第三方工具-社区SEO,1,
4553,万兴pdf,组件功能与教程,WPS PDF,WPS表格/文字/演示/PDF功能与操作，适合功能教程页,,,,,第三方工具-社区SEO,1,
4554,迅读pdf,组件功能与教程,WPS PDF,WPS表格/文字/演示/PDF功能与操作，适合功能教程页,,,,,第三方工具-社区SEO,1,
4555,pdf文件阅读器,组件功能与教程,WPS PDF,WPS表格/文字/演示/PDF功能与操作，适合功能教程页,,136.0,,,第三方工具-社区SEO,1,
4556,pdf阅读器绿色版,组件功能与教程,WPS PDF,WPS表格/文字/演示/PDF功能与操作，适合功能教程页,,135.0,,,第三方工具-社区SEO,1,
4557,翻译pdf,组件功能与教程,WPS PDF,WPS表格/文字/演示/PDF功能与操作，适合功能教程页,,59.0,,,第三方工具-社区SEO,1,
4558,迅捷pdf破解版,组件功能与教程,WPS PDF,WPS表格/文字/演示/PDF功能与操作，适合功能教程页,,10.0,,,第三方工具-社区SEO,1,
4559,pdf两页合并成一页,组件功能与教程,WPS PDF,WPS表格/文字/演示/PDF功能与操作，适合功能教程页,,8.0,,,第三方工具-社区SEO,1,
4560,pdf批注,组件功能与教程,WPS PDF,WPS表格/文字/演示/PDF功能与操作，适合功能教程页,,7.0,,,第三方工具-社区SEO,1,
4561,pdf缩小文件大小,组件功能与教程,WPS PDF,WPS表格/文字/演示/PDF功能与操作，适合功能教程页,,7.0,,,第三方工具-社区SEO,1,
4562,pdf在线压缩工具,组件功能与教程,WPS PDF,WPS表格/文字/演示/PDF功能与操作，适合功能教程页,,6.0,,,第三方工具-社区SEO,1,
4563,网页  pdf,组件功能与教程,WPS PDF,WPS表格/文字/演示/PDF功能与操作，适合功能教程页,,6.0,,,第三方工具-社区SEO,1,
4564,pdf迅捷,组件功能与教程,WPS PDF,WPS表格/文字/演示/PDF功能与操作，适合功能教程页,,6.0,,,第三方工具-社区SEO,1,
4565,合并两个pdf,组件功能与教程,WPS PDF,WPS表格/文字/演示/PDF功能与操作，适合功能教程页,,6.0,,,第三方工具-社区SEO,1,
4566,图片合并成pdf,组件功能与教程,WPS PDF,WPS表格/文字/演示/PDF功能与操作，适合功能教程页,,6.0,,,第三方工具-社区SEO,1,
4567,pdf电子签章,组件功能与教程,WPS PDF,WPS表格/文字/演示/PDF功能与操作，适合功能教程页,,6.0,,,第三方工具-社区SEO,1,
4568,pdf文档解密,组件功能与教程,WPS PDF,WPS表格/文字/演示/PDF功能与操作，适合功能教程页,,6.0,,,第三方工具-社区SEO,1,
4569,pdf图书,组件功能与教程,WPS PDF,WPS表格/文字/演示/PDF功能与操作，适合功能教程页,,5.0,,,第三方工具-社区SEO,1,
4570,打开pdf文件的软件,组件功能与教程,WPS PDF,WPS表格/文字/演示/PDF功能与操作，适合功能教程页,,5.0,,,第三方工具-社区SEO,1,
4571,word另存为pdf,组件功能与教程,WPS PDF,WPS表格/文字/演示/PDF功能与操作，适合功能教程页,,5.0,,,第三方工具-社区SEO,1,
4572,word转化成pdf,组件功能与教程,WPS PDF,WPS表格/文字/演示/PDF功能与操作，适合功能教程页,,5.0,,,第三方工具-社区SEO,1,
4573,pdf24,组件功能与教程,WPS PDF,WPS表格/文字/演示/PDF功能与操作，适合功能教程页,,2.0,,,第三方工具-社区SEO,1,
4574,合并pdf,组件功能与教程,WPS PDF,WPS表格/文字/演示/PDF功能与操作，适合功能教程页,,,,,第三方工具-社区SEO,1,
4575,pdf修改,组件功能与教程,WPS PDF,WPS表格/文字/演示/PDF功能与操作，适合功能教程页,,146.0,,,第三方工具-社区SEO,1,
4576,pdf转链接,组件功能与教程,WPS PDF,WPS表格/文字/演示/PDF功能与操作，适合功能教程页,,11.0,,,第三方工具-社区SEO,1,
4577,非暴力沟通pdf,组件功能与教程,WPS PDF,WPS表格/文字/演示/PDF功能与操作，适合功能教程页,,10.0,,,第三方工具-社区SEO,1,
4578,pdf统计字数,组件功能与教程,WPS PDF,WPS表格/文字/演示/PDF功能与操作，适合功能教程页,,9.0,,,第三方工具-社区SEO,1,
4579,可以编辑pdf的软件,组件功能与教程,WPS PDF,WPS表格/文字/演示/PDF功能与操作，适合功能教程页,,8.0,,,第三方工具-社区SEO,1,
4580,pdf页面,组件功能与教程,WPS PDF,WPS表格/文字/演示/PDF功能与操作，适合功能教程页,,8.0,,,第三方工具-社区SEO,1,
4581,pdf转jpeg,组件功能与教程,WPS PDF,WPS表格/文字/演示/PDF功能与操作，适合功能教程页,,7.0,,,第三方工具-社区SEO,1,
4582,福昕pdf阅读器破解版,组件功能与教程,WPS PDF,WPS表格/文字/演示/PDF功能与操作，适合功能教程页,,6.0,,,第三方工具-社区SEO,1,
4583,pdf 书签,组件功能与教程,WPS PDF,WPS表格/文字/演示/PDF功能与操作，适合功能教程页,,6.0,,,第三方工具-社区SEO,1,
4584,PDF变小,组件功能与教程,WPS PDF,WPS表格/文字/演示/PDF功能与操作，适合功能教程页,,6.0,,,第三方工具-社区SEO,1,
4585,分割pdf,组件功能与教程,WPS PDF,WPS表格/文字/演示/PDF功能与操作，适合功能教程页,,6.0,,,第三方工具-社区SEO,1,
4586,在线pdf文件,组件功能与教程,WPS PDF,WPS表格/文字/演示/PDF功能与操作，适合功能教程页,,6.0,,,第三方工具-社区SEO,1,
4587,pdf控件,组件功能与教程,WPS PDF,WPS表格/文字/演示/PDF功能与操作，适合功能教程页,,6.0,,,第三方工具-社区SEO,1,
4588,pdf助手,组件功能与教程,WPS PDF,WPS表格/文字/演示/PDF功能与操作，适合功能教程页,,6.0,,,第三方工具-社区SEO,1,
4589,pdf文档压缩,组件功能与教程,WPS PDF,WPS表格/文字/演示/PDF功能与操作，适合功能教程页,,6.0,,,第三方工具-社区SEO,1,
4590,去除pdf密码,组件功能与教程,WPS PDF,WPS表格/文字/演示/PDF功能与操作，适合功能教程页,,6.0,,,第三方工具-社区SEO,1,
4591,pdf无损压缩,组件功能与教程,WPS PDF,WPS表格/文字/演示/PDF功能与操作，适合功能教程页,,5.0,,,第三方工具-社区SEO,1,
4592,明朝那些事儿pdf,组件功能与教程,WPS PDF,WPS表格/文字/演示/PDF功能与操作，适合功能教程页,,5.0,,,第三方工具-社区SEO,1,
4593,传习录 pdf,组件功能与教程,WPS PDF,WPS表格/文字/演示/PDF功能与操作，适合功能教程页,,5.0,,,第三方工具-社区SEO,1,
4594,pdf在线加水印,组件功能与教程,WPS PDF,WPS表格/文字/演示/PDF功能与操作，适合功能教程页,,5.0,,,第三方工具-社区SEO,1,
4595,现代操作系统 pdf,组件功能与教程,WPS PDF,WPS表格/文字/演示/PDF功能与操作，适合功能教程页,,5.0,,,第三方工具-社区SEO,1,
4596,2013清单工程量计算规则pdf,组件功能与教程,WPS PDF,WPS表格/文字/演示/PDF功能与操作，适合功能教程页,,5.0,,,第三方工具-社区SEO,1,
4597,规训与惩罚 pdf,组件功能与教程,WPS PDF,WPS表格/文字/演示/PDF功能与操作，适合功能教程页,,5.0,,,第三方工具-社区SEO,1,
4598,pdf用什么打开,组件功能与教程,WPS PDF,WPS表格/文字/演示/PDF功能与操作，适合功能教程页,,5.0,,,第三方工具-社区SEO,1,
4599,福昕pdf,组件功能与教程,WPS PDF,WPS表格/文字/演示/PDF功能与操作，适合功能教程页,,2.0,,,第三方工具-社区SEO,1,
4600,PDF文档,组件功能与教程,WPS PDF,WPS表格/文字/演示/PDF功能与操作，适合功能教程页,,2.0,,,第三方工具-社区SEO,1,
4601,pdf 合并,组件功能与教程,WPS PDF,WPS表格/文字/演示/PDF功能与操作，适合功能教程页,,1.0,,,第三方工具-社区SEO,1,
4602,pdf转cad,组件功能与教程,WPS PDF,WPS表格/文字/演示/PDF功能与操作，适合功能教程页,,1.0,,,第三方工具-社区SEO,1,
4603,pdf文件,组件功能与教程,WPS PDF,WPS表格/文字/演示/PDF功能与操作，适合功能教程页,,,,,第三方工具-社区SEO,1,
4604,福昕PDF阅读器,组件功能与教程,WPS PDF,WPS表格/文字/演示/PDF功能与操作，适合功能教程页,,,,,第三方工具-社区SEO,1,
4605,pdf格式,组件功能与教程,WPS PDF,WPS表格/文字/演示/PDF功能与操作，适合功能教程页,,,,,第三方工具-社区SEO,1,
4606,万兴pdf专家,组件功能与教程,WPS PDF,WPS表格/文字/演示/PDF功能与操作，适合功能教程页,,,,,第三方工具-社区SEO,1,
4607,pdf 转 jpg,组件功能与教程,WPS PDF,WPS表格/文字/演示/PDF功能与操作，适合功能教程页,,,,,第三方工具-社区SEO,1,
4608,pdf翻译,组件功能与教程,WPS PDF,WPS表格/文字/演示/PDF功能与操作，适合功能教程页,,,,,第三方工具-社区SEO,1,
4609,pdf虚拟打印机,组件功能与教程,WPS PDF,WPS表格/文字/演示/PDF功能与操作，适合功能教程页,,,,,第三方工具-社区SEO,1,
4610,pdf浏览器,组件功能与教程,WPS PDF,WPS表格/文字/演示/PDF功能与操作，适合功能教程页,,,,,第三方工具-社区SEO,1,
4611,图片合成pdf,组件功能与教程,WPS PDF,WPS表格/文字/演示/PDF功能与操作，适合功能教程页,,63.0,,,第三方工具-社区SEO,1,
4612,pdf绿色版,组件功能与教程,WPS PDF,WPS表格/文字/演示/PDF功能与操作，适合功能教程页,,16.0,,,第三方工具-社区SEO,1,
4613,pdf官方,组件功能与教程,WPS PDF,WPS表格/文字/演示/PDF功能与操作，适合功能教程页,,13.0,,,第三方工具-社区SEO,1,
4614,pdf书籍,组件功能与教程,WPS PDF,WPS表格/文字/演示/PDF功能与操作，适合功能教程页,,9.0,,,第三方工具-社区SEO,1,
4615,java导出pdf,组件功能与教程,WPS PDF,WPS表格/文字/演示/PDF功能与操作，适合功能教程页,,8.0,,,第三方工具-社区SEO,1,
4616,pdf文件打不开,组件功能与教程,WPS PDF,WPS表格/文字/演示/PDF功能与操作，适合功能教程页,,7.0,,,第三方工具-社区SEO,1,
4617,pdf2jpg,组件功能与教程,WPS PDF,WPS表格/文字/演示/PDF功能与操作，适合功能教程页,,6.0,,,第三方工具-社区SEO,1,
4618,pdf修改文字,组件功能与教程,WPS PDF,WPS表格/文字/演示/PDF功能与操作，适合功能教程页,,6.0,,,第三方工具-社区SEO,1,
4619,pdf文件太大,组件功能与教程,WPS PDF,WPS表格/文字/演示/PDF功能与操作，适合功能教程页,,6.0,,,第三方工具-社区SEO,1,
4620,pdf文件编辑器,组件功能与教程,WPS PDF,WPS表格/文字/演示/PDF功能与操作，适合功能教程页,,6.0,,,第三方工具-社区SEO,1,
4621,pdf解除加密,组件功能与教程,WPS PDF,WPS表格/文字/演示/PDF功能与操作，适合功能教程页,,6.0,,,第三方工具-社区SEO,1,
4622,说文解字pdf,组件功能与教程,WPS PDF,WPS表格/文字/演示/PDF功能与操作，适合功能教程页,,6.0,,,第三方工具-社区SEO,1,
4623,pdf文件瘦身,组件功能与教程,WPS PDF,WPS表格/文字/演示/PDF功能与操作，适合功能教程页,,5.0,,,第三方工具-社区SEO,1,
4624,通往奴役之路pdf,组件功能与教程,WPS PDF,WPS表格/文字/演示/PDF功能与操作，适合功能教程页,,5.0,,,第三方工具-社区SEO,1,
4625,自动控制原理 pdf,组件功能与教程,WPS PDF,WPS表格/文字/演示/PDF功能与操作，适合功能教程页,,5.0,,,第三方工具-社区SEO,1,
4626,pdf转化成word,组件功能与教程,WPS PDF,WPS表格/文字/演示/PDF功能与操作，适合功能教程页,,3.0,,,第三方工具-社区SEO,1,
4627,WPS怎么删除空白页,组件功能与教程,WPS功能教程/产品承接,WPS表格/文字/演示/PDF功能与操作，适合功能教程页,,,160000.0,,GEO需求机会表,1,S
4628,WPS空白页删不掉怎么办,组件功能与教程,WPS功能教程/产品承接,WPS表格/文字/演示/PDF功能与操作，适合功能教程页,,,130000.0,,GEO需求机会表,1,A
4629,WPS自动生成目录怎么弄,组件功能与教程,WPS功能教程/产品承接,WPS表格/文字/演示/PDF功能与操作，适合功能教程页,,,130000.0,,GEO需求机会表,1,A
4630,WPS自动生成目录,组件功能与教程,WPS功能教程/产品承接,WPS表格/文字/演示/PDF功能与操作，适合功能教程页,,,120000.0,,GEO需求机会表,1,A
4631,WPS怎么做PPT,组件功能与教程,WPS功能教程/产品承接,WPS表格/文字/演示/PDF功能与操作，适合功能教程页,,,110000.0,,GEO需求机会表,1,A
4632,WPS怎么合并单元格,组件功能与教程,WPS功能教程/产品承接,WPS表格/文字/演示/PDF功能与操作，适合功能教程页,,,110000.0,,GEO需求机会表,1,A
4633,WPS如何恢复未保存文件,组件功能与教程,WPS功能教程/产品承接,WPS表格/文字/演示/PDF功能与操作，适合功能教程页,,,100000.0,,GEO需求机会表,1,A
4634,WPS怎么制作简历,组件功能与教程,WPS功能教程/产品承接,WPS表格/文字/演示/PDF功能与操作，适合功能教程页,,,100000.0,,GEO需求机会表,1,A
4635,WPS表格怎么排序,组件功能与教程,WPS功能教程/产品承接,WPS表格/文字/演示/PDF功能与操作，适合功能教程页,,,100000.0,,GEO需求机会表,1,A
4636,WPS表格怎么筛选,组件功能与教程,WPS功能教程/产品承接,WPS表格/文字/演示/PDF功能与操作，适合功能教程页,,,100000.0,,GEO需求机会表,1,A
4637,WPS 图片转换成文字怎么弄,组件功能与教程,WPS功能教程/产品承接,WPS表格/文字/演示/PDF功能与操作，适合功能教程页,,,99000.0,,GEO需求机会表,1,A
4638,WPS 文档怎么删除空白页,组件功能与教程,WPS功能教程/产品承接,WPS表格/文字/演示/PDF功能与操作，适合功能教程页,,,99000.0,,GEO需求机会表,1,A
4639,WPS怎么写论文格式,组件功能与教程,WPS功能教程/产品承接,WPS表格/文字/演示/PDF功能与操作，适合功能教程页,,,90000.0,,GEO需求机会表,1,A
4640,WPS怎么去水印,组件功能与教程,WPS功能教程/产品承接,WPS表格/文字/演示/PDF功能与操作，适合功能教程页,,,90000.0,,GEO需求机会表,1,A
4641,WPS怎么插入页码,组件功能与教程,WPS功能教程/产品承接,WPS表格/文字/演示/PDF功能与操作，适合功能教程页,,,90000.0,,GEO需求机会表,1,A
4642,WPS怎么设置自动保存,组件功能与教程,WPS功能教程/产品承接,WPS表格/文字/演示/PDF功能与操作，适合功能教程页,,,90000.0,,GEO需求机会表,1,A
4643,WPS表格怎么换行,组件功能与教程,WPS功能教程/产品承接,WPS表格/文字/演示/PDF功能与操作，适合功能教程页,,,90000.0,,GEO需求机会表,1,A
4644,WPS论文目录怎么自动生成,组件功能与教程,WPS功能教程/产品承接,WPS表格/文字/演示/PDF功能与操作，适合功能教程页,,,90000.0,,GEO需求机会表,1,A
4645,WPS 文档目录怎么自动生成,组件功能与教程,WPS功能教程/产品承接,WPS表格/文字/演示/PDF功能与操作，适合功能教程页,,,88000.0,,GEO需求机会表,1,A
4646,WPS 图片转换成文档怎么弄,组件功能与教程,WPS功能教程/产品承接,WPS表格/文字/演示/PDF功能与操作，适合功能教程页,,,82500.0,,GEO需求机会表,1,A
4647,WPS怎么加水印,组件功能与教程,WPS功能教程/产品承接,WPS表格/文字/演示/PDF功能与操作，适合功能教程页,,,80000.0,,GEO需求机会表,1,A
4648,WPS怎么压缩PDF,组件功能与教程,WPS功能教程/产品承接,WPS表格/文字/演示/PDF功能与操作，适合功能教程页,,,80000.0,,GEO需求机会表,1,A
4649,WPS怎么压缩图片,组件功能与教程,WPS功能教程/产品承接,WPS表格/文字/演示/PDF功能与操作，适合功能教程页,,,80000.0,,GEO需求机会表,1,A
4650,WPS怎么设置页眉页脚,组件功能与教程,WPS功能教程/产品承接,WPS表格/文字/演示/PDF功能与操作，适合功能教程页,,,80000.0,,GEO需求机会表,1,A
4651,WPS自动保存在哪里,组件功能与教程,WPS功能教程/产品承接,WPS表格/文字/演示/PDF功能与操作，适合功能教程页,,,80000.0,,GEO需求机会表,1,A
4652,WPS页码从第三页开始,组件功能与教程,WPS功能教程/产品承接,WPS表格/文字/演示/PDF功能与操作，适合功能教程页,,,80000.0,,GEO需求机会表,1,A
4653,WPS 文档页码从第三页开始怎么设置,组件功能与教程,WPS功能教程/产品承接,WPS表格/文字/演示/PDF功能与操作，适合功能教程页,,,77000.0,,GEO需求机会表,1,B
4654,WPS 表格数据透视表怎么做,组件功能与教程,WPS功能教程/产品承接,WPS表格/文字/演示/PDF功能与操作，适合功能教程页,,,77000.0,,GEO需求机会表,1,B
4655,WPS PPT怎么压缩大小,组件功能与教程,WPS功能教程/产品承接,WPS表格/文字/演示/PDF功能与操作，适合功能教程页,,,71500.0,,GEO需求机会表,1,B
4656,WPS PPT怎么转pdf,组件功能与教程,WPS功能教程/产品承接,WPS表格/文字/演示/PDF功能与操作，适合功能教程页,,,71500.0,,GEO需求机会表,1,B
4657,WPS 文档分页怎么设置,组件功能与教程,WPS功能教程/产品承接,WPS表格/文字/演示/PDF功能与操作，适合功能教程页,,,71500.0,,GEO需求机会表,1,B
4658,WPS 文档行距怎么调整,组件功能与教程,WPS功能教程/产品承接,WPS表格/文字/演示/PDF功能与操作，适合功能教程页,,,71500.0,,GEO需求机会表,1,B
4659,WPS 表格怎么合并单元格,组件功能与教程,WPS功能教程/产品承接,WPS表格/文字/演示/PDF功能与操作，适合功能教程页,,,71500.0,,GEO需求机会表,1,B
4660,WPS怎么打印双面,组件功能与教程,WPS功能教程/产品承接,WPS表格/文字/演示/PDF功能与操作，适合功能教程页,,,70000.0,,GEO需求机会表,1,B
4661,WPS怎么批量插入图片,组件功能与教程,WPS功能教程/产品承接,WPS表格/文字/演示/PDF功能与操作，适合功能教程页,,,70000.0,,GEO需求机会表,1,B
4662,WPS页眉页脚怎么设置,组件功能与教程,WPS功能教程/产品承接,WPS表格/文字/演示/PDF功能与操作，适合功能教程页,,,70000.0,,GEO需求机会表,1,B
4663,WPS 文档怎么分页,组件功能与教程,WPS功能教程/产品承接,WPS表格/文字/演示/PDF功能与操作，适合功能教程页,,,66000.0,,GEO需求机会表,1,B
4664,WPS 文档怎么设置页眉页脚,组件功能与教程,WPS功能教程/产品承接,WPS表格/文字/演示/PDF功能与操作，适合功能教程页,,,66000.0,,GEO需求机会表,1,B
4665,WPS 表格下拉选项怎么设置,组件功能与教程,WPS功能教程/产品承接,WPS表格/文字/演示/PDF功能与操作，适合功能教程页,,,66000.0,,GEO需求机会表,1,B
4666,WPS 表格怎么冻结窗口,组件功能与教程,WPS功能教程/产品承接,WPS表格/文字/演示/PDF功能与操作，适合功能教程页,,,66000.0,,GEO需求机会表,1,B
4667,WPS 表格重复值怎么筛选,组件功能与教程,WPS功能教程/产品承接,WPS表格/文字/演示/PDF功能与操作，适合功能教程页,,,66000.0,,GEO需求机会表,1,B
4668,WPS 文档首行缩进怎么设置,组件功能与教程,WPS功能教程/产品承接,WPS表格/文字/演示/PDF功能与操作，适合功能教程页,,,60500.0,,GEO需求机会表,1,B
4669,WPS自动保存怎么设置,组件功能与教程,WPS功能教程/产品承接,WPS表格/文字/演示/PDF功能与操作，适合功能教程页,,,60000.0,,GEO需求机会表,1,B
4670,WPS PPT怎么插入视频,组件功能与教程,WPS功能教程/产品承接,WPS表格/文字/演示/PDF功能与操作，适合功能教程页,,,55000.0,,GEO需求机会表,1,B
4671,WPS 文档图片怎么排版,组件功能与教程,WPS功能教程/产品承接,WPS表格/文字/演示/PDF功能与操作，适合功能教程页,,,55000.0,,GEO需求机会表,1,B
4672,WPS PPT怎么导出图片,组件功能与教程,WPS功能教程/产品承接,WPS表格/文字/演示/PDF功能与操作，适合功能教程页,,,49500.0,,GEO需求机会表,1,B
4673,WPS PPT怎么自动播放,组件功能与教程,WPS功能教程/产品承接,WPS表格/文字/演示/PDF功能与操作，适合功能教程页,,,49500.0,,GEO需求机会表,1,B
4674,WPS PPT怎么设置动画顺序,组件功能与教程,WPS功能教程/产品承接,WPS表格/文字/演示/PDF功能与操作，适合功能教程页,,,49500.0,,GEO需求机会表,1,B
4675,word文档网页版,组件功能与教程,WPS文字,WPS表格/文字/演示/PDF功能与操作，适合功能教程页,8.0,363.0,,,百度统计真实流量、第三方工具-社区SEO,2,
4676,word文档,组件功能与教程,WPS文字,WPS表格/文字/演示/PDF功能与操作，适合功能教程页,2.0,7585.0,,,百度统计真实流量、第三方工具-社区SEO,2,
4677,word,组件功能与教程,WPS文字,WPS表格/文字/演示/PDF功能与操作，适合功能教程页,1.0,10180.0,,,百度统计真实流量、第三方工具-社区SEO,2,
4678,word网页版,组件功能与教程,WPS文字,WPS表格/文字/演示/PDF功能与操作，适合功能教程页,1.0,26.0,,,百度统计真实流量、第三方工具-社区SEO,2,
4679,word官网,组件功能与教程,WPS文字,WPS表格/文字/演示/PDF功能与操作，适合功能教程页,1.0,101.0,,,百度统计真实流量、第三方工具-社区SEO,2,
4680,百度文档,组件功能与教程,WPS文字,WPS表格/文字/演示/PDF功能与操作，适合功能教程页,,,,,百度搜索联想/相关搜索,1,
4681,word官方网站入口,组件功能与教程,WPS文字,WPS表格/文字/演示/PDF功能与操作，适合功能教程页,39.0,,,,百度统计真实流量,1,
4682,文档软件,组件功能与教程,WPS文字,WPS表格/文字/演示/PDF功能与操作，适合功能教程页,9.0,,,,百度统计真实流量,1,
4683,w文档软件,组件功能与教程,WPS文字,WPS表格/文字/演示/PDF功能与操作，适合功能教程页,6.0,,,,百度统计真实流量,1,
4684,word文档官方网站,组件功能与教程,WPS文字,WPS表格/文字/演示/PDF功能与操作，适合功能教程页,6.0,,,,百度统计真实流量,1,
4685,w文档,组件功能与教程,WPS文字,WPS表格/文字/演示/PDF功能与操作，适合功能教程页,5.0,,,,百度统计真实流量,1,
4686,文档软件word,组件功能与教程,WPS文字,WPS表格/文字/演示/PDF功能与操作，适合功能教程页,5.0,,,,百度统计真实流量,1,
4687,W文档,组件功能与教程,WPS文字,WPS表格/文字/演示/PDF功能与操作，适合功能教程页,4.0,,,,百度统计真实流量,1,
4688,wordGUANW,组件功能与教程,WPS文字,WPS表格/文字/演示/PDF功能与操作，适合功能教程页,4.0,,,,百度统计真实流量,1,
4689,文档协作平台,组件功能与教程,WPS文字,WPS表格/文字/演示/PDF功能与操作，适合功能教程页,3.0,,,,百度统计真实流量,1,
4690,文档,组件功能与教程,WPS文字,WPS表格/文字/演示/PDF功能与操作，适合功能教程页,2.0,,,,百度统计真实流量,1,
4691,文档网页版,组件功能与教程,WPS文字,WPS表格/文字/演示/PDF功能与操作，适合功能教程页,2.0,,,,百度统计真实流量,1,
4692,WSP文档,组件功能与教程,WPS文字,WPS表格/文字/演示/PDF功能与操作，适合功能教程页,2.0,,,,百度统计真实流量,1,
4693,网页word,组件功能与教程,WPS文字,WPS表格/文字/演示/PDF功能与操作，适合功能教程页,2.0,,,,百度统计真实流量,1,
4694,wts文档,组件功能与教程,WPS文字,WPS表格/文字/演示/PDF功能与操作，适合功能教程页,2.0,,,,百度统计真实流量,1,
4695,WP文档中心官网,组件功能与教程,WPS文字,WPS表格/文字/演示/PDF功能与操作，适合功能教程页,2.0,,,,百度统计真实流量,1,
4696,文档编辑用什么软件,组件功能与教程,WPS文字,WPS表格/文字/演示/PDF功能与操作，适合功能教程页,2.0,,,,百度统计真实流量,1,
4697,文档软降,组件功能与教程,WPS文字,WPS表格/文字/演示/PDF功能与操作，适合功能教程页,2.0,,,,百度统计真实流量,1,
4698,word文档网页版在线,组件功能与教程,WPS文字,WPS表格/文字/演示/PDF功能与操作，适合功能教程页,1.0,,,,百度统计真实流量,1,
4699,word在线版本,组件功能与教程,WPS文字,WPS表格/文字/演示/PDF功能与操作，适合功能教程页,1.0,,,,百度统计真实流量,1,
4700,word网页版登录入口,组件功能与教程,WPS文字,WPS表格/文字/演示/PDF功能与操作，适合功能教程页,1.0,,,,百度统计真实流量,1,
4701,WAS文档,组件功能与教程,WPS文字,WPS表格/文字/演示/PDF功能与操作，适合功能教程页,1.0,,,,百度统计真实流量,1,
4702,word在线版,组件功能与教程,WPS文字,WPS表格/文字/演示/PDF功能与操作，适合功能教程页,1.0,,,,百度统计真实流量,1,
4703,在线版word,组件功能与教程,WPS文字,WPS表格/文字/演示/PDF功能与操作，适合功能教程页,1.0,,,,百度统计真实流量,1,
4704,内部文档协作编辑软件,组件功能与教程,WPS文字,WPS表格/文字/演示/PDF功能与操作，适合功能教程页,1.0,,,,百度统计真实流量,1,
4705,Wsp文档,组件功能与教程,WPS文字,WPS表格/文字/演示/PDF功能与操作，适合功能教程页,1.0,,,,百度统计真实流量,1,
4706,文档WS,组件功能与教程,WPS文字,WPS表格/文字/演示/PDF功能与操作，适合功能教程页,1.0,,,,百度统计真实流量,1,
4707,电脑文档软件,组件功能与教程,WPS文字,WPS表格/文字/演示/PDF功能与操作，适合功能教程页,1.0,,,,百度统计真实流量,1,
4708,在线打开word,组件功能与教程,WPS文字,WPS表格/文字/演示/PDF功能与操作，适合功能教程页,1.0,,,,百度统计真实流量,1,
4709,编辑查看文档软件,组件功能与教程,WPS文字,WPS表格/文字/演示/PDF功能与操作，适合功能教程页,1.0,,,,百度统计真实流量,1,
4710,Word官网网址,组件功能与教程,WPS文字,WPS表格/文字/演示/PDF功能与操作，适合功能教程页,1.0,,,,百度统计真实流量,1,
4711,word文档软件,组件功能与教程,WPS文字,WPS表格/文字/演示/PDF功能与操作，适合功能教程页,1.0,,,,百度统计真实流量,1,
4712,word官网入口,组件功能与教程,WPS文字,WPS表格/文字/演示/PDF功能与操作，适合功能教程页,1.0,,,,百度统计真实流量,1,
4713,word文档在线版,组件功能与教程,WPS文字,WPS表格/文字/演示/PDF功能与操作，适合功能教程页,1.0,,,,百度统计真实流量,1,
4714,Word文档网页版,组件功能与教程,WPS文字,WPS表格/文字/演示/PDF功能与操作，适合功能教程页,1.0,,,,百度统计真实流量,1,
4715,word文档软件官网,组件功能与教程,WPS文字,WPS表格/文字/演示/PDF功能与操作，适合功能教程页,1.0,,,,百度统计真实流量,1,
4716,word 删除空白页,组件功能与教程,WPS文字,WPS表格/文字/演示/PDF功能与操作，适合功能教程页,,472.0,,,第三方工具-社区SEO,1,
4717,word删除空白页,组件功能与教程,WPS文字,WPS表格/文字/演示/PDF功能与操作，适合功能教程页,,1493.0,,,第三方工具-社区SEO,1,
4718,图片转化word文档,组件功能与教程,WPS文字,WPS表格/文字/演示/PDF功能与操作，适合功能教程页,,271.0,,,第三方工具-社区SEO,1,
4719,word目录,组件功能与教程,WPS文字,WPS表格/文字/演示/PDF功能与操作，适合功能教程页,,370.0,,,第三方工具-社区SEO,1,
4720,word插入目录,组件功能与教程,WPS文字,WPS表格/文字/演示/PDF功能与操作，适合功能教程页,,123.0,,,第三方工具-社区SEO,1,
4721,删除空白页word,组件功能与教程,WPS文字,WPS表格/文字/演示/PDF功能与操作，适合功能教程页,,178.0,,,第三方工具-社区SEO,1,
4722,word2vec,组件功能与教程,WPS文字,WPS表格/文字/演示/PDF功能与操作，适合功能教程页,,86.0,,,第三方工具-社区SEO,1,
4723,在word,组件功能与教程,WPS文字,WPS表格/文字/演示/PDF功能与操作，适合功能教程页,,80.0,,,第三方工具-社区SEO,1,
4724,word生成目录,组件功能与教程,WPS文字,WPS表格/文字/演示/PDF功能与操作，适合功能教程页,,245.0,,,第三方工具-社区SEO,1,
4725,word2016,组件功能与教程,WPS文字,WPS表格/文字/演示/PDF功能与操作，适合功能教程页,,122.0,,,第三方工具-社区SEO,1,
4726,文档word,组件功能与教程,WPS文字,WPS表格/文字/演示/PDF功能与操作，适合功能教程页,,107.0,,,第三方工具-社区SEO,1,
4727,删除word空白页,组件功能与教程,WPS文字,WPS表格/文字/演示/PDF功能与操作，适合功能教程页,,101.0,,,第三方工具-社区SEO,1,
4728,word 背景,组件功能与教程,WPS文字,WPS表格/文字/演示/PDF功能与操作，适合功能教程页,,44.0,,,第三方工具-社区SEO,1,
4729,word2007,组件功能与教程,WPS文字,WPS表格/文字/演示/PDF功能与操作，适合功能教程页,,165.0,,,第三方工具-社区SEO,1,
4730,word自动生成目录,组件功能与教程,WPS文字,WPS表格/文字/演示/PDF功能与操作，适合功能教程页,,294.0,,,第三方工具-社区SEO,1,
4731,word下划线,组件功能与教程,WPS文字,WPS表格/文字/演示/PDF功能与操作，适合功能教程页,,60.0,,,第三方工具-社区SEO,1,
4732,word插入图片,组件功能与教程,WPS文字,WPS表格/文字/演示/PDF功能与操作，适合功能教程页,,63.0,,,第三方工具-社区SEO,1,
4733,key word,组件功能与教程,WPS文字,WPS表格/文字/演示/PDF功能与操作，适合功能教程页,,69.0,,,第三方工具-社区SEO,1,
4734,word破解版,组件功能与教程,WPS文字,WPS表格/文字/演示/PDF功能与操作，适合功能教程页,,54.0,,,第三方工具-社区SEO,1,
4735,word打勾,组件功能与教程,WPS文字,WPS表格/文字/演示/PDF功能与操作，适合功能教程页,,49.0,,,第三方工具-社区SEO,1,
4736,word删除一整页,组件功能与教程,WPS文字,WPS表格/文字/演示/PDF功能与操作，适合功能教程页,,72.0,,,第三方工具-社区SEO,1,
4737,word自动编号,组件功能与教程,WPS文字,WPS表格/文字/演示/PDF功能与操作，适合功能教程页,,51.0,,,第三方工具-社区SEO,1,
4738,word2010,组件功能与教程,WPS文字,WPS表格/文字/演示/PDF功能与操作，适合功能教程页,,173.0,,,第三方工具-社区SEO,1,
4739,word清除格式,组件功能与教程,WPS文字,WPS表格/文字/演示/PDF功能与操作，适合功能教程页,,44.0,,,第三方工具-社区SEO,1,
4740,word加水印,组件功能与教程,WPS文字,WPS表格/文字/演示/PDF功能与操作，适合功能教程页,,45.0,,,第三方工具-社区SEO,1,
4741,word2007版本,组件功能与教程,WPS文字,WPS表格/文字/演示/PDF功能与操作，适合功能教程页,,45.0,,,第三方工具-社区SEO,1,
4742,word背景,组件功能与教程,WPS文字,WPS表格/文字/演示/PDF功能与操作，适合功能教程页,,171.0,,,第三方工具-社区SEO,1,
4743,word删除分页符,组件功能与教程,WPS文字,WPS表格/文字/演示/PDF功能与操作，适合功能教程页,,38.0,,,第三方工具-社区SEO,1,
4744,word文字,组件功能与教程,WPS文字,WPS表格/文字/演示/PDF功能与操作，适合功能教程页,,35.0,,,第三方工具-社区SEO,1,
4745,多个word合并成一个word,组件功能与教程,WPS文字,WPS表格/文字/演示/PDF功能与操作，适合功能教程页,,26.0,,,第三方工具-社区SEO,1,
4746,word快捷键,组件功能与教程,WPS文字,WPS表格/文字/演示/PDF功能与操作，适合功能教程页,,203.0,,,第三方工具-社区SEO,1,
4747,word水印,组件功能与教程,WPS文字,WPS表格/文字/演示/PDF功能与操作，适合功能教程页,,67.0,,,第三方工具-社区SEO,1,
4748,word分栏,组件功能与教程,WPS文字,WPS表格/文字/演示/PDF功能与操作，适合功能教程页,,51.0,,,第三方工具-社区SEO,1,
4749,word删除分节符,组件功能与教程,WPS文字,WPS表格/文字/演示/PDF功能与操作，适合功能教程页,,39.0,,,第三方工具-社区SEO,1,
4750,word空白页删不掉,组件功能与教程,WPS文字,WPS表格/文字/演示/PDF功能与操作，适合功能教程页,,131.0,,,第三方工具-社区SEO,1,
4751,word批量调整图片大小,组件功能与教程,WPS文字,WPS表格/文字/演示/PDF功能与操作，适合功能教程页,,37.0,,,第三方工具-社区SEO,1,
4752,word标尺,组件功能与教程,WPS文字,WPS表格/文字/演示/PDF功能与操作，适合功能教程页,,36.0,,,第三方工具-社区SEO,1,
4753,word合并,组件功能与教程,WPS文字,WPS表格/文字/演示/PDF功能与操作，适合功能教程页,,35.0,,,第三方工具-社区SEO,1,
4754,word页码,组件功能与教程,WPS文字,WPS表格/文字/演示/PDF功能与操作，适合功能教程页,,224.0,,,第三方工具-社区SEO,1,
4755,word自动换行,组件功能与教程,WPS文字,WPS表格/文字/演示/PDF功能与操作，适合功能教程页,,41.0,,,第三方工具-社区SEO,1,
4756,word全选,组件功能与教程,WPS文字,WPS表格/文字/演示/PDF功能与操作，适合功能教程页,,38.0,,,第三方工具-社区SEO,1,
4757,word压缩,组件功能与教程,WPS文字,WPS表格/文字/演示/PDF功能与操作，适合功能教程页,,29.0,,,第三方工具-社区SEO,1,
4758,word公式编辑器,组件功能与教程,WPS文字,WPS表格/文字/演示/PDF功能与操作，适合功能教程页,,207.0,,,第三方工具-社区SEO,1,
4759,word排版,组件功能与教程,WPS文字,WPS表格/文字/演示/PDF功能与操作，适合功能教程页,,173.0,,,第三方工具-社区SEO,1,
4760,word插入页码,组件功能与教程,WPS文字,WPS表格/文字/演示/PDF功能与操作，适合功能教程页,,172.0,,,第三方工具-社区SEO,1,
4761,word字体,组件功能与教程,WPS文字,WPS表格/文字/演示/PDF功能与操作，适合功能教程页,,132.0,,,第三方工具-社区SEO,1,
4762,word合并单元格,组件功能与教程,WPS文字,WPS表格/文字/演示/PDF功能与操作，适合功能教程页,,49.0,,,第三方工具-社区SEO,1,
4763,word删除页,组件功能与教程,WPS文字,WPS表格/文字/演示/PDF功能与操作，适合功能教程页,,33.0,,,第三方工具-社区SEO,1,
4764,word2003,组件功能与教程,WPS文字,WPS表格/文字/演示/PDF功能与操作，适合功能教程页,,68.0,,,第三方工具-社区SEO,1,
4765,word字间距,组件功能与教程,WPS文字,WPS表格/文字/演示/PDF功能与操作，适合功能教程页,,32.0,,,第三方工具-社区SEO,1,
4766,word转html,组件功能与教程,WPS文字,WPS表格/文字/演示/PDF功能与操作，适合功能教程页,,27.0,,,第三方工具-社区SEO,1,
4767,word软件,组件功能与教程,WPS文字,WPS表格/文字/演示/PDF功能与操作，适合功能教程页,,131.0,,,第三方工具-社区SEO,1,
4768,word替换,组件功能与教程,WPS文字,WPS表格/文字/演示/PDF功能与操作，适合功能教程页,,31.0,,,第三方工具-社区SEO,1,
4769,word删除空行,组件功能与教程,WPS文字,WPS表格/文字/演示/PDF功能与操作，适合功能教程页,,30.0,,,第三方工具-社区SEO,1,
4770,word格式刷快捷键,组件功能与教程,WPS文字,WPS表格/文字/演示/PDF功能与操作，适合功能教程页,,30.0,,,第三方工具-社区SEO,1,
4771,word2003版本,组件功能与教程,WPS文字,WPS表格/文字/演示/PDF功能与操作，适合功能教程页,,27.0,,,第三方工具-社区SEO,1,
4772,word背景图片,组件功能与教程,WPS文字,WPS表格/文字/演示/PDF功能与操作，适合功能教程页,,231.0,,,第三方工具-社区SEO,1,
4773,word加密,组件功能与教程,WPS文字,WPS表格/文字/演示/PDF功能与操作，适合功能教程页,,31.0,,,第三方工具-社区SEO,1,
4774,word上下居中,组件功能与教程,WPS文字,WPS表格/文字/演示/PDF功能与操作，适合功能教程页,,33.0,,,第三方工具-社区SEO,1,
4775,word删除页面,组件功能与教程,WPS文字,WPS表格/文字/演示/PDF功能与操作，适合功能教程页,,32.0,,,第三方工具-社区SEO,1,
4776,word封面,组件功能与教程,WPS文字,WPS表格/文字/演示/PDF功能与操作，适合功能教程页,,30.0,,,第三方工具-社区SEO,1,
4777,word背景图,组件功能与教程,WPS文字,WPS表格/文字/演示/PDF功能与操作，适合功能教程页,,30.0,,,第三方工具-社区SEO,1,
4778,word最后一页删不掉,组件功能与教程,WPS文字,WPS表格/文字/演示/PDF功能与操作，适合功能教程页,,29.0,,,第三方工具-社区SEO,1,
4779,word批注,组件功能与教程,WPS文字,WPS表格/文字/演示/PDF功能与操作，适合功能教程页,,28.0,,,第三方工具-社区SEO,1,
4780,word分节符,组件功能与教程,WPS文字,WPS表格/文字/演示/PDF功能与操作，适合功能教程页,,28.0,,,第三方工具-社区SEO,1,
4781,word删除空白行,组件功能与教程,WPS文字,WPS表格/文字/演示/PDF功能与操作，适合功能教程页,,28.0,,,第三方工具-社区SEO,1,
4782,word删除,组件功能与教程,WPS文字,WPS表格/文字/演示/PDF功能与操作，适合功能教程页,,25.0,,,第三方工具-社区SEO,1,
4783,word打钩,组件功能与教程,WPS文字,WPS表格/文字/演示/PDF功能与操作，适合功能教程页,,25.0,,,第三方工具-社区SEO,1,
4784,word电子签名,组件功能与教程,WPS文字,WPS表格/文字/演示/PDF功能与操作，适合功能教程页,,28.0,,,第三方工具-社区SEO,1,
4785,word方框打勾,组件功能与教程,WPS文字,WPS表格/文字/演示/PDF功能与操作，适合功能教程页,,26.0,,,第三方工具-社区SEO,1,
4786,word取消自动编号,组件功能与教程,WPS文字,WPS表格/文字/演示/PDF功能与操作，适合功能教程页,,26.0,,,第三方工具-社区SEO,1,
4787,word页面,组件功能与教程,WPS文字,WPS表格/文字/演示/PDF功能与操作，适合功能教程页,,24.0,,,第三方工具-社区SEO,1,
4788,word去除水印,组件功能与教程,WPS文字,WPS表格/文字/演示/PDF功能与操作，适合功能教程页,,25.0,,,第三方工具-社区SEO,1,
4789,word格式,组件功能与教程,WPS文字,WPS表格/文字/演示/PDF功能与操作，适合功能教程页,,31.0,,,第三方工具-社区SEO,1,
4790,word公式,组件功能与教程,WPS文字,WPS表格/文字/演示/PDF功能与操作，适合功能教程页,,28.0,,,第三方工具-社区SEO,1,
4791,word换行,组件功能与教程,WPS文字,WPS表格/文字/演示/PDF功能与操作，适合功能教程页,,27.0,,,第三方工具-社区SEO,1,
4792,word空白页,组件功能与教程,WPS文字,WPS表格/文字/演示/PDF功能与操作，适合功能教程页,,26.0,,,第三方工具-社区SEO,1,
4793,word插入视频,组件功能与教程,WPS文字,WPS表格/文字/演示/PDF功能与操作，适合功能教程页,,26.0,,,第三方工具-社区SEO,1,
4794,word显示分页符,组件功能与教程,WPS文字,WPS表格/文字/演示/PDF功能与操作，适合功能教程页,,25.0,,,第三方工具-社区SEO,1,
4795,word插入分节符,组件功能与教程,WPS文字,WPS表格/文字/演示/PDF功能与操作，适合功能教程页,,25.0,,,第三方工具-社区SEO,1,
4796,word插件,组件功能与教程,WPS文字,WPS表格/文字/演示/PDF功能与操作，适合功能教程页,,22.0,,,第三方工具-社区SEO,1,
4797,word修订模式,组件功能与教程,WPS文字,WPS表格/文字/演示/PDF功能与操作，适合功能教程页,,24.0,,,第三方工具-社区SEO,1,
4798,在word文档中,组件功能与教程,WPS文字,WPS表格/文字/演示/PDF功能与操作，适合功能教程页,,75.0,,,第三方工具-社区SEO,1,
4799,word文档删除空白页,组件功能与教程,WPS文字,WPS表格/文字/演示/PDF功能与操作，适合功能教程页,,40.0,,,第三方工具-社区SEO,1,
4800,word行间距,组件功能与教程,WPS文字,WPS表格/文字/演示/PDF功能与操作，适合功能教程页,,32.0,,,第三方工具-社区SEO,1,
4801,word图片显示不全,组件功能与教程,WPS文字,WPS表格/文字/演示/PDF功能与操作，适合功能教程页,,27.0,,,第三方工具-社区SEO,1,
4802,word文档合并,组件功能与教程,WPS文字,WPS表格/文字/演示/PDF功能与操作，适合功能教程页,,23.0,,,第三方工具-社区SEO,1,
4803,word交叉引用,组件功能与教程,WPS文字,WPS表格/文字/演示/PDF功能与操作，适合功能教程页,,23.0,,,第三方工具-社区SEO,1,
4804,word文档加密,组件功能与教程,WPS文字,WPS表格/文字/演示/PDF功能与操作，适合功能教程页,,144.0,,,第三方工具-社区SEO,1,
4805,word身份证尺寸大小,组件功能与教程,WPS文字,WPS表格/文字/演示/PDF功能与操作，适合功能教程页,,30.0,,,第三方工具-社区SEO,1,
4806,word插入公式,组件功能与教程,WPS文字,WPS表格/文字/演示/PDF功能与操作，适合功能教程页,,24.0,,,第三方工具-社区SEO,1,
4807,word 编号,组件功能与教程,WPS文字,WPS表格/文字/演示/PDF功能与操作，适合功能教程页,,15.0,,,第三方工具-社区SEO,1,
4808,word通配符,组件功能与教程,WPS文字,WPS表格/文字/演示/PDF功能与操作，适合功能教程页,,152.0,,,第三方工具-社区SEO,1,
4809,word插入水印,组件功能与教程,WPS文字,WPS表格/文字/演示/PDF功能与操作，适合功能教程页,,21.0,,,第三方工具-社区SEO,1,
4810,word求和,组件功能与教程,WPS文字,WPS表格/文字/演示/PDF功能与操作，适合功能教程页,,27.0,,,第三方工具-社区SEO,1,
4811,word不显示图片,组件功能与教程,WPS文字,WPS表格/文字/演示/PDF功能与操作，适合功能教程页,,23.0,,,第三方工具-社区SEO,1,
4812,word添加水印,组件功能与教程,WPS文字,WPS表格/文字/演示/PDF功能与操作，适合功能教程页,,23.0,,,第三方工具-社区SEO,1,
4813,word更新目录,组件功能与教程,WPS文字,WPS表格/文字/演示/PDF功能与操作，适合功能教程页,,21.0,,,第三方工具-社区SEO,1,
4814,word 脚注,组件功能与教程,WPS文字,WPS表格/文字/演示/PDF功能与操作，适合功能教程页,,16.0,,,第三方工具-社区SEO,1,
4815,word 画流程图,组件功能与教程,WPS文字,WPS表格/文字/演示/PDF功能与操作，适合功能教程页,,14.0,,,第三方工具-社区SEO,1,
4816,word翻译,组件功能与教程,WPS文字,WPS表格/文字/演示/PDF功能与操作，适合功能教程页,,31.0,,,第三方工具-社区SEO,1,
4817,word空白页删除,组件功能与教程,WPS文字,WPS表格/文字/演示/PDF功能与操作，适合功能教程页,,20.0,,,第三方工具-社区SEO,1,
4818,word文档最后一页空白页删不掉,组件功能与教程,WPS文字,WPS表格/文字/演示/PDF功能与操作，适合功能教程页,,20.0,,,第三方工具-社区SEO,1,
4819,word方框打钩,组件功能与教程,WPS文字,WPS表格/文字/演示/PDF功能与操作，适合功能教程页,,17.0,,,第三方工具-社区SEO,1,
4820,word分页,组件功能与教程,WPS文字,WPS表格/文字/演示/PDF功能与操作，适合功能教程页,,145.0,,,第三方工具-社区SEO,1,
4821,word首行缩进,组件功能与教程,WPS文字,WPS表格/文字/演示/PDF功能与操作，适合功能教程页,,26.0,,,第三方工具-社区SEO,1,
4822,word邮件合并,组件功能与教程,WPS文字,WPS表格/文字/演示/PDF功能与操作，适合功能教程页,,20.0,,,第三方工具-社区SEO,1,
4823,word下标快捷键,组件功能与教程,WPS文字,WPS表格/文字/演示/PDF功能与操作，适合功能教程页,,20.0,,,第三方工具-社区SEO,1,
4824,word隐藏回车符号,组件功能与教程,WPS文字,WPS表格/文字/演示/PDF功能与操作，适合功能教程页,,20.0,,,第三方工具-社区SEO,1,
4825,word段落,组件功能与教程,WPS文字,WPS表格/文字/演示/PDF功能与操作，适合功能教程页,,19.0,,,第三方工具-社区SEO,1,
4826,word激活,组件功能与教程,WPS文字,WPS表格/文字/演示/PDF功能与操作，适合功能教程页,,18.0,,,第三方工具-社区SEO,1,
4827,word公式编号,组件功能与教程,WPS文字,WPS表格/文字/演示/PDF功能与操作，适合功能教程页,,18.0,,,第三方工具-社区SEO,1,
4828,word删除某一页,组件功能与教程,WPS文字,WPS表格/文字/演示/PDF功能与操作，适合功能教程页,,17.0,,,第三方工具-社区SEO,1,
4829,word 删除页眉,组件功能与教程,WPS文字,WPS表格/文字/演示/PDF功能与操作，适合功能教程页,,12.0,,,第三方工具-社区SEO,1,
4830,word添加页码,组件功能与教程,WPS文字,WPS表格/文字/演示/PDF功能与操作，适合功能教程页,,20.0,,,第三方工具-社区SEO,1,
4831,word中图片显示不全,组件功能与教程,WPS文字,WPS表格/文字/演示/PDF功能与操作，适合功能教程页,,20.0,,,第三方工具-社区SEO,1,
4832,word上标快捷键,组件功能与教程,WPS文字,WPS表格/文字/演示/PDF功能与操作，适合功能教程页,,20.0,,,第三方工具-社区SEO,1,
4833,word删除批注,组件功能与教程,WPS文字,WPS表格/文字/演示/PDF功能与操作，适合功能教程页,,19.0,,,第三方工具-社区SEO,1,
4834,word删除整页,组件功能与教程,WPS文字,WPS表格/文字/演示/PDF功能与操作，适合功能教程页,,19.0,,,第三方工具-社区SEO,1,
4835,word添加目录,组件功能与教程,WPS文字,WPS表格/文字/演示/PDF功能与操作，适合功能教程页,,18.0,,,第三方工具-社区SEO,1,
4836,word图片不显示,组件功能与教程,WPS文字,WPS表格/文字/演示/PDF功能与操作，适合功能教程页,,139.0,,,第三方工具-社区SEO,1,
4837,word行距,组件功能与教程,WPS文字,WPS表格/文字/演示/PDF功能与操作，适合功能教程页,,25.0,,,第三方工具-社区SEO,1,
4838,word查找替换,组件功能与教程,WPS文字,WPS表格/文字/演示/PDF功能与操作，适合功能教程页,,21.0,,,第三方工具-社区SEO,1,
4839,word分页符,组件功能与教程,WPS文字,WPS表格/文字/演示/PDF功能与操作，适合功能教程页,,18.0,,,第三方工具-社区SEO,1,
4840,word压缩图片,组件功能与教程,WPS文字,WPS表格/文字/演示/PDF功能与操作，适合功能教程页,,18.0,,,第三方工具-社区SEO,1,
4841,word护眼模式,组件功能与教程,WPS文字,WPS表格/文字/演示/PDF功能与操作，适合功能教程页,,17.0,,,第三方工具-社区SEO,1,
4842,word更新域,组件功能与教程,WPS文字,WPS表格/文字/演示/PDF功能与操作，适合功能教程页,,17.0,,,第三方工具-社区SEO,1,
4843,word删除页眉,组件功能与教程,WPS文字,WPS表格/文字/演示/PDF功能与操作，适合功能教程页,,16.0,,,第三方工具-社区SEO,1,
4844,word-break,组件功能与教程,WPS文字,WPS表格/文字/演示/PDF功能与操作，适合功能教程页,,15.0,,,第三方工具-社区SEO,1,
4845,word流程图,组件功能与教程,WPS文字,WPS表格/文字/演示/PDF功能与操作，适合功能教程页,,142.0,,,第三方工具-社区SEO,1,
4846,word2013,组件功能与教程,WPS文字,WPS表格/文字/演示/PDF功能与操作，适合功能教程页,,68.0,,,第三方工具-社区SEO,1,
4847,微软word,组件功能与教程,WPS文字,WPS表格/文字/演示/PDF功能与操作，适合功能教程页,,22.0,,,第三方工具-社区SEO,1,
4848,word分成左右两栏,组件功能与教程,WPS文字,WPS表格/文字/演示/PDF功能与操作，适合功能教程页,,20.0,,,第三方工具-社区SEO,1,
4849,word编号,组件功能与教程,WPS文字,WPS表格/文字/演示/PDF功能与操作，适合功能教程页,,19.0,,,第三方工具-社区SEO,1,
4850,word在试图打开文件时遇到错误,组件功能与教程,WPS文字,WPS表格/文字/演示/PDF功能与操作，适合功能教程页,,19.0,,,第三方工具-社区SEO,1,
4851,word文档目录,组件功能与教程,WPS文字,WPS表格/文字/演示/PDF功能与操作，适合功能教程页,,18.0,,,第三方工具-社区SEO,1,
4852,word公式显示不全,组件功能与教程,WPS文字,WPS表格/文字/演示/PDF功能与操作，适合功能教程页,,18.0,,,第三方工具-社区SEO,1,
4853,word插入文件,组件功能与教程,WPS文字,WPS表格/文字/演示/PDF功能与操作，适合功能教程页,,17.0,,,第三方工具-社区SEO,1,
4854,word字数统计,组件功能与教程,WPS文字,WPS表格/文字/演示/PDF功能与操作，适合功能教程页,,17.0,,,第三方工具-社区SEO,1,
4855,word插入横线,组件功能与教程,WPS文字,WPS表格/文字/演示/PDF功能与操作，适合功能教程页,,16.0,,,第三方工具-社区SEO,1,
4856,word合并单元格快捷键,组件功能与教程,WPS文字,WPS表格/文字/演示/PDF功能与操作，适合功能教程页,,16.0,,,第三方工具-社区SEO,1,
4857,word显示目录,组件功能与教程,WPS文字,WPS表格/文字/演示/PDF功能与操作，适合功能教程页,,15.0,,,第三方工具-社区SEO,1,
4858,word转jpg,组件功能与教程,WPS文字,WPS表格/文字/演示/PDF功能与操作，适合功能教程页,,14.0,,,第三方工具-社区SEO,1,
4859,word基础操作,组件功能与教程,WPS文字,WPS表格/文字/演示/PDF功能与操作，适合功能教程页,,14.0,,,第三方工具-社区SEO,1,
4860,word自动保存,组件功能与教程,WPS文字,WPS表格/文字/演示/PDF功能与操作，适合功能教程页,,16.0,,,第三方工具-社区SEO,1,
4861,word删除页眉横线,组件功能与教程,WPS文字,WPS表格/文字/演示/PDF功能与操作，适合功能教程页,,16.0,,,第三方工具-社区SEO,1,
4862,合并word,组件功能与教程,WPS文字,WPS表格/文字/演示/PDF功能与操作，适合功能教程页,,15.0,,,第三方工具-社区SEO,1,
4863,word上标,组件功能与教程,WPS文字,WPS表格/文字/演示/PDF功能与操作，适合功能教程页,,15.0,,,第三方工具-社区SEO,1,
4864,word删除空格,组件功能与教程,WPS文字,WPS表格/文字/演示/PDF功能与操作，适合功能教程页,,15.0,,,第三方工具-社区SEO,1,
4865,word换行符,组件功能与教程,WPS文字,WPS表格/文字/演示/PDF功能与操作，适合功能教程页,,14.0,,,第三方工具-社区SEO,1,
4866,word关闭修订功能,组件功能与教程,WPS文字,WPS表格/文字/演示/PDF功能与操作，适合功能教程页,,14.0,,,第三方工具-社区SEO,1,
4867,docx是word文件吗,组件功能与教程,WPS文字,WPS表格/文字/演示/PDF功能与操作，适合功能教程页,,46.0,,,第三方工具-社区SEO,1,
4868,word全选快捷键,组件功能与教程,WPS文字,WPS表格/文字/演示/PDF功能与操作，适合功能教程页,,20.0,,,第三方工具-社区SEO,1,
4869,word另存为快捷键,组件功能与教程,WPS文字,WPS表格/文字/演示/PDF功能与操作，适合功能教程页,,18.0,,,第三方工具-社区SEO,1,
4870,word页眉,组件功能与教程,WPS文字,WPS表格/文字/演示/PDF功能与操作，适合功能教程页,,17.0,,,第三方工具-社区SEO,1,
4871,word页边距,组件功能与教程,WPS文字,WPS表格/文字/演示/PDF功能与操作，适合功能教程页,,17.0,,,第三方工具-社区SEO,1,
4872,word对齐,组件功能与教程,WPS文字,WPS表格/文字/演示/PDF功能与操作，适合功能教程页,,15.0,,,第三方工具-社区SEO,1,
4873,word加页码,组件功能与教程,WPS文字,WPS表格/文字/演示/PDF功能与操作，适合功能教程页,,15.0,,,第三方工具-社区SEO,1,
4874,word方框,组件功能与教程,WPS文字,WPS表格/文字/演示/PDF功能与操作，适合功能教程页,,14.0,,,第三方工具-社区SEO,1,
4875,word模版,组件功能与教程,WPS文字,WPS表格/文字/演示/PDF功能与操作，适合功能教程页,,13.0,,,第三方工具-社区SEO,1,
4876,word制作目录,组件功能与教程,WPS文字,WPS表格/文字/演示/PDF功能与操作，适合功能教程页,,13.0,,,第三方工具-社区SEO,1,
4877,打开word,组件功能与教程,WPS文字,WPS表格/文字/演示/PDF功能与操作，适合功能教程页,,12.0,,,第三方工具-社区SEO,1,
4878,word联盟,组件功能与教程,WPS文字,WPS表格/文字/演示/PDF功能与操作，适合功能教程页,,132.0,,,第三方工具-社区SEO,1,
4879,word文档官网,组件功能与教程,WPS文字,WPS表格/文字/演示/PDF功能与操作，适合功能教程页,,45.0,,,第三方工具-社区SEO,1,
4880,word插入脚注,组件功能与教程,WPS文字,WPS表格/文字/演示/PDF功能与操作，适合功能教程页,,18.0,,,第三方工具-社区SEO,1,
4881,word密钥,组件功能与教程,WPS文字,WPS表格/文字/演示/PDF功能与操作，适合功能教程页,,15.0,,,第三方工具-社区SEO,1,
4882,word画流程图,组件功能与教程,WPS文字,WPS表格/文字/演示/PDF功能与操作，适合功能教程页,,15.0,,,第三方工具-社区SEO,1,
4883,word替换快捷键,组件功能与教程,WPS文字,WPS表格/文字/演示/PDF功能与操作，适合功能教程页,,14.0,,,第三方工具-社区SEO,1,
4884,word页眉横线,组件功能与教程,WPS文字,WPS表格/文字/演示/PDF功能与操作，适合功能教程页,,13.0,,,第三方工具-社区SEO,1,
4885,word怎样删除空白页,组件功能与教程,WPS文字,WPS表格/文字/演示/PDF功能与操作，适合功能教程页,,22.0,,,第三方工具-社区SEO,1,
4886,word最后一页空白页删不掉,组件功能与教程,WPS文字,WPS表格/文字/演示/PDF功能与操作，适合功能教程页,,15.0,,,第三方工具-社区SEO,1,
4887,word图标,组件功能与教程,WPS文字,WPS表格/文字/演示/PDF功能与操作，适合功能教程页,,13.0,,,第三方工具-社区SEO,1,
4888,word文字方向,组件功能与教程,WPS文字,WPS表格/文字/演示/PDF功能与操作，适合功能教程页,,13.0,,,第三方工具-社区SEO,1,
4889,word查重,组件功能与教程,WPS文字,WPS表格/文字/演示/PDF功能与操作，适合功能教程页,,13.0,,,第三方工具-社区SEO,1,
4890,word删除一页,组件功能与教程,WPS文字,WPS表格/文字/演示/PDF功能与操作，适合功能教程页,,12.0,,,第三方工具-社区SEO,1,
4891,word下划线不显示,组件功能与教程,WPS文字,WPS表格/文字/演示/PDF功能与操作，适合功能教程页,,12.0,,,第三方工具-社区SEO,1,
4892,word无法插入公式,组件功能与教程,WPS文字,WPS表格/文字/演示/PDF功能与操作，适合功能教程页,,12.0,,,第三方工具-社区SEO,1,
4893,word插入代码,组件功能与教程,WPS文字,WPS表格/文字/演示/PDF功能与操作，适合功能教程页,,11.0,,,第三方工具-社区SEO,1,
4894,word脚注,组件功能与教程,WPS文字,WPS表格/文字/演示/PDF功能与操作，适合功能教程页,,141.0,,,第三方工具-社区SEO,1,
4895,word打不开,组件功能与教程,WPS文字,WPS表格/文字/演示/PDF功能与操作，适合功能教程页,,131.0,,,第三方工具-社区SEO,1,
4896,word转txt,组件功能与教程,WPS文字,WPS表格/文字/演示/PDF功能与操作，适合功能教程页,,18.0,,,第三方工具-社区SEO,1,
4897,word文档格式,组件功能与教程,WPS文字,WPS表格/文字/演示/PDF功能与操作，适合功能教程页,,16.0,,,第三方工具-社区SEO,1,
4898,word产品密钥,组件功能与教程,WPS文字,WPS表格/文字/演示/PDF功能与操作，适合功能教程页,,13.0,,,第三方工具-社区SEO,1,
4899,word制作电子公章,组件功能与教程,WPS文字,WPS表格/文字/演示/PDF功能与操作，适合功能教程页,,13.0,,,第三方工具-社区SEO,1,
4900,word换页,组件功能与教程,WPS文字,WPS表格/文字/演示/PDF功能与操作，适合功能教程页,,12.0,,,第三方工具-社区SEO,1,
4901,word分割线,组件功能与教程,WPS文字,WPS表格/文字/演示/PDF功能与操作，适合功能教程页,,12.0,,,第三方工具-社区SEO,1,
4902,word删除线,组件功能与教程,WPS文字,WPS表格/文字/演示/PDF功能与操作，适合功能教程页,,11.0,,,第三方工具-社区SEO,1,
4903,word显示空格,组件功能与教程,WPS文字,WPS表格/文字/演示/PDF功能与操作，适合功能教程页,,11.0,,,第三方工具-社区SEO,1,
4904,word文档压缩,组件功能与教程,WPS文字,WPS表格/文字/演示/PDF功能与操作，适合功能教程页,,10.0,,,第三方工具-社区SEO,1,
4905,word字体库,组件功能与教程,WPS文字,WPS表格/文字/演示/PDF功能与操作，适合功能教程页,,10.0,,,第三方工具-社区SEO,1,
4906,word字下面有红色波浪线,组件功能与教程,WPS文字,WPS表格/文字/演示/PDF功能与操作，适合功能教程页,,,,,第三方工具-社区SEO,1,
4907,word插入图片显示不全,组件功能与教程,WPS文字,WPS表格/文字/演示/PDF功能与操作，适合功能教程页,,146.0,,,第三方工具-社区SEO,1,
4908,怎样删除空白页word,组件功能与教程,WPS文字,WPS表格/文字/演示/PDF功能与操作，适合功能教程页,,36.0,,,第三方工具-社区SEO,1,
4909,word保存快捷键,组件功能与教程,WPS文字,WPS表格/文字/演示/PDF功能与操作，适合功能教程页,,25.0,,,第三方工具-社区SEO,1,
4910,word文字对齐,组件功能与教程,WPS文字,WPS表格/文字/演示/PDF功能与操作，适合功能教程页,,12.0,,,第三方工具-社区SEO,1,
4911,word分节,组件功能与教程,WPS文字,WPS表格/文字/演示/PDF功能与操作，适合功能教程页,,12.0,,,第三方工具-社区SEO,1,
4912,word段落快捷键,组件功能与教程,WPS文字,WPS表格/文字/演示/PDF功能与操作，适合功能教程页,,12.0,,,第三方工具-社区SEO,1,
4913,word取消修订模式,组件功能与教程,WPS文字,WPS表格/文字/演示/PDF功能与操作，适合功能教程页,,12.0,,,第三方工具-社区SEO,1,
4914,word横线,组件功能与教程,WPS文字,WPS表格/文字/演示/PDF功能与操作，适合功能教程页,,11.0,,,第三方工具-社区SEO,1,
4915,word插入下划线,组件功能与教程,WPS文字,WPS表格/文字/演示/PDF功能与操作，适合功能教程页,,11.0,,,第三方工具-社区SEO,1,
4916,word图片嵌入式显示不全,组件功能与教程,WPS文字,WPS表格/文字/演示/PDF功能与操作，适合功能教程页,,11.0,,,第三方工具-社区SEO,1,
4917,word在线,组件功能与教程,WPS文字,WPS表格/文字/演示/PDF功能与操作，适合功能教程页,,10.0,,,第三方工具-社区SEO,1,
4918,word 插入复选框,组件功能与教程,WPS文字,WPS表格/文字/演示/PDF功能与操作，适合功能教程页,,5.0,,,第三方工具-社区SEO,1,
4919,word加拼音,组件功能与教程,WPS文字,WPS表格/文字/演示/PDF功能与操作，适合功能教程页,,11.0,,,第三方工具-社区SEO,1,
4920,word图片显示不完整,组件功能与教程,WPS文字,WPS表格/文字/演示/PDF功能与操作，适合功能教程页,,11.0,,,第三方工具-社区SEO,1,
4921,word合并单元格的快捷键,组件功能与教程,WPS文字,WPS表格/文字/演示/PDF功能与操作，适合功能教程页,,11.0,,,第三方工具-社区SEO,1,
4922,word英文单词换行断开,组件功能与教程,WPS文字,WPS表格/文字/演示/PDF功能与操作，适合功能教程页,,11.0,,,第三方工具-社区SEO,1,
4923,word签名,组件功能与教程,WPS文字,WPS表格/文字/演示/PDF功能与操作，适合功能教程页,,10.0,,,第三方工具-社区SEO,1,
4924,word无法编辑,组件功能与教程,WPS文字,WPS表格/文字/演示/PDF功能与操作，适合功能教程页,,10.0,,,第三方工具-社区SEO,1,
4925,word三线表,组件功能与教程,WPS文字,WPS表格/文字/演示/PDF功能与操作，适合功能教程页,,10.0,,,第三方工具-社区SEO,1,
4926,word批量打印,组件功能与教程,WPS文字,WPS表格/文字/演示/PDF功能与操作，适合功能教程页,,10.0,,,第三方工具-社区SEO,1,
4927,word删除最后一页空白页,组件功能与教程,WPS文字,WPS表格/文字/演示/PDF功能与操作，适合功能教程页,,10.0,,,第三方工具-社区SEO,1,
4928,怎样在word,组件功能与教程,WPS文字,WPS表格/文字/演示/PDF功能与操作，适合功能教程页,,9.0,,,第三方工具-社区SEO,1,
4929,word回车,组件功能与教程,WPS文字,WPS表格/文字/演示/PDF功能与操作，适合功能教程页,,9.0,,,第三方工具-社区SEO,1,
4930,word删除水印,组件功能与教程,WPS文字,WPS表格/文字/演示/PDF功能与操作，适合功能教程页,,9.0,,,第三方工具-社区SEO,1,
4931,word文件中的图片压缩,组件功能与教程,WPS文字,WPS表格/文字/演示/PDF功能与操作，适合功能教程页,,9.0,,,第三方工具-社区SEO,1,
4932,word制表位,组件功能与教程,WPS文字,WPS表格/文字/演示/PDF功能与操作，适合功能教程页,,133.0,,,第三方工具-社区SEO,1,
4933,word下标,组件功能与教程,WPS文字,WPS表格/文字/演示/PDF功能与操作，适合功能教程页,,126.0,,,第三方工具-社区SEO,1,
4934,word格式刷,组件功能与教程,WPS文字,WPS表格/文字/演示/PDF功能与操作，适合功能教程页,,13.0,,,第三方工具-社区SEO,1,
4935,word分节符在哪,组件功能与教程,WPS文字,WPS表格/文字/演示/PDF功能与操作，适合功能教程页,,13.0,,,第三方工具-社区SEO,1,
4936,word整页复制,组件功能与教程,WPS文字,WPS表格/文字/演示/PDF功能与操作，适合功能教程页,,11.0,,,第三方工具-社区SEO,1,
4937,word背景图片素材,组件功能与教程,WPS文字,WPS表格/文字/演示/PDF功能与操作，适合功能教程页,,11.0,,,第三方工具-社区SEO,1,
4938,word调整行距,组件功能与教程,WPS文字,WPS表格/文字/演示/PDF功能与操作，适合功能教程页,,10.0,,,第三方工具-社区SEO,1,
4939,word文档生成目录,组件功能与教程,WPS文字,WPS表格/文字/演示/PDF功能与操作，适合功能教程页,,10.0,,,第三方工具-社区SEO,1,
4940,word临时文件保存在哪,组件功能与教程,WPS文字,WPS表格/文字/演示/PDF功能与操作，适合功能教程页,,10.0,,,第三方工具-社区SEO,1,
4941,word图片压缩,组件功能与教程,WPS文字,WPS表格/文字/演示/PDF功能与操作，适合功能教程页,,9.0,,,第三方工具-社区SEO,1,
4942,word制表符,组件功能与教程,WPS文字,WPS表格/文字/演示/PDF功能与操作，适合功能教程页,,9.0,,,第三方工具-社区SEO,1,
4943,word添加字体,组件功能与教程,WPS文字,WPS表格/文字/演示/PDF功能与操作，适合功能教程页,,9.0,,,第三方工具-社区SEO,1,
4944,word删除页眉页脚,组件功能与教程,WPS文字,WPS表格/文字/演示/PDF功能与操作，适合功能教程页,,8.0,,,第三方工具-社区SEO,1,
4945,word单页横向,组件功能与教程,WPS文字,WPS表格/文字/演示/PDF功能与操作，适合功能教程页,,8.0,,,第三方工具-社区SEO,1,
4946,word显示分节符,组件功能与教程,WPS文字,WPS表格/文字/演示/PDF功能与操作，适合功能教程页,,8.0,,,第三方工具-社区SEO,1,
4947,word空白页无法删除,组件功能与教程,WPS文字,WPS表格/文字/演示/PDF功能与操作，适合功能教程页,,8.0,,,第三方工具-社区SEO,1,
4948,word-wrap,组件功能与教程,WPS文字,WPS表格/文字/演示/PDF功能与操作，适合功能教程页,,8.0,,,第三方工具-社区SEO,1,
4949,图片粘贴到word显示不全,组件功能与教程,WPS文字,WPS表格/文字/演示/PDF功能与操作，适合功能教程页,,13.0,,,第三方工具-社区SEO,1,
4950,word图片,组件功能与教程,WPS文字,WPS表格/文字/演示/PDF功能与操作，适合功能教程页,,10.0,,,第三方工具-社区SEO,1,
4951,word版本,组件功能与教程,WPS文字,WPS表格/文字/演示/PDF功能与操作，适合功能教程页,,10.0,,,第三方工具-社区SEO,1,
4952,word整页删除,组件功能与教程,WPS文字,WPS表格/文字/演示/PDF功能与操作，适合功能教程页,,10.0,,,第三方工具-社区SEO,1,
4953,word修订,组件功能与教程,WPS文字,WPS表格/文字/演示/PDF功能与操作，适合功能教程页,,9.0,,,第三方工具-社区SEO,1,
4954,word超链接,组件功能与教程,WPS文字,WPS表格/文字/演示/PDF功能与操作，适合功能教程页,,9.0,,,第三方工具-社区SEO,1,
4955,word调整字间距,组件功能与教程,WPS文字,WPS表格/文字/演示/PDF功能与操作，适合功能教程页,,9.0,,,第三方工具-社区SEO,1,
4956,word插入分页符,组件功能与教程,WPS文字,WPS表格/文字/演示/PDF功能与操作，适合功能教程页,,9.0,,,第三方工具-社区SEO,1,
4957,word吞字,组件功能与教程,WPS文字,WPS表格/文字/演示/PDF功能与操作，适合功能教程页,,9.0,,,第三方工具-社区SEO,1,
4958,word文档背景,组件功能与教程,WPS文字,WPS表格/文字/演示/PDF功能与操作，适合功能教程页,,8.0,,,第三方工具-社区SEO,1,
4959,word上划线,组件功能与教程,WPS文字,WPS表格/文字/演示/PDF功能与操作，适合功能教程页,,8.0,,,第三方工具-社区SEO,1,
4960,word显示所有格式标记,组件功能与教程,WPS文字,WPS表格/文字/演示/PDF功能与操作，适合功能教程页,,8.0,,,第三方工具-社区SEO,1,
4961,word编辑,组件功能与教程,WPS文字,WPS表格/文字/演示/PDF功能与操作，适合功能教程页,,7.0,,,第三方工具-社区SEO,1,
4962,word文档文字,组件功能与教程,WPS文字,WPS表格/文字/演示/PDF功能与操作，适合功能教程页,,7.0,,,第三方工具-社区SEO,1,
4963,word横向,组件功能与教程,WPS文字,WPS表格/文字/演示/PDF功能与操作，适合功能教程页,,7.0,,,第三方工具-社区SEO,1,
4964,word表头,组件功能与教程,WPS文字,WPS表格/文字/演示/PDF功能与操作，适合功能教程页,,7.0,,,第三方工具-社区SEO,1,
4965,word拆分,组件功能与教程,WPS文字,WPS表格/文字/演示/PDF功能与操作，适合功能教程页,,7.0,,,第三方工具-社区SEO,1,
4966,word破解,组件功能与教程,WPS文字,WPS表格/文字/演示/PDF功能与操作，适合功能教程页,,7.0,,,第三方工具-社区SEO,1,
4967,word行号,组件功能与教程,WPS文字,WPS表格/文字/演示/PDF功能与操作，适合功能教程页,,7.0,,,第三方工具-社区SEO,1,
4968,word文档翻译,组件功能与教程,WPS文字,WPS表格/文字/演示/PDF功能与操作，适合功能教程页,,7.0,,,第三方工具-社区SEO,1,
4969,word显示标尺,组件功能与教程,WPS文字,WPS表格/文字/演示/PDF功能与操作，适合功能教程页,,7.0,,,第三方工具-社区SEO,1,
4970,word批量删除空行,组件功能与教程,WPS文字,WPS表格/文字/演示/PDF功能与操作，适合功能教程页,,7.0,,,第三方工具-社区SEO,1,
4971,word 打开目录,组件功能与教程,WPS文字,WPS表格/文字/演示/PDF功能与操作，适合功能教程页,,4.0,,,第三方工具-社区SEO,1,
4972,word快捷键大全,组件功能与教程,WPS文字,WPS表格/文字/演示/PDF功能与操作，适合功能教程页,,130.0,,,第三方工具-社区SEO,1,
4973,word对号,组件功能与教程,WPS文字,WPS表格/文字/演示/PDF功能与操作，适合功能教程页,,59.0,,,第三方工具-社区SEO,1,
4974,word文件,组件功能与教程,WPS文字,WPS表格/文字/演示/PDF功能与操作，适合功能教程页,,16.0,,,第三方工具-社区SEO,1,
4975,word查找,组件功能与教程,WPS文字,WPS表格/文字/演示/PDF功能与操作，适合功能教程页,,11.0,,,第三方工具-社区SEO,1,
4976,word文档排版,组件功能与教程,WPS文字,WPS表格/文字/演示/PDF功能与操作，适合功能教程页,,10.0,,,第三方工具-社区SEO,1,
4977,word标题,组件功能与教程,WPS文字,WPS表格/文字/演示/PDF功能与操作，适合功能教程页,,9.0,,,第三方工具-社区SEO,1,
4978,word插入空白页,组件功能与教程,WPS文字,WPS表格/文字/演示/PDF功能与操作，适合功能教程页,,9.0,,,第三方工具-社区SEO,1,
4979,word插入图片不显示,组件功能与教程,WPS文字,WPS表格/文字/演示/PDF功能与操作，适合功能教程页,,9.0,,,第三方工具-社区SEO,1,
4980,批量打印word文档,组件功能与教程,WPS文字,WPS表格/文字/演示/PDF功能与操作，适合功能教程页,,9.0,,,第三方工具-社区SEO,1,
4981,word背景颜色,组件功能与教程,WPS文字,WPS表格/文字/演示/PDF功能与操作，适合功能教程页,,8.0,,,第三方工具-社区SEO,1,
4982,word删除页码,组件功能与教程,WPS文字,WPS表格/文字/演示/PDF功能与操作，适合功能教程页,,8.0,,,第三方工具-社区SEO,1,
4983,word兼容模式,组件功能与教程,WPS文字,WPS表格/文字/演示/PDF功能与操作，适合功能教程页,,8.0,,,第三方工具-社区SEO,1,
4984,word垂直居中,组件功能与教程,WPS文字,WPS表格/文字/演示/PDF功能与操作，适合功能教程页,,8.0,,,第三方工具-社区SEO,1,
4985,word 添加行号,组件功能与教程,WPS文字,WPS表格/文字/演示/PDF功能与操作，适合功能教程页,,8.0,,,第三方工具-社区SEO,1,
4986,word空格下划线不显示,组件功能与教程,WPS文字,WPS表格/文字/演示/PDF功能与操作，适合功能教程页,,8.0,,,第三方工具-社区SEO,1,
4987,word不能插入公式,组件功能与教程,WPS文字,WPS表格/文字/演示/PDF功能与操作，适合功能教程页,,8.0,,,第三方工具-社区SEO,1,
4988,word空格,组件功能与教程,WPS文字,WPS表格/文字/演示/PDF功能与操作，适合功能教程页,,7.0,,,第三方工具-社区SEO,1,
4989,word文件压缩,组件功能与教程,WPS文字,WPS表格/文字/演示/PDF功能与操作，适合功能教程页,,7.0,,,第三方工具-社区SEO,1,
4990,word复选框,组件功能与教程,WPS文字,WPS表格/文字/演示/PDF功能与操作，适合功能教程页,,7.0,,,第三方工具-社区SEO,1,
4991,word对勾,组件功能与教程,WPS文字,WPS表格/文字/演示/PDF功能与操作，适合功能教程页,,7.0,,,第三方工具-社区SEO,1,
4992,word修改模式,组件功能与教程,WPS文字,WPS表格/文字/演示/PDF功能与操作，适合功能教程页,,7.0,,,第三方工具-社区SEO,1,
4993,word解密,组件功能与教程,WPS文字,WPS表格/文字/演示/PDF功能与操作，适合功能教程页,,7.0,,,第三方工具-社区SEO,1,
4994,网页版word,组件功能与教程,WPS文字,WPS表格/文字/演示/PDF功能与操作，适合功能教程页,,7.0,,,第三方工具-社区SEO,1,
4995,word删除节,组件功能与教程,WPS文字,WPS表格/文字/演示/PDF功能与操作，适合功能教程页,,7.0,,,第三方工具-社区SEO,1,
4996,word显示行数,组件功能与教程,WPS文字,WPS表格/文字/演示/PDF功能与操作，适合功能教程页,,7.0,,,第三方工具-社区SEO,1,
4997,word替换回车,组件功能与教程,WPS文字,WPS表格/文字/演示/PDF功能与操作，适合功能教程页,,7.0,,,第三方工具-社区SEO,1,
4998,word删除所有批注,组件功能与教程,WPS文字,WPS表格/文字/演示/PDF功能与操作，适合功能教程页,,7.0,,,第三方工具-社区SEO,1,
4999,word 页脚,组件功能与教程,WPS文字,WPS表格/文字/演示/PDF功能与操作，适合功能教程页,,6.0,,,第三方工具-社区SEO,1,
5000,word文档修复,组件功能与教程,WPS文字,WPS表格/文字/演示/PDF功能与操作，适合功能教程页,,59.0,,,第三方工具-社区SEO,1,
5001,word求和公式,组件功能与教程,WPS文字,WPS表格/文字/演示/PDF功能与操作，适合功能教程页,,11.0,,,第三方工具-社区SEO,1,
5002,word排序,组件功能与教程,WPS文字,WPS表格/文字/演示/PDF功能与操作，适合功能教程页,,9.0,,,第三方工具-社区SEO,1,
5003,word边框,组件功能与教程,WPS文字,WPS表格/文字/演示/PDF功能与操作，适合功能教程页,,8.0,,,第三方工具-社区SEO,1,
5004,word图片居中,组件功能与教程,WPS文字,WPS表格/文字/演示/PDF功能与操作，适合功能教程页,,8.0,,,第三方工具-社区SEO,1,
5005,word插入批注,组件功能与教程,WPS文字,WPS表格/文字/演示/PDF功能与操作，适合功能教程页,,8.0,,,第三方工具-社区SEO,1,
5006,word引用,组件功能与教程,WPS文字,WPS表格/文字/演示/PDF功能与操作，适合功能教程页,,7.0,,,第三方工具-社区SEO,1,
5007,word文字竖排,组件功能与教程,WPS文字,WPS表格/文字/演示/PDF功能与操作，适合功能教程页,,7.0,,,第三方工具-社区SEO,1,
5008,word做目录,组件功能与教程,WPS文字,WPS表格/文字/演示/PDF功能与操作，适合功能教程页,,7.0,,,第三方工具-社区SEO,1,
5009,word图片旋转,组件功能与教程,WPS文字,WPS表格/文字/演示/PDF功能与操作，适合功能教程页,,7.0,,,第三方工具-社区SEO,1,
5010,word思维导图,组件功能与教程,WPS文字,WPS表格/文字/演示/PDF功能与操作，适合功能教程页,,7.0,,,第三方工具-社区SEO,1,
5011,word操作题,组件功能与教程,WPS文字,WPS表格/文字/演示/PDF功能与操作，适合功能教程页,,7.0,,,第三方工具-社区SEO,1,
5012,word加目录,组件功能与教程,WPS文字,WPS表格/文字/演示/PDF功能与操作，适合功能教程页,,7.0,,,第三方工具-社区SEO,1,
5013,word取消密码,组件功能与教程,WPS文字,WPS表格/文字/演示/PDF功能与操作，适合功能教程页,,7.0,,,第三方工具-社区SEO,1,
5014,word插入附件,组件功能与教程,WPS文字,WPS表格/文字/演示/PDF功能与操作，适合功能教程页,,7.0,,,第三方工具-社区SEO,1,
5015,word调整页边距,组件功能与教程,WPS文字,WPS表格/文字/演示/PDF功能与操作，适合功能教程页,,7.0,,,第三方工具-社区SEO,1,
5016,Word不显示字数,组件功能与教程,WPS文字,WPS表格/文字/演示/PDF功能与操作，适合功能教程页,,7.0,,,第三方工具-社区SEO,1,
5017,word清除格式快捷键,组件功能与教程,WPS文字,WPS表格/文字/演示/PDF功能与操作，适合功能教程页,,7.0,,,第三方工具-社区SEO,1,
5018,删除word,组件功能与教程,WPS文字,WPS表格/文字/演示/PDF功能与操作，适合功能教程页,,6.0,,,第三方工具-社区SEO,1,
5019,word数字,组件功能与教程,WPS文字,WPS表格/文字/演示/PDF功能与操作，适合功能教程页,,6.0,,,第三方工具-社区SEO,1,
5020,word参考文献,组件功能与教程,WPS文字,WPS表格/文字/演示/PDF功能与操作，适合功能教程页,,6.0,,,第三方工具-社区SEO,1,
5021,word中插入图片,组件功能与教程,WPS文字,WPS表格/文字/演示/PDF功能与操作，适合功能教程页,,6.0,,,第三方工具-社区SEO,1,
5022,word插入方框,组件功能与教程,WPS文字,WPS表格/文字/演示/PDF功能与操作，适合功能教程页,,6.0,,,第三方工具-社区SEO,1,
5023,word限制编辑,组件功能与教程,WPS文字,WPS表格/文字/演示/PDF功能与操作，适合功能教程页,,6.0,,,第三方工具-社区SEO,1,
5024,word删除最后一页,组件功能与教程,WPS文字,WPS表格/文字/演示/PDF功能与操作，适合功能教程页,,6.0,,,第三方工具-社区SEO,1,
5025,word自动排版,组件功能与教程,WPS文字,WPS表格/文字/演示/PDF功能与操作，适合功能教程页,,6.0,,,第三方工具-社区SEO,1,
5026,word不显示批注,组件功能与教程,WPS文字,WPS表格/文字/演示/PDF功能与操作，适合功能教程页,,6.0,,,第三方工具-社区SEO,1,
5027,word插入参考文献,组件功能与教程,WPS文字,WPS表格/文字/演示/PDF功能与操作，适合功能教程页,,6.0,,,第三方工具-社区SEO,1,
5028,word插入分割线,组件功能与教程,WPS文字,WPS表格/文字/演示/PDF功能与操作，适合功能教程页,,6.0,,,第三方工具-社区SEO,1,
5029,word显示行号,组件功能与教程,WPS文字,WPS表格/文字/演示/PDF功能与操作，适合功能教程页,,6.0,,,第三方工具-社区SEO,1,
5030,word文档破解版,组件功能与教程,WPS文字,WPS表格/文字/演示/PDF功能与操作，适合功能教程页,,6.0,,,第三方工具-社区SEO,1,
5031,word插入复选框,组件功能与教程,WPS文字,WPS表格/文字/演示/PDF功能与操作，适合功能教程页,,6.0,,,第三方工具-社区SEO,1,
5032,word删除线快捷键,组件功能与教程,WPS文字,WPS表格/文字/演示/PDF功能与操作，适合功能教程页,,6.0,,,第三方工具-社区SEO,1,
5033,word转epub,组件功能与教程,WPS文字,WPS表格/文字/演示/PDF功能与操作，适合功能教程页,,6.0,,,第三方工具-社区SEO,1,
5034,word打空格出现点点,组件功能与教程,WPS文字,WPS表格/文字/演示/PDF功能与操作，适合功能教程页,,,,,第三方工具-社区SEO,1,
5035,word目录自动生成,组件功能与教程,WPS文字,WPS表格/文字/演示/PDF功能与操作，适合功能教程页,,124.0,,,第三方工具-社区SEO,1,
5036,word目录生成,组件功能与教程,WPS文字,WPS表格/文字/演示/PDF功能与操作，适合功能教程页,,64.0,,,第三方工具-社区SEO,1,
5037,word统一调整图片尺寸,组件功能与教程,WPS文字,WPS表格/文字/演示/PDF功能与操作，适合功能教程页,,18.0,,,第三方工具-社区SEO,1,
5038,word截图,组件功能与教程,WPS文字,WPS表格/文字/演示/PDF功能与操作，适合功能教程页,,11.0,,,第三方工具-社区SEO,1,
5039,word 装订线,组件功能与教程,WPS文字,WPS表格/文字/演示/PDF功能与操作，适合功能教程页,,9.0,,,第三方工具-社区SEO,1,
5040,word居中,组件功能与教程,WPS文字,WPS表格/文字/演示/PDF功能与操作，适合功能教程页,,8.0,,,第三方工具-社区SEO,1,
5041,word版,组件功能与教程,WPS文字,WPS表格/文字/演示/PDF功能与操作，适合功能教程页,,7.0,,,第三方工具-社区SEO,1,
5042,word文档下划线,组件功能与教程,WPS文字,WPS表格/文字/演示/PDF功能与操作，适合功能教程页,,7.0,,,第三方工具-社区SEO,1,
5043,word加下划线,组件功能与教程,WPS文字,WPS表格/文字/演示/PDF功能与操作，适合功能教程页,,7.0,,,第三方工具-社区SEO,1,
5044,word角标,组件功能与教程,WPS文字,WPS表格/文字/演示/PDF功能与操作，适合功能教程页,,7.0,,,第三方工具-社区SEO,1,
5045,word添加下划线,组件功能与教程,WPS文字,WPS表格/文字/演示/PDF功能与操作，适合功能教程页,,7.0,,,第三方工具-社区SEO,1,
5046,word下划线快捷键,组件功能与教程,WPS文字,WPS表格/文字/演示/PDF功能与操作，适合功能教程页,,7.0,,,第三方工具-社区SEO,1,
5047,word加粗快捷键,组件功能与教程,WPS文字,WPS表格/文字/演示/PDF功能与操作，适合功能教程页,,7.0,,,第三方工具-社区SEO,1,
5048,word有一段空白删不掉,组件功能与教程,WPS文字,WPS表格/文字/演示/PDF功能与操作，适合功能教程页,,7.0,,,第三方工具-社区SEO,1,
5049,word导航,组件功能与教程,WPS文字,WPS表格/文字/演示/PDF功能与操作，适合功能教程页,,6.0,,,第三方工具-社区SEO,1,
5050,word分隔符,组件功能与教程,WPS文字,WPS表格/文字/演示/PDF功能与操作，适合功能教程页,,6.0,,,第三方工具-社区SEO,1,
5051,word图片排版,组件功能与教程,WPS文字,WPS表格/文字/演示/PDF功能与操作，适合功能教程页,,6.0,,,第三方工具-社区SEO,1,
5052,word插入背景,组件功能与教程,WPS文字,WPS表格/文字/演示/PDF功能与操作，适合功能教程页,,6.0,,,第三方工具-社区SEO,1,
5053,word加密码,组件功能与教程,WPS文字,WPS表格/文字/演示/PDF功能与操作，适合功能教程页,,6.0,,,第三方工具-社区SEO,1,
5054,身份证word尺寸,组件功能与教程,WPS文字,WPS表格/文字/演示/PDF功能与操作，适合功能教程页,,6.0,,,第三方工具-社区SEO,1,
5055,word关闭自动编号,组件功能与教程,WPS文字,WPS表格/文字/演示/PDF功能与操作，适合功能教程页,,6.0,,,第三方工具-社区SEO,1,
5056,word调整页面顺序,组件功能与教程,WPS文字,WPS表格/文字/演示/PDF功能与操作，适合功能教程页,,6.0,,,第三方工具-社区SEO,1,
5057,word样式,组件功能与教程,WPS文字,WPS表格/文字/演示/PDF功能与操作，适合功能教程页,,5.0,,,第三方工具-社区SEO,1,
5058,word显示页码,组件功能与教程,WPS文字,WPS表格/文字/演示/PDF功能与操作，适合功能教程页,,5.0,,,第三方工具-社区SEO,1,
5059,word田字格,组件功能与教程,WPS文字,WPS表格/文字/演示/PDF功能与操作，适合功能教程页,,5.0,,,第三方工具-社区SEO,1,
5060,word修复,组件功能与教程,WPS文字,WPS表格/文字/演示/PDF功能与操作，适合功能教程页,,5.0,,,第三方工具-社区SEO,1,
5061,word目录更新,组件功能与教程,WPS文字,WPS表格/文字/演示/PDF功能与操作，适合功能教程页,,5.0,,,第三方工具-社区SEO,1,
5062,word文件合并,组件功能与教程,WPS文字,WPS表格/文字/演示/PDF功能与操作，适合功能教程页,,5.0,,,第三方工具-社区SEO,1,
5063,word多级列表,组件功能与教程,WPS文字,WPS表格/文字/演示/PDF功能与操作，适合功能教程页,,5.0,,,第三方工具-社区SEO,1,
5064,word激活码,组件功能与教程,WPS文字,WPS表格/文字/演示/PDF功能与操作，适合功能教程页,,5.0,,,第三方工具-社区SEO,1,
5065,word页码不连续,组件功能与教程,WPS文字,WPS表格/文字/演示/PDF功能与操作，适合功能教程页,,5.0,,,第三方工具-社区SEO,1,
5066,word文档加水印,组件功能与教程,WPS文字,WPS表格/文字/演示/PDF功能与操作，适合功能教程页,,5.0,,,第三方工具-社区SEO,1,
5067,word创建目录,组件功能与教程,WPS文字,WPS表格/文字/演示/PDF功能与操作，适合功能教程页,,5.0,,,第三方工具-社区SEO,1,
5068,word打开目录,组件功能与教程,WPS文字,WPS表格/文字/演示/PDF功能与操作，适合功能教程页,,5.0,,,第三方工具-社区SEO,1,
5069,word删除脚注,组件功能与教程,WPS文字,WPS表格/文字/演示/PDF功能与操作，适合功能教程页,,5.0,,,第三方工具-社区SEO,1,
5070,word隐藏批注,组件功能与教程,WPS文字,WPS表格/文字/演示/PDF功能与操作，适合功能教程页,,5.0,,,第三方工具-社区SEO,1,
5071,word工具箱,组件功能与教程,WPS文字,WPS表格/文字/演示/PDF功能与操作，适合功能教程页,,5.0,,,第三方工具-社区SEO,1,
5072,word插入对号,组件功能与教程,WPS文字,WPS表格/文字/演示/PDF功能与操作，适合功能教程页,,5.0,,,第三方工具-社区SEO,1,
5073,word框里打勾,组件功能与教程,WPS文字,WPS表格/文字/演示/PDF功能与操作，适合功能教程页,,5.0,,,第三方工具-社区SEO,1,
5074,word公式自动编号,组件功能与教程,WPS文字,WPS表格/文字/演示/PDF功能与操作，适合功能教程页,,5.0,,,第三方工具-社区SEO,1,
5075,word文档修复工具,组件功能与教程,WPS文字,WPS表格/文字/演示/PDF功能与操作，适合功能教程页,,5.0,,,第三方工具-社区SEO,1,
5076,word删除当前页,组件功能与教程,WPS文字,WPS表格/文字/演示/PDF功能与操作，适合功能教程页,,5.0,,,第三方工具-社区SEO,1,
5077,word文档在线使用,组件功能与教程,WPS文字,WPS表格/文字/演示/PDF功能与操作，适合功能教程页,,5.0,,,第三方工具-社区SEO,1,
5078,word画图,组件功能与教程,WPS文字,WPS表格/文字/演示/PDF功能与操作，适合功能教程页,,133.0,,,第三方工具-社区SEO,1,
5079,word底纹,组件功能与教程,WPS文字,WPS表格/文字/演示/PDF功能与操作，适合功能教程页,,125.0,,,第三方工具-社区SEO,1,
5080,word两端对齐,组件功能与教程,WPS文字,WPS表格/文字/演示/PDF功能与操作，适合功能教程页,,121.0,,,第三方工具-社区SEO,1,
5081,word修复工具,组件功能与教程,WPS文字,WPS表格/文字/演示/PDF功能与操作，适合功能教程页,,66.0,,,第三方工具-社区SEO,1,
5082,word密码,组件功能与教程,WPS文字,WPS表格/文字/演示/PDF功能与操作，适合功能教程页,,59.0,,,第三方工具-社区SEO,1,
5083,word删除空白页快捷键,组件功能与教程,WPS文字,WPS表格/文字/演示/PDF功能与操作，适合功能教程页,,10.0,,,第三方工具-社区SEO,1,
5084,word字符间距,组件功能与教程,WPS文字,WPS表格/文字/演示/PDF功能与操作，适合功能教程页,,9.0,,,第三方工具-社区SEO,1,
5085,word文档后缀,组件功能与教程,WPS文字,WPS表格/文字/演示/PDF功能与操作，适合功能教程页,,9.0,,,第三方工具-社区SEO,1,
5086,word文档编辑,组件功能与教程,WPS文字,WPS表格/文字/演示/PDF功能与操作，适合功能教程页,,8.0,,,第三方工具-社区SEO,1,
5087,word隐藏文字,组件功能与教程,WPS文字,WPS表格/文字/演示/PDF功能与操作，适合功能教程页,,8.0,,,第三方工具-社区SEO,1,
5088,word文档自动生成目录,组件功能与教程,WPS文字,WPS表格/文字/演示/PDF功能与操作，适合功能教程页,,8.0,,,第三方工具-社区SEO,1,
5089,word加横线,组件功能与教程,WPS文字,WPS表格/文字/演示/PDF功能与操作，适合功能教程页,,7.0,,,第三方工具-社区SEO,1,
5090,word文档插入图片,组件功能与教程,WPS文字,WPS表格/文字/演示/PDF功能与操作，适合功能教程页,,7.0,,,第三方工具-社区SEO,1,
5091,word下一页快捷键,组件功能与教程,WPS文字,WPS表格/文字/演示/PDF功能与操作，适合功能教程页,,7.0,,,第三方工具-社区SEO,1,
5092,word文字垂直对齐,组件功能与教程,WPS文字,WPS表格/文字/演示/PDF功能与操作，适合功能教程页,,7.0,,,第三方工具-社区SEO,1,
5093,图片复制到word显示不全,组件功能与教程,WPS文字,WPS表格/文字/演示/PDF功能与操作，适合功能教程页,,7.0,,,第三方工具-社区SEO,1,
5094,word全屏显示快捷键,组件功能与教程,WPS文字,WPS表格/文字/演示/PDF功能与操作，适合功能教程页,,7.0,,,第三方工具-社区SEO,1,
5095,word页脚,组件功能与教程,WPS文字,WPS表格/文字/演示/PDF功能与操作，适合功能教程页,,6.0,,,第三方工具-社区SEO,1,
5096,word序号,组件功能与教程,WPS文字,WPS表格/文字/演示/PDF功能与操作，适合功能教程页,,6.0,,,第三方工具-社区SEO,1,
5097,word乱码,组件功能与教程,WPS文字,WPS表格/文字/演示/PDF功能与操作，适合功能教程页,,6.0,,,第三方工具-社区SEO,1,
5098,word插入文档,组件功能与教程,WPS文字,WPS表格/文字/演示/PDF功能与操作，适合功能教程页,,6.0,,,第三方工具-社区SEO,1,
5099,word页眉页脚,组件功能与教程,WPS文字,WPS表格/文字/演示/PDF功能与操作，适合功能教程页,,6.0,,,第三方工具-社区SEO,1,
5100,word文字居中,组件功能与教程,WPS文字,WPS表格/文字/演示/PDF功能与操作，适合功能教程页,,6.0,,,第三方工具-社区SEO,1,
5101,word书签,组件功能与教程,WPS文字,WPS表格/文字/演示/PDF功能与操作，适合功能教程页,,6.0,,,第三方工具-社区SEO,1,
5102,word制作流程图,组件功能与教程,WPS文字,WPS表格/文字/演示/PDF功能与操作，适合功能教程页,,6.0,,,第三方工具-社区SEO,1,
5103,word做流程图,组件功能与教程,WPS文字,WPS表格/文字/演示/PDF功能与操作，适合功能教程页,,6.0,,,第三方工具-社区SEO,1,
5104,word插入序号,组件功能与教程,WPS文字,WPS表格/文字/演示/PDF功能与操作，适合功能教程页,,6.0,,,第三方工具-社区SEO,1,
5105,word关闭批注,组件功能与教程,WPS文字,WPS表格/文字/演示/PDF功能与操作，适合功能教程页,,6.0,,,第三方工具-社区SEO,1,
5106,word选中所有图片,组件功能与教程,WPS文字,WPS表格/文字/演示/PDF功能与操作，适合功能教程页,,6.0,,,第三方工具-社区SEO,1,
5107,word关闭批注模式,组件功能与教程,WPS文字,WPS表格/文字/演示/PDF功能与操作，适合功能教程页,,6.0,,,第三方工具-社区SEO,1,
5108,word通配符一览表,组件功能与教程,WPS文字,WPS表格/文字/演示/PDF功能与操作，适合功能教程页,,6.0,,,第三方工具-社区SEO,1,
5109,word箭头,组件功能与教程,WPS文字,WPS表格/文字/演示/PDF功能与操作，适合功能教程页,,5.0,,,第三方工具-社区SEO,1,
5110,word文档页面,组件功能与教程,WPS文字,WPS表格/文字/演示/PDF功能与操作，适合功能教程页,,5.0,,,第三方工具-社区SEO,1,
5111,word目录页码,组件功能与教程,WPS文字,WPS表格/文字/演示/PDF功能与操作，适合功能教程页,,5.0,,,第三方工具-社区SEO,1,
5112,word自动目录,组件功能与教程,WPS文字,WPS表格/文字/演示/PDF功能与操作，适合功能教程页,,5.0,,,第三方工具-社区SEO,1,
5113,合并word文档,组件功能与教程,WPS文字,WPS表格/文字/演示/PDF功能与操作，适合功能教程页,,5.0,,,第三方工具-社区SEO,1,
5114,word不能编辑,组件功能与教程,WPS文字,WPS表格/文字/演示/PDF功能与操作，适合功能教程页,,5.0,,,第三方工具-社区SEO,1,
5115,word信纸,组件功能与教程,WPS文字,WPS表格/文字/演示/PDF功能与操作，适合功能教程页,,5.0,,,第三方工具-社区SEO,1,
5116,在word2010,组件功能与教程,WPS文字,WPS表格/文字/演示/PDF功能与操作，适合功能教程页,,5.0,,,第三方工具-社区SEO,1,
5117,word显示批注,组件功能与教程,WPS文字,WPS表格/文字/演示/PDF功能与操作，适合功能教程页,,5.0,,,第三方工具-社区SEO,1,
5118,word官方,组件功能与教程,WPS文字,WPS表格/文字/演示/PDF功能与操作，适合功能教程页,,5.0,,,第三方工具-社区SEO,1,
5119,word文档打勾,组件功能与教程,WPS文字,WPS表格/文字/演示/PDF功能与操作，适合功能教程页,,5.0,,,第三方工具-社区SEO,1,
5120,word文件加密,组件功能与教程,WPS文字,WPS表格/文字/演示/PDF功能与操作，适合功能教程页,,5.0,,,第三方工具-社区SEO,1,
5121,word去掉水印,组件功能与教程,WPS文字,WPS表格/文字/演示/PDF功能与操作，适合功能教程页,,5.0,,,第三方工具-社区SEO,1,
5122,word输入分数,组件功能与教程,WPS文字,WPS表格/文字/演示/PDF功能与操作，适合功能教程页,,5.0,,,第三方工具-社区SEO,1,
5123,论文格式word,组件功能与教程,WPS文字,WPS表格/文字/演示/PDF功能与操作，适合功能教程页,,5.0,,,第三方工具-社区SEO,1,
5124,word批量插入图片,组件功能与教程,WPS文字,WPS表格/文字/演示/PDF功能与操作，适合功能教程页,,5.0,,,第三方工具-社区SEO,1,
5125,word全选图片,组件功能与教程,WPS文字,WPS表格/文字/演示/PDF功能与操作，适合功能教程页,,5.0,,,第三方工具-社区SEO,1,
5126,word勾选框,组件功能与教程,WPS文字,WPS表格/文字/演示/PDF功能与操作，适合功能教程页,,5.0,,,第三方工具-社区SEO,1,
5127,word标题自动编号,组件功能与教程,WPS文字,WPS表格/文字/演示/PDF功能与操作，适合功能教程页,,5.0,,,第三方工具-社区SEO,1,
5128,word单独一页横向,组件功能与教程,WPS文字,WPS表格/文字/演示/PDF功能与操作，适合功能教程页,,5.0,,,第三方工具-社区SEO,1,
5129,java导出word,组件功能与教程,WPS文字,WPS表格/文字/演示/PDF功能与操作，适合功能教程页,,5.0,,,第三方工具-社区SEO,1,
5130,word激活工具,组件功能与教程,WPS文字,WPS表格/文字/演示/PDF功能与操作，适合功能教程页,,5.0,,,第三方工具-社区SEO,1,
5131,word取消分页符,组件功能与教程,WPS文字,WPS表格/文字/演示/PDF功能与操作，适合功能教程页,,5.0,,,第三方工具-社区SEO,1,
5132,word绿色版,组件功能与教程,WPS文字,WPS表格/文字/演示/PDF功能与操作，适合功能教程页,,5.0,,,第三方工具-社区SEO,1,
5133,word公式换行,组件功能与教程,WPS文字,WPS表格/文字/演示/PDF功能与操作，适合功能教程页,,5.0,,,第三方工具-社区SEO,1,
5134,word删除换行符,组件功能与教程,WPS文字,WPS表格/文字/演示/PDF功能与操作，适合功能教程页,,5.0,,,第三方工具-社区SEO,1,
5135,word 代码块,组件功能与教程,WPS文字,WPS表格/文字/演示/PDF功能与操作，适合功能教程页,,5.0,,,第三方工具-社区SEO,1,
5136,压缩word文件大小,组件功能与教程,WPS文字,WPS表格/文字/演示/PDF功能与操作，适合功能教程页,,5.0,,,第三方工具-社区SEO,1,
5137,word必备工具箱,组件功能与教程,WPS文字,WPS表格/文字/演示/PDF功能与操作，适合功能教程页,,5.0,,,第三方工具-社区SEO,1,
5138,word替换换行符,组件功能与教程,WPS文字,WPS表格/文字/演示/PDF功能与操作，适合功能教程页,,5.0,,,第三方工具-社区SEO,1,
5139,word转latex,组件功能与教程,WPS文字,WPS表格/文字/演示/PDF功能与操作，适合功能教程页,,5.0,,,第三方工具-社区SEO,1,
5140,word文档在线压缩,组件功能与教程,WPS文字,WPS表格/文字/演示/PDF功能与操作，适合功能教程页,,5.0,,,第三方工具-社区SEO,1,
5141,word纸张方向变横,组件功能与教程,WPS文字,WPS表格/文字/演示/PDF功能与操作，适合功能教程页,,,,,第三方工具-社区SEO,1,
5142,word艺术字,组件功能与教程,WPS文字,WPS表格/文字/演示/PDF功能与操作，适合功能教程页,,170.0,,,第三方工具-社区SEO,1,
5143,word文档打不开,组件功能与教程,WPS文字,WPS表格/文字/演示/PDF功能与操作，适合功能教程页,,122.0,,,第三方工具-社区SEO,1,
5144,word文档解密,组件功能与教程,WPS文字,WPS表格/文字/演示/PDF功能与操作，适合功能教程页,,61.0,,,第三方工具-社区SEO,1,
5145,word上下标,组件功能与教程,WPS文字,WPS表格/文字/演示/PDF功能与操作，适合功能教程页,,59.0,,,第三方工具-社区SEO,1,
5146,新建word文档,组件功能与教程,WPS文字,WPS表格/文字/演示/PDF功能与操作，适合功能教程页,,19.0,,,第三方工具-社区SEO,1,
5147,word首字下沉,组件功能与教程,WPS文字,WPS表格/文字/演示/PDF功能与操作，适合功能教程页,,19.0,,,第三方工具-社区SEO,1,
5148,word宏,组件功能与教程,WPS文字,WPS表格/文字/演示/PDF功能与操作，适合功能教程页,,12.0,,,第三方工具-社区SEO,1,
5149,word后缀,组件功能与教程,WPS文字,WPS表格/文字/演示/PDF功能与操作，适合功能教程页,,9.0,,,第三方工具-社区SEO,1,
5150,word文档背景图,组件功能与教程,WPS文字,WPS表格/文字/演示/PDF功能与操作，适合功能教程页,,9.0,,,第三方工具-社区SEO,1,
5151,word怎样生成目录,组件功能与教程,WPS文字,WPS表格/文字/演示/PDF功能与操作，适合功能教程页,,7.0,,,第三方工具-社区SEO,1,
5152,word文档全选,组件功能与教程,WPS文字,WPS表格/文字/演示/PDF功能与操作，适合功能教程页,,6.0,,,第三方工具-社区SEO,1,
5153,word另起一页,组件功能与教程,WPS文字,WPS表格/文字/演示/PDF功能与操作，适合功能教程页,,6.0,,,第三方工具-社区SEO,1,
5154,word新建空白页,组件功能与教程,WPS文字,WPS表格/文字/演示/PDF功能与操作，适合功能教程页,,6.0,,,第三方工具-社区SEO,1,
5155,word保存,组件功能与教程,WPS文字,WPS表格/文字/演示/PDF功能与操作，适合功能教程页,,5.0,,,第三方工具-社区SEO,1,
5156,word打印预览,组件功能与教程,WPS文字,WPS表格/文字/演示/PDF功能与操作，适合功能教程页,,5.0,,,第三方工具-社区SEO,1,
5157,word导出图片,组件功能与教程,WPS文字,WPS表格/文字/演示/PDF功能与操作，适合功能教程页,,5.0,,,第三方工具-社区SEO,1,
5158,word文档封面,组件功能与教程,WPS文字,WPS表格/文字/演示/PDF功能与操作，适合功能教程页,,5.0,,,第三方工具-社区SEO,1,
5159,word无法保存,组件功能与教程,WPS文字,WPS表格/文字/演示/PDF功能与操作，适合功能教程页,,5.0,,,第三方工具-社区SEO,1,
5160,word复制整页,组件功能与教程,WPS文字,WPS表格/文字/演示/PDF功能与操作，适合功能教程页,,5.0,,,第三方工具-社区SEO,1,
5161,word默认字体,组件功能与教程,WPS文字,WPS表格/文字/演示/PDF功能与操作，适合功能教程页,,5.0,,,第三方工具-社区SEO,1,
5162,word文档背景图片,组件功能与教程,WPS文字,WPS表格/文字/演示/PDF功能与操作，适合功能教程页,,5.0,,,第三方工具-社区SEO,1,
5163,word文字上下居中,组件功能与教程,WPS文字,WPS表格/文字/演示/PDF功能与操作，适合功能教程页,,5.0,,,第三方工具-社区SEO,1,
5164,word调整行间距,组件功能与教程,WPS文字,WPS表格/文字/演示/PDF功能与操作，适合功能教程页,,5.0,,,第三方工具-社区SEO,1,
5165,word做思维导图,组件功能与教程,WPS文字,WPS表格/文字/演示/PDF功能与操作，适合功能教程页,,5.0,,,第三方工具-社区SEO,1,
5166,word底色,组件功能与教程,WPS文字,WPS表格/文字/演示/PDF功能与操作，适合功能教程页,,4.0,,,第三方工具-社区SEO,1,
5167,压缩word,组件功能与教程,WPS文字,WPS表格/文字/演示/PDF功能与操作，适合功能教程页,,4.0,,,第三方工具-社区SEO,1,
5168,word只读,组件功能与教程,WPS文字,WPS表格/文字/演示/PDF功能与操作，适合功能教程页,,4.0,,,第三方工具-社区SEO,1,
5169,word背景色,组件功能与教程,WPS文字,WPS表格/文字/演示/PDF功能与操作，适合功能教程页,,4.0,,,第三方工具-社区SEO,1,
5170,word改写,组件功能与教程,WPS文字,WPS表格/文字/演示/PDF功能与操作，适合功能教程页,,4.0,,,第三方工具-社区SEO,1,
5171,图片转成word,组件功能与教程,WPS文字,WPS表格/文字/演示/PDF功能与操作，适合功能教程页,,4.0,,,第三方工具-社区SEO,1,
5172,word朗读,组件功能与教程,WPS文字,WPS表格/文字/演示/PDF功能与操作，适合功能教程页,,4.0,,,第三方工具-社区SEO,1,
5173,word美化,组件功能与教程,WPS文字,WPS表格/文字/演示/PDF功能与操作，适合功能教程页,,4.0,,,第三方工具-社区SEO,1,
5174,word批量替换,组件功能与教程,WPS文字,WPS表格/文字/演示/PDF功能与操作，适合功能教程页,,4.0,,,第三方工具-社区SEO,1,
5175,word域代码,组件功能与教程,WPS文字,WPS表格/文字/演示/PDF功能与操作，适合功能教程页,,4.0,,,第三方工具-社区SEO,1,
5176,word文档拆分,组件功能与教程,WPS文字,WPS表格/文字/演示/PDF功能与操作，适合功能教程页,,4.0,,,第三方工具-社区SEO,1,
5177,word卡顿,组件功能与教程,WPS文字,WPS表格/文字/演示/PDF功能与操作，适合功能教程页,,4.0,,,第三方工具-社区SEO,1,
5178,word空白下划线,组件功能与教程,WPS文字,WPS表格/文字/演示/PDF功能与操作，适合功能教程页,,4.0,,,第三方工具-社区SEO,1,
5179,word很卡,组件功能与教程,WPS文字,WPS表格/文字/演示/PDF功能与操作，适合功能教程页,,4.0,,,第三方工具-社区SEO,1,
5180,word打对勾,组件功能与教程,WPS文字,WPS表格/文字/演示/PDF功能与操作，适合功能教程页,,4.0,,,第三方工具-社区SEO,1,
5181,word中图片不显示,组件功能与教程,WPS文字,WPS表格/文字/演示/PDF功能与操作，适合功能教程页,,4.0,,,第三方工具-社区SEO,1,
5182,word图片透明度,组件功能与教程,WPS文字,WPS表格/文字/演示/PDF功能与操作，适合功能教程页,,4.0,,,第三方工具-社区SEO,1,
5183,word基本操作,组件功能与教程,WPS文字,WPS表格/文字/演示/PDF功能与操作，适合功能教程页,,4.0,,,第三方工具-社区SEO,1,
5184,word中删除空白页,组件功能与教程,WPS文字,WPS表格/文字/演示/PDF功能与操作，适合功能教程页,,4.0,,,第三方工具-社区SEO,1,
5185,word插入虚线,组件功能与教程,WPS文字,WPS表格/文字/演示/PDF功能与操作，适合功能教程页,,4.0,,,第三方工具-社区SEO,1,
5186,word审阅模式,组件功能与教程,WPS文字,WPS表格/文字/演示/PDF功能与操作，适合功能教程页,,4.0,,,第三方工具-社区SEO,1,
5187,word插入题注,组件功能与教程,WPS文字,WPS表格/文字/演示/PDF功能与操作，适合功能教程页,,4.0,,,第三方工具-社区SEO,1,
5188,word文档无法编辑,组件功能与教程,WPS文字,WPS表格/文字/演示/PDF功能与操作，适合功能教程页,,4.0,,,第三方工具-社区SEO,1,
5189,word繁体转简体,组件功能与教程,WPS文字,WPS表格/文字/演示/PDF功能与操作，适合功能教程页,,4.0,,,第三方工具-社区SEO,1,
5190,word007,组件功能与教程,WPS文字,WPS表格/文字/演示/PDF功能与操作，适合功能教程页,,4.0,,,第三方工具-社区SEO,1,
5191,word加行号,组件功能与教程,WPS文字,WPS表格/文字/演示/PDF功能与操作，适合功能教程页,,4.0,,,第三方工具-社区SEO,1,
5192,word显示分隔符,组件功能与教程,WPS文字,WPS表格/文字/演示/PDF功能与操作，适合功能教程页,,4.0,,,第三方工具-社区SEO,1,
5193,word字体颜色快捷键,组件功能与教程,WPS文字,WPS表格/文字/演示/PDF功能与操作，适合功能教程页,,4.0,,,第三方工具-社区SEO,1,
5194,word插入流程图,组件功能与教程,WPS文字,WPS表格/文字/演示/PDF功能与操作，适合功能教程页,,4.0,,,第三方工具-社区SEO,1,
5195,word添加行号,组件功能与教程,WPS文字,WPS表格/文字/演示/PDF功能与操作，适合功能教程页,,4.0,,,第三方工具-社区SEO,1,
5196,word批量修改图片大小,组件功能与教程,WPS文字,WPS表格/文字/演示/PDF功能与操作，适合功能教程页,,4.0,,,第三方工具-社区SEO,1,
5197,java导出word文档,组件功能与教程,WPS文字,WPS表格/文字/演示/PDF功能与操作，适合功能教程页,,4.0,,,第三方工具-社区SEO,1,
5198,word文档批量处理大师,组件功能与教程,WPS文字,WPS表格/文字/演示/PDF功能与操作，适合功能教程页,,4.0,,,第三方工具-社区SEO,1,
5199,word官方网站,组件功能与教程,WPS文字,WPS表格/文字/演示/PDF功能与操作，适合功能教程页,,4.0,,,第三方工具-社区SEO,1,
5200,word转md,组件功能与教程,WPS文字,WPS表格/文字/演示/PDF功能与操作，适合功能教程页,,4.0,,,第三方工具-社区SEO,1,
5201,word编辑受限,组件功能与教程,WPS文字,WPS表格/文字/演示/PDF功能与操作，适合功能教程页,,4.0,,,第三方工具-社区SEO,1,
5202,word删掉空白页,组件功能与教程,WPS文字,WPS表格/文字/演示/PDF功能与操作，适合功能教程页,,4.0,,,第三方工具-社区SEO,1,
5203,word统一图片尺寸,组件功能与教程,WPS文字,WPS表格/文字/演示/PDF功能与操作，适合功能教程页,,4.0,,,第三方工具-社区SEO,1,
5204,word钢筋符号,组件功能与教程,WPS文字,WPS表格/文字/演示/PDF功能与操作，适合功能教程页,,63.0,,,第三方工具-社区SEO,1,
5205,word翻译成中文,组件功能与教程,WPS文字,WPS表格/文字/演示/PDF功能与操作，适合功能教程页,,13.0,,,第三方工具-社区SEO,1,
5206,word域,组件功能与教程,WPS文字,WPS表格/文字/演示/PDF功能与操作，适合功能教程页,,11.0,,,第三方工具-社区SEO,1,
5207,word项目符号,组件功能与教程,WPS文字,WPS表格/文字/演示/PDF功能与操作，适合功能教程页,,9.0,,,第三方工具-社区SEO,1,
5208,word添加空白页,组件功能与教程,WPS文字,WPS表格/文字/演示/PDF功能与操作，适合功能教程页,,6.0,,,第三方工具-社区SEO,1,
5209,word添加脚注,组件功能与教程,WPS文字,WPS表格/文字/演示/PDF功能与操作，适合功能教程页,,6.0,,,第三方工具-社区SEO,1,
5210,word增加空白页,组件功能与教程,WPS文字,WPS表格/文字/演示/PDF功能与操作，适合功能教程页,,6.0,,,第三方工具-社区SEO,1,
5211,word文档替换文字,组件功能与教程,WPS文字,WPS表格/文字/演示/PDF功能与操作，适合功能教程页,,6.0,,,第三方工具-社区SEO,1,
5212,word文档删除整页,组件功能与教程,WPS文字,WPS表格/文字/演示/PDF功能与操作，适合功能教程页,,6.0,,,第三方工具-社区SEO,1,
5213,word文字间距,组件功能与教程,WPS文字,WPS表格/文字/演示/PDF功能与操作，适合功能教程页,,5.0,,,第三方工具-社区SEO,1,
5214,word文字替换,组件功能与教程,WPS文字,WPS表格/文字/演示/PDF功能与操作，适合功能教程页,,5.0,,,第三方工具-社区SEO,1,
5215,word查找快捷键,组件功能与教程,WPS文字,WPS表格/文字/演示/PDF功能与操作，适合功能教程页,,5.0,,,第三方工具-社区SEO,1,
5216,word批量处理图片大小,组件功能与教程,WPS文字,WPS表格/文字/演示/PDF功能与操作，适合功能教程页,,5.0,,,第三方工具-社区SEO,1,
5217,word全屏,组件功能与教程,WPS文字,WPS表格/文字/演示/PDF功能与操作，适合功能教程页,,4.0,,,第三方工具-社区SEO,1,
5218,word图片显示不出来,组件功能与教程,WPS文字,WPS表格/文字/演示/PDF功能与操作，适合功能教程页,,4.0,,,第三方工具-社区SEO,1,
5219,论文word格式,组件功能与教程,WPS文字,WPS表格/文字/演示/PDF功能与操作，适合功能教程页,,4.0,,,第三方工具-社区SEO,1,
5220,word拆分单元格,组件功能与教程,WPS文字,WPS表格/文字/演示/PDF功能与操作，适合功能教程页,,4.0,,,第三方工具-社区SEO,1,
5221,word缩印,组件功能与教程,WPS文字,WPS表格/文字/演示/PDF功能与操作，适合功能教程页,,4.0,,,第三方工具-社区SEO,1,
5222,word抠图,组件功能与教程,WPS文字,WPS表格/文字/演示/PDF功能与操作，适合功能教程页,,4.0,,,第三方工具-社区SEO,1,
5223,word下划线对齐,组件功能与教程,WPS文字,WPS表格/文字/演示/PDF功能与操作，适合功能教程页,,4.0,,,第三方工具-社区SEO,1,
5224,word身份证尺寸,组件功能与教程,WPS文字,WPS表格/文字/演示/PDF功能与操作，适合功能教程页,,4.0,,,第三方工具-社区SEO,1,
5225,word取消自动换行,组件功能与教程,WPS文字,WPS表格/文字/演示/PDF功能与操作，适合功能教程页,,4.0,,,第三方工具-社区SEO,1,
5226,word居中快捷键,组件功能与教程,WPS文字,WPS表格/文字/演示/PDF功能与操作，适合功能教程页,,4.0,,,第三方工具-社区SEO,1,
5227,word显示修改痕迹,组件功能与教程,WPS文字,WPS表格/文字/演示/PDF功能与操作，适合功能教程页,,4.0,,,第三方工具-社区SEO,1,
5228,word2016破解版,组件功能与教程,WPS文字,WPS表格/文字/演示/PDF功能与操作，适合功能教程页,,4.0,,,第三方工具-社区SEO,1,
5229,向程序发送命令时出现问题word,组件功能与教程,WPS文字,WPS表格/文字/演示/PDF功能与操作，适合功能教程页,,4.0,,,第三方工具-社区SEO,1,
5230,word可以插入视频吗,组件功能与教程,WPS文字,WPS表格/文字/演示/PDF功能与操作，适合功能教程页,,4.0,,,第三方工具-社区SEO,1,
5231,毕业论文格式word排版,组件功能与教程,WPS文字,WPS表格/文字/演示/PDF功能与操作，适合功能教程页,,4.0,,,第三方工具-社区SEO,1,
5232,word符号,组件功能与教程,WPS文字,WPS表格/文字/演示/PDF功能与操作，适合功能教程页,,3.0,,,第三方工具-社区SEO,1,
5233,word不显示,组件功能与教程,WPS文字,WPS表格/文字/演示/PDF功能与操作，适合功能教程页,,3.0,,,第三方工具-社区SEO,1,
5234,多个word,组件功能与教程,WPS文字,WPS表格/文字/演示/PDF功能与操作，适合功能教程页,,3.0,,,第三方工具-社区SEO,1,
5235,word隐藏,组件功能与教程,WPS文字,WPS表格/文字/演示/PDF功能与操作，适合功能教程页,,3.0,,,第三方工具-社区SEO,1,
5236,word预览,组件功能与教程,WPS文字,WPS表格/文字/演示/PDF功能与操作，适合功能教程页,,3.0,,,第三方工具-社区SEO,1,
5237,word波浪线,组件功能与教程,WPS文字,WPS表格/文字/演示/PDF功能与操作，适合功能教程页,,3.0,,,第三方工具-社区SEO,1,
5238,word合并文档,组件功能与教程,WPS文字,WPS表格/文字/演示/PDF功能与操作，适合功能教程页,,3.0,,,第三方工具-社区SEO,1,
5239,word删除横线,组件功能与教程,WPS文字,WPS表格/文字/演示/PDF功能与操作，适合功能教程页,,3.0,,,第三方工具-社区SEO,1,
5240,word统计字数,组件功能与教程,WPS文字,WPS表格/文字/演示/PDF功能与操作，适合功能教程页,,3.0,,,第三方工具-社区SEO,1,
5241,word学习,组件功能与教程,WPS文字,WPS表格/文字/演示/PDF功能与操作，适合功能教程页,,3.0,,,第三方工具-社区SEO,1,
5242,word纸张方向,组件功能与教程,WPS文字,WPS表格/文字/演示/PDF功能与操作，适合功能教程页,,3.0,,,第三方工具-社区SEO,1,
5243,word删除页脚,组件功能与教程,WPS文字,WPS表格/文字/演示/PDF功能与操作，适合功能教程页,,3.0,,,第三方工具-社区SEO,1,
5244,word目录格式,组件功能与教程,WPS文字,WPS表格/文字/演示/PDF功能与操作，适合功能教程页,,3.0,,,第三方工具-社区SEO,1,
5245,word字体间距,组件功能与教程,WPS文字,WPS表格/文字/演示/PDF功能与操作，适合功能教程页,,3.0,,,第三方工具-社区SEO,1,
5246,word回车符号,组件功能与教程,WPS文字,WPS表格/文字/演示/PDF功能与操作，适合功能教程页,,3.0,,,第三方工具-社区SEO,1,
5247,word空格下划线,组件功能与教程,WPS文字,WPS表格/文字/演示/PDF功能与操作，适合功能教程页,,3.0,,,第三方工具-社区SEO,1,
5248,word365,组件功能与教程,WPS文字,WPS表格/文字/演示/PDF功能与操作，适合功能教程页,,3.0,,,第三方工具-社区SEO,1,
5249,word重复标题行,组件功能与教程,WPS文字,WPS表格/文字/演示/PDF功能与操作，适合功能教程页,,3.0,,,第三方工具-社区SEO,1,
5250,word复制页面,组件功能与教程,WPS文字,WPS表格/文字/演示/PDF功能与操作，适合功能教程页,,3.0,,,第三方工具-社区SEO,1,
5251,word下角标,组件功能与教程,WPS文字,WPS表格/文字/演示/PDF功能与操作，适合功能教程页,,3.0,,,第三方工具-社区SEO,1,
5252,word去除空格,组件功能与教程,WPS文字,WPS表格/文字/演示/PDF功能与操作，适合功能教程页,,3.0,,,第三方工具-社区SEO,1,
5253,word压缩大小,组件功能与教程,WPS文字,WPS表格/文字/演示/PDF功能与操作，适合功能教程页,,3.0,,,第三方工具-社区SEO,1,
5254,word自动生成序号,组件功能与教程,WPS文字,WPS表格/文字/演示/PDF功能与操作，适合功能教程页,,3.0,,,第三方工具-社区SEO,1,
5255,word中插入文件,组件功能与教程,WPS文字,WPS表格/文字/演示/PDF功能与操作，适合功能教程页,,3.0,,,第三方工具-社区SEO,1,
5256,word删除空白页面,组件功能与教程,WPS文字,WPS表格/文字/演示/PDF功能与操作，适合功能教程页,,3.0,,,第三方工具-社区SEO,1,
5257,word文字加拼音,组件功能与教程,WPS文字,WPS表格/文字/演示/PDF功能与操作，适合功能教程页,,3.0,,,第三方工具-社区SEO,1,
5258,word增加目录,组件功能与教程,WPS文字,WPS表格/文字/演示/PDF功能与操作，适合功能教程页,,3.0,,,第三方工具-社区SEO,1,
5259,word方框里打勾,组件功能与教程,WPS文字,WPS表格/文字/演示/PDF功能与操作，适合功能教程页,,3.0,,,第三方工具-社区SEO,1,
5260,word删除最后空白页,组件功能与教程,WPS文字,WPS表格/文字/演示/PDF功能与操作，适合功能教程页,,3.0,,,第三方工具-社区SEO,1,
5261,word不显示回车,组件功能与教程,WPS文字,WPS表格/文字/演示/PDF功能与操作，适合功能教程页,,3.0,,,第三方工具-社区SEO,1,
5262,word手写字体,组件功能与教程,WPS文字,WPS表格/文字/演示/PDF功能与操作，适合功能教程页,,3.0,,,第三方工具-社区SEO,1,
5263,word取消超链接,组件功能与教程,WPS文字,WPS表格/文字/演示/PDF功能与操作，适合功能教程页,,3.0,,,第三方工具-社区SEO,1,
5264,word改写模式,组件功能与教程,WPS文字,WPS表格/文字/演示/PDF功能与操作，适合功能教程页,,3.0,,,第三方工具-社区SEO,1,
5265,word吃字,组件功能与教程,WPS文字,WPS表格/文字/演示/PDF功能与操作，适合功能教程页,,3.0,,,第三方工具-社区SEO,1,
5266,word删除分隔符,组件功能与教程,WPS文字,WPS表格/文字/演示/PDF功能与操作，适合功能教程页,,3.0,,,第三方工具-社区SEO,1,
5267,word在线预览,组件功能与教程,WPS文字,WPS表格/文字/演示/PDF功能与操作，适合功能教程页,,3.0,,,第三方工具-社区SEO,1,
5268,word插入分隔符,组件功能与教程,WPS文字,WPS表格/文字/演示/PDF功能与操作，适合功能教程页,,3.0,,,第三方工具-社区SEO,1,
5269,word目录页码自动生成,组件功能与教程,WPS文字,WPS表格/文字/演示/PDF功能与操作，适合功能教程页,,3.0,,,第三方工具-社区SEO,1,
5270,word添加书签,组件功能与教程,WPS文字,WPS表格/文字/演示/PDF功能与操作，适合功能教程页,,3.0,,,第三方工具-社区SEO,1,
5271,word插入分数,组件功能与教程,WPS文字,WPS表格/文字/演示/PDF功能与操作，适合功能教程页,,3.0,,,第三方工具-社区SEO,1,
5272,word目录制作,组件功能与教程,WPS文字,WPS表格/文字/演示/PDF功能与操作，适合功能教程页,,3.0,,,第三方工具-社区SEO,1,
5273,word查找通配符,组件功能与教程,WPS文字,WPS表格/文字/演示/PDF功能与操作，适合功能教程页,,3.0,,,第三方工具-社区SEO,1,
5274,word首页不显示页码,组件功能与教程,WPS文字,WPS表格/文字/演示/PDF功能与操作，适合功能教程页,,3.0,,,第三方工具-社区SEO,1,
5275,word方框内打勾,组件功能与教程,WPS文字,WPS表格/文字/演示/PDF功能与操作，适合功能教程页,,3.0,,,第三方工具-社区SEO,1,
5276,word插入注释,组件功能与教程,WPS文字,WPS表格/文字/演示/PDF功能与操作，适合功能教程页,,3.0,,,第三方工具-社区SEO,1,
5277,word文档比对,组件功能与教程,WPS文字,WPS表格/文字/演示/PDF功能与操作，适合功能教程页,,3.0,,,第三方工具-社区SEO,1,
5278,word无法删除空白页,组件功能与教程,WPS文字,WPS表格/文字/演示/PDF功能与操作，适合功能教程页,,3.0,,,第三方工具-社区SEO,1,
5279,word批量删除空格,组件功能与教程,WPS文字,WPS表格/文字/演示/PDF功能与操作，适合功能教程页,,3.0,,,第三方工具-社区SEO,1,
5280,word检查错别字,组件功能与教程,WPS文字,WPS表格/文字/演示/PDF功能与操作，适合功能教程页,,3.0,,,第三方工具-社区SEO,1,
5281,word合并工具,组件功能与教程,WPS文字,WPS表格/文字/演示/PDF功能与操作，适合功能教程页,,3.0,,,第三方工具-社区SEO,1,
5282,word左侧显示目录,组件功能与教程,WPS文字,WPS表格/文字/演示/PDF功能与操作，适合功能教程页,,3.0,,,第三方工具-社区SEO,1,
5283,word批量删除批注,组件功能与教程,WPS文字,WPS表格/文字/演示/PDF功能与操作，适合功能教程页,,3.0,,,第三方工具-社区SEO,1,
5284,word插入不了公式,组件功能与教程,WPS文字,WPS表格/文字/演示/PDF功能与操作，适合功能教程页,,3.0,,,第三方工具-社区SEO,1,
5285,word更新域快捷键,组件功能与教程,WPS文字,WPS表格/文字/演示/PDF功能与操作，适合功能教程页,,3.0,,,第三方工具-社区SEO,1,
5286,word插入公式快捷键,组件功能与教程,WPS文字,WPS表格/文字/演示/PDF功能与操作，适合功能教程页,,3.0,,,第三方工具-社区SEO,1,
5287,word中公式与文字高度不一致,组件功能与教程,WPS文字,WPS表格/文字/演示/PDF功能与操作，适合功能教程页,,3.0,,,第三方工具-社区SEO,1,
5288,word激活密钥,组件功能与教程,WPS文字,WPS表格/文字/演示/PDF功能与操作，适合功能教程页,,3.0,,,第三方工具-社区SEO,1,
5289,word省略号,组件功能与教程,WPS文字,WPS表格/文字/演示/PDF功能与操作，适合功能教程页,,2.0,,,第三方工具-社区SEO,1,
5290,ppt,组件功能与教程,WPS演示,WPS表格/文字/演示/PDF功能与操作，适合功能教程页,3.0,4.0,,,百度统计真实流量、第三方工具-社区SEO,2,
5291,在线ppt编辑,组件功能与教程,WPS演示,WPS表格/文字/演示/PDF功能与操作，适合功能教程页,1.0,4.0,,,百度统计真实流量、第三方工具-社区SEO,2,
5292,ppt模版,组件功能与教程,WPS演示,WPS表格/文字/演示/PDF功能与操作，适合功能教程页,,9257.0,,626263.0,第三方工具-社区SEO、短视频/内容平台-小红书,2,
5293,ppt教学,组件功能与教程,WPS演示,WPS表格/文字/演示/PDF功能与操作，适合功能教程页,,897.0,,502964.0,第三方工具-社区SEO、短视频/内容平台-小红书,2,
5294,工作总结ppt,组件功能与教程,WPS演示,WPS表格/文字/演示/PDF功能与操作，适合功能教程页,,492.0,,72430.0,第三方工具-社区SEO、短视频/内容平台-小红书,2,
5295,ppt制作,组件功能与教程,WPS演示,WPS表格/文字/演示/PDF功能与操作，适合功能教程页,,29319.0,,52974.0,第三方工具-社区SEO、短视频/内容平台-小红书,2,
5296,ppt设计,组件功能与教程,WPS演示,WPS表格/文字/演示/PDF功能与操作，适合功能教程页,,258.0,,532015.0,第三方工具-社区SEO、短视频/内容平台-小红书,2,
5297,ppt素材,组件功能与教程,WPS演示,WPS表格/文字/演示/PDF功能与操作，适合功能教程页,,,,90003.0,第三方工具-社区SEO、短视频/内容平台-小红书,2,
5298,ppt结尾页,组件功能与教程,WPS演示,WPS表格/文字/演示/PDF功能与操作，适合功能教程页,,9.0,,50710.0,第三方工具-社区SEO、短视频/内容平台-小红书,2,
5299,ppt结尾,组件功能与教程,WPS演示,WPS表格/文字/演示/PDF功能与操作，适合功能教程页,,63.0,,51514.0,第三方工具-社区SEO、短视频/内容平台-小红书,2,
5300,做PPT的电脑软件,组件功能与教程,WPS演示,WPS表格/文字/演示/PDF功能与操作，适合功能教程页,1.0,,,,百度统计真实流量,1,
5301,ppt在线网站,组件功能与教程,WPS演示,WPS表格/文字/演示/PDF功能与操作，适合功能教程页,1.0,,,,百度统计真实流量,1,
5302,在线PPT编辑,组件功能与教程,WPS演示,WPS表格/文字/演示/PDF功能与操作，适合功能教程页,1.0,,,,百度统计真实流量,1,
5303,成片PPT网站,组件功能与教程,WPS演示,WPS表格/文字/演示/PDF功能与操作，适合功能教程页,1.0,,,,百度统计真实流量,1,
5304,PPT,组件功能与教程,WPS演示,WPS表格/文字/演示/PDF功能与操作，适合功能教程页,1.0,,,,百度统计真实流量,1,
5305,平板可以制作ppt吗,组件功能与教程,WPS演示,WPS表格/文字/演示/PDF功能与操作，适合功能教程页,1.0,,,,百度统计真实流量,1,
5306,在线ppt文档,组件功能与教程,WPS演示,WPS表格/文字/演示/PDF功能与操作，适合功能教程页,1.0,,,,百度统计真实流量,1,
5307,生成ppt,组件功能与教程,WPS演示,WPS表格/文字/演示/PDF功能与操作，适合功能教程页,,10494.0,,,第三方工具-社区SEO,1,
5308,ppt图片,组件功能与教程,WPS演示,WPS表格/文字/演示/PDF功能与操作，适合功能教程页,,6302.0,,,第三方工具-社区SEO,1,
5309,熊猫ppt,组件功能与教程,WPS演示,WPS表格/文字/演示/PDF功能与操作，适合功能教程页,,4324.0,,,第三方工具-社区SEO,1,
5310,游戏ppt,组件功能与教程,WPS演示,WPS表格/文字/演示/PDF功能与操作，适合功能教程页,,1349.0,,,第三方工具-社区SEO,1,
5311,毕业论文ppt,组件功能与教程,WPS演示,WPS表格/文字/演示/PDF功能与操作，适合功能教程页,,141.0,,,第三方工具-社区SEO,1,
5312,自我介绍ppt,组件功能与教程,WPS演示,WPS表格/文字/演示/PDF功能与操作，适合功能教程页,,546.0,,,第三方工具-社区SEO,1,
5313,ppt最后一页结束语,组件功能与教程,WPS演示,WPS表格/文字/演示/PDF功能与操作，适合功能教程页,,120.0,,,第三方工具-社区SEO,1,
5314,职业规划大赛ppt,组件功能与教程,WPS演示,WPS表格/文字/演示/PDF功能与操作，适合功能教程页,,771.0,,,第三方工具-社区SEO,1,
5315,做ppt的软件,组件功能与教程,WPS演示,WPS表格/文字/演示/PDF功能与操作，适合功能教程页,,702.0,,,第三方工具-社区SEO,1,
5316,101教育PPT,组件功能与教程,WPS演示,WPS表格/文字/演示/PDF功能与操作，适合功能教程页,,424.0,,,第三方工具-社区SEO,1,
5317,述职报告ppt,组件功能与教程,WPS演示,WPS表格/文字/演示/PDF功能与操作，适合功能教程页,,361.0,,,第三方工具-社区SEO,1,
5318,ppt课件网,组件功能与教程,WPS演示,WPS表格/文字/演示/PDF功能与操作，适合功能教程页,,675.0,,,第三方工具-社区SEO,1,
5319,ppt图片素材,组件功能与教程,WPS演示,WPS表格/文字/演示/PDF功能与操作，适合功能教程页,,491.0,,,第三方工具-社区SEO,1,
5320,述职ppt,组件功能与教程,WPS演示,WPS表格/文字/演示/PDF功能与操作，适合功能教程页,,9140.0,,,第三方工具-社区SEO,1,
5321,自动生成ppt,组件功能与教程,WPS演示,WPS表格/文字/演示/PDF功能与操作，适合功能教程页,,422.0,,,第三方工具-社区SEO,1,
5322,51ppt,组件功能与教程,WPS演示,WPS表格/文字/演示/PDF功能与操作，适合功能教程页,,1519.0,,,第三方工具-社区SEO,1,
5323,ppt制作软件,组件功能与教程,WPS演示,WPS表格/文字/演示/PDF功能与操作，适合功能教程页,,620.0,,,第三方工具-社区SEO,1,
5324,开题报告ppt,组件功能与教程,WPS演示,WPS表格/文字/演示/PDF功能与操作，适合功能教程页,,352.0,,,第三方工具-社区SEO,1,
5325,ppt插入音乐,组件功能与教程,WPS演示,WPS表格/文字/演示/PDF功能与操作，适合功能教程页,,159.0,,,第三方工具-社区SEO,1,
5326,ppt素材图片,组件功能与教程,WPS演示,WPS表格/文字/演示/PDF功能与操作，适合功能教程页,,298.0,,,第三方工具-社区SEO,1,
5327,ppt自动播放,组件功能与教程,WPS演示,WPS表格/文字/演示/PDF功能与操作，适合功能教程页,,250.0,,,第三方工具-社区SEO,1,
5328,垃圾分类ppt,组件功能与教程,WPS演示,WPS表格/文字/演示/PDF功能与操作，适合功能教程页,,274.0,,,第三方工具-社区SEO,1,
5329,ppt美化,组件功能与教程,WPS演示,WPS表格/文字/演示/PDF功能与操作，适合功能教程页,,388.0,,,第三方工具-社区SEO,1,
5330,唐雎不辱使命ppt,组件功能与教程,WPS演示,WPS表格/文字/演示/PDF功能与操作，适合功能教程页,,131.0,,,第三方工具-社区SEO,1,
5331,新年ppt,组件功能与教程,WPS演示,WPS表格/文字/演示/PDF功能与操作，适合功能教程页,,255.0,,,第三方工具-社区SEO,1,
5332,ppt背景图片简约,组件功能与教程,WPS演示,WPS表格/文字/演示/PDF功能与操作，适合功能教程页,,190.0,,,第三方工具-社区SEO,1,
5333,家长会ppt,组件功能与教程,WPS演示,WPS表格/文字/演示/PDF功能与操作，适合功能教程页,,276.0,,,第三方工具-社区SEO,1,
5334,大学生职业生涯规划ppt,组件功能与教程,WPS演示,WPS表格/文字/演示/PDF功能与操作，适合功能教程页,,516.0,,,第三方工具-社区SEO,1,
5335,ppt主题,组件功能与教程,WPS演示,WPS表格/文字/演示/PDF功能与操作，适合功能教程页,,261.0,,,第三方工具-社区SEO,1,
5336,爱ppt,组件功能与教程,WPS演示,WPS表格/文字/演示/PDF功能与操作，适合功能教程页,,261.0,,,第三方工具-社区SEO,1,
5337,ppt时间轴,组件功能与教程,WPS演示,WPS表格/文字/演示/PDF功能与操作，适合功能教程页,,301.0,,,第三方工具-社区SEO,1,
5338,出师表ppt,组件功能与教程,WPS演示,WPS表格/文字/演示/PDF功能与操作，适合功能教程页,,138.0,,,第三方工具-社区SEO,1,
5339,年会ppt,组件功能与教程,WPS演示,WPS表格/文字/演示/PDF功能与操作，适合功能教程页,,327.0,,,第三方工具-社区SEO,1,
5340,怎样制作ppt,组件功能与教程,WPS演示,WPS表格/文字/演示/PDF功能与操作，适合功能教程页,,239.0,,,第三方工具-社区SEO,1,
5341,年终述职报告ppt,组件功能与教程,WPS演示,WPS表格/文字/演示/PDF功能与操作，适合功能教程页,,127.0,,,第三方工具-社区SEO,1,
5342,陶喆ppt,组件功能与教程,WPS演示,WPS表格/文字/演示/PDF功能与操作，适合功能教程页,,230.0,,,第三方工具-社区SEO,1,
5343,www.1ppt.com,组件功能与教程,WPS演示,WPS表格/文字/演示/PDF功能与操作，适合功能教程页,,391.0,,,第三方工具-社区SEO,1,
5344,ppt地图,组件功能与教程,WPS演示,WPS表格/文字/演示/PDF功能与操作，适合功能教程页,,118.0,,,第三方工具-社区SEO,1,
5345,赤壁赋ppt,组件功能与教程,WPS演示,WPS表格/文字/演示/PDF功能与操作，适合功能教程页,,100.0,,,第三方工具-社区SEO,1,
5346,ppt美化大师,组件功能与教程,WPS演示,WPS表格/文字/演示/PDF功能与操作，适合功能教程页,,324.0,,,第三方工具-社区SEO,1,
5347,ppt图表,组件功能与教程,WPS演示,WPS表格/文字/演示/PDF功能与操作，适合功能教程页,,174.0,,,第三方工具-社区SEO,1,
5348,我的大学生活ppt,组件功能与教程,WPS演示,WPS表格/文字/演示/PDF功能与操作，适合功能教程页,,296.0,,,第三方工具-社区SEO,1,
5349,ppt母版,组件功能与教程,WPS演示,WPS表格/文字/演示/PDF功能与操作，适合功能教程页,,90.0,,,第三方工具-社区SEO,1,
5350,转正述职ppt,组件功能与教程,WPS演示,WPS表格/文字/演示/PDF功能与操作，适合功能教程页,,58.0,,,第三方工具-社区SEO,1,
5351,竞聘ppt,组件功能与教程,WPS演示,WPS表格/文字/演示/PDF功能与操作，适合功能教程页,,221.0,,,第三方工具-社区SEO,1,
5352,职业规划ppt,组件功能与教程,WPS演示,WPS表格/文字/演示/PDF功能与操作，适合功能教程页,,259.0,,,第三方工具-社区SEO,1,
5353,百度ppt,组件功能与教程,WPS演示,WPS表格/文字/演示/PDF功能与操作，适合功能教程页,,86.0,,,第三方工具-社区SEO,1,
5354,转正述职报告ppt,组件功能与教程,WPS演示,WPS表格/文字/演示/PDF功能与操作，适合功能教程页,,98.0,,,第三方工具-社区SEO,1,
5355,答辩ppt,组件功能与教程,WPS演示,WPS表格/文字/演示/PDF功能与操作，适合功能教程页,,324.0,,,第三方工具-社区SEO,1,
5356,英语ppt,组件功能与教程,WPS演示,WPS表格/文字/演示/PDF功能与操作，适合功能教程页,,98.0,,,第三方工具-社区SEO,1,
5357,锐普ppt论坛,组件功能与教程,WPS演示,WPS表格/文字/演示/PDF功能与操作，适合功能教程页,,77.0,,,第三方工具-社区SEO,1,
5358,ppt结束语,组件功能与教程,WPS演示,WPS表格/文字/演示/PDF功能与操作，适合功能教程页,,425.0,,,第三方工具-社区SEO,1,
5359,制作ppt,组件功能与教程,WPS演示,WPS表格/文字/演示/PDF功能与操作，适合功能教程页,,364.0,,,第三方工具-社区SEO,1,
5360,ppt课件,组件功能与教程,WPS演示,WPS表格/文字/演示/PDF功能与操作，适合功能教程页,,199.0,,,第三方工具-社区SEO,1,
5361,元旦联欢会ppt,组件功能与教程,WPS演示,WPS表格/文字/演示/PDF功能与操作，适合功能教程页,,441.0,,,第三方工具-社区SEO,1,
5362,第一ppt网,组件功能与教程,WPS演示,WPS表格/文字/演示/PDF功能与操作，适合功能教程页,,595.0,,,第三方工具-社区SEO,1,
5363,圣诞节ppt,组件功能与教程,WPS演示,WPS表格/文字/演示/PDF功能与操作，适合功能教程页,,253.0,,,第三方工具-社区SEO,1,
5364,小米发布会ppt,组件功能与教程,WPS演示,WPS表格/文字/演示/PDF功能与操作，适合功能教程页,,89.0,,,第三方工具-社区SEO,1,
5365,精美ppt,组件功能与教程,WPS演示,WPS表格/文字/演示/PDF功能与操作，适合功能教程页,,80.0,,,第三方工具-社区SEO,1,
5366,ppt封面背景图片,组件功能与教程,WPS演示,WPS表格/文字/演示/PDF功能与操作，适合功能教程页,,70.0,,,第三方工具-社区SEO,1,
5367,ppt文本框,组件功能与教程,WPS演示,WPS表格/文字/演示/PDF功能与操作，适合功能教程页,,68.0,,,第三方工具-社区SEO,1,
5368,简约ppt背景,组件功能与教程,WPS演示,WPS表格/文字/演示/PDF功能与操作，适合功能教程页,,89.0,,,第三方工具-社区SEO,1,
5369,职业生涯规划书ppt,组件功能与教程,WPS演示,WPS表格/文字/演示/PDF功能与操作，适合功能教程页,,201.0,,,第三方工具-社区SEO,1,
5370,年终个人工作总结ppt,组件功能与教程,WPS演示,WPS表格/文字/演示/PDF功能与操作，适合功能教程页,,63.0,,,第三方工具-社区SEO,1,
5371,ppt背景音乐,组件功能与教程,WPS演示,WPS表格/文字/演示/PDF功能与操作，适合功能教程页,,311.0,,,第三方工具-社区SEO,1,
5372,愚公移山ppt,组件功能与教程,WPS演示,WPS表格/文字/演示/PDF功能与操作，适合功能教程页,,73.0,,,第三方工具-社区SEO,1,
5373,曹刿论战ppt,组件功能与教程,WPS演示,WPS表格/文字/演示/PDF功能与操作，适合功能教程页,,141.0,,,第三方工具-社区SEO,1,
5374,ppt箭头素材,组件功能与教程,WPS演示,WPS表格/文字/演示/PDF功能与操作，适合功能教程页,,65.0,,,第三方工具-社区SEO,1,
5375,ppt之家,组件功能与教程,WPS演示,WPS表格/文字/演示/PDF功能与操作，适合功能教程页,,276.0,,,第三方工具-社区SEO,1,
5376,word生成ppt,组件功能与教程,WPS演示,WPS表格/文字/演示/PDF功能与操作，适合功能教程页,,60.0,,,第三方工具-社区SEO,1,
5377,ppt结束页背景图片,组件功能与教程,WPS演示,WPS表格/文字/演示/PDF功能与操作，适合功能教程页,,60.0,,,第三方工具-社区SEO,1,
5378,安全生产ppt,组件功能与教程,WPS演示,WPS表格/文字/演示/PDF功能与操作，适合功能教程页,,147.0,,,第三方工具-社区SEO,1,
5379,心理健康教育主题班会ppt,组件功能与教程,WPS演示,WPS表格/文字/演示/PDF功能与操作，适合功能教程页,,47.0,,,第三方工具-社区SEO,1,
5380,ppt动画,组件功能与教程,WPS演示,WPS表格/文字/演示/PDF功能与操作，适合功能教程页,,273.0,,,第三方工具-社区SEO,1,
5381,PPT STORE,组件功能与教程,WPS演示,WPS表格/文字/演示/PDF功能与操作，适合功能教程页,,59.0,,,第三方工具-社区SEO,1,
5382,ppt市场,组件功能与教程,WPS演示,WPS表格/文字/演示/PDF功能与操作，适合功能教程页,,54.0,,,第三方工具-社区SEO,1,
5383,ppt加水印,组件功能与教程,WPS演示,WPS表格/文字/演示/PDF功能与操作，适合功能教程页,,44.0,,,第三方工具-社区SEO,1,
5384,ppt中插入视频,组件功能与教程,WPS演示,WPS表格/文字/演示/PDF功能与操作，适合功能教程页,,80.0,,,第三方工具-社区SEO,1,
5385,女娲造人ppt,组件功能与教程,WPS演示,WPS表格/文字/演示/PDF功能与操作，适合功能教程页,,80.0,,,第三方工具-社区SEO,1,
5386,ppt倒计时插件,组件功能与教程,WPS演示,WPS表格/文字/演示/PDF功能与操作，适合功能教程页,,52.0,,,第三方工具-社区SEO,1,
5387,ppt背景图片中国风,组件功能与教程,WPS演示,WPS表格/文字/演示/PDF功能与操作，适合功能教程页,,57.0,,,第三方工具-社区SEO,1,
5388,护理职业生涯规划ppt,组件功能与教程,WPS演示,WPS表格/文字/演示/PDF功能与操作，适合功能教程页,,54.0,,,第三方工具-社区SEO,1,
5389,端午节ppt,组件功能与教程,WPS演示,WPS表格/文字/演示/PDF功能与操作，适合功能教程页,,215.0,,,第三方工具-社区SEO,1,
5390,ppt倒计时,组件功能与教程,WPS演示,WPS表格/文字/演示/PDF功能与操作，适合功能教程页,,64.0,,,第三方工具-社区SEO,1,
5391,网络安全ppt,组件功能与教程,WPS演示,WPS表格/文字/演示/PDF功能与操作，适合功能教程页,,51.0,,,第三方工具-社区SEO,1,
5392,无忧ppt,组件功能与教程,WPS演示,WPS表格/文字/演示/PDF功能与操作，适合功能教程页,,90.0,,,第三方工具-社区SEO,1,
5393,word转为ppt,组件功能与教程,WPS演示,WPS表格/文字/演示/PDF功能与操作，适合功能教程页,,45.0,,,第三方工具-社区SEO,1,
5394,毕业论文答辩ppt,组件功能与教程,WPS演示,WPS表格/文字/演示/PDF功能与操作，适合功能教程页,,194.0,,,第三方工具-社区SEO,1,
5395,ppt倒计时器,组件功能与教程,WPS演示,WPS表格/文字/演示/PDF功能与操作，适合功能教程页,,159.0,,,第三方工具-社区SEO,1,
5396,ppt图片透明度,组件功能与教程,WPS演示,WPS表格/文字/演示/PDF功能与操作，适合功能教程页,,148.0,,,第三方工具-社区SEO,1,
5397,团队建设ppt,组件功能与教程,WPS演示,WPS表格/文字/演示/PDF功能与操作，适合功能教程页,,116.0,,,第三方工具-社区SEO,1,
5398,党课ppt,组件功能与教程,WPS演示,WPS表格/文字/演示/PDF功能与操作，适合功能教程页,,526.0,,,第三方工具-社区SEO,1,
5399,ppt图片背景变透明,组件功能与教程,WPS演示,WPS表格/文字/演示/PDF功能与操作，适合功能教程页,,55.0,,,第三方工具-社区SEO,1,
5400,个人简介ppt,组件功能与教程,WPS演示,WPS表格/文字/演示/PDF功能与操作，适合功能教程页,,48.0,,,第三方工具-社区SEO,1,
5401,西游记ppt,组件功能与教程,WPS演示,WPS表格/文字/演示/PDF功能与操作，适合功能教程页,,45.0,,,第三方工具-社区SEO,1,
5402,迅捷ppt,组件功能与教程,WPS演示,WPS表格/文字/演示/PDF功能与操作，适合功能教程页,,750.0,,,第三方工具-社区SEO,1,
5403,毕业答辩ppt,组件功能与教程,WPS演示,WPS表格/文字/演示/PDF功能与操作，适合功能教程页,,197.0,,,第三方工具-社区SEO,1,
5404,51ppt官网,组件功能与教程,WPS演示,WPS表格/文字/演示/PDF功能与操作，适合功能教程页,,54.0,,,第三方工具-社区SEO,1,
5405,ppt背景图片可爱,组件功能与教程,WPS演示,WPS表格/文字/演示/PDF功能与操作，适合功能教程页,,53.0,,,第三方工具-社区SEO,1,
5406,ppt图片背景,组件功能与教程,WPS演示,WPS表格/文字/演示/PDF功能与操作，适合功能教程页,,151.0,,,第三方工具-社区SEO,1,
5407,安全教育ppt,组件功能与教程,WPS演示,WPS表格/文字/演示/PDF功能与操作，适合功能教程页,,34.0,,,第三方工具-社区SEO,1,
5408,创业计划书ppt,组件功能与教程,WPS演示,WPS表格/文字/演示/PDF功能与操作，适合功能教程页,,218.0,,,第三方工具-社区SEO,1,
5409,我与地坛ppt,组件功能与教程,WPS演示,WPS表格/文字/演示/PDF功能与操作，适合功能教程页,,188.0,,,第三方工具-社区SEO,1,
5410,ppt演示文稿,组件功能与教程,WPS演示,WPS表格/文字/演示/PDF功能与操作，适合功能教程页,,141.0,,,第三方工具-社区SEO,1,
5411,古风ppt背景图片,组件功能与教程,WPS演示,WPS表格/文字/演示/PDF功能与操作，适合功能教程页,,55.0,,,第三方工具-社区SEO,1,
5412,制作ppt用什么软件,组件功能与教程,WPS演示,WPS表格/文字/演示/PDF功能与操作，适合功能教程页,,33.0,,,第三方工具-社区SEO,1,
5413,安全生产培训资料ppt,组件功能与教程,WPS演示,WPS表格/文字/演示/PDF功能与操作，适合功能教程页,,23.0,,,第三方工具-社区SEO,1,
5414,海姆立克急救法ppt,组件功能与教程,WPS演示,WPS表格/文字/演示/PDF功能与操作，适合功能教程页,,51.0,,,第三方工具-社区SEO,1,
5415,ppt转视频,组件功能与教程,WPS演示,WPS表格/文字/演示/PDF功能与操作，适合功能教程页,,44.0,,,第三方工具-社区SEO,1,
5416,转正答辩ppt,组件功能与教程,WPS演示,WPS表格/文字/演示/PDF功能与操作，适合功能教程页,,41.0,,,第三方工具-社区SEO,1,
5417,ppt一键生成,组件功能与教程,WPS演示,WPS表格/文字/演示/PDF功能与操作，适合功能教程页,,346.0,,,第三方工具-社区SEO,1,
5418,中华优秀传统文化ppt,组件功能与教程,WPS演示,WPS表格/文字/演示/PDF功能与操作，适合功能教程页,,38.0,,,第三方工具-社区SEO,1,
5419,1ppt,组件功能与教程,WPS演示,WPS表格/文字/演示/PDF功能与操作，适合功能教程页,,391.0,,,第三方工具-社区SEO,1,
5420,年度工作总结ppt,组件功能与教程,WPS演示,WPS表格/文字/演示/PDF功能与操作，适合功能教程页,,193.0,,,第三方工具-社区SEO,1,
5421,ppt压缩,组件功能与教程,WPS演示,WPS表格/文字/演示/PDF功能与操作，适合功能教程页,,136.0,,,第三方工具-社区SEO,1,
5422,ppt生成器,组件功能与教程,WPS演示,WPS表格/文字/演示/PDF功能与操作，适合功能教程页,,78.0,,,第三方工具-社区SEO,1,
5423,颁奖ppt,组件功能与教程,WPS演示,WPS表格/文字/演示/PDF功能与操作，适合功能教程页,,37.0,,,第三方工具-社区SEO,1,
5424,第一ppt网站,组件功能与教程,WPS演示,WPS表格/文字/演示/PDF功能与操作，适合功能教程页,,35.0,,,第三方工具-社区SEO,1,
5425,诚信考试ppt,组件功能与教程,WPS演示,WPS表格/文字/演示/PDF功能与操作，适合功能教程页,,19.0,,,第三方工具-社区SEO,1,
5426,主题班会ppt,组件功能与教程,WPS演示,WPS表格/文字/演示/PDF功能与操作，适合功能教程页,,193.0,,,第三方工具-社区SEO,1,
5427,年终工作总结ppt,组件功能与教程,WPS演示,WPS表格/文字/演示/PDF功能与操作，适合功能教程页,,179.0,,,第三方工具-社区SEO,1,
5428,求职ppt,组件功能与教程,WPS演示,WPS表格/文字/演示/PDF功能与操作，适合功能教程页,,44.0,,,第三方工具-社区SEO,1,
5429,班会ppt,组件功能与教程,WPS演示,WPS表格/文字/演示/PDF功能与操作，适合功能教程页,,150.0,,,第三方工具-社区SEO,1,
5430,元旦ppt,组件功能与教程,WPS演示,WPS表格/文字/演示/PDF功能与操作，适合功能教程页,,43.0,,,第三方工具-社区SEO,1,
5431,风云ppt,组件功能与教程,WPS演示,WPS表格/文字/演示/PDF功能与操作，适合功能教程页,,30.0,,,第三方工具-社区SEO,1,
5432,做ppt,组件功能与教程,WPS演示,WPS表格/文字/演示/PDF功能与操作，适合功能教程页,,52.0,,,第三方工具-社区SEO,1,
5433,第1ppt官网,组件功能与教程,WPS演示,WPS表格/文字/演示/PDF功能与操作，适合功能教程页,,77.0,,,第三方工具-社区SEO,1,
5434,京剧ppt,组件功能与教程,WPS演示,WPS表格/文字/演示/PDF功能与操作，适合功能教程页,,39.0,,,第三方工具-社区SEO,1,
5435,大学生职业生涯规划书ppt,组件功能与教程,WPS演示,WPS表格/文字/演示/PDF功能与操作，适合功能教程页,,32.0,,,第三方工具-社区SEO,1,
5436,ppt箭头,组件功能与教程,WPS演示,WPS表格/文字/演示/PDF功能与操作，适合功能教程页,,32.0,,,第三方工具-社区SEO,1,
5437,ppt演讲者模式,组件功能与教程,WPS演示,WPS表格/文字/演示/PDF功能与操作，适合功能教程页,,49.0,,,第三方工具-社区SEO,1,
5438,ppt大全,组件功能与教程,WPS演示,WPS表格/文字/演示/PDF功能与操作，适合功能教程页,,38.0,,,第三方工具-社区SEO,1,
5439,中国传统文化ppt,组件功能与教程,WPS演示,WPS表格/文字/演示/PDF功能与操作，适合功能教程页,,34.0,,,第三方工具-社区SEO,1,
5440,ppt素材小图案,组件功能与教程,WPS演示,WPS表格/文字/演示/PDF功能与操作，适合功能教程页,,30.0,,,第三方工具-社区SEO,1,
5441,ppt结束页,组件功能与教程,WPS演示,WPS表格/文字/演示/PDF功能与操作，适合功能教程页,,29.0,,,第三方工具-社区SEO,1,
5442,ppt插入视频,组件功能与教程,WPS演示,WPS表格/文字/演示/PDF功能与操作，适合功能教程页,,415.0,,,第三方工具-社区SEO,1,
5443,ppt封面,组件功能与教程,WPS演示,WPS表格/文字/演示/PDF功能与操作，适合功能教程页,,126.0,,,第三方工具-社区SEO,1,
5444,ppt字体统一修改,组件功能与教程,WPS演示,WPS表格/文字/演示/PDF功能与操作，适合功能教程页,,29.0,,,第三方工具-社区SEO,1,
5445,说课ppt,组件功能与教程,WPS演示,WPS表格/文字/演示/PDF功能与操作，适合功能教程页,,175.0,,,第三方工具-社区SEO,1,
5446,ppt快捷键,组件功能与教程,WPS演示,WPS表格/文字/演示/PDF功能与操作，适合功能教程页,,31.0,,,第三方工具-社区SEO,1,
5447,ppt插入图片,组件功能与教程,WPS演示,WPS表格/文字/演示/PDF功能与操作，适合功能教程页,,29.0,,,第三方工具-社区SEO,1,
5448,年度总结ppt,组件功能与教程,WPS演示,WPS表格/文字/演示/PDF功能与操作，适合功能教程页,,64.0,,,第三方工具-社区SEO,1,
5449,我的家乡ppt,组件功能与教程,WPS演示,WPS表格/文字/演示/PDF功能与操作，适合功能教程页,,58.0,,,第三方工具-社区SEO,1,
5450,ppt末班,组件功能与教程,WPS演示,WPS表格/文字/演示/PDF功能与操作，适合功能教程页,,47.0,,,第三方工具-社区SEO,1,
5451,毕业答辩 ppt,组件功能与教程,WPS演示,WPS表格/文字/演示/PDF功能与操作，适合功能教程页,,29.0,,,第三方工具-社区SEO,1,
5452,颁奖典礼ppt背景图片,组件功能与教程,WPS演示,WPS表格/文字/演示/PDF功能与操作，适合功能教程页,,26.0,,,第三方工具-社区SEO,1,
5453,商业计划书ppt,组件功能与教程,WPS演示,WPS表格/文字/演示/PDF功能与操作，适合功能教程页,,43.0,,,第三方工具-社区SEO,1,
5454,戏曲ppt,组件功能与教程,WPS演示,WPS表格/文字/演示/PDF功能与操作，适合功能教程页,,37.0,,,第三方工具-社区SEO,1,
5455,年度个人工作总结ppt,组件功能与教程,WPS演示,WPS表格/文字/演示/PDF功能与操作，适合功能教程页,,37.0,,,第三方工具-社区SEO,1,
5456,红色ppt,组件功能与教程,WPS演示,WPS表格/文字/演示/PDF功能与操作，适合功能教程页,,25.0,,,第三方工具-社区SEO,1,
5457,ppt图标素材,组件功能与教程,WPS演示,WPS表格/文字/演示/PDF功能与操作，适合功能教程页,,36.0,,,第三方工具-社区SEO,1,
5458,红色ppt背景,组件功能与教程,WPS演示,WPS表格/文字/演示/PDF功能与操作，适合功能教程页,,25.0,,,第三方工具-社区SEO,1,
5459,心肺复苏培训ppt课件,组件功能与教程,WPS演示,WPS表格/文字/演示/PDF功能与操作，适合功能教程页,,17.0,,,第三方工具-社区SEO,1,
5460,ppt超链接,组件功能与教程,WPS演示,WPS表格/文字/演示/PDF功能与操作，适合功能教程页,,32.0,,,第三方工具-社区SEO,1,
5461,在线ppt,组件功能与教程,WPS演示,WPS表格/文字/演示/PDF功能与操作，适合功能教程页,,27.0,,,第三方工具-社区SEO,1,
5462,ppt配图,组件功能与教程,WPS演示,WPS表格/文字/演示/PDF功能与操作，适合功能教程页,,26.0,,,第三方工具-社区SEO,1,
5463,ppt背景图片红色,组件功能与教程,WPS演示,WPS表格/文字/演示/PDF功能与操作，适合功能教程页,,25.0,,,第三方工具-社区SEO,1,
5464,word转化为ppt,组件功能与教程,WPS演示,WPS表格/文字/演示/PDF功能与操作，适合功能教程页,,25.0,,,第三方工具-社区SEO,1,
5465,ppt动画效果,组件功能与教程,WPS演示,WPS表格/文字/演示/PDF功能与操作，适合功能教程页,,152.0,,,第三方工具-社区SEO,1,
5466,逼格ppt,组件功能与教程,WPS演示,WPS表格/文字/演示/PDF功能与操作，适合功能教程页,,44.0,,,第三方工具-社区SEO,1,
5467,ppt网,组件功能与教程,WPS演示,WPS表格/文字/演示/PDF功能与操作，适合功能教程页,,27.0,,,第三方工具-社区SEO,1,
5468,路演ppt,组件功能与教程,WPS演示,WPS表格/文字/演示/PDF功能与操作，适合功能教程页,,26.0,,,第三方工具-社区SEO,1,
5469,ppt fans,组件功能与教程,WPS演示,WPS表格/文字/演示/PDF功能与操作，适合功能教程页,,25.0,,,第三方工具-社区SEO,1,
5470,团支书述职报告ppt,组件功能与教程,WPS演示,WPS表格/文字/演示/PDF功能与操作，适合功能教程页,,25.0,,,第三方工具-社区SEO,1,
5471,ppt背景图素材,组件功能与教程,WPS演示,WPS表格/文字/演示/PDF功能与操作，适合功能教程页,,24.0,,,第三方工具-社区SEO,1,
5472,苏州园林ppt,组件功能与教程,WPS演示,WPS表格/文字/演示/PDF功能与操作，适合功能教程页,,148.0,,,第三方工具-社区SEO,1,
5473,元宵节ppt,组件功能与教程,WPS演示,WPS表格/文字/演示/PDF功能与操作，适合功能教程页,,130.0,,,第三方工具-社区SEO,1,
5474,微党课ppt,组件功能与教程,WPS演示,WPS表格/文字/演示/PDF功能与操作，适合功能教程页,,34.0,,,第三方工具-社区SEO,1,
5475,ppt翻译,组件功能与教程,WPS演示,WPS表格/文字/演示/PDF功能与操作，适合功能教程页,,28.0,,,第三方工具-社区SEO,1,
5476,ppt在线压缩,组件功能与教程,WPS演示,WPS表格/文字/演示/PDF功能与操作，适合功能教程页,,27.0,,,第三方工具-社区SEO,1,
5477,团课ppt,组件功能与教程,WPS演示,WPS表格/文字/演示/PDF功能与操作，适合功能教程页,,34.0,,,第三方工具-社区SEO,1,
5478,ppt教学课件,组件功能与教程,WPS演示,WPS表格/文字/演示/PDF功能与操作，适合功能教程页,,28.0,,,第三方工具-社区SEO,1,
5479,ppt最后一页,组件功能与教程,WPS演示,WPS表格/文字/演示/PDF功能与操作，适合功能教程页,,28.0,,,第三方工具-社区SEO,1,
5480,新年ppt背景图,组件功能与教程,WPS演示,WPS表格/文字/演示/PDF功能与操作，适合功能教程页,,27.0,,,第三方工具-社区SEO,1,
5481,ppt格式,组件功能与教程,WPS演示,WPS表格/文字/演示/PDF功能与操作，适合功能教程页,,25.0,,,第三方工具-社区SEO,1,
5482,年度总结报告ppt,组件功能与教程,WPS演示,WPS表格/文字/演示/PDF功能与操作，适合功能教程页,,23.0,,,第三方工具-社区SEO,1,
5483,时间轴ppt,组件功能与教程,WPS演示,WPS表格/文字/演示/PDF功能与操作，适合功能教程页,,169.0,,,第三方工具-社区SEO,1,
5484,家长会ppt背景图片,组件功能与教程,WPS演示,WPS表格/文字/演示/PDF功能与操作，适合功能教程页,,27.0,,,第三方工具-社区SEO,1,
5485,大学生职业生涯规划大赛ppt,组件功能与教程,WPS演示,WPS表格/文字/演示/PDF功能与操作，适合功能教程页,,27.0,,,第三方工具-社区SEO,1,
5486,红色故事ppt,组件功能与教程,WPS演示,WPS表格/文字/演示/PDF功能与操作，适合功能教程页,,25.0,,,第三方工具-社区SEO,1,
5487,ppt 计时器,组件功能与教程,WPS演示,WPS表格/文字/演示/PDF功能与操作，适合功能教程页,,24.0,,,第三方工具-社区SEO,1,
5488,ppt 视频,组件功能与教程,WPS演示,WPS表格/文字/演示/PDF功能与操作，适合功能教程页,,24.0,,,第三方工具-社区SEO,1,
5489,锐普ppt,组件功能与教程,WPS演示,WPS表格/文字/演示/PDF功能与操作，适合功能教程页,,176.0,,,第三方工具-社区SEO,1,
5490,故都的秋ppt,组件功能与教程,WPS演示,WPS表格/文字/演示/PDF功能与操作，适合功能教程页,,149.0,,,第三方工具-社区SEO,1,
5491,春节ppt素材,组件功能与教程,WPS演示,WPS表格/文字/演示/PDF功能与操作，适合功能教程页,,118.0,,,第三方工具-社区SEO,1,
5492,花瓣网ppt,组件功能与教程,WPS演示,WPS表格/文字/演示/PDF功能与操作，适合功能教程页,,28.0,,,第三方工具-社区SEO,1,
5493,第一ppt课件,组件功能与教程,WPS演示,WPS表格/文字/演示/PDF功能与操作，适合功能教程页,,25.0,,,第三方工具-社区SEO,1,
5494,食品安全ppt,组件功能与教程,WPS演示,WPS表格/文字/演示/PDF功能与操作，适合功能教程页,,21.0,,,第三方工具-社区SEO,1,
5495,好书推荐ppt,组件功能与教程,WPS演示,WPS表格/文字/演示/PDF功能与操作，适合功能教程页,,21.0,,,第三方工具-社区SEO,1,
5496,合并ppt,组件功能与教程,WPS演示,WPS表格/文字/演示/PDF功能与操作，适合功能教程页,,14.0,,,第三方工具-社区SEO,1,
5497,swot分析ppt,组件功能与教程,WPS演示,WPS表格/文字/演示/PDF功能与操作，适合功能教程页,,133.0,,,第三方工具-社区SEO,1,
5498,ppt2010,组件功能与教程,WPS演示,WPS表格/文字/演示/PDF功能与操作，适合功能教程页,,85.0,,,第三方工具-社区SEO,1,
5499,微软ppt,组件功能与教程,WPS演示,WPS表格/文字/演示/PDF功能与操作，适合功能教程页,,37.0,,,第三方工具-社区SEO,1,
5500,ppt合并,组件功能与教程,WPS演示,WPS表格/文字/演示/PDF功能与操作，适合功能教程页,,28.0,,,第三方工具-社区SEO,1,
5501,ppt底图,组件功能与教程,WPS演示,WPS表格/文字/演示/PDF功能与操作，适合功能教程页,,24.0,,,第三方工具-社区SEO,1,
5502,ppt目录页,组件功能与教程,WPS演示,WPS表格/文字/演示/PDF功能与操作，适合功能教程页,,23.0,,,第三方工具-社区SEO,1,
5503,古风ppt,组件功能与教程,WPS演示,WPS表格/文字/演示/PDF功能与操作，适合功能教程页,,22.0,,,第三方工具-社区SEO,1,
5504,蓝色ppt背景图片,组件功能与教程,WPS演示,WPS表格/文字/演示/PDF功能与操作，适合功能教程页,,20.0,,,第三方工具-社区SEO,1,
5505,ppt转为word,组件功能与教程,WPS演示,WPS表格/文字/演示/PDF功能与操作，适合功能教程页,,31.0,,,第三方工具-社区SEO,1,
5506,ppt背景图片素材,组件功能与教程,WPS演示,WPS表格/文字/演示/PDF功能与操作，适合功能教程页,,176.0,,,第三方工具-社区SEO,1,
5507,ppt打不开,组件功能与教程,WPS演示,WPS表格/文字/演示/PDF功能与操作，适合功能教程页,,159.0,,,第三方工具-社区SEO,1,
5508,ppt比例,组件功能与教程,WPS演示,WPS表格/文字/演示/PDF功能与操作，适合功能教程页,,34.0,,,第三方工具-社区SEO,1,
5509,ppt页码,组件功能与教程,WPS演示,WPS表格/文字/演示/PDF功能与操作，适合功能教程页,,31.0,,,第三方工具-社区SEO,1,
5510,ppt取消自动放映,组件功能与教程,WPS演示,WPS表格/文字/演示/PDF功能与操作，适合功能教程页,,27.0,,,第三方工具-社区SEO,1,
5511,元旦ppt背景图片,组件功能与教程,WPS演示,WPS表格/文字/演示/PDF功能与操作，适合功能教程页,,22.0,,,第三方工具-社区SEO,1,
5512,诚信教育主题班会ppt,组件功能与教程,WPS演示,WPS表格/文字/演示/PDF功能与操作，适合功能教程页,,22.0,,,第三方工具-社区SEO,1,
5513,年度述职ppt,组件功能与教程,WPS演示,WPS表格/文字/演示/PDF功能与操作，适合功能教程页,,20.0,,,第三方工具-社区SEO,1,
5514,我和我的祖国ppt,组件功能与教程,WPS演示,WPS表格/文字/演示/PDF功能与操作，适合功能教程页,,20.0,,,第三方工具-社区SEO,1,
5515,情绪管理ppt,组件功能与教程,WPS演示,WPS表格/文字/演示/PDF功能与操作，适合功能教程页,,134.0,,,第三方工具-社区SEO,1,
5516,大学生职业规划ppt,组件功能与教程,WPS演示,WPS表格/文字/演示/PDF功能与操作，适合功能教程页,,130.0,,,第三方工具-社区SEO,1,
5517,ppt用什么软件制作,组件功能与教程,WPS演示,WPS表格/文字/演示/PDF功能与操作，适合功能教程页,,36.0,,,第三方工具-社区SEO,1,
5518,ppt插入文件,组件功能与教程,WPS演示,WPS表格/文字/演示/PDF功能与操作，适合功能教程页,,24.0,,,第三方工具-社区SEO,1,
5519,ppt瘦身,组件功能与教程,WPS演示,WPS表格/文字/演示/PDF功能与操作，适合功能教程页,,24.0,,,第三方工具-社区SEO,1,
5520,辩论赛ppt,组件功能与教程,WPS演示,WPS表格/文字/演示/PDF功能与操作，适合功能教程页,,19.0,,,第三方工具-社区SEO,1,
5521,护士长述职报告ppt,组件功能与教程,WPS演示,WPS表格/文字/演示/PDF功能与操作，适合功能教程页,,163.0,,,第三方工具-社区SEO,1,
5522,ppt优化,组件功能与教程,WPS演示,WPS表格/文字/演示/PDF功能与操作，适合功能教程页,,26.0,,,第三方工具-社区SEO,1,
5523,ppt图片排版,组件功能与教程,WPS演示,WPS表格/文字/演示/PDF功能与操作，适合功能教程页,,22.0,,,第三方工具-社区SEO,1,
5524,青花瓷ppt,组件功能与教程,WPS演示,WPS表格/文字/演示/PDF功能与操作，适合功能教程页,,20.0,,,第三方工具-社区SEO,1,
5525,心理健康ppt,组件功能与教程,WPS演示,WPS表格/文字/演示/PDF功能与操作，适合功能教程页,,20.0,,,第三方工具-社区SEO,1,
5526,苏武传ppt,组件功能与教程,WPS演示,WPS表格/文字/演示/PDF功能与操作，适合功能教程页,,134.0,,,第三方工具-社区SEO,1,
5527,ppt计时器,组件功能与教程,WPS演示,WPS表格/文字/演示/PDF功能与操作，适合功能教程页,,37.0,,,第三方工具-社区SEO,1,
5528,101ppt,组件功能与教程,WPS演示,WPS表格/文字/演示/PDF功能与操作，适合功能教程页,,22.0,,,第三方工具-社区SEO,1,
5529,ppt播放,组件功能与教程,WPS演示,WPS表格/文字/演示/PDF功能与操作，适合功能教程页,,21.0,,,第三方工具-社区SEO,1,
5530,ppt导出图片,组件功能与教程,WPS演示,WPS表格/文字/演示/PDF功能与操作，适合功能教程页,,19.0,,,第三方工具-社区SEO,1,
5531,锐普ppt官网,组件功能与教程,WPS演示,WPS表格/文字/演示/PDF功能与操作，适合功能教程页,,18.0,,,第三方工具-社区SEO,1,
5532,ppt背景简约,组件功能与教程,WPS演示,WPS表格/文字/演示/PDF功能与操作，适合功能教程页,,18.0,,,第三方工具-社区SEO,1,
5533,电影鉴赏ppt,组件功能与教程,WPS演示,WPS表格/文字/演示/PDF功能与操作，适合功能教程页,,17.0,,,第三方工具-社区SEO,1,
5534,ppt软件,组件功能与教程,WPS演示,WPS表格/文字/演示/PDF功能与操作，适合功能教程页,,468.0,,,第三方工具-社区SEO,1,
5535,苹果发布会ppt,组件功能与教程,WPS演示,WPS表格/文字/演示/PDF功能与操作，适合功能教程页,,139.0,,,第三方工具-社区SEO,1,
5536,开题报告答辩ppt,组件功能与教程,WPS演示,WPS表格/文字/演示/PDF功能与操作，适合功能教程页,,61.0,,,第三方工具-社区SEO,1,
5537,ppt取消所有动画效果,组件功能与教程,WPS演示,WPS表格/文字/演示/PDF功能与操作，适合功能教程页,,22.0,,,第三方工具-社区SEO,1,
5538,介绍家乡的ppt,组件功能与教程,WPS演示,WPS表格/文字/演示/PDF功能与操作，适合功能教程页,,18.0,,,第三方工具-社区SEO,1,
5539,美图ppt,组件功能与教程,WPS演示,WPS表格/文字/演示/PDF功能与操作，适合功能教程页,,17.0,,,第三方工具-社区SEO,1,
5540,沁园春雪ppt,组件功能与教程,WPS演示,WPS表格/文字/演示/PDF功能与操作，适合功能教程页,,179.0,,,第三方工具-社区SEO,1,
5541,ppt小图标,组件功能与教程,WPS演示,WPS表格/文字/演示/PDF功能与操作，适合功能教程页,,162.0,,,第三方工具-社区SEO,1,
5542,ppt版式,组件功能与教程,WPS演示,WPS表格/文字/演示/PDF功能与操作，适合功能教程页,,152.0,,,第三方工具-社区SEO,1,
5543,创新创业ppt,组件功能与教程,WPS演示,WPS表格/文字/演示/PDF功能与操作，适合功能教程页,,38.0,,,第三方工具-社区SEO,1,
5544,生涯规划ppt,组件功能与教程,WPS演示,WPS表格/文字/演示/PDF功能与操作，适合功能教程页,,28.0,,,第三方工具-社区SEO,1,
5545,美化ppt,组件功能与教程,WPS演示,WPS表格/文字/演示/PDF功能与操作，适合功能教程页,,27.0,,,第三方工具-社区SEO,1,
5546,ppt素材网,组件功能与教程,WPS演示,WPS表格/文字/演示/PDF功能与操作，适合功能教程页,,26.0,,,第三方工具-社区SEO,1,
5547,国家安全教育ppt,组件功能与教程,WPS演示,WPS表格/文字/演示/PDF功能与操作，适合功能教程页,,22.0,,,第三方工具-社区SEO,1,
5548,元旦晚会ppt,组件功能与教程,WPS演示,WPS表格/文字/演示/PDF功能与操作，适合功能教程页,,19.0,,,第三方工具-社区SEO,1,
5549,白雪公主ppt,组件功能与教程,WPS演示,WPS表格/文字/演示/PDF功能与操作，适合功能教程页,,17.0,,,第三方工具-社区SEO,1,
5550,极简ppt,组件功能与教程,WPS演示,WPS表格/文字/演示/PDF功能与操作，适合功能教程页,,16.0,,,第三方工具-社区SEO,1,
5551,ppt嵌入字体保存,组件功能与教程,WPS演示,WPS表格/文字/演示/PDF功能与操作，适合功能教程页,,9.0,,,第三方工具-社区SEO,1,
5552,师说ppt,组件功能与教程,WPS演示,WPS表格/文字/演示/PDF功能与操作，适合功能教程页,,128.0,,,第三方工具-社区SEO,1,
5553,职业生涯规划大赛ppt,组件功能与教程,WPS演示,WPS表格/文字/演示/PDF功能与操作，适合功能教程页,,28.0,,,第三方工具-社区SEO,1,
5554,班会主题ppt,组件功能与教程,WPS演示,WPS表格/文字/演示/PDF功能与操作，适合功能教程页,,25.0,,,第三方工具-社区SEO,1,
5555,防诈骗ppt,组件功能与教程,WPS演示,WPS表格/文字/演示/PDF功能与操作，适合功能教程页,,24.0,,,第三方工具-社区SEO,1,
5556,工匠精神ppt,组件功能与教程,WPS演示,WPS表格/文字/演示/PDF功能与操作，适合功能教程页,,18.0,,,第三方工具-社区SEO,1,
5557,创新创业计划书ppt,组件功能与教程,WPS演示,WPS表格/文字/演示/PDF功能与操作，适合功能教程页,,17.0,,,第三方工具-社区SEO,1,
5558,可爱ppt背景图,组件功能与教程,WPS演示,WPS表格/文字/演示/PDF功能与操作，适合功能教程页,,16.0,,,第三方工具-社区SEO,1,
5559,乌鸦喝水ppt课件,组件功能与教程,WPS演示,WPS表格/文字/演示/PDF功能与操作，适合功能教程页,,15.0,,,第三方工具-社区SEO,1,
5560,ppt文件,组件功能与教程,WPS演示,WPS表格/文字/演示/PDF功能与操作，适合功能教程页,,168.0,,,第三方工具-社区SEO,1,
5561,卖火柴的小女孩ppt,组件功能与教程,WPS演示,WPS表格/文字/演示/PDF功能与操作，适合功能教程页,,134.0,,,第三方工具-社区SEO,1,
5562,年度述职报告ppt,组件功能与教程,WPS演示,WPS表格/文字/演示/PDF功能与操作，适合功能教程页,,23.0,,,第三方工具-社区SEO,1,
5563,幼儿园交通安全ppt课件,组件功能与教程,WPS演示,WPS表格/文字/演示/PDF功能与操作，适合功能教程页,,22.0,,,第三方工具-社区SEO,1,
5564,ppt边框,组件功能与教程,WPS演示,WPS表格/文字/演示/PDF功能与操作，适合功能教程页,,21.0,,,第三方工具-社区SEO,1,
5565,传统文化ppt,组件功能与教程,WPS演示,WPS表格/文字/演示/PDF功能与操作，适合功能教程页,,20.0,,,第三方工具-社区SEO,1,
5566,ppt插图素材,组件功能与教程,WPS演示,WPS表格/文字/演示/PDF功能与操作，适合功能教程页,,19.0,,,第三方工具-社区SEO,1,
5567,推荐一本好书ppt,组件功能与教程,WPS演示,WPS表格/文字/演示/PDF功能与操作，适合功能教程页,,19.0,,,第三方工具-社区SEO,1,
5568,总结ppt,组件功能与教程,WPS演示,WPS表格/文字/演示/PDF功能与操作，适合功能教程页,,15.0,,,第三方工具-社区SEO,1,
5569,ppt标题,组件功能与教程,WPS演示,WPS表格/文字/演示/PDF功能与操作，适合功能教程页,,15.0,,,第三方工具-社区SEO,1,
5570,ppt演讲者视图,组件功能与教程,WPS演示,WPS表格/文字/演示/PDF功能与操作，适合功能教程页,,14.0,,,第三方工具-社区SEO,1,
5571,红色主题ppt背景图片,组件功能与教程,WPS演示,WPS表格/文字/演示/PDF功能与操作，适合功能教程页,,14.0,,,第三方工具-社区SEO,1,
5572,谢谢观看ppt结尾图片,组件功能与教程,WPS演示,WPS表格/文字/演示/PDF功能与操作，适合功能教程页,,536.0,,,第三方工具-社区SEO,1,
5573,将进酒ppt,组件功能与教程,WPS演示,WPS表格/文字/演示/PDF功能与操作，适合功能教程页,,162.0,,,第三方工具-社区SEO,1,
5574,ppt时间线,组件功能与教程,WPS演示,WPS表格/文字/演示/PDF功能与操作，适合功能教程页,,145.0,,,第三方工具-社区SEO,1,
5575,春节ppt背景图片,组件功能与教程,WPS演示,WPS表格/文字/演示/PDF功能与操作，适合功能教程页,,30.0,,,第三方工具-社区SEO,1,
5576,好看的ppt背景图,组件功能与教程,WPS演示,WPS表格/文字/演示/PDF功能与操作，适合功能教程页,,28.0,,,第三方工具-社区SEO,1,
5577,ppt文字,组件功能与教程,WPS演示,WPS表格/文字/演示/PDF功能与操作，适合功能教程页,,17.0,,,第三方工具-社区SEO,1,
5578,ppt插入gif,组件功能与教程,WPS演示,WPS表格/文字/演示/PDF功能与操作，适合功能教程页,,17.0,,,第三方工具-社区SEO,1,
5579,毕业论文开题答辩ppt,组件功能与教程,WPS演示,WPS表格/文字/演示/PDF功能与操作，适合功能教程页,,16.0,,,第三方工具-社区SEO,1,
5580,ppt插入倒计时,组件功能与教程,WPS演示,WPS表格/文字/演示/PDF功能与操作，适合功能教程页,,15.0,,,第三方工具-社区SEO,1,
5581,孙子兵法ppt,组件功能与教程,WPS演示,WPS表格/文字/演示/PDF功能与操作，适合功能教程页,,15.0,,,第三方工具-社区SEO,1,
5582,一键生成ppt的软件,组件功能与教程,WPS演示,WPS表格/文字/演示/PDF功能与操作，适合功能教程页,,15.0,,,第三方工具-社区SEO,1,
5583,爱国ppt,组件功能与教程,WPS演示,WPS表格/文字/演示/PDF功能与操作，适合功能教程页,,15.0,,,第三方工具-社区SEO,1,
5584,变色龙ppt,组件功能与教程,WPS演示,WPS表格/文字/演示/PDF功能与操作，适合功能教程页,,156.0,,,第三方工具-社区SEO,1,
5585,冬季安全教育主题班会ppt,组件功能与教程,WPS演示,WPS表格/文字/演示/PDF功能与操作，适合功能教程页,,126.0,,,第三方工具-社区SEO,1,
5586,ppt倒计时软件,组件功能与教程,WPS演示,WPS表格/文字/演示/PDF功能与操作，适合功能教程页,,70.0,,,第三方工具-社区SEO,1,
5587,旁门左道ppt,组件功能与教程,WPS演示,WPS表格/文字/演示/PDF功能与操作，适合功能教程页,,61.0,,,第三方工具-社区SEO,1,
5588,交通安全教育ppt,组件功能与教程,WPS演示,WPS表格/文字/演示/PDF功能与操作，适合功能教程页,,23.0,,,第三方工具-社区SEO,1,
5589,幼儿园ppt,组件功能与教程,WPS演示,WPS表格/文字/演示/PDF功能与操作，适合功能教程页,,18.0,,,第三方工具-社区SEO,1,
5590,绘本ppt,组件功能与教程,WPS演示,WPS表格/文字/演示/PDF功能与操作，适合功能教程页,,18.0,,,第三方工具-社区SEO,1,
5591,过秦论ppt,组件功能与教程,WPS演示,WPS表格/文字/演示/PDF功能与操作，适合功能教程页,,17.0,,,第三方工具-社区SEO,1,
5592,年会ppt背景图片,组件功能与教程,WPS演示,WPS表格/文字/演示/PDF功能与操作，适合功能教程页,,16.0,,,第三方工具-社区SEO,1,
5593,个人年终述职报告ppt,组件功能与教程,WPS演示,WPS表格/文字/演示/PDF功能与操作，适合功能教程页,,16.0,,,第三方工具-社区SEO,1,
5594,中国地图ppt,组件功能与教程,WPS演示,WPS表格/文字/演示/PDF功能与操作，适合功能教程页,,16.0,,,第三方工具-社区SEO,1,
5595,目录ppt,组件功能与教程,WPS演示,WPS表格/文字/演示/PDF功能与操作，适合功能教程页,,15.0,,,第三方工具-社区SEO,1,
5596,年终工作总结ppt范文,组件功能与教程,WPS演示,WPS表格/文字/演示/PDF功能与操作，适合功能教程页,,14.0,,,第三方工具-社区SEO,1,
5597,中国优秀传统文化ppt,组件功能与教程,WPS演示,WPS表格/文字/演示/PDF功能与操作，适合功能教程页,,14.0,,,第三方工具-社区SEO,1,
5598,好看的ppt,组件功能与教程,WPS演示,WPS表格/文字/演示/PDF功能与操作，适合功能教程页,,13.0,,,第三方工具-社区SEO,1,
5599,ppt素材大全,组件功能与教程,WPS演示,WPS表格/文字/演示/PDF功能与操作，适合功能教程页,,13.0,,,第三方工具-社区SEO,1,
5600,元旦节ppt,组件功能与教程,WPS演示,WPS表格/文字/演示/PDF功能与操作，适合功能教程页,,12.0,,,第三方工具-社区SEO,1,
5601,六年级家长会ppt课件,组件功能与教程,WPS演示,WPS表格/文字/演示/PDF功能与操作，适合功能教程页,,12.0,,,第三方工具-社区SEO,1,
5602,职称答辩ppt,组件功能与教程,WPS演示,WPS表格/文字/演示/PDF功能与操作，适合功能教程页,,7.0,,,第三方工具-社区SEO,1,
5603,word自动生成ppt,组件功能与教程,WPS演示,WPS表格/文字/演示/PDF功能与操作，适合功能教程页,,15.0,,,第三方工具-社区SEO,1,
5604,乌鸦喝水ppt,组件功能与教程,WPS演示,WPS表格/文字/演示/PDF功能与操作，适合功能教程页,,155.0,,,第三方工具-社区SEO,1,
5605,比格ppt,组件功能与教程,WPS演示,WPS表格/文字/演示/PDF功能与操作，适合功能教程页,,130.0,,,第三方工具-社区SEO,1,
5606,面试ppt,组件功能与教程,WPS演示,WPS表格/文字/演示/PDF功能与操作，适合功能教程页,,20.0,,,第三方工具-社区SEO,1,
5607,工作计划ppt,组件功能与教程,WPS演示,WPS表格/文字/演示/PDF功能与操作，适合功能教程页,,18.0,,,第三方工具-社区SEO,1,
5608,ppt蒙版,组件功能与教程,WPS演示,WPS表格/文字/演示/PDF功能与操作，适合功能教程页,,18.0,,,第三方工具-社区SEO,1,
5609,一键ppt,组件功能与教程,WPS演示,WPS表格/文字/演示/PDF功能与操作，适合功能教程页,,17.0,,,第三方工具-社区SEO,1,
5610,端午节ppt背景,组件功能与教程,WPS演示,WPS表格/文字/演示/PDF功能与操作，适合功能教程页,,15.0,,,第三方工具-社区SEO,1,
5611,美食ppt,组件功能与教程,WPS演示,WPS表格/文字/演示/PDF功能与操作，适合功能教程页,,15.0,,,第三方工具-社区SEO,1,
5612,ppt红色背景,组件功能与教程,WPS演示,WPS表格/文字/演示/PDF功能与操作，适合功能教程页,,15.0,,,第三方工具-社区SEO,1,
5613,中国传统节日ppt,组件功能与教程,WPS演示,WPS表格/文字/演示/PDF功能与操作，适合功能教程页,,14.0,,,第三方工具-社区SEO,1,
5614,消防安全培训ppt课件,组件功能与教程,WPS演示,WPS表格/文字/演示/PDF功能与操作，适合功能教程页,,14.0,,,第三方工具-社区SEO,1,
5615,课件ppt,组件功能与教程,WPS演示,WPS表格/文字/演示/PDF功能与操作，适合功能教程页,,14.0,,,第三方工具-社区SEO,1,
5616,医学ppt,组件功能与教程,WPS演示,WPS表格/文字/演示/PDF功能与操作，适合功能教程页,,14.0,,,第三方工具-社区SEO,1,
5617,阅读分享ppt,组件功能与教程,WPS演示,WPS表格/文字/演示/PDF功能与操作，适合功能教程页,,13.0,,,第三方工具-社区SEO,1,
5618,ppt文本框自动换行,组件功能与教程,WPS演示,WPS表格/文字/演示/PDF功能与操作，适合功能教程页,,12.0,,,第三方工具-社区SEO,1,
5619,地图ppt,组件功能与教程,WPS演示,WPS表格/文字/演示/PDF功能与操作，适合功能教程页,,12.0,,,第三方工具-社区SEO,1,
5620,感恩节ppt,组件功能与教程,WPS演示,WPS表格/文字/演示/PDF功能与操作，适合功能教程页,,12.0,,,第三方工具-社区SEO,1,
5621,三体ppt,组件功能与教程,WPS演示,WPS表格/文字/演示/PDF功能与操作，适合功能教程页,,12.0,,,第三方工具-社区SEO,1,
5622,ppt背景图片简约大气,组件功能与教程,WPS演示,WPS表格/文字/演示/PDF功能与操作，适合功能教程页,,356.0,,,第三方工具-社区SEO,1,
5623,超级ppt,组件功能与教程,WPS演示,WPS表格/文字/演示/PDF功能与操作，适合功能教程页,,120.0,,,第三方工具-社区SEO,1,
5624,时间管理ppt,组件功能与教程,WPS演示,WPS表格/文字/演示/PDF功能与操作，适合功能教程页,,73.0,,,第三方工具-社区SEO,1,
5625,大学生职业规划书ppt,组件功能与教程,WPS演示,WPS表格/文字/演示/PDF功能与操作，适合功能教程页,,14.0,,,第三方工具-社区SEO,1,
5626,中国共产党章程ppt,组件功能与教程,WPS演示,WPS表格/文字/演示/PDF功能与操作，适合功能教程页,,14.0,,,第三方工具-社区SEO,1,
5627,背景ppt,组件功能与教程,WPS演示,WPS表格/文字/演示/PDF功能与操作，适合功能教程页,,12.0,,,第三方工具-社区SEO,1,
5628,ppt思维导图,组件功能与教程,WPS演示,WPS表格/文字/演示/PDF功能与操作，适合功能教程页,,12.0,,,第三方工具-社区SEO,1,
5629,新疆ppt,组件功能与教程,WPS演示,WPS表格/文字/演示/PDF功能与操作，适合功能教程页,,12.0,,,第三方工具-社区SEO,1,
5630,党政ppt,组件功能与教程,WPS演示,WPS表格/文字/演示/PDF功能与操作，适合功能教程页,,12.0,,,第三方工具-社区SEO,1,
5631,元旦的ppt,组件功能与教程,WPS演示,WPS表格/文字/演示/PDF功能与操作，适合功能教程页,,12.0,,,第三方工具-社区SEO,1,
5632,图片转化为ppt,组件功能与教程,WPS演示,WPS表格/文字/演示/PDF功能与操作，适合功能教程页,,12.0,,,第三方工具-社区SEO,1,
5633,音乐ppt,组件功能与教程,WPS演示,WPS表格/文字/演示/PDF功能与操作，适合功能教程页,,11.0,,,第三方工具-社区SEO,1,
5634,英文ppt,组件功能与教程,WPS演示,WPS表格/文字/演示/PDF功能与操作，适合功能教程页,,11.0,,,第三方工具-社区SEO,1,
5635,ppt图形,组件功能与教程,WPS演示,WPS表格/文字/演示/PDF功能与操作，适合功能教程页,,11.0,,,第三方工具-社区SEO,1,
5636,安全生产 ppt,组件功能与教程,WPS演示,WPS表格/文字/演示/PDF功能与操作，适合功能教程页,,11.0,,,第三方工具-社区SEO,1,
5637,ppt大师,组件功能与教程,WPS演示,WPS表格/文字/演示/PDF功能与操作，适合功能教程页,,11.0,,,第三方工具-社区SEO,1,
5638,ppt熊猫,组件功能与教程,WPS演示,WPS表格/文字/演示/PDF功能与操作，适合功能教程页,,11.0,,,第三方工具-社区SEO,1,
5639,花瓣ppt,组件功能与教程,WPS演示,WPS表格/文字/演示/PDF功能与操作，适合功能教程页,,11.0,,,第三方工具-社区SEO,1,
5640,荷塘月色ppt,组件功能与教程,WPS演示,WPS表格/文字/演示/PDF功能与操作，适合功能教程页,,150.0,,,第三方工具-社区SEO,1,
5641,ppt封面图片,组件功能与教程,WPS演示,WPS表格/文字/演示/PDF功能与操作，适合功能教程页,,147.0,,,第三方工具-社区SEO,1,
5642,论文答辩ppt,组件功能与教程,WPS演示,WPS表格/文字/演示/PDF功能与操作，适合功能教程页,,143.0,,,第三方工具-社区SEO,1,
5643,ppt自我介绍,组件功能与教程,WPS演示,WPS表格/文字/演示/PDF功能与操作，适合功能教程页,,135.0,,,第三方工具-社区SEO,1,
5644,背景图片ppt,组件功能与教程,WPS演示,WPS表格/文字/演示/PDF功能与操作，适合功能教程页,,131.0,,,第三方工具-社区SEO,1,
5645,狐假虎威ppt,组件功能与教程,WPS演示,WPS表格/文字/演示/PDF功能与操作，适合功能教程页,,128.0,,,第三方工具-社区SEO,1,
5646,拿来主义ppt,组件功能与教程,WPS演示,WPS表格/文字/演示/PDF功能与操作，适合功能教程页,,77.0,,,第三方工具-社区SEO,1,
5647,转正ppt,组件功能与教程,WPS演示,WPS表格/文字/演示/PDF功能与操作，适合功能教程页,,21.0,,,第三方工具-社区SEO,1,
5648,课件ppt制作,组件功能与教程,WPS演示,WPS表格/文字/演示/PDF功能与操作，适合功能教程页,,20.0,,,第三方工具-社区SEO,1,
5649,皇帝的新装ppt,组件功能与教程,WPS演示,WPS表格/文字/演示/PDF功能与操作，适合功能教程页,,19.0,,,第三方工具-社区SEO,1,
5650,党员大会ppt背景,组件功能与教程,WPS演示,WPS表格/文字/演示/PDF功能与操作，适合功能教程页,,19.0,,,第三方工具-社区SEO,1,
5651,家风家训ppt,组件功能与教程,WPS演示,WPS表格/文字/演示/PDF功能与操作，适合功能教程页,,18.0,,,第三方工具-社区SEO,1,
5652,预备党员转正ppt,组件功能与教程,WPS演示,WPS表格/文字/演示/PDF功能与操作，适合功能教程页,,17.0,,,第三方工具-社区SEO,1,
5653,ppt官网,组件功能与教程,WPS演示,WPS表格/文字/演示/PDF功能与操作，适合功能教程页,,17.0,,,第三方工具-社区SEO,1,
5654,发布会ppt,组件功能与教程,WPS演示,WPS表格/文字/演示/PDF功能与操作，适合功能教程页,,13.0,,,第三方工具-社区SEO,1,
5655,ppt背景板,组件功能与教程,WPS演示,WPS表格/文字/演示/PDF功能与操作，适合功能教程页,,13.0,,,第三方工具-社区SEO,1,
5656,生日会ppt,组件功能与教程,WPS演示,WPS表格/文字/演示/PDF功能与操作，适合功能教程页,,13.0,,,第三方工具-社区SEO,1,
5657,国家安全ppt,组件功能与教程,WPS演示,WPS表格/文字/演示/PDF功能与操作，适合功能教程页,,13.0,,,第三方工具-社区SEO,1,
5658,ppt删除动画效果,组件功能与教程,WPS演示,WPS表格/文字/演示/PDF功能与操作，适合功能教程页,,13.0,,,第三方工具-社区SEO,1,
5659,中秋节英语ppt,组件功能与教程,WPS演示,WPS表格/文字/演示/PDF功能与操作，适合功能教程页,,13.0,,,第三方工具-社区SEO,1,
5660,个人述职ppt,组件功能与教程,WPS演示,WPS表格/文字/演示/PDF功能与操作，适合功能教程页,,12.0,,,第三方工具-社区SEO,1,
5661,平凡的世界ppt,组件功能与教程,WPS演示,WPS表格/文字/演示/PDF功能与操作，适合功能教程页,,12.0,,,第三方工具-社区SEO,1,
5662,幻灯片ppt,组件功能与教程,WPS演示,WPS表格/文字/演示/PDF功能与操作，适合功能教程页,,11.0,,,第三方工具-社区SEO,1,
5663,ppt水印,组件功能与教程,WPS演示,WPS表格/文字/演示/PDF功能与操作，适合功能教程页,,11.0,,,第三方工具-社区SEO,1,
5664,欢迎ppt,组件功能与教程,WPS演示,WPS表格/文字/演示/PDF功能与操作，适合功能教程页,,11.0,,,第三方工具-社区SEO,1,
5665,ppt图片圆角,组件功能与教程,WPS演示,WPS表格/文字/演示/PDF功能与操作，适合功能教程页,,11.0,,,第三方工具-社区SEO,1,
5666,元旦ppt素材,组件功能与教程,WPS演示,WPS表格/文字/演示/PDF功能与操作，适合功能教程页,,11.0,,,第三方工具-社区SEO,1,
5667,回忆我的母亲ppt,组件功能与教程,WPS演示,WPS表格/文字/演示/PDF功能与操作，适合功能教程页,,10.0,,,第三方工具-社区SEO,1,
5668,ppt图片渐变透明,组件功能与教程,WPS演示,WPS表格/文字/演示/PDF功能与操作，适合功能教程页,,10.0,,,第三方工具-社区SEO,1,
5669,会计职业生涯规划ppt,组件功能与教程,WPS演示,WPS表格/文字/演示/PDF功能与操作，适合功能教程页,,10.0,,,第三方工具-社区SEO,1,
5670,52ppt,组件功能与教程,WPS演示,WPS表格/文字/演示/PDF功能与操作，适合功能教程页,,10.0,,,第三方工具-社区SEO,1,
5671,ppt总结,组件功能与教程,WPS演示,WPS表格/文字/演示/PDF功能与操作，适合功能教程页,,10.0,,,第三方工具-社区SEO,1,
5672,word转成ppt,组件功能与教程,WPS演示,WPS表格/文字/演示/PDF功能与操作，适合功能教程页,,13.0,,,第三方工具-社区SEO,1,
5673,ppt图标,组件功能与教程,WPS演示,WPS表格/文字/演示/PDF功能与操作，适合功能教程页,,127.0,,,第三方工具-社区SEO,1,
5674,大队委竞选ppt,组件功能与教程,WPS演示,WPS表格/文字/演示/PDF功能与操作，适合功能教程页,,72.0,,,第三方工具-社区SEO,1,
5675,冬季安全教育ppt,组件功能与教程,WPS演示,WPS表格/文字/演示/PDF功能与操作，适合功能教程页,,37.0,,,第三方工具-社区SEO,1,
5676,产品介绍ppt,组件功能与教程,WPS演示,WPS表格/文字/演示/PDF功能与操作，适合功能教程页,,31.0,,,第三方工具-社区SEO,1,
5677,数学ppt背景图片,组件功能与教程,WPS演示,WPS表格/文字/演示/PDF功能与操作，适合功能教程页,,19.0,,,第三方工具-社区SEO,1,
5678,乡村振兴ppt,组件功能与教程,WPS演示,WPS表格/文字/演示/PDF功能与操作，适合功能教程页,,16.0,,,第三方工具-社区SEO,1,
5679,ppt视频自动播放,组件功能与教程,WPS演示,WPS表格/文字/演示/PDF功能与操作，适合功能教程页,,15.0,,,第三方工具-社区SEO,1,
5680,ppt嵌入字体,组件功能与教程,WPS演示,WPS表格/文字/演示/PDF功能与操作，适合功能教程页,,15.0,,,第三方工具-社区SEO,1,
5681,ppt元素,组件功能与教程,WPS演示,WPS表格/文字/演示/PDF功能与操作，适合功能教程页,,13.0,,,第三方工具-社区SEO,1,
5682,流程图ppt,组件功能与教程,WPS演示,WPS表格/文字/演示/PDF功能与操作，适合功能教程页,,13.0,,,第三方工具-社区SEO,1,
5683,团队介绍ppt,组件功能与教程,WPS演示,WPS表格/文字/演示/PDF功能与操作，适合功能教程页,,13.0,,,第三方工具-社区SEO,1,
5684,ppt图表制作,组件功能与教程,WPS演示,WPS表格/文字/演示/PDF功能与操作，适合功能教程页,,13.0,,,第三方工具-社区SEO,1,
5685,ppt简约背景图片,组件功能与教程,WPS演示,WPS表格/文字/演示/PDF功能与操作，适合功能教程页,,13.0,,,第三方工具-社区SEO,1,
5686,三国演义ppt,组件功能与教程,WPS演示,WPS表格/文字/演示/PDF功能与操作，适合功能教程页,,13.0,,,第三方工具-社区SEO,1,
5687,元旦主题班会ppt,组件功能与教程,WPS演示,WPS表格/文字/演示/PDF功能与操作，适合功能教程页,,13.0,,,第三方工具-社区SEO,1,
5688,爱国ppt背景图片,组件功能与教程,WPS演示,WPS表格/文字/演示/PDF功能与操作，适合功能教程页,,13.0,,,第三方工具-社区SEO,1,
5689,优秀ppt作品欣赏,组件功能与教程,WPS演示,WPS表格/文字/演示/PDF功能与操作，适合功能教程页,,13.0,,,第三方工具-社区SEO,1,
5690,中国茶文化ppt,组件功能与教程,WPS演示,WPS表格/文字/演示/PDF功能与操作，适合功能教程页,,13.0,,,第三方工具-社区SEO,1,
5691,彩虹色的花绘本ppt,组件功能与教程,WPS演示,WPS表格/文字/演示/PDF功能与操作，适合功能教程页,,12.0,,,第三方工具-社区SEO,1,
5692,ppt照片,组件功能与教程,WPS演示,WPS表格/文字/演示/PDF功能与操作，适合功能教程页,,12.0,,,第三方工具-社区SEO,1,
5693,中秋节的ppt,组件功能与教程,WPS演示,WPS表格/文字/演示/PDF功能与操作，适合功能教程页,,12.0,,,第三方工具-社区SEO,1,
5694,ppt录屏,组件功能与教程,WPS演示,WPS表格/文字/演示/PDF功能与操作，适合功能教程页,,11.0,,,第三方工具-社区SEO,1,
5695,金字塔ppt,组件功能与教程,WPS演示,WPS表格/文字/演示/PDF功能与操作，适合功能教程页,,11.0,,,第三方工具-社区SEO,1,
5696,劝学ppt,组件功能与教程,WPS演示,WPS表格/文字/演示/PDF功能与操作，适合功能教程页,,11.0,,,第三方工具-社区SEO,1,
5697,ppt和pptx,组件功能与教程,WPS演示,WPS表格/文字/演示/PDF功能与操作，适合功能教程页,,10.0,,,第三方工具-社区SEO,1,
5698,ppt配色方案图谱,组件功能与教程,WPS演示,WPS表格/文字/演示/PDF功能与操作，适合功能教程页,,10.0,,,第三方工具-社区SEO,1,
5699,论文ppt,组件功能与教程,WPS演示,WPS表格/文字/演示/PDF功能与操作，适合功能教程页,,10.0,,,第三方工具-社区SEO,1,
5700,古风ppt背景,组件功能与教程,WPS演示,WPS表格/文字/演示/PDF功能与操作，适合功能教程页,,10.0,,,第三方工具-社区SEO,1,
5701,ppt卡通背景图片,组件功能与教程,WPS演示,WPS表格/文字/演示/PDF功能与操作，适合功能教程页,,10.0,,,第三方工具-社区SEO,1,
5702,卡通ppt背景图片,组件功能与教程,WPS演示,WPS表格/文字/演示/PDF功能与操作，适合功能教程页,,10.0,,,第三方工具-社区SEO,1,
5703,党章ppt,组件功能与教程,WPS演示,WPS表格/文字/演示/PDF功能与操作，适合功能教程页,,10.0,,,第三方工具-社区SEO,1,
5704,我爱ppt,组件功能与教程,WPS演示,WPS表格/文字/演示/PDF功能与操作，适合功能教程页,,8.0,,,第三方工具-社区SEO,1,
5705,设计ppt,组件功能与教程,WPS演示,WPS表格/文字/演示/PDF功能与操作，适合功能教程页,,700.0,,,第三方工具-社区SEO,1,
5706,1ppt.com,组件功能与教程,WPS演示,WPS表格/文字/演示/PDF功能与操作，适合功能教程页,,267.0,,,第三方工具-社区SEO,1,
5707,绘本故事ppt,组件功能与教程,WPS演示,WPS表格/文字/演示/PDF功能与操作，适合功能教程页,,131.0,,,第三方工具-社区SEO,1,
5708,背景图ppt,组件功能与教程,WPS演示,WPS表格/文字/演示/PDF功能与操作，适合功能教程页,,118.0,,,第三方工具-社区SEO,1,
5709,故宫ppt,组件功能与教程,WPS演示,WPS表格/文字/演示/PDF功能与操作，适合功能教程页,,23.0,,,第三方工具-社区SEO,1,
5710,安全培训ppt课件,组件功能与教程,WPS演示,WPS表格/文字/演示/PDF功能与操作，适合功能教程页,,21.0,,,第三方工具-社区SEO,1,
5711,ppt备注,组件功能与教程,WPS演示,WPS表格/文字/演示/PDF功能与操作，适合功能教程页,,18.0,,,第三方工具-社区SEO,1,
5712,人物介绍ppt,组件功能与教程,WPS演示,WPS表格/文字/演示/PDF功能与操作，适合功能教程页,,17.0,,,第三方工具-社区SEO,1,
5713,ppt素材图片小插图,组件功能与教程,WPS演示,WPS表格/文字/演示/PDF功能与操作，适合功能教程页,,15.0,,,第三方工具-社区SEO,1,
5714,ppt第一,组件功能与教程,WPS演示,WPS表格/文字/演示/PDF功能与操作，适合功能教程页,,14.0,,,第三方工具-社区SEO,1,
5715,小米ppt,组件功能与教程,WPS演示,WPS表格/文字/演示/PDF功能与操作，适合功能教程页,,13.0,,,第三方工具-社区SEO,1,
5716,千库网ppt,组件功能与教程,WPS演示,WPS表格/文字/演示/PDF功能与操作，适合功能教程页,,13.0,,,第三方工具-社区SEO,1,
5717,网络安全培训ppt,组件功能与教程,WPS演示,WPS表格/文字/演示/PDF功能与操作，适合功能教程页,,12.0,,,第三方工具-社区SEO,1,
5718,大学职业规划ppt,组件功能与教程,WPS演示,WPS表格/文字/演示/PDF功能与操作，适合功能教程页,,12.0,,,第三方工具-社区SEO,1,
5719,教学ppt,组件功能与教程,WPS演示,WPS表格/文字/演示/PDF功能与操作，适合功能教程页,,12.0,,,第三方工具-社区SEO,1,
5720,ppt放映快捷键,组件功能与教程,WPS演示,WPS表格/文字/演示/PDF功能与操作，适合功能教程页,,12.0,,,第三方工具-社区SEO,1,
5721,诺如病毒ppt,组件功能与教程,WPS演示,WPS表格/文字/演示/PDF功能与操作，适合功能教程页,,12.0,,,第三方工具-社区SEO,1,
5722,晋升述职报告ppt范文,组件功能与教程,WPS演示,WPS表格/文字/演示/PDF功能与操作，适合功能教程页,,11.0,,,第三方工具-社区SEO,1,
5723,ppt美化大师官网,组件功能与教程,WPS演示,WPS表格/文字/演示/PDF功能与操作，适合功能教程页,,11.0,,,第三方工具-社区SEO,1,
5724,幼儿园重阳节ppt,组件功能与教程,WPS演示,WPS表格/文字/演示/PDF功能与操作，适合功能教程页,,10.0,,,第三方工具-社区SEO,1,
5725,职业生涯规划ppt背景图,组件功能与教程,WPS演示,WPS表格/文字/演示/PDF功能与操作，适合功能教程页,,10.0,,,第三方工具-社区SEO,1,
5726,运动会ppt,组件功能与教程,WPS演示,WPS表格/文字/演示/PDF功能与操作，适合功能教程页,,10.0,,,第三方工具-社区SEO,1,
5727,物联网ppt,组件功能与教程,WPS演示,WPS表格/文字/演示/PDF功能与操作，适合功能教程页,,10.0,,,第三方工具-社区SEO,1,
5728,安全教育主题班会ppt课件,组件功能与教程,WPS演示,WPS表格/文字/演示/PDF功能与操作，适合功能教程页,,9.0,,,第三方工具-社区SEO,1,
5729,图片ppt,组件功能与教程,WPS演示,WPS表格/文字/演示/PDF功能与操作，适合功能教程页,,9.0,,,第三方工具-社区SEO,1,
5730,ppt工具,组件功能与教程,WPS演示,WPS表格/文字/演示/PDF功能与操作，适合功能教程页,,9.0,,,第三方工具-社区SEO,1,
5731,书法ppt,组件功能与教程,WPS演示,WPS表格/文字/演示/PDF功能与操作，适合功能教程页,,9.0,,,第三方工具-社区SEO,1,
5732,校园安全ppt,组件功能与教程,WPS演示,WPS表格/文字/演示/PDF功能与操作，适合功能教程页,,9.0,,,第三方工具-社区SEO,1,
5733,大雁归来ppt,组件功能与教程,WPS演示,WPS表格/文字/演示/PDF功能与操作，适合功能教程页,,8.0,,,第三方工具-社区SEO,1,
5734,道德经ppt,组件功能与教程,WPS演示,WPS表格/文字/演示/PDF功能与操作，适合功能教程页,,6.0,,,第三方工具-社区SEO,1,
5735,第1ppt,组件功能与教程,WPS演示,WPS表格/文字/演示/PDF功能与操作，适合功能教程页,,,,,第三方工具-社区SEO,1,
5736,英语演讲ppt,组件功能与教程,WPS演示,WPS表格/文字/演示/PDF功能与操作，适合功能教程页,,175.0,,,第三方工具-社区SEO,1,
5737,培训ppt,组件功能与教程,WPS演示,WPS表格/文字/演示/PDF功能与操作，适合功能教程页,,135.0,,,第三方工具-社区SEO,1,
5738,ppt触发器,组件功能与教程,WPS演示,WPS表格/文字/演示/PDF功能与操作，适合功能教程页,,133.0,,,第三方工具-社区SEO,1,
5739,ppt排版,组件功能与教程,WPS演示,WPS表格/文字/演示/PDF功能与操作，适合功能教程页,,63.0,,,第三方工具-社区SEO,1,
5740,清明上河图ppt,组件功能与教程,WPS演示,WPS表格/文字/演示/PDF功能与操作，适合功能教程页,,61.0,,,第三方工具-社区SEO,1,
5741,ppt全称,组件功能与教程,WPS演示,WPS表格/文字/演示/PDF功能与操作，适合功能教程页,,59.0,,,第三方工具-社区SEO,1,
5742,个人述职报告ppt,组件功能与教程,WPS演示,WPS表格/文字/演示/PDF功能与操作，适合功能教程页,,31.0,,,第三方工具-社区SEO,1,
5743,交通安全主题班会ppt,组件功能与教程,WPS演示,WPS表格/文字/演示/PDF功能与操作，适合功能教程页,,19.0,,,第三方工具-社区SEO,1,
5744,ppt封面设计,组件功能与教程,WPS演示,WPS表格/文字/演示/PDF功能与操作，适合功能教程页,,17.0,,,第三方工具-社区SEO,1,
5745,保护环境ppt,组件功能与教程,WPS演示,WPS表格/文字/演示/PDF功能与操作，适合功能教程页,,17.0,,,第三方工具-社区SEO,1,
5746,ppt笔刷素材,组件功能与教程,WPS演示,WPS表格/文字/演示/PDF功能与操作，适合功能教程页,,15.0,,,第三方工具-社区SEO,1,
5747,家乡介绍ppt,组件功能与教程,WPS演示,WPS表格/文字/演示/PDF功能与操作，适合功能教程页,,12.0,,,第三方工具-社区SEO,1,
5748,端午节ppt图片,组件功能与教程,WPS演示,WPS表格/文字/演示/PDF功能与操作，适合功能教程页,,12.0,,,第三方工具-社区SEO,1,
5749,ppt美化工具,组件功能与教程,WPS演示,WPS表格/文字/演示/PDF功能与操作，适合功能教程页,,11.0,,,第三方工具-社区SEO,1,
5750,ppt修复,组件功能与教程,WPS演示,WPS表格/文字/演示/PDF功能与操作，适合功能教程页,,11.0,,,第三方工具-社区SEO,1,
5751,财务报表分析ppt,组件功能与教程,WPS演示,WPS表格/文字/演示/PDF功能与操作，适合功能教程页,,11.0,,,第三方工具-社区SEO,1,
5752,ppt蓝色背景图片,组件功能与教程,WPS演示,WPS表格/文字/演示/PDF功能与操作，适合功能教程页,,11.0,,,第三方工具-社区SEO,1,
5753,礼仪培训ppt课件,组件功能与教程,WPS演示,WPS表格/文字/演示/PDF功能与操作，适合功能教程页,,11.0,,,第三方工具-社区SEO,1,
5754,岗位竞聘ppt,组件功能与教程,WPS演示,WPS表格/文字/演示/PDF功能与操作，适合功能教程页,,10.0,,,第三方工具-社区SEO,1,
5755,成语故事ppt,组件功能与教程,WPS演示,WPS表格/文字/演示/PDF功能与操作，适合功能教程页,,10.0,,,第三方工具-社区SEO,1,
5756,防溺水安全教育ppt,组件功能与教程,WPS演示,WPS表格/文字/演示/PDF功能与操作，适合功能教程页,,10.0,,,第三方工具-社区SEO,1,
5757,文明礼仪ppt,组件功能与教程,WPS演示,WPS表格/文字/演示/PDF功能与操作，适合功能教程页,,9.0,,,第三方工具-社区SEO,1,
5758,ppt插入音频,组件功能与教程,WPS演示,WPS表格/文字/演示/PDF功能与操作，适合功能教程页,,9.0,,,第三方工具-社区SEO,1,
5759,ppt字体嵌入,组件功能与教程,WPS演示,WPS表格/文字/演示/PDF功能与操作，适合功能教程页,,9.0,,,第三方工具-社区SEO,1,
5760,法制教育ppt,组件功能与教程,WPS演示,WPS表格/文字/演示/PDF功能与操作，适合功能教程页,,9.0,,,第三方工具-社区SEO,1,
5761,ppt全程,组件功能与教程,WPS演示,WPS表格/文字/演示/PDF功能与操作，适合功能教程页,,9.0,,,第三方工具-社区SEO,1,
5762,医学ppt背景图片,组件功能与教程,WPS演示,WPS表格/文字/演示/PDF功能与操作，适合功能教程页,,8.0,,,第三方工具-社区SEO,1,
5763,ppt插入计时器,组件功能与教程,WPS演示,WPS表格/文字/演示/PDF功能与操作，适合功能教程页,,8.0,,,第三方工具-社区SEO,1,
5764,ppt怎样自动生成页码,组件功能与教程,WPS演示,WPS表格/文字/演示/PDF功能与操作，适合功能教程页,,8.0,,,第三方工具-社区SEO,1,
5765,安全ppt,组件功能与教程,WPS演示,WPS表格/文字/演示/PDF功能与操作，适合功能教程页,,8.0,,,第三方工具-社区SEO,1,
5766,圣诞ppt,组件功能与教程,WPS演示,WPS表格/文字/演示/PDF功能与操作，适合功能教程页,,8.0,,,第三方工具-社区SEO,1,
5767,信息技术ppt,组件功能与教程,WPS演示,WPS表格/文字/演示/PDF功能与操作，适合功能教程页,,8.0,,,第三方工具-社区SEO,1,
5768,中国石拱桥ppt,组件功能与教程,WPS演示,WPS表格/文字/演示/PDF功能与操作，适合功能教程页,,132.0,,,第三方工具-社区SEO,1,
5769,安全教育主题班会ppt,组件功能与教程,WPS演示,WPS表格/文字/演示/PDF功能与操作，适合功能教程页,,129.0,,,第三方工具-社区SEO,1,
5770,稻壳ppt,组件功能与教程,WPS演示,WPS表格/文字/演示/PDF功能与操作，适合功能教程页,,123.0,,,第三方工具-社区SEO,1,
5771,个人介绍ppt,组件功能与教程,WPS演示,WPS表格/文字/演示/PDF功能与操作，适合功能教程页,,34.0,,,第三方工具-社区SEO,1,
5772,幼儿园ppt背景图片,组件功能与教程,WPS演示,WPS表格/文字/演示/PDF功能与操作，适合功能教程页,,28.0,,,第三方工具-社区SEO,1,
5773,压缩ppt,组件功能与教程,WPS演示,WPS表格/文字/演示/PDF功能与操作，适合功能教程页,,25.0,,,第三方工具-社区SEO,1,
5774,ppt背景图片卡通,组件功能与教程,WPS演示,WPS表格/文字/演示/PDF功能与操作，适合功能教程页,,25.0,,,第三方工具-社区SEO,1,
5775,模版ppt,组件功能与教程,WPS演示,WPS表格/文字/演示/PDF功能与操作，适合功能教程页,,16.0,,,第三方工具-社区SEO,1,
5776,ppt添加页码,组件功能与教程,WPS演示,WPS表格/文字/演示/PDF功能与操作，适合功能教程页,,15.0,,,第三方工具-社区SEO,1,
5777,抽奖ppt,组件功能与教程,WPS演示,WPS表格/文字/演示/PDF功能与操作，适合功能教程页,,13.0,,,第三方工具-社区SEO,1,
5778,ppt字间距,组件功能与教程,WPS演示,WPS表格/文字/演示/PDF功能与操作，适合功能教程页,,13.0,,,第三方工具-社区SEO,1,
5779,安全用电ppt,组件功能与教程,WPS演示,WPS表格/文字/演示/PDF功能与操作，适合功能教程页,,12.0,,,第三方工具-社区SEO,1,
5780,ppt取消自动播放,组件功能与教程,WPS演示,WPS表格/文字/演示/PDF功能与操作，适合功能教程页,,11.0,,,第三方工具-社区SEO,1,
5781,消防ppt,组件功能与教程,WPS演示,WPS表格/文字/演示/PDF功能与操作，适合功能教程页,,10.0,,,第三方工具-社区SEO,1,
5782,ppt首页,组件功能与教程,WPS演示,WPS表格/文字/演示/PDF功能与操作，适合功能教程页,,10.0,,,第三方工具-社区SEO,1,
5783,ppt大纲,组件功能与教程,WPS演示,WPS表格/文字/演示/PDF功能与操作，适合功能教程页,,10.0,,,第三方工具-社区SEO,1,
5784,龟兔赛跑ppt,组件功能与教程,WPS演示,WPS表格/文字/演示/PDF功能与操作，适合功能教程页,,10.0,,,第三方工具-社区SEO,1,
5785,ppt插入pdf,组件功能与教程,WPS演示,WPS表格/文字/演示/PDF功能与操作，适合功能教程页,,10.0,,,第三方工具-社区SEO,1,
5786,一二九运动ppt,组件功能与教程,WPS演示,WPS表格/文字/演示/PDF功能与操作，适合功能教程页,,9.0,,,第三方工具-社区SEO,1,
5787,记念刘和珍君ppt,组件功能与教程,WPS演示,WPS表格/文字/演示/PDF功能与操作，适合功能教程页,,9.0,,,第三方工具-社区SEO,1,
5788,电影ppt,组件功能与教程,WPS演示,WPS表格/文字/演示/PDF功能与操作，适合功能教程页,,9.0,,,第三方工具-社区SEO,1,
5789,ppt计时,组件功能与教程,WPS演示,WPS表格/文字/演示/PDF功能与操作，适合功能教程页,,9.0,,,第三方工具-社区SEO,1,
5790,ppt小人,组件功能与教程,WPS演示,WPS表格/文字/演示/PDF功能与操作，适合功能教程页,,9.0,,,第三方工具-社区SEO,1,
5791,ppt循环播放,组件功能与教程,WPS演示,WPS表格/文字/演示/PDF功能与操作，适合功能教程页,,9.0,,,第三方工具-社区SEO,1,
5792,2ppt,组件功能与教程,WPS演示,WPS表格/文字/演示/PDF功能与操作，适合功能教程页,,9.0,,,第三方工具-社区SEO,1,
5793,ppt布尔运算,组件功能与教程,WPS演示,WPS表格/文字/演示/PDF功能与操作，适合功能教程页,,9.0,,,第三方工具-社区SEO,1,
5794,ppt页面尺寸,组件功能与教程,WPS演示,WPS表格/文字/演示/PDF功能与操作，适合功能教程页,,8.0,,,第三方工具-社区SEO,1,
5795,大学生创业计划书ppt,组件功能与教程,WPS演示,WPS表格/文字/演示/PDF功能与操作，适合功能教程页,,8.0,,,第三方工具-社区SEO,1,
5796,大学生安全教育ppt,组件功能与教程,WPS演示,WPS表格/文字/演示/PDF功能与操作，适合功能教程页,,8.0,,,第三方工具-社区SEO,1,
5797,一年级家长会ppt课件,组件功能与教程,WPS演示,WPS表格/文字/演示/PDF功能与操作，适合功能教程页,,8.0,,,第三方工具-社区SEO,1,
5798,ppt统一改字体,组件功能与教程,WPS演示,WPS表格/文字/演示/PDF功能与操作，适合功能教程页,,8.0,,,第三方工具-社区SEO,1,
5799,高级ppt,组件功能与教程,WPS演示,WPS表格/文字/演示/PDF功能与操作，适合功能教程页,,8.0,,,第三方工具-社区SEO,1,
5800,ppt删除动画,组件功能与教程,WPS演示,WPS表格/文字/演示/PDF功能与操作，适合功能教程页,,8.0,,,第三方工具-社区SEO,1,
5801,ppt背景图片高清,组件功能与教程,WPS演示,WPS表格/文字/演示/PDF功能与操作，适合功能教程页,,8.0,,,第三方工具-社区SEO,1,
5802,节约用水ppt,组件功能与教程,WPS演示,WPS表格/文字/演示/PDF功能与操作，适合功能教程页,,8.0,,,第三方工具-社区SEO,1,
5803,ppt取色器,组件功能与教程,WPS演示,WPS表格/文字/演示/PDF功能与操作，适合功能教程页,,7.0,,,第三方工具-社区SEO,1,
5804,非物质文化遗产ppt,组件功能与教程,WPS演示,WPS表格/文字/演示/PDF功能与操作，适合功能教程页,,7.0,,,第三方工具-社区SEO,1,
5805,ppt导出高清图片,组件功能与教程,WPS演示,WPS表格/文字/演示/PDF功能与操作，适合功能教程页,,7.0,,,第三方工具-社区SEO,1,
5806,高三家长会ppt,组件功能与教程,WPS演示,WPS表格/文字/演示/PDF功能与操作，适合功能教程页,,7.0,,,第三方工具-社区SEO,1,
5807,ppt下标快捷键,组件功能与教程,WPS演示,WPS表格/文字/演示/PDF功能与操作，适合功能教程页,,7.0,,,第三方工具-社区SEO,1,
5808,可编辑中国地图ppt,组件功能与教程,WPS演示,WPS表格/文字/演示/PDF功能与操作，适合功能教程页,,7.0,,,第三方工具-社区SEO,1,
5809,会议ppt,组件功能与教程,WPS演示,WPS表格/文字/演示/PDF功能与操作，适合功能教程页,,7.0,,,第三方工具-社区SEO,1,
5810,地理ppt,组件功能与教程,WPS演示,WPS表格/文字/演示/PDF功能与操作，适合功能教程页,,7.0,,,第三方工具-社区SEO,1,
5811,ppt组合,组件功能与教程,WPS演示,WPS表格/文字/演示/PDF功能与操作，适合功能教程页,,7.0,,,第三方工具-社区SEO,1,
5812,ppt2016,组件功能与教程,WPS演示,WPS表格/文字/演示/PDF功能与操作，适合功能教程页,,7.0,,,第三方工具-社区SEO,1,
5813,幼儿园安全教育ppt,组件功能与教程,WPS演示,WPS表格/文字/演示/PDF功能与操作，适合功能教程页,,7.0,,,第三方工具-社区SEO,1,
5814,ppt树状图,组件功能与教程,WPS演示,WPS表格/文字/演示/PDF功能与操作，适合功能教程页,,7.0,,,第三方工具-社区SEO,1,
5815,布尔运算ppt,组件功能与教程,WPS演示,WPS表格/文字/演示/PDF功能与操作，适合功能教程页,,7.0,,,第三方工具-社区SEO,1,
5816,ppt编辑母版,组件功能与教程,WPS演示,WPS表格/文字/演示/PDF功能与操作，适合功能教程页,,5.0,,,第三方工具-社区SEO,1,
5817,PPT幻灯片,组件功能与教程,WPS演示,WPS表格/文字/演示/PDF功能与操作，适合功能教程页,,139.0,,,第三方工具-社区SEO,1,
5818,秋叶ppt,组件功能与教程,WPS演示,WPS表格/文字/演示/PDF功能与操作，适合功能教程页,,121.0,,,第三方工具-社区SEO,1,
5819,国家公祭日ppt,组件功能与教程,WPS演示,WPS表格/文字/演示/PDF功能与操作，适合功能教程页,,116.0,,,第三方工具-社区SEO,1,
5820,ppt抠图,组件功能与教程,WPS演示,WPS表格/文字/演示/PDF功能与操作，适合功能教程页,,28.0,,,第三方工具-社区SEO,1,
5821,小学生心理健康教育ppt课件,组件功能与教程,WPS演示,WPS表格/文字/演示/PDF功能与操作，适合功能教程页,,21.0,,,第三方工具-社区SEO,1,
5822,红色主题ppt,组件功能与教程,WPS演示,WPS表格/文字/演示/PDF功能与操作，适合功能教程页,,16.0,,,第三方工具-社区SEO,1,
5823,生日快乐ppt,组件功能与教程,WPS演示,WPS表格/文字/演示/PDF功能与操作，适合功能教程页,,13.0,,,第三方工具-社区SEO,1,
5824,教师节ppt背景,组件功能与教程,WPS演示,WPS表格/文字/演示/PDF功能与操作，适合功能教程页,,13.0,,,第三方工具-社区SEO,1,
5825,中国地图ppt素材,组件功能与教程,WPS演示,WPS表格/文字/演示/PDF功能与操作，适合功能教程页,,12.0,,,第三方工具-社区SEO,1,
5826,ppt生成视频,组件功能与教程,WPS演示,WPS表格/文字/演示/PDF功能与操作，适合功能教程页,,12.0,,,第三方工具-社区SEO,1,
5827,ppt母版在哪,组件功能与教程,WPS演示,WPS表格/文字/演示/PDF功能与操作，适合功能教程页,,12.0,,,第三方工具-社区SEO,1,
5828,征兵宣传ppt,组件功能与教程,WPS演示,WPS表格/文字/演示/PDF功能与操作，适合功能教程页,,12.0,,,第三方工具-社区SEO,1,
5829,ppt结束,组件功能与教程,WPS演示,WPS表格/文字/演示/PDF功能与操作，适合功能教程页,,11.0,,,第三方工具-社区SEO,1,
5830,保护生态环境ppt,组件功能与教程,WPS演示,WPS表格/文字/演示/PDF功能与操作，适合功能教程页,,10.0,,,第三方工具-社区SEO,1,
5831,优秀ppt作品范例,组件功能与教程,WPS演示,WPS表格/文字/演示/PDF功能与操作，适合功能教程页,,10.0,,,第三方工具-社区SEO,1,
5832,取消ppt自动播放,组件功能与教程,WPS演示,WPS表格/文字/演示/PDF功能与操作，适合功能教程页,,10.0,,,第三方工具-社区SEO,1,
5833,忆读书ppt,组件功能与教程,WPS演示,WPS表格/文字/演示/PDF功能与操作，适合功能教程页,,10.0,,,第三方工具-社区SEO,1,
5834,澳门回归ppt,组件功能与教程,WPS演示,WPS表格/文字/演示/PDF功能与操作，适合功能教程页,,10.0,,,第三方工具-社区SEO,1,
5835,ppt一般用什么字体,组件功能与教程,WPS演示,WPS表格/文字/演示/PDF功能与操作，适合功能教程页,,9.0,,,第三方工具-社区SEO,1,
5836,冬至ppt课件,组件功能与教程,WPS演示,WPS表格/文字/演示/PDF功能与操作，适合功能教程页,,9.0,,,第三方工具-社区SEO,1,
5837,团队建设ppt课件,组件功能与教程,WPS演示,WPS表格/文字/演示/PDF功能与操作，适合功能教程页,,9.0,,,第三方工具-社区SEO,1,
5838,ppt音乐,组件功能与教程,WPS演示,WPS表格/文字/演示/PDF功能与操作，适合功能教程页,,9.0,,,第三方工具-社区SEO,1,
5839,ppt动图,组件功能与教程,WPS演示,WPS表格/文字/演示/PDF功能与操作，适合功能教程页,,9.0,,,第三方工具-社区SEO,1,
5840,ppt抽奖,组件功能与教程,WPS演示,WPS表格/文字/演示/PDF功能与操作，适合功能教程页,,9.0,,,第三方工具-社区SEO,1,
5841,ppt上标,组件功能与教程,WPS演示,WPS表格/文字/演示/PDF功能与操作，适合功能教程页,,9.0,,,第三方工具-社区SEO,1,
5842,榜样的力量ppt,组件功能与教程,WPS演示,WPS表格/文字/演示/PDF功能与操作，适合功能教程页,,8.0,,,第三方工具-社区SEO,1,
5843,班主任节ppt,组件功能与教程,WPS演示,WPS表格/文字/演示/PDF功能与操作，适合功能教程页,,8.0,,,第三方工具-社区SEO,1,
5844,安全培训ppt,组件功能与教程,WPS演示,WPS表格/文字/演示/PDF功能与操作，适合功能教程页,,8.0,,,第三方工具-社区SEO,1,
5845,云计算ppt,组件功能与教程,WPS演示,WPS表格/文字/演示/PDF功能与操作，适合功能教程页,,7.0,,,第三方工具-社区SEO,1,
5846,少年闰土ppt,组件功能与教程,WPS演示,WPS表格/文字/演示/PDF功能与操作，适合功能教程页,,7.0,,,第三方工具-社区SEO,1,
5847,ppt更换背景图片,组件功能与教程,WPS演示,WPS表格/文字/演示/PDF功能与操作，适合功能教程页,,7.0,,,第三方工具-社区SEO,1,
5848,年会ppt制作,组件功能与教程,WPS演示,WPS表格/文字/演示/PDF功能与操作，适合功能教程页,,7.0,,,第三方工具-社区SEO,1,
5849,ppt100,组件功能与教程,WPS演示,WPS表格/文字/演示/PDF功能与操作，适合功能教程页,,7.0,,,第三方工具-社区SEO,1,
5850,研究生开题报告ppt,组件功能与教程,WPS演示,WPS表格/文字/演示/PDF功能与操作，适合功能教程页,,7.0,,,第三方工具-社区SEO,1,
5851,ppt翻译成中文,组件功能与教程,WPS演示,WPS表格/文字/演示/PDF功能与操作，适合功能教程页,,7.0,,,第三方工具-社区SEO,1,
5852,100ppt,组件功能与教程,WPS演示,WPS表格/文字/演示/PDF功能与操作，适合功能教程页,,7.0,,,第三方工具-社区SEO,1,
5853,雷锋ppt网,组件功能与教程,WPS演示,WPS表格/文字/演示/PDF功能与操作，适合功能教程页,,7.0,,,第三方工具-社区SEO,1,
5854,快闪ppt,组件功能与教程,WPS演示,WPS表格/文字/演示/PDF功能与操作，适合功能教程页,,7.0,,,第三方工具-社区SEO,1,
5855,ppt壁纸,组件功能与教程,WPS演示,WPS表格/文字/演示/PDF功能与操作，适合功能教程页,,7.0,,,第三方工具-社区SEO,1,
5856,项目介绍ppt,组件功能与教程,WPS演示,WPS表格/文字/演示/PDF功能与操作，适合功能教程页,,7.0,,,第三方工具-社区SEO,1,
5857,团日活动ppt,组件功能与教程,WPS演示,WPS表格/文字/演示/PDF功能与操作，适合功能教程页,,7.0,,,第三方工具-社区SEO,1,
5858,硬笔书法ppt,组件功能与教程,WPS演示,WPS表格/文字/演示/PDF功能与操作，适合功能教程页,,7.0,,,第三方工具-社区SEO,1,
5859,科技创新ppt,组件功能与教程,WPS演示,WPS表格/文字/演示/PDF功能与操作，适合功能教程页,,7.0,,,第三方工具-社区SEO,1,
5860,小王子ppt,组件功能与教程,WPS演示,WPS表格/文字/演示/PDF功能与操作，适合功能教程页,,7.0,,,第三方工具-社区SEO,1,
5861,pdf转为ppt,组件功能与教程,WPS演示,WPS表格/文字/演示/PDF功能与操作，适合功能教程页,,5.0,,,第三方工具-社区SEO,1,
5862,91ppt,组件功能与教程,WPS演示,WPS表格/文字/演示/PDF功能与操作，适合功能教程页,,4.0,,,第三方工具-社区SEO,1,
5863,ppt背景图,组件功能与教程,WPS演示,WPS表格/文字/演示/PDF功能与操作，适合功能教程页,,3.0,,,第三方工具-社区SEO,1,
5864,ppt自动生成,组件功能与教程,WPS演示,WPS表格/文字/演示/PDF功能与操作，适合功能教程页,,3.0,,,第三方工具-社区SEO,1,
5865,颁奖典礼ppt,组件功能与教程,WPS演示,WPS表格/文字/演示/PDF功能与操作，适合功能教程页,,135.0,,,第三方工具-社区SEO,1,
5866,交通安全ppt,组件功能与教程,WPS演示,WPS表格/文字/演示/PDF功能与操作，适合功能教程页,,122.0,,,第三方工具-社区SEO,1,
5867,红色ppt背景图片,组件功能与教程,WPS演示,WPS表格/文字/演示/PDF功能与操作，适合功能教程页,,84.0,,,第三方工具-社区SEO,1,
5868,年终述职ppt,组件功能与教程,WPS演示,WPS表格/文字/演示/PDF功能与操作，适合功能教程页,,61.0,,,第三方工具-社区SEO,1,
5869,PPT助手,组件功能与教程,WPS演示,WPS表格/文字/演示/PDF功能与操作，适合功能教程页,,61.0,,,第三方工具-社区SEO,1,
5870,ppt加页码,组件功能与教程,WPS演示,WPS表格/文字/演示/PDF功能与操作，适合功能教程页,,59.0,,,第三方工具-社区SEO,1,
5871,水浒传ppt,组件功能与教程,WPS演示,WPS表格/文字/演示/PDF功能与操作，适合功能教程页,,22.0,,,第三方工具-社区SEO,1,
5872,ppt的全称,组件功能与教程,WPS演示,WPS表格/文字/演示/PDF功能与操作，适合功能教程页,,19.0,,,第三方工具-社区SEO,1,
5873,国防教育ppt,组件功能与教程,WPS演示,WPS表格/文字/演示/PDF功能与操作，适合功能教程页,,17.0,,,第三方工具-社区SEO,1,
5874,科技ppt,组件功能与教程,WPS演示,WPS表格/文字/演示/PDF功能与操作，适合功能教程页,,11.0,,,第三方工具-社区SEO,1,
5875,小马过河ppt,组件功能与教程,WPS演示,WPS表格/文字/演示/PDF功能与操作，适合功能教程页,,11.0,,,第三方工具-社区SEO,1,
5876,ppt插入超链接,组件功能与教程,WPS演示,WPS表格/文字/演示/PDF功能与操作，适合功能教程页,,11.0,,,第三方工具-社区SEO,1,
5877,少年闰土ppt课件,组件功能与教程,WPS演示,WPS表格/文字/演示/PDF功能与操作，适合功能教程页,,10.0,,,第三方工具-社区SEO,1,
5878,ppt学习,组件功能与教程,WPS演示,WPS表格/文字/演示/PDF功能与操作，适合功能教程页,,10.0,,,第三方工具-社区SEO,1,
5879,新闻播报ppt,组件功能与教程,WPS演示,WPS表格/文字/演示/PDF功能与操作，适合功能教程页,,10.0,,,第三方工具-社区SEO,1,
5880,科比ppt,组件功能与教程,WPS演示,WPS表格/文字/演示/PDF功能与操作，适合功能教程页,,10.0,,,第三方工具-社区SEO,1,
5881,PPT页面,组件功能与教程,WPS演示,WPS表格/文字/演示/PDF功能与操作，适合功能教程页,,9.0,,,第三方工具-社区SEO,1,
5882,ppt音频,组件功能与教程,WPS演示,WPS表格/文字/演示/PDF功能与操作，适合功能教程页,,9.0,,,第三方工具-社区SEO,1,
5883,ppt画图,组件功能与教程,WPS演示,WPS表格/文字/演示/PDF功能与操作，适合功能教程页,,9.0,,,第三方工具-社区SEO,1,
5884,ppt背景红色,组件功能与教程,WPS演示,WPS表格/文字/演示/PDF功能与操作，适合功能教程页,,9.0,,,第三方工具-社区SEO,1,
5885,七彩课堂ppt,组件功能与教程,WPS演示,WPS表格/文字/演示/PDF功能与操作，适合功能教程页,,9.0,,,第三方工具-社区SEO,1,
5886,竞聘演讲ppt,组件功能与教程,WPS演示,WPS表格/文字/演示/PDF功能与操作，适合功能教程页,,9.0,,,第三方工具-社区SEO,1,
5887,水墨画ppt,组件功能与教程,WPS演示,WPS表格/文字/演示/PDF功能与操作，适合功能教程页,,9.0,,,第三方工具-社区SEO,1,
5888,个人工作总结ppt,组件功能与教程,WPS演示,WPS表格/文字/演示/PDF功能与操作，适合功能教程页,,9.0,,,第三方工具-社区SEO,1,
5889,ppt最后一页写什么,组件功能与教程,WPS演示,WPS表格/文字/演示/PDF功能与操作，适合功能教程页,,8.0,,,第三方工具-社区SEO,1,
5890,ppt百度文库,组件功能与教程,WPS演示,WPS表格/文字/演示/PDF功能与操作，适合功能教程页,,8.0,,,第三方工具-社区SEO,1,
5891,开题ppt,组件功能与教程,WPS演示,WPS表格/文字/演示/PDF功能与操作，适合功能教程页,,8.0,,,第三方工具-社区SEO,1,
5892,ppt导出视频,组件功能与教程,WPS演示,WPS表格/文字/演示/PDF功能与操作，适合功能教程页,,8.0,,,第三方工具-社区SEO,1,
5893,ppt取消动画,组件功能与教程,WPS演示,WPS表格/文字/演示/PDF功能与操作，适合功能教程页,,8.0,,,第三方工具-社区SEO,1,
5894,ppt素材网站,组件功能与教程,WPS演示,WPS表格/文字/演示/PDF功能与操作，适合功能教程页,,8.0,,,第三方工具-社区SEO,1,
5895,三只小猪ppt,组件功能与教程,WPS演示,WPS表格/文字/演示/PDF功能与操作，适合功能教程页,,7.0,,,第三方工具-社区SEO,1,
5896,随机点名ppt,组件功能与教程,WPS演示,WPS表格/文字/演示/PDF功能与操作，适合功能教程页,,7.0,,,第三方工具-社区SEO,1,
5897,ppt添加背景音乐,组件功能与教程,WPS演示,WPS表格/文字/演示/PDF功能与操作，适合功能教程页,,7.0,,,第三方工具-社区SEO,1,
5898,钱学森ppt,组件功能与教程,WPS演示,WPS表格/文字/演示/PDF功能与操作，适合功能教程页,,7.0,,,第三方工具-社区SEO,1,
5899,入党答辩ppt,组件功能与教程,WPS演示,WPS表格/文字/演示/PDF功能与操作，适合功能教程页,,7.0,,,第三方工具-社区SEO,1,
5900,ppt插入动图,组件功能与教程,WPS演示,WPS表格/文字/演示/PDF功能与操作，适合功能教程页,,7.0,,,第三方工具-社区SEO,1,
5901,新年ppt素材,组件功能与教程,WPS演示,WPS表格/文字/演示/PDF功能与操作，适合功能教程页,,7.0,,,第三方工具-社区SEO,1,
5902,ppt插入时间,组件功能与教程,WPS演示,WPS表格/文字/演示/PDF功能与操作，适合功能教程页,,7.0,,,第三方工具-社区SEO,1,
5903,人口老龄化ppt,组件功能与教程,WPS演示,WPS表格/文字/演示/PDF功能与操作，适合功能教程页,,7.0,,,第三方工具-社区SEO,1,
5904,飞夺泸定桥ppt,组件功能与教程,WPS演示,WPS表格/文字/演示/PDF功能与操作，适合功能教程页,,7.0,,,第三方工具-社区SEO,1,
5905,团队管理ppt课件,组件功能与教程,WPS演示,WPS表格/文字/演示/PDF功能与操作，适合功能教程页,,7.0,,,第三方工具-社区SEO,1,
5906,教育ppt,组件功能与教程,WPS演示,WPS表格/文字/演示/PDF功能与操作，适合功能教程页,,7.0,,,第三方工具-社区SEO,1,
5907,故事ppt,组件功能与教程,WPS演示,WPS表格/文字/演示/PDF功能与操作，适合功能教程页,,7.0,,,第三方工具-社区SEO,1,
5908,环保ppt,组件功能与教程,WPS演示,WPS表格/文字/演示/PDF功能与操作，适合功能教程页,,7.0,,,第三方工具-社区SEO,1,
5909,ppt插画,组件功能与教程,WPS演示,WPS表格/文字/演示/PDF功能与操作，适合功能教程页,,7.0,,,第三方工具-社区SEO,1,
5910,思维导图ppt,组件功能与教程,WPS演示,WPS表格/文字/演示/PDF功能与操作，适合功能教程页,,7.0,,,第三方工具-社区SEO,1,
5911,蓝色ppt背景,组件功能与教程,WPS演示,WPS表格/文字/演示/PDF功能与操作，适合功能教程页,,7.0,,,第三方工具-社区SEO,1,
5912,ppt笔刷,组件功能与教程,WPS演示,WPS表格/文字/演示/PDF功能与操作，适合功能教程页,,7.0,,,第三方工具-社区SEO,1,
5913,ppt结语,组件功能与教程,WPS演示,WPS表格/文字/演示/PDF功能与操作，适合功能教程页,,7.0,,,第三方工具-社区SEO,1,
5914,退休ppt,组件功能与教程,WPS演示,WPS表格/文字/演示/PDF功能与操作，适合功能教程页,,7.0,,,第三方工具-社区SEO,1,
5915,幼儿绘本故事ppt,组件功能与教程,WPS演示,WPS表格/文字/演示/PDF功能与操作，适合功能教程页,,7.0,,,第三方工具-社区SEO,1,
5916,实习答辩ppt,组件功能与教程,WPS演示,WPS表格/文字/演示/PDF功能与操作，适合功能教程页,,6.0,,,第三方工具-社区SEO,1,
5917,诚信教育ppt,组件功能与教程,WPS演示,WPS表格/文字/演示/PDF功能与操作，适合功能教程页,,6.0,,,第三方工具-社区SEO,1,
5918,ppt转mp4,组件功能与教程,WPS演示,WPS表格/文字/演示/PDF功能与操作，适合功能教程页,,6.0,,,第三方工具-社区SEO,1,
5919,党员转正ppt,组件功能与教程,WPS演示,WPS表格/文字/演示/PDF功能与操作，适合功能教程页,,6.0,,,第三方工具-社区SEO,1,
5920,ppt添加水印,组件功能与教程,WPS演示,WPS表格/文字/演示/PDF功能与操作，适合功能教程页,,6.0,,,第三方工具-社区SEO,1,
5921,ppt图片镜像,组件功能与教程,WPS演示,WPS表格/文字/演示/PDF功能与操作，适合功能教程页,,6.0,,,第三方工具-社区SEO,1,
5922,生日ppt背景图片,组件功能与教程,WPS演示,WPS表格/文字/演示/PDF功能与操作，适合功能教程页,,6.0,,,第三方工具-社区SEO,1,
5923,ppt元素素材,组件功能与教程,WPS演示,WPS表格/文字/演示/PDF功能与操作，适合功能教程页,,6.0,,,第三方工具-社区SEO,1,
5924,冬季养生ppt,组件功能与教程,WPS演示,WPS表格/文字/演示/PDF功能与操作，适合功能教程页,,6.0,,,第三方工具-社区SEO,1,
5925,ppt图片素材简约图片,组件功能与教程,WPS演示,WPS表格/文字/演示/PDF功能与操作，适合功能教程页,,6.0,,,第三方工具-社区SEO,1,
5926,卡通ppt,组件功能与教程,WPS演示,WPS表格/文字/演示/PDF功能与操作，适合功能教程页,,6.0,,,第三方工具-社区SEO,1,
5927,ppt录制,组件功能与教程,WPS演示,WPS表格/文字/演示/PDF功能与操作，适合功能教程页,,6.0,,,第三方工具-社区SEO,1,
5928,学术ppt,组件功能与教程,WPS演示,WPS表格/文字/演示/PDF功能与操作，适合功能教程页,,6.0,,,第三方工具-社区SEO,1,
5929,高端ppt,组件功能与教程,WPS演示,WPS表格/文字/演示/PDF功能与操作，适合功能教程页,,6.0,,,第三方工具-社区SEO,1,
5930,表彰ppt,组件功能与教程,WPS演示,WPS表格/文字/演示/PDF功能与操作，适合功能教程页,,6.0,,,第三方工具-社区SEO,1,
5931,年终报告ppt,组件功能与教程,WPS演示,WPS表格/文字/演示/PDF功能与操作，适合功能教程页,,6.0,,,第三方工具-社区SEO,1,
5932,修改ppt母版,组件功能与教程,WPS演示,WPS表格/文字/演示/PDF功能与操作，适合功能教程页,,6.0,,,第三方工具-社区SEO,1,
5933,ppt格式刷快捷键,组件功能与教程,WPS演示,WPS表格/文字/演示/PDF功能与操作，适合功能教程页,,5.0,,,第三方工具-社区SEO,1,
5934,word一键生成ppt,组件功能与教程,WPS演示,WPS表格/文字/演示/PDF功能与操作，适合功能教程页,,8.0,,,第三方工具-社区SEO,1,
5935,ppt素材库,组件功能与教程,WPS演示,WPS表格/文字/演示/PDF功能与操作，适合功能教程页,,135.0,,,第三方工具-社区SEO,1,
5936,百度文库ppt,组件功能与教程,WPS演示,WPS表格/文字/演示/PDF功能与操作，适合功能教程页,,124.0,,,第三方工具-社区SEO,1,
5937,ppt插图,组件功能与教程,WPS演示,WPS表格/文字/演示/PDF功能与操作，适合功能教程页,,118.0,,,第三方工具-社区SEO,1,
5938,ppt一键美化,组件功能与教程,WPS演示,WPS表格/文字/演示/PDF功能与操作，适合功能教程页,,78.0,,,第三方工具-社区SEO,1,
5939,邹忌讽齐王纳谏ppt,组件功能与教程,WPS演示,WPS表格/文字/演示/PDF功能与操作，适合功能教程页,,64.0,,,第三方工具-社区SEO,1,
5940,三只小猪盖房子ppt课件,组件功能与教程,WPS演示,WPS表格/文字/演示/PDF功能与操作，适合功能教程页,,41.0,,,第三方工具-社区SEO,1,
5941,三只小猪盖房子ppt,组件功能与教程,WPS演示,WPS表格/文字/演示/PDF功能与操作，适合功能教程页,,19.0,,,第三方工具-社区SEO,1,
5942,ppt大小,组件功能与教程,WPS演示,WPS表格/文字/演示/PDF功能与操作，适合功能教程页,,15.0,,,第三方工具-社区SEO,1,
5943,廉洁教育ppt,组件功能与教程,WPS演示,WPS表格/文字/演示/PDF功能与操作，适合功能教程页,,14.0,,,第三方工具-社区SEO,1,
5944,生日ppt,组件功能与教程,WPS演示,WPS表格/文字/演示/PDF功能与操作，适合功能教程页,,14.0,,,第三方工具-社区SEO,1,
5945,五一ppt,组件功能与教程,WPS演示,WPS表格/文字/演示/PDF功能与操作，适合功能教程页,,12.0,,,第三方工具-社区SEO,1,
5946,竖版ppt,组件功能与教程,WPS演示,WPS表格/文字/演示/PDF功能与操作，适合功能教程页,,11.0,,,第三方工具-社区SEO,1,
5947,ppt竖版,组件功能与教程,WPS演示,WPS表格/文字/演示/PDF功能与操作，适合功能教程页,,11.0,,,第三方工具-社区SEO,1,
5948,环境保护ppt,组件功能与教程,WPS演示,WPS表格/文字/演示/PDF功能与操作，适合功能教程页,,11.0,,,第三方工具-社区SEO,1,
5949,红色ppt背景图,组件功能与教程,WPS演示,WPS表格/文字/演示/PDF功能与操作，适合功能教程页,,11.0,,,第三方工具-社区SEO,1,
5950,ppt视频,组件功能与教程,WPS演示,WPS表格/文字/演示/PDF功能与操作，适合功能教程页,,10.0,,,第三方工具-社区SEO,1,
5951,ppt打印,组件功能与教程,WPS演示,WPS表格/文字/演示/PDF功能与操作，适合功能教程页,,10.0,,,第三方工具-社区SEO,1,
5952,ppt加密,组件功能与教程,WPS演示,WPS表格/文字/演示/PDF功能与操作，适合功能教程页,,10.0,,,第三方工具-社区SEO,1,
5953,哈利波特ppt,组件功能与教程,WPS演示,WPS表格/文字/演示/PDF功能与操作，适合功能教程页,,10.0,,,第三方工具-社区SEO,1,
5954,老人与海ppt,组件功能与教程,WPS演示,WPS表格/文字/演示/PDF功能与操作，适合功能教程页,,10.0,,,第三方工具-社区SEO,1,
5955,ppt文档,组件功能与教程,WPS演示,WPS表格/文字/演示/PDF功能与操作，适合功能教程页,,9.0,,,第三方工具-社区SEO,1,
5956,商务ppt,组件功能与教程,WPS演示,WPS表格/文字/演示/PDF功能与操作，适合功能教程页,,9.0,,,第三方工具-社区SEO,1,
5957,竞聘岗位ppt,组件功能与教程,WPS演示,WPS表格/文字/演示/PDF功能与操作，适合功能教程页,,9.0,,,第三方工具-社区SEO,1,
5958,绿色ppt背景图片,组件功能与教程,WPS演示,WPS表格/文字/演示/PDF功能与操作，适合功能教程页,,8.0,,,第三方工具-社区SEO,1,
5959,真假美猴王ppt,组件功能与教程,WPS演示,WPS表格/文字/演示/PDF功能与操作，适合功能教程页,,8.0,,,第三方工具-社区SEO,1,
5960,qc小组成果报告ppt,组件功能与教程,WPS演示,WPS表格/文字/演示/PDF功能与操作，适合功能教程页,,8.0,,,第三方工具-社区SEO,1,
5961,5分钟ppt大概多少页,组件功能与教程,WPS演示,WPS表格/文字/演示/PDF功能与操作，适合功能教程页,,8.0,,,第三方工具-社区SEO,1,
5962,qc七大手法培训资料ppt,组件功能与教程,WPS演示,WPS表格/文字/演示/PDF功能与操作，适合功能教程页,,8.0,,,第三方工具-社区SEO,1,
5963,ppt对齐,组件功能与教程,WPS演示,WPS表格/文字/演示/PDF功能与操作，适合功能教程页,,8.0,,,第三方工具-社区SEO,1,
5964,中国风ppt,组件功能与教程,WPS演示,WPS表格/文字/演示/PDF功能与操作，适合功能教程页,,8.0,,,第三方工具-社区SEO,1,
5965,调研报告ppt,组件功能与教程,WPS演示,WPS表格/文字/演示/PDF功能与操作，适合功能教程页,,8.0,,,第三方工具-社区SEO,1,
5966,国庆节ppt,组件功能与教程,WPS演示,WPS表格/文字/演示/PDF功能与操作，适合功能教程页,,8.0,,,第三方工具-社区SEO,1,
5967,ppt合并形状,组件功能与教程,WPS演示,WPS表格/文字/演示/PDF功能与操作，适合功能教程页,,8.0,,,第三方工具-社区SEO,1,
5968,优秀员工ppt,组件功能与教程,WPS演示,WPS表格/文字/演示/PDF功能与操作，适合功能教程页,,8.0,,,第三方工具-社区SEO,1,
5969,ppt素材图片大全,组件功能与教程,WPS演示,WPS表格/文字/演示/PDF功能与操作，适合功能教程页,,8.0,,,第三方工具-社区SEO,1,
5970,竞聘报告ppt,组件功能与教程,WPS演示,WPS表格/文字/演示/PDF功能与操作，适合功能教程页,,8.0,,,第三方工具-社区SEO,1,
5971,中期答辩ppt,组件功能与教程,WPS演示,WPS表格/文字/演示/PDF功能与操作，适合功能教程页,,8.0,,,第三方工具-社区SEO,1,
5972,朝花夕拾ppt,组件功能与教程,WPS演示,WPS表格/文字/演示/PDF功能与操作，适合功能教程页,,7.0,,,第三方工具-社区SEO,1,
5973,优选ppt,组件功能与教程,WPS演示,WPS表格/文字/演示/PDF功能与操作，适合功能教程页,,7.0,,,第三方工具-社区SEO,1,
5974,ppt图标素材大全,组件功能与教程,WPS演示,WPS表格/文字/演示/PDF功能与操作，适合功能教程页,,7.0,,,第三方工具-社区SEO,1,
5975,入团仪式ppt,组件功能与教程,WPS演示,WPS表格/文字/演示/PDF功能与操作，适合功能教程页,,7.0,,,第三方工具-社区SEO,1,
5976,ppt插入水印,组件功能与教程,WPS演示,WPS表格/文字/演示/PDF功能与操作，适合功能教程页,,7.0,,,第三方工具-社区SEO,1,
5977,国风ppt,组件功能与教程,WPS演示,WPS表格/文字/演示/PDF功能与操作，适合功能教程页,,7.0,,,第三方工具-社区SEO,1,
5978,面试自我介绍ppt,组件功能与教程,WPS演示,WPS表格/文字/演示/PDF功能与操作，适合功能教程页,,7.0,,,第三方工具-社区SEO,1,
5979,中国风ppt背景,组件功能与教程,WPS演示,WPS表格/文字/演示/PDF功能与操作，适合功能教程页,,7.0,,,第三方工具-社区SEO,1,
5980,ppt添加备注,组件功能与教程,WPS演示,WPS表格/文字/演示/PDF功能与操作，适合功能教程页,,6.0,,,第三方工具-社区SEO,1,
5981,ppt转化为pdf,组件功能与教程,WPS演示,WPS表格/文字/演示/PDF功能与操作，适合功能教程页,,6.0,,,第三方工具-社区SEO,1,
5982,24节气ppt,组件功能与教程,WPS演示,WPS表格/文字/演示/PDF功能与操作，适合功能教程页,,6.0,,,第三方工具-社区SEO,1,
5983,音乐ppt背景图片,组件功能与教程,WPS演示,WPS表格/文字/演示/PDF功能与操作，适合功能教程页,,6.0,,,第三方工具-社区SEO,1,
5984,虞美人ppt,组件功能与教程,WPS演示,WPS表格/文字/演示/PDF功能与操作，适合功能教程页,,6.0,,,第三方工具-社区SEO,1,
5985,ppt无法插入视频,组件功能与教程,WPS演示,WPS表格/文字/演示/PDF功能与操作，适合功能教程页,,6.0,,,第三方工具-社区SEO,1,
5986,孔融让梨ppt,组件功能与教程,WPS演示,WPS表格/文字/演示/PDF功能与操作，适合功能教程页,,6.0,,,第三方工具-社区SEO,1,
5987,发展对象答辩ppt,组件功能与教程,WPS演示,WPS表格/文字/演示/PDF功能与操作，适合功能教程页,,6.0,,,第三方工具-社区SEO,1,
5988,拒绝校园欺凌ppt,组件功能与教程,WPS演示,WPS表格/文字/演示/PDF功能与操作，适合功能教程页,,6.0,,,第三方工具-社区SEO,1,
5989,八年级家长会课件ppt,组件功能与教程,WPS演示,WPS表格/文字/演示/PDF功能与操作，适合功能教程页,,6.0,,,第三方工具-社区SEO,1,
5990,历史ppt,组件功能与教程,WPS演示,WPS表格/文字/演示/PDF功能与操作，适合功能教程页,,6.0,,,第三方工具-社区SEO,1,
5991,ppt演示,组件功能与教程,WPS演示,WPS表格/文字/演示/PDF功能与操作，适合功能教程页,,6.0,,,第三方工具-社区SEO,1,
5992,ppt动画制作,组件功能与教程,WPS演示,WPS表格/文字/演示/PDF功能与操作，适合功能教程页,,6.0,,,第三方工具-社区SEO,1,
5993,倒计时ppt,组件功能与教程,WPS演示,WPS表格/文字/演示/PDF功能与操作，适合功能教程页,,6.0,,,第三方工具-社区SEO,1,
5994,华为ppt,组件功能与教程,WPS演示,WPS表格/文字/演示/PDF功能与操作，适合功能教程页,,6.0,,,第三方工具-社区SEO,1,
5995,ppt蓝色背景,组件功能与教程,WPS演示,WPS表格/文字/演示/PDF功能与操作，适合功能教程页,,6.0,,,第三方工具-社区SEO,1,
5996,会议ppt背景,组件功能与教程,WPS演示,WPS表格/文字/演示/PDF功能与操作，适合功能教程页,,6.0,,,第三方工具-社区SEO,1,
5997,ppt颜色搭配,组件功能与教程,WPS演示,WPS表格/文字/演示/PDF功能与操作，适合功能教程页,,6.0,,,第三方工具-社区SEO,1,
5998,树状图ppt,组件功能与教程,WPS演示,WPS表格/文字/演示/PDF功能与操作，适合功能教程页,,6.0,,,第三方工具-社区SEO,1,
5999,党史教育ppt,组件功能与教程,WPS演示,WPS表格/文字/演示/PDF功能与操作，适合功能教程页,,5.0,,,第三方工具-社区SEO,1,
6000,春节ppt背景,组件功能与教程,WPS演示,WPS表格/文字/演示/PDF功能与操作，适合功能教程页,,5.0,,,第三方工具-社区SEO,1,
6001,博士面试ppt,组件功能与教程,WPS演示,WPS表格/文字/演示/PDF功能与操作，适合功能教程页,,5.0,,,第三方工具-社区SEO,1,
6002,ppt修改尺寸,组件功能与教程,WPS演示,WPS表格/文字/演示/PDF功能与操作，适合功能教程页,,5.0,,,第三方工具-社区SEO,1,
6003,奖学金答辩ppt,组件功能与教程,WPS演示,WPS表格/文字/演示/PDF功能与操作，适合功能教程页,,5.0,,,第三方工具-社区SEO,1,
6004,消防安全教育ppt,组件功能与教程,WPS演示,WPS表格/文字/演示/PDF功能与操作，适合功能教程页,,5.0,,,第三方工具-社区SEO,1,
6005,工作总结ppt模版,组件功能与教程,WPS演示,WPS表格/文字/演示/PDF功能与操作，适合功能教程页,,5.0,,,第三方工具-社区SEO,1,
6006,财务工作总结ppt,组件功能与教程,WPS演示,WPS表格/文字/演示/PDF功能与操作，适合功能教程页,,5.0,,,第三方工具-社区SEO,1,
6007,冰糖葫芦ppt,组件功能与教程,WPS演示,WPS表格/文字/演示/PDF功能与操作，适合功能教程页,,5.0,,,第三方工具-社区SEO,1,
6008,ppt调整图片透明度,组件功能与教程,WPS演示,WPS表格/文字/演示/PDF功能与操作，适合功能教程页,,5.0,,,第三方工具-社区SEO,1,
6009,ppt增加页码,组件功能与教程,WPS演示,WPS表格/文字/演示/PDF功能与操作，适合功能教程页,,5.0,,,第三方工具-社区SEO,1,
6010,ppt字数统计,组件功能与教程,WPS演示,WPS表格/文字/演示/PDF功能与操作，适合功能教程页,,5.0,,,第三方工具-社区SEO,1,
6011,个人年度工作总结ppt,组件功能与教程,WPS演示,WPS表格/文字/演示/PDF功能与操作，适合功能教程页,,5.0,,,第三方工具-社区SEO,1,
6012,ppt流程图素材,组件功能与教程,WPS演示,WPS表格/文字/演示/PDF功能与操作，适合功能教程页,,5.0,,,第三方工具-社区SEO,1,
6013,在线压缩ppt,组件功能与教程,WPS演示,WPS表格/文字/演示/PDF功能与操作，适合功能教程页,,5.0,,,第三方工具-社区SEO,1,
6014,ppt花边图案,组件功能与教程,WPS演示,WPS表格/文字/演示/PDF功能与操作，适合功能教程页,,5.0,,,第三方工具-社区SEO,1,
6015,年度工作计划ppt范文,组件功能与教程,WPS演示,WPS表格/文字/演示/PDF功能与操作，适合功能教程页,,5.0,,,第三方工具-社区SEO,1,
6016,ppt形状,组件功能与教程,WPS演示,WPS表格/文字/演示/PDF功能与操作，适合功能教程页,,5.0,,,第三方工具-社区SEO,1,
6017,蓝色ppt,组件功能与教程,WPS演示,WPS表格/文字/演示/PDF功能与操作，适合功能教程页,,5.0,,,第三方工具-社区SEO,1,
6018,ppt金字塔,组件功能与教程,WPS演示,WPS表格/文字/演示/PDF功能与操作，适合功能教程页,,5.0,,,第三方工具-社区SEO,1,
6019,折纸ppt,组件功能与教程,WPS演示,WPS表格/文字/演示/PDF功能与操作，适合功能教程页,,5.0,,,第三方工具-社区SEO,1,
6020,ppt镜像,组件功能与教程,WPS演示,WPS表格/文字/演示/PDF功能与操作，适合功能教程页,,5.0,,,第三方工具-社区SEO,1,
6021,消防安全培训ppt,组件功能与教程,WPS演示,WPS表格/文字/演示/PDF功能与操作，适合功能教程页,,5.0,,,第三方工具-社区SEO,1,
6022,支部书记述职ppt,组件功能与教程,WPS演示,WPS表格/文字/演示/PDF功能与操作，适合功能教程页,,4.0,,,第三方工具-社区SEO,1,
6023,ppt插入word,组件功能与教程,WPS演示,WPS表格/文字/演示/PDF功能与操作，适合功能教程页,,5.0,,,第三方工具-社区SEO,1,
6024,ppt背景,组件功能与教程,WPS演示,WPS表格/文字/演示/PDF功能与操作，适合功能教程页,,3.0,,,第三方工具-社区SEO,1,
6025,优品ppt官网,组件功能与教程,WPS演示,WPS表格/文字/演示/PDF功能与操作，适合功能教程页,,2.0,,,第三方工具-社区SEO,1,
6026,ppt背景素材,组件功能与教程,WPS演示,WPS表格/文字/演示/PDF功能与操作，适合功能教程页,,136.0,,,第三方工具-社区SEO,1,
6027,案例分析ppt,组件功能与教程,WPS演示,WPS表格/文字/演示/PDF功能与操作，适合功能教程页,,130.0,,,第三方工具-社区SEO,1,
6028,ppt计时器插件,组件功能与教程,WPS演示,WPS表格/文字/演示/PDF功能与操作，适合功能教程页,,55.0,,,第三方工具-社区SEO,1,
6029,ppt结尾图片,组件功能与教程,WPS演示,WPS表格/文字/演示/PDF功能与操作，适合功能教程页,,39.0,,,第三方工具-社区SEO,1,
6030,ppt艺术字,组件功能与教程,WPS演示,WPS表格/文字/演示/PDF功能与操作，适合功能教程页,,22.0,,,第三方工具-社区SEO,1,
6031,好书分享ppt,组件功能与教程,WPS演示,WPS表格/文字/演示/PDF功能与操作，适合功能教程页,,12.0,,,第三方工具-社区SEO,1,
6032,红色背景ppt,组件功能与教程,WPS演示,WPS表格/文字/演示/PDF功能与操作，适合功能教程页,,11.0,,,第三方工具-社区SEO,1,
6033,ppt图片压缩,组件功能与教程,WPS演示,WPS表格/文字/演示/PDF功能与操作，适合功能教程页,,11.0,,,第三方工具-社区SEO,1,
6034,ppt矢量图,组件功能与教程,WPS演示,WPS表格/文字/演示/PDF功能与操作，适合功能教程页,,11.0,,,第三方工具-社区SEO,1,
6035,大国工匠ppt,组件功能与教程,WPS演示,WPS表格/文字/演示/PDF功能与操作，适合功能教程页,,11.0,,,第三方工具-社区SEO,1,
6036,pdca循环ppt,组件功能与教程,WPS演示,WPS表格/文字/演示/PDF功能与操作，适合功能教程页,,11.0,,,第三方工具-社区SEO,1,
6037,数据分析ppt,组件功能与教程,WPS演示,WPS表格/文字/演示/PDF功能与操作，适合功能教程页,,10.0,,,第三方工具-社区SEO,1,
6038,儿童绘本ppt,组件功能与教程,WPS演示,WPS表格/文字/演示/PDF功能与操作，适合功能教程页,,10.0,,,第三方工具-社区SEO,1,
6039,ppt柱状图,组件功能与教程,WPS演示,WPS表格/文字/演示/PDF功能与操作，适合功能教程页,,9.0,,,第三方工具-社区SEO,1,
6040,寒假安全教育ppt,组件功能与教程,WPS演示,WPS表格/文字/演示/PDF功能与操作，适合功能教程页,,8.0,,,第三方工具-社区SEO,1,
6041,年终ppt,组件功能与教程,WPS演示,WPS表格/文字/演示/PDF功能与操作，适合功能教程页,,8.0,,,第三方工具-社区SEO,1,
6042,ppt样式,组件功能与教程,WPS演示,WPS表格/文字/演示/PDF功能与操作，适合功能教程页,,8.0,,,第三方工具-社区SEO,1,
6043,ppt在线,组件功能与教程,WPS演示,WPS表格/文字/演示/PDF功能与操作，适合功能教程页,,8.0,,,第三方工具-社区SEO,1,
6044,祝福 ppt,组件功能与教程,WPS演示,WPS表格/文字/演示/PDF功能与操作，适合功能教程页,,8.0,,,第三方工具-社区SEO,1,
6045,项目总结ppt,组件功能与教程,WPS演示,WPS表格/文字/演示/PDF功能与操作，适合功能教程页,,8.0,,,第三方工具-社区SEO,1,
6046,民族团结ppt,组件功能与教程,WPS演示,WPS表格/文字/演示/PDF功能与操作，适合功能教程页,,8.0,,,第三方工具-社区SEO,1,
6047,ppt图片渐变,组件功能与教程,WPS演示,WPS表格/文字/演示/PDF功能与操作，适合功能教程页,,8.0,,,第三方工具-社区SEO,1,
6048,十二生肖ppt,组件功能与教程,WPS演示,WPS表格/文字/演示/PDF功能与操作，适合功能教程页,,8.0,,,第三方工具-社区SEO,1,
6049,骆驼祥子ppt,组件功能与教程,WPS演示,WPS表格/文字/演示/PDF功能与操作，适合功能教程页,,8.0,,,第三方工具-社区SEO,1,
6050,鱼骨图ppt,组件功能与教程,WPS演示,WPS表格/文字/演示/PDF功能与操作，适合功能教程页,,8.0,,,第三方工具-社区SEO,1,
6051,世界地图ppt,组件功能与教程,WPS演示,WPS表格/文字/演示/PDF功能与操作，适合功能教程页,,7.0,,,第三方工具-社区SEO,1,
6052,ppt制作工具,组件功能与教程,WPS演示,WPS表格/文字/演示/PDF功能与操作，适合功能教程页,,7.0,,,第三方工具-社区SEO,1,
6053,金字塔原理ppt,组件功能与教程,WPS演示,WPS表格/文字/演示/PDF功能与操作，适合功能教程页,,7.0,,,第三方工具-社区SEO,1,
6054,电气安全培训ppt,组件功能与教程,WPS演示,WPS表格/文字/演示/PDF功能与操作，适合功能教程页,,7.0,,,第三方工具-社区SEO,1,
6055,新员工入职培训ppt课件,组件功能与教程,WPS演示,WPS表格/文字/演示/PDF功能与操作，适合功能教程页,,7.0,,,第三方工具-社区SEO,1,
6056,ppt视频素材,组件功能与教程,WPS演示,WPS表格/文字/演示/PDF功能与操作，适合功能教程页,,7.0,,,第三方工具-社区SEO,1,
6057,科技感ppt,组件功能与教程,WPS演示,WPS表格/文字/演示/PDF功能与操作，适合功能教程页,,7.0,,,第三方工具-社区SEO,1,
6058,幼儿园绘本ppt,组件功能与教程,WPS演示,WPS表格/文字/演示/PDF功能与操作，适合功能教程页,,7.0,,,第三方工具-社区SEO,1,
6059,ppt放大镜,组件功能与教程,WPS演示,WPS表格/文字/演示/PDF功能与操作，适合功能教程页,,7.0,,,第三方工具-社区SEO,1,
6060,二十四节气ppt,组件功能与教程,WPS演示,WPS表格/文字/演示/PDF功能与操作，适合功能教程页,,6.0,,,第三方工具-社区SEO,1,
6061,ppt改尺寸,组件功能与教程,WPS演示,WPS表格/文字/演示/PDF功能与操作，适合功能教程页,,6.0,,,第三方工具-社区SEO,1,
6062,产品发布会ppt,组件功能与教程,WPS演示,WPS表格/文字/演示/PDF功能与操作，适合功能教程页,,6.0,,,第三方工具-社区SEO,1,
6063,ppt画流程图,组件功能与教程,WPS演示,WPS表格/文字/演示/PDF功能与操作，适合功能教程页,,6.0,,,第三方工具-社区SEO,1,
6064,ppt插入背景音乐,组件功能与教程,WPS演示,WPS表格/文字/演示/PDF功能与操作，适合功能教程页,,6.0,,,第三方工具-社区SEO,1,
6065,元旦班会ppt,组件功能与教程,WPS演示,WPS表格/文字/演示/PDF功能与操作，适合功能教程页,,6.0,,,第三方工具-社区SEO,1,
6066,ppt全屏快捷键,组件功能与教程,WPS演示,WPS表格/文字/演示/PDF功能与操作，适合功能教程页,,6.0,,,第三方工具-社区SEO,1,
6067,校园安全主题班会ppt,组件功能与教程,WPS演示,WPS表格/文字/演示/PDF功能与操作，适合功能教程页,,6.0,,,第三方工具-社区SEO,1,
6068,ppt镜像翻转,组件功能与教程,WPS演示,WPS表格/文字/演示/PDF功能与操作，适合功能教程页,,6.0,,,第三方工具-社区SEO,1,
6069,幼儿园植树节ppt,组件功能与教程,WPS演示,WPS表格/文字/演示/PDF功能与操作，适合功能教程页,,6.0,,,第三方工具-社区SEO,1,
6070,欢迎ppt背景图片,组件功能与教程,WPS演示,WPS表格/文字/演示/PDF功能与操作，适合功能教程页,,6.0,,,第三方工具-社区SEO,1,
6071,雷锋网ppt,组件功能与教程,WPS演示,WPS表格/文字/演示/PDF功能与操作，适合功能教程页,,6.0,,,第三方工具-社区SEO,1,
6072,党政ppt背景图,组件功能与教程,WPS演示,WPS表格/文字/演示/PDF功能与操作，适合功能教程页,,6.0,,,第三方工具-社区SEO,1,
6073,辅导员述职ppt,组件功能与教程,WPS演示,WPS表格/文字/演示/PDF功能与操作，适合功能教程页,,6.0,,,第三方工具-社区SEO,1,
6074,元宵节猜灯谜ppt,组件功能与教程,WPS演示,WPS表格/文字/演示/PDF功能与操作，适合功能教程页,,6.0,,,第三方工具-社区SEO,1,
6075,生日会ppt背景图片,组件功能与教程,WPS演示,WPS表格/文字/演示/PDF功能与操作，适合功能教程页,,6.0,,,第三方工具-社区SEO,1,
6076,ppt图,组件功能与教程,WPS演示,WPS表格/文字/演示/PDF功能与操作，适合功能教程页,,6.0,,,第三方工具-社区SEO,1,
6077,优秀ppt,组件功能与教程,WPS演示,WPS表格/文字/演示/PDF功能与操作，适合功能教程页,,6.0,,,第三方工具-社区SEO,1,
6078,招商ppt,组件功能与教程,WPS演示,WPS表格/文字/演示/PDF功能与操作，适合功能教程页,,6.0,,,第三方工具-社区SEO,1,
6079,ppt裁剪图片,组件功能与教程,WPS演示,WPS表格/文字/演示/PDF功能与操作，适合功能教程页,,6.0,,,第三方工具-社区SEO,1,
6080,复盘ppt,组件功能与教程,WPS演示,WPS表格/文字/演示/PDF功能与操作，适合功能教程页,,6.0,,,第三方工具-社区SEO,1,
6081,ppt分辨率,组件功能与教程,WPS演示,WPS表格/文字/演示/PDF功能与操作，适合功能教程页,,6.0,,,第三方工具-社区SEO,1,
6082,会议背景ppt,组件功能与教程,WPS演示,WPS表格/文字/演示/PDF功能与操作，适合功能教程页,,6.0,,,第三方工具-社区SEO,1,
6083,ppt红色背景图,组件功能与教程,WPS演示,WPS表格/文字/演示/PDF功能与操作，适合功能教程页,,6.0,,,第三方工具-社区SEO,1,
6084,少数民族ppt,组件功能与教程,WPS演示,WPS表格/文字/演示/PDF功能与操作，适合功能教程页,,6.0,,,第三方工具-社区SEO,1,
6085,ppt自动播放视频,组件功能与教程,WPS演示,WPS表格/文字/演示/PDF功能与操作，适合功能教程页,,6.0,,,第三方工具-社区SEO,1,
6086,ppt参考线,组件功能与教程,WPS演示,WPS表格/文字/演示/PDF功能与操作，适合功能教程页,,6.0,,,第三方工具-社区SEO,1,
6087,ppt多图排版,组件功能与教程,WPS演示,WPS表格/文字/演示/PDF功能与操作，适合功能教程页,,6.0,,,第三方工具-社区SEO,1,
6088,职业规划的ppt,组件功能与教程,WPS演示,WPS表格/文字/演示/PDF功能与操作，适合功能教程页,,5.0,,,第三方工具-社区SEO,1,
6089,ppt锁定图片,组件功能与教程,WPS演示,WPS表格/文字/演示/PDF功能与操作，适合功能教程页,,5.0,,,第三方工具-社区SEO,1,
6090,ppt自动换行,组件功能与教程,WPS演示,WPS表格/文字/演示/PDF功能与操作，适合功能教程页,,5.0,,,第三方工具-社区SEO,1,
6091,ppt辅助线,组件功能与教程,WPS演示,WPS表格/文字/演示/PDF功能与操作，适合功能教程页,,5.0,,,第三方工具-社区SEO,1,
6092,修改ppt尺寸,组件功能与教程,WPS演示,WPS表格/文字/演示/PDF功能与操作，适合功能教程页,,5.0,,,第三方工具-社区SEO,1,
6093,麦肯锡ppt,组件功能与教程,WPS演示,WPS表格/文字/演示/PDF功能与操作，适合功能教程页,,5.0,,,第三方工具-社区SEO,1,
6094,喜报ppt,组件功能与教程,WPS演示,WPS表格/文字/演示/PDF功能与操作，适合功能教程页,,5.0,,,第三方工具-社区SEO,1,
6095,表彰ppt背景,组件功能与教程,WPS演示,WPS表格/文字/演示/PDF功能与操作，适合功能教程页,,5.0,,,第三方工具-社区SEO,1,
6096,pdf转化成ppt,组件功能与教程,WPS演示,WPS表格/文字/演示/PDF功能与操作，适合功能教程页,,5.0,,,第三方工具-社区SEO,1,
6097,商务ppt背景图片,组件功能与教程,WPS演示,WPS表格/文字/演示/PDF功能与操作，适合功能教程页,,5.0,,,第三方工具-社区SEO,1,
6098,ppt关闭自动播放,组件功能与教程,WPS演示,WPS表格/文字/演示/PDF功能与操作，适合功能教程页,,5.0,,,第三方工具-社区SEO,1,
6099,党员大会ppt,组件功能与教程,WPS演示,WPS表格/文字/演示/PDF功能与操作，适合功能教程页,,5.0,,,第三方工具-社区SEO,1,
6100,幼儿园讲故事ppt,组件功能与教程,WPS演示,WPS表格/文字/演示/PDF功能与操作，适合功能教程页,,5.0,,,第三方工具-社区SEO,1,
6101,霸王别姬ppt,组件功能与教程,WPS演示,WPS表格/文字/演示/PDF功能与操作，适合功能教程页,,5.0,,,第三方工具-社区SEO,1,
6102,岗位竞聘演讲ppt,组件功能与教程,WPS演示,WPS表格/文字/演示/PDF功能与操作，适合功能教程页,,5.0,,,第三方工具-社区SEO,1,
6103,华为发布会ppt,组件功能与教程,WPS演示,WPS表格/文字/演示/PDF功能与操作，适合功能教程页,,5.0,,,第三方工具-社区SEO,1,
6104,ppt对齐快捷键,组件功能与教程,WPS演示,WPS表格/文字/演示/PDF功能与操作，适合功能教程页,,5.0,,,第三方工具-社区SEO,1,
6105,幼儿园母亲节ppt,组件功能与教程,WPS演示,WPS表格/文字/演示/PDF功能与操作，适合功能教程页,,5.0,,,第三方工具-社区SEO,1,
6106,党章学习ppt,组件功能与教程,WPS演示,WPS表格/文字/演示/PDF功能与操作，适合功能教程页,,5.0,,,第三方工具-社区SEO,1,
6107,ppt调整字间距,组件功能与教程,WPS演示,WPS表格/文字/演示/PDF功能与操作，适合功能教程页,,5.0,,,第三方工具-社区SEO,1,
6108,你来比划我来猜ppt,组件功能与教程,WPS演示,WPS表格/文字/演示/PDF功能与操作，适合功能教程页,,5.0,,,第三方工具-社区SEO,1,
6109,ppt每页加logo,组件功能与教程,WPS演示,WPS表格/文字/演示/PDF功能与操作，适合功能教程页,,5.0,,,第三方工具-社区SEO,1,
6110,ppt插件有哪些,组件功能与教程,WPS演示,WPS表格/文字/演示/PDF功能与操作，适合功能教程页,,5.0,,,第三方工具-社区SEO,1,
6111,逼格ppt官网,组件功能与教程,WPS演示,WPS表格/文字/演示/PDF功能与操作，适合功能教程页,,5.0,,,第三方工具-社区SEO,1,
6112,产品ppt,组件功能与教程,WPS演示,WPS表格/文字/演示/PDF功能与操作，适合功能教程页,,5.0,,,第三方工具-社区SEO,1,
6113,儿童ppt,组件功能与教程,WPS演示,WPS表格/文字/演示/PDF功能与操作，适合功能教程页,,5.0,,,第三方工具-社区SEO,1,
6114,ppt图案,组件功能与教程,WPS演示,WPS表格/文字/演示/PDF功能与操作，适合功能教程页,,5.0,,,第三方工具-社区SEO,1,
6115,ppt饼图,组件功能与教程,WPS演示,WPS表格/文字/演示/PDF功能与操作，适合功能教程页,,5.0,,,第三方工具-社区SEO,1,
6116,ppt平滑,组件功能与教程,WPS演示,WPS表格/文字/演示/PDF功能与操作，适合功能教程页,,5.0,,,第三方工具-社区SEO,1,
6117,文言文ppt,组件功能与教程,WPS演示,WPS表格/文字/演示/PDF功能与操作，适合功能教程页,,5.0,,,第三方工具-社区SEO,1,
6118,ppt图片裁剪,组件功能与教程,WPS演示,WPS表格/文字/演示/PDF功能与操作，适合功能教程页,,5.0,,,第三方工具-社区SEO,1,
6119,家风ppt,组件功能与教程,WPS演示,WPS表格/文字/演示/PDF功能与操作，适合功能教程页,,5.0,,,第三方工具-社区SEO,1,
6120,ppt花边,组件功能与教程,WPS演示,WPS表格/文字/演示/PDF功能与操作，适合功能教程页,,5.0,,,第三方工具-社区SEO,1,
6121,时间管理 ppt,组件功能与教程,WPS演示,WPS表格/文字/演示/PDF功能与操作，适合功能教程页,,5.0,,,第三方工具-社区SEO,1,
6122,ppt图片轮播,组件功能与教程,WPS演示,WPS表格/文字/演示/PDF功能与操作，适合功能教程页,,5.0,,,第三方工具-社区SEO,1,
6123,安全生产培训ppt,组件功能与教程,WPS演示,WPS表格/文字/演示/PDF功能与操作，适合功能教程页,,5.0,,,第三方工具-社区SEO,1,
6124,ppt艺术字体,组件功能与教程,WPS演示,WPS表格/文字/演示/PDF功能与操作，适合功能教程页,,5.0,,,第三方工具-社区SEO,1,
6125,春节ppt图片,组件功能与教程,WPS演示,WPS表格/文字/演示/PDF功能与操作，适合功能教程页,,5.0,,,第三方工具-社区SEO,1,
6126,党风廉政ppt,组件功能与教程,WPS演示,WPS表格/文字/演示/PDF功能与操作，适合功能教程页,,5.0,,,第三方工具-社区SEO,1,
6127,开门红ppt,组件功能与教程,WPS演示,WPS表格/文字/演示/PDF功能与操作，适合功能教程页,,5.0,,,第三方工具-社区SEO,1,
6128,ppt插入对象,组件功能与教程,WPS演示,WPS表格/文字/演示/PDF功能与操作，适合功能教程页,,5.0,,,第三方工具-社区SEO,1,
6129,职业生涯规划ppt,组件功能与教程,WPS演示,WPS表格/文字/演示/PDF功能与操作，适合功能教程页,,4.0,,,第三方工具-社区SEO,1,
6130,第一ppt官网,组件功能与教程,WPS演示,WPS表格/文字/演示/PDF功能与操作，适合功能教程页,,4.0,,,第三方工具-社区SEO,1,
6131,第一 ppt,组件功能与教程,WPS演示,WPS表格/文字/演示/PDF功能与操作，适合功能教程页,,4.0,,,第三方工具-社区SEO,1,
6132,第一ppt,组件功能与教程,WPS演示,WPS表格/文字/演示/PDF功能与操作，适合功能教程页,,4.0,,,第三方工具-社区SEO,1,
6133,ppt背景图片,组件功能与教程,WPS演示,WPS表格/文字/演示/PDF功能与操作，适合功能教程页,,4.0,,,第三方工具-社区SEO,1,
6134,优品ppt,组件功能与教程,WPS演示,WPS表格/文字/演示/PDF功能与操作，适合功能教程页,,4.0,,,第三方工具-社区SEO,1,
6135,大学生职业规划大赛ppt,组件功能与教程,WPS演示,WPS表格/文字/演示/PDF功能与操作，适合功能教程页,,4.0,,,第三方工具-社区SEO,1,
6136,ppt演讲,组件功能与教程,WPS演示,WPS表格/文字/演示/PDF功能与操作，适合功能教程页,,4.0,,,第三方工具-社区SEO,1,
6137,演讲ppt,组件功能与教程,WPS演示,WPS表格/文字/演示/PDF功能与操作，适合功能教程页,,4.0,,,第三方工具-社区SEO,1,
6138,一键生成ppt,组件功能与教程,WPS演示,WPS表格/文字/演示/PDF功能与操作，适合功能教程页,,3.0,,,第三方工具-社区SEO,1,
6139,ppt字体,组件功能与教程,WPS演示,WPS表格/文字/演示/PDF功能与操作，适合功能教程页,,2.0,,,第三方工具-社区SEO,1,
6140,ppt尺寸,组件功能与教程,WPS演示,WPS表格/文字/演示/PDF功能与操作，适合功能教程页,,153.0,,,第三方工具-社区SEO,1,
6141,三顾茅庐ppt,组件功能与教程,WPS演示,WPS表格/文字/演示/PDF功能与操作，适合功能教程页,,130.0,,,第三方工具-社区SEO,1,
6142,ppt结尾感谢语,组件功能与教程,WPS演示,WPS表格/文字/演示/PDF功能与操作，适合功能教程页,,128.0,,,第三方工具-社区SEO,1,
6143,ppt插件,组件功能与教程,WPS演示,WPS表格/文字/演示/PDF功能与操作，适合功能教程页,,124.0,,,第三方工具-社区SEO,1,
6144,ppt网站,组件功能与教程,WPS演示,WPS表格/文字/演示/PDF功能与操作，适合功能教程页,,121.0,,,第三方工具-社区SEO,1,
6145,大学生心理健康ppt,组件功能与教程,WPS演示,WPS表格/文字/演示/PDF功能与操作，适合功能教程页,,118.0,,,第三方工具-社区SEO,1,
6146,春节ppt,组件功能与教程,WPS演示,WPS表格/文字/演示/PDF功能与操作，适合功能教程页,,83.0,,,第三方工具-社区SEO,1,
6147,ppt插入页码,组件功能与教程,WPS演示,WPS表格/文字/演示/PDF功能与操作，适合功能教程页,,66.0,,,第三方工具-社区SEO,1,
6148,读书分享会ppt,组件功能与教程,WPS演示,WPS表格/文字/演示/PDF功能与操作，适合功能教程页,,59.0,,,第三方工具-社区SEO,1,
6149,读书分享ppt,组件功能与教程,WPS演示,WPS表格/文字/演示/PDF功能与操作，适合功能教程页,,59.0,,,第三方工具-社区SEO,1,
6150,ppt压缩图片,组件功能与教程,WPS演示,WPS表格/文字/演示/PDF功能与操作，适合功能教程页,,16.0,,,第三方工具-社区SEO,1,
6151,廉洁ppt,组件功能与教程,WPS演示,WPS表格/文字/演示/PDF功能与操作，适合功能教程页,,11.0,,,第三方工具-社区SEO,1,
6152,项目管理ppt,组件功能与教程,WPS演示,WPS表格/文字/演示/PDF功能与操作，适合功能教程页,,11.0,,,第三方工具-社区SEO,1,
6153,ppt的尺寸,组件功能与教程,WPS演示,WPS表格/文字/演示/PDF功能与操作，适合功能教程页,,11.0,,,第三方工具-社区SEO,1,
6154,学生会竞选ppt,组件功能与教程,WPS演示,WPS表格/文字/演示/PDF功能与操作，适合功能教程页,,11.0,,,第三方工具-社区SEO,1,
6155,ppt加背景音乐,组件功能与教程,WPS演示,WPS表格/文字/演示/PDF功能与操作，适合功能教程页,,10.0,,,第三方工具-社区SEO,1,
6156,ppt图形素材,组件功能与教程,WPS演示,WPS表格/文字/演示/PDF功能与操作，适合功能教程页,,10.0,,,第三方工具-社区SEO,1,
6157,入党誓词ppt,组件功能与教程,WPS演示,WPS表格/文字/演示/PDF功能与操作，适合功能教程页,,10.0,,,第三方工具-社区SEO,1,
6158,ppt 打不开,组件功能与教程,WPS演示,WPS表格/文字/演示/PDF功能与操作，适合功能教程页,,9.0,,,第三方工具-社区SEO,1,
6159,儿童故事ppt,组件功能与教程,WPS演示,WPS表格/文字/演示/PDF功能与操作，适合功能教程页,,9.0,,,第三方工具-社区SEO,1,
6160,ppt红色背景图片,组件功能与教程,WPS演示,WPS表格/文字/演示/PDF功能与操作，适合功能教程页,,9.0,,,第三方工具-社区SEO,1,
6161,论文开题报告ppt,组件功能与教程,WPS演示,WPS表格/文字/演示/PDF功能与操作，适合功能教程页,,9.0,,,第三方工具-社区SEO,1,
6162,森林防火ppt,组件功能与教程,WPS演示,WPS表格/文字/演示/PDF功能与操作，适合功能教程页,,9.0,,,第三方工具-社区SEO,1,
6163,主题党课ppt,组件功能与教程,WPS演示,WPS表格/文字/演示/PDF功能与操作，适合功能教程页,,8.0,,,第三方工具-社区SEO,1,
6164,ppt内容,组件功能与教程,WPS演示,WPS表格/文字/演示/PDF功能与操作，适合功能教程页,,8.0,,,第三方工具-社区SEO,1,
6165,优质ppt,组件功能与教程,WPS演示,WPS表格/文字/演示/PDF功能与操作，适合功能教程页,,8.0,,,第三方工具-社区SEO,1,
6166,个人总结ppt,组件功能与教程,WPS演示,WPS表格/文字/演示/PDF功能与操作，适合功能教程页,,8.0,,,第三方工具-社区SEO,1,
6167,用电安全ppt,组件功能与教程,WPS演示,WPS表格/文字/演示/PDF功能与操作，适合功能教程页,,8.0,,,第三方工具-社区SEO,1,
6168,ppt页面大小,组件功能与教程,WPS演示,WPS表格/文字/演示/PDF功能与操作，适合功能教程页,,8.0,,,第三方工具-社区SEO,1,
6169,ppt删除所有动画,组件功能与教程,WPS演示,WPS表格/文字/演示/PDF功能与操作，适合功能教程页,,7.0,,,第三方工具-社区SEO,1,
6170,吸烟有害健康ppt,组件功能与教程,WPS演示,WPS表格/文字/演示/PDF功能与操作，适合功能教程页,,7.0,,,第三方工具-社区SEO,1,
6171,欢迎领导莅临指导ppt,组件功能与教程,WPS演示,WPS表格/文字/演示/PDF功能与操作，适合功能教程页,,7.0,,,第三方工具-社区SEO,1,
6172,ppt古风背景,组件功能与教程,WPS演示,WPS表格/文字/演示/PDF功能与操作，适合功能教程页,,7.0,,,第三方工具-社区SEO,1,
6173,羊ppt,组件功能与教程,WPS演示,WPS表格/文字/演示/PDF功能与操作，适合功能教程页,,7.0,,,第三方工具-社区SEO,1,
6174,珍爱生命ppt,组件功能与教程,WPS演示,WPS表格/文字/演示/PDF功能与操作，适合功能教程页,,7.0,,,第三方工具-社区SEO,1,
6175,李清照ppt,组件功能与教程,WPS演示,WPS表格/文字/演示/PDF功能与操作，适合功能教程页,,6.0,,,第三方工具-社区SEO,1,
6176,ppt大小压缩,组件功能与教程,WPS演示,WPS表格/文字/演示/PDF功能与操作，适合功能教程页,,6.0,,,第三方工具-社区SEO,1,
6177,关于春节的ppt,组件功能与教程,WPS演示,WPS表格/文字/演示/PDF功能与操作，适合功能教程页,,6.0,,,第三方工具-社区SEO,1,
6178,ppt结束语图片,组件功能与教程,WPS演示,WPS表格/文字/演示/PDF功能与操作，适合功能教程页,,6.0,,,第三方工具-社区SEO,1,
6179,道德讲堂ppt课件,组件功能与教程,WPS演示,WPS表格/文字/演示/PDF功能与操作，适合功能教程页,,6.0,,,第三方工具-社区SEO,1,
6180,小学家长会ppt课件,组件功能与教程,WPS演示,WPS表格/文字/演示/PDF功能与操作，适合功能教程页,,6.0,,,第三方工具-社区SEO,1,
6181,人力资源述职报告ppt,组件功能与教程,WPS演示,WPS表格/文字/演示/PDF功能与操作，适合功能教程页,,6.0,,,第三方工具-社区SEO,1,
6182,ppt重复上一步操作快捷键,组件功能与教程,WPS演示,WPS表格/文字/演示/PDF功能与操作，适合功能教程页,,6.0,,,第三方工具-社区SEO,1,
6183,写ppt,组件功能与教程,WPS演示,WPS表格/文字/演示/PDF功能与操作，适合功能教程页,,6.0,,,第三方工具-社区SEO,1,
6184,ppt资源,组件功能与教程,WPS演示,WPS表格/文字/演示/PDF功能与操作，适合功能教程页,,6.0,,,第三方工具-社区SEO,1,
6185,简约ppt,组件功能与教程,WPS演示,WPS表格/文字/演示/PDF功能与操作，适合功能教程页,,6.0,,,第三方工具-社区SEO,1,
6186,ppt简约背景,组件功能与教程,WPS演示,WPS表格/文字/演示/PDF功能与操作，适合功能教程页,,6.0,,,第三方工具-社区SEO,1,
6187,优化ppt,组件功能与教程,WPS演示,WPS表格/文字/演示/PDF功能与操作，适合功能教程页,,6.0,,,第三方工具-社区SEO,1,
6188,ppt背景古风,组件功能与教程,WPS演示,WPS表格/文字/演示/PDF功能与操作，适合功能教程页,,6.0,,,第三方工具-社区SEO,1,
6189,鲁迅ppt,组件功能与教程,WPS演示,WPS表格/文字/演示/PDF功能与操作，适合功能教程页,,6.0,,,第三方工具-社区SEO,1,
6190,ppt高清背景图,组件功能与教程,WPS演示,WPS表格/文字/演示/PDF功能与操作，适合功能教程页,,6.0,,,第三方工具-社区SEO,1,
6191,ppt进度条,组件功能与教程,WPS演示,WPS表格/文字/演示/PDF功能与操作，适合功能教程页,,6.0,,,第三方工具-社区SEO,1,
6192,ppt配色方案,组件功能与教程,WPS演示,WPS表格/文字/演示/PDF功能与操作，适合功能教程页,,6.0,,,第三方工具-社区SEO,1,
6193,ppt下标,组件功能与教程,WPS演示,WPS表格/文字/演示/PDF功能与操作，适合功能教程页,,6.0,,,第三方工具-社区SEO,1,
6194,师德师风ppt,组件功能与教程,WPS演示,WPS表格/文字/演示/PDF功能与操作，适合功能教程页,,6.0,,,第三方工具-社区SEO,1,
6195,弟子规ppt,组件功能与教程,WPS演示,WPS表格/文字/演示/PDF功能与操作，适合功能教程页,,6.0,,,第三方工具-社区SEO,1,
6196,ppt尾页,组件功能与教程,WPS演示,WPS表格/文字/演示/PDF功能与操作，适合功能教程页,,5.0,,,第三方工具-社区SEO,1,
6197,ppt鱼骨图,组件功能与教程,WPS演示,WPS表格/文字/演示/PDF功能与操作，适合功能教程页,,5.0,,,第三方工具-社区SEO,1,
6198,ppt导航栏,组件功能与教程,WPS演示,WPS表格/文字/演示/PDF功能与操作，适合功能教程页,,5.0,,,第三方工具-社区SEO,1,
6199,人物简介ppt,组件功能与教程,WPS演示,WPS表格/文字/演示/PDF功能与操作，适合功能教程页,,5.0,,,第三方工具-社区SEO,1,
6200,公文写作ppt,组件功能与教程,WPS演示,WPS表格/文字/演示/PDF功能与操作，适合功能教程页,,5.0,,,第三方工具-社区SEO,1,
6201,蜡笔小新ppt,组件功能与教程,WPS演示,WPS表格/文字/演示/PDF功能与操作，适合功能教程页,,5.0,,,第三方工具-社区SEO,1,
6202,ppt背景尺寸,组件功能与教程,WPS演示,WPS表格/文字/演示/PDF功能与操作，适合功能教程页,,5.0,,,第三方工具-社区SEO,1,
6203,孔乙己ppt,组件功能与教程,WPS演示,WPS表格/文字/演示/PDF功能与操作，适合功能教程页,,5.0,,,第三方工具-社区SEO,1,
6204,ppt插入附件,组件功能与教程,WPS演示,WPS表格/文字/演示/PDF功能与操作，适合功能教程页,,5.0,,,第三方工具-社区SEO,1,
6205,党政风ppt,组件功能与教程,WPS演示,WPS表格/文字/演示/PDF功能与操作，适合功能教程页,,5.0,,,第三方工具-社区SEO,1,
6206,都江堰ppt,组件功能与教程,WPS演示,WPS表格/文字/演示/PDF功能与操作，适合功能教程页,,5.0,,,第三方工具-社区SEO,1,
6207,ppt组合快捷键,组件功能与教程,WPS演示,WPS表格/文字/演示/PDF功能与操作，适合功能教程页,,5.0,,,第三方工具-社区SEO,1,
6208,猜猜我有多爱你ppt,组件功能与教程,WPS演示,WPS表格/文字/演示/PDF功能与操作，适合功能教程页,,5.0,,,第三方工具-社区SEO,1,
6209,产品介绍ppt范例,组件功能与教程,WPS演示,WPS表格/文字/演示/PDF功能与操作，适合功能教程页,,5.0,,,第三方工具-社区SEO,1,
6210,后羿射日ppt,组件功能与教程,WPS演示,WPS表格/文字/演示/PDF功能与操作，适合功能教程页,,5.0,,,第三方工具-社区SEO,1,
6211,护士长竞聘演讲ppt,组件功能与教程,WPS演示,WPS表格/文字/演示/PDF功能与操作，适合功能教程页,,5.0,,,第三方工具-社区SEO,1,
6212,预备党员转正答辩ppt,组件功能与教程,WPS演示,WPS表格/文字/演示/PDF功能与操作，适合功能教程页,,5.0,,,第三方工具-社区SEO,1,
6213,ppt制作视频,组件功能与教程,WPS演示,WPS表格/文字/演示/PDF功能与操作，适合功能教程页,,5.0,,,第三方工具-社区SEO,1,
6214,ppt饼状图,组件功能与教程,WPS演示,WPS表格/文字/演示/PDF功能与操作，适合功能教程页,,5.0,,,第三方工具-社区SEO,1,
6215,ppt无法播放视频,组件功能与教程,WPS演示,WPS表格/文字/演示/PDF功能与操作，适合功能教程页,,5.0,,,第三方工具-社区SEO,1,
6216,说课课件ppt,组件功能与教程,WPS演示,WPS表格/文字/演示/PDF功能与操作，适合功能教程页,,5.0,,,第三方工具-社区SEO,1,
6217,ppt标尺,组件功能与教程,WPS演示,WPS表格/文字/演示/PDF功能与操作，适合功能教程页,,5.0,,,第三方工具-社区SEO,1,
6218,图片转成ppt,组件功能与教程,WPS演示,WPS表格/文字/演示/PDF功能与操作，适合功能教程页,,5.0,,,第三方工具-社区SEO,1,
6219,ppt替换字体,组件功能与教程,WPS演示,WPS表格/文字/演示/PDF功能与操作，适合功能教程页,,5.0,,,第三方工具-社区SEO,1,
6220,ppt压缩大小,组件功能与教程,WPS演示,WPS表格/文字/演示/PDF功能与操作，适合功能教程页,,5.0,,,第三方工具-社区SEO,1,
6221,兵马俑ppt,组件功能与教程,WPS演示,WPS表格/文字/演示/PDF功能与操作，适合功能教程页,,5.0,,,第三方工具-社区SEO,1,
6222,ppt破解版,组件功能与教程,WPS演示,WPS表格/文字/演示/PDF功能与操作，适合功能教程页,,5.0,,,第三方工具-社区SEO,1,
6223,学术报告ppt,组件功能与教程,WPS演示,WPS表格/文字/演示/PDF功能与操作，适合功能教程页,,5.0,,,第三方工具-社区SEO,1,
6224,电影分析ppt,组件功能与教程,WPS演示,WPS表格/文字/演示/PDF功能与操作，适合功能教程页,,4.0,,,第三方工具-社区SEO,1,
6225,意识形态ppt,组件功能与教程,WPS演示,WPS表格/文字/演示/PDF功能与操作，适合功能教程页,,4.0,,,第三方工具-社区SEO,1,
6226,ppt图案素材,组件功能与教程,WPS演示,WPS表格/文字/演示/PDF功能与操作，适合功能教程页,,4.0,,,第三方工具-社区SEO,1,
6227,ppt解密,组件功能与教程,WPS演示,WPS表格/文字/演示/PDF功能与操作，适合功能教程页,,4.0,,,第三方工具-社区SEO,1,
6228,ppt取消组合,组件功能与教程,WPS演示,WPS表格/文字/演示/PDF功能与操作，适合功能教程页,,4.0,,,第三方工具-社区SEO,1,
6229,ppt倒计时动画,组件功能与教程,WPS演示,WPS表格/文字/演示/PDF功能与操作，适合功能教程页,,4.0,,,第三方工具-社区SEO,1,
6230,科学小实验ppt,组件功能与教程,WPS演示,WPS表格/文字/演示/PDF功能与操作，适合功能教程页,,4.0,,,第三方工具-社区SEO,1,
6231,鸟的天堂ppt,组件功能与教程,WPS演示,WPS表格/文字/演示/PDF功能与操作，适合功能教程页,,4.0,,,第三方工具-社区SEO,1,
6232,试用期转正ppt,组件功能与教程,WPS演示,WPS表格/文字/演示/PDF功能与操作，适合功能教程页,,4.0,,,第三方工具-社区SEO,1,
6233,稻壳儿ppt,组件功能与教程,WPS演示,WPS表格/文字/演示/PDF功能与操作，适合功能教程页,,4.0,,,第三方工具-社区SEO,1,
6234,文明上网ppt,组件功能与教程,WPS演示,WPS表格/文字/演示/PDF功能与操作，适合功能教程页,,4.0,,,第三方工具-社区SEO,1,
6235,ppt插入目录,组件功能与教程,WPS演示,WPS表格/文字/演示/PDF功能与操作，适合功能教程页,,4.0,,,第三方工具-社区SEO,1,
6236,科技ppt背景图片,组件功能与教程,WPS演示,WPS表格/文字/演示/PDF功能与操作，适合功能教程页,,4.0,,,第三方工具-社区SEO,1,
6237,圣诞ppt背景,组件功能与教程,WPS演示,WPS表格/文字/演示/PDF功能与操作，适合功能教程页,,4.0,,,第三方工具-社区SEO,1,
6238,职称评审ppt,组件功能与教程,WPS演示,WPS表格/文字/演示/PDF功能与操作，适合功能教程页,,4.0,,,第三方工具-社区SEO,1,
6239,ppt放大镜效果,组件功能与教程,WPS演示,WPS表格/文字/演示/PDF功能与操作，适合功能教程页,,4.0,,,第三方工具-社区SEO,1,
6240,述标ppt,组件功能与教程,WPS演示,WPS表格/文字/演示/PDF功能与操作，适合功能教程页,,4.0,,,第三方工具-社区SEO,1,
6241,圣诞主题ppt,组件功能与教程,WPS演示,WPS表格/文字/演示/PDF功能与操作，适合功能教程页,,4.0,,,第三方工具-社区SEO,1,
6242,项目复盘ppt,组件功能与教程,WPS演示,WPS表格/文字/演示/PDF功能与操作，适合功能教程页,,4.0,,,第三方工具-社区SEO,1,
6243,ppt插入虚线,组件功能与教程,WPS演示,WPS表格/文字/演示/PDF功能与操作，适合功能教程页,,4.0,,,第三方工具-社区SEO,1,
6244,ppt转jpg,组件功能与教程,WPS演示,WPS表格/文字/演示/PDF功能与操作，适合功能教程页,,4.0,,,第三方工具-社区SEO,1,
6245,顶尖ppt,组件功能与教程,WPS演示,WPS表格/文字/演示/PDF功能与操作，适合功能教程页,,4.0,,,第三方工具-社区SEO,1,
6246,布达拉宫ppt,组件功能与教程,WPS演示,WPS表格/文字/演示/PDF功能与操作，适合功能教程页,,4.0,,,第三方工具-社区SEO,1,
6247,念奴娇赤壁怀古ppt,组件功能与教程,WPS演示,WPS表格/文字/演示/PDF功能与操作，适合功能教程页,,4.0,,,第三方工具-社区SEO,1,
6248,ppt剪切蒙版,组件功能与教程,WPS演示,WPS表格/文字/演示/PDF功能与操作，适合功能教程页,,4.0,,,第三方工具-社区SEO,1,
6249,机器学习ppt,组件功能与教程,WPS演示,WPS表格/文字/演示/PDF功能与操作，适合功能教程页,,4.0,,,第三方工具-社区SEO,1,
6250,博士论文答辩ppt,组件功能与教程,WPS演示,WPS表格/文字/演示/PDF功能与操作，适合功能教程页,,4.0,,,第三方工具-社区SEO,1,
6251,ppt修改版式,组件功能与教程,WPS演示,WPS表格/文字/演示/PDF功能与操作，适合功能教程页,,4.0,,,第三方工具-社区SEO,1,
6252,圣诞节ppt素材,组件功能与教程,WPS演示,WPS表格/文字/演示/PDF功能与操作，适合功能教程页,,4.0,,,第三方工具-社区SEO,1,
6253,京杭大运河ppt,组件功能与教程,WPS演示,WPS表格/文字/演示/PDF功能与操作，适合功能教程页,,4.0,,,第三方工具-社区SEO,1,
6254,ppt压缩在线,组件功能与教程,WPS演示,WPS表格/文字/演示/PDF功能与操作，适合功能教程页,,4.0,,,第三方工具-社区SEO,1,
6255,无忧ppt官网,组件功能与教程,WPS演示,WPS表格/文字/演示/PDF功能与操作，适合功能教程页,,4.0,,,第三方工具-社区SEO,1,
6256,白雪歌送武判官归京ppt课件,组件功能与教程,WPS演示,WPS表格/文字/演示/PDF功能与操作，适合功能教程页,,4.0,,,第三方工具-社区SEO,1,
6257,个人年终工作总结ppt,组件功能与教程,WPS演示,WPS表格/文字/演示/PDF功能与操作，适合功能教程页,,4.0,,,第三方工具-社区SEO,1,
6258,猫ppt,组件功能与教程,WPS演示,WPS表格/文字/演示/PDF功能与操作，适合功能教程页,,4.0,,,第三方工具-社区SEO,1,
6259,ppt 标尺,组件功能与教程,WPS演示,WPS表格/文字/演示/PDF功能与操作，适合功能教程页,,4.0,,,第三方工具-社区SEO,1,
6260,元旦ppt背景,组件功能与教程,WPS演示,WPS表格/文字/演示/PDF功能与操作，适合功能教程页,,4.0,,,第三方工具-社区SEO,1,
6261,定语从句ppt,组件功能与教程,WPS演示,WPS表格/文字/演示/PDF功能与操作，适合功能教程页,,4.0,,,第三方工具-社区SEO,1,
6262,ppt魔板,组件功能与教程,WPS演示,WPS表格/文字/演示/PDF功能与操作，适合功能教程页,,4.0,,,第三方工具-社区SEO,1,
6263,曹冲称象ppt,组件功能与教程,WPS演示,WPS表格/文字/演示/PDF功能与操作，适合功能教程页,,4.0,,,第三方工具-社区SEO,1,
6264,公输ppt,组件功能与教程,WPS演示,WPS表格/文字/演示/PDF功能与操作，适合功能教程页,,4.0,,,第三方工具-社区SEO,1,
6265,ppt生成工具,组件功能与教程,WPS演示,WPS表格/文字/演示/PDF功能与操作，适合功能教程页,,4.0,,,第三方工具-社区SEO,1,
6266,ppt  密码,组件功能与教程,WPS演示,WPS表格/文字/演示/PDF功能与操作，适合功能教程页,,4.0,,,第三方工具-社区SEO,1,
6267,小英雄雨来ppt,组件功能与教程,WPS演示,WPS表格/文字/演示/PDF功能与操作，适合功能教程页,,4.0,,,第三方工具-社区SEO,1,
6268,陈情表ppt优秀课件,组件功能与教程,WPS演示,WPS表格/文字/演示/PDF功能与操作，适合功能教程页,,4.0,,,第三方工具-社区SEO,1,
6269,中秋活动ppt,组件功能与教程,WPS演示,WPS表格/文字/演示/PDF功能与操作，适合功能教程页,,4.0,,,第三方工具-社区SEO,1,
6270,幼儿园中秋节ppt,组件功能与教程,WPS演示,WPS表格/文字/演示/PDF功能与操作，适合功能教程页,,4.0,,,第三方工具-社区SEO,1,
6271,廉洁党课ppt,组件功能与教程,WPS演示,WPS表格/文字/演示/PDF功能与操作，适合功能教程页,,4.0,,,第三方工具-社区SEO,1,
6272,幼儿园故事ppt课件,组件功能与教程,WPS演示,WPS表格/文字/演示/PDF功能与操作，适合功能教程页,,4.0,,,第三方工具-社区SEO,1,
6273,一年级开学第一课ppt,组件功能与教程,WPS演示,WPS表格/文字/演示/PDF功能与操作，适合功能教程页,,4.0,,,第三方工具-社区SEO,1,
6274,中秋晚会ppt,组件功能与教程,WPS演示,WPS表格/文字/演示/PDF功能与操作，适合功能教程页,,4.0,,,第三方工具-社区SEO,1,
6275,世界无烟日ppt,组件功能与教程,WPS演示,WPS表格/文字/演示/PDF功能与操作，适合功能教程页,,4.0,,,第三方工具-社区SEO,1,
6276,重阳节ppt背景,组件功能与教程,WPS演示,WPS表格/文字/演示/PDF功能与操作，适合功能教程页,,4.0,,,第三方工具-社区SEO,1,
6277,女性生殖系统ppt,组件功能与教程,WPS演示,WPS表格/文字/演示/PDF功能与操作，适合功能教程页,,4.0,,,第三方工具-社区SEO,1,
6278,重阳节主题班会ppt,组件功能与教程,WPS演示,WPS表格/文字/演示/PDF功能与操作，适合功能教程页,,4.0,,,第三方工具-社区SEO,1,
6279,世界卫生日ppt,组件功能与教程,WPS演示,WPS表格/文字/演示/PDF功能与操作，适合功能教程页,,4.0,,,第三方工具-社区SEO,1,
6280,国庆节主题班会ppt,组件功能与教程,WPS演示,WPS表格/文字/演示/PDF功能与操作，适合功能教程页,,4.0,,,第三方工具-社区SEO,1,
6281,国庆假期安全教育ppt,组件功能与教程,WPS演示,WPS表格/文字/演示/PDF功能与操作，适合功能教程页,,4.0,,,第三方工具-社区SEO,1,
6282,中国特色社会主义ppt,组件功能与教程,WPS演示,WPS表格/文字/演示/PDF功能与操作，适合功能教程页,,4.0,,,第三方工具-社区SEO,1,
6283,元旦假期安全教育ppt,组件功能与教程,WPS演示,WPS表格/文字/演示/PDF功能与操作，适合功能教程页,,4.0,,,第三方工具-社区SEO,1,
6284,ppt转化成word,组件功能与教程,WPS演示,WPS表格/文字/演示/PDF功能与操作，适合功能教程页,,4.0,,,第三方工具-社区SEO,1,
6285,WPS文档打不开怎么办,组件功能与教程,WPS用户问题/故障解决,WPS表格/文字/演示/PDF功能与操作，适合功能教程页,,,130000.0,,GEO需求机会表,1,A
6286,WPS文件打不开怎么办,组件功能与教程,WPS用户问题/故障解决,WPS表格/文字/演示/PDF功能与操作，适合功能教程页,,,120000.0,,GEO需求机会表,1,A
6287,WPS未保存文件怎么找回,组件功能与教程,WPS用户问题/故障解决,WPS表格/文字/演示/PDF功能与操作，适合功能教程页,,,120000.0,,GEO需求机会表,1,A
6288,WPS没保存关闭了怎么恢复,组件功能与教程,WPS用户问题/故障解决,WPS表格/文字/演示/PDF功能与操作，适合功能教程页,,,120000.0,,GEO需求机会表,1,A
6289,WPS崩溃文件怎么恢复,组件功能与教程,WPS用户问题/故障解决,WPS表格/文字/演示/PDF功能与操作，适合功能教程页,,,100000.0,,GEO需求机会表,1,A
6290,WPS打开文件乱码怎么办,组件功能与教程,WPS用户问题/故障解决,WPS表格/文字/演示/PDF功能与操作，适合功能教程页,,,100000.0,,GEO需求机会表,1,A
6291,WPS插入图片不显示怎么办,组件功能与教程,WPS用户问题/故障解决,WPS表格/文字/演示/PDF功能与操作，适合功能教程页,,,100000.0,,GEO需求机会表,1,A
6292,WPS文件丢失怎么恢复,组件功能与教程,WPS用户问题/故障解决,WPS表格/文字/演示/PDF功能与操作，适合功能教程页,,,100000.0,,GEO需求机会表,1,A
6293,WPS文档图片不显示怎么办,组件功能与教程,WPS用户问题/故障解决,WPS表格/文字/演示/PDF功能与操作，适合功能教程页,,,100000.0,,GEO需求机会表,1,A
6294,WPS文档插图片的时候不显示图片,组件功能与教程,WPS用户问题/故障解决,WPS表格/文字/演示/PDF功能与操作，适合功能教程页,,,100000.0,,GEO需求机会表,1,A
6295,WPS自动保存文件在哪里,组件功能与教程,WPS用户问题/故障解决,WPS表格/文字/演示/PDF功能与操作，适合功能教程页,,,100000.0,,GEO需求机会表,1,A
6296,WPS表格打不开怎么办,组件功能与教程,WPS用户问题/故障解决,WPS表格/文字/演示/PDF功能与操作，适合功能教程页,,,100000.0,,GEO需求机会表,1,A
6297,WPS保存失败怎么办,组件功能与教程,WPS用户问题/故障解决,WPS表格/文字/演示/PDF功能与操作，适合功能教程页,,,90000.0,,GEO需求机会表,1,A
6298,WPS卡死怎么办,组件功能与教程,WPS用户问题/故障解决,WPS表格/文字/演示/PDF功能与操作，适合功能教程页,,,90000.0,,GEO需求机会表,1,A
6299,WPS图片显示不全怎么办,组件功能与教程,WPS用户问题/故障解决,WPS表格/文字/演示/PDF功能与操作，适合功能教程页,,,90000.0,,GEO需求机会表,1,A
6300,WPS打印不全怎么办,组件功能与教程,WPS用户问题/故障解决,WPS表格/文字/演示/PDF功能与操作，适合功能教程页,,,90000.0,,GEO需求机会表,1,A
6301,WPS提示文件损坏怎么办,组件功能与教程,WPS用户问题/故障解决,WPS表格/文字/演示/PDF功能与操作，适合功能教程页,,,90000.0,,GEO需求机会表,1,A
6302,WPS文档乱码怎么恢复,组件功能与教程,WPS用户问题/故障解决,WPS表格/文字/演示/PDF功能与操作，适合功能教程页,,,90000.0,,GEO需求机会表,1,A
6303,WPS无法保存怎么办,组件功能与教程,WPS用户问题/故障解决,WPS表格/文字/演示/PDF功能与操作，适合功能教程页,,,90000.0,,GEO需求机会表,1,A
6304,WPS闪退怎么办,组件功能与教程,WPS用户问题/故障解决,WPS表格/文字/演示/PDF功能与操作，适合功能教程页,,,90000.0,,GEO需求机会表,1,A
6305,wps无法,组件功能与教程,WPS用户问题/故障解决,WPS表格/文字/演示/PDF功能与操作，适合功能教程页,,,90000.0,,GEO需求机会表,1,A
6306,WPS云文档同步失败怎么办,组件功能与教程,WPS用户问题/故障解决,WPS表格/文字/演示/PDF功能与操作，适合功能教程页,,,80000.0,,GEO需求机会表,1,A
6307,WPS图片打印不出来怎么办,组件功能与教程,WPS用户问题/故障解决,WPS表格/文字/演示/PDF功能与操作，适合功能教程页,,,80000.0,,GEO需求机会表,1,A
6308,WPS字体缺失怎么办,组件功能与教程,WPS用户问题/故障解决,WPS表格/文字/演示/PDF功能与操作，适合功能教程页,,,80000.0,,GEO需求机会表,1,A
6309,WPS打印出来格式乱了,组件功能与教程,WPS用户问题/故障解决,WPS表格/文字/演示/PDF功能与操作，适合功能教程页,,,80000.0,,GEO需求机会表,1,A
6310,WPS无法编辑怎么办,组件功能与教程,WPS用户问题/故障解决,WPS表格/文字/演示/PDF功能与操作，适合功能教程页,,,80000.0,,GEO需求机会表,1,A
6311,WPS登录不上怎么办,组件功能与教程,WPS用户问题/故障解决,WPS表格/文字/演示/PDF功能与操作，适合功能教程页,,,80000.0,,GEO需求机会表,1,A
6312,WPS表格公式不计算怎么办,组件功能与教程,WPS用户问题/故障解决,WPS表格/文字/演示/PDF功能与操作，适合功能教程页,,,80000.0,,GEO需求机会表,1,A
6313,WPS仿宋字体没有怎么办,组件功能与教程,WPS用户问题/故障解决,WPS表格/文字/演示/PDF功能与操作，适合功能教程页,,,70000.0,,GEO需求机会表,1,B
6314,WPS公式显示不出来怎么办,组件功能与教程,WPS用户问题/故障解决,WPS表格/文字/演示/PDF功能与操作，适合功能教程页,,,70000.0,,GEO需求机会表,1,B
6315,WPS兼容模式怎么取消,组件功能与教程,WPS用户问题/故障解决,WPS表格/文字/演示/PDF功能与操作，适合功能教程页,,,70000.0,,GEO需求机会表,1,B
6316,WPS图片只显示一部分,组件功能与教程,WPS用户问题/故障解决,WPS表格/文字/演示/PDF功能与操作，适合功能教程页,,,70000.0,,GEO需求机会表,1,B
6317,WPS图片移动不了怎么办,组件功能与教程,WPS用户问题/故障解决,WPS表格/文字/演示/PDF功能与操作，适合功能教程页,,,70000.0,,GEO需求机会表,1,B
6318,WPS插入图片变成空白,组件功能与教程,WPS用户问题/故障解决,WPS表格/文字/演示/PDF功能与操作，适合功能教程页,,,70000.0,,GEO需求机会表,1,B
6319,WPS文档图片变成叉号,组件功能与教程,WPS用户问题/故障解决,WPS表格/文字/演示/PDF功能与操作，适合功能教程页,,,70000.0,,GEO需求机会表,1,B
6320,WPS无法安装怎么办,组件功能与教程,WPS用户问题/故障解决,WPS表格/文字/演示/PDF功能与操作，适合功能教程页,,,70000.0,,GEO需求机会表,1,B
6321,WPS目录更新不了怎么办,组件功能与教程,WPS用户问题/故障解决,WPS表格/文字/演示/PDF功能与操作，适合功能教程页,,,70000.0,,GEO需求机会表,1,B
6322,WPS页码不显示怎么办,组件功能与教程,WPS用户问题/故障解决,WPS表格/文字/演示/PDF功能与操作，适合功能教程页,,,70000.0,,GEO需求机会表,1,B
6323,wps 打不开,组件功能与教程,WPS用户问题/故障解决,WPS表格/文字/演示/PDF功能与操作，适合功能教程页,,,65000.0,,GEO需求机会表,1,B
6324,wps乱码,组件功能与教程,WPS用户问题/故障解决,WPS表格/文字/演示/PDF功能与操作，适合功能教程页,,,65000.0,,GEO需求机会表,1,B
6325,wps怎么恢复,组件功能与教程,WPS用户问题/故障解决,WPS表格/文字/演示/PDF功能与操作，适合功能教程页,,,65000.0,,GEO需求机会表,1,B
6326,wps恢复,组件功能与教程,WPS用户问题/故障解决,WPS表格/文字/演示/PDF功能与操作，适合功能教程页,,,65000.0,,GEO需求机会表,1,B
6327,wps插入图片,组件功能与教程,WPS用户问题/故障解决,WPS表格/文字/演示/PDF功能与操作，适合功能教程页,,,65000.0,,GEO需求机会表,1,B
6328,恢复wps,组件功能与教程,WPS用户问题/故障解决,WPS表格/文字/演示/PDF功能与操作，适合功能教程页,,,65000.0,,GEO需求机会表,1,B
6329,打不开wps,组件功能与教程,WPS用户问题/故障解决,WPS表格/文字/演示/PDF功能与操作，适合功能教程页,,,65000.0,,GEO需求机会表,1,B
6330,WPS会员登录异常怎么办,组件功能与教程,WPS用户问题/故障解决,WPS表格/文字/演示/PDF功能与操作，适合功能教程页,,,60000.0,,GEO需求机会表,1,B
6331,WPS无法卸载怎么办,组件功能与教程,WPS用户问题/故障解决,WPS表格/文字/演示/PDF功能与操作，适合功能教程页,,,60000.0,,GEO需求机会表,1,B
6332,Wps数据恢复,组件功能与教程,WPS用户问题/故障解决,WPS表格/文字/演示/PDF功能与操作，适合功能教程页,,,35000.0,,GEO需求机会表,1,B
6333,wps 文件恢复,组件功能与教程,WPS用户问题/故障解决,WPS表格/文字/演示/PDF功能与操作，适合功能教程页,,,35000.0,,GEO需求机会表,1,B
6334,wps下划线不显示,组件功能与教程,WPS用户问题/故障解决,WPS表格/文字/演示/PDF功能与操作，适合功能教程页,,,35000.0,,GEO需求机会表,1,B
6335,wps不显示图片,组件功能与教程,WPS用户问题/故障解决,WPS表格/文字/演示/PDF功能与操作，适合功能教程页,,,35000.0,,GEO需求机会表,1,B
6336,wps不显示批注,组件功能与教程,WPS用户问题/故障解决,WPS表格/文字/演示/PDF功能与操作，适合功能教程页,,,35000.0,,GEO需求机会表,1,B
6337,wps不能复制,组件功能与教程,WPS用户问题/故障解决,WPS表格/文字/演示/PDF功能与操作，适合功能教程页,,,35000.0,,GEO需求机会表,1,B
6338,wps不能编辑,组件功能与教程,WPS用户问题/故障解决,WPS表格/文字/演示/PDF功能与操作，适合功能教程页,,,35000.0,,GEO需求机会表,1,B
6339,wps卡死,组件功能与教程,WPS用户问题/故障解决,WPS表格/文字/演示/PDF功能与操作，适合功能教程页,,,35000.0,,GEO需求机会表,1,B
6340,wps图片不显示,组件功能与教程,WPS用户问题/故障解决,WPS表格/文字/演示/PDF功能与操作，适合功能教程页,,,35000.0,,GEO需求机会表,1,B
6341,wps如何恢复,组件功能与教程,WPS用户问题/故障解决,WPS表格/文字/演示/PDF功能与操作，适合功能教程页,,,35000.0,,GEO需求机会表,1,B
6342,wps崩溃,组件功能与教程,WPS用户问题/故障解决,WPS表格/文字/演示/PDF功能与操作，适合功能教程页,,,35000.0,,GEO需求机会表,1,B
6343,wps怎么恢复文件,组件功能与教程,WPS用户问题/故障解决,WPS表格/文字/演示/PDF功能与操作，适合功能教程页,,,35000.0,,GEO需求机会表,1,B
6344,wps怎么插入图片,组件功能与教程,WPS用户问题/故障解决,WPS表格/文字/演示/PDF功能与操作，适合功能教程页,,,35000.0,,GEO需求机会表,1,B
6345,wps恢复文件,组件功能与教程,WPS用户问题/故障解决,WPS表格/文字/演示/PDF功能与操作，适合功能教程页,,,35000.0,,GEO需求机会表,1,B
6346,wps打不开怎么办,组件功能与教程,WPS用户问题/故障解决,WPS表格/文字/演示/PDF功能与操作，适合功能教程页,,,35000.0,,GEO需求机会表,1,B
6347,wps打不开文件,组件功能与教程,WPS用户问题/故障解决,WPS表格/文字/演示/PDF功能与操作，适合功能教程页,,,35000.0,,GEO需求机会表,1,B
6348,wps打开乱码,组件功能与教程,WPS用户问题/故障解决,WPS表格/文字/演示/PDF功能与操作，适合功能教程页,,,35000.0,,GEO需求机会表,1,B
6349,wps批量插入图片,组件功能与教程,WPS用户问题/故障解决,WPS表格/文字/演示/PDF功能与操作，适合功能教程页,,,35000.0,,GEO需求机会表,1,B
6350,wps文件打不开,组件功能与教程,WPS用户问题/故障解决,WPS表格/文字/演示/PDF功能与操作，适合功能教程页,,,35000.0,,GEO需求机会表,1,B
6351,wps文档恢复,组件功能与教程,WPS用户问题/故障解决,WPS表格/文字/演示/PDF功能与操作，适合功能教程页,,,35000.0,,GEO需求机会表,1,B
6352,wps无法安装,组件功能与教程,WPS用户问题/故障解决,WPS表格/文字/演示/PDF功能与操作，适合功能教程页,,,35000.0,,GEO需求机会表,1,B
6353,wps无法打开,组件功能与教程,WPS用户问题/故障解决,WPS表格/文字/演示/PDF功能与操作，适合功能教程页,,,35000.0,,GEO需求机会表,1,B
6354,wps无法编辑,组件功能与教程,WPS用户问题/故障解决,WPS表格/文字/演示/PDF功能与操作，适合功能教程页,,,35000.0,,GEO需求机会表,1,B
6355,wps未保存,组件功能与教程,WPS用户问题/故障解决,WPS表格/文字/演示/PDF功能与操作，适合功能教程页,,,35000.0,,GEO需求机会表,1,B
6356,wps没保存,组件功能与教程,WPS用户问题/故障解决,WPS表格/文字/演示/PDF功能与操作，适合功能教程页,,,35000.0,,GEO需求机会表,1,B
6357,wps表格恢复,组件功能与教程,WPS用户问题/故障解决,WPS表格/文字/演示/PDF功能与操作，适合功能教程页,,,35000.0,,GEO需求机会表,1,B
6358,wps表格插入图片,组件功能与教程,WPS用户问题/故障解决,WPS表格/文字/演示/PDF功能与操作，适合功能教程页,,,35000.0,,GEO需求机会表,1,B
6359,wps闪退,组件功能与教程,WPS用户问题/故障解决,WPS表格/文字/演示/PDF功能与操作，适合功能教程页,,,35000.0,,GEO需求机会表,1,B
6360,wps为什么不显示页码,组件功能与教程,WPS用户问题/故障解决,WPS表格/文字/演示/PDF功能与操作，适合功能教程页,,,20000.0,,GEO需求机会表,1,C
6361,wps文件没有保存怎么恢复,组件功能与教程,WPS用户问题/故障解决,WPS表格/文字/演示/PDF功能与操作，适合功能教程页,,,20000.0,,GEO需求机会表,1,C
6362,wps无法卸载,组件功能与教程,WPS用户问题/故障解决,WPS表格/文字/演示/PDF功能与操作，适合功能教程页,,,20000.0,,GEO需求机会表,1,C
6363,wps表格乱码怎么办,组件功能与教程,WPS用户问题/故障解决,WPS表格/文字/演示/PDF功能与操作，适合功能教程页,,,20000.0,,GEO需求机会表,1,C
6364,wps不能启动此对象的源应用程序,组件功能与教程,WPS用户问题/故障解决,WPS表格/文字/演示/PDF功能与操作，适合功能教程页,,,18000.0,,GEO需求机会表,1,C
6365,wps做的ppt用office打不开,组件功能与教程,WPS用户问题/故障解决,WPS表格/文字/演示/PDF功能与操作，适合功能教程页,,,18000.0,,GEO需求机会表,1,C
6366,wps打不开了,组件功能与教程,WPS用户问题/故障解决,WPS表格/文字/演示/PDF功能与操作，适合功能教程页,,,18000.0,,GEO需求机会表,1,C
6367,wps找回未保存的文件,组件功能与教程,WPS用户问题/故障解决,WPS表格/文字/演示/PDF功能与操作，适合功能教程页,,,18000.0,,GEO需求机会表,1,C
6368,wps数据恢复大师,组件功能与教程,WPS用户问题/故障解决,WPS表格/文字/演示/PDF功能与操作，适合功能教程页,,,18000.0,,GEO需求机会表,1,C
6369,wps无法打开数据源怎么办,组件功能与教程,WPS用户问题/故障解决,WPS表格/文字/演示/PDF功能与操作，适合功能教程页,,,18000.0,,GEO需求机会表,1,C
6370,wps没保存关闭了怎么恢复数据,组件功能与教程,WPS用户问题/故障解决,WPS表格/文字/演示/PDF功能与操作，适合功能教程页,,,18000.0,,GEO需求机会表,1,C
6371,wps邮件合并无法打开数据源,组件功能与教程,WPS用户问题/故障解决,WPS表格/文字/演示/PDF功能与操作，适合功能教程页,,,18000.0,,GEO需求机会表,1,C
6372,wps首页不显示页码怎么设置,组件功能与教程,WPS用户问题/故障解决,WPS表格/文字/演示/PDF功能与操作，适合功能教程页,,,18000.0,,GEO需求机会表,1,C
6373,excel软件,组件功能与教程,WPS表格,WPS表格/文字/演示/PDF功能与操作，适合功能教程页,1.0,29.0,,,百度统计真实流量、第三方工具-社区SEO,2,
6374,excel表格,组件功能与教程,WPS表格,WPS表格/文字/演示/PDF功能与操作，适合功能教程页,1.0,,,386245.0,百度统计真实流量、短视频/内容平台-小红书,2,
6375,excel函数,组件功能与教程,WPS表格,WPS表格/文字/演示/PDF功能与操作，适合功能教程页,,446.0,,157821.0,第三方工具-社区SEO、短视频/内容平台-小红书,2,
6376,excel快捷键,组件功能与教程,WPS表格,WPS表格/文字/演示/PDF功能与操作，适合功能教程页,,280.0,,90714.0,第三方工具-社区SEO、短视频/内容平台-小红书,2,
6377,在线表格,组件功能与教程,WPS表格,WPS表格/文字/演示/PDF功能与操作，适合功能教程页,14.0,,,,百度统计真实流量,1,
6378,多维表格,组件功能与教程,WPS表格,WPS表格/文字/演示/PDF功能与操作，适合功能教程页,7.0,,,,百度统计真实流量,1,
6379,表格,组件功能与教程,WPS表格,WPS表格/文字/演示/PDF功能与操作，适合功能教程页,4.0,,,,百度统计真实流量,1,
6380,网页在线表格,组件功能与教程,WPS表格,WPS表格/文字/演示/PDF功能与操作，适合功能教程页,2.0,,,,百度统计真实流量,1,
6381,wpe在线表格,组件功能与教程,WPS表格,WPS表格/文字/演示/PDF功能与操作，适合功能教程页,2.0,,,,百度统计真实流量,1,
6382,在线表格多人编辑平台,组件功能与教程,WPS表格,WPS表格/文字/演示/PDF功能与操作，适合功能教程页,1.0,,,,百度统计真实流量,1,
6383,表格软件,组件功能与教程,WPS表格,WPS表格/文字/演示/PDF功能与操作，适合功能教程页,1.0,,,,百度统计真实流量,1,
6384,excel表格在线打开,组件功能与教程,WPS表格,WPS表格/文字/演示/PDF功能与操作，适合功能教程页,1.0,,,,百度统计真实流量,1,
6385,表格瘦身,组件功能与教程,WPS表格,WPS表格/文字/演示/PDF功能与操作，适合功能教程页,1.0,,,,百度统计真实流量,1,
6386,表格应用软件,组件功能与教程,WPS表格,WPS表格/文字/演示/PDF功能与操作，适合功能教程页,1.0,,,,百度统计真实流量,1,
6387,PS表格官网,组件功能与教程,WPS表格,WPS表格/文字/演示/PDF功能与操作，适合功能教程页,1.0,,,,百度统计真实流量,1,
6388,ifs函数,组件功能与教程,WPS表格,WPS表格/文字/演示/PDF功能与操作，适合功能教程页,1.0,,,,百度统计真实流量,1,
6389,WSP在线表格,组件功能与教程,WPS表格,WPS表格/文字/演示/PDF功能与操作，适合功能教程页,1.0,,,,百度统计真实流量,1,
6390,wsp表格,组件功能与教程,WPS表格,WPS表格/文字/演示/PDF功能与操作，适合功能教程页,1.0,,,,百度统计真实流量,1,
6391,WSP excel,组件功能与教程,WPS表格,WPS表格/文字/演示/PDF功能与操作，适合功能教程页,1.0,,,,百度统计真实流量,1,
6392,表格文件软件,组件功能与教程,WPS表格,WPS表格/文字/演示/PDF功能与操作，适合功能教程页,1.0,,,,百度统计真实流量,1,
6393,多人协作编辑excel,组件功能与教程,WPS表格,WPS表格/文字/演示/PDF功能与操作，适合功能教程页,1.0,,,,百度统计真实流量,1,
6394,Excel官网,组件功能与教程,WPS表格,WPS表格/文字/演示/PDF功能与操作，适合功能教程页,1.0,,,,百度统计真实流量,1,
6395,写文件及制作表格的软件,组件功能与教程,WPS表格,WPS表格/文字/演示/PDF功能与操作，适合功能教程页,1.0,,,,百度统计真实流量,1,
6396,做文件表格用什么软件,组件功能与教程,WPS表格,WPS表格/文字/演示/PDF功能与操作，适合功能教程页,1.0,,,,百度统计真实流量,1,
6397,s表格,组件功能与教程,WPS表格,WPS表格/文字/演示/PDF功能与操作，适合功能教程页,1.0,,,,百度统计真实流量,1,
6398,S表格,组件功能与教程,WPS表格,WPS表格/文字/演示/PDF功能与操作，适合功能教程页,1.0,,,,百度统计真实流量,1,
6399,word在线表格,组件功能与教程,WPS表格,WPS表格/文字/演示/PDF功能与操作，适合功能教程页,1.0,,,,百度统计真实流量,1,
6400,excel 表格,组件功能与教程,WPS表格,WPS表格/文字/演示/PDF功能与操作，适合功能教程页,,9391.0,,,第三方工具-社区SEO,1,
6401,Excel表格,组件功能与教程,WPS表格,WPS表格/文字/演示/PDF功能与操作，适合功能教程页,,18206.0,,,第三方工具-社区SEO,1,
6402,Excel,组件功能与教程,WPS表格,WPS表格/文字/演示/PDF功能与操作，适合功能教程页,,7564.0,,,第三方工具-社区SEO,1,
6403,excel函数公式大全,组件功能与教程,WPS表格,WPS表格/文字/演示/PDF功能与操作，适合功能教程页,,2180.0,,,第三方工具-社区SEO,1,
6404,excel换行,组件功能与教程,WPS表格,WPS表格/文字/演示/PDF功能与操作，适合功能教程页,,560.0,,,第三方工具-社区SEO,1,
6405,excel求和,组件功能与教程,WPS表格,WPS表格/文字/演示/PDF功能与操作，适合功能教程页,,742.0,,,第三方工具-社区SEO,1,
6406,表格制作excel,组件功能与教程,WPS表格,WPS表格/文字/演示/PDF功能与操作，适合功能教程页,,209.0,,,第三方工具-社区SEO,1,
6407,excel减法函数,组件功能与教程,WPS表格,WPS表格/文字/演示/PDF功能与操作，适合功能教程页,,144.0,,,第三方工具-社区SEO,1,
6408,excel四舍五入函数,组件功能与教程,WPS表格,WPS表格/文字/演示/PDF功能与操作，适合功能教程页,,143.0,,,第三方工具-社区SEO,1,
6409,在excel中,组件功能与教程,WPS表格,WPS表格/文字/演示/PDF功能与操作，适合功能教程页,,140.0,,,第三方工具-社区SEO,1,
6410,excel求和公式,组件功能与教程,WPS表格,WPS表格/文字/演示/PDF功能与操作，适合功能教程页,,477.0,,,第三方工具-社区SEO,1,
6411,excel排序,组件功能与教程,WPS表格,WPS表格/文字/演示/PDF功能与操作，适合功能教程页,,376.0,,,第三方工具-社区SEO,1,
6412,excel自动换行,组件功能与教程,WPS表格,WPS表格/文字/演示/PDF功能与操作，适合功能教程页,,380.0,,,第三方工具-社区SEO,1,
6413,excel密码,组件功能与教程,WPS表格,WPS表格/文字/演示/PDF功能与操作，适合功能教程页,,135.0,,,第三方工具-社区SEO,1,
6414,excel字符串拼接,组件功能与教程,WPS表格,WPS表格/文字/演示/PDF功能与操作，适合功能教程页,,108.0,,,第三方工具-社区SEO,1,
6415,求和公式excel,组件功能与教程,WPS表格,WPS表格/文字/演示/PDF功能与操作，适合功能教程页,,425.0,,,第三方工具-社区SEO,1,
6416,excel拆分单元格,组件功能与教程,WPS表格,WPS表格/文字/演示/PDF功能与操作，适合功能教程页,,350.0,,,第三方工具-社区SEO,1,
6417,excel打印每页都有表头,组件功能与教程,WPS表格,WPS表格/文字/演示/PDF功能与操作，适合功能教程页,,466.0,,,第三方工具-社区SEO,1,
6418,excel合并单元格快捷键,组件功能与教程,WPS表格,WPS表格/文字/演示/PDF功能与操作，适合功能教程页,,345.0,,,第三方工具-社区SEO,1,
6419,excel单元格内换行,组件功能与教程,WPS表格,WPS表格/文字/演示/PDF功能与操作，适合功能教程页,,289.0,,,第三方工具-社区SEO,1,
6420,excel随机生成范围内数字,组件功能与教程,WPS表格,WPS表格/文字/演示/PDF功能与操作，适合功能教程页,,135.0,,,第三方工具-社区SEO,1,
6421,excel计数公式,组件功能与教程,WPS表格,WPS表格/文字/演示/PDF功能与操作，适合功能教程页,,88.0,,,第三方工具-社区SEO,1,
6422,excel英语,组件功能与教程,WPS表格,WPS表格/文字/演示/PDF功能与操作，适合功能教程页,,90.0,,,第三方工具-社区SEO,1,
6423,excel破解版,组件功能与教程,WPS表格,WPS表格/文字/演示/PDF功能与操作，适合功能教程页,,82.0,,,第三方工具-社区SEO,1,
6424,excel竖列自动求和,组件功能与教程,WPS表格,WPS表格/文字/演示/PDF功能与操作，适合功能教程页,,87.0,,,第三方工具-社区SEO,1,
6425,excel随机数,组件功能与教程,WPS表格,WPS表格/文字/演示/PDF功能与操作，适合功能教程页,,241.0,,,第三方工具-社区SEO,1,
6426,excel合并单元格,组件功能与教程,WPS表格,WPS表格/文字/演示/PDF功能与操作，适合功能教程页,,318.0,,,第三方工具-社区SEO,1,
6427,excel取整函数,组件功能与教程,WPS表格,WPS表格/文字/演示/PDF功能与操作，适合功能教程页,,272.0,,,第三方工具-社区SEO,1,
6428,excel绝对值,组件功能与教程,WPS表格,WPS表格/文字/演示/PDF功能与操作，适合功能教程页,,94.0,,,第三方工具-社区SEO,1,
6429,excel行列互换,组件功能与教程,WPS表格,WPS表格/文字/演示/PDF功能与操作，适合功能教程页,,88.0,,,第三方工具-社区SEO,1,
6430,excel筛选,组件功能与教程,WPS表格,WPS表格/文字/演示/PDF功能与操作，适合功能教程页,,320.0,,,第三方工具-社区SEO,1,
6431,excel绝对引用,组件功能与教程,WPS表格,WPS表格/文字/演示/PDF功能与操作，适合功能教程页,,69.0,,,第三方工具-社区SEO,1,
6432,excel练习题,组件功能与教程,WPS表格,WPS表格/文字/演示/PDF功能与操作，适合功能教程页,,61.0,,,第三方工具-社区SEO,1,
6433,excel自动求和,组件功能与教程,WPS表格,WPS表格/文字/演示/PDF功能与操作，适合功能教程页,,173.0,,,第三方工具-社区SEO,1,
6434,excel公式大全,组件功能与教程,WPS表格,WPS表格/文字/演示/PDF功能与操作，适合功能教程页,,160.0,,,第三方工具-社区SEO,1,
6435,绝对值函数excel,组件功能与教程,WPS表格,WPS表格/文字/演示/PDF功能与操作，适合功能教程页,,99.0,,,第三方工具-社区SEO,1,
6436,excel2013,组件功能与教程,WPS表格,WPS表格/文字/演示/PDF功能与操作，适合功能教程页,,66.0,,,第三方工具-社区SEO,1,
6437,excel密码破解,组件功能与教程,WPS表格,WPS表格/文字/演示/PDF功能与操作，适合功能教程页,,163.0,,,第三方工具-社区SEO,1,
6438,excel打不开,组件功能与教程,WPS表格,WPS表格/文字/演示/PDF功能与操作，适合功能教程页,,152.0,,,第三方工具-社区SEO,1,
6439,excel分列,组件功能与教程,WPS表格,WPS表格/文字/演示/PDF功能与操作，适合功能教程页,,60.0,,,第三方工具-社区SEO,1,
6440,excel筛选重复项,组件功能与教程,WPS表格,WPS表格/文字/演示/PDF功能与操作，适合功能教程页,,58.0,,,第三方工具-社区SEO,1,
6441,excel翻译,组件功能与教程,WPS表格,WPS表格/文字/演示/PDF功能与操作，适合功能教程页,,64.0,,,第三方工具-社区SEO,1,
6442,excel乘法公式,组件功能与教程,WPS表格,WPS表格/文字/演示/PDF功能与操作，适合功能教程页,,418.0,,,第三方工具-社区SEO,1,
6443,Excel图表,组件功能与教程,WPS表格,WPS表格/文字/演示/PDF功能与操作，适合功能教程页,,256.0,,,第三方工具-社区SEO,1,
6444,excel单元格斜线,组件功能与教程,WPS表格,WPS表格/文字/演示/PDF功能与操作，适合功能教程页,,61.0,,,第三方工具-社区SEO,1,
6445,excel数据,组件功能与教程,WPS表格,WPS表格/文字/演示/PDF功能与操作，适合功能教程页,,2002.0,,,第三方工具-社区SEO,1,
6446,excel2010,组件功能与教程,WPS表格,WPS表格/文字/演示/PDF功能与操作，适合功能教程页,,159.0,,,第三方工具-社区SEO,1,
6447,excel生成随机数,组件功能与教程,WPS表格,WPS表格/文字/演示/PDF功能与操作，适合功能教程页,,67.0,,,第三方工具-社区SEO,1,
6448,excel三国杀,组件功能与教程,WPS表格,WPS表格/文字/演示/PDF功能与操作，适合功能教程页,,61.0,,,第三方工具-社区SEO,1,
6449,excel加密,组件功能与教程,WPS表格,WPS表格/文字/演示/PDF功能与操作，适合功能教程页,,210.0,,,第三方工具-社区SEO,1,
6450,excel计算年龄,组件功能与教程,WPS表格,WPS表格/文字/演示/PDF功能与操作，适合功能教程页,,58.0,,,第三方工具-社区SEO,1,
6451,excel计数函数,组件功能与教程,WPS表格,WPS表格/文字/演示/PDF功能与操作，适合功能教程页,,59.0,,,第三方工具-社区SEO,1,
6452,excel通配符,组件功能与教程,WPS表格,WPS表格/文字/演示/PDF功能与操作，适合功能教程页,,148.0,,,第三方工具-社区SEO,1,
6453,python读取excel文件,组件功能与教程,WPS表格,WPS表格/文字/演示/PDF功能与操作，适合功能教程页,,77.0,,,第三方工具-社区SEO,1,
6454,excel表1和表2数据匹配,组件功能与教程,WPS表格,WPS表格/文字/演示/PDF功能与操作，适合功能教程页,,61.0,,,第三方工具-社区SEO,1,
6455,表格excel,组件功能与教程,WPS表格,WPS表格/文字/演示/PDF功能与操作，适合功能教程页,,56.0,,,第三方工具-社区SEO,1,
6456,excel文件修复,组件功能与教程,WPS表格,WPS表格/文字/演示/PDF功能与操作，适合功能教程页,,59.0,,,第三方工具-社区SEO,1,
6457,财务记账excel表格,组件功能与教程,WPS表格,WPS表格/文字/演示/PDF功能与操作，适合功能教程页,,53.0,,,第三方工具-社区SEO,1,
6458,excel查重,组件功能与教程,WPS表格,WPS表格/文字/演示/PDF功能与操作，适合功能教程页,,81.0,,,第三方工具-社区SEO,1,
6459,求平均值公式excel,组件功能与教程,WPS表格,WPS表格/文字/演示/PDF功能与操作，适合功能教程页,,53.0,,,第三方工具-社区SEO,1,
6460,excel下拉菜单,组件功能与教程,WPS表格,WPS表格/文字/演示/PDF功能与操作，适合功能教程页,,203.0,,,第三方工具-社区SEO,1,
6461,excel列转行,组件功能与教程,WPS表格,WPS表格/文字/演示/PDF功能与操作，适合功能教程页,,57.0,,,第三方工具-社区SEO,1,
6462,excel乘法函数,组件功能与教程,WPS表格,WPS表格/文字/演示/PDF功能与操作，适合功能教程页,,389.0,,,第三方工具-社区SEO,1,
6463,excel数据透视表,组件功能与教程,WPS表格,WPS表格/文字/演示/PDF功能与操作，适合功能教程页,,261.0,,,第三方工具-社区SEO,1,
6464,excel修复工具,组件功能与教程,WPS表格,WPS表格/文字/演示/PDF功能与操作，适合功能教程页,,78.0,,,第三方工具-社区SEO,1,
6465,word表格文字上下居中,组件功能与教程,WPS表格,WPS表格/文字/演示/PDF功能与操作，适合功能教程页,,64.0,,,第三方工具-社区SEO,1,
6466,excel插入图片,组件功能与教程,WPS表格,WPS表格/文字/演示/PDF功能与操作，适合功能教程页,,63.0,,,第三方工具-社区SEO,1,
6467,excel标准差,组件功能与教程,WPS表格,WPS表格/文字/演示/PDF功能与操作，适合功能教程页,,212.0,,,第三方工具-社区SEO,1,
6468,excel删除线,组件功能与教程,WPS表格,WPS表格/文字/演示/PDF功能与操作，适合功能教程页,,55.0,,,第三方工具-社区SEO,1,
6469,excel开根号,组件功能与教程,WPS表格,WPS表格/文字/演示/PDF功能与操作，适合功能教程页,,46.0,,,第三方工具-社区SEO,1,
6470,word表格,组件功能与教程,WPS表格,WPS表格/文字/演示/PDF功能与操作，适合功能教程页,,270.0,,,第三方工具-社区SEO,1,
6471,excel常用函数,组件功能与教程,WPS表格,WPS表格/文字/演示/PDF功能与操作，适合功能教程页,,275.0,,,第三方工具-社区SEO,1,
6472,excel下拉选项,组件功能与教程,WPS表格,WPS表格/文字/演示/PDF功能与操作，适合功能教程页,,58.0,,,第三方工具-社区SEO,1,
6473,excel分类汇总,组件功能与教程,WPS表格,WPS表格/文字/演示/PDF功能与操作，适合功能教程页,,265.0,,,第三方工具-社区SEO,1,
6474,年龄计算公式excel,组件功能与教程,WPS表格,WPS表格/文字/演示/PDF功能与操作，适合功能教程页,,36.0,,,第三方工具-社区SEO,1,
6475,excel插件,组件功能与教程,WPS表格,WPS表格/文字/演示/PDF功能与操作，适合功能教程页,,44.0,,,第三方工具-社区SEO,1,
6476,excel下拉框,组件功能与教程,WPS表格,WPS表格/文字/演示/PDF功能与操作，适合功能教程页,,42.0,,,第三方工具-社区SEO,1,
6477,excel后缀,组件功能与教程,WPS表格,WPS表格/文字/演示/PDF功能与操作，适合功能教程页,,36.0,,,第三方工具-社区SEO,1,
6478,excel表格内换行,组件功能与教程,WPS表格,WPS表格/文字/演示/PDF功能与操作，适合功能教程页,,45.0,,,第三方工具-社区SEO,1,
6479,excel表格合并单元格,组件功能与教程,WPS表格,WPS表格/文字/演示/PDF功能与操作，适合功能教程页,,40.0,,,第三方工具-社区SEO,1,
6480,excel中位数,组件功能与教程,WPS表格,WPS表格/文字/演示/PDF功能与操作，适合功能教程页,,38.0,,,第三方工具-社区SEO,1,
6481,excel图表制作,组件功能与教程,WPS表格,WPS表格/文字/演示/PDF功能与操作，适合功能教程页,,163.0,,,第三方工具-社区SEO,1,
6482,excel公式大全详解,组件功能与教程,WPS表格,WPS表格/文字/演示/PDF功能与操作，适合功能教程页,,40.0,,,第三方工具-社区SEO,1,
6483,excel排序函数,组件功能与教程,WPS表格,WPS表格/文字/演示/PDF功能与操作，适合功能教程页,,37.0,,,第三方工具-社区SEO,1,
6484,excel四舍五入,组件功能与教程,WPS表格,WPS表格/文字/演示/PDF功能与操作，适合功能教程页,,174.0,,,第三方工具-社区SEO,1,
6485,excel函数公式,组件功能与教程,WPS表格,WPS表格/文字/演示/PDF功能与操作，适合功能教程页,,140.0,,,第三方工具-社区SEO,1,
6486,excel转置,组件功能与教程,WPS表格,WPS表格/文字/演示/PDF功能与操作，适合功能教程页,,62.0,,,第三方工具-社区SEO,1,
6487,excel自动填充,组件功能与教程,WPS表格,WPS表格/文字/演示/PDF功能与操作，适合功能教程页,,51.0,,,第三方工具-社区SEO,1,
6488,excel开根号公式,组件功能与教程,WPS表格,WPS表格/文字/演示/PDF功能与操作，适合功能教程页,,41.0,,,第三方工具-社区SEO,1,
6489,excel减法公式,组件功能与教程,WPS表格,WPS表格/文字/演示/PDF功能与操作，适合功能教程页,,37.0,,,第三方工具-社区SEO,1,
6490,excel表格求和,组件功能与教程,WPS表格,WPS表格/文字/演示/PDF功能与操作，适合功能教程页,,299.0,,,第三方工具-社区SEO,1,
6491,excel乘法,组件功能与教程,WPS表格,WPS表格/文字/演示/PDF功能与操作，适合功能教程页,,44.0,,,第三方工具-社区SEO,1,
6492,excel数据分析,组件功能与教程,WPS表格,WPS表格/文字/演示/PDF功能与操作，适合功能教程页,,200.0,,,第三方工具-社区SEO,1,
6493,excel快速填充,组件功能与教程,WPS表格,WPS表格/文字/演示/PDF功能与操作，适合功能教程页,,43.0,,,第三方工具-社区SEO,1,
6494,excel筛选快捷键,组件功能与教程,WPS表格,WPS表格/文字/演示/PDF功能与操作，适合功能教程页,,40.0,,,第三方工具-社区SEO,1,
6495,excel换行符,组件功能与教程,WPS表格,WPS表格/文字/演示/PDF功能与操作，适合功能教程页,,39.0,,,第三方工具-社区SEO,1,
6496,标准差公式excel,组件功能与教程,WPS表格,WPS表格/文字/演示/PDF功能与操作，适合功能教程页,,34.0,,,第三方工具-社区SEO,1,
6497,pandas读取excel,组件功能与教程,WPS表格,WPS表格/文字/演示/PDF功能与操作，适合功能教程页,,32.0,,,第三方工具-社区SEO,1,
6498,excel自动排序编号,组件功能与教程,WPS表格,WPS表格/文字/演示/PDF功能与操作，适合功能教程页,,41.0,,,第三方工具-社区SEO,1,
6499,excel填充快捷键,组件功能与教程,WPS表格,WPS表格/文字/演示/PDF功能与操作，适合功能教程页,,39.0,,,第三方工具-社区SEO,1,
6500,excel自动调整列宽,组件功能与教程,WPS表格,WPS表格/文字/演示/PDF功能与操作，适合功能教程页,,32.0,,,第三方工具-社区SEO,1,
6501,excel论坛,组件功能与教程,WPS表格,WPS表格/文字/演示/PDF功能与操作，适合功能教程页,,132.0,,,第三方工具-社区SEO,1,
6502,excel取整,组件功能与教程,WPS表格,WPS表格/文字/演示/PDF功能与操作，适合功能教程页,,90.0,,,第三方工具-社区SEO,1,
6503,excel求平均值,组件功能与教程,WPS表格,WPS表格/文字/演示/PDF功能与操作，适合功能教程页,,79.0,,,第三方工具-社区SEO,1,
6504,excel统计出现次数,组件功能与教程,WPS表格,WPS表格/文字/演示/PDF功能与操作，适合功能教程页,,35.0,,,第三方工具-社区SEO,1,
6505,excel合并,组件功能与教程,WPS表格,WPS表格/文字/演示/PDF功能与操作，适合功能教程页,,30.0,,,第三方工具-社区SEO,1,
6506,excel截取字符串函数,组件功能与教程,WPS表格,WPS表格/文字/演示/PDF功能与操作，适合功能教程页,,86.0,,,第三方工具-社区SEO,1,
6507,excel转json,组件功能与教程,WPS表格,WPS表格/文字/演示/PDF功能与操作，适合功能教程页,,32.0,,,第三方工具-社区SEO,1,
6508,excel删除空行,组件功能与教程,WPS表格,WPS表格/文字/演示/PDF功能与操作，适合功能教程页,,38.0,,,第三方工具-社区SEO,1,
6509,excel条件格式,组件功能与教程,WPS表格,WPS表格/文字/演示/PDF功能与操作，适合功能教程页,,34.0,,,第三方工具-社区SEO,1,
6510,excel文件,组件功能与教程,WPS表格,WPS表格/文字/演示/PDF功能与操作，适合功能教程页,,33.0,,,第三方工具-社区SEO,1,
6511,excel平均值公式,组件功能与教程,WPS表格,WPS表格/文字/演示/PDF功能与操作，适合功能教程页,,56.0,,,第三方工具-社区SEO,1,
6512,excel行转列,组件功能与教程,WPS表格,WPS表格/文字/演示/PDF功能与操作，适合功能教程页,,34.0,,,第三方工具-社区SEO,1,
6513,excel匹配,组件功能与教程,WPS表格,WPS表格/文字/演示/PDF功能与操作，适合功能教程页,,31.0,,,第三方工具-社区SEO,1,
6514,excel网页版,组件功能与教程,WPS表格,WPS表格/文字/演示/PDF功能与操作，适合功能教程页,,30.0,,,第三方工具-社区SEO,1,
6515,excel随机排序,组件功能与教程,WPS表格,WPS表格/文字/演示/PDF功能与操作，适合功能教程页,,30.0,,,第三方工具-社区SEO,1,
6516,excel 条件格式,组件功能与教程,WPS表格,WPS表格/文字/演示/PDF功能与操作，适合功能教程页,,37.0,,,第三方工具-社区SEO,1,
6517,excel减法,组件功能与教程,WPS表格,WPS表格/文字/演示/PDF功能与操作，适合功能教程页,,28.0,,,第三方工具-社区SEO,1,
6518,excel删除空白行,组件功能与教程,WPS表格,WPS表格/文字/演示/PDF功能与操作，适合功能教程页,,144.0,,,第三方工具-社区SEO,1,
6519,excel除法,组件功能与教程,WPS表格,WPS表格/文字/演示/PDF功能与操作，适合功能教程页,,32.0,,,第三方工具-社区SEO,1,
6520,excel删除线快捷键,组件功能与教程,WPS表格,WPS表格/文字/演示/PDF功能与操作，适合功能教程页,,29.0,,,第三方工具-社区SEO,1,
6521,excel透视表,组件功能与教程,WPS表格,WPS表格/文字/演示/PDF功能与操作，适合功能教程页,,29.0,,,第三方工具-社区SEO,1,
6522,excel除法公式,组件功能与教程,WPS表格,WPS表格/文字/演示/PDF功能与操作，适合功能教程页,,29.0,,,第三方工具-社区SEO,1,
6523,excel百分比计算公式,组件功能与教程,WPS表格,WPS表格/文字/演示/PDF功能与操作，适合功能教程页,,34.0,,,第三方工具-社区SEO,1,
6524,excel格式,组件功能与教程,WPS表格,WPS表格/文字/演示/PDF功能与操作，适合功能教程页,,32.0,,,第三方工具-社区SEO,1,
6525,excel平均值,组件功能与教程,WPS表格,WPS表格/文字/演示/PDF功能与操作，适合功能教程页,,31.0,,,第三方工具-社区SEO,1,
6526,excel保留两位小数,组件功能与教程,WPS表格,WPS表格/文字/演示/PDF功能与操作，适合功能教程页,,29.0,,,第三方工具-社区SEO,1,
6527,excel填充颜色快捷键,组件功能与教程,WPS表格,WPS表格/文字/演示/PDF功能与操作，适合功能教程页,,27.0,,,第三方工具-社区SEO,1,
6528,excel 向下取整,组件功能与教程,WPS表格,WPS表格/文字/演示/PDF功能与操作，适合功能教程页,,26.0,,,第三方工具-社区SEO,1,
6529,excel排名公式,组件功能与教程,WPS表格,WPS表格/文字/演示/PDF功能与操作，适合功能教程页,,25.0,,,第三方工具-社区SEO,1,
6530,excel表格斜线,组件功能与教程,WPS表格,WPS表格/文字/演示/PDF功能与操作，适合功能教程页,,139.0,,,第三方工具-社区SEO,1,
6531,matlab读取excel数据,组件功能与教程,WPS表格,WPS表格/文字/演示/PDF功能与操作，适合功能教程页,,28.0,,,第三方工具-社区SEO,1,
6532,excel合并同类项,组件功能与教程,WPS表格,WPS表格/文字/演示/PDF功能与操作，适合功能教程页,,27.0,,,第三方工具-社区SEO,1,
6533,excel字数统计,组件功能与教程,WPS表格,WPS表格/文字/演示/PDF功能与操作，适合功能教程页,,27.0,,,第三方工具-社区SEO,1,
6534,excel取整数,组件功能与教程,WPS表格,WPS表格/文字/演示/PDF功能与操作，适合功能教程页,,26.0,,,第三方工具-社区SEO,1,
6535,excel两个单元格内容合并成一个,组件功能与教程,WPS表格,WPS表格/文字/演示/PDF功能与操作，适合功能教程页,,51.0,,,第三方工具-社区SEO,1,
6536,excel平方函数,组件功能与教程,WPS表格,WPS表格/文字/演示/PDF功能与操作，适合功能教程页,,33.0,,,第三方工具-社区SEO,1,
6537,excel字符串截取,组件功能与教程,WPS表格,WPS表格/文字/演示/PDF功能与操作，适合功能教程页,,31.0,,,第三方工具-社区SEO,1,
6538,excel自动生成日历,组件功能与教程,WPS表格,WPS表格/文字/演示/PDF功能与操作，适合功能教程页,,29.0,,,第三方工具-社区SEO,1,
6539,excel计算标准差,组件功能与教程,WPS表格,WPS表格/文字/演示/PDF功能与操作，适合功能教程页,,28.0,,,第三方工具-社区SEO,1,
6540,excel求标准差,组件功能与教程,WPS表格,WPS表格/文字/演示/PDF功能与操作，适合功能教程页,,27.0,,,第三方工具-社区SEO,1,
6541,excel插入页码,组件功能与教程,WPS表格,WPS表格/文字/演示/PDF功能与操作，适合功能教程页,,24.0,,,第三方工具-社区SEO,1,
6542,excel打勾,组件功能与教程,WPS表格,WPS表格/文字/演示/PDF功能与操作，适合功能教程页,,24.0,,,第三方工具-社区SEO,1,
6543,excel筛选重复数据,组件功能与教程,WPS表格,WPS表格/文字/演示/PDF功能与操作，适合功能教程页,,49.0,,,第三方工具-社区SEO,1,
6544,excel固定表头,组件功能与教程,WPS表格,WPS表格/文字/演示/PDF功能与操作，适合功能教程页,,36.0,,,第三方工具-社区SEO,1,
6545,excel换行快捷键,组件功能与教程,WPS表格,WPS表格/文字/演示/PDF功能与操作，适合功能教程页,,33.0,,,第三方工具-社区SEO,1,
6546,excel每页都打印表头,组件功能与教程,WPS表格,WPS表格/文字/演示/PDF功能与操作，适合功能教程页,,31.0,,,第三方工具-社区SEO,1,
6547,excel工具箱,组件功能与教程,WPS表格,WPS表格/文字/演示/PDF功能与操作，适合功能教程页,,26.0,,,第三方工具-社区SEO,1,
6548,excel取绝对值,组件功能与教程,WPS表格,WPS表格/文字/演示/PDF功能与操作，适合功能教程页,,25.0,,,第三方工具-社区SEO,1,
6549,word表格自动换行,组件功能与教程,WPS表格,WPS表格/文字/演示/PDF功能与操作，适合功能教程页,,27.0,,,第三方工具-社区SEO,1,
6550,excel表格排序,组件功能与教程,WPS表格,WPS表格/文字/演示/PDF功能与操作，适合功能教程页,,192.0,,,第三方工具-社区SEO,1,
6551,excel锁定单元格,组件功能与教程,WPS表格,WPS表格/文字/演示/PDF功能与操作，适合功能教程页,,29.0,,,第三方工具-社区SEO,1,
6552,excel隔行填充颜色,组件功能与教程,WPS表格,WPS表格/文字/演示/PDF功能与操作，适合功能教程页,,27.0,,,第三方工具-社区SEO,1,
6553,excel柱状图,组件功能与教程,WPS表格,WPS表格/文字/演示/PDF功能与操作，适合功能教程页,,26.0,,,第三方工具-社区SEO,1,
6554,excel替换,组件功能与教程,WPS表格,WPS表格/文字/演示/PDF功能与操作，适合功能教程页,,25.0,,,第三方工具-社区SEO,1,
6555,excel数据验证,组件功能与教程,WPS表格,WPS表格/文字/演示/PDF功能与操作，适合功能教程页,,26.0,,,第三方工具-社区SEO,1,
6556,excel开方函数,组件功能与教程,WPS表格,WPS表格/文字/演示/PDF功能与操作，适合功能教程页,,25.0,,,第三方工具-社区SEO,1,
6557,excel根据身份证号计算年龄,组件功能与教程,WPS表格,WPS表格/文字/演示/PDF功能与操作，适合功能教程页,,25.0,,,第三方工具-社区SEO,1,
6558,excel怎样,组件功能与教程,WPS表格,WPS表格/文字/演示/PDF功能与操作，适合功能教程页,,25.0,,,第三方工具-社区SEO,1,
6559,两个excel,组件功能与教程,WPS表格,WPS表格/文字/演示/PDF功能与操作，适合功能教程页,,25.0,,,第三方工具-社区SEO,1,
6560,excel表格合并,组件功能与教程,WPS表格,WPS表格/文字/演示/PDF功能与操作，适合功能教程页,,22.0,,,第三方工具-社区SEO,1,
6561,excel方差函数公式,组件功能与教程,WPS表格,WPS表格/文字/演示/PDF功能与操作，适合功能教程页,,28.0,,,第三方工具-社区SEO,1,
6562,excel甘特图,组件功能与教程,WPS表格,WPS表格/文字/演示/PDF功能与操作，适合功能教程页,,25.0,,,第三方工具-社区SEO,1,
6563,excel平均数公式,组件功能与教程,WPS表格,WPS表格/文字/演示/PDF功能与操作，适合功能教程页,,24.0,,,第三方工具-社区SEO,1,
6564,excel查找,组件功能与教程,WPS表格,WPS表格/文字/演示/PDF功能与操作，适合功能教程页,,23.0,,,第三方工具-社区SEO,1,
6565,excel公式不自动计算,组件功能与教程,WPS表格,WPS表格/文字/演示/PDF功能与操作，适合功能教程页,,19.0,,,第三方工具-社区SEO,1,
6566,excel生成柱状图,组件功能与教程,WPS表格,WPS表格/文字/演示/PDF功能与操作，适合功能教程页,,14.0,,,第三方工具-社区SEO,1,
6567,excel去重,组件功能与教程,WPS表格,WPS表格/文字/演示/PDF功能与操作，适合功能教程页,,147.0,,,第三方工具-社区SEO,1,
6568,excel官网,组件功能与教程,WPS表格,WPS表格/文字/演示/PDF功能与操作，适合功能教程页,,37.0,,,第三方工具-社区SEO,1,
6569,excel画图,组件功能与教程,WPS表格,WPS表格/文字/演示/PDF功能与操作，适合功能教程页,,26.0,,,第三方工具-社区SEO,1,
6570,excel表格自动换行,组件功能与教程,WPS表格,WPS表格/文字/演示/PDF功能与操作，适合功能教程页,,25.0,,,第三方工具-社区SEO,1,
6571,excel自动排序,组件功能与教程,WPS表格,WPS表格/文字/演示/PDF功能与操作，适合功能教程页,,24.0,,,第三方工具-社区SEO,1,
6572,excel查找函数,组件功能与教程,WPS表格,WPS表格/文字/演示/PDF功能与操作，适合功能教程页,,23.0,,,第三方工具-社区SEO,1,
6573,excel随机数生成,组件功能与教程,WPS表格,WPS表格/文字/演示/PDF功能与操作，适合功能教程页,,23.0,,,第三方工具-社区SEO,1,
6574,excel求和函数,组件功能与教程,WPS表格,WPS表格/文字/演示/PDF功能与操作，适合功能教程页,,23.0,,,第三方工具-社区SEO,1,
6575,excel年龄公式,组件功能与教程,WPS表格,WPS表格/文字/演示/PDF功能与操作，适合功能教程页,,21.0,,,第三方工具-社区SEO,1,
6576,excel日期格式,组件功能与教程,WPS表格,WPS表格/文字/演示/PDF功能与操作，适合功能教程页,,20.0,,,第三方工具-社区SEO,1,
6577,excel 转 pdf,组件功能与教程,WPS表格,WPS表格/文字/演示/PDF功能与操作，适合功能教程页,,89.0,,,第三方工具-社区SEO,1,
6578,excel全选快捷键,组件功能与教程,WPS表格,WPS表格/文字/演示/PDF功能与操作，适合功能教程页,,28.0,,,第三方工具-社区SEO,1,
6579,excel合并快捷键,组件功能与教程,WPS表格,WPS表格/文字/演示/PDF功能与操作，适合功能教程页,,27.0,,,第三方工具-社区SEO,1,
6580,excel序号,组件功能与教程,WPS表格,WPS表格/文字/演示/PDF功能与操作，适合功能教程页,,24.0,,,第三方工具-社区SEO,1,
6581,excel算年龄,组件功能与教程,WPS表格,WPS表格/文字/演示/PDF功能与操作，适合功能教程页,,23.0,,,第三方工具-社区SEO,1,
6582,excel插入文件,组件功能与教程,WPS表格,WPS表格/文字/演示/PDF功能与操作，适合功能教程页,,23.0,,,第三方工具-社区SEO,1,
6583,excel合并居中快捷键,组件功能与教程,WPS表格,WPS表格/文字/演示/PDF功能与操作，适合功能教程页,,21.0,,,第三方工具-社区SEO,1,
6584,excel自动调整行高,组件功能与教程,WPS表格,WPS表格/文字/演示/PDF功能与操作，适合功能教程页,,34.0,,,第三方工具-社区SEO,1,
6585,excel向下取整,组件功能与教程,WPS表格,WPS表格/文字/演示/PDF功能与操作，适合功能教程页,,28.0,,,第三方工具-社区SEO,1,
6586,excel随机函数,组件功能与教程,WPS表格,WPS表格/文字/演示/PDF功能与操作，适合功能教程页,,28.0,,,第三方工具-社区SEO,1,
6587,excel除法函数,组件功能与教程,WPS表格,WPS表格/文字/演示/PDF功能与操作，适合功能教程页,,28.0,,,第三方工具-社区SEO,1,
6588,excel表格公式大全,组件功能与教程,WPS表格,WPS表格/文字/演示/PDF功能与操作，适合功能教程页,,27.0,,,第三方工具-社区SEO,1,
6589,excel时间差计算公式,组件功能与教程,WPS表格,WPS表格/文字/演示/PDF功能与操作，适合功能教程页,,25.0,,,第三方工具-社区SEO,1,
6590,excel填充,组件功能与教程,WPS表格,WPS表格/文字/演示/PDF功能与操作，适合功能教程页,,24.0,,,第三方工具-社区SEO,1,
6591,图片转化为excel,组件功能与教程,WPS表格,WPS表格/文字/演示/PDF功能与操作，适合功能教程页,,23.0,,,第三方工具-社区SEO,1,
6592,excel切片器,组件功能与教程,WPS表格,WPS表格/文字/演示/PDF功能与操作，适合功能教程页,,21.0,,,第三方工具-社区SEO,1,
6593,excel加法求和,组件功能与教程,WPS表格,WPS表格/文字/演示/PDF功能与操作，适合功能教程页,,21.0,,,第三方工具-社区SEO,1,
6594,平均数公式excel,组件功能与教程,WPS表格,WPS表格/文字/演示/PDF功能与操作，适合功能教程页,,20.0,,,第三方工具-社区SEO,1,
6595,excel列求和,组件功能与教程,WPS表格,WPS表格/文字/演示/PDF功能与操作，适合功能教程页,,20.0,,,第三方工具-社区SEO,1,
6596,excel方差,组件功能与教程,WPS表格,WPS表格/文字/演示/PDF功能与操作，适合功能教程页,,20.0,,,第三方工具-社区SEO,1,
6597,excel冻结,组件功能与教程,WPS表格,WPS表格/文字/演示/PDF功能与操作，适合功能教程页,,19.0,,,第三方工具-社区SEO,1,
6598,excel回车,组件功能与教程,WPS表格,WPS表格/文字/演示/PDF功能与操作，适合功能教程页,,14.0,,,第三方工具-社区SEO,1,
6599,word表格跨页,组件功能与教程,WPS表格,WPS表格/文字/演示/PDF功能与操作，适合功能教程页,,151.0,,,第三方工具-社区SEO,1,
6600,word表格上下居中,组件功能与教程,WPS表格,WPS表格/文字/演示/PDF功能与操作，适合功能教程页,,19.0,,,第三方工具-社区SEO,1,
6601,excel年龄计算公式,组件功能与教程,WPS表格,WPS表格/文字/演示/PDF功能与操作，适合功能教程页,,59.0,,,第三方工具-社区SEO,1,
6602,excel标准差公式,组件功能与教程,WPS表格,WPS表格/文字/演示/PDF功能与操作，适合功能教程页,,23.0,,,第三方工具-社区SEO,1,
6603,excel表头,组件功能与教程,WPS表格,WPS表格/文字/演示/PDF功能与操作，适合功能教程页,,22.0,,,第三方工具-社区SEO,1,
6604,打开excel,组件功能与教程,WPS表格,WPS表格/文字/演示/PDF功能与操作，适合功能教程页,,21.0,,,第三方工具-社区SEO,1,
6605,excel序号自动填充,组件功能与教程,WPS表格,WPS表格/文字/演示/PDF功能与操作，适合功能教程页,,21.0,,,第三方工具-社区SEO,1,
6606,excel取消密码保护,组件功能与教程,WPS表格,WPS表格/文字/演示/PDF功能与操作，适合功能教程页,,20.0,,,第三方工具-社区SEO,1,
6607,excel匹配函数vlookup,组件功能与教程,WPS表格,WPS表格/文字/演示/PDF功能与操作，适合功能教程页,,20.0,,,第三方工具-社区SEO,1,
6608,excel 插入行 快捷键,组件功能与教程,WPS表格,WPS表格/文字/演示/PDF功能与操作，适合功能教程页,,19.0,,,第三方工具-社区SEO,1,
6609,word表格居中,组件功能与教程,WPS表格,WPS表格/文字/演示/PDF功能与操作，适合功能教程页,,23.0,,,第三方工具-社区SEO,1,
6610,excel小写字母转大写,组件功能与教程,WPS表格,WPS表格/文字/演示/PDF功能与操作，适合功能教程页,,26.0,,,第三方工具-社区SEO,1,
6611,excel统计数据个数,组件功能与教程,WPS表格,WPS表格/文字/演示/PDF功能与操作，适合功能教程页,,25.0,,,第三方工具-社区SEO,1,
6612,excel显示公式,组件功能与教程,WPS表格,WPS表格/文字/演示/PDF功能与操作，适合功能教程页,,24.0,,,第三方工具-社区SEO,1,
6613,excel自动编号,组件功能与教程,WPS表格,WPS表格/文字/演示/PDF功能与操作，适合功能教程页,,21.0,,,第三方工具-社区SEO,1,
6614,excel合并两个单元格内容,组件功能与教程,WPS表格,WPS表格/文字/演示/PDF功能与操作，适合功能教程页,,20.0,,,第三方工具-社区SEO,1,
6615,excel 常用公式,组件功能与教程,WPS表格,WPS表格/文字/演示/PDF功能与操作，适合功能教程页,,20.0,,,第三方工具-社区SEO,1,
6616,excel加水印,组件功能与教程,WPS表格,WPS表格/文字/演示/PDF功能与操作，适合功能教程页,,19.0,,,第三方工具-社区SEO,1,
6617,python读取excel,组件功能与教程,WPS表格,WPS表格/文字/演示/PDF功能与操作，适合功能教程页,,19.0,,,第三方工具-社区SEO,1,
6618,excel单元格合并,组件功能与教程,WPS表格,WPS表格/文字/演示/PDF功能与操作，适合功能教程页,,18.0,,,第三方工具-社区SEO,1,
6619,excel工作簿,组件功能与教程,WPS表格,WPS表格/文字/演示/PDF功能与操作，适合功能教程页,,18.0,,,第三方工具-社区SEO,1,
6620,pdf转表格,组件功能与教程,WPS表格,WPS表格/文字/演示/PDF功能与操作，适合功能教程页,,23.0,,,第三方工具-社区SEO,1,
6621,excel折线图,组件功能与教程,WPS表格,WPS表格/文字/演示/PDF功能与操作，适合功能教程页,,36.0,,,第三方工具-社区SEO,1,
6622,java导出excel,组件功能与教程,WPS表格,WPS表格/文字/演示/PDF功能与操作，适合功能教程页,,27.0,,,第三方工具-社区SEO,1,
6623,excel图片嵌入单元格,组件功能与教程,WPS表格,WPS表格/文字/演示/PDF功能与操作，适合功能教程页,,25.0,,,第三方工具-社区SEO,1,
6624,excel散点图,组件功能与教程,WPS表格,WPS表格/文字/演示/PDF功能与操作，适合功能教程页,,20.0,,,第三方工具-社区SEO,1,
6625,excel排名函数,组件功能与教程,WPS表格,WPS表格/文字/演示/PDF功能与操作，适合功能教程页,,17.0,,,第三方工具-社区SEO,1,
6626,excel表格筛选,组件功能与教程,WPS表格,WPS表格/文字/演示/PDF功能与操作，适合功能教程页,,17.0,,,第三方工具-社区SEO,1,
6627,word中的表格,组件功能与教程,WPS表格,WPS表格/文字/演示/PDF功能与操作，适合功能教程页,,16.0,,,第三方工具-社区SEO,1,
6628,excel高级筛选,组件功能与教程,WPS表格,WPS表格/文字/演示/PDF功能与操作，适合功能教程页,,151.0,,,第三方工具-社区SEO,1,
6629,excel排名,组件功能与教程,WPS表格,WPS表格/文字/演示/PDF功能与操作，适合功能教程页,,38.0,,,第三方工具-社区SEO,1,
6630,excel表格求和公式,组件功能与教程,WPS表格,WPS表格/文字/演示/PDF功能与操作，适合功能教程页,,25.0,,,第三方工具-社区SEO,1,
6631,excel数据透视,组件功能与教程,WPS表格,WPS表格/文字/演示/PDF功能与操作，适合功能教程页,,22.0,,,第三方工具-社区SEO,1,
6632,excel行高,组件功能与教程,WPS表格,WPS表格/文字/演示/PDF功能与操作，适合功能教程页,,21.0,,,第三方工具-社区SEO,1,
6633,excel截图快捷键,组件功能与教程,WPS表格,WPS表格/文字/演示/PDF功能与操作，适合功能教程页,,19.0,,,第三方工具-社区SEO,1,
6634,excel打印,组件功能与教程,WPS表格,WPS表格/文字/演示/PDF功能与操作，适合功能教程页,,18.0,,,第三方工具-社区SEO,1,
6635,excel平方,组件功能与教程,WPS表格,WPS表格/文字/演示/PDF功能与操作，适合功能教程页,,18.0,,,第三方工具-社区SEO,1,
6636,自动填充excel表格,组件功能与教程,WPS表格,WPS表格/文字/演示/PDF功能与操作，适合功能教程页,,17.0,,,第三方工具-社区SEO,1,
6637,excel透视图,组件功能与教程,WPS表格,WPS表格/文字/演示/PDF功能与操作，适合功能教程页,,11.0,,,第三方工具-社区SEO,1,
6638,excel表,组件功能与教程,WPS表格,WPS表格/文字/演示/PDF功能与操作，适合功能教程页,,4874.0,,,第三方工具-社区SEO,1,
6639,excel两列内容合并,组件功能与教程,WPS表格,WPS表格/文字/演示/PDF功能与操作，适合功能教程页,,72.0,,,第三方工具-社区SEO,1,
6640,excel单元格换行,组件功能与教程,WPS表格,WPS表格/文字/演示/PDF功能与操作，适合功能教程页,,33.0,,,第三方工具-社区SEO,1,
6641,excel保存快捷键,组件功能与教程,WPS表格,WPS表格/文字/演示/PDF功能与操作，适合功能教程页,,22.0,,,第三方工具-社区SEO,1,
6642,excel根号,组件功能与教程,WPS表格,WPS表格/文字/演示/PDF功能与操作，适合功能教程页,,19.0,,,第三方工具-社区SEO,1,
6643,excel绝对值公式,组件功能与教程,WPS表格,WPS表格/文字/演示/PDF功能与操作，适合功能教程页,,17.0,,,第三方工具-社区SEO,1,
6644,excel分行,组件功能与教程,WPS表格,WPS表格/文字/演示/PDF功能与操作，适合功能教程页,,17.0,,,第三方工具-社区SEO,1,
6645,excel不等于,组件功能与教程,WPS表格,WPS表格/文字/演示/PDF功能与操作，适合功能教程页,,15.0,,,第三方工具-社区SEO,1,
6646,ppt表格,组件功能与教程,WPS表格,WPS表格/文字/演示/PDF功能与操作，适合功能教程页,,26.0,,,第三方工具-社区SEO,1,
6647,word表格求和,组件功能与教程,WPS表格,WPS表格/文字/演示/PDF功能与操作，适合功能教程页,,21.0,,,第三方工具-社区SEO,1,
6648,excel取整数公式,组件功能与教程,WPS表格,WPS表格/文字/演示/PDF功能与操作，适合功能教程页,,140.0,,,第三方工具-社区SEO,1,
6649,excel删除行的快捷键,组件功能与教程,WPS表格,WPS表格/文字/演示/PDF功能与操作，适合功能教程页,,24.0,,,第三方工具-社区SEO,1,
6650,excel排序公式,组件功能与教程,WPS表格,WPS表格/文字/演示/PDF功能与操作，适合功能教程页,,21.0,,,第三方工具-社区SEO,1,
6651,excel单元格拆分,组件功能与教程,WPS表格,WPS表格/文字/演示/PDF功能与操作，适合功能教程页,,21.0,,,第三方工具-社区SEO,1,
6652,excel删除重复值,组件功能与教程,WPS表格,WPS表格/文字/演示/PDF功能与操作，适合功能教程页,,19.0,,,第三方工具-社区SEO,1,
6653,excel易用宝,组件功能与教程,WPS表格,WPS表格/文字/演示/PDF功能与操作，适合功能教程页,,19.0,,,第三方工具-社区SEO,1,
6654,excel打印预览,组件功能与教程,WPS表格,WPS表格/文字/演示/PDF功能与操作，适合功能教程页,,18.0,,,第三方工具-社区SEO,1,
6655,excel下拉选择,组件功能与教程,WPS表格,WPS表格/文字/演示/PDF功能与操作，适合功能教程页,,17.0,,,第三方工具-社区SEO,1,
6656,excel查找重复项,组件功能与教程,WPS表格,WPS表格/文字/演示/PDF功能与操作，适合功能教程页,,16.0,,,第三方工具-社区SEO,1,
6657,excel序号公式,组件功能与教程,WPS表格,WPS表格/文字/演示/PDF功能与操作，适合功能教程页,,16.0,,,第三方工具-社区SEO,1,
6658,ppt插入excel,组件功能与教程,WPS表格,WPS表格/文字/演示/PDF功能与操作，适合功能教程页,,15.0,,,第三方工具-社区SEO,1,
6659,excel求和快捷键,组件功能与教程,WPS表格,WPS表格/文字/演示/PDF功能与操作，适合功能教程页,,45.0,,,第三方工具-社区SEO,1,
6660,excel下拉,组件功能与教程,WPS表格,WPS表格/文字/演示/PDF功能与操作，适合功能教程页,,30.0,,,第三方工具-社区SEO,1,
6661,excel找出重复项,组件功能与教程,WPS表格,WPS表格/文字/演示/PDF功能与操作，适合功能教程页,,17.0,,,第三方工具-社区SEO,1,
6662,excel拆分,组件功能与教程,WPS表格,WPS表格/文字/演示/PDF功能与操作，适合功能教程页,,17.0,,,第三方工具-社区SEO,1,
6663,excel计算时间差,组件功能与教程,WPS表格,WPS表格/文字/演示/PDF功能与操作，适合功能教程页,,16.0,,,第三方工具-社区SEO,1,
6664,excel生成二维码,组件功能与教程,WPS表格,WPS表格/文字/演示/PDF功能与操作，适合功能教程页,,16.0,,,第三方工具-社区SEO,1,
6665,excel加密码,组件功能与教程,WPS表格,WPS表格/文字/演示/PDF功能与操作，适合功能教程页,,16.0,,,第三方工具-社区SEO,1,
6666,excel转csv,组件功能与教程,WPS表格,WPS表格/文字/演示/PDF功能与操作，适合功能教程页,,15.0,,,第三方工具-社区SEO,1,
6667,excel根号函数,组件功能与教程,WPS表格,WPS表格/文字/演示/PDF功能与操作，适合功能教程页,,15.0,,,第三方工具-社区SEO,1,
6668,excel两列数据找重复,组件功能与教程,WPS表格,WPS表格/文字/演示/PDF功能与操作，适合功能教程页,,15.0,,,第三方工具-社区SEO,1,
6669,excel表格查找快捷键,组件功能与教程,WPS表格,WPS表格/文字/演示/PDF功能与操作，适合功能教程页,,14.0,,,第三方工具-社区SEO,1,
6670,excel整列求和,组件功能与教程,WPS表格,WPS表格/文字/演示/PDF功能与操作，适合功能教程页,,9.0,,,第三方工具-社区SEO,1,
6671,excel一键求和,组件功能与教程,WPS表格,WPS表格/文字/演示/PDF功能与操作，适合功能教程页,,8.0,,,第三方工具-社区SEO,1,
6672,word插入表格,组件功能与教程,WPS表格,WPS表格/文字/演示/PDF功能与操作，适合功能教程页,,18.0,,,第三方工具-社区SEO,1,
6673,excel宏,组件功能与教程,WPS表格,WPS表格/文字/演示/PDF功能与操作，适合功能教程页,,182.0,,,第三方工具-社区SEO,1,
6674,excel下拉列表,组件功能与教程,WPS表格,WPS表格/文字/演示/PDF功能与操作，适合功能教程页,,169.0,,,第三方工具-社区SEO,1,
6675,Excel2007,组件功能与教程,WPS表格,WPS表格/文字/演示/PDF功能与操作，适合功能教程页,,141.0,,,第三方工具-社区SEO,1,
6676,excel扩展名,组件功能与教程,WPS表格,WPS表格/文字/演示/PDF功能与操作，适合功能教程页,,130.0,,,第三方工具-社区SEO,1,
6677,excel在线,组件功能与教程,WPS表格,WPS表格/文字/演示/PDF功能与操作，适合功能教程页,,76.0,,,第三方工具-社区SEO,1,
6678,excel表格换行,组件功能与教程,WPS表格,WPS表格/文字/演示/PDF功能与操作，适合功能教程页,,72.0,,,第三方工具-社区SEO,1,
6679,excel条件求和,组件功能与教程,WPS表格,WPS表格/文字/演示/PDF功能与操作，适合功能教程页,,21.0,,,第三方工具-社区SEO,1,
6680,excel必备工具箱,组件功能与教程,WPS表格,WPS表格/文字/演示/PDF功能与操作，适合功能教程页,,20.0,,,第三方工具-社区SEO,1,
6681,excel向上取整函数,组件功能与教程,WPS表格,WPS表格/文字/演示/PDF功能与操作，适合功能教程页,,20.0,,,第三方工具-社区SEO,1,
6682,excel最大行数,组件功能与教程,WPS表格,WPS表格/文字/演示/PDF功能与操作，适合功能教程页,,17.0,,,第三方工具-社区SEO,1,
6683,excel根据内容自动调整行高,组件功能与教程,WPS表格,WPS表格/文字/演示/PDF功能与操作，适合功能教程页,,15.0,,,第三方工具-社区SEO,1,
6684,excel求乘积,组件功能与教程,WPS表格,WPS表格/文字/演示/PDF功能与操作，适合功能教程页,,14.0,,,第三方工具-社区SEO,1,
6685,excel表格去重,组件功能与教程,WPS表格,WPS表格/文字/演示/PDF功能与操作，适合功能教程页,,13.0,,,第三方工具-社区SEO,1,
6686,excel重复上一步操作快捷键,组件功能与教程,WPS表格,WPS表格/文字/演示/PDF功能与操作，适合功能教程页,,13.0,,,第三方工具-社区SEO,1,
6687,word插入excel,组件功能与教程,WPS表格,WPS表格/文字/演示/PDF功能与操作，适合功能教程页,,13.0,,,第三方工具-社区SEO,1,
6688,excel删除重复项,组件功能与教程,WPS表格,WPS表格/文字/演示/PDF功能与操作，适合功能教程页,,165.0,,,第三方工具-社区SEO,1,
6689,excel快捷键大全常用,组件功能与教程,WPS表格,WPS表格/文字/演示/PDF功能与操作，适合功能教程页,,85.0,,,第三方工具-社区SEO,1,
6690,excel文件修复工具,组件功能与教程,WPS表格,WPS表格/文字/演示/PDF功能与操作，适合功能教程页,,72.0,,,第三方工具-社区SEO,1,
6691,excel插值,组件功能与教程,WPS表格,WPS表格/文字/演示/PDF功能与操作，适合功能教程页,,17.0,,,第三方工具-社区SEO,1,
6692,excel平均数,组件功能与教程,WPS表格,WPS表格/文字/演示/PDF功能与操作，适合功能教程页,,16.0,,,第三方工具-社区SEO,1,
6693,excel编程,组件功能与教程,WPS表格,WPS表格/文字/演示/PDF功能与操作，适合功能教程页,,16.0,,,第三方工具-社区SEO,1,
6694,excel计算,组件功能与教程,WPS表格,WPS表格/文字/演示/PDF功能与操作，适合功能教程页,,15.0,,,第三方工具-社区SEO,1,
6695,excel自动保存,组件功能与教程,WPS表格,WPS表格/文字/演示/PDF功能与操作，适合功能教程页,,15.0,,,第三方工具-社区SEO,1,
6696,excel取消密码,组件功能与教程,WPS表格,WPS表格/文字/演示/PDF功能与操作，适合功能教程页,,15.0,,,第三方工具-社区SEO,1,
6697,excel平方公式,组件功能与教程,WPS表格,WPS表格/文字/演示/PDF功能与操作，适合功能教程页,,14.0,,,第三方工具-社区SEO,1,
6698,excel查重复内容,组件功能与教程,WPS表格,WPS表格/文字/演示/PDF功能与操作，适合功能教程页,,14.0,,,第三方工具-社区SEO,1,
6699,excel根据出生日期计算年龄,组件功能与教程,WPS表格,WPS表格/文字/演示/PDF功能与操作，适合功能教程页,,14.0,,,第三方工具-社区SEO,1,
6700,excel日期函数,组件功能与教程,WPS表格,WPS表格/文字/演示/PDF功能与操作，适合功能教程页,,14.0,,,第三方工具-社区SEO,1,
6701,excel求方差,组件功能与教程,WPS表格,WPS表格/文字/演示/PDF功能与操作，适合功能教程页,,13.0,,,第三方工具-社区SEO,1,
6702,excel常用函数公式,组件功能与教程,WPS表格,WPS表格/文字/演示/PDF功能与操作，适合功能教程页,,13.0,,,第三方工具-社区SEO,1,
6703,excel插入pdf,组件功能与教程,WPS表格,WPS表格/文字/演示/PDF功能与操作，适合功能教程页,,13.0,,,第三方工具-社区SEO,1,
6704,excel函数公式乘法,组件功能与教程,WPS表格,WPS表格/文字/演示/PDF功能与操作，适合功能教程页,,13.0,,,第三方工具-社区SEO,1,
6705,excel日期,组件功能与教程,WPS表格,WPS表格/文字/演示/PDF功能与操作，适合功能教程页,,13.0,,,第三方工具-社区SEO,1,
6706,excel删除快捷键,组件功能与教程,WPS表格,WPS表格/文字/演示/PDF功能与操作，适合功能教程页,,12.0,,,第三方工具-社区SEO,1,
6707,excel公式加减乘除,组件功能与教程,WPS表格,WPS表格/文字/演示/PDF功能与操作，适合功能教程页,,12.0,,,第三方工具-社区SEO,1,
6708,excel 去重计数,组件功能与教程,WPS表格,WPS表格/文字/演示/PDF功能与操作，适合功能教程页,,12.0,,,第三方工具-社区SEO,1,
6709,excel保留整数,组件功能与教程,WPS表格,WPS表格/文字/演示/PDF功能与操作，适合功能教程页,,10.0,,,第三方工具-社区SEO,1,
6710,word表格合并,组件功能与教程,WPS表格,WPS表格/文字/演示/PDF功能与操作，适合功能教程页,,15.0,,,第三方工具-社区SEO,1,
6711,excel表格复制到word,组件功能与教程,WPS表格,WPS表格/文字/演示/PDF功能与操作，适合功能教程页,,14.0,,,第三方工具-社区SEO,1,
6712,word表格自动编号,组件功能与教程,WPS表格,WPS表格/文字/演示/PDF功能与操作，适合功能教程页,,14.0,,,第三方工具-社区SEO,1,
6713,word表格文字,组件功能与教程,WPS表格,WPS表格/文字/演示/PDF功能与操作，适合功能教程页,,12.0,,,第三方工具-社区SEO,1,
6714,在excel工作表中,组件功能与教程,WPS表格,WPS表格/文字/演示/PDF功能与操作，适合功能教程页,,159.0,,,第三方工具-社区SEO,1,
6715,python操作excel,组件功能与教程,WPS表格,WPS表格/文字/演示/PDF功能与操作，适合功能教程页,,22.0,,,第三方工具-社区SEO,1,
6716,excel常用公式,组件功能与教程,WPS表格,WPS表格/文字/演示/PDF功能与操作，适合功能教程页,,17.0,,,第三方工具-社区SEO,1,
6717,excel日期自动生成,组件功能与教程,WPS表格,WPS表格/文字/演示/PDF功能与操作，适合功能教程页,,16.0,,,第三方工具-社区SEO,1,
6718,excel表格快捷键,组件功能与教程,WPS表格,WPS表格/文字/演示/PDF功能与操作，适合功能教程页,,16.0,,,第三方工具-社区SEO,1,
6719,excel项目进度管理表,组件功能与教程,WPS表格,WPS表格/文字/演示/PDF功能与操作，适合功能教程页,,15.0,,,第三方工具-社区SEO,1,
6720,excel中if函数,组件功能与教程,WPS表格,WPS表格/文字/演示/PDF功能与操作，适合功能教程页,,15.0,,,第三方工具-社区SEO,1,
6721,excel生成图表,组件功能与教程,WPS表格,WPS表格/文字/演示/PDF功能与操作，适合功能教程页,,14.0,,,第三方工具-社区SEO,1,
6722,excel表格转置,组件功能与教程,WPS表格,WPS表格/文字/演示/PDF功能与操作，适合功能教程页,,14.0,,,第三方工具-社区SEO,1,
6723,excel方方格子,组件功能与教程,WPS表格,WPS表格/文字/演示/PDF功能与操作，适合功能教程页,,14.0,,,第三方工具-社区SEO,1,
6724,excel乘积函数,组件功能与教程,WPS表格,WPS表格/文字/演示/PDF功能与操作，适合功能教程页,,14.0,,,第三方工具-社区SEO,1,
6725,excel中,组件功能与教程,WPS表格,WPS表格/文字/演示/PDF功能与操作，适合功能教程页,,14.0,,,第三方工具-社区SEO,1,
6726,excel计算天数,组件功能与教程,WPS表格,WPS表格/文字/演示/PDF功能与操作，适合功能教程页,,14.0,,,第三方工具-社区SEO,1,
6727,excel统计数量,组件功能与教程,WPS表格,WPS表格/文字/演示/PDF功能与操作，适合功能教程页,,13.0,,,第三方工具-社区SEO,1,
6728,excel统计字数,组件功能与教程,WPS表格,WPS表格/文字/演示/PDF功能与操作，适合功能教程页,,13.0,,,第三方工具-社区SEO,1,
6729,excel替换快捷键,组件功能与教程,WPS表格,WPS表格/文字/演示/PDF功能与操作，适合功能教程页,,13.0,,,第三方工具-社区SEO,1,
6730,excel删除行快捷键,组件功能与教程,WPS表格,WPS表格/文字/演示/PDF功能与操作，适合功能教程页,,13.0,,,第三方工具-社区SEO,1,
6731,excel连接两个单元格内容,组件功能与教程,WPS表格,WPS表格/文字/演示/PDF功能与操作，适合功能教程页,,13.0,,,第三方工具-社区SEO,1,
6732,excel进度条,组件功能与教程,WPS表格,WPS表格/文字/演示/PDF功能与操作，适合功能教程页,,12.0,,,第三方工具-社区SEO,1,
6733,excel解密,组件功能与教程,WPS表格,WPS表格/文字/演示/PDF功能与操作，适合功能教程页,,12.0,,,第三方工具-社区SEO,1,
6734,excel删除重复行,组件功能与教程,WPS表格,WPS表格/文字/演示/PDF功能与操作，适合功能教程页,,12.0,,,第三方工具-社区SEO,1,
6735,excel汇总,组件功能与教程,WPS表格,WPS表格/文字/演示/PDF功能与操作，适合功能教程页,,12.0,,,第三方工具-社区SEO,1,
6736,excel上标,组件功能与教程,WPS表格,WPS表格/文字/演示/PDF功能与操作，适合功能教程页,,12.0,,,第三方工具-社区SEO,1,
6737,excel删除空格,组件功能与教程,WPS表格,WPS表格/文字/演示/PDF功能与操作，适合功能教程页,,12.0,,,第三方工具-社区SEO,1,
6738,word里的表格,组件功能与教程,WPS表格,WPS表格/文字/演示/PDF功能与操作，适合功能教程页,,11.0,,,第三方工具-社区SEO,1,
6739,excel计算公式,组件功能与教程,WPS表格,WPS表格/文字/演示/PDF功能与操作，适合功能教程页,,131.0,,,第三方工具-社区SEO,1,
6740,excel重复项显示颜色,组件功能与教程,WPS表格,WPS表格/文字/演示/PDF功能与操作，适合功能教程页,,64.0,,,第三方工具-社区SEO,1,
6741,excel冻结窗口,组件功能与教程,WPS表格,WPS表格/文字/演示/PDF功能与操作，适合功能教程页,,64.0,,,第三方工具-社区SEO,1,
6742,excel表格公式,组件功能与教程,WPS表格,WPS表格/文字/演示/PDF功能与操作，适合功能教程页,,22.0,,,第三方工具-社区SEO,1,
6743,excel负数变正数,组件功能与教程,WPS表格,WPS表格/文字/演示/PDF功能与操作，适合功能教程页,,17.0,,,第三方工具-社区SEO,1,
6744,excel绝对值函数,组件功能与教程,WPS表格,WPS表格/文字/演示/PDF功能与操作，适合功能教程页,,16.0,,,第三方工具-社区SEO,1,
6745,excel截取字符串,组件功能与教程,WPS表格,WPS表格/文字/演示/PDF功能与操作，适合功能教程页,,15.0,,,第三方工具-社区SEO,1,
6746,excel拼接字符串,组件功能与教程,WPS表格,WPS表格/文字/演示/PDF功能与操作，适合功能教程页,,15.0,,,第三方工具-社区SEO,1,
6747,excel做折线图,组件功能与教程,WPS表格,WPS表格/文字/演示/PDF功能与操作，适合功能教程页,,15.0,,,第三方工具-社区SEO,1,
6748,excel忘记密码,组件功能与教程,WPS表格,WPS表格/文字/演示/PDF功能与操作，适合功能教程页,,15.0,,,第三方工具-社区SEO,1,
6749,excel隐藏快捷键,组件功能与教程,WPS表格,WPS表格/文字/演示/PDF功能与操作，适合功能教程页,,14.0,,,第三方工具-社区SEO,1,
6750,excel产品密钥,组件功能与教程,WPS表格,WPS表格/文字/演示/PDF功能与操作，适合功能教程页,,14.0,,,第三方工具-社区SEO,1,
6751,excel标记重复项,组件功能与教程,WPS表格,WPS表格/文字/演示/PDF功能与操作，适合功能教程页,,14.0,,,第三方工具-社区SEO,1,
6752,excel另存为快捷键,组件功能与教程,WPS表格,WPS表格/文字/演示/PDF功能与操作，适合功能教程页,,14.0,,,第三方工具-社区SEO,1,
6753,用excel,组件功能与教程,WPS表格,WPS表格/文字/演示/PDF功能与操作，适合功能教程页,,14.0,,,第三方工具-社区SEO,1,
6754,excel全选,组件功能与教程,WPS表格,WPS表格/文字/演示/PDF功能与操作，适合功能教程页,,14.0,,,第三方工具-社区SEO,1,
6755,excel批量删除空白行,组件功能与教程,WPS表格,WPS表格/文字/演示/PDF功能与操作，适合功能教程页,,13.0,,,第三方工具-社区SEO,1,
6756,excel表格官网,组件功能与教程,WPS表格,WPS表格/文字/演示/PDF功能与操作，适合功能教程页,,13.0,,,第三方工具-社区SEO,1,
6757,excel选项,组件功能与教程,WPS表格,WPS表格/文字/演示/PDF功能与操作，适合功能教程页,,13.0,,,第三方工具-社区SEO,1,
6758,excel激活,组件功能与教程,WPS表格,WPS表格/文字/演示/PDF功能与操作，适合功能教程页,,13.0,,,第三方工具-社区SEO,1,
6759,excel复选框,组件功能与教程,WPS表格,WPS表格/文字/演示/PDF功能与操作，适合功能教程页,,12.0,,,第三方工具-社区SEO,1,
6760,excel拼接,组件功能与教程,WPS表格,WPS表格/文字/演示/PDF功能与操作，适合功能教程页,,12.0,,,第三方工具-社区SEO,1,
6761,excel在财务中的应用,组件功能与教程,WPS表格,WPS表格/文字/演示/PDF功能与操作，适合功能教程页,,12.0,,,第三方工具-社区SEO,1,
6762,excel表格全选快捷键,组件功能与教程,WPS表格,WPS表格/文字/演示/PDF功能与操作，适合功能教程页,,12.0,,,第三方工具-社区SEO,1,
6763,excel破解,组件功能与教程,WPS表格,WPS表格/文字/演示/PDF功能与操作，适合功能教程页,,12.0,,,第三方工具-社区SEO,1,
6764,excel文件后缀,组件功能与教程,WPS表格,WPS表格/文字/演示/PDF功能与操作，适合功能教程页,,11.0,,,第三方工具-社区SEO,1,
6765,excel多条件求和,组件功能与教程,WPS表格,WPS表格/文字/演示/PDF功能与操作，适合功能教程页,,11.0,,,第三方工具-社区SEO,1,
6766,excel插入视频,组件功能与教程,WPS表格,WPS表格/文字/演示/PDF功能与操作，适合功能教程页,,11.0,,,第三方工具-社区SEO,1,
6767,excel今天日期公式,组件功能与教程,WPS表格,WPS表格/文字/演示/PDF功能与操作，适合功能教程页,,11.0,,,第三方工具-社区SEO,1,
6768,excel压缩,组件功能与教程,WPS表格,WPS表格/文字/演示/PDF功能与操作，适合功能教程页,,11.0,,,第三方工具-社区SEO,1,
6769,excel表格乘法,组件功能与教程,WPS表格,WPS表格/文字/演示/PDF功能与操作，适合功能教程页,,11.0,,,第三方工具-社区SEO,1,
6770,ppt插入表格,组件功能与教程,WPS表格,WPS表格/文字/演示/PDF功能与操作，适合功能教程页,,15.0,,,第三方工具-社区SEO,1,
6771,word表格斜线,组件功能与教程,WPS表格,WPS表格/文字/演示/PDF功能与操作，适合功能教程页,,139.0,,,第三方工具-社区SEO,1,
6772,word合并表格,组件功能与教程,WPS表格,WPS表格/文字/演示/PDF功能与操作，适合功能教程页,,12.0,,,第三方工具-社区SEO,1,
6773,excel表格函数,组件功能与教程,WPS表格,WPS表格/文字/演示/PDF功能与操作，适合功能教程页,,847.0,,,第三方工具-社区SEO,1,
6774,excel指数函数,组件功能与教程,WPS表格,WPS表格/文字/演示/PDF功能与操作，适合功能教程页,,118.0,,,第三方工具-社区SEO,1,
6775,excel去除空格,组件功能与教程,WPS表格,WPS表格/文字/演示/PDF功能与操作，适合功能教程页,,23.0,,,第三方工具-社区SEO,1,
6776,excel学习,组件功能与教程,WPS表格,WPS表格/文字/演示/PDF功能与操作，适合功能教程页,,21.0,,,第三方工具-社区SEO,1,
6777,excel合并计算,组件功能与教程,WPS表格,WPS表格/文字/演示/PDF功能与操作，适合功能教程页,,15.0,,,第三方工具-社区SEO,1,
6778,excel锁定,组件功能与教程,WPS表格,WPS表格/文字/演示/PDF功能与操作，适合功能教程页,,15.0,,,第三方工具-社区SEO,1,
6779,excel表格插入图片,组件功能与教程,WPS表格,WPS表格/文字/演示/PDF功能与操作，适合功能教程页,,15.0,,,第三方工具-社区SEO,1,
6780,excel数组公式,组件功能与教程,WPS表格,WPS表格/文字/演示/PDF功能与操作，适合功能教程页,,14.0,,,第三方工具-社区SEO,1,
6781,excel加法公式,组件功能与教程,WPS表格,WPS表格/文字/演示/PDF功能与操作，适合功能教程页,,13.0,,,第三方工具-社区SEO,1,
6782,excel单元格,组件功能与教程,WPS表格,WPS表格/文字/演示/PDF功能与操作，适合功能教程页,,12.0,,,第三方工具-社区SEO,1,
6783,excel 斜线,组件功能与教程,WPS表格,WPS表格/文字/演示/PDF功能与操作，适合功能教程页,,12.0,,,第三方工具-社区SEO,1,
6784,excel水印,组件功能与教程,WPS表格,WPS表格/文字/演示/PDF功能与操作，适合功能教程页,,12.0,,,第三方工具-社区SEO,1,
6785,excel自动行高,组件功能与教程,WPS表格,WPS表格/文字/演示/PDF功能与操作，适合功能教程页,,11.0,,,第三方工具-社区SEO,1,
6786,excel计算方差,组件功能与教程,WPS表格,WPS表格/文字/演示/PDF功能与操作，适合功能教程页,,11.0,,,第三方工具-社区SEO,1,
6787,excel替换函数,组件功能与教程,WPS表格,WPS表格/文字/演示/PDF功能与操作，适合功能教程页,,11.0,,,第三方工具-社区SEO,1,
6788,excel删除空白单元格,组件功能与教程,WPS表格,WPS表格/文字/演示/PDF功能与操作，适合功能教程页,,11.0,,,第三方工具-社区SEO,1,
6789,excel开根号函数,组件功能与教程,WPS表格,WPS表格/文字/演示/PDF功能与操作，适合功能教程页,,11.0,,,第三方工具-社区SEO,1,
6790,excel定位,组件功能与教程,WPS表格,WPS表格/文字/演示/PDF功能与操作，适合功能教程页,,11.0,,,第三方工具-社区SEO,1,
6791,excel修复,组件功能与教程,WPS表格,WPS表格/文字/演示/PDF功能与操作，适合功能教程页,,11.0,,,第三方工具-社区SEO,1,
6792,excel数据处理,组件功能与教程,WPS表格,WPS表格/文字/演示/PDF功能与操作，适合功能教程页,,11.0,,,第三方工具-社区SEO,1,
6793,excel表格美化,组件功能与教程,WPS表格,WPS表格/文字/演示/PDF功能与操作，适合功能教程页,,10.0,,,第三方工具-社区SEO,1,
6794,java读取excel,组件功能与教程,WPS表格,WPS表格/文字/演示/PDF功能与操作，适合功能教程页,,10.0,,,第三方工具-社区SEO,1,
6795,标准差函数excel公式,组件功能与教程,WPS表格,WPS表格/文字/演示/PDF功能与操作，适合功能教程页,,10.0,,,第三方工具-社区SEO,1,
6796,excel转成word,组件功能与教程,WPS表格,WPS表格/文字/演示/PDF功能与操作，适合功能教程页,,17.0,,,第三方工具-社区SEO,1,
6797,word表格文字居中,组件功能与教程,WPS表格,WPS表格/文字/演示/PDF功能与操作，适合功能教程页,,12.0,,,第三方工具-社区SEO,1,
6798,excel表格制作,组件功能与教程,WPS表格,WPS表格/文字/演示/PDF功能与操作，适合功能教程页,,204.0,,,第三方工具-社区SEO,1,
6799,excel乱码,组件功能与教程,WPS表格,WPS表格/文字/演示/PDF功能与操作，适合功能教程页,,199.0,,,第三方工具-社区SEO,1,
6800,excel清除格式,组件功能与教程,WPS表格,WPS表格/文字/演示/PDF功能与操作，适合功能教程页,,20.0,,,第三方工具-社区SEO,1,
6801,vue导出excel,组件功能与教程,WPS表格,WPS表格/文字/演示/PDF功能与操作，适合功能教程页,,17.0,,,第三方工具-社区SEO,1,
6802,excel保留一位小数,组件功能与教程,WPS表格,WPS表格/文字/演示/PDF功能与操作，适合功能教程页,,16.0,,,第三方工具-社区SEO,1,
6803,excel规划求解,组件功能与教程,WPS表格,WPS表格/文字/演示/PDF功能与操作，适合功能教程页,,16.0,,,第三方工具-社区SEO,1,
6804,excel 之家,组件功能与教程,WPS表格,WPS表格/文字/演示/PDF功能与操作，适合功能教程页,,13.0,,,第三方工具-社区SEO,1,
6805,excel统计,组件功能与教程,WPS表格,WPS表格/文字/演示/PDF功能与操作，适合功能教程页,,13.0,,,第三方工具-社区SEO,1,
6806,excel打钩,组件功能与教程,WPS表格,WPS表格/文字/演示/PDF功能与操作，适合功能教程页,,12.0,,,第三方工具-社区SEO,1,
6807,excel格内换行,组件功能与教程,WPS表格,WPS表格/文字/演示/PDF功能与操作，适合功能教程页,,12.0,,,第三方工具-社区SEO,1,
6808,excel表格排名公式,组件功能与教程,WPS表格,WPS表格/文字/演示/PDF功能与操作，适合功能教程页,,12.0,,,第三方工具-社区SEO,1,
6809,excel横竖十字光标,组件功能与教程,WPS表格,WPS表格/文字/演示/PDF功能与操作，适合功能教程页,,12.0,,,第三方工具-社区SEO,1,
6810,excel求中位数,组件功能与教程,WPS表格,WPS表格/文字/演示/PDF功能与操作，适合功能教程页,,11.0,,,第三方工具-社区SEO,1,
6811,excel插入行快捷键,组件功能与教程,WPS表格,WPS表格/文字/演示/PDF功能与操作，适合功能教程页,,11.0,,,第三方工具-社区SEO,1,
6812,excel做日历计划表,组件功能与教程,WPS表格,WPS表格/文字/演示/PDF功能与操作，适合功能教程页,,11.0,,,第三方工具-社区SEO,1,
6813,excel分组,组件功能与教程,WPS表格,WPS表格/文字/演示/PDF功能与操作，适合功能教程页,,11.0,,,第三方工具-社区SEO,1,
6814,excel 表格拆分,组件功能与教程,WPS表格,WPS表格/文字/演示/PDF功能与操作，适合功能教程页,,11.0,,,第三方工具-社区SEO,1,
6815,excel中换行,组件功能与教程,WPS表格,WPS表格/文字/演示/PDF功能与操作，适合功能教程页,,11.0,,,第三方工具-社区SEO,1,
6816,excel求平均数,组件功能与教程,WPS表格,WPS表格/文字/演示/PDF功能与操作，适合功能教程页,,11.0,,,第三方工具-社区SEO,1,
6817,excel算平均值,组件功能与教程,WPS表格,WPS表格/文字/演示/PDF功能与操作，适合功能教程页,,10.0,,,第三方工具-社区SEO,1,
6818,excel插入日历,组件功能与教程,WPS表格,WPS表格/文字/演示/PDF功能与操作，适合功能教程页,,10.0,,,第三方工具-社区SEO,1,
6819,excel合并表格,组件功能与教程,WPS表格,WPS表格/文字/演示/PDF功能与操作，适合功能教程页,,10.0,,,第三方工具-社区SEO,1,
6820,word 表格分页,组件功能与教程,WPS表格,WPS表格/文字/演示/PDF功能与操作，适合功能教程页,,6.0,,,第三方工具-社区SEO,1,
6821,在excel,组件功能与教程,WPS表格,WPS表格/文字/演示/PDF功能与操作，适合功能教程页,,231.0,,,第三方工具-社区SEO,1,
6822,excel函数大全,组件功能与教程,WPS表格,WPS表格/文字/演示/PDF功能与操作，适合功能教程页,,138.0,,,第三方工具-社区SEO,1,
6823,excel教学,组件功能与教程,WPS表格,WPS表格/文字/演示/PDF功能与操作，适合功能教程页,,64.0,,,第三方工具-社区SEO,1,
6824,excel查找重复数据,组件功能与教程,WPS表格,WPS表格/文字/演示/PDF功能与操作，适合功能教程页,,35.0,,,第三方工具-社区SEO,1,
6825,excel图标,组件功能与教程,WPS表格,WPS表格/文字/演示/PDF功能与操作，适合功能教程页,,31.0,,,第三方工具-社区SEO,1,
6826,excel随机抽取,组件功能与教程,WPS表格,WPS表格/文字/演示/PDF功能与操作，适合功能教程页,,23.0,,,第三方工具-社区SEO,1,
6827,excel数据有效性,组件功能与教程,WPS表格,WPS表格/文字/演示/PDF功能与操作，适合功能教程页,,19.0,,,第三方工具-社区SEO,1,
6828,excel高亮显示行列,组件功能与教程,WPS表格,WPS表格/文字/演示/PDF功能与操作，适合功能教程页,,17.0,,,第三方工具-社区SEO,1,
6829,excel自动序号,组件功能与教程,WPS表格,WPS表格/文字/演示/PDF功能与操作，适合功能教程页,,16.0,,,第三方工具-社区SEO,1,
6830,excel 随机抽取,组件功能与教程,WPS表格,WPS表格/文字/演示/PDF功能与操作，适合功能教程页,,14.0,,,第三方工具-社区SEO,1,
6831,excel文档,组件功能与教程,WPS表格,WPS表格/文字/演示/PDF功能与操作，适合功能教程页,,14.0,,,第三方工具-社区SEO,1,
6832,excel不显示0,组件功能与教程,WPS表格,WPS表格/文字/演示/PDF功能与操作，适合功能教程页,,14.0,,,第三方工具-社区SEO,1,
6833,excel插入表格,组件功能与教程,WPS表格,WPS表格/文字/演示/PDF功能与操作，适合功能教程页,,13.0,,,第三方工具-社区SEO,1,
6834,excel数据比对,组件功能与教程,WPS表格,WPS表格/文字/演示/PDF功能与操作，适合功能教程页,,12.0,,,第三方工具-社区SEO,1,
6835,excel表格加密,组件功能与教程,WPS表格,WPS表格/文字/演示/PDF功能与操作，适合功能教程页,,11.0,,,第三方工具-社区SEO,1,
6836,excel计算年龄公式,组件功能与教程,WPS表格,WPS表格/文字/演示/PDF功能与操作，适合功能教程页,,11.0,,,第三方工具-社区SEO,1,
6837,excel固定第一行,组件功能与教程,WPS表格,WPS表格/文字/演示/PDF功能与操作，适合功能教程页,,11.0,,,第三方工具-社区SEO,1,
6838,excel斜杠,组件功能与教程,WPS表格,WPS表格/文字/演示/PDF功能与操作，适合功能教程页,,11.0,,,第三方工具-社区SEO,1,
6839,excel截图,组件功能与教程,WPS表格,WPS表格/文字/演示/PDF功能与操作，适合功能教程页,,11.0,,,第三方工具-社区SEO,1,
6840,excel表格自动求和,组件功能与教程,WPS表格,WPS表格/文字/演示/PDF功能与操作，适合功能教程页,,10.0,,,第三方工具-社区SEO,1,
6841,excel密钥,组件功能与教程,WPS表格,WPS表格/文字/演示/PDF功能与操作，适合功能教程页,,10.0,,,第三方工具-社区SEO,1,
6842,excel固定单元格,组件功能与教程,WPS表格,WPS表格/文字/演示/PDF功能与操作，适合功能教程页,,10.0,,,第三方工具-社区SEO,1,
6843,excel表格后缀,组件功能与教程,WPS表格,WPS表格/文字/演示/PDF功能与操作，适合功能教程页,,10.0,,,第三方工具-社区SEO,1,
6844,excel算标准差,组件功能与教程,WPS表格,WPS表格/文字/演示/PDF功能与操作，适合功能教程页,,10.0,,,第三方工具-社区SEO,1,
6845,excel移动整列,组件功能与教程,WPS表格,WPS表格/文字/演示/PDF功能与操作，适合功能教程页,,10.0,,,第三方工具-社区SEO,1,
6846,取消excel密码保护,组件功能与教程,WPS表格,WPS表格/文字/演示/PDF功能与操作，适合功能教程页,,10.0,,,第三方工具-社区SEO,1,
6847,excel最多多少行,组件功能与教程,WPS表格,WPS表格/文字/演示/PDF功能与操作，适合功能教程页,,10.0,,,第三方工具-社区SEO,1,
6848,前端导出excel,组件功能与教程,WPS表格,WPS表格/文字/演示/PDF功能与操作，适合功能教程页,,10.0,,,第三方工具-社区SEO,1,
6849,excel自动计算,组件功能与教程,WPS表格,WPS表格/文字/演示/PDF功能与操作，适合功能教程页,,10.0,,,第三方工具-社区SEO,1,
6850,勤哲excel服务器,组件功能与教程,WPS表格,WPS表格/文字/演示/PDF功能与操作，适合功能教程页,,9.0,,,第三方工具-社区SEO,1,
6851,excel求差公式,组件功能与教程,WPS表格,WPS表格/文字/演示/PDF功能与操作，适合功能教程页,,9.0,,,第三方工具-社区SEO,1,
6852,excel随机数公式,组件功能与教程,WPS表格,WPS表格/文字/演示/PDF功能与操作，适合功能教程页,,9.0,,,第三方工具-社区SEO,1,
6853,excel 矩阵乘法,组件功能与教程,WPS表格,WPS表格/文字/演示/PDF功能与操作，适合功能教程页,,9.0,,,第三方工具-社区SEO,1,
6854,excel插入复选框,组件功能与教程,WPS表格,WPS表格/文字/演示/PDF功能与操作，适合功能教程页,,9.0,,,第三方工具-社区SEO,1,
6855,excel引用,组件功能与教程,WPS表格,WPS表格/文字/演示/PDF功能与操作，适合功能教程页,,9.0,,,第三方工具-社区SEO,1,
6856,日历excel,组件功能与教程,WPS表格,WPS表格/文字/演示/PDF功能与操作，适合功能教程页,,9.0,,,第三方工具-社区SEO,1,
6857,excel拆分表格,组件功能与教程,WPS表格,WPS表格/文字/演示/PDF功能与操作，适合功能教程页,,9.0,,,第三方工具-社区SEO,1,
6858,excel课程,组件功能与教程,WPS表格,WPS表格/文字/演示/PDF功能与操作，适合功能教程页,,129.0,,,第三方工具-社区SEO,1,
6859,excel填充序列,组件功能与教程,WPS表格,WPS表格/文字/演示/PDF功能与操作，适合功能教程页,,20.0,,,第三方工具-社区SEO,1,
6860,excel表格横向纵向变换,组件功能与教程,WPS表格,WPS表格/文字/演示/PDF功能与操作，适合功能教程页,,19.0,,,第三方工具-社区SEO,1,
6861,excel不显示网格线,组件功能与教程,WPS表格,WPS表格/文字/演示/PDF功能与操作，适合功能教程页,,18.0,,,第三方工具-社区SEO,1,
6862,excel统计个数,组件功能与教程,WPS表格,WPS表格/文字/演示/PDF功能与操作，适合功能教程页,,18.0,,,第三方工具-社区SEO,1,
6863,excel超链接,组件功能与教程,WPS表格,WPS表格/文字/演示/PDF功能与操作，适合功能教程页,,17.0,,,第三方工具-社区SEO,1,
6864,excel模糊匹配,组件功能与教程,WPS表格,WPS表格/文字/演示/PDF功能与操作，适合功能教程页,,15.0,,,第三方工具-社区SEO,1,
6865,excel格式刷快捷键,组件功能与教程,WPS表格,WPS表格/文字/演示/PDF功能与操作，适合功能教程页,,14.0,,,第三方工具-社区SEO,1,
6866,excel筛选求和,组件功能与教程,WPS表格,WPS表格/文字/演示/PDF功能与操作，适合功能教程页,,13.0,,,第三方工具-社区SEO,1,
6867,excel练习素材,组件功能与教程,WPS表格,WPS表格/文字/演示/PDF功能与操作，适合功能教程页,,12.0,,,第三方工具-社区SEO,1,
6868,excel合并单元格内容,组件功能与教程,WPS表格,WPS表格/文字/演示/PDF功能与操作，适合功能教程页,,12.0,,,第三方工具-社区SEO,1,
6869,excel强制换行,组件功能与教程,WPS表格,WPS表格/文字/演示/PDF功能与操作，适合功能教程页,,11.0,,,第三方工具-社区SEO,1,
6870,python写入excel,组件功能与教程,WPS表格,WPS表格/文字/演示/PDF功能与操作，适合功能教程页,,11.0,,,第三方工具-社区SEO,1,
6871,excel查找重复值,组件功能与教程,WPS表格,WPS表格/文字/演示/PDF功能与操作，适合功能教程页,,10.0,,,第三方工具-社区SEO,1,
6872,excel随机生成数字,组件功能与教程,WPS表格,WPS表格/文字/演示/PDF功能与操作，适合功能教程页,,10.0,,,第三方工具-社区SEO,1,
6873,excel做下拉选项,组件功能与教程,WPS表格,WPS表格/文字/演示/PDF功能与操作，适合功能教程页,,10.0,,,第三方工具-社区SEO,1,
6874,excel调整行间距,组件功能与教程,WPS表格,WPS表格/文字/演示/PDF功能与操作，适合功能教程页,,10.0,,,第三方工具-社区SEO,1,
6875,excel格式后缀,组件功能与教程,WPS表格,WPS表格/文字/演示/PDF功能与操作，适合功能教程页,,10.0,,,第三方工具-社区SEO,1,
6876,excel表格日期自动生成,组件功能与教程,WPS表格,WPS表格/文字/演示/PDF功能与操作，适合功能教程页,,10.0,,,第三方工具-社区SEO,1,
6877,excel自定义函数,组件功能与教程,WPS表格,WPS表格/文字/演示/PDF功能与操作，适合功能教程页,,9.0,,,第三方工具-社区SEO,1,
6878,excel绘制折线图,组件功能与教程,WPS表格,WPS表格/文字/演示/PDF功能与操作，适合功能教程页,,9.0,,,第三方工具-社区SEO,1,
6879,excel插入选项,组件功能与教程,WPS表格,WPS表格/文字/演示/PDF功能与操作，适合功能教程页,,9.0,,,第三方工具-社区SEO,1,
6880,excel绝对值符号,组件功能与教程,WPS表格,WPS表格/文字/演示/PDF功能与操作，适合功能教程页,,9.0,,,第三方工具-社区SEO,1,
6881,excel计算时间差的公式,组件功能与教程,WPS表格,WPS表格/文字/演示/PDF功能与操作，适合功能教程页,,9.0,,,第三方工具-社区SEO,1,
6882,excel页码,组件功能与教程,WPS表格,WPS表格/文字/演示/PDF功能与操作，适合功能教程页,,9.0,,,第三方工具-社区SEO,1,
6883,excel加法,组件功能与教程,WPS表格,WPS表格/文字/演示/PDF功能与操作，适合功能教程页,,9.0,,,第三方工具-社区SEO,1,
6884,excel条件函数,组件功能与教程,WPS表格,WPS表格/文字/演示/PDF功能与操作，适合功能教程页,,8.0,,,第三方工具-社区SEO,1,
6885,excel插入行,组件功能与教程,WPS表格,WPS表格/文字/演示/PDF功能与操作，适合功能教程页,,8.0,,,第三方工具-社区SEO,1,
6886,excel数据分列,组件功能与教程,WPS表格,WPS表格/文字/演示/PDF功能与操作，适合功能教程页,,8.0,,,第三方工具-社区SEO,1,
6887,excel自定义排序,组件功能与教程,WPS表格,WPS表格/文字/演示/PDF功能与操作，适合功能教程页,,8.0,,,第三方工具-社区SEO,1,
6888,excel删除指定内容,组件功能与教程,WPS表格,WPS表格/文字/演示/PDF功能与操作，适合功能教程页,,8.0,,,第三方工具-社区SEO,1,
6889,excel 转vcf,组件功能与教程,WPS表格,WPS表格/文字/演示/PDF功能与操作，适合功能教程页,,8.0,,,第三方工具-社区SEO,1,
6890,中位数公式 excel,组件功能与教程,WPS表格,WPS表格/文字/演示/PDF功能与操作，适合功能教程页,,8.0,,,第三方工具-社区SEO,1,
6891,excel表格年龄计算公式,组件功能与教程,WPS表格,WPS表格/文字/演示/PDF功能与操作，适合功能教程页,,8.0,,,第三方工具-社区SEO,1,
6892,excel格式刷,组件功能与教程,WPS表格,WPS表格/文字/演示/PDF功能与操作，适合功能教程页,,6.0,,,第三方工具-社区SEO,1,
6893,word表格制作,组件功能与教程,WPS表格,WPS表格/文字/演示/PDF功能与操作，适合功能教程页,,159.0,,,第三方工具-社区SEO,1,
6894,word表格分页,组件功能与教程,WPS表格,WPS表格/文字/演示/PDF功能与操作，适合功能教程页,,126.0,,,第三方工具-社区SEO,1,
6895,word表格合并单元格,组件功能与教程,WPS表格,WPS表格/文字/演示/PDF功能与操作，适合功能教程页,,13.0,,,第三方工具-社区SEO,1,
6896,word表格序号,组件功能与教程,WPS表格,WPS表格/文字/演示/PDF功能与操作，适合功能教程页,,8.0,,,第三方工具-社区SEO,1,
6897,excel公式不显示结果,组件功能与教程,WPS表格,WPS表格/文字/演示/PDF功能与操作，适合功能教程页,,61.0,,,第三方工具-社区SEO,1,
6898,excel自动填充序号,组件功能与教程,WPS表格,WPS表格/文字/演示/PDF功能与操作，适合功能教程页,,34.0,,,第三方工具-社区SEO,1,
6899,excel饼图,组件功能与教程,WPS表格,WPS表格/文字/演示/PDF功能与操作，适合功能教程页,,12.0,,,第三方工具-社区SEO,1,
6900,excel表格拆分,组件功能与教程,WPS表格,WPS表格/文字/演示/PDF功能与操作，适合功能教程页,,12.0,,,第三方工具-社区SEO,1,
6901,excel四舍五入公式,组件功能与教程,WPS表格,WPS表格/文字/演示/PDF功能与操作，适合功能教程页,,11.0,,,第三方工具-社区SEO,1,
6902,excel表格查重,组件功能与教程,WPS表格,WPS表格/文字/演示/PDF功能与操作，适合功能教程页,,10.0,,,第三方工具-社区SEO,1,
6903,excel查询,组件功能与教程,WPS表格,WPS表格/文字/演示/PDF功能与操作，适合功能教程页,,10.0,,,第三方工具-社区SEO,1,
6904,excel小写转大写,组件功能与教程,WPS表格,WPS表格/文字/演示/PDF功能与操作，适合功能教程页,,9.0,,,第三方工具-社区SEO,1,
6905,excel横向筛选,组件功能与教程,WPS表格,WPS表格/文字/演示/PDF功能与操作，适合功能教程页,,9.0,,,第三方工具-社区SEO,1,
6906,excel向下取整函数,组件功能与教程,WPS表格,WPS表格/文字/演示/PDF功能与操作，适合功能教程页,,9.0,,,第三方工具-社区SEO,1,
6907,excel日期公式,组件功能与教程,WPS表格,WPS表格/文字/演示/PDF功能与操作，适合功能教程页,,8.0,,,第三方工具-社区SEO,1,
6908,excel计算百分比,组件功能与教程,WPS表格,WPS表格/文字/演示/PDF功能与操作，适合功能教程页,,8.0,,,第三方工具-社区SEO,1,
6909,excel翻译成中文,组件功能与教程,WPS表格,WPS表格/文字/演示/PDF功能与操作，适合功能教程页,,8.0,,,第三方工具-社区SEO,1,
6910,excel移动整行,组件功能与教程,WPS表格,WPS表格/文字/演示/PDF功能与操作，适合功能教程页,,8.0,,,第三方工具-社区SEO,1,
6911,excel添加下拉选项,组件功能与教程,WPS表格,WPS表格/文字/演示/PDF功能与操作，适合功能教程页,,8.0,,,第三方工具-社区SEO,1,
6912,excel把两列内容合并,组件功能与教程,WPS表格,WPS表格/文字/演示/PDF功能与操作，适合功能教程页,,8.0,,,第三方工具-社区SEO,1,
6913,excel工具,组件功能与教程,WPS表格,WPS表格/文字/演示/PDF功能与操作，适合功能教程页,,8.0,,,第三方工具-社区SEO,1,
6914,excel表格文字,组件功能与教程,WPS表格,WPS表格/文字/演示/PDF功能与操作，适合功能教程页,,8.0,,,第三方工具-社区SEO,1,
6915,excel数据统计,组件功能与教程,WPS表格,WPS表格/文字/演示/PDF功能与操作，适合功能教程页,,7.0,,,第三方工具-社区SEO,1,
6916,excel调整行高,组件功能与教程,WPS表格,WPS表格/文字/演示/PDF功能与操作，适合功能教程页,,7.0,,,第三方工具-社区SEO,1,
6917,excel导出pdf,组件功能与教程,WPS表格,WPS表格/文字/演示/PDF功能与操作，适合功能教程页,,7.0,,,第三方工具-社区SEO,1,
6918,excel计算平均值,组件功能与教程,WPS表格,WPS表格/文字/演示/PDF功能与操作，适合功能教程页,,7.0,,,第三方工具-社区SEO,1,
6919,excel动态图表,组件功能与教程,WPS表格,WPS表格/文字/演示/PDF功能与操作，适合功能教程页,,7.0,,,第三方工具-社区SEO,1,
6920,excel制作折线图,组件功能与教程,WPS表格,WPS表格/文字/演示/PDF功能与操作，适合功能教程页,,7.0,,,第三方工具-社区SEO,1,
6921,poi导出excel,组件功能与教程,WPS表格,WPS表格/文字/演示/PDF功能与操作，适合功能教程页,,7.0,,,第三方工具-社区SEO,1,
6922,excel日期相减,组件功能与教程,WPS表格,WPS表格/文字/演示/PDF功能与操作，适合功能教程页,,7.0,,,第三方工具-社区SEO,1,
6923,excel无法求和,组件功能与教程,WPS表格,WPS表格/文字/演示/PDF功能与操作，适合功能教程页,,7.0,,,第三方工具-社区SEO,1,
6924,excel气泡图,组件功能与教程,WPS表格,WPS表格/文字/演示/PDF功能与操作，适合功能教程页,,7.0,,,第三方工具-社区SEO,1,
6925,日历excel表格,组件功能与教程,WPS表格,WPS表格/文字/演示/PDF功能与操作，适合功能教程页,,7.0,,,第三方工具-社区SEO,1,
6926,excel删除空白列,组件功能与教程,WPS表格,WPS表格/文字/演示/PDF功能与操作，适合功能教程页,,7.0,,,第三方工具-社区SEO,1,
6927,excel数字转文本,组件功能与教程,WPS表格,WPS表格/文字/演示/PDF功能与操作，适合功能教程页,,7.0,,,第三方工具-社区SEO,1,
6928,excel数字无法求和,组件功能与教程,WPS表格,WPS表格/文字/演示/PDF功能与操作，适合功能教程页,,7.0,,,第三方工具-社区SEO,1,
6929,excel同类项合并求和,组件功能与教程,WPS表格,WPS表格/文字/演示/PDF功能与操作，适合功能教程页,,7.0,,,第三方工具-社区SEO,1,
6930,excel日期相减得到天数,组件功能与教程,WPS表格,WPS表格/文字/演示/PDF功能与操作，适合功能教程页,,7.0,,,第三方工具-社区SEO,1,
6931,excel学习网,组件功能与教程,WPS表格,WPS表格/文字/演示/PDF功能与操作，适合功能教程页,,7.0,,,第三方工具-社区SEO,1,
6932,excel图片,组件功能与教程,WPS表格,WPS表格/文字/演示/PDF功能与操作，适合功能教程页,,7.0,,,第三方工具-社区SEO,1,
6933,excel数据库,组件功能与教程,WPS表格,WPS表格/文字/演示/PDF功能与操作，适合功能教程页,,7.0,,,第三方工具-社区SEO,1,
6934,excel身份证,组件功能与教程,WPS表格,WPS表格/文字/演示/PDF功能与操作，适合功能教程页,,7.0,,,第三方工具-社区SEO,1,
6935,excel数组,组件功能与教程,WPS表格,WPS表格/文字/演示/PDF功能与操作，适合功能教程页,,7.0,,,第三方工具-社区SEO,1,
6936,excel循环引用,组件功能与教程,WPS表格,WPS表格/文字/演示/PDF功能与操作，适合功能教程页,,4.0,,,第三方工具-社区SEO,1,
6937,excel在线解密,组件功能与教程,WPS表格,WPS表格/文字/演示/PDF功能与操作，适合功能教程页,,4.0,,,第三方工具-社区SEO,1,
6938,word中表格跨页续表,组件功能与教程,WPS表格,WPS表格/文字/演示/PDF功能与操作，适合功能教程页,,10.0,,,第三方工具-社区SEO,1,
6939,excel2003,组件功能与教程,WPS表格,WPS表格/文字/演示/PDF功能与操作，适合功能教程页,,139.0,,,第三方工具-社区SEO,1,
6940,excel文件打不开,组件功能与教程,WPS表格,WPS表格/文字/演示/PDF功能与操作，适合功能教程页,,123.0,,,第三方工具-社区SEO,1,
6941,excel取消隐藏,组件功能与教程,WPS表格,WPS表格/文字/演示/PDF功能与操作，适合功能教程页,,63.0,,,第三方工具-社区SEO,1,
6942,excel插入多行,组件功能与教程,WPS表格,WPS表格/文字/演示/PDF功能与操作，适合功能教程页,,30.0,,,第三方工具-社区SEO,1,
6943,excel取整公式,组件功能与教程,WPS表格,WPS表格/文字/演示/PDF功能与操作，适合功能教程页,,16.0,,,第三方工具-社区SEO,1,
6944,excel日历,组件功能与教程,WPS表格,WPS表格/文字/演示/PDF功能与操作，适合功能教程页,,16.0,,,第三方工具-社区SEO,1,
6945,excel折叠,组件功能与教程,WPS表格,WPS表格/文字/演示/PDF功能与操作，适合功能教程页,,13.0,,,第三方工具-社区SEO,1,
6946,excel向下填充,组件功能与教程,WPS表格,WPS表格/文字/演示/PDF功能与操作，适合功能教程页,,13.0,,,第三方工具-社区SEO,1,
6947,excel导出图片,组件功能与教程,WPS表格,WPS表格/文字/演示/PDF功能与操作，适合功能教程页,,12.0,,,第三方工具-社区SEO,1,
6948,excel数据分析工具,组件功能与教程,WPS表格,WPS表格/文字/演示/PDF功能与操作，适合功能教程页,,11.0,,,第三方工具-社区SEO,1,
6949,excel单元格插入图片,组件功能与教程,WPS表格,WPS表格/文字/演示/PDF功能与操作，适合功能教程页,,10.0,,,第三方工具-社区SEO,1,
6950,excel身份证号计算年龄,组件功能与教程,WPS表格,WPS表格/文字/演示/PDF功能与操作，适合功能教程页,,10.0,,,第三方工具-社区SEO,1,
6951,excel一列拆分成两列,组件功能与教程,WPS表格,WPS表格/文字/演示/PDF功能与操作，适合功能教程页,,10.0,,,第三方工具-社区SEO,1,
6952,微软excel,组件功能与教程,WPS表格,WPS表格/文字/演示/PDF功能与操作，适合功能教程页,,10.0,,,第三方工具-社区SEO,1,
6953,excel打印表头,组件功能与教程,WPS表格,WPS表格/文字/演示/PDF功能与操作，适合功能教程页,,10.0,,,第三方工具-社区SEO,1,
6954,js导出excel,组件功能与教程,WPS表格,WPS表格/文字/演示/PDF功能与操作，适合功能教程页,,9.0,,,第三方工具-社区SEO,1,
6955,excel表格删除空白行,组件功能与教程,WPS表格,WPS表格/文字/演示/PDF功能与操作，适合功能教程页,,9.0,,,第三方工具-社区SEO,1,
6956,excel合并重复项,组件功能与教程,WPS表格,WPS表格/文字/演示/PDF功能与操作，适合功能教程页,,9.0,,,第三方工具-社区SEO,1,
6957,excel表格取整数公式,组件功能与教程,WPS表格,WPS表格/文字/演示/PDF功能与操作，适合功能教程页,,9.0,,,第三方工具-社区SEO,1,
6958,excel重复项,组件功能与教程,WPS表格,WPS表格/文字/演示/PDF功能与操作，适合功能教程页,,9.0,,,第三方工具-社区SEO,1,
6959,excel作图,组件功能与教程,WPS表格,WPS表格/文字/演示/PDF功能与操作，适合功能教程页,,9.0,,,第三方工具-社区SEO,1,
6960,excel截取,组件功能与教程,WPS表格,WPS表格/文字/演示/PDF功能与操作，适合功能教程页,,9.0,,,第三方工具-社区SEO,1,
6961,excel文件格式,组件功能与教程,WPS表格,WPS表格/文字/演示/PDF功能与操作，适合功能教程页,,9.0,,,第三方工具-社区SEO,1,
6962,excel游戏,组件功能与教程,WPS表格,WPS表格/文字/演示/PDF功能与操作，适合功能教程页,,8.0,,,第三方工具-社区SEO,1,
6963,excel回归分析,组件功能与教程,WPS表格,WPS表格/文字/演示/PDF功能与操作，适合功能教程页,,8.0,,,第三方工具-社区SEO,1,
6964,excel画折线图,组件功能与教程,WPS表格,WPS表格/文字/演示/PDF功能与操作，适合功能教程页,,8.0,,,第三方工具-社区SEO,1,
6965,excel制作图表,组件功能与教程,WPS表格,WPS表格/文字/演示/PDF功能与操作，适合功能教程页,,8.0,,,第三方工具-社区SEO,1,
6966,excel分类统计,组件功能与教程,WPS表格,WPS表格/文字/演示/PDF功能与操作，适合功能教程页,,8.0,,,第三方工具-社区SEO,1,
6967,excel插入日期,组件功能与教程,WPS表格,WPS表格/文字/演示/PDF功能与操作，适合功能教程页,,8.0,,,第三方工具-社区SEO,1,
6968,excel反选,组件功能与教程,WPS表格,WPS表格/文字/演示/PDF功能与操作，适合功能教程页,,8.0,,,第三方工具-社区SEO,1,
6969,excel多条件筛选,组件功能与教程,WPS表格,WPS表格/文字/演示/PDF功能与操作，适合功能教程页,,8.0,,,第三方工具-社区SEO,1,
6970,excel表格求平均值,组件功能与教程,WPS表格,WPS表格/文字/演示/PDF功能与操作，适合功能教程页,,8.0,,,第三方工具-社区SEO,1,
6971,excel无法粘贴数据,组件功能与教程,WPS表格,WPS表格/文字/演示/PDF功能与操作，适合功能教程页,,8.0,,,第三方工具-社区SEO,1,
6972,excel隐藏,组件功能与教程,WPS表格,WPS表格/文字/演示/PDF功能与操作，适合功能教程页,,8.0,,,第三方工具-社区SEO,1,
6973,合并单元格excel,组件功能与教程,WPS表格,WPS表格/文字/演示/PDF功能与操作，适合功能教程页,,8.0,,,第三方工具-社区SEO,1,
6974,excel年龄,组件功能与教程,WPS表格,WPS表格/文字/演示/PDF功能与操作，适合功能教程页,,8.0,,,第三方工具-社区SEO,1,
6975,excel复制公式,组件功能与教程,WPS表格,WPS表格/文字/演示/PDF功能与操作，适合功能教程页,,8.0,,,第三方工具-社区SEO,1,
6976,excel日期计算,组件功能与教程,WPS表格,WPS表格/文字/演示/PDF功能与操作，适合功能教程页,,8.0,,,第三方工具-社区SEO,1,
6977,excel年龄计算,组件功能与教程,WPS表格,WPS表格/文字/演示/PDF功能与操作，适合功能教程页,,8.0,,,第三方工具-社区SEO,1,
6978,excel抽奖,组件功能与教程,WPS表格,WPS表格/文字/演示/PDF功能与操作，适合功能教程页,,7.0,,,第三方工具-社区SEO,1,
6979,excel阅读模式,组件功能与教程,WPS表格,WPS表格/文字/演示/PDF功能与操作，适合功能教程页,,7.0,,,第三方工具-社区SEO,1,
6980,excel删除空白页,组件功能与教程,WPS表格,WPS表格/文字/演示/PDF功能与操作，适合功能教程页,,7.0,,,第三方工具-社区SEO,1,
6981,excel锁定表头,组件功能与教程,WPS表格,WPS表格/文字/演示/PDF功能与操作，适合功能教程页,,7.0,,,第三方工具-社区SEO,1,
6982,excel插入折线图,组件功能与教程,WPS表格,WPS表格/文字/演示/PDF功能与操作，适合功能教程页,,7.0,,,第三方工具-社区SEO,1,
6983,excel文本转数字,组件功能与教程,WPS表格,WPS表格/文字/演示/PDF功能与操作，适合功能教程页,,7.0,,,第三方工具-社区SEO,1,
6984,excel列去重,组件功能与教程,WPS表格,WPS表格/文字/演示/PDF功能与操作，适合功能教程页,,7.0,,,第三方工具-社区SEO,1,
6985,excel做甘特图,组件功能与教程,WPS表格,WPS表格/文字/演示/PDF功能与操作，适合功能教程页,,7.0,,,第三方工具-社区SEO,1,
6986,excel倒序排列,组件功能与教程,WPS表格,WPS表格/文字/演示/PDF功能与操作，适合功能教程页,,7.0,,,第三方工具-社区SEO,1,
6987,excel 下拉多选,组件功能与教程,WPS表格,WPS表格/文字/演示/PDF功能与操作，适合功能教程页,,7.0,,,第三方工具-社区SEO,1,
6988,excel按数字大小排序,组件功能与教程,WPS表格,WPS表格/文字/演示/PDF功能与操作，适合功能教程页,,7.0,,,第三方工具-社区SEO,1,
6989,excel自适应行高,组件功能与教程,WPS表格,WPS表格/文字/演示/PDF功能与操作，适合功能教程页,,7.0,,,第三方工具-社区SEO,1,
6990,excel取余,组件功能与教程,WPS表格,WPS表格/文字/演示/PDF功能与操作，适合功能教程页,,7.0,,,第三方工具-社区SEO,1,
6991,excel批量删除指定内容,组件功能与教程,WPS表格,WPS表格/文字/演示/PDF功能与操作，适合功能教程页,,7.0,,,第三方工具-社区SEO,1,
6992,导入excel,组件功能与教程,WPS表格,WPS表格/文字/演示/PDF功能与操作，适合功能教程页,,7.0,,,第三方工具-社区SEO,1,
6993,excel筛选数据,组件功能与教程,WPS表格,WPS表格/文字/演示/PDF功能与操作，适合功能教程页,,7.0,,,第三方工具-社区SEO,1,
6994,excel大写,组件功能与教程,WPS表格,WPS表格/文字/演示/PDF功能与操作，适合功能教程页,,7.0,,,第三方工具-社区SEO,1,
6995,excel数字格式,组件功能与教程,WPS表格,WPS表格/文字/演示/PDF功能与操作，适合功能教程页,,7.0,,,第三方工具-社区SEO,1,
6996,excel数据合并,组件功能与教程,WPS表格,WPS表格/文字/演示/PDF功能与操作，适合功能教程页,,7.0,,,第三方工具-社区SEO,1,
6997,excel筛选重复,组件功能与教程,WPS表格,WPS表格/文字/演示/PDF功能与操作，适合功能教程页,,7.0,,,第三方工具-社区SEO,1,
6998,把excel表格导入word,组件功能与教程,WPS表格,WPS表格/文字/演示/PDF功能与操作，适合功能教程页,,9.0,,,第三方工具-社区SEO,1,
6999,word表格换行,组件功能与教程,WPS表格,WPS表格/文字/演示/PDF功能与操作，适合功能教程页,,7.0,,,第三方工具-社区SEO,1,
7000,word拆分表格,组件功能与教程,WPS表格,WPS表格/文字/演示/PDF功能与操作，适合功能教程页,,7.0,,,第三方工具-社区SEO,1,
7001,word表格行间距,组件功能与教程,WPS表格,WPS表格/文字/演示/PDF功能与操作，适合功能教程页,,6.0,,,第三方工具-社区SEO,1,
7002,标准差excel,组件功能与教程,WPS表格,WPS表格/文字/演示/PDF功能与操作，适合功能教程页,,130.0,,,第三方工具-社区SEO,1,
7003,excel2016,组件功能与教程,WPS表格,WPS表格/文字/演示/PDF功能与操作，适合功能教程页,,59.0,,,第三方工具-社区SEO,1,
7004,excel行间距,组件功能与教程,WPS表格,WPS表格/文字/演示/PDF功能与操作，适合功能教程页,,13.0,,,第三方工具-社区SEO,1,
7005,excel绝对引用快捷键,组件功能与教程,WPS表格,WPS表格/文字/演示/PDF功能与操作，适合功能教程页,,13.0,,,第三方工具-社区SEO,1,
7006,excel平均值函数,组件功能与教程,WPS表格,WPS表格/文字/演示/PDF功能与操作，适合功能教程页,,12.0,,,第三方工具-社区SEO,1,
7007,excel文字,组件功能与教程,WPS表格,WPS表格/文字/演示/PDF功能与操作，适合功能教程页,,12.0,,,第三方工具-社区SEO,1,
7008,导出excel,组件功能与教程,WPS表格,WPS表格/文字/演示/PDF功能与操作，适合功能教程页,,10.0,,,第三方工具-社区SEO,1,
7009,excel序号函数,组件功能与教程,WPS表格,WPS表格/文字/演示/PDF功能与操作，适合功能教程页,,9.0,,,第三方工具-社区SEO,1,
7010,excel自动填充快捷键,组件功能与教程,WPS表格,WPS表格/文字/演示/PDF功能与操作，适合功能教程页,,9.0,,,第三方工具-社区SEO,1,
7011,excel求差,组件功能与教程,WPS表格,WPS表格/文字/演示/PDF功能与操作，适合功能教程页,,8.0,,,第三方工具-社区SEO,1,
7012,excel表头固定,组件功能与教程,WPS表格,WPS表格/文字/演示/PDF功能与操作，适合功能教程页,,8.0,,,第三方工具-社区SEO,1,
7013,excel取消筛选,组件功能与教程,WPS表格,WPS表格/文字/演示/PDF功能与操作，适合功能教程页,,8.0,,,第三方工具-社区SEO,1,
7014,excel表格中换行,组件功能与教程,WPS表格,WPS表格/文字/演示/PDF功能与操作，适合功能教程页,,8.0,,,第三方工具-社区SEO,1,
7015,excel首字母大写,组件功能与教程,WPS表格,WPS表格/文字/演示/PDF功能与操作，适合功能教程页,,8.0,,,第三方工具-社区SEO,1,
7016,excel多条件查找,组件功能与教程,WPS表格,WPS表格/文字/演示/PDF功能与操作，适合功能教程页,,8.0,,,第三方工具-社区SEO,1,
7017,excel常用快捷键大全,组件功能与教程,WPS表格,WPS表格/文字/演示/PDF功能与操作，适合功能教程页,,8.0,,,第三方工具-社区SEO,1,
7018,excel批量替换,组件功能与教程,WPS表格,WPS表格/文字/演示/PDF功能与操作，适合功能教程页,,7.0,,,第三方工具-社区SEO,1,
7019,excel文件加密,组件功能与教程,WPS表格,WPS表格/文字/演示/PDF功能与操作，适合功能教程页,,7.0,,,第三方工具-社区SEO,1,
7020,excel计算工龄,组件功能与教程,WPS表格,WPS表格/文字/演示/PDF功能与操作，适合功能教程页,,7.0,,,第三方工具-社区SEO,1,
7021,excel迷你图,组件功能与教程,WPS表格,WPS表格/文字/演示/PDF功能与操作，适合功能教程页,,7.0,,,第三方工具-社区SEO,1,
7022,excel加页码,组件功能与教程,WPS表格,WPS表格/文字/演示/PDF功能与操作，适合功能教程页,,7.0,,,第三方工具-社区SEO,1,
7023,excel自动生成序号,组件功能与教程,WPS表格,WPS表格/文字/演示/PDF功能与操作，适合功能教程页,,7.0,,,第三方工具-社区SEO,1,
7024,excel制作甘特图,组件功能与教程,WPS表格,WPS表格/文字/演示/PDF功能与操作，适合功能教程页,,7.0,,,第三方工具-社区SEO,1,
7025,excel解方程,组件功能与教程,WPS表格,WPS表格/文字/演示/PDF功能与操作，适合功能教程页,,7.0,,,第三方工具-社区SEO,1,
7026,excel求平均值公式,组件功能与教程,WPS表格,WPS表格/文字/演示/PDF功能与操作，适合功能教程页,,7.0,,,第三方工具-社区SEO,1,
7027,excel天数计算公式,组件功能与教程,WPS表格,WPS表格/文字/演示/PDF功能与操作，适合功能教程页,,7.0,,,第三方工具-社区SEO,1,
7028,excel取余数,组件功能与教程,WPS表格,WPS表格/文字/演示/PDF功能与操作，适合功能教程页,,7.0,,,第三方工具-社区SEO,1,
7029,excel中位数公式,组件功能与教程,WPS表格,WPS表格/文字/演示/PDF功能与操作，适合功能教程页,,7.0,,,第三方工具-社区SEO,1,
7030,excel清除内容快捷键,组件功能与教程,WPS表格,WPS表格/文字/演示/PDF功能与操作，适合功能教程页,,7.0,,,第三方工具-社区SEO,1,
7031,excel取余函数,组件功能与教程,WPS表格,WPS表格/文字/演示/PDF功能与操作，适合功能教程页,,7.0,,,第三方工具-社区SEO,1,
7032,excel固定首行,组件功能与教程,WPS表格,WPS表格/文字/演示/PDF功能与操作，适合功能教程页,,7.0,,,第三方工具-社区SEO,1,
7033,删除excel空白行,组件功能与教程,WPS表格,WPS表格/文字/演示/PDF功能与操作，适合功能教程页,,7.0,,,第三方工具-社区SEO,1,
7034,excel日期只保留年月,组件功能与教程,WPS表格,WPS表格/文字/演示/PDF功能与操作，适合功能教程页,,7.0,,,第三方工具-社区SEO,1,
7035,excel表格计算,组件功能与教程,WPS表格,WPS表格/文字/演示/PDF功能与操作，适合功能教程页,,7.0,,,第三方工具-社区SEO,1,
7036,excel 版本,组件功能与教程,WPS表格,WPS表格/文字/演示/PDF功能与操作，适合功能教程页,,7.0,,,第三方工具-社区SEO,1,
7037,excel分页,组件功能与教程,WPS表格,WPS表格/文字/演示/PDF功能与操作，适合功能教程页,,7.0,,,第三方工具-社区SEO,1,
7038,excel求平均,组件功能与教程,WPS表格,WPS表格/文字/演示/PDF功能与操作，适合功能教程页,,7.0,,,第三方工具-社区SEO,1,
7039,excel下划线,组件功能与教程,WPS表格,WPS表格/文字/演示/PDF功能与操作，适合功能教程页,,6.0,,,第三方工具-社区SEO,1,
7040,excel数据排序,组件功能与教程,WPS表格,WPS表格/文字/演示/PDF功能与操作，适合功能教程页,,6.0,,,第三方工具-社区SEO,1,
7041,excel分页符,组件功能与教程,WPS表格,WPS表格/文字/演示/PDF功能与操作，适合功能教程页,,6.0,,,第三方工具-社区SEO,1,
7042,excel填充序号,组件功能与教程,WPS表格,WPS表格/文字/演示/PDF功能与操作，适合功能教程页,,6.0,,,第三方工具-社区SEO,1,
7043,excel一列求和,组件功能与教程,WPS表格,WPS表格/文字/演示/PDF功能与操作，适合功能教程页,,6.0,,,第三方工具-社区SEO,1,
7044,透视图excel,组件功能与教程,WPS表格,WPS表格/文字/演示/PDF功能与操作，适合功能教程页,,6.0,,,第三方工具-社区SEO,1,
7045,excel加权平均,组件功能与教程,WPS表格,WPS表格/文字/演示/PDF功能与操作，适合功能教程页,,6.0,,,第三方工具-社区SEO,1,
7046,excel表格下拉选项,组件功能与教程,WPS表格,WPS表格/文字/演示/PDF功能与操作，适合功能教程页,,6.0,,,第三方工具-社区SEO,1,
7047,excel冻结首行,组件功能与教程,WPS表格,WPS表格/文字/演示/PDF功能与操作，适合功能教程页,,6.0,,,第三方工具-社区SEO,1,
7048,excel冻结窗格,组件功能与教程,WPS表格,WPS表格/文字/演示/PDF功能与操作，适合功能教程页,,6.0,,,第三方工具-社区SEO,1,
7049,excel大写公式,组件功能与教程,WPS表格,WPS表格/文字/演示/PDF功能与操作，适合功能教程页,,6.0,,,第三方工具-社区SEO,1,
7050,excel表格拆分单元格,组件功能与教程,WPS表格,WPS表格/文字/演示/PDF功能与操作，适合功能教程页,,6.0,,,第三方工具-社区SEO,1,
7051,excel常用快捷键,组件功能与教程,WPS表格,WPS表格/文字/演示/PDF功能与操作，适合功能教程页,,6.0,,,第三方工具-社区SEO,1,
7052,excel批量合并单元格,组件功能与教程,WPS表格,WPS表格/文字/演示/PDF功能与操作，适合功能教程页,,6.0,,,第三方工具-社区SEO,1,
7053,excel添加水印,组件功能与教程,WPS表格,WPS表格/文字/演示/PDF功能与操作，适合功能教程页,,6.0,,,第三方工具-社区SEO,1,
7054,excel重复标题行,组件功能与教程,WPS表格,WPS表格/文字/演示/PDF功能与操作，适合功能教程页,,6.0,,,第三方工具-社区SEO,1,
7055,excel单元格自动换行,组件功能与教程,WPS表格,WPS表格/文字/演示/PDF功能与操作，适合功能教程页,,6.0,,,第三方工具-社区SEO,1,
7056,excel快速填充序号,组件功能与教程,WPS表格,WPS表格/文字/演示/PDF功能与操作，适合功能教程页,,6.0,,,第三方工具-社区SEO,1,
7057,excel分组求和,组件功能与教程,WPS表格,WPS表格/文字/演示/PDF功能与操作，适合功能教程页,,6.0,,,第三方工具-社区SEO,1,
7058,excel取消隐藏快捷键,组件功能与教程,WPS表格,WPS表格/文字/演示/PDF功能与操作，适合功能教程页,,6.0,,,第三方工具-社区SEO,1,
7059,excel单元格换行快捷键,组件功能与教程,WPS表格,WPS表格/文字/演示/PDF功能与操作，适合功能教程页,,6.0,,,第三方工具-社区SEO,1,
7060,excel中位数函数,组件功能与教程,WPS表格,WPS表格/文字/演示/PDF功能与操作，适合功能教程页,,6.0,,,第三方工具-社区SEO,1,
7061,excel身份证算年龄公式,组件功能与教程,WPS表格,WPS表格/文字/演示/PDF功能与操作，适合功能教程页,,6.0,,,第三方工具-社区SEO,1,
7062,excel输入数字自动变成日期,组件功能与教程,WPS表格,WPS表格/文字/演示/PDF功能与操作，适合功能教程页,,6.0,,,第三方工具-社区SEO,1,
7063,excel一行,组件功能与教程,WPS表格,WPS表格/文字/演示/PDF功能与操作，适合功能教程页,,6.0,,,第三方工具-社区SEO,1,
7064,excel填充颜色,组件功能与教程,WPS表格,WPS表格/文字/演示/PDF功能与操作，适合功能教程页,,6.0,,,第三方工具-社区SEO,1,
7065,Excel身份证号,组件功能与教程,WPS表格,WPS表格/文字/演示/PDF功能与操作，适合功能教程页,,6.0,,,第三方工具-社区SEO,1,
7066,excel删除重复,组件功能与教程,WPS表格,WPS表格/文字/演示/PDF功能与操作，适合功能教程页,,6.0,,,第三方工具-社区SEO,1,
7067,excel多选,组件功能与教程,WPS表格,WPS表格/文字/演示/PDF功能与操作，适合功能教程页,,6.0,,,第三方工具-社区SEO,1,
7068,excel三角函数,组件功能与教程,WPS表格,WPS表格/文字/演示/PDF功能与操作，适合功能教程页,,4.0,,,第三方工具-社区SEO,1,
7069,word表格排序,组件功能与教程,WPS表格,WPS表格/文字/演示/PDF功能与操作，适合功能教程页,,9.0,,,第三方工具-社区SEO,1,
7070,excel表格导入word,组件功能与教程,WPS表格,WPS表格/文字/演示/PDF功能与操作，适合功能教程页,,7.0,,,第三方工具-社区SEO,1,
7071,word表格调整行高,组件功能与教程,WPS表格,WPS表格/文字/演示/PDF功能与操作，适合功能教程页,,7.0,,,第三方工具-社区SEO,1,
7072,word表格行高,组件功能与教程,WPS表格,WPS表格/文字/演示/PDF功能与操作，适合功能教程页,,6.0,,,第三方工具-社区SEO,1,
7073,word表格显示不全,组件功能与教程,WPS表格,WPS表格/文字/演示/PDF功能与操作，适合功能教程页,,6.0,,,第三方工具-社区SEO,1,
7074,word导入excel表格,组件功能与教程,WPS表格,WPS表格/文字/演示/PDF功能与操作，适合功能教程页,,6.0,,,第三方工具-社区SEO,1,
7075,word表格垂直居中,组件功能与教程,WPS表格,WPS表格/文字/演示/PDF功能与操作，适合功能教程页,,6.0,,,第三方工具-社区SEO,1,
7076,word里面的表格,组件功能与教程,WPS表格,WPS表格/文字/演示/PDF功能与操作，适合功能教程页,,5.0,,,第三方工具-社区SEO,1,
7077,word表格断开,组件功能与教程,WPS表格,WPS表格/文字/演示/PDF功能与操作，适合功能教程页,,5.0,,,第三方工具-社区SEO,1,
7078,excel快捷键大全,组件功能与教程,WPS表格,WPS表格/文字/演示/PDF功能与操作，适合功能教程页,,129.0,,,第三方工具-社区SEO,1,
7079,excel直方图,组件功能与教程,WPS表格,WPS表格/文字/演示/PDF功能与操作，适合功能教程页,,126.0,,,第三方工具-社区SEO,1,
7080,excel函数vlookup,组件功能与教程,WPS表格,WPS表格/文字/演示/PDF功能与操作，适合功能教程页,,117.0,,,第三方工具-社区SEO,1,
7081,excel转vcf,组件功能与教程,WPS表格,WPS表格/文字/演示/PDF功能与操作，适合功能教程页,,61.0,,,第三方工具-社区SEO,1,
7082,excel向上取整,组件功能与教程,WPS表格,WPS表格/文字/演示/PDF功能与操作，适合功能教程页,,59.0,,,第三方工具-社区SEO,1,
7083,excel横排变竖排,组件功能与教程,WPS表格,WPS表格/文字/演示/PDF功能与操作，适合功能教程页,,27.0,,,第三方工具-社区SEO,1,
7084,excel透视,组件功能与教程,WPS表格,WPS表格/文字/演示/PDF功能与操作，适合功能教程页,,18.0,,,第三方工具-社区SEO,1,
7085,excel生成折线图,组件功能与教程,WPS表格,WPS表格/文字/演示/PDF功能与操作，适合功能教程页,,13.0,,,第三方工具-社区SEO,1,
7086,excel的if函数,组件功能与教程,WPS表格,WPS表格/文字/演示/PDF功能与操作，适合功能教程页,,12.0,,,第三方工具-社区SEO,1,
7087,excel斜线,组件功能与教程,WPS表格,WPS表格/文字/演示/PDF功能与操作，适合功能教程页,,12.0,,,第三方工具-社区SEO,1,
7088,excel快速求和,组件功能与教程,WPS表格,WPS表格/文字/演示/PDF功能与操作，适合功能教程页,,10.0,,,第三方工具-社区SEO,1,
7089,excel去重计数,组件功能与教程,WPS表格,WPS表格/文字/演示/PDF功能与操作，适合功能教程页,,10.0,,,第三方工具-社区SEO,1,
7090,excel插入图表,组件功能与教程,WPS表格,WPS表格/文字/演示/PDF功能与操作，适合功能教程页,,10.0,,,第三方工具-社区SEO,1,
7091,excel百分比,组件功能与教程,WPS表格,WPS表格/文字/演示/PDF功能与操作，适合功能教程页,,9.0,,,第三方工具-社区SEO,1,
7092,excel行距,组件功能与教程,WPS表格,WPS表格/文字/演示/PDF功能与操作，适合功能教程页,,9.0,,,第三方工具-社区SEO,1,
7093,excel除法函数公式,组件功能与教程,WPS表格,WPS表格/文字/演示/PDF功能与操作，适合功能教程页,,8.0,,,第三方工具-社区SEO,1,
7094,excel替换换行符,组件功能与教程,WPS表格,WPS表格/文字/演示/PDF功能与操作，适合功能教程页,,8.0,,,第三方工具-社区SEO,1,
7095,excel删除整行快捷键,组件功能与教程,WPS表格,WPS表格/文字/演示/PDF功能与操作，适合功能教程页,,8.0,,,第三方工具-社区SEO,1,
7096,excel分类,组件功能与教程,WPS表格,WPS表格/文字/演示/PDF功能与操作，适合功能教程页,,8.0,,,第三方工具-社区SEO,1,
7097,excel版本,组件功能与教程,WPS表格,WPS表格/文字/演示/PDF功能与操作，适合功能教程页,,8.0,,,第三方工具-社区SEO,1,
7098,excel查找重复,组件功能与教程,WPS表格,WPS表格/文字/演示/PDF功能与操作，适合功能教程页,,8.0,,,第三方工具-社区SEO,1,
7099,excel绘图,组件功能与教程,WPS表格,WPS表格/文字/演示/PDF功能与操作，适合功能教程页,,8.0,,,第三方工具-社区SEO,1,
7100,excel饼状图,组件功能与教程,WPS表格,WPS表格/文字/演示/PDF功能与操作，适合功能教程页,,7.0,,,第三方工具-社区SEO,1,
7101,excel中vlookup,组件功能与教程,WPS表格,WPS表格/文字/演示/PDF功能与操作，适合功能教程页,,7.0,,,第三方工具-社区SEO,1,
7102,excel标准差函数,组件功能与教程,WPS表格,WPS表格/文字/演示/PDF功能与操作，适合功能教程页,,7.0,,,第三方工具-社区SEO,1,
7103,excel多条件匹配,组件功能与教程,WPS表格,WPS表格/文字/演示/PDF功能与操作，适合功能教程页,,7.0,,,第三方工具-社区SEO,1,
7104,excel取消工作表保护,组件功能与教程,WPS表格,WPS表格/文字/演示/PDF功能与操作，适合功能教程页,,7.0,,,第三方工具-社区SEO,1,
7105,excel快捷,组件功能与教程,WPS表格,WPS表格/文字/演示/PDF功能与操作，适合功能教程页,,7.0,,,第三方工具-社区SEO,1,
7106,excel表格选项,组件功能与教程,WPS表格,WPS表格/文字/演示/PDF功能与操作，适合功能教程页,,6.0,,,第三方工具-社区SEO,1,
7107,excel数字排序,组件功能与教程,WPS表格,WPS表格/文字/演示/PDF功能与操作，适合功能教程页,,6.0,,,第三方工具-社区SEO,1,
7108,excel隐藏列,组件功能与教程,WPS表格,WPS表格/文字/演示/PDF功能与操作，适合功能教程页,,6.0,,,第三方工具-社区SEO,1,
7109,excel固定行,组件功能与教程,WPS表格,WPS表格/文字/演示/PDF功能与操作，适合功能教程页,,6.0,,,第三方工具-社区SEO,1,
7110,excel插入公式,组件功能与教程,WPS表格,WPS表格/文字/演示/PDF功能与操作，适合功能教程页,,6.0,,,第三方工具-社区SEO,1,
7111,excel筛选函数,组件功能与教程,WPS表格,WPS表格/文字/演示/PDF功能与操作，适合功能教程页,,6.0,,,第三方工具-社区SEO,1,
7112,excel自定义格式,组件功能与教程,WPS表格,WPS表格/文字/演示/PDF功能与操作，适合功能教程页,,6.0,,,第三方工具-社区SEO,1,
7113,excel操作题,组件功能与教程,WPS表格,WPS表格/文字/演示/PDF功能与操作，适合功能教程页,,6.0,,,第三方工具-社区SEO,1,
7114,excel制作日历,组件功能与教程,WPS表格,WPS表格/文字/演示/PDF功能与操作，适合功能教程页,,6.0,,,第三方工具-社区SEO,1,
7115,excel分类求和,组件功能与教程,WPS表格,WPS表格/文字/演示/PDF功能与操作，适合功能教程页,,6.0,,,第三方工具-社区SEO,1,
7116,excel365,组件功能与教程,WPS表格,WPS表格/文字/演示/PDF功能与操作，适合功能教程页,,6.0,,,第三方工具-社区SEO,1,
7117,excel百分比函数,组件功能与教程,WPS表格,WPS表格/文字/演示/PDF功能与操作，适合功能教程页,,6.0,,,第三方工具-社区SEO,1,
7118,excel数据透视图,组件功能与教程,WPS表格,WPS表格/文字/演示/PDF功能与操作，适合功能教程页,,6.0,,,第三方工具-社区SEO,1,
7119,excel身份证计算年龄,组件功能与教程,WPS表格,WPS表格/文字/演示/PDF功能与操作，适合功能教程页,,6.0,,,第三方工具-社区SEO,1,
7120,excel转置粘贴,组件功能与教程,WPS表格,WPS表格/文字/演示/PDF功能与操作，适合功能教程页,,6.0,,,第三方工具-社区SEO,1,
7121,python处理excel数据,组件功能与教程,WPS表格,WPS表格/文字/演示/PDF功能与操作，适合功能教程页,,6.0,,,第三方工具-社区SEO,1,
7122,excel合并单元格在哪,组件功能与教程,WPS表格,WPS表格/文字/演示/PDF功能与操作，适合功能教程页,,6.0,,,第三方工具-社区SEO,1,
7123,excel粘贴到可见单元格,组件功能与教程,WPS表格,WPS表格/文字/演示/PDF功能与操作，适合功能教程页,,6.0,,,第三方工具-社区SEO,1,
7124,excel纵向数据转横向,组件功能与教程,WPS表格,WPS表格/文字/演示/PDF功能与操作，适合功能教程页,,6.0,,,第三方工具-社区SEO,1,
7125,删除空行excel,组件功能与教程,WPS表格,WPS表格/文字/演示/PDF功能与操作，适合功能教程页,,6.0,,,第三方工具-社区SEO,1,
7126,excel组合,组件功能与教程,WPS表格,WPS表格/文字/演示/PDF功能与操作，适合功能教程页,,6.0,,,第三方工具-社区SEO,1,
7127,excel比对,组件功能与教程,WPS表格,WPS表格/文字/演示/PDF功能与操作，适合功能教程页,,6.0,,,第三方工具-社区SEO,1,
7128,excel中if,组件功能与教程,WPS表格,WPS表格/文字/演示/PDF功能与操作，适合功能教程页,,5.0,,,第三方工具-社区SEO,1,
7129,excel美化,组件功能与教程,WPS表格,WPS表格/文字/演示/PDF功能与操作，适合功能教程页,,5.0,,,第三方工具-社区SEO,1,
7130,excel查重复,组件功能与教程,WPS表格,WPS表格/文字/演示/PDF功能与操作，适合功能教程页,,5.0,,,第三方工具-社区SEO,1,
7131,excel下拉填充,组件功能与教程,WPS表格,WPS表格/文字/演示/PDF功能与操作，适合功能教程页,,5.0,,,第三方工具-社区SEO,1,
7132,excel图片压缩,组件功能与教程,WPS表格,WPS表格/文字/演示/PDF功能与操作，适合功能教程页,,5.0,,,第三方工具-社区SEO,1,
7133,破解版excel,组件功能与教程,WPS表格,WPS表格/文字/演示/PDF功能与操作，适合功能教程页,,5.0,,,第三方工具-社区SEO,1,
7134,excel组合图,组件功能与教程,WPS表格,WPS表格/文字/演示/PDF功能与操作，适合功能教程页,,5.0,,,第三方工具-社区SEO,1,
7135,excel科学计数法,组件功能与教程,WPS表格,WPS表格/文字/演示/PDF功能与操作，适合功能教程页,,5.0,,,第三方工具-社区SEO,1,
7136,excel取消保护,组件功能与教程,WPS表格,WPS表格/文字/演示/PDF功能与操作，适合功能教程页,,5.0,,,第三方工具-社区SEO,1,
7137,excel打印居中,组件功能与教程,WPS表格,WPS表格/文字/演示/PDF功能与操作，适合功能教程页,,5.0,,,第三方工具-社区SEO,1,
7138,excel中插入图片,组件功能与教程,WPS表格,WPS表格/文字/演示/PDF功能与操作，适合功能教程页,,5.0,,,第三方工具-社区SEO,1,
7139,excel护眼模式,组件功能与教程,WPS表格,WPS表格/文字/演示/PDF功能与操作，适合功能教程页,,5.0,,,第三方工具-社区SEO,1,
7140,excel插入批注,组件功能与教程,WPS表格,WPS表格/文字/演示/PDF功能与操作，适合功能教程页,,5.0,,,第三方工具-社区SEO,1,
7141,excel时间相减,组件功能与教程,WPS表格,WPS表格/文字/演示/PDF功能与操作，适合功能教程页,,5.0,,,第三方工具-社区SEO,1,
7142,excel筛选重复值,组件功能与教程,WPS表格,WPS表格/文字/演示/PDF功能与操作，适合功能教程页,,5.0,,,第三方工具-社区SEO,1,
7143,excel日期加减,组件功能与教程,WPS表格,WPS表格/文字/演示/PDF功能与操作，适合功能教程页,,5.0,,,第三方工具-社区SEO,1,
7144,excel插入序号,组件功能与教程,WPS表格,WPS表格/文字/演示/PDF功能与操作，适合功能教程页,,5.0,,,第三方工具-社区SEO,1,
7145,excel行变列,组件功能与教程,WPS表格,WPS表格/文字/演示/PDF功能与操作，适合功能教程页,,5.0,,,第三方工具-社区SEO,1,
7146,excel公式不计算,组件功能与教程,WPS表格,WPS表格/文字/演示/PDF功能与操作，适合功能教程页,,5.0,,,第三方工具-社区SEO,1,
7147,excel聚光灯,组件功能与教程,WPS表格,WPS表格/文字/演示/PDF功能与操作，适合功能教程页,,5.0,,,第三方工具-社区SEO,1,
7148,excel表格翻译,组件功能与教程,WPS表格,WPS表格/文字/演示/PDF功能与操作，适合功能教程页,,5.0,,,第三方工具-社区SEO,1,
7149,excel时间计算公式,组件功能与教程,WPS表格,WPS表格/文字/演示/PDF功能与操作，适合功能教程页,,5.0,,,第三方工具-社区SEO,1,
7150,excel取对数,组件功能与教程,WPS表格,WPS表格/文字/演示/PDF功能与操作，适合功能教程页,,5.0,,,第三方工具-社区SEO,1,
7151,excel相关性分析,组件功能与教程,WPS表格,WPS表格/文字/演示/PDF功能与操作，适合功能教程页,,5.0,,,第三方工具-社区SEO,1,
7152,excel柱形图制作,组件功能与教程,WPS表格,WPS表格/文字/演示/PDF功能与操作，适合功能教程页,,5.0,,,第三方工具-社区SEO,1,
7153,excel取消排序,组件功能与教程,WPS表格,WPS表格/文字/演示/PDF功能与操作，适合功能教程页,,5.0,,,第三方工具-社区SEO,1,
7154,excel筛选显示数量,组件功能与教程,WPS表格,WPS表格/文字/演示/PDF功能与操作，适合功能教程页,,5.0,,,第三方工具-社区SEO,1,
7155,excel数字转大写,组件功能与教程,WPS表格,WPS表格/文字/演示/PDF功能与操作，适合功能教程页,,5.0,,,第三方工具-社区SEO,1,
7156,excel修订模式,组件功能与教程,WPS表格,WPS表格/文字/演示/PDF功能与操作，适合功能教程页,,5.0,,,第三方工具-社区SEO,1,
7157,excel取消全部隐藏,组件功能与教程,WPS表格,WPS表格/文字/演示/PDF功能与操作，适合功能教程页,,5.0,,,第三方工具-社区SEO,1,
7158,irr公式excel,组件功能与教程,WPS表格,WPS表格/文字/演示/PDF功能与操作，适合功能教程页,,5.0,,,第三方工具-社区SEO,1,
7159,excel求余数,组件功能与教程,WPS表格,WPS表格/文字/演示/PDF功能与操作，适合功能教程页,,5.0,,,第三方工具-社区SEO,1,
7160,excel大写转小写,组件功能与教程,WPS表格,WPS表格/文字/演示/PDF功能与操作，适合功能教程页,,5.0,,,第三方工具-社区SEO,1,
7161,excel统计个数的函数,组件功能与教程,WPS表格,WPS表格/文字/演示/PDF功能与操作，适合功能教程页,,5.0,,,第三方工具-社区SEO,1,
7162,excel两列相乘求和,组件功能与教程,WPS表格,WPS表格/文字/演示/PDF功能与操作，适合功能教程页,,5.0,,,第三方工具-社区SEO,1,
7163,excel取消科学计数法,组件功能与教程,WPS表格,WPS表格/文字/演示/PDF功能与操作，适合功能教程页,,5.0,,,第三方工具-社区SEO,1,
7164,excel计算月份差,组件功能与教程,WPS表格,WPS表格/文字/演示/PDF功能与操作，适合功能教程页,,5.0,,,第三方工具-社区SEO,1,
7165,excel转sql,组件功能与教程,WPS表格,WPS表格/文字/演示/PDF功能与操作，适合功能教程页,,5.0,,,第三方工具-社区SEO,1,
7166,excel快速删除空白行,组件功能与教程,WPS表格,WPS表格/文字/演示/PDF功能与操作，适合功能教程页,,5.0,,,第三方工具-社区SEO,1,
7167,excel日期转文本,组件功能与教程,WPS表格,WPS表格/文字/演示/PDF功能与操作，适合功能教程页,,5.0,,,第三方工具-社区SEO,1,
7168,excel自动编号函数,组件功能与教程,WPS表格,WPS表格/文字/演示/PDF功能与操作，适合功能教程页,,5.0,,,第三方工具-社区SEO,1,
7169,excel.js,组件功能与教程,WPS表格,WPS表格/文字/演示/PDF功能与操作，适合功能教程页,,5.0,,,第三方工具-社区SEO,1,
7170,excel临时文件保存路径,组件功能与教程,WPS表格,WPS表格/文字/演示/PDF功能与操作，适合功能教程页,,5.0,,,第三方工具-社区SEO,1,
7171,excel打印固定表头,组件功能与教程,WPS表格,WPS表格/文字/演示/PDF功能与操作，适合功能教程页,,5.0,,,第三方工具-社区SEO,1,
7172,excel导出,组件功能与教程,WPS表格,WPS表格/文字/演示/PDF功能与操作，适合功能教程页,,5.0,,,第三方工具-社区SEO,1,
7173,excel选择,组件功能与教程,WPS表格,WPS表格/文字/演示/PDF功能与操作，适合功能教程页,,5.0,,,第三方工具-社区SEO,1,
7174,excel计算时间,组件功能与教程,WPS表格,WPS表格/文字/演示/PDF功能与操作，适合功能教程页,,5.0,,,第三方工具-社区SEO,1,
7175,excel列排序,组件功能与教程,WPS表格,WPS表格/文字/演示/PDF功能与操作，适合功能教程页,,5.0,,,第三方工具-社区SEO,1,
7176,excel 隐藏列,组件功能与教程,WPS表格,WPS表格/文字/演示/PDF功能与操作，适合功能教程页,,5.0,,,第三方工具-社区SEO,1,
7177,excel单元格锁定,组件功能与教程,WPS表格,WPS表格/文字/演示/PDF功能与操作，适合功能教程页,,5.0,,,第三方工具-社区SEO,1,
7178,excel查找公式,组件功能与教程,WPS表格,WPS表格/文字/演示/PDF功能与操作，适合功能教程页,,5.0,,,第三方工具-社区SEO,1,
7179,excel数据拆分,组件功能与教程,WPS表格,WPS表格/文字/演示/PDF功能与操作，适合功能教程页,,5.0,,,第三方工具-社区SEO,1,
7180,excel倒序,组件功能与教程,WPS表格,WPS表格/文字/演示/PDF功能与操作，适合功能教程页,,5.0,,,第三方工具-社区SEO,1,
7181,excel选择框,组件功能与教程,WPS表格,WPS表格/文字/演示/PDF功能与操作，适合功能教程页,,5.0,,,第三方工具-社区SEO,1,
7182,ppt表格美化,组件功能与教程,WPS表格,WPS表格/文字/演示/PDF功能与操作，适合功能教程页,,7.0,,,第三方工具-社区SEO,1,
7183,word表格填充序号,组件功能与教程,WPS表格,WPS表格/文字/演示/PDF功能与操作，适合功能教程页,,6.0,,,第三方工具-社区SEO,1,
7184,word表格行距,组件功能与教程,WPS表格,WPS表格/文字/演示/PDF功能与操作，适合功能教程页,,5.0,,,第三方工具-社区SEO,1,
7185,excel插入word,组件功能与教程,WPS表格,WPS表格/文字/演示/PDF功能与操作，适合功能教程页,,5.0,,,第三方工具-社区SEO,1,
7186,word表格复制到excel,组件功能与教程,WPS表格,WPS表格/文字/演示/PDF功能与操作，适合功能教程页,,5.0,,,第三方工具-社区SEO,1,
7187,word表格编号,组件功能与教程,WPS表格,WPS表格/文字/演示/PDF功能与操作，适合功能教程页,,5.0,,,第三方工具-社区SEO,1,
7188,excel表格插入word,组件功能与教程,WPS表格,WPS表格/文字/演示/PDF功能与操作，适合功能教程页,,5.0,,,第三方工具-社区SEO,1,
7189,word插入excel表格,组件功能与教程,WPS表格,WPS表格/文字/演示/PDF功能与操作，适合功能教程页,,5.0,,,第三方工具-社区SEO,1,
7190,word中插入excel,组件功能与教程,WPS表格,WPS表格/文字/演示/PDF功能与操作，适合功能教程页,,5.0,,,第三方工具-社区SEO,1,
7191,word表格无法调整行高,组件功能与教程,WPS表格,WPS表格/文字/演示/PDF功能与操作，适合功能教程页,,5.0,,,第三方工具-社区SEO,1,
7192,word表格调整,组件功能与教程,WPS表格,WPS表格/文字/演示/PDF功能与操作，适合功能教程页,,2.0,,,第三方工具-社区SEO,1,
7193,excel下标,组件功能与教程,WPS表格,WPS表格/文字/演示/PDF功能与操作，适合功能教程页,,122.0,,,第三方工具-社区SEO,1,
7194,excel开方,组件功能与教程,WPS表格,WPS表格/文字/演示/PDF功能与操作，适合功能教程页,,120.0,,,第三方工具-社区SEO,1,
7195,excel计数,组件功能与教程,WPS表格,WPS表格/文字/演示/PDF功能与操作，适合功能教程页,,61.0,,,第三方工具-社区SEO,1,
7196,excel比赛,组件功能与教程,WPS表格,WPS表格/文字/演示/PDF功能与操作，适合功能教程页,,14.0,,,第三方工具-社区SEO,1,
7197,excel数据匹配,组件功能与教程,WPS表格,WPS表格/文字/演示/PDF功能与操作，适合功能教程页,,14.0,,,第三方工具-社区SEO,1,
7198,excel表格打印,组件功能与教程,WPS表格,WPS表格/文字/演示/PDF功能与操作，适合功能教程页,,13.0,,,第三方工具-社区SEO,1,
7199,excel统计函数,组件功能与教程,WPS表格,WPS表格/文字/演示/PDF功能与操作，适合功能教程页,,12.0,,,第三方工具-社区SEO,1,
7200,多个excel合并成一个表,组件功能与教程,WPS表格,WPS表格/文字/演示/PDF功能与操作，适合功能教程页,,12.0,,,第三方工具-社区SEO,1,
7201,excel公式计算,组件功能与教程,WPS表格,WPS表格/文字/演示/PDF功能与操作，适合功能教程页,,12.0,,,第三方工具-社区SEO,1,
7202,excel 打钩,组件功能与教程,WPS表格,WPS表格/文字/演示/PDF功能与操作，适合功能教程页,,10.0,,,第三方工具-社区SEO,1,
7203,合并excel,组件功能与教程,WPS表格,WPS表格/文字/演示/PDF功能与操作，适合功能教程页,,9.0,,,第三方工具-社区SEO,1,
7204,excel之家,组件功能与教程,WPS表格,WPS表格/文字/演示/PDF功能与操作，适合功能教程页,,8.0,,,第三方工具-社区SEO,1,
7205,excel一行拆分多行,组件功能与教程,WPS表格,WPS表格/文字/演示/PDF功能与操作，适合功能教程页,,8.0,,,第三方工具-社区SEO,1,
7206,excel只复制数字不复制公式,组件功能与教程,WPS表格,WPS表格/文字/演示/PDF功能与操作，适合功能教程页,,8.0,,,第三方工具-社区SEO,1,
7207,excel取消打印分割线,组件功能与教程,WPS表格,WPS表格/文字/演示/PDF功能与操作，适合功能教程页,,8.0,,,第三方工具-社区SEO,1,
7208,excel计算两个日期之间的月数,组件功能与教程,WPS表格,WPS表格/文字/演示/PDF功能与操作，适合功能教程页,,8.0,,,第三方工具-社区SEO,1,
7209,excel中text函数的用法,组件功能与教程,WPS表格,WPS表格/文字/演示/PDF功能与操作，适合功能教程页,,8.0,,,第三方工具-社区SEO,1,
7210,excel时间计算,组件功能与教程,WPS表格,WPS表格/文字/演示/PDF功能与操作，适合功能教程页,,8.0,,,第三方工具-社区SEO,1,
7211,excel固定列,组件功能与教程,WPS表格,WPS表格/文字/演示/PDF功能与操作，适合功能教程页,,8.0,,,第三方工具-社区SEO,1,
7212,excel开发工具,组件功能与教程,WPS表格,WPS表格/文字/演示/PDF功能与操作，适合功能教程页,,7.0,,,第三方工具-社区SEO,1,
7213,excel超级表,组件功能与教程,WPS表格,WPS表格/文字/演示/PDF功能与操作，适合功能教程页,,7.0,,,第三方工具-社区SEO,1,
7214,excel刷新快捷键,组件功能与教程,WPS表格,WPS表格/文字/演示/PDF功能与操作，适合功能教程页,,7.0,,,第三方工具-社区SEO,1,
7215,excel转置快捷键,组件功能与教程,WPS表格,WPS表格/文字/演示/PDF功能与操作，适合功能教程页,,7.0,,,第三方工具-社区SEO,1,
7216,excel单元格内换行快捷键,组件功能与教程,WPS表格,WPS表格/文字/演示/PDF功能与操作，适合功能教程页,,7.0,,,第三方工具-社区SEO,1,
7217,excel数据筛选,组件功能与教程,WPS表格,WPS表格/文字/演示/PDF功能与操作，适合功能教程页,,7.0,,,第三方工具-社区SEO,1,
7218,excel最大值,组件功能与教程,WPS表格,WPS表格/文字/演示/PDF功能与操作，适合功能教程页,,7.0,,,第三方工具-社区SEO,1,
7219,excel曲线图,组件功能与教程,WPS表格,WPS表格/文字/演示/PDF功能与操作，适合功能教程页,,6.0,,,第三方工具-社区SEO,1,
7220,excel时间函数,组件功能与教程,WPS表格,WPS表格/文字/演示/PDF功能与操作，适合功能教程页,,6.0,,,第三方工具-社区SEO,1,
7221,excel分隔符,组件功能与教程,WPS表格,WPS表格/文字/演示/PDF功能与操作，适合功能教程页,,6.0,,,第三方工具-社区SEO,1,
7222,excel表格斜杠,组件功能与教程,WPS表格,WPS表格/文字/演示/PDF功能与操作，适合功能教程页,,6.0,,,第三方工具-社区SEO,1,
7223,排序公式excel,组件功能与教程,WPS表格,WPS表格/文字/演示/PDF功能与操作，适合功能教程页,,6.0,,,第三方工具-社区SEO,1,
7224,excel嵌入图片,组件功能与教程,WPS表格,WPS表格/文字/演示/PDF功能与操作，适合功能教程页,,6.0,,,第三方工具-社区SEO,1,
7225,excel文本合并,组件功能与教程,WPS表格,WPS表格/文字/演示/PDF功能与操作，适合功能教程页,,6.0,,,第三方工具-社区SEO,1,
7226,标准偏差excel,组件功能与教程,WPS表格,WPS表格/文字/演示/PDF功能与操作，适合功能教程页,,6.0,,,第三方工具-社区SEO,1,
7227,excel合并列,组件功能与教程,WPS表格,WPS表格/文字/演示/PDF功能与操作，适合功能教程页,,6.0,,,第三方工具-社区SEO,1,
7228,excel开平方,组件功能与教程,WPS表格,WPS表格/文字/演示/PDF功能与操作，适合功能教程页,,6.0,,,第三方工具-社区SEO,1,
7229,excel方差函数,组件功能与教程,WPS表格,WPS表格/文字/演示/PDF功能与操作，适合功能教程页,,6.0,,,第三方工具-社区SEO,1,
7230,excel数据去重,组件功能与教程,WPS表格,WPS表格/文字/演示/PDF功能与操作，适合功能教程页,,6.0,,,第三方工具-社区SEO,1,
7231,excel导入txt文件,组件功能与教程,WPS表格,WPS表格/文字/演示/PDF功能与操作，适合功能教程页,,6.0,,,第三方工具-社区SEO,1,
7232,excel分类汇总求和,组件功能与教程,WPS表格,WPS表格/文字/演示/PDF功能与操作，适合功能教程页,,6.0,,,第三方工具-社区SEO,1,
7233,excel下拉多选,组件功能与教程,WPS表格,WPS表格/文字/演示/PDF功能与操作，适合功能教程页,,6.0,,,第三方工具-社区SEO,1,
7234,excel余数公式,组件功能与教程,WPS表格,WPS表格/文字/演示/PDF功能与操作，适合功能教程页,,6.0,,,第三方工具-社区SEO,1,
7235,excel随机函数公式,组件功能与教程,WPS表格,WPS表格/文字/演示/PDF功能与操作，适合功能教程页,,6.0,,,第三方工具-社区SEO,1,
7236,python打开excel文件,组件功能与教程,WPS表格,WPS表格/文字/演示/PDF功能与操作，适合功能教程页,,6.0,,,第三方工具-社区SEO,1,
7237,excel固定,组件功能与教程,WPS表格,WPS表格/文字/演示/PDF功能与操作，适合功能教程页,,6.0,,,第三方工具-社区SEO,1,
7238,excel功能,组件功能与教程,WPS表格,WPS表格/文字/演示/PDF功能与操作，适合功能教程页,,6.0,,,第三方工具-社区SEO,1,
7239,excel搜索,组件功能与教程,WPS表格,WPS表格/文字/演示/PDF功能与操作，适合功能教程页,,6.0,,,第三方工具-社区SEO,1,
7240,excel目录,组件功能与教程,WPS表格,WPS表格/文字/演示/PDF功能与操作，适合功能教程页,,6.0,,,第三方工具-社区SEO,1,
7241,共享excel,组件功能与教程,WPS表格,WPS表格/文字/演示/PDF功能与操作，适合功能教程页,,6.0,,,第三方工具-社区SEO,1,
7242,excel重复值,组件功能与教程,WPS表格,WPS表格/文字/演示/PDF功能与操作，适合功能教程页,,6.0,,,第三方工具-社区SEO,1,
7243,多个excel合并,组件功能与教程,WPS表格,WPS表格/文字/演示/PDF功能与操作，适合功能教程页,,6.0,,,第三方工具-社区SEO,1,
7244,excel表格锁定,组件功能与教程,WPS表格,WPS表格/文字/演示/PDF功能与操作，适合功能教程页,,6.0,,,第三方工具-社区SEO,1,
7245,excel时间格式,组件功能与教程,WPS表格,WPS表格/文字/演示/PDF功能与操作，适合功能教程页,,5.0,,,第三方工具-社区SEO,1,
7246,excel统计人数,组件功能与教程,WPS表格,WPS表格/文字/演示/PDF功能与操作，适合功能教程页,,5.0,,,第三方工具-社区SEO,1,
7247,excel趋势线,组件功能与教程,WPS表格,WPS表格/文字/演示/PDF功能与操作，适合功能教程页,,5.0,,,第三方工具-社区SEO,1,
7248,excel查找替换,组件功能与教程,WPS表格,WPS表格/文字/演示/PDF功能与操作，适合功能教程页,,5.0,,,第三方工具-社区SEO,1,
7249,excel表格计数,组件功能与教程,WPS表格,WPS表格/文字/演示/PDF功能与操作，适合功能教程页,,5.0,,,第三方工具-社区SEO,1,
7250,excel打开乱码,组件功能与教程,WPS表格,WPS表格/文字/演示/PDF功能与操作，适合功能教程页,,5.0,,,第三方工具-社区SEO,1,
7251,excel表格大全,组件功能与教程,WPS表格,WPS表格/文字/演示/PDF功能与操作，适合功能教程页,,5.0,,,第三方工具-社区SEO,1,
7252,excel去掉空格,组件功能与教程,WPS表格,WPS表格/文字/演示/PDF功能与操作，适合功能教程页,,5.0,,,第三方工具-社区SEO,1,
7253,excel全屏,组件功能与教程,WPS表格,WPS表格/文字/演示/PDF功能与操作，适合功能教程页,,5.0,,,第三方工具-社区SEO,1,
7254,excel正态分布,组件功能与教程,WPS表格,WPS表格/文字/演示/PDF功能与操作，适合功能教程页,,5.0,,,第三方工具-社区SEO,1,
7255,excel做柱状图,组件功能与教程,WPS表格,WPS表格/文字/演示/PDF功能与操作，适合功能教程页,,5.0,,,第三方工具-社区SEO,1,
7256,excel文字换行,组件功能与教程,WPS表格,WPS表格/文字/演示/PDF功能与操作，适合功能教程页,,5.0,,,第三方工具-社区SEO,1,
7257,excel线性回归,组件功能与教程,WPS表格,WPS表格/文字/演示/PDF功能与操作，适合功能教程页,,5.0,,,第三方工具-社区SEO,1,
7258,excel隐藏公式,组件功能与教程,WPS表格,WPS表格/文字/演示/PDF功能与操作，适合功能教程页,,5.0,,,第三方工具-社区SEO,1,
7259,excel单元格选项,组件功能与教程,WPS表格,WPS表格/文字/演示/PDF功能与操作，适合功能教程页,,5.0,,,第三方工具-社区SEO,1,
7260,excel表格分列,组件功能与教程,WPS表格,WPS表格/文字/演示/PDF功能与操作，适合功能教程页,,5.0,,,第三方工具-社区SEO,1,
7261,excel方框打勾,组件功能与教程,WPS表格,WPS表格/文字/演示/PDF功能与操作，适合功能教程页,,5.0,,,第三方工具-社区SEO,1,
7262,excel去重复,组件功能与教程,WPS表格,WPS表格/文字/演示/PDF功能与操作，适合功能教程页,,5.0,,,第三方工具-社区SEO,1,
7263,excel雷达图,组件功能与教程,WPS表格,WPS表格/文字/演示/PDF功能与操作，适合功能教程页,,5.0,,,第三方工具-社区SEO,1,
7264,excel创建组,组件功能与教程,WPS表格,WPS表格/文字/演示/PDF功能与操作，适合功能教程页,,5.0,,,第三方工具-社区SEO,1,
7265,Excel转大写,组件功能与教程,WPS表格,WPS表格/文字/演示/PDF功能与操作，适合功能教程页,,5.0,,,第三方工具-社区SEO,1,
7266,excel统计分析,组件功能与教程,WPS表格,WPS表格/文字/演示/PDF功能与操作，适合功能教程页,,5.0,,,第三方工具-社区SEO,1,
7267,excel文字方向,组件功能与教程,WPS表格,WPS表格/文字/演示/PDF功能与操作，适合功能教程页,,5.0,,,第三方工具-社区SEO,1,
7268,excel移动列,组件功能与教程,WPS表格,WPS表格/文字/演示/PDF功能与操作，适合功能教程页,,5.0,,,第三方工具-社区SEO,1,
7269,excel方框打钩,组件功能与教程,WPS表格,WPS表格/文字/演示/PDF功能与操作，适合功能教程页,,5.0,,,第三方工具-社区SEO,1,
7270,excel里换行,组件功能与教程,WPS表格,WPS表格/文字/演示/PDF功能与操作，适合功能教程页,,5.0,,,第三方工具-社区SEO,1,
7271,excel自定义序列,组件功能与教程,WPS表格,WPS表格/文字/演示/PDF功能与操作，适合功能教程页,,5.0,,,第三方工具-社区SEO,1,
7272,excel包含函数,组件功能与教程,WPS表格,WPS表格/文字/演示/PDF功能与操作，适合功能教程页,,5.0,,,第三方工具-社区SEO,1,
7273,excel统计行数,组件功能与教程,WPS表格,WPS表格/文字/演示/PDF功能与操作，适合功能教程页,,5.0,,,第三方工具-社区SEO,1,
7274,excel单元格内容拆分,组件功能与教程,WPS表格,WPS表格/文字/演示/PDF功能与操作，适合功能教程页,,5.0,,,第三方工具-社区SEO,1,
7275,excel的后缀,组件功能与教程,WPS表格,WPS表格/文字/演示/PDF功能与操作，适合功能教程页,,5.0,,,第三方工具-社区SEO,1,
7276,excel两列相乘,组件功能与教程,WPS表格,WPS表格/文字/演示/PDF功能与操作，适合功能教程页,,5.0,,,第三方工具-社区SEO,1,
7277,excel做日历,组件功能与教程,WPS表格,WPS表格/文字/演示/PDF功能与操作，适合功能教程页,,5.0,,,第三方工具-社区SEO,1,
7278,excel批量导入图片,组件功能与教程,WPS表格,WPS表格/文字/演示/PDF功能与操作，适合功能教程页,,5.0,,,第三方工具-社区SEO,1,
7279,excel激活码,组件功能与教程,WPS表格,WPS表格/文字/演示/PDF功能与操作，适合功能教程页,,5.0,,,第三方工具-社区SEO,1,
7280,excel表格学习,组件功能与教程,WPS表格,WPS表格/文字/演示/PDF功能与操作，适合功能教程页,,5.0,,,第三方工具-社区SEO,1,
7281,excel制作二维码,组件功能与教程,WPS表格,WPS表格/文字/演示/PDF功能与操作，适合功能教程页,,5.0,,,第三方工具-社区SEO,1,
7282,excel筛选后求和,组件功能与教程,WPS表格,WPS表格/文字/演示/PDF功能与操作，适合功能教程页,,5.0,,,第三方工具-社区SEO,1,
7283,excel取消超链接,组件功能与教程,WPS表格,WPS表格/文字/演示/PDF功能与操作，适合功能教程页,,5.0,,,第三方工具-社区SEO,1,
7284,excel身份证算年龄,组件功能与教程,WPS表格,WPS表格/文字/演示/PDF功能与操作，适合功能教程页,,5.0,,,第三方工具-社区SEO,1,
7285,excel正态分布图,组件功能与教程,WPS表格,WPS表格/文字/演示/PDF功能与操作，适合功能教程页,,5.0,,,第三方工具-社区SEO,1,
7286,excel四分位数,组件功能与教程,WPS表格,WPS表格/文字/演示/PDF功能与操作，适合功能教程页,,5.0,,,第三方工具-社区SEO,1,
7287,excel求绝对值,组件功能与教程,WPS表格,WPS表格/文字/演示/PDF功能与操作，适合功能教程页,,5.0,,,第三方工具-社区SEO,1,
7288,excel正则表达式,组件功能与教程,WPS表格,WPS表格/文字/演示/PDF功能与操作，适合功能教程页,,5.0,,,第三方工具-社区SEO,1,
7289,excel汉字转拼音,组件功能与教程,WPS表格,WPS表格/文字/演示/PDF功能与操作，适合功能教程页,,5.0,,,第三方工具-社区SEO,1,
7290,excel激活工具,组件功能与教程,WPS表格,WPS表格/文字/演示/PDF功能与操作，适合功能教程页,,5.0,,,第三方工具-社区SEO,1,
7291,excel取整数函数,组件功能与教程,WPS表格,WPS表格/文字/演示/PDF功能与操作，适合功能教程页,,5.0,,,第三方工具-社区SEO,1,
7292,excel 去除空行,组件功能与教程,WPS表格,WPS表格/文字/演示/PDF功能与操作，适合功能教程页,,5.0,,,第三方工具-社区SEO,1,
7293,excel公式固定单元格,组件功能与教程,WPS表格,WPS表格/文字/演示/PDF功能与操作，适合功能教程页,,5.0,,,第三方工具-社区SEO,1,
7294,excel计算中位数,组件功能与教程,WPS表格,WPS表格/文字/演示/PDF功能与操作，适合功能教程页,,5.0,,,第三方工具-社区SEO,1,
7295,excel字符串连接,组件功能与教程,WPS表格,WPS表格/文字/演示/PDF功能与操作，适合功能教程页,,5.0,,,第三方工具-社区SEO,1,
7296,excel替换回车,组件功能与教程,WPS表格,WPS表格/文字/演示/PDF功能与操作，适合功能教程页,,5.0,,,第三方工具-社区SEO,1,
7297,excel解密软件,组件功能与教程,WPS表格,WPS表格/文字/演示/PDF功能与操作，适合功能教程页,,5.0,,,第三方工具-社区SEO,1,
7298,excel去重函数,组件功能与教程,WPS表格,WPS表格/文字/演示/PDF功能与操作，适合功能教程页,,5.0,,,第三方工具-社区SEO,1,
7299,excel催化剂,组件功能与教程,WPS表格,WPS表格/文字/演示/PDF功能与操作，适合功能教程页,,5.0,,,第三方工具-社区SEO,1,
7300,excel抽奖函数,组件功能与教程,WPS表格,WPS表格/文字/演示/PDF功能与操作，适合功能教程页,,5.0,,,第三方工具-社区SEO,1,
7301,ppt插入excel文件,组件功能与教程,WPS表格,WPS表格/文字/演示/PDF功能与操作，适合功能教程页,,5.0,,,第三方工具-社区SEO,1,
7302,excel不复制隐藏单元格,组件功能与教程,WPS表格,WPS表格/文字/演示/PDF功能与操作，适合功能教程页,,5.0,,,第三方工具-社区SEO,1,
7303,excel标准差的计算公式,组件功能与教程,WPS表格,WPS表格/文字/演示/PDF功能与操作，适合功能教程页,,5.0,,,第三方工具-社区SEO,1,
7304,excel下拉填充快捷键,组件功能与教程,WPS表格,WPS表格/文字/演示/PDF功能与操作，适合功能教程页,,5.0,,,第三方工具-社区SEO,1,
7305,excel生成uuid,组件功能与教程,WPS表格,WPS表格/文字/演示/PDF功能与操作，适合功能教程页,,5.0,,,第三方工具-社区SEO,1,
7306,js读取excel文件内容,组件功能与教程,WPS表格,WPS表格/文字/演示/PDF功能与操作，适合功能教程页,,5.0,,,第三方工具-社区SEO,1,
7307,excel柱形图,组件功能与教程,WPS表格,WPS表格/文字/演示/PDF功能与操作，适合功能教程页,,5.0,,,第三方工具-社区SEO,1,
7308,excel 时间计算,组件功能与教程,WPS表格,WPS表格/文字/演示/PDF功能与操作，适合功能教程页,,5.0,,,第三方工具-社区SEO,1,
7309,随机数excel,组件功能与教程,WPS表格,WPS表格/文字/演示/PDF功能与操作，适合功能教程页,,5.0,,,第三方工具-社区SEO,1,
7310,excel无法打开,组件功能与教程,WPS表格,WPS表格/文字/演示/PDF功能与操作，适合功能教程页,,5.0,,,第三方工具-社区SEO,1,
7311,表格软件excel,组件功能与教程,WPS表格,WPS表格/文字/演示/PDF功能与操作，适合功能教程页,,5.0,,,第三方工具-社区SEO,1,
7312,excel加载项,组件功能与教程,WPS表格,WPS表格/文字/演示/PDF功能与操作，适合功能教程页,,5.0,,,第三方工具-社区SEO,1,
7313,excel公式if,组件功能与教程,WPS表格,WPS表格/文字/演示/PDF功能与操作，适合功能教程页,,5.0,,,第三方工具-社区SEO,1,
7314,excel合并工作表,组件功能与教程,WPS表格,WPS表格/文字/演示/PDF功能与操作，适合功能教程页,,5.0,,,第三方工具-社区SEO,1,
7315,excel打印页码,组件功能与教程,WPS表格,WPS表格/文字/演示/PDF功能与操作，适合功能教程页,,5.0,,,第三方工具-社区SEO,1,
7316,excel当前日期,组件功能与教程,WPS表格,WPS表格/文字/演示/PDF功能与操作，适合功能教程页,,5.0,,,第三方工具-社区SEO,1,
7317,word表格插入序号,组件功能与教程,WPS表格,WPS表格/文字/演示/PDF功能与操作，适合功能教程页,,6.0,,,第三方工具-社区SEO,1,
7318,word转表格,组件功能与教程,WPS表格,WPS表格/文字/演示/PDF功能与操作，适合功能教程页,,5.0,,,第三方工具-社区SEO,1,
7319,word清除表格内容,组件功能与教程,WPS表格,WPS表格/文字/演示/PDF功能与操作，适合功能教程页,,5.0,,,第三方工具-社区SEO,1,
7320,word表格边框加粗,组件功能与教程,WPS表格,WPS表格/文字/演示/PDF功能与操作，适合功能教程页,,5.0,,,第三方工具-社区SEO,1,
7321,word表格拆分,组件功能与教程,WPS表格,WPS表格/文字/演示/PDF功能与操作，适合功能教程页,,4.0,,,第三方工具-社区SEO,1,
7322,word表格中文字,组件功能与教程,WPS表格,WPS表格/文字/演示/PDF功能与操作，适合功能教程页,,4.0,,,第三方工具-社区SEO,1,
7323,word文档中的表格,组件功能与教程,WPS表格,WPS表格/文字/演示/PDF功能与操作，适合功能教程页,,4.0,,,第三方工具-社区SEO,1,
7324,word表格插入图片,组件功能与教程,WPS表格,WPS表格/文字/演示/PDF功能与操作，适合功能教程页,,4.0,,,第三方工具-社区SEO,1,
7325,Excel杀,组件功能与教程,WPS表格,WPS表格/文字/演示/PDF功能与操作，适合功能教程页,,130.0,,,第三方工具-社区SEO,1,
7326,excel表格打不开,组件功能与教程,WPS表格,WPS表格/文字/演示/PDF功能与操作，适合功能教程页,,127.0,,,第三方工具-社区SEO,1,
7327,excel服务器,组件功能与教程,WPS表格,WPS表格/文字/演示/PDF功能与操作，适合功能教程页,,68.0,,,第三方工具-社区SEO,1,
7328,excel随机数函数,组件功能与教程,WPS表格,WPS表格/文字/演示/PDF功能与操作，适合功能教程页,,15.0,,,第三方工具-社区SEO,1,
7329,excel自动筛选,组件功能与教程,WPS表格,WPS表格/文字/演示/PDF功能与操作，适合功能教程页,,15.0,,,第三方工具-社区SEO,1,
7330,excel启用宏,组件功能与教程,WPS表格,WPS表格/文字/演示/PDF功能与操作，适合功能教程页,,12.0,,,第三方工具-社区SEO,1,
7331,excel批量插入图片,组件功能与教程,WPS表格,WPS表格/文字/演示/PDF功能与操作，适合功能教程页,,10.0,,,第三方工具-社区SEO,1,
7332,excel方差公式,组件功能与教程,WPS表格,WPS表格/文字/演示/PDF功能与操作，适合功能教程页,,10.0,,,第三方工具-社区SEO,1,
7333,excel行列转置,组件功能与教程,WPS表格,WPS表格/文字/演示/PDF功能与操作，适合功能教程页,,9.0,,,第三方工具-社区SEO,1,
7334,excel模版,组件功能与教程,WPS表格,WPS表格/文字/演示/PDF功能与操作，适合功能教程页,,8.0,,,第三方工具-社区SEO,1,
7335,excel取消下拉选项,组件功能与教程,WPS表格,WPS表格/文字/演示/PDF功能与操作，适合功能教程页,,8.0,,,第三方工具-社区SEO,1,
7336,excel两列合并,组件功能与教程,WPS表格,WPS表格/文字/演示/PDF功能与操作，适合功能教程页,,7.0,,,第三方工具-社区SEO,1,
7337,excel合并多个工作表,组件功能与教程,WPS表格,WPS表格/文字/演示/PDF功能与操作，适合功能教程页,,7.0,,,第三方工具-社区SEO,1,
7338,easypoi导出excel,组件功能与教程,WPS表格,WPS表格/文字/演示/PDF功能与操作，适合功能教程页,,7.0,,,第三方工具-社区SEO,1,
7339,excel函数if,组件功能与教程,WPS表格,WPS表格/文字/演示/PDF功能与操作，适合功能教程页,,7.0,,,第三方工具-社区SEO,1,
7340,excel打印标题,组件功能与教程,WPS表格,WPS表格/文字/演示/PDF功能与操作，适合功能教程页,,6.0,,,第三方工具-社区SEO,1,
7341,excel表格if函数,组件功能与教程,WPS表格,WPS表格/文字/演示/PDF功能与操作，适合功能教程页,,6.0,,,第三方工具-社区SEO,1,
7342,excel去空格,组件功能与教程,WPS表格,WPS表格/文字/演示/PDF功能与操作，适合功能教程页,,6.0,,,第三方工具-社区SEO,1,
7343,excel多条件判断,组件功能与教程,WPS表格,WPS表格/文字/演示/PDF功能与操作，适合功能教程页,,6.0,,,第三方工具-社区SEO,1,
7344,excel 激活工具,组件功能与教程,WPS表格,WPS表格/文字/演示/PDF功能与操作，适合功能教程页,,6.0,,,第三方工具-社区SEO,1,
7345,excel绿色版,组件功能与教程,WPS表格,WPS表格/文字/演示/PDF功能与操作，适合功能教程页,,6.0,,,第三方工具-社区SEO,1,
7346,excel当前日期函数,组件功能与教程,WPS表格,WPS表格/文字/演示/PDF功能与操作，适合功能教程页,,6.0,,,第三方工具-社区SEO,1,
7347,excel相对引用和绝对引用,组件功能与教程,WPS表格,WPS表格/文字/演示/PDF功能与操作，适合功能教程页,,6.0,,,第三方工具-社区SEO,1,
7348,excel不显示,组件功能与教程,WPS表格,WPS表格/文字/演示/PDF功能与操作，适合功能教程页,,6.0,,,第三方工具-社区SEO,1,
7349,excel随机,组件功能与教程,WPS表格,WPS表格/文字/演示/PDF功能与操作，适合功能教程页,,6.0,,,第三方工具-社区SEO,1,
7350,excel表格序号,组件功能与教程,WPS表格,WPS表格/文字/演示/PDF功能与操作，适合功能教程页,,6.0,,,第三方工具-社区SEO,1,
7351,excel打印区域,组件功能与教程,WPS表格,WPS表格/文字/演示/PDF功能与操作，适合功能教程页,,6.0,,,第三方工具-社区SEO,1,
7352,excel万元,组件功能与教程,WPS表格,WPS表格/文字/演示/PDF功能与操作，适合功能教程页,,6.0,,,第三方工具-社区SEO,1,
7353,excel合并两列,组件功能与教程,WPS表格,WPS表格/文字/演示/PDF功能与操作，适合功能教程页,,5.0,,,第三方工具-社区SEO,1,
7354,excel单元格内容合并,组件功能与教程,WPS表格,WPS表格/文字/演示/PDF功能与操作，适合功能教程页,,5.0,,,第三方工具-社区SEO,1,
7355,excel文件合并,组件功能与教程,WPS表格,WPS表格/文字/演示/PDF功能与操作，适合功能教程页,,5.0,,,第三方工具-社区SEO,1,
7356,excel分栏,组件功能与教程,WPS表格,WPS表格/文字/演示/PDF功能与操作，适合功能教程页,,5.0,,,第三方工具-社区SEO,1,
7357,excel公式自动计算,组件功能与教程,WPS表格,WPS表格/文字/演示/PDF功能与操作，适合功能教程页,,5.0,,,第三方工具-社区SEO,1,
7358,excel邮件合并,组件功能与教程,WPS表格,WPS表格/文字/演示/PDF功能与操作，适合功能教程页,,5.0,,,第三方工具-社区SEO,1,
7359,excel倒计时,组件功能与教程,WPS表格,WPS表格/文字/演示/PDF功能与操作，适合功能教程页,,5.0,,,第三方工具-社区SEO,1,
7360,excel匹配函数,组件功能与教程,WPS表格,WPS表格/文字/演示/PDF功能与操作，适合功能教程页,,5.0,,,第三方工具-社区SEO,1,
7361,excel合并两列内容,组件功能与教程,WPS表格,WPS表格/文字/演示/PDF功能与操作，适合功能教程页,,5.0,,,第三方工具-社区SEO,1,
7362,excel表格里换行,组件功能与教程,WPS表格,WPS表格/文字/演示/PDF功能与操作，适合功能教程页,,5.0,,,第三方工具-社区SEO,1,
7363,excel插入斜线,组件功能与教程,WPS表格,WPS表格/文字/演示/PDF功能与操作，适合功能教程页,,5.0,,,第三方工具-社区SEO,1,
7364,excel插入快捷键,组件功能与教程,WPS表格,WPS表格/文字/演示/PDF功能与操作，适合功能教程页,,5.0,,,第三方工具-社区SEO,1,
7365,excel名称管理器,组件功能与教程,WPS表格,WPS表格/文字/演示/PDF功能与操作，适合功能教程页,,5.0,,,第三方工具-社区SEO,1,
7366,excel生成条形码,组件功能与教程,WPS表格,WPS表格/文字/演示/PDF功能与操作，适合功能教程页,,5.0,,,第三方工具-社区SEO,1,
7367,excel四舍五入取整,组件功能与教程,WPS表格,WPS表格/文字/演示/PDF功能与操作，适合功能教程页,,5.0,,,第三方工具-社区SEO,1,
7368,excel冻结前两行,组件功能与教程,WPS表格,WPS表格/文字/演示/PDF功能与操作，适合功能教程页,,5.0,,,第三方工具-社区SEO,1,
7369,excel换行符号,组件功能与教程,WPS表格,WPS表格/文字/演示/PDF功能与操作，适合功能教程页,,5.0,,,第三方工具-社区SEO,1,
7370,excel修复软件,组件功能与教程,WPS表格,WPS表格/文字/演示/PDF功能与操作，适合功能教程页,,5.0,,,第三方工具-社区SEO,1,
7371,excel多级下拉菜单,组件功能与教程,WPS表格,WPS表格/文字/演示/PDF功能与操作，适合功能教程页,,5.0,,,第三方工具-社区SEO,1,
7372,excel表格换行快捷键,组件功能与教程,WPS表格,WPS表格/文字/演示/PDF功能与操作，适合功能教程页,,5.0,,,第三方工具-社区SEO,1,
7373,excel身份证计算年龄公式,组件功能与教程,WPS表格,WPS表格/文字/演示/PDF功能与操作，适合功能教程页,,5.0,,,第三方工具-社区SEO,1,
7374,ppt中插入excel,组件功能与教程,WPS表格,WPS表格/文字/演示/PDF功能与操作，适合功能教程页,,5.0,,,第三方工具-社区SEO,1,
7375,excel标准差计算公式,组件功能与教程,WPS表格,WPS表格/文字/演示/PDF功能与操作，适合功能教程页,,5.0,,,第三方工具-社区SEO,1,
7376,excel整除函数,组件功能与教程,WPS表格,WPS表格/文字/演示/PDF功能与操作，适合功能教程页,,5.0,,,第三方工具-社区SEO,1,
7377,excel切换sheet快捷键,组件功能与教程,WPS表格,WPS表格/文字/演示/PDF功能与操作，适合功能教程页,,5.0,,,第三方工具-社区SEO,1,
7378,方方格子excel工具箱,组件功能与教程,WPS表格,WPS表格/文字/演示/PDF功能与操作，适合功能教程页,,5.0,,,第三方工具-社区SEO,1,
7379,excel取前面几个字符,组件功能与教程,WPS表格,WPS表格/文字/演示/PDF功能与操作，适合功能教程页,,5.0,,,第三方工具-社区SEO,1,
7380,excel下一行,组件功能与教程,WPS表格,WPS表格/文字/演示/PDF功能与操作，适合功能教程页,,5.0,,,第三方工具-社区SEO,1,
7381,excel条件公式,组件功能与教程,WPS表格,WPS表格/文字/演示/PDF功能与操作，适合功能教程页,,5.0,,,第三方工具-社区SEO,1,
7382,excel时间公式,组件功能与教程,WPS表格,WPS表格/文字/演示/PDF功能与操作，适合功能教程页,,5.0,,,第三方工具-社区SEO,1,
7383,excel文字合并,组件功能与教程,WPS表格,WPS表格/文字/演示/PDF功能与操作，适合功能教程页,,5.0,,,第三方工具-社区SEO,1,
7384,excel精灵,组件功能与教程,WPS表格,WPS表格/文字/演示/PDF功能与操作，适合功能教程页,,4.0,,,第三方工具-社区SEO,1,
7385,excel匹配数据,组件功能与教程,WPS表格,WPS表格/文字/演示/PDF功能与操作，适合功能教程页,,4.0,,,第三方工具-社区SEO,1,
7386,excel条件计数,组件功能与教程,WPS表格,WPS表格/文字/演示/PDF功能与操作，适合功能教程页,,4.0,,,第三方工具-社区SEO,1,
7387,excel取消分页,组件功能与教程,WPS表格,WPS表格/文字/演示/PDF功能与操作，适合功能教程页,,4.0,,,第三方工具-社区SEO,1,
7388,excel抽签,组件功能与教程,WPS表格,WPS表格/文字/演示/PDF功能与操作，适合功能教程页,,4.0,,,第三方工具-社区SEO,1,
7389,excel无法筛选,组件功能与教程,WPS表格,WPS表格/文字/演示/PDF功能与操作，适合功能教程页,,4.0,,,第三方工具-社区SEO,1,
7390,excel表格导入cad,组件功能与教程,WPS表格,WPS表格/文字/演示/PDF功能与操作，适合功能教程页,,4.0,,,第三方工具-社区SEO,1,
7391,excel取最大值,组件功能与教程,WPS表格,WPS表格/文字/演示/PDF功能与操作，适合功能教程页,,4.0,,,第三方工具-社区SEO,1,
7392,excel 数据可视化,组件功能与教程,WPS表格,WPS表格/文字/演示/PDF功能与操作，适合功能教程页,,4.0,,,第三方工具-社区SEO,1,
7393,excel转txt,组件功能与教程,WPS表格,WPS表格/文字/演示/PDF功能与操作，适合功能教程页,,4.0,,,第三方工具-社区SEO,1,
7394,excel随机数字,组件功能与教程,WPS表格,WPS表格/文字/演示/PDF功能与操作，适合功能教程页,,4.0,,,第三方工具-社区SEO,1,
7395,excel 时间相减,组件功能与教程,WPS表格,WPS表格/文字/演示/PDF功能与操作，适合功能教程页,,4.0,,,第三方工具-社区SEO,1,
7396,excel密码忘了,组件功能与教程,WPS表格,WPS表格/文字/演示/PDF功能与操作，适合功能教程页,,4.0,,,第三方工具-社区SEO,1,
7397,excel多列筛选,组件功能与教程,WPS表格,WPS表格/文字/演示/PDF功能与操作，适合功能教程页,,4.0,,,第三方工具-社区SEO,1,
7398,excel插入对象,组件功能与教程,WPS表格,WPS表格/文字/演示/PDF功能与操作，适合功能教程页,,4.0,,,第三方工具-社区SEO,1,
7399,网页版excel,组件功能与教程,WPS表格,WPS表格/文字/演示/PDF功能与操作，适合功能教程页,,4.0,,,第三方工具-社区SEO,1,
7400,excel表格折叠,组件功能与教程,WPS表格,WPS表格/文字/演示/PDF功能与操作，适合功能教程页,,4.0,,,第三方工具-社区SEO,1,
7401,excel连接符,组件功能与教程,WPS表格,WPS表格/文字/演示/PDF功能与操作，适合功能教程页,,4.0,,,第三方工具-社区SEO,1,
7402,excel模糊查找,组件功能与教程,WPS表格,WPS表格/文字/演示/PDF功能与操作，适合功能教程页,,4.0,,,第三方工具-社区SEO,1,
7403,excel取两位小数,组件功能与教程,WPS表格,WPS表格/文字/演示/PDF功能与操作，适合功能教程页,,4.0,,,第三方工具-社区SEO,1,
7404,excel中绝对值,组件功能与教程,WPS表格,WPS表格/文字/演示/PDF功能与操作，适合功能教程页,,4.0,,,第三方工具-社区SEO,1,
7405,excel瀑布图,组件功能与教程,WPS表格,WPS表格/文字/演示/PDF功能与操作，适合功能教程页,,4.0,,,第三方工具-社区SEO,1,
7406,excel日期快捷键,组件功能与教程,WPS表格,WPS表格/文字/演示/PDF功能与操作，适合功能教程页,,4.0,,,第三方工具-社区SEO,1,
7407,excel可视化图表,组件功能与教程,WPS表格,WPS表格/文字/演示/PDF功能与操作，适合功能教程页,,4.0,,,第三方工具-社区SEO,1,
7408,excel数据转置,组件功能与教程,WPS表格,WPS表格/文字/演示/PDF功能与操作，适合功能教程页,,4.0,,,第三方工具-社区SEO,1,
7409,excel中的if函数,组件功能与教程,WPS表格,WPS表格/文字/演示/PDF功能与操作，适合功能教程页,,4.0,,,第三方工具-社区SEO,1,
7410,excel高亮重复项,组件功能与教程,WPS表格,WPS表格/文字/演示/PDF功能与操作，适合功能教程页,,4.0,,,第三方工具-社区SEO,1,
7411,excel转化为pdf,组件功能与教程,WPS表格,WPS表格/文字/演示/PDF功能与操作，适合功能教程页,,4.0,,,第三方工具-社区SEO,1,
7412,excel复合饼图,组件功能与教程,WPS表格,WPS表格/文字/演示/PDF功能与操作，适合功能教程页,,4.0,,,第三方工具-社区SEO,1,
7413,excel个税计算公式,组件功能与教程,WPS表格,WPS表格/文字/演示/PDF功能与操作，适合功能教程页,,4.0,,,第三方工具-社区SEO,1,
7414,excel平均数函数,组件功能与教程,WPS表格,WPS表格/文字/演示/PDF功能与操作，适合功能教程页,,4.0,,,第三方工具-社区SEO,1,
7415,excel全选图片,组件功能与教程,WPS表格,WPS表格/文字/演示/PDF功能与操作，适合功能教程页,,4.0,,,第三方工具-社区SEO,1,
7416,excel瘦身,组件功能与教程,WPS表格,WPS表格/文字/演示/PDF功能与操作，适合功能教程页,,4.0,,,第三方工具-社区SEO,1,
7417,excel数字取整,组件功能与教程,WPS表格,WPS表格/文字/演示/PDF功能与操作，适合功能教程页,,4.0,,,第三方工具-社区SEO,1,
7418,excel计算irr,组件功能与教程,WPS表格,WPS表格/文字/演示/PDF功能与操作，适合功能教程页,,4.0,,,第三方工具-社区SEO,1,
7419,excel插入斜杠,组件功能与教程,WPS表格,WPS表格/文字/演示/PDF功能与操作，适合功能教程页,,4.0,,,第三方工具-社区SEO,1,
7420,plsql导入excel,组件功能与教程,WPS表格,WPS表格/文字/演示/PDF功能与操作，适合功能教程页,,4.0,,,第三方工具-社区SEO,1,
7421,excel连接字符串,组件功能与教程,WPS表格,WPS表格/文字/演示/PDF功能与操作，适合功能教程页,,4.0,,,第三方工具-社区SEO,1,
7422,excel加权平均公式,组件功能与教程,WPS表格,WPS表格/文字/演示/PDF功能与操作，适合功能教程页,,4.0,,,第三方工具-社区SEO,1,
7423,excel姓氏笔画排序,组件功能与教程,WPS表格,WPS表格/文字/演示/PDF功能与操作，适合功能教程页,,4.0,,,第三方工具-社区SEO,1,
7424,excel工龄计算公式,组件功能与教程,WPS表格,WPS表格/文字/演示/PDF功能与操作，适合功能教程页,,4.0,,,第三方工具-社区SEO,1,
7425,excel按颜色求和,组件功能与教程,WPS表格,WPS表格/文字/演示/PDF功能与操作，适合功能教程页,,4.0,,,第三方工具-社区SEO,1,
7426,excel批量删除图片,组件功能与教程,WPS表格,WPS表格/文字/演示/PDF功能与操作，适合功能教程页,,4.0,,,第三方工具-社区SEO,1,
7427,excel开方公式,组件功能与教程,WPS表格,WPS表格/文字/演示/PDF功能与操作，适合功能教程页,,4.0,,,第三方工具-社区SEO,1,
7428,excel分组排序,组件功能与教程,WPS表格,WPS表格/文字/演示/PDF功能与操作，适合功能教程页,,4.0,,,第三方工具-社区SEO,1,
7429,excel取随机数,组件功能与教程,WPS表格,WPS表格/文字/演示/PDF功能与操作，适合功能教程页,,4.0,,,第三方工具-社区SEO,1,
7430,excel 插入水印,组件功能与教程,WPS表格,WPS表格/文字/演示/PDF功能与操作，适合功能教程页,,4.0,,,第三方工具-社区SEO,1,
7431,excel去重公式,组件功能与教程,WPS表格,WPS表格/文字/演示/PDF功能与操作，适合功能教程页,,4.0,,,第三方工具-社区SEO,1,
7432,excel 取色器,组件功能与教程,WPS表格,WPS表格/文字/演示/PDF功能与操作，适合功能教程页,,4.0,,,第三方工具-社区SEO,1,
7433,excel单元格拼接,组件功能与教程,WPS表格,WPS表格/文字/演示/PDF功能与操作，适合功能教程页,,4.0,,,第三方工具-社区SEO,1,
7434,excel转置函数,组件功能与教程,WPS表格,WPS表格/文字/演示/PDF功能与操作，适合功能教程页,,4.0,,,第三方工具-社区SEO,1,
7435,excel删除换行符,组件功能与教程,WPS表格,WPS表格/文字/演示/PDF功能与操作，适合功能教程页,,4.0,,,第三方工具-社区SEO,1,
7436,excel批量插入行,组件功能与教程,WPS表格,WPS表格/文字/演示/PDF功能与操作，适合功能教程页,,4.0,,,第三方工具-社区SEO,1,
7437,excel按姓氏笔画排序,组件功能与教程,WPS表格,WPS表格/文字/演示/PDF功能与操作，适合功能教程页,,4.0,,,第三方工具-社区SEO,1,
7438,excel检查重复项,组件功能与教程,WPS表格,WPS表格/文字/演示/PDF功能与操作，适合功能教程页,,4.0,,,第三方工具-社区SEO,1,
7439,excel文字转拼音,组件功能与教程,WPS表格,WPS表格/文字/演示/PDF功能与操作，适合功能教程页,,4.0,,,第三方工具-社区SEO,1,
7440,excel获取当前日期,组件功能与教程,WPS表格,WPS表格/文字/演示/PDF功能与操作，适合功能教程页,,4.0,,,第三方工具-社区SEO,1,
7441,excel筛选多个关键词,组件功能与教程,WPS表格,WPS表格/文字/演示/PDF功能与操作，适合功能教程页,,4.0,,,第三方工具-社区SEO,1,
7442,excel按条件统计个数,组件功能与教程,WPS表格,WPS表格/文字/演示/PDF功能与操作，适合功能教程页,,4.0,,,第三方工具-社区SEO,1,
7443,excel中find函数,组件功能与教程,WPS表格,WPS表格/文字/演示/PDF功能与操作，适合功能教程页,,4.0,,,第三方工具-社区SEO,1,
7444,excel整列套用公式,组件功能与教程,WPS表格,WPS表格/文字/演示/PDF功能与操作，适合功能教程页,,4.0,,,第三方工具-社区SEO,1,
7445,excel官方网站,组件功能与教程,WPS表格,WPS表格/文字/演示/PDF功能与操作，适合功能教程页,,4.0,,,第三方工具-社区SEO,1,
7446,excel求和数值不对,组件功能与教程,WPS表格,WPS表格/文字/演示/PDF功能与操作，适合功能教程页,,4.0,,,第三方工具-社区SEO,1,
7447,excel多列数据合并成一列,组件功能与教程,WPS表格,WPS表格/文字/演示/PDF功能与操作，适合功能教程页,,4.0,,,第三方工具-社区SEO,1,
7448,excel按方向键不能切换单元格,组件功能与教程,WPS表格,WPS表格/文字/演示/PDF功能与操作，适合功能教程页,,4.0,,,第三方工具-社区SEO,1,
7449,excel函数取整,组件功能与教程,WPS表格,WPS表格/文字/演示/PDF功能与操作，适合功能教程页,,4.0,,,第三方工具-社区SEO,1,
7450,excel 选择,组件功能与教程,WPS表格,WPS表格/文字/演示/PDF功能与操作，适合功能教程页,,4.0,,,第三方工具-社区SEO,1,
7451,excel 序列,组件功能与教程,WPS表格,WPS表格/文字/演示/PDF功能与操作，适合功能教程页,,4.0,,,第三方工具-社区SEO,1,
7452,excel 方差分析,组件功能与教程,WPS表格,WPS表格/文字/演示/PDF功能与操作，适合功能教程页,,4.0,,,第三方工具-社区SEO,1,
7453,雷达图 excel,组件功能与教程,WPS表格,WPS表格/文字/演示/PDF功能与操作，适合功能教程页,,4.0,,,第三方工具-社区SEO,1,
7454,excel 分组排序,组件功能与教程,WPS表格,WPS表格/文字/演示/PDF功能与操作，适合功能教程页,,4.0,,,第三方工具-社区SEO,1,
7455,excel培训,组件功能与教程,WPS表格,WPS表格/文字/演示/PDF功能与操作，适合功能教程页,,4.0,,,第三方工具-社区SEO,1,
7456,excel 动态图表,组件功能与教程,WPS表格,WPS表格/文字/演示/PDF功能与操作，适合功能教程页,,4.0,,,第三方工具-社区SEO,1,
7457,excel幂函数,组件功能与教程,WPS表格,WPS表格/文字/演示/PDF功能与操作，适合功能教程页,,4.0,,,第三方工具-社区SEO,1,
7458,excel字符拼接,组件功能与教程,WPS表格,WPS表格/文字/演示/PDF功能与操作，适合功能教程页,,4.0,,,第三方工具-社区SEO,1,
7459,excel 合并工具,组件功能与教程,WPS表格,WPS表格/文字/演示/PDF功能与操作，适合功能教程页,,4.0,,,第三方工具-社区SEO,1,
7460,excel frequency函数,组件功能与教程,WPS表格,WPS表格/文字/演示/PDF功能与操作，适合功能教程页,,4.0,,,第三方工具-社区SEO,1,
7461,ppt表格边框颜色,组件功能与教程,WPS表格,WPS表格/文字/演示/PDF功能与操作，适合功能教程页,,4.0,,,第三方工具-社区SEO,1,
7462,word文档表格,组件功能与教程,WPS表格,WPS表格/文字/演示/PDF功能与操作，适合功能教程页,,7.0,,,第三方工具-社区SEO,1,
7463,word表格自动填充序号,组件功能与教程,WPS表格,WPS表格/文字/演示/PDF功能与操作，适合功能教程页,,5.0,,,第三方工具-社区SEO,1,
7464,word表格填充颜色,组件功能与教程,WPS表格,WPS表格/文字/演示/PDF功能与操作，适合功能教程页,,4.0,,,第三方工具-社区SEO,1,
7465,word表格加斜线,组件功能与教程,WPS表格,WPS表格/文字/演示/PDF功能与操作，适合功能教程页,,4.0,,,第三方工具-社区SEO,1,
7466,word表格斜杠,组件功能与教程,WPS表格,WPS表格/文字/演示/PDF功能与操作，适合功能教程页,,3.0,,,第三方工具-社区SEO,1,
7467,word合并两个表格,组件功能与教程,WPS表格,WPS表格/文字/演示/PDF功能与操作，适合功能教程页,,3.0,,,第三方工具-社区SEO,1,
7468,word表格自动换页,组件功能与教程,WPS表格,WPS表格/文字/演示/PDF功能与操作，适合功能教程页,,3.0,,,第三方工具-社区SEO,1,
7469,word表格文字显示不全,组件功能与教程,WPS表格,WPS表格/文字/演示/PDF功能与操作，适合功能教程页,,3.0,,,第三方工具-社区SEO,1,
7470,word表格不分页,组件功能与教程,WPS表格,WPS表格/文字/演示/PDF功能与操作，适合功能教程页,,3.0,,,第三方工具-社区SEO,1,
7471,pdf格式怎么弄,功能教程与知识,其他,办公知识与操作问答，适合教程内容与GEO答案资产,,,,,百度搜索联想/相关搜索、第三方工具-社区SEO,2,
7472,word文档怎么做,功能教程与知识,其他,办公知识与操作问答，适合教程内容与GEO答案资产,,57.0,,,百度搜索联想/相关搜索、第三方工具-社区SEO,2,
7473,ppt教程,功能教程与知识,其他,办公知识与操作问答，适合教程内容与GEO答案资产,,231.0,,409901.0,第三方工具-社区SEO、短视频/内容平台-小红书,2,
7474,excel技巧,功能教程与知识,其他,办公知识与操作问答，适合教程内容与GEO答案资产,,140.0,,212437.0,第三方工具-社区SEO、短视频/内容平台-小红书,2,
7475,WPS的教程,功能教程与知识,其他,办公知识与操作问答，适合教程内容与GEO答案资产,,,,,百度搜索联想/相关搜索,1,
7476,wps365是什么版本,功能教程与知识,其他,办公知识与操作问答，适合教程内容与GEO答案资产,,,,,百度搜索联想/相关搜索,1,
7477,wpsoffice使用教程,功能教程与知识,其他,办公知识与操作问答，适合教程内容与GEO答案资产,,,,,百度搜索联想/相关搜索,1,
7478,wpsoffice怎么读,功能教程与知识,其他,办公知识与操作问答，适合教程内容与GEO答案资产,,,,,百度搜索联想/相关搜索,1,
7479,wps形式是什么意思,功能教程与知识,其他,办公知识与操作问答，适合教程内容与GEO答案资产,,,,,百度搜索联想/相关搜索,1,
7480,wps怎么没有演示工具,功能教程与知识,其他,办公知识与操作问答，适合教程内容与GEO答案资产,,,,,百度搜索联想/相关搜索,1,
7481,wps数据处理技巧,功能教程与知识,其他,办公知识与操作问答，适合教程内容与GEO答案资产,,,,,百度搜索联想/相关搜索,1,
7482,wps演示文稿制作教程,功能教程与知识,其他,办公知识与操作问答，适合教程内容与GEO答案资产,,,,,百度搜索联想/相关搜索,1,
7483,wps演示是什么意思,功能教程与知识,其他,办公知识与操作问答，适合教程内容与GEO答案资产,,,,,百度搜索联想/相关搜索,1,
7484,wps美化ppt功能在哪里,功能教程与知识,其他,办公知识与操作问答，适合教程内容与GEO答案资产,,,,,百度搜索联想/相关搜索,1,
7485,wps表格分两页断开怎么办,功能教程与知识,其他,办公知识与操作问答，适合教程内容与GEO答案资产,,,,,百度搜索联想/相关搜索,1,
7486,wps表格制作教程,功能教程与知识,其他,办公知识与操作问答，适合教程内容与GEO答案资产,,,,,百度搜索联想/相关搜索,1,
7487,wps表格复制粘贴后如何保持原格式,功能教程与知识,其他,办公知识与操作问答，适合教程内容与GEO答案资产,,,,,百度搜索联想/相关搜索,1,
7488,wps表格序号怎么拉下去123456,功能教程与知识,其他,办公知识与操作问答，适合教程内容与GEO答案资产,,,,,百度搜索联想/相关搜索,1,
7489,wps表格怎么插表格,功能教程与知识,其他,办公知识与操作问答，适合教程内容与GEO答案资产,,,,,百度搜索联想/相关搜索,1,
7490,wps表格怎么自动排序号,功能教程与知识,其他,办公知识与操作问答，适合教程内容与GEO答案资产,,,,,百度搜索联想/相关搜索,1,
7491,wps表格怎么调整表格大小,功能教程与知识,其他,办公知识与操作问答，适合教程内容与GEO答案资产,,,,,百度搜索联想/相关搜索,1,
7492,wps表格斜线一分为二怎么弄,功能教程与知识,其他,办公知识与操作问答，适合教程内容与GEO答案资产,,,,,百度搜索联想/相关搜索,1,
7493,wps表格行高在哪里设置,功能教程与知识,其他,办公知识与操作问答，适合教程内容与GEO答案资产,,,,,百度搜索联想/相关搜索,1,
7494,wps表格里面怎么换行,功能教程与知识,其他,办公知识与操作问答，适合教程内容与GEO答案资产,,,,,百度搜索联想/相关搜索,1,
7495,wsp office是什么软件,功能教程与知识,其他,办公知识与操作问答，适合教程内容与GEO答案资产,10.0,,,,百度统计真实流量,1,
7496,wps是什么意思,功能教程与知识,其他,办公知识与操作问答，适合教程内容与GEO答案资产,7.0,,,,百度统计真实流量,1,
7497,wps官网是什么,功能教程与知识,其他,办公知识与操作问答，适合教程内容与GEO答案资产,5.0,,,,百度统计真实流量,1,
7498,WPS教程,功能教程与知识,其他,办公知识与操作问答，适合教程内容与GEO答案资产,2.0,,,,百度统计真实流量,1,
7499,wpsoffice入门基础教程,功能教程与知识,其他,办公知识与操作问答，适合教程内容与GEO答案资产,2.0,,,,百度统计真实流量,1,
7500,如何将pdf翻译成中文,功能教程与知识,其他,办公知识与操作问答，适合教程内容与GEO答案资产,2.0,,,,百度统计真实流量,1,
7501,WPS里面 word怎么几个人一块编辑,功能教程与知识,其他,办公知识与操作问答，适合教程内容与GEO答案资产,1.0,,,,百度统计真实流量,1,
7502,wps vba宏插件使用方法,功能教程与知识,其他,办公知识与操作问答，适合教程内容与GEO答案资产,1.0,,,,百度统计真实流量,1,
7503,如何进入wps官网,功能教程与知识,其他,办公知识与操作问答，适合教程内容与GEO答案资产,1.0,,,,百度统计真实流量,1,
7504,哪里有旧版本WPS,功能教程与知识,其他,办公知识与操作问答，适合教程内容与GEO答案资产,1.0,,,,百度统计真实流量,1,
7505,word办公教程网,功能教程与知识,其他,办公知识与操作问答，适合教程内容与GEO答案资产,1.0,,,,百度统计真实流量,1,
7506,wps office是什么软件,功能教程与知识,其他,办公知识与操作问答，适合教程内容与GEO答案资产,1.0,,,,百度统计真实流量,1,
7507,wpsofice是什么软件,功能教程与知识,其他,办公知识与操作问答，适合教程内容与GEO答案资产,1.0,,,,百度统计真实流量,1,
7508,wps桌面助手怎么开启,功能教程与知识,其他,办公知识与操作问答，适合教程内容与GEO答案资产,1.0,,,,百度统计真实流量,1,
7509,wps是什么软件,功能教程与知识,其他,办公知识与操作问答，适合教程内容与GEO答案资产,1.0,,,,百度统计真实流量,1,
7510,怎么更新电脑的WPS,功能教程与知识,其他,办公知识与操作问答，适合教程内容与GEO答案资产,1.0,,,,百度统计真实流量,1,
7511,如何恢复旧版WPS,功能教程与知识,其他,办公知识与操作问答，适合教程内容与GEO答案资产,1.0,,,,百度统计真实流量,1,
7512,windows8系统为什么用不了wps？,功能教程与知识,其他,办公知识与操作问答，适合教程内容与GEO答案资产,1.0,,,,百度统计真实流量,1,
7513,电脑没有wps怎么办,功能教程与知识,其他,办公知识与操作问答，适合教程内容与GEO答案资产,1.0,,,,百度统计真实流量,1,
7514,WPS怎么改名字,功能教程与知识,其他,办公知识与操作问答，适合教程内容与GEO答案资产,1.0,,,,百度统计真实流量,1,
7515,wps在线表格怎么创建,功能教程与知识,其他,办公知识与操作问答，适合教程内容与GEO答案资产,1.0,,,,百度统计真实流量,1,
7516,wps多维表格使用教程,功能教程与知识,其他,办公知识与操作问答，适合教程内容与GEO答案资产,1.0,,,,百度统计真实流量,1,
7517,WPS官方网址是什么,功能教程与知识,其他,办公知识与操作问答，适合教程内容与GEO答案资产,1.0,,,,百度统计真实流量,1,
7518,wps宏功能怎么开启,功能教程与知识,其他,办公知识与操作问答，适合教程内容与GEO答案资产,1.0,,,,百度统计真实流量,1,
7519,wps多维表格在哪里打开,功能教程与知识,其他,办公知识与操作问答，适合教程内容与GEO答案资产,1.0,,,,百度统计真实流量,1,
7520,wps如何加载vba,功能教程与知识,其他,办公知识与操作问答，适合教程内容与GEO答案资产,1.0,,,,百度统计真实流量,1,
7521,ppt是什么,功能教程与知识,其他,办公知识与操作问答，适合教程内容与GEO答案资产,,2508.0,,,第三方工具-社区SEO,1,
7522,pdf如何压缩,功能教程与知识,其他,办公知识与操作问答，适合教程内容与GEO答案资产,,76.0,,,第三方工具-社区SEO,1,
7523,pdf怎么编辑,功能教程与知识,其他,办公知识与操作问答，适合教程内容与GEO答案资产,,2321.0,,,第三方工具-社区SEO,1,
7524,如何制作ppt,功能教程与知识,其他,办公知识与操作问答，适合教程内容与GEO答案资产,,493.0,,,第三方工具-社区SEO,1,
7525,pdf文件怎么压缩大小,功能教程与知识,其他,办公知识与操作问答，适合教程内容与GEO答案资产,,702.0,,,第三方工具-社区SEO,1,
7526,pdf文件怎么压缩变小,功能教程与知识,其他,办公知识与操作问答，适合教程内容与GEO答案资产,,249.0,,,第三方工具-社区SEO,1,
7527,ppt技巧,功能教程与知识,其他,办公知识与操作问答，适合教程内容与GEO答案资产,,398.0,,,第三方工具-社区SEO,1,
7528,怎么删除word空白页,功能教程与知识,其他,办公知识与操作问答，适合教程内容与GEO答案资产,,1125.0,,,第三方工具-社区SEO,1,
7529,怎么做ppt,功能教程与知识,其他,办公知识与操作问答，适合教程内容与GEO答案资产,,644.0,,,第三方工具-社区SEO,1,
7530,如何删除word空白页,功能教程与知识,其他,办公知识与操作问答，适合教程内容与GEO答案资产,,1348.0,,,第三方工具-社区SEO,1,
7531,pdf格式是什么格式,功能教程与知识,其他,办公知识与操作问答，适合教程内容与GEO答案资产,,272.0,,,第三方工具-社区SEO,1,
7532,ppt背景图片怎么设置,功能教程与知识,其他,办公知识与操作问答，适合教程内容与GEO答案资产,,474.0,,,第三方工具-社区SEO,1,
7533,ppt是什么意思,功能教程与知识,其他,办公知识与操作问答，适合教程内容与GEO答案资产,,571.0,,,第三方工具-社区SEO,1,
7534,pdf怎么压缩,功能教程与知识,其他,办公知识与操作问答，适合教程内容与GEO答案资产,,193.0,,,第三方工具-社区SEO,1,
7535,word目录怎么生成,功能教程与知识,其他,办公知识与操作问答，适合教程内容与GEO答案资产,,282.0,,,第三方工具-社区SEO,1,
7536,表格制作excel教程,功能教程与知识,其他,办公知识与操作问答，适合教程内容与GEO答案资产,,967.0,,,第三方工具-社区SEO,1,
7537,pdf格式是什么意思,功能教程与知识,其他,办公知识与操作问答，适合教程内容与GEO答案资产,,179.0,,,第三方工具-社区SEO,1,
7538,word页眉横线怎么删除,功能教程与知识,其他,办公知识与操作问答，适合教程内容与GEO答案资产,,213.0,,,第三方工具-社区SEO,1,
7539,word如何删除空白页,功能教程与知识,其他,办公知识与操作问答，适合教程内容与GEO答案资产,,680.0,,,第三方工具-社区SEO,1,
7540,excel怎么筛选重复项,功能教程与知识,其他,办公知识与操作问答，适合教程内容与GEO答案资产,,104.0,,,第三方工具-社区SEO,1,
7541,word文档怎么删除空白页,功能教程与知识,其他,办公知识与操作问答，适合教程内容与GEO答案资产,,256.0,,,第三方工具-社区SEO,1,
7542,excel表格求和怎么操作,功能教程与知识,其他,办公知识与操作问答，适合教程内容与GEO答案资产,,87.0,,,第三方工具-社区SEO,1,
7543,怎么制作ppt,功能教程与知识,其他,办公知识与操作问答，适合教程内容与GEO答案资产,,344.0,,,第三方工具-社区SEO,1,
7544,word空白页怎么删除,功能教程与知识,其他,办公知识与操作问答，适合教程内容与GEO答案资产,,172.0,,,第三方工具-社区SEO,1,
7545,excel怎么自动排序123,功能教程与知识,其他,办公知识与操作问答，适合教程内容与GEO答案资产,,225.0,,,第三方工具-社区SEO,1,
7546,excel怎么换行,功能教程与知识,其他,办公知识与操作问答，适合教程内容与GEO答案资产,,474.0,,,第三方工具-社区SEO,1,
7547,pdf文件怎么打开,功能教程与知识,其他,办公知识与操作问答，适合教程内容与GEO答案资产,,428.0,,,第三方工具-社区SEO,1,
7548,ppt怎么做流程图,功能教程与知识,其他,办公知识与操作问答，适合教程内容与GEO答案资产,,108.0,,,第三方工具-社区SEO,1,
7549,word最后一页空白页怎么删除,功能教程与知识,其他,办公知识与操作问答，适合教程内容与GEO答案资产,,338.0,,,第三方工具-社区SEO,1,
7550,ppt如何插入视频,功能教程与知识,其他,办公知识与操作问答，适合教程内容与GEO答案资产,,255.0,,,第三方工具-社区SEO,1,
7551,ppt母版怎么修改,功能教程与知识,其他,办公知识与操作问答，适合教程内容与GEO答案资产,,92.0,,,第三方工具-社区SEO,1,
7552,excel设置下拉框选项,功能教程与知识,其他,办公知识与操作问答，适合教程内容与GEO答案资产,,100.0,,,第三方工具-社区SEO,1,
7553,ppt制作教程,功能教程与知识,其他,办公知识与操作问答，适合教程内容与GEO答案资产,,445.0,,,第三方工具-社区SEO,1,
7554,excel表格怎么换行,功能教程与知识,其他,办公知识与操作问答，适合教程内容与GEO答案资产,,550.0,,,第三方工具-社区SEO,1,
7555,word怎么生成目录,功能教程与知识,其他,办公知识与操作问答，适合教程内容与GEO答案资产,,407.0,,,第三方工具-社区SEO,1,
7556,pdf怎么删除其中一页,功能教程与知识,其他,办公知识与操作问答，适合教程内容与GEO答案资产,,288.0,,,第三方工具-社区SEO,1,
7557,pdf怎么做,功能教程与知识,其他,办公知识与操作问答，适合教程内容与GEO答案资产,,195.0,,,第三方工具-社区SEO,1,
7558,excel表格怎么调整表格大小,功能教程与知识,其他,办公知识与操作问答，适合教程内容与GEO答案资产,,92.0,,,第三方工具-社区SEO,1,
7559,word标尺怎么调出来,功能教程与知识,其他,办公知识与操作问答，适合教程内容与GEO答案资产,,84.0,,,第三方工具-社区SEO,1,
7560,如何压缩pdf文件大小,功能教程与知识,其他,办公知识与操作问答，适合教程内容与GEO答案资产,,245.0,,,第三方工具-社区SEO,1,
7561,excel行高怎么设置,功能教程与知识,其他,办公知识与操作问答，适合教程内容与GEO答案资产,,83.0,,,第三方工具-社区SEO,1,
7562,excel是什么意思,功能教程与知识,其他,办公知识与操作问答，适合教程内容与GEO答案资产,,283.0,,,第三方工具-社区SEO,1,
7563,如何在word,功能教程与知识,其他,办公知识与操作问答，适合教程内容与GEO答案资产,,63.0,,,第三方工具-社区SEO,1,
7564,excel分类汇总怎么做,功能教程与知识,其他,办公知识与操作问答，适合教程内容与GEO答案资产,,67.0,,,第三方工具-社区SEO,1,
7565,pdf怎么加水印,功能教程与知识,其他,办公知识与操作问答，适合教程内容与GEO答案资产,,91.0,,,第三方工具-社区SEO,1,
7566,word页码怎么设置,功能教程与知识,其他,办公知识与操作问答，适合教程内容与GEO答案资产,,101.0,,,第三方工具-社区SEO,1,
7567,word行间距怎么调整,功能教程与知识,其他,办公知识与操作问答，适合教程内容与GEO答案资产,,128.0,,,第三方工具-社区SEO,1,
7568,excel如何筛选重复项,功能教程与知识,其他,办公知识与操作问答，适合教程内容与GEO答案资产,,76.0,,,第三方工具-社区SEO,1,
7569,ppt怎么制作,功能教程与知识,其他,办公知识与操作问答，适合教程内容与GEO答案资产,,213.0,,,第三方工具-社区SEO,1,
7570,word如何生成目录,功能教程与知识,其他,办公知识与操作问答，适合教程内容与GEO答案资产,,68.0,,,第三方工具-社区SEO,1,
7571,word文档如何翻译,功能教程与知识,其他,办公知识与操作问答，适合教程内容与GEO答案资产,,60.0,,,第三方工具-社区SEO,1,
7572,如何编辑pdf文件内容,功能教程与知识,其他,办公知识与操作问答，适合教程内容与GEO答案资产,,53.0,,,第三方工具-社区SEO,1,
7573,word空白页删不掉怎么办,功能教程与知识,其他,办公知识与操作问答，适合教程内容与GEO答案资产,,137.0,,,第三方工具-社区SEO,1,
7574,pdf如何加密,功能教程与知识,其他,办公知识与操作问答，适合教程内容与GEO答案资产,,49.0,,,第三方工具-社区SEO,1,
7575,ps怎么导出pdf,功能教程与知识,其他,办公知识与操作问答，适合教程内容与GEO答案资产,,60.0,,,第三方工具-社区SEO,1,
7576,word表格中文字怎么上下居中,功能教程与知识,其他,办公知识与操作问答，适合教程内容与GEO答案资产,,76.0,,,第三方工具-社区SEO,1,
7577,word水印怎么去掉,功能教程与知识,其他,办公知识与操作问答，适合教程内容与GEO答案资产,,60.0,,,第三方工具-社区SEO,1,
7578,ppt教程网,功能教程与知识,其他,办公知识与操作问答，适合教程内容与GEO答案资产,,70.0,,,第三方工具-社区SEO,1,
7579,如何缩小pdf文件的大小,功能教程与知识,其他,办公知识与操作问答，适合教程内容与GEO答案资产,,45.0,,,第三方工具-社区SEO,1,
7580,pdf怎么删除空白页,功能教程与知识,其他,办公知识与操作问答，适合教程内容与GEO答案资产,,152.0,,,第三方工具-社区SEO,1,
7581,ppt页码怎么设置,功能教程与知识,其他,办公知识与操作问答，适合教程内容与GEO答案资产,,64.0,,,第三方工具-社区SEO,1,
7582,如何合并pdf文件,功能教程与知识,其他,办公知识与操作问答，适合教程内容与GEO答案资产,,34.0,,,第三方工具-社区SEO,1,
7583,pdf文件怎么压缩,功能教程与知识,其他,办公知识与操作问答，适合教程内容与GEO答案资产,,25.0,,,第三方工具-社区SEO,1,
7584,怎么把excel,功能教程与知识,其他,办公知识与操作问答，适合教程内容与GEO答案资产,,56.0,,,第三方工具-社区SEO,1,
7585,excel设置选择项,功能教程与知识,其他,办公知识与操作问答，适合教程内容与GEO答案资产,,43.0,,,第三方工具-社区SEO,1,
7586,excel设置密码,功能教程与知识,其他,办公知识与操作问答，适合教程内容与GEO答案资产,,43.0,,,第三方工具-社区SEO,1,
7587,双层pdf是什么意思,功能教程与知识,其他,办公知识与操作问答，适合教程内容与GEO答案资产,,66.0,,,第三方工具-社区SEO,1,
7588,word怎么删除其中一页,功能教程与知识,其他,办公知识与操作问答，适合教程内容与GEO答案资产,,115.0,,,第三方工具-社区SEO,1,
7589,word首行缩进2字符怎么设置,功能教程与知识,其他,办公知识与操作问答，适合教程内容与GEO答案资产,,92.0,,,第三方工具-社区SEO,1,
7590,excel怎么拆分单元格,功能教程与知识,其他,办公知识与操作问答，适合教程内容与GEO答案资产,,54.0,,,第三方工具-社区SEO,1,
7591,word怎么插入目录,功能教程与知识,其他,办公知识与操作问答，适合教程内容与GEO答案资产,,56.0,,,第三方工具-社区SEO,1,
7592,excel条件格式怎么设置,功能教程与知识,其他,办公知识与操作问答，适合教程内容与GEO答案资产,,45.0,,,第三方工具-社区SEO,1,
7593,如何制作ppt课件,功能教程与知识,其他,办公知识与操作问答，适合教程内容与GEO答案资产,,47.0,,,第三方工具-社区SEO,1,
7594,pdf加水印怎么加,功能教程与知识,其他,办公知识与操作问答，适合教程内容与GEO答案资产,,55.0,,,第三方工具-社区SEO,1,
7595,word是什么意思,功能教程与知识,其他,办公知识与操作问答，适合教程内容与GEO答案资产,,981.0,,,第三方工具-社区SEO,1,
7596,pdf空白页怎么删除,功能教程与知识,其他,办公知识与操作问答，适合教程内容与GEO答案资产,,39.0,,,第三方工具-社区SEO,1,
7597,word行距怎么设置,功能教程与知识,其他,办公知识与操作问答，适合教程内容与GEO答案资产,,416.0,,,第三方工具-社区SEO,1,
7598,Excel教程,功能教程与知识,其他,办公知识与操作问答，适合教程内容与GEO答案资产,,156.0,,,第三方工具-社区SEO,1,
7599,pdf如何删除其中一页,功能教程与知识,其他,办公知识与操作问答，适合教程内容与GEO答案资产,,99.0,,,第三方工具-社区SEO,1,
7600,pdf电子签名怎么做,功能教程与知识,其他,办公知识与操作问答，适合教程内容与GEO答案资产,,39.0,,,第三方工具-社区SEO,1,
7601,word水印怎么设置,功能教程与知识,其他,办公知识与操作问答，适合教程内容与GEO答案资产,,60.0,,,第三方工具-社区SEO,1,
7602,word表格怎么调整行间距,功能教程与知识,其他,办公知识与操作问答，适合教程内容与GEO答案资产,,113.0,,,第三方工具-社区SEO,1,
7603,excel排序怎么排,功能教程与知识,其他,办公知识与操作问答，适合教程内容与GEO答案资产,,42.0,,,第三方工具-社区SEO,1,
7604,word 怎么加页码,功能教程与知识,其他,办公知识与操作问答，适合教程内容与GEO答案资产,,55.0,,,第三方工具-社区SEO,1,
7605,ppt文件太大怎么变小,功能教程与知识,其他,办公知识与操作问答，适合教程内容与GEO答案资产,,45.0,,,第三方工具-社区SEO,1,
7606,word文档怎么把两页变成一页,功能教程与知识,其他,办公知识与操作问答，适合教程内容与GEO答案资产,,103.0,,,第三方工具-社区SEO,1,
7607,word修订模式怎么用,功能教程与知识,其他,办公知识与操作问答，适合教程内容与GEO答案资产,,42.0,,,第三方工具-社区SEO,1,
7608,ppt计时器怎么设置,功能教程与知识,其他,办公知识与操作问答，适合教程内容与GEO答案资产,,35.0,,,第三方工具-社区SEO,1,
7609,怎么把多个pdf文件合并成一个,功能教程与知识,其他,办公知识与操作问答，适合教程内容与GEO答案资产,,57.0,,,第三方工具-社区SEO,1,
7610,pdf文件大小怎么缩小,功能教程与知识,其他,办公知识与操作问答，适合教程内容与GEO答案资产,,35.0,,,第三方工具-社区SEO,1,
7611,word分节符怎么删除,功能教程与知识,其他,办公知识与操作问答，适合教程内容与GEO答案资产,,42.0,,,第三方工具-社区SEO,1,
7612,word分页符怎么删除,功能教程与知识,其他,办公知识与操作问答，适合教程内容与GEO答案资产,,41.0,,,第三方工具-社区SEO,1,
7613,word如何插入目录,功能教程与知识,其他,办公知识与操作问答，适合教程内容与GEO答案资产,,36.0,,,第三方工具-社区SEO,1,
7614,怎么在word,功能教程与知识,其他,办公知识与操作问答，适合教程内容与GEO答案资产,,32.0,,,第三方工具-社区SEO,1,
7615,怎么合并两个pdf,功能教程与知识,其他,办公知识与操作问答，适合教程内容与GEO答案资产,,33.0,,,第三方工具-社区SEO,1,
7616,word怎么自动生成目录,功能教程与知识,其他,办公知识与操作问答，适合教程内容与GEO答案资产,,325.0,,,第三方工具-社区SEO,1,
7617,excel如何删除重复项,功能教程与知识,其他,办公知识与操作问答，适合教程内容与GEO答案资产,,32.0,,,第三方工具-社区SEO,1,
7618,如何将两个pdf文件合并成一个,功能教程与知识,其他,办公知识与操作问答，适合教程内容与GEO答案资产,,34.0,,,第三方工具-社区SEO,1,
7619,怎么删除空白页word,功能教程与知识,其他,办公知识与操作问答，适合教程内容与GEO答案资产,,77.0,,,第三方工具-社区SEO,1,
7620,excel入门教程,功能教程与知识,其他,办公知识与操作问答，适合教程内容与GEO答案资产,,59.0,,,第三方工具-社区SEO,1,
7621,excel查找快捷键是什么,功能教程与知识,其他,办公知识与操作问答，适合教程内容与GEO答案资产,,35.0,,,第三方工具-社区SEO,1,
7622,excel怎么设置选择项,功能教程与知识,其他,办公知识与操作问答，适合教程内容与GEO答案资产,,30.0,,,第三方工具-社区SEO,1,
7623,pdf旋转后如何保存,功能教程与知识,其他,办公知识与操作问答，适合教程内容与GEO答案资产,,32.0,,,第三方工具-社区SEO,1,
7624,excel设置打印区域,功能教程与知识,其他,办公知识与操作问答，适合教程内容与GEO答案资产,,28.0,,,第三方工具-社区SEO,1,
7625,ppt怎么加页码,功能教程与知识,其他,办公知识与操作问答，适合教程内容与GEO答案资产,,61.0,,,第三方工具-社区SEO,1,
7626,如何压缩pdf,功能教程与知识,其他,办公知识与操作问答，适合教程内容与GEO答案资产,,56.0,,,第三方工具-社区SEO,1,
7627,图片怎么转成pdf,功能教程与知识,其他,办公知识与操作问答，适合教程内容与GEO答案资产,,27.0,,,第三方工具-社区SEO,1,
7628,word怎么加水印,功能教程与知识,其他,办公知识与操作问答，适合教程内容与GEO答案资产,,38.0,,,第三方工具-社区SEO,1,
7629,word怎么删除分页符,功能教程与知识,其他,办公知识与操作问答，适合教程内容与GEO答案资产,,34.0,,,第三方工具-社区SEO,1,
7630,word表格跨页断开怎么解决,功能教程与知识,其他,办公知识与操作问答，适合教程内容与GEO答案资产,,168.0,,,第三方工具-社区SEO,1,
7631,word怎么删除页面,功能教程与知识,其他,办公知识与操作问答，适合教程内容与GEO答案资产,,44.0,,,第三方工具-社区SEO,1,
7632,excel如何换行,功能教程与知识,其他,办公知识与操作问答，适合教程内容与GEO答案资产,,149.0,,,第三方工具-社区SEO,1,
7633,excel表格怎么求和,功能教程与知识,其他,办公知识与操作问答，适合教程内容与GEO答案资产,,34.0,,,第三方工具-社区SEO,1,
7634,excel怎么设置密码,功能教程与知识,其他,办公知识与操作问答，适合教程内容与GEO答案资产,,30.0,,,第三方工具-社区SEO,1,
7635,ppt怎么加水印,功能教程与知识,其他,办公知识与操作问答，适合教程内容与GEO答案资产,,27.0,,,第三方工具-社区SEO,1,
7636,怎么压缩pdf,功能教程与知识,其他,办公知识与操作问答，适合教程内容与GEO答案资产,,58.0,,,第三方工具-社区SEO,1,
7637,pdf怎么转cad,功能教程与知识,其他,办公知识与操作问答，适合教程内容与GEO答案资产,,28.0,,,第三方工具-社区SEO,1,
7638,pdf怎么加页码,功能教程与知识,其他,办公知识与操作问答，适合教程内容与GEO答案资产,,27.0,,,第三方工具-社区SEO,1,
7639,word怎么删除分节符,功能教程与知识,其他,办公知识与操作问答，适合教程内容与GEO答案资产,,33.0,,,第三方工具-社区SEO,1,
7640,excel如何排序,功能教程与知识,其他,办公知识与操作问答，适合教程内容与GEO答案资产,,169.0,,,第三方工具-社区SEO,1,
7641,excel求和为什么是0,功能教程与知识,其他,办公知识与操作问答，适合教程内容与GEO答案资产,,55.0,,,第三方工具-社区SEO,1,
7642,excel如何设置选择项,功能教程与知识,其他,办公知识与操作问答，适合教程内容与GEO答案资产,,31.0,,,第三方工具-社区SEO,1,
7643,excel表格如何换行,功能教程与知识,其他,办公知识与操作问答，适合教程内容与GEO答案资产,,28.0,,,第三方工具-社区SEO,1,
7644,ppt主题怎么设置,功能教程与知识,其他,办公知识与操作问答，适合教程内容与GEO答案资产,,33.0,,,第三方工具-社区SEO,1,
7645,pdf怎么加密,功能教程与知识,其他,办公知识与操作问答，适合教程内容与GEO答案资产,,71.0,,,第三方工具-社区SEO,1,
7646,pdf如何加水印,功能教程与知识,其他,办公知识与操作问答，适合教程内容与GEO答案资产,,33.0,,,第三方工具-社区SEO,1,
7647,如何编辑pdf,功能教程与知识,其他,办公知识与操作问答，适合教程内容与GEO答案资产,,25.0,,,第三方工具-社区SEO,1,
7648,excel怎么求和,功能教程与知识,其他,办公知识与操作问答，适合教程内容与GEO答案资产,,229.0,,,第三方工具-社区SEO,1,
7649,excel转置怎么操作,功能教程与知识,其他,办公知识与操作问答，适合教程内容与GEO答案资产,,28.0,,,第三方工具-社区SEO,1,
7650,pdf文件怎么压缩得更小,功能教程与知识,其他,办公知识与操作问答，适合教程内容与GEO答案资产,,29.0,,,第三方工具-社区SEO,1,
7651,word如何删除一整页,功能教程与知识,其他,办公知识与操作问答，适合教程内容与GEO答案资产,,38.0,,,第三方工具-社区SEO,1,
7652,word怎么删除页,功能教程与知识,其他,办公知识与操作问答，适合教程内容与GEO答案资产,,36.0,,,第三方工具-社区SEO,1,
7653,excel单元格内怎么换行,功能教程与知识,其他,办公知识与操作问答，适合教程内容与GEO答案资产,,30.0,,,第三方工具-社区SEO,1,
7654,pdf怎么压缩大小,功能教程与知识,其他,办公知识与操作问答，适合教程内容与GEO答案资产,,24.0,,,第三方工具-社区SEO,1,
7655,pdf怎么双面打印,功能教程与知识,其他,办公知识与操作问答，适合教程内容与GEO答案资产,,14.0,,,第三方工具-社区SEO,1,
7656,word文档如何删除空白页,功能教程与知识,其他,办公知识与操作问答，适合教程内容与GEO答案资产,,46.0,,,第三方工具-社区SEO,1,
7657,word怎么取消自动编号,功能教程与知识,其他,办公知识与操作问答，适合教程内容与GEO答案资产,,32.0,,,第三方工具-社区SEO,1,
7658,excel表格怎么制作表格,功能教程与知识,其他,办公知识与操作问答，适合教程内容与GEO答案资产,,35.0,,,第三方工具-社区SEO,1,
7659,excel柱状图怎么做,功能教程与知识,其他,办公知识与操作问答，适合教程内容与GEO答案资产,,28.0,,,第三方工具-社区SEO,1,
7660,excel如何拆分单元格,功能教程与知识,其他,办公知识与操作问答，适合教程内容与GEO答案资产,,25.0,,,第三方工具-社区SEO,1,
7661,word怎么做目录,功能教程与知识,其他,办公知识与操作问答，适合教程内容与GEO答案资产,,34.0,,,第三方工具-社区SEO,1,
7662,excel透视表怎么做,功能教程与知识,其他,办公知识与操作问答，适合教程内容与GEO答案资产,,41.0,,,第三方工具-社区SEO,1,
7663,excel怎么自动换行,功能教程与知识,其他,办公知识与操作问答，适合教程内容与GEO答案资产,,25.0,,,第三方工具-社区SEO,1,
7664,ppt怎么插入页码,功能教程与知识,其他,办公知识与操作问答，适合教程内容与GEO答案资产,,27.0,,,第三方工具-社区SEO,1,
7665,pdf转cad怎么弄,功能教程与知识,其他,办公知识与操作问答，适合教程内容与GEO答案资产,,121.0,,,第三方工具-社区SEO,1,
7666,如何合并pdf,功能教程与知识,其他,办公知识与操作问答，适合教程内容与GEO答案资产,,23.0,,,第三方工具-社区SEO,1,
7667,pdf怎么拆分成多个pdf,功能教程与知识,其他,办公知识与操作问答，适合教程内容与GEO答案资产,,22.0,,,第三方工具-社区SEO,1,
7668,word怎么打勾,功能教程与知识,其他,办公知识与操作问答，适合教程内容与GEO答案资产,,30.0,,,第三方工具-社区SEO,1,
7669,word自动保存的文件在哪里,功能教程与知识,其他,办公知识与操作问答，适合教程内容与GEO答案资产,,29.0,,,第三方工具-社区SEO,1,
7670,excel如何合并单元格,功能教程与知识,其他,办公知识与操作问答，适合教程内容与GEO答案资产,,219.0,,,第三方工具-社区SEO,1,
7671,excel怎么去重,功能教程与知识,其他,办公知识与操作问答，适合教程内容与GEO答案资产,,30.0,,,第三方工具-社区SEO,1,
7672,excel怎么插入图片,功能教程与知识,其他,办公知识与操作问答，适合教程内容与GEO答案资产,,28.0,,,第三方工具-社区SEO,1,
7673,excel表格vlookup函数怎么用,功能教程与知识,其他,办公知识与操作问答，适合教程内容与GEO答案资产,,25.0,,,第三方工具-社区SEO,1,
7674,ppt怎么设置背景图片,功能教程与知识,其他,办公知识与操作问答，适合教程内容与GEO答案资产,,23.0,,,第三方工具-社区SEO,1,
7675,pdf文件怎么加密,功能教程与知识,其他,办公知识与操作问答，适合教程内容与GEO答案资产,,24.0,,,第三方工具-社区SEO,1,
7676,pdf怎么缩小文件大小,功能教程与知识,其他,办公知识与操作问答，适合教程内容与GEO答案资产,,22.0,,,第三方工具-社区SEO,1,
7677,word怎么复制一整页,功能教程与知识,其他,办公知识与操作问答，适合教程内容与GEO答案资产,,45.0,,,第三方工具-社区SEO,1,
7678,excel表格怎么求平均值,功能教程与知识,其他,办公知识与操作问答，适合教程内容与GEO答案资产,,35.0,,,第三方工具-社区SEO,1,
7679,ppt怎么抠图,功能教程与知识,其他,办公知识与操作问答，适合教程内容与GEO答案资产,,27.0,,,第三方工具-社区SEO,1,
7680,怎么合并pdf文件,功能教程与知识,其他,办公知识与操作问答，适合教程内容与GEO答案资产,,23.0,,,第三方工具-社区SEO,1,
7681,word怎么设置页码,功能教程与知识,其他,办公知识与操作问答，适合教程内容与GEO答案资产,,269.0,,,第三方工具-社区SEO,1,
7682,word如何自动生成目录,功能教程与知识,其他,办公知识与操作问答，适合教程内容与GEO答案资产,,162.0,,,第三方工具-社区SEO,1,
7683,excel表格怎么排序,功能教程与知识,其他,办公知识与操作问答，适合教程内容与GEO答案资产,,23.0,,,第三方工具-社区SEO,1,
7684,如何把excel,功能教程与知识,其他,办公知识与操作问答，适合教程内容与GEO答案资产,,22.0,,,第三方工具-社区SEO,1,
7685,如何做ppt,功能教程与知识,其他,办公知识与操作问答，适合教程内容与GEO答案资产,,187.0,,,第三方工具-社区SEO,1,
7686,pdf如何编辑,功能教程与知识,其他,办公知识与操作问答，适合教程内容与GEO答案资产,,21.0,,,第三方工具-社区SEO,1,
7687,word怎么调整行间距,功能教程与知识,其他,办公知识与操作问答，适合教程内容与GEO答案资产,,44.0,,,第三方工具-社区SEO,1,
7688,word怎么加页码,功能教程与知识,其他,办公知识与操作问答，适合教程内容与GEO答案资产,,38.0,,,第三方工具-社区SEO,1,
7689,word字间距怎么调整,功能教程与知识,其他,办公知识与操作问答，适合教程内容与GEO答案资产,,33.0,,,第三方工具-社区SEO,1,
7690,word怎么插入pdf,功能教程与知识,其他,办公知识与操作问答，适合教程内容与GEO答案资产,,24.0,,,第三方工具-社区SEO,1,
7691,word表格后面的空白页怎么删除,功能教程与知识,其他,办公知识与操作问答，适合教程内容与GEO答案资产,,24.0,,,第三方工具-社区SEO,1,
7692,excel文件怎么加密,功能教程与知识,其他,办公知识与操作问答，适合教程内容与GEO答案资产,,23.0,,,第三方工具-社区SEO,1,
7693,ppt如何制作,功能教程与知识,其他,办公知识与操作问答，适合教程内容与GEO答案资产,,17.0,,,第三方工具-社区SEO,1,
7694,pdf怎么删除页,功能教程与知识,其他,办公知识与操作问答，适合教程内容与GEO答案资产,,14.0,,,第三方工具-社区SEO,1,
7695,word怎么删除批注,功能教程与知识,其他,办公知识与操作问答，适合教程内容与GEO答案资产,,30.0,,,第三方工具-社区SEO,1,
7696,word表格里的文字怎么调行距,功能教程与知识,其他,办公知识与操作问答，适合教程内容与GEO答案资产,,30.0,,,第三方工具-社区SEO,1,
7697,word背景颜色怎么设置,功能教程与知识,其他,办公知识与操作问答，适合教程内容与GEO答案资产,,27.0,,,第三方工具-社区SEO,1,
7698,excel表格怎么合并单元格,功能教程与知识,其他,办公知识与操作问答，适合教程内容与GEO答案资产,,32.0,,,第三方工具-社区SEO,1,
7699,excel设置行高,功能教程与知识,其他,办公知识与操作问答，适合教程内容与GEO答案资产,,21.0,,,第三方工具-社区SEO,1,
7700,ppt字间距怎么调整,功能教程与知识,其他,办公知识与操作问答，适合教程内容与GEO答案资产,,25.0,,,第三方工具-社区SEO,1,
7701,怎么合并pdf,功能教程与知识,其他,办公知识与操作问答，适合教程内容与GEO答案资产,,25.0,,,第三方工具-社区SEO,1,
7702,pdf文件怎么删除其中一页,功能教程与知识,其他,办公知识与操作问答，适合教程内容与GEO答案资产,,20.0,,,第三方工具-社区SEO,1,
7703,pdf怎么编辑文字,功能教程与知识,其他,办公知识与操作问答，适合教程内容与GEO答案资产,,19.0,,,第三方工具-社区SEO,1,
7704,如何拆分pdf,功能教程与知识,其他,办公知识与操作问答，适合教程内容与GEO答案资产,,19.0,,,第三方工具-社区SEO,1,
7705,word怎么合并单元格,功能教程与知识,其他,办公知识与操作问答，适合教程内容与GEO答案资产,,40.0,,,第三方工具-社区SEO,1,
7706,word红色波浪线怎么去掉,功能教程与知识,其他,办公知识与操作问答，适合教程内容与GEO答案资产,,28.0,,,第三方工具-社区SEO,1,
7707,excel自动保存的文件在哪里,功能教程与知识,其他,办公知识与操作问答，适合教程内容与GEO答案资产,,19.0,,,第三方工具-社区SEO,1,
7708,ppt怎么取消自动播放,功能教程与知识,其他,办公知识与操作问答，适合教程内容与GEO答案资产,,32.0,,,第三方工具-社区SEO,1,
7709,ppt背景怎么设置,功能教程与知识,其他,办公知识与操作问答，适合教程内容与GEO答案资产,,28.0,,,第三方工具-社区SEO,1,
7710,怎么删除pdf中的某一页,功能教程与知识,其他,办公知识与操作问答，适合教程内容与GEO答案资产,,82.0,,,第三方工具-社区SEO,1,
7711,word怎么删除一页,功能教程与知识,其他,办公知识与操作问答，适合教程内容与GEO答案资产,,29.0,,,第三方工具-社区SEO,1,
7712,word怎么删除整页,功能教程与知识,其他,办公知识与操作问答，适合教程内容与GEO答案资产,,28.0,,,第三方工具-社区SEO,1,
7713,word如何删除分节符,功能教程与知识,其他,办公知识与操作问答，适合教程内容与GEO答案资产,,20.0,,,第三方工具-社区SEO,1,
7714,为什么excel,功能教程与知识,其他,办公知识与操作问答，适合教程内容与GEO答案资产,,39.0,,,第三方工具-社区SEO,1,
7715,excel怎么做下拉菜单,功能教程与知识,其他,办公知识与操作问答，适合教程内容与GEO答案资产,,38.0,,,第三方工具-社区SEO,1,
7716,excel如何自动生成序号,功能教程与知识,其他,办公知识与操作问答，适合教程内容与GEO答案资产,,20.0,,,第三方工具-社区SEO,1,
7717,沟通技巧ppt课件,功能教程与知识,其他,办公知识与操作问答，适合教程内容与GEO答案资产,,22.0,,,第三方工具-社区SEO,1,
7718,如何将多个pdf文件合并成一个,功能教程与知识,其他,办公知识与操作问答，适合教程内容与GEO答案资产,,24.0,,,第三方工具-社区SEO,1,
7719,word电子签名怎么做,功能教程与知识,其他,办公知识与操作问答，适合教程内容与GEO答案资产,,26.0,,,第三方工具-社区SEO,1,
7720,excel如何筛选,功能教程与知识,其他,办公知识与操作问答，适合教程内容与GEO答案资产,,133.0,,,第三方工具-社区SEO,1,
7721,et文件怎么转成excel,功能教程与知识,其他,办公知识与操作问答，适合教程内容与GEO答案资产,,29.0,,,第三方工具-社区SEO,1,
7722,如何将excel,功能教程与知识,其他,办公知识与操作问答，适合教程内容与GEO答案资产,,23.0,,,第三方工具-社区SEO,1,
7723,excel页码怎么设置,功能教程与知识,其他,办公知识与操作问答，适合教程内容与GEO答案资产,,19.0,,,第三方工具-社区SEO,1,
7724,pdf文件太大如何变小,功能教程与知识,其他,办公知识与操作问答，适合教程内容与GEO答案资产,,127.0,,,第三方工具-社区SEO,1,
7725,pdf怎么拆分,功能教程与知识,其他,办公知识与操作问答，适合教程内容与GEO答案资产,,17.0,,,第三方工具-社区SEO,1,
7726,pdf怎么转曲,功能教程与知识,其他,办公知识与操作问答，适合教程内容与GEO答案资产,,17.0,,,第三方工具-社区SEO,1,
7727,word怎么设置目录,功能教程与知识,其他,办公知识与操作问答，适合教程内容与GEO答案资产,,24.0,,,第三方工具-社区SEO,1,
7728,word怎么删除空白行,功能教程与知识,其他,办公知识与操作问答，适合教程内容与GEO答案资产,,24.0,,,第三方工具-社区SEO,1,
7729,word怎么删除最后一页空白页,功能教程与知识,其他,办公知识与操作问答，适合教程内容与GEO答案资产,,22.0,,,第三方工具-社区SEO,1,
7730,word设置页码,功能教程与知识,其他,办公知识与操作问答，适合教程内容与GEO答案资产,,21.0,,,第三方工具-社区SEO,1,
7731,excel表格里怎么换行,功能教程与知识,其他,办公知识与操作问答，适合教程内容与GEO答案资产,,22.0,,,第三方工具-社区SEO,1,
7732,excel如何去重,功能教程与知识,其他,办公知识与操作问答，适合教程内容与GEO答案资产,,21.0,,,第三方工具-社区SEO,1,
7733,excel怎么计算总和,功能教程与知识,其他,办公知识与操作问答，适合教程内容与GEO答案资产,,19.0,,,第三方工具-社区SEO,1,
7734,excel表格怎么做,功能教程与知识,其他,办公知识与操作问答，适合教程内容与GEO答案资产,,19.0,,,第三方工具-社区SEO,1,
7735,excel怎么保留两位小数,功能教程与知识,其他,办公知识与操作问答，适合教程内容与GEO答案资产,,17.0,,,第三方工具-社区SEO,1,
7736,excel怎么计算,功能教程与知识,其他,办公知识与操作问答，适合教程内容与GEO答案资产,,17.0,,,第三方工具-社区SEO,1,
7737,ppt制作技巧,功能教程与知识,其他,办公知识与操作问答，适合教程内容与GEO答案资产,,141.0,,,第三方工具-社区SEO,1,
7738,ppt时间轴怎么做,功能教程与知识,其他,办公知识与操作问答，适合教程内容与GEO答案资产,,17.0,,,第三方工具-社区SEO,1,
7739,pdf被加密了怎么解锁,功能教程与知识,其他,办公知识与操作问答，适合教程内容与GEO答案资产,,17.0,,,第三方工具-社区SEO,1,
7740,怎么拆分pdf,功能教程与知识,其他,办公知识与操作问答，适合教程内容与GEO答案资产,,17.0,,,第三方工具-社区SEO,1,
7741,word怎么插入视频,功能教程与知识,其他,办公知识与操作问答，适合教程内容与GEO答案资产,,31.0,,,第三方工具-社区SEO,1,
7742,word如何删除分页符,功能教程与知识,其他,办公知识与操作问答，适合教程内容与GEO答案资产,,20.0,,,第三方工具-社区SEO,1,
7743,excel折线图怎么做,功能教程与知识,其他,办公知识与操作问答，适合教程内容与GEO答案资产,,21.0,,,第三方工具-社区SEO,1,
7744,excel乘法公式怎么用,功能教程与知识,其他,办公知识与操作问答，适合教程内容与GEO答案资产,,21.0,,,第三方工具-社区SEO,1,
7745,excel怎么查重,功能教程与知识,其他,办公知识与操作问答，适合教程内容与GEO答案资产,,17.0,,,第三方工具-社区SEO,1,
7746,excel学习全套教程,功能教程与知识,其他,办公知识与操作问答，适合教程内容与GEO答案资产,,16.0,,,第三方工具-社区SEO,1,
7747,ppt动画效果怎么做,功能教程与知识,其他,办公知识与操作问答，适合教程内容与GEO答案资产,,17.0,,,第三方工具-社区SEO,1,
7748,怎么修改pdf文件内容,功能教程与知识,其他,办公知识与操作问答，适合教程内容与GEO答案资产,,18.0,,,第三方工具-社区SEO,1,
7749,pdf怎么转成图片,功能教程与知识,其他,办公知识与操作问答，适合教程内容与GEO答案资产,,16.0,,,第三方工具-社区SEO,1,
7750,word文档怎么生成目录,功能教程与知识,其他,办公知识与操作问答，适合教程内容与GEO答案资产,,25.0,,,第三方工具-社区SEO,1,
7751,word怎么清除格式,功能教程与知识,其他,办公知识与操作问答，适合教程内容与GEO答案资产,,22.0,,,第三方工具-社区SEO,1,
7752,excel中vlookup函数的使用方法,功能教程与知识,其他,办公知识与操作问答，适合教程内容与GEO答案资产,,33.0,,,第三方工具-社区SEO,1,
7753,excel怎么删除空白行,功能教程与知识,其他,办公知识与操作问答，适合教程内容与GEO答案资产,,18.0,,,第三方工具-社区SEO,1,
7754,excel怎么取消隐藏,功能教程与知识,其他,办公知识与操作问答，适合教程内容与GEO答案资产,,17.0,,,第三方工具-社区SEO,1,
7755,excel表格怎么加密,功能教程与知识,其他,办公知识与操作问答，适合教程内容与GEO答案资产,,17.0,,,第三方工具-社区SEO,1,
7756,excel函数vlookup的使用方法,功能教程与知识,其他,办公知识与操作问答，适合教程内容与GEO答案资产,,17.0,,,第三方工具-社区SEO,1,
7757,excel怎么转置,功能教程与知识,其他,办公知识与操作问答，适合教程内容与GEO答案资产,,16.0,,,第三方工具-社区SEO,1,
7758,excel页眉页脚怎么设置,功能教程与知识,其他,办公知识与操作问答，适合教程内容与GEO答案资产,,16.0,,,第三方工具-社区SEO,1,
7759,excel怎么取绝对值,功能教程与知识,其他,办公知识与操作问答，适合教程内容与GEO答案资产,,15.0,,,第三方工具-社区SEO,1,
7760,如何在ppt中加入视频,功能教程与知识,其他,办公知识与操作问答，适合教程内容与GEO答案资产,,211.0,,,第三方工具-社区SEO,1,
7761,ppt如何插入页码,功能教程与知识,其他,办公知识与操作问答，适合教程内容与GEO答案资产,,25.0,,,第三方工具-社区SEO,1,
7762,怎么压缩ppt文件大小,功能教程与知识,其他,办公知识与操作问答，适合教程内容与GEO答案资产,,18.0,,,第三方工具-社区SEO,1,
7763,ppt怎么关闭自动播放,功能教程与知识,其他,办公知识与操作问答，适合教程内容与GEO答案资产,,15.0,,,第三方工具-社区SEO,1,
7764,ppt页眉页脚怎么设置,功能教程与知识,其他,办公知识与操作问答，适合教程内容与GEO答案资产,,10.0,,,第三方工具-社区SEO,1,
7765,怎么把网页转成pdf,功能教程与知识,其他,办公知识与操作问答，适合教程内容与GEO答案资产,,17.0,,,第三方工具-社区SEO,1,
7766,word怎么打分数,功能教程与知识,其他,办公知识与操作问答，适合教程内容与GEO答案资产,,137.0,,,第三方工具-社区SEO,1,
7767,word没保存关闭怎么找回来,功能教程与知识,其他,办公知识与操作问答，适合教程内容与GEO答案资产,,25.0,,,第三方工具-社区SEO,1,
7768,word分割线怎么设置,功能教程与知识,其他,办公知识与操作问答，适合教程内容与GEO答案资产,,,,,第三方工具-社区SEO,1,
7769,excel怎么换行在同一单元格内,功能教程与知识,其他,办公知识与操作问答，适合教程内容与GEO答案资产,,66.0,,,第三方工具-社区SEO,1,
7770,excel怎么加密,功能教程与知识,其他,办公知识与操作问答，适合教程内容与GEO答案资产,,21.0,,,第三方工具-社区SEO,1,
7771,excel表格日期格式设置,功能教程与知识,其他,办公知识与操作问答，适合教程内容与GEO答案资产,,18.0,,,第三方工具-社区SEO,1,
7772,excel只读模式怎么取消,功能教程与知识,其他,办公知识与操作问答，适合教程内容与GEO答案资产,,17.0,,,第三方工具-社区SEO,1,
7773,excel怎么开根号,功能教程与知识,其他,办公知识与操作问答，适合教程内容与GEO答案资产,,16.0,,,第三方工具-社区SEO,1,
7774,excel表格中怎么换行,功能教程与知识,其他,办公知识与操作问答，适合教程内容与GEO答案资产,,16.0,,,第三方工具-社区SEO,1,
7775,excel怎么设置打印区域,功能教程与知识,其他,办公知识与操作问答，适合教程内容与GEO答案资产,,15.0,,,第三方工具-社区SEO,1,
7776,excel水印怎么去掉,功能教程与知识,其他,办公知识与操作问答，适合教程内容与GEO答案资产,,15.0,,,第三方工具-社区SEO,1,
7777,excel如何去重复数据,功能教程与知识,其他,办公知识与操作问答，适合教程内容与GEO答案资产,,15.0,,,第三方工具-社区SEO,1,
7778,excel乘法怎么操作,功能教程与知识,其他,办公知识与操作问答，适合教程内容与GEO答案资产,,14.0,,,第三方工具-社区SEO,1,
7779,ppt艺术字文字效果怎么设置,功能教程与知识,其他,办公知识与操作问答，适合教程内容与GEO答案资产,,17.0,,,第三方工具-社区SEO,1,
7780,ppt放大镜效果怎么做,功能教程与知识,其他,办公知识与操作问答，适合教程内容与GEO答案资产,,15.0,,,第三方工具-社区SEO,1,
7781,ppt水印怎么设置,功能教程与知识,其他,办公知识与操作问答，适合教程内容与GEO答案资产,,14.0,,,第三方工具-社区SEO,1,
7782,怎么压缩pdf文件大小,功能教程与知识,其他,办公知识与操作问答，适合教程内容与GEO答案资产,,152.0,,,第三方工具-社区SEO,1,
7783,合并pdf文件最简单的方法,功能教程与知识,其他,办公知识与操作问答，适合教程内容与GEO答案资产,,77.0,,,第三方工具-社区SEO,1,
7784,怎么编辑pdf,功能教程与知识,其他,办公知识与操作问答，适合教程内容与GEO答案资产,,22.0,,,第三方工具-社区SEO,1,
7785,如何批量打印pdf文件,功能教程与知识,其他,办公知识与操作问答，适合教程内容与GEO答案资产,,18.0,,,第三方工具-社区SEO,1,
7786,pdf如何合并成一个pdf,功能教程与知识,其他,办公知识与操作问答，适合教程内容与GEO答案资产,,17.0,,,第三方工具-社区SEO,1,
7787,word文档行距怎么调,功能教程与知识,其他,办公知识与操作问答，适合教程内容与GEO答案资产,,52.0,,,第三方工具-社区SEO,1,
7788,word怎么打对勾,功能教程与知识,其他,办公知识与操作问答，适合教程内容与GEO答案资产,,19.0,,,第三方工具-社区SEO,1,
7789,word如何取消自动编号,功能教程与知识,其他,办公知识与操作问答，适合教程内容与GEO答案资产,,16.0,,,第三方工具-社区SEO,1,
7790,word左边的目录怎么调出来,功能教程与知识,其他,办公知识与操作问答，适合教程内容与GEO答案资产,,16.0,,,第三方工具-社区SEO,1,
7791,如何删除word最后一页空白页,功能教程与知识,其他,办公知识与操作问答，适合教程内容与GEO答案资产,,16.0,,,第三方工具-社区SEO,1,
7792,如何删除word,功能教程与知识,其他,办公知识与操作问答，适合教程内容与GEO答案资产,,13.0,,,第三方工具-社区SEO,1,
7793,excel怎么排名次,功能教程与知识,其他,办公知识与操作问答，适合教程内容与GEO答案资产,,15.0,,,第三方工具-社区SEO,1,
7794,excel如何求平均值,功能教程与知识,其他,办公知识与操作问答，适合教程内容与GEO答案资产,,15.0,,,第三方工具-社区SEO,1,
7795,excel如何筛选重复数据,功能教程与知识,其他,办公知识与操作问答，适合教程内容与GEO答案资产,,14.0,,,第三方工具-社区SEO,1,
7796,如何压缩ppt,功能教程与知识,其他,办公知识与操作问答，适合教程内容与GEO答案资产,,18.0,,,第三方工具-社区SEO,1,
7797,ppt怎么插入音乐,功能教程与知识,其他,办公知识与操作问答，适合教程内容与GEO答案资产,,16.0,,,第三方工具-社区SEO,1,
7798,打印ppt如何去掉日期,功能教程与知识,其他,办公知识与操作问答，适合教程内容与GEO答案资产,,14.0,,,第三方工具-社区SEO,1,
7799,pdf怎么转成cad,功能教程与知识,其他,办公知识与操作问答，适合教程内容与GEO答案资产,,14.0,,,第三方工具-社区SEO,1,
7800,pdf怎么删除一页,功能教程与知识,其他,办公知识与操作问答，适合教程内容与GEO答案资产,,14.0,,,第三方工具-社区SEO,1,
7801,pdf怎么调整页面顺序,功能教程与知识,其他,办公知识与操作问答，适合教程内容与GEO答案资产,,13.0,,,第三方工具-社区SEO,1,
7802,pdf设置密码,功能教程与知识,其他,办公知识与操作问答，适合教程内容与GEO答案资产,,13.0,,,第三方工具-社区SEO,1,
7803,word怎么添加空白页,功能教程与知识,其他,办公知识与操作问答，适合教程内容与GEO答案资产,,35.0,,,第三方工具-社区SEO,1,
7804,word文档怎么加密,功能教程与知识,其他,办公知识与操作问答，适合教程内容与GEO答案资产,,21.0,,,第三方工具-社区SEO,1,
7805,word工具栏隐藏了怎么办,功能教程与知识,其他,办公知识与操作问答，适合教程内容与GEO答案资产,,18.0,,,第三方工具-社区SEO,1,
7806,word自动编号怎么取消,功能教程与知识,其他,办公知识与操作问答，适合教程内容与GEO答案资产,,16.0,,,第三方工具-社区SEO,1,
7807,word设置目录,功能教程与知识,其他,办公知识与操作问答，适合教程内容与GEO答案资产,,14.0,,,第三方工具-社区SEO,1,
7808,word如何加水印,功能教程与知识,其他,办公知识与操作问答，适合教程内容与GEO答案资产,,14.0,,,第三方工具-社区SEO,1,
7809,怎么去掉word里的红色波浪线,功能教程与知识,其他,办公知识与操作问答，适合教程内容与GEO答案资产,,,,,第三方工具-社区SEO,1,
7810,excel文件损坏怎么修复,功能教程与知识,其他,办公知识与操作问答，适合教程内容与GEO答案资产,,33.0,,,第三方工具-社区SEO,1,
7811,excel怎么查找重复内容,功能教程与知识,其他,办公知识与操作问答，适合教程内容与GEO答案资产,,19.0,,,第三方工具-社区SEO,1,
7812,excel设置选项,功能教程与知识,其他,办公知识与操作问答，适合教程内容与GEO答案资产,,17.0,,,第三方工具-社区SEO,1,
7813,excel打不开的原因及解决方法,功能教程与知识,其他,办公知识与操作问答，适合教程内容与GEO答案资产,,16.0,,,第三方工具-社区SEO,1,
7814,excel如何求和,功能教程与知识,其他,办公知识与操作问答，适合教程内容与GEO答案资产,,16.0,,,第三方工具-社区SEO,1,
7815,excel设置下拉框,功能教程与知识,其他,办公知识与操作问答，适合教程内容与GEO答案资产,,15.0,,,第三方工具-社区SEO,1,
7816,excel怎么算平均值,功能教程与知识,其他,办公知识与操作问答，适合教程内容与GEO答案资产,,13.0,,,第三方工具-社区SEO,1,
7817,excel表格怎么设置下拉选项,功能教程与知识,其他,办公知识与操作问答，适合教程内容与GEO答案资产,,13.0,,,第三方工具-社区SEO,1,
7818,excel如何设置打印区域,功能教程与知识,其他,办公知识与操作问答，适合教程内容与GEO答案资产,,12.0,,,第三方工具-社区SEO,1,
7819,ppt循环播放怎么设置,功能教程与知识,其他,办公知识与操作问答，适合教程内容与GEO答案资产,,19.0,,,第三方工具-社区SEO,1,
7820,ppt结束语怎么说,功能教程与知识,其他,办公知识与操作问答，适合教程内容与GEO答案资产,,15.0,,,第三方工具-社区SEO,1,
7821,ppt怎么设置自动播放,功能教程与知识,其他,办公知识与操作问答，适合教程内容与GEO答案资产,,12.0,,,第三方工具-社区SEO,1,
7822,ppt母版怎么制作,功能教程与知识,其他,办公知识与操作问答，适合教程内容与GEO答案资产,,12.0,,,第三方工具-社区SEO,1,
7823,pdf加密文件怎么加密,功能教程与知识,其他,办公知识与操作问答，适合教程内容与GEO答案资产,,61.0,,,第三方工具-社区SEO,1,
7824,pdf如何去除水印,功能教程与知识,其他,办公知识与操作问答，适合教程内容与GEO答案资产,,14.0,,,第三方工具-社区SEO,1,
7825,word文档空白页怎么删除,功能教程与知识,其他,办公知识与操作问答，适合教程内容与GEO答案资产,,42.0,,,第三方工具-社区SEO,1,
7826,word怎么求和,功能教程与知识,其他,办公知识与操作问答，适合教程内容与GEO答案资产,,25.0,,,第三方工具-社区SEO,1,
7827,word怎么添加目录,功能教程与知识,其他,办公知识与操作问答，适合教程内容与GEO答案资产,,18.0,,,第三方工具-社区SEO,1,
7828,word三线表怎么做,功能教程与知识,其他,办公知识与操作问答，适合教程内容与GEO答案资产,,18.0,,,第三方工具-社区SEO,1,
7829,word怎么更新目录,功能教程与知识,其他,办公知识与操作问答，适合教程内容与GEO答案资产,,17.0,,,第三方工具-社区SEO,1,
7830,word表格超出页面怎么调整,功能教程与知识,其他,办公知识与操作问答，适合教程内容与GEO答案资产,,14.0,,,第三方工具-社区SEO,1,
7831,excel如何设置密码,功能教程与知识,其他,办公知识与操作问答，适合教程内容与GEO答案资产,,17.0,,,第三方工具-社区SEO,1,
7832,excel怎么删除重复项,功能教程与知识,其他,办公知识与操作问答，适合教程内容与GEO答案资产,,16.0,,,第三方工具-社区SEO,1,
7833,excel表怎么筛选重复数据,功能教程与知识,其他,办公知识与操作问答，适合教程内容与GEO答案资产,,16.0,,,第三方工具-社区SEO,1,
7834,excel中怎么换行,功能教程与知识,其他,办公知识与操作问答，适合教程内容与GEO答案资产,,15.0,,,第三方工具-社区SEO,1,
7835,excel表格怎么设置密码,功能教程与知识,其他,办公知识与操作问答，适合教程内容与GEO答案资产,,15.0,,,第三方工具-社区SEO,1,
7836,excel文件太大怎么变小,功能教程与知识,其他,办公知识与操作问答，适合教程内容与GEO答案资产,,14.0,,,第三方工具-社区SEO,1,
7837,excel如何自动换行,功能教程与知识,其他,办公知识与操作问答，适合教程内容与GEO答案资产,,13.0,,,第三方工具-社区SEO,1,
7838,excel宏代码编写教程,功能教程与知识,其他,办公知识与操作问答，适合教程内容与GEO答案资产,,13.0,,,第三方工具-社区SEO,1,
7839,excel行距怎么设置在哪里,功能教程与知识,其他,办公知识与操作问答，适合教程内容与GEO答案资产,,13.0,,,第三方工具-社区SEO,1,
7840,excel表格怎么打印,功能教程与知识,其他,办公知识与操作问答，适合教程内容与GEO答案资产,,13.0,,,第三方工具-社区SEO,1,
7841,excel如何插入图片,功能教程与知识,其他,办公知识与操作问答，适合教程内容与GEO答案资产,,12.0,,,第三方工具-社区SEO,1,
7842,cad怎么导出pdf格式,功能教程与知识,其他,办公知识与操作问答，适合教程内容与GEO答案资产,,133.0,,,第三方工具-社区SEO,1,
7843,pdf怎么添加水印,功能教程与知识,其他,办公知识与操作问答，适合教程内容与GEO答案资产,,16.0,,,第三方工具-社区SEO,1,
7844,pdf怎么打码,功能教程与知识,其他,办公知识与操作问答，适合教程内容与GEO答案资产,,13.0,,,第三方工具-社区SEO,1,
7845,如何压缩pdf文件,功能教程与知识,其他,办公知识与操作问答，适合教程内容与GEO答案资产,,12.0,,,第三方工具-社区SEO,1,
7846,pdf怎么插入图片,功能教程与知识,其他,办公知识与操作问答，适合教程内容与GEO答案资产,,12.0,,,第三方工具-社区SEO,1,
7847,word中如何删除空白页,功能教程与知识,其他,办公知识与操作问答，适合教程内容与GEO答案资产,,139.0,,,第三方工具-社区SEO,1,
7848,word字符间距怎么设置,功能教程与知识,其他,办公知识与操作问答，适合教程内容与GEO答案资产,,35.0,,,第三方工具-社区SEO,1,
7849,word怎么全选,功能教程与知识,其他,办公知识与操作问答，适合教程内容与GEO答案资产,,18.0,,,第三方工具-社区SEO,1,
7850,word怎么插入页码,功能教程与知识,其他,办公知识与操作问答，适合教程内容与GEO答案资产,,18.0,,,第三方工具-社区SEO,1,
7851,word上标怎么打,功能教程与知识,其他,办公知识与操作问答，适合教程内容与GEO答案资产,,17.0,,,第三方工具-社区SEO,1,
7852,word公式怎么是灰的,功能教程与知识,其他,办公知识与操作问答，适合教程内容与GEO答案资产,,16.0,,,第三方工具-社区SEO,1,
7853,word怎么加密,功能教程与知识,其他,办公知识与操作问答，适合教程内容与GEO答案资产,,15.0,,,第三方工具-社区SEO,1,
7854,word怎么调整字间距,功能教程与知识,其他,办公知识与操作问答，适合教程内容与GEO答案资产,,15.0,,,第三方工具-社区SEO,1,
7855,word设置密码,功能教程与知识,其他,办公知识与操作问答，适合教程内容与GEO答案资产,,14.0,,,第三方工具-社区SEO,1,
7856,word如何删除批注,功能教程与知识,其他,办公知识与操作问答，适合教程内容与GEO答案资产,,13.0,,,第三方工具-社区SEO,1,
7857,excel表格怎么自动换行,功能教程与知识,其他,办公知识与操作问答，适合教程内容与GEO答案资产,,16.0,,,第三方工具-社区SEO,1,
7858,excel如何加密,功能教程与知识,其他,办公知识与操作问答，适合教程内容与GEO答案资产,,16.0,,,第三方工具-社区SEO,1,
7859,excel怎么加密码,功能教程与知识,其他,办公知识与操作问答，适合教程内容与GEO答案资产,,15.0,,,第三方工具-社区SEO,1,
7860,excel选项按钮如何设置,功能教程与知识,其他,办公知识与操作问答，适合教程内容与GEO答案资产,,15.0,,,第三方工具-社区SEO,1,
7861,excel怎么求平均值,功能教程与知识,其他,办公知识与操作问答，适合教程内容与GEO答案资产,,13.0,,,第三方工具-社区SEO,1,
7862,excel乘法公式怎么输入,功能教程与知识,其他,办公知识与操作问答，适合教程内容与GEO答案资产,,13.0,,,第三方工具-社区SEO,1,
7863,excel表格怎么插入图片,功能教程与知识,其他,办公知识与操作问答，适合教程内容与GEO答案资产,,12.0,,,第三方工具-社区SEO,1,
7864,excel怎么筛选出符合条件的数据,功能教程与知识,其他,办公知识与操作问答，适合教程内容与GEO答案资产,,12.0,,,第三方工具-社区SEO,1,
7865,excel表格设置密码,功能教程与知识,其他,办公知识与操作问答，适合教程内容与GEO答案资产,,11.0,,,第三方工具-社区SEO,1,
7866,如何excel,功能教程与知识,其他,办公知识与操作问答，适合教程内容与GEO答案资产,,11.0,,,第三方工具-社区SEO,1,
7867,ppt怎么导入视频,功能教程与知识,其他,办公知识与操作问答，适合教程内容与GEO答案资产,,12.0,,,第三方工具-社区SEO,1,
7868,ppt如何加水印,功能教程与知识,其他,办公知识与操作问答，适合教程内容与GEO答案资产,,11.0,,,第三方工具-社区SEO,1,
7869,pdf怎么打马赛克,功能教程与知识,其他,办公知识与操作问答，适合教程内容与GEO答案资产,,20.0,,,第三方工具-社区SEO,1,
7870,怎么在pdf上编辑文字,功能教程与知识,其他,办公知识与操作问答，适合教程内容与GEO答案资产,,20.0,,,第三方工具-社区SEO,1,
7871,pdf怎么修改,功能教程与知识,其他,办公知识与操作问答，适合教程内容与GEO答案资产,,20.0,,,第三方工具-社区SEO,1,
7872,怎么修改pdf里面的文字,功能教程与知识,其他,办公知识与操作问答，适合教程内容与GEO答案资产,,17.0,,,第三方工具-社区SEO,1,
7873,word如何设置页码,功能教程与知识,其他,办公知识与操作问答，适合教程内容与GEO答案资产,,176.0,,,第三方工具-社区SEO,1,
7874,word下划线怎么打,功能教程与知识,其他,办公知识与操作问答，适合教程内容与GEO答案资产,,134.0,,,第三方工具-社区SEO,1,
7875,word文档怎么删除一整页,功能教程与知识,其他,办公知识与操作问答，适合教程内容与GEO答案资产,,33.0,,,第三方工具-社区SEO,1,
7876,word怎么删除页眉页脚,功能教程与知识,其他,办公知识与操作问答，适合教程内容与GEO答案资产,,17.0,,,第三方工具-社区SEO,1,
7877,word怎么删除页眉,功能教程与知识,其他,办公知识与操作问答，适合教程内容与GEO答案资产,,13.0,,,第三方工具-社区SEO,1,
7878,word对勾怎么打,功能教程与知识,其他,办公知识与操作问答，适合教程内容与GEO答案资产,,13.0,,,第三方工具-社区SEO,1,
7879,word中页眉的横线怎么去掉,功能教程与知识,其他,办公知识与操作问答，适合教程内容与GEO答案资产,,12.0,,,第三方工具-社区SEO,1,
7880,怎么用excel,功能教程与知识,其他,办公知识与操作问答，适合教程内容与GEO答案资产,,13.0,,,第三方工具-社区SEO,1,
7881,excel公式怎么用,功能教程与知识,其他,办公知识与操作问答，适合教程内容与GEO答案资产,,12.0,,,第三方工具-社区SEO,1,
7882,excel怎么做折线图,功能教程与知识,其他,办公知识与操作问答，适合教程内容与GEO答案资产,,11.0,,,第三方工具-社区SEO,1,
7883,excel如何计算,功能教程与知识,其他,办公知识与操作问答，适合教程内容与GEO答案资产,,11.0,,,第三方工具-社区SEO,1,
7884,excel怎么启用宏,功能教程与知识,其他,办公知识与操作问答，适合教程内容与GEO答案资产,,10.0,,,第三方工具-社区SEO,1,
7885,excel怎么计数,功能教程与知识,其他,办公知识与操作问答，适合教程内容与GEO答案资产,,10.0,,,第三方工具-社区SEO,1,
7886,ppt文件太大怎么压缩,功能教程与知识,其他,办公知识与操作问答，适合教程内容与GEO答案资产,,15.0,,,第三方工具-社区SEO,1,
7887,ppt页脚怎么设置,功能教程与知识,其他,办公知识与操作问答，适合教程内容与GEO答案资产,,12.0,,,第三方工具-社区SEO,1,
7888,ppt怎么转化成pdf,功能教程与知识,其他,办公知识与操作问答，适合教程内容与GEO答案资产,,12.0,,,第三方工具-社区SEO,1,
7889,ppt备注栏怎么调出来,功能教程与知识,其他,办公知识与操作问答，适合教程内容与GEO答案资产,,10.0,,,第三方工具-社区SEO,1,
7890,ppt 怎么加音乐,功能教程与知识,其他,办公知识与操作问答，适合教程内容与GEO答案资产,,10.0,,,第三方工具-社区SEO,1,
7891,pdf怎么合并,功能教程与知识,其他,办公知识与操作问答，适合教程内容与GEO答案资产,,59.0,,,第三方工具-社区SEO,1,
7892,pdf怎么删除页面,功能教程与知识,其他,办公知识与操作问答，适合教程内容与GEO答案资产,,29.0,,,第三方工具-社区SEO,1,
7893,pdf怎么打开,功能教程与知识,其他,办公知识与操作问答，适合教程内容与GEO答案资产,,15.0,,,第三方工具-社区SEO,1,
7894,pdf怎么取消密码,功能教程与知识,其他,办公知识与操作问答，适合教程内容与GEO答案资产,,13.0,,,第三方工具-社区SEO,1,
7895,word页码设置,功能教程与知识,其他,办公知识与操作问答，适合教程内容与GEO答案资产,,120.0,,,第三方工具-社区SEO,1,
7896,word文档下划线怎么打,功能教程与知识,其他,办公知识与操作问答，适合教程内容与GEO答案资产,,25.0,,,第三方工具-社区SEO,1,
7897,word怎么添加页码,功能教程与知识,其他,办公知识与操作问答，适合教程内容与GEO答案资产,,19.0,,,第三方工具-社区SEO,1,
7898,word批注怎么删除,功能教程与知识,其他,办公知识与操作问答，适合教程内容与GEO答案资产,,16.0,,,第三方工具-社区SEO,1,
7899,word文档如何自动生成目录,功能教程与知识,其他,办公知识与操作问答，适合教程内容与GEO答案资产,,16.0,,,第三方工具-社区SEO,1,
7900,word表格中的行间距怎么调整,功能教程与知识,其他,办公知识与操作问答，适合教程内容与GEO答案资产,,15.0,,,第三方工具-社区SEO,1,
7901,word怎么加目录,功能教程与知识,其他,办公知识与操作问答，适合教程内容与GEO答案资产,,14.0,,,第三方工具-社区SEO,1,
7902,word页眉怎么设置每页不同,功能教程与知识,其他,办公知识与操作问答，适合教程内容与GEO答案资产,,14.0,,,第三方工具-社区SEO,1,
7903,word怎么去除水印,功能教程与知识,其他,办公知识与操作问答，适合教程内容与GEO答案资产,,13.0,,,第三方工具-社区SEO,1,
7904,Word如何插入pdf,功能教程与知识,其他,办公知识与操作问答，适合教程内容与GEO答案资产,,11.0,,,第三方工具-社区SEO,1,
7905,excel合并单元格怎么弄,功能教程与知识,其他,办公知识与操作问答，适合教程内容与GEO答案资产,,136.0,,,第三方工具-社区SEO,1,
7906,excel怎么插入多行,功能教程与知识,其他,办公知识与操作问答，适合教程内容与GEO答案资产,,13.0,,,第三方工具-社区SEO,1,
7907,excel选择框怎么设置,功能教程与知识,其他,办公知识与操作问答，适合教程内容与GEO答案资产,,13.0,,,第三方工具-社区SEO,1,
7908,excel大于等于号怎么打,功能教程与知识,其他,办公知识与操作问答，适合教程内容与GEO答案资产,,13.0,,,第三方工具-社区SEO,1,
7909,excel如何制作甘特图,功能教程与知识,其他,办公知识与操作问答，适合教程内容与GEO答案资产,,13.0,,,第三方工具-社区SEO,1,
7910,excel怎么设置选项,功能教程与知识,其他,办公知识与操作问答，适合教程内容与GEO答案资产,,11.0,,,第三方工具-社区SEO,1,
7911,excel怎么四舍五入,功能教程与知识,其他,办公知识与操作问答，适合教程内容与GEO答案资产,,11.0,,,第三方工具-社区SEO,1,
7912,excel如何锁定单元格不被修改,功能教程与知识,其他,办公知识与操作问答，适合教程内容与GEO答案资产,,11.0,,,第三方工具-社区SEO,1,
7913,excel表格行距怎么调,功能教程与知识,其他,办公知识与操作问答，适合教程内容与GEO答案资产,,10.0,,,第三方工具-社区SEO,1,
7914,excel怎么分页,功能教程与知识,其他,办公知识与操作问答，适合教程内容与GEO答案资产,,6.0,,,第三方工具-社区SEO,1,
7915,ppt超链接怎么做,功能教程与知识,其他,办公知识与操作问答，适合教程内容与GEO答案资产,,30.0,,,第三方工具-社区SEO,1,
7916,wps怎么做ppt,功能教程与知识,其他,办公知识与操作问答，适合教程内容与GEO答案资产,,28.0,,,第三方工具-社区SEO,1,
7917,ppt背景音乐怎么设置,功能教程与知识,其他,办公知识与操作问答，适合教程内容与GEO答案资产,,27.0,,,第三方工具-社区SEO,1,
7918,如何压缩ppt文件大小,功能教程与知识,其他,办公知识与操作问答，适合教程内容与GEO答案资产,,26.0,,,第三方工具-社区SEO,1,
7919,ppt里面如何加入视频,功能教程与知识,其他,办公知识与操作问答，适合教程内容与GEO答案资产,,25.0,,,第三方工具-社区SEO,1,
7920,ppt图片透明度怎么调,功能教程与知识,其他,办公知识与操作问答，适合教程内容与GEO答案资产,,22.0,,,第三方工具-社区SEO,1,
7921,怎么压缩ppt,功能教程与知识,其他,办公知识与操作问答，适合教程内容与GEO答案资产,,13.0,,,第三方工具-社区SEO,1,
7922,ppt如何压缩,功能教程与知识,其他,办公知识与操作问答，适合教程内容与GEO答案资产,,13.0,,,第三方工具-社区SEO,1,
7923,ppt结束语怎么写,功能教程与知识,其他,办公知识与操作问答，适合教程内容与GEO答案资产,,12.0,,,第三方工具-社区SEO,1,
7924,ppt抽奖制作方法,功能教程与知识,其他,办公知识与操作问答，适合教程内容与GEO答案资产,,10.0,,,第三方工具-社区SEO,1,
7925,pdf是什么,功能教程与知识,其他,办公知识与操作问答，适合教程内容与GEO答案资产,,,,,第三方工具-社区SEO,1,
7926,怎么批量打印pdf,功能教程与知识,其他,办公知识与操作问答，适合教程内容与GEO答案资产,,14.0,,,第三方工具-社区SEO,1,
7927,pdf如何删除空白页,功能教程与知识,其他,办公知识与操作问答，适合教程内容与GEO答案资产,,13.0,,,第三方工具-社区SEO,1,
7928,cad怎么导出pdf,功能教程与知识,其他,办公知识与操作问答，适合教程内容与GEO答案资产,,11.0,,,第三方工具-社区SEO,1,
7929,pdf如何添加水印,功能教程与知识,其他,办公知识与操作问答，适合教程内容与GEO答案资产,,10.0,,,第三方工具-社区SEO,1,
7930,怎么给pdf加水印,功能教程与知识,其他,办公知识与操作问答，适合教程内容与GEO答案资产,,10.0,,,第三方工具-社区SEO,1,
7931,如何给pdf加水印,功能教程与知识,其他,办公知识与操作问答，适合教程内容与GEO答案资产,,10.0,,,第三方工具-社区SEO,1,
7932,pdf怎么统计字数,功能教程与知识,其他,办公知识与操作问答，适合教程内容与GEO答案资产,,10.0,,,第三方工具-社区SEO,1,
7933,word目录怎么做,功能教程与知识,其他,办公知识与操作问答，适合教程内容与GEO答案资产,,172.0,,,第三方工具-社区SEO,1,
7934,word文档怎么制作表格,功能教程与知识,其他,办公知识与操作问答，适合教程内容与GEO答案资产,,48.0,,,第三方工具-社区SEO,1,
7935,word怎么删除一整页,功能教程与知识,其他,办公知识与操作问答，适合教程内容与GEO答案资产,,17.0,,,第三方工具-社区SEO,1,
7936,word表格怎么上下居中,功能教程与知识,其他,办公知识与操作问答，适合教程内容与GEO答案资产,,15.0,,,第三方工具-社区SEO,1,
7937,word文档加密如何设置,功能教程与知识,其他,办公知识与操作问答，适合教程内容与GEO答案资产,,15.0,,,第三方工具-社区SEO,1,
7938,word怎么上下居中,功能教程与知识,其他,办公知识与操作问答，适合教程内容与GEO答案资产,,14.0,,,第三方工具-社区SEO,1,
7939,word怎么删除空行,功能教程与知识,其他,办公知识与操作问答，适合教程内容与GEO答案资产,,14.0,,,第三方工具-社区SEO,1,
7940,word分数怎么输入,功能教程与知识,其他,办公知识与操作问答，适合教程内容与GEO答案资产,,14.0,,,第三方工具-社区SEO,1,
7941,word表格怎么居中,功能教程与知识,其他,办公知识与操作问答，适合教程内容与GEO答案资产,,13.0,,,第三方工具-社区SEO,1,
7942,word怎么插入公式,功能教程与知识,其他,办公知识与操作问答，适合教程内容与GEO答案资产,,13.0,,,第三方工具-社区SEO,1,
7943,怎么删除word最后一页空白页,功能教程与知识,其他,办公知识与操作问答，适合教程内容与GEO答案资产,,13.0,,,第三方工具-社区SEO,1,
7944,word怎么插入分节符,功能教程与知识,其他,办公知识与操作问答，适合教程内容与GEO答案资产,,12.0,,,第三方工具-社区SEO,1,
7945,word加水印怎么加,功能教程与知识,其他,办公知识与操作问答，适合教程内容与GEO答案资产,,12.0,,,第三方工具-社区SEO,1,
7946,word怎么退出修订模式,功能教程与知识,其他,办公知识与操作问答，适合教程内容与GEO答案资产,,12.0,,,第三方工具-社区SEO,1,
7947,word怎么显示修改痕迹,功能教程与知识,其他,办公知识与操作问答，适合教程内容与GEO答案资产,,11.0,,,第三方工具-社区SEO,1,
7948,pdf怎么转化word,功能教程与知识,其他,办公知识与操作问答，适合教程内容与GEO答案资产,,1.0,,,第三方工具-社区SEO,1,
7949,word下面的红色波浪线怎么去掉,功能教程与知识,其他,办公知识与操作问答，适合教程内容与GEO答案资产,,,,,第三方工具-社区SEO,1,
7950,excel设置下拉选项,功能教程与知识,其他,办公知识与操作问答，适合教程内容与GEO答案资产,,19.0,,,第三方工具-社区SEO,1,
7951,excel中如何筛选出重复数据,功能教程与知识,其他,办公知识与操作问答，适合教程内容与GEO答案资产,,14.0,,,第三方工具-社区SEO,1,
7952,excel表格怎么筛选,功能教程与知识,其他,办公知识与操作问答，适合教程内容与GEO答案资产,,13.0,,,第三方工具-社区SEO,1,
7953,excel文字怎么换行,功能教程与知识,其他,办公知识与操作问答，适合教程内容与GEO答案资产,,12.0,,,第三方工具-社区SEO,1,
7954,excel启用宏在哪里,功能教程与知识,其他,办公知识与操作问答，适合教程内容与GEO答案资产,,12.0,,,第三方工具-社区SEO,1,
7955,excel怎么打勾,功能教程与知识,其他,办公知识与操作问答，适合教程内容与GEO答案资产,,11.0,,,第三方工具-社区SEO,1,
7956,excel怎么分列,功能教程与知识,其他,办公知识与操作问答，适合教程内容与GEO答案资产,,11.0,,,第三方工具-社区SEO,1,
7957,excel如何设置下拉选项,功能教程与知识,其他,办公知识与操作问答，适合教程内容与GEO答案资产,,11.0,,,第三方工具-社区SEO,1,
7958,excel表格如何求和,功能教程与知识,其他,办公知识与操作问答，适合教程内容与GEO答案资产,,10.0,,,第三方工具-社区SEO,1,
7959,excel表格怎么取消隐藏,功能教程与知识,其他,办公知识与操作问答，适合教程内容与GEO答案资产,,10.0,,,第三方工具-社区SEO,1,
7960,excel怎么打印每页都有表头,功能教程与知识,其他,办公知识与操作问答，适合教程内容与GEO答案资产,,10.0,,,第三方工具-社区SEO,1,
7961,excel平均值怎么算,功能教程与知识,其他,办公知识与操作问答，适合教程内容与GEO答案资产,,9.0,,,第三方工具-社区SEO,1,
7962,excel表格文字怎么换行,功能教程与知识,其他,办公知识与操作问答，适合教程内容与GEO答案资产,,9.0,,,第三方工具-社区SEO,1,
7963,excel怎么生成随机数,功能教程与知识,其他,办公知识与操作问答，适合教程内容与GEO答案资产,,9.0,,,第三方工具-社区SEO,1,
7964,excel数据验证在哪里,功能教程与知识,其他,办公知识与操作问答，适合教程内容与GEO答案资产,,9.0,,,第三方工具-社区SEO,1,
7965,ppt打印如何去掉日期,功能教程与知识,其他,办公知识与操作问答，适合教程内容与GEO答案资产,,24.0,,,第三方工具-社区SEO,1,
7966,ppt如何自动播放,功能教程与知识,其他,办公知识与操作问答，适合教程内容与GEO答案资产,,12.0,,,第三方工具-社区SEO,1,
7967,ppt怎么换背景,功能教程与知识,其他,办公知识与操作问答，适合教程内容与GEO答案资产,,12.0,,,第三方工具-社区SEO,1,
7968,ppt没保存怎么恢复,功能教程与知识,其他,办公知识与操作问答，适合教程内容与GEO答案资产,,10.0,,,第三方工具-社区SEO,1,
7969,ppt页码怎么删除,功能教程与知识,其他,办公知识与操作问答，适合教程内容与GEO答案资产,,10.0,,,第三方工具-社区SEO,1,
7970,ppt如何加背景音乐,功能教程与知识,其他,办公知识与操作问答，适合教程内容与GEO答案资产,,10.0,,,第三方工具-社区SEO,1,
7971,ppt自动保存的文件在哪里,功能教程与知识,其他,办公知识与操作问答，适合教程内容与GEO答案资产,,10.0,,,第三方工具-社区SEO,1,
7972,ppt如何压缩文件大小,功能教程与知识,其他,办公知识与操作问答，适合教程内容与GEO答案资产,,10.0,,,第三方工具-社区SEO,1,
7973,怎么合并ppt,功能教程与知识,其他,办公知识与操作问答，适合教程内容与GEO答案资产,,10.0,,,第三方工具-社区SEO,1,
7974,pdf怎么设置密码,功能教程与知识,其他,办公知识与操作问答，适合教程内容与GEO答案资产,,12.0,,,第三方工具-社区SEO,1,
7975,ps如何导出pdf,功能教程与知识,其他,办公知识与操作问答，适合教程内容与GEO答案资产,,10.0,,,第三方工具-社区SEO,1,
7976,pdf怎么压缩到2M以内,功能教程与知识,其他,办公知识与操作问答，适合教程内容与GEO答案资产,,9.0,,,第三方工具-社区SEO,1,
7977,word首字下沉怎么设置,功能教程与知识,其他,办公知识与操作问答，适合教程内容与GEO答案资产,,69.0,,,第三方工具-社区SEO,1,
7978,word文档目录怎么弄,功能教程与知识,其他,办公知识与操作问答，适合教程内容与GEO答案资产,,21.0,,,第三方工具-社区SEO,1,
7979,word怎么做思维导图,功能教程与知识,其他,办公知识与操作问答，适合教程内容与GEO答案资产,,21.0,,,第三方工具-社区SEO,1,
7980,word怎么分栏,功能教程与知识,其他,办公知识与操作问答，适合教程内容与GEO答案资产,,20.0,,,第三方工具-社区SEO,1,
7981,word文档字间距怎么调,功能教程与知识,其他,办公知识与操作问答，适合教程内容与GEO答案资产,,20.0,,,第三方工具-社区SEO,1,
7982,word页眉怎么设置,功能教程与知识,其他,办公知识与操作问答，适合教程内容与GEO答案资产,,19.0,,,第三方工具-社区SEO,1,
7983,word字数统计在哪里,功能教程与知识,其他,办公知识与操作问答，适合教程内容与GEO答案资产,,18.0,,,第三方工具-社区SEO,1,
7984,未保存的word文档如何恢复,功能教程与知识,其他,办公知识与操作问答，适合教程内容与GEO答案资产,,17.0,,,第三方工具-社区SEO,1,
7985,word 怎么打横线,功能教程与知识,其他,办公知识与操作问答，适合教程内容与GEO答案资产,,17.0,,,第三方工具-社区SEO,1,
7986,word页眉页脚怎么设置,功能教程与知识,其他,办公知识与操作问答，适合教程内容与GEO答案资产,,14.0,,,第三方工具-社区SEO,1,
7987,word怎么横向排版,功能教程与知识,其他,办公知识与操作问答，适合教程内容与GEO答案资产,,14.0,,,第三方工具-社区SEO,1,
7988,word怎么画流程图,功能教程与知识,其他,办公知识与操作问答，适合教程内容与GEO答案资产,,12.0,,,第三方工具-社区SEO,1,
7989,word拼音怎么加声调,功能教程与知识,其他,办公知识与操作问答，适合教程内容与GEO答案资产,,11.0,,,第三方工具-社区SEO,1,
7990,word如何加密,功能教程与知识,其他,办公知识与操作问答，适合教程内容与GEO答案资产,,10.0,,,第三方工具-社区SEO,1,
7991,word怎么显示分页符,功能教程与知识,其他,办公知识与操作问答，适合教程内容与GEO答案资产,,10.0,,,第三方工具-社区SEO,1,
7992,word怎么打钩,功能教程与知识,其他,办公知识与操作问答，适合教程内容与GEO答案资产,,9.0,,,第三方工具-社区SEO,1,
7993,如何设置excel下拉选项,功能教程与知识,其他,办公知识与操作问答，适合教程内容与GEO答案资产,,13.0,,,第三方工具-社区SEO,1,
7994,excel怎么加水印,功能教程与知识,其他,办公知识与操作问答，适合教程内容与GEO答案资产,,11.0,,,第三方工具-社区SEO,1,
7995,excel对号怎么打,功能教程与知识,其他,办公知识与操作问答，适合教程内容与GEO答案资产,,10.0,,,第三方工具-社区SEO,1,
7996,excel如何取消隐藏,功能教程与知识,其他,办公知识与操作问答，适合教程内容与GEO答案资产,,10.0,,,第三方工具-社区SEO,1,
7997,excel如何查重,功能教程与知识,其他,办公知识与操作问答，适合教程内容与GEO答案资产,,9.0,,,第三方工具-社区SEO,1,
7998,excel单元格怎么换行,功能教程与知识,其他,办公知识与操作问答，适合教程内容与GEO答案资产,,9.0,,,第三方工具-社区SEO,1,
7999,excel怎么加页码,功能教程与知识,其他,办公知识与操作问答，适合教程内容与GEO答案资产,,9.0,,,第三方工具-社区SEO,1,
8000,excel表格斜杠怎么弄,功能教程与知识,其他,办公知识与操作问答，适合教程内容与GEO答案资产,,9.0,,,第三方工具-社区SEO,1,
8001,excel表格如何排序,功能教程与知识,其他,办公知识与操作问答，适合教程内容与GEO答案资产,,8.0,,,第三方工具-社区SEO,1,
8002,excel怎么做柱形图,功能教程与知识,其他,办公知识与操作问答，适合教程内容与GEO答案资产,,8.0,,,第三方工具-社区SEO,1,
8003,excel饼图怎么显示百分比,功能教程与知识,其他,办公知识与操作问答，适合教程内容与GEO答案资产,,8.0,,,第三方工具-社区SEO,1,
8004,excel怎么转置行列,功能教程与知识,其他,办公知识与操作问答，适合教程内容与GEO答案资产,,8.0,,,第三方工具-社区SEO,1,
8005,excel 怎么,功能教程与知识,其他,办公知识与操作问答，适合教程内容与GEO答案资产,,8.0,,,第三方工具-社区SEO,1,
8006,ppt怎么压缩,功能教程与知识,其他,办公知识与操作问答，适合教程内容与GEO答案资产,,43.0,,,第三方工具-社区SEO,1,
8007,ppt尺寸怎么修改,功能教程与知识,其他,办公知识与操作问答，适合教程内容与GEO答案资产,,37.0,,,第三方工具-社区SEO,1,
8008,ppt自动播放怎么设置,功能教程与知识,其他,办公知识与操作问答，适合教程内容与GEO答案资产,,33.0,,,第三方工具-社区SEO,1,
8009,怎么给ppt加页码,功能教程与知识,其他,办公知识与操作问答，适合教程内容与GEO答案资产,,11.0,,,第三方工具-社区SEO,1,
8010,ppt怎么变成竖版,功能教程与知识,其他,办公知识与操作问答，适合教程内容与GEO答案资产,,10.0,,,第三方工具-社区SEO,1,
8011,ppt蒙版效果怎么做,功能教程与知识,其他,办公知识与操作问答，适合教程内容与GEO答案资产,,9.0,,,第三方工具-社区SEO,1,
8012,ppt切换效果怎么设置,功能教程与知识,其他,办公知识与操作问答，适合教程内容与GEO答案资产,,8.0,,,第三方工具-社区SEO,1,
8013,ppt如何添加页码,功能教程与知识,其他,办公知识与操作问答，适合教程内容与GEO答案资产,,8.0,,,第三方工具-社区SEO,1,
8014,ppt怎么插入超链接,功能教程与知识,其他,办公知识与操作问答，适合教程内容与GEO答案资产,,8.0,,,第三方工具-社区SEO,1,
8015,pdf文件如何加密,功能教程与知识,其他,办公知识与操作问答，适合教程内容与GEO答案资产,,12.0,,,第三方工具-社区SEO,1,
8016,怎么把pdf变小,功能教程与知识,其他,办公知识与操作问答，适合教程内容与GEO答案资产,,8.0,,,第三方工具-社区SEO,1,
8017,pdf怎么添加页码,功能教程与知识,其他,办公知识与操作问答，适合教程内容与GEO答案资产,,8.0,,,第三方工具-社区SEO,1,
8018,怎么给pdf文档加密,功能教程与知识,其他,办公知识与操作问答，适合教程内容与GEO答案资产,,8.0,,,第三方工具-社区SEO,1,
8019,如何压缩pdf大小,功能教程与知识,其他,办公知识与操作问答，适合教程内容与GEO答案资产,,8.0,,,第三方工具-社区SEO,1,
8020,怎么修改pdf,功能教程与知识,其他,办公知识与操作问答，适合教程内容与GEO答案资产,,8.0,,,第三方工具-社区SEO,1,
8021,如何删除word中的空白页,功能教程与知识,其他,办公知识与操作问答，适合教程内容与GEO答案资产,,149.0,,,第三方工具-社区SEO,1,
8022,word教程,功能教程与知识,其他,办公知识与操作问答，适合教程内容与GEO答案资产,,61.0,,,第三方工具-社区SEO,1,
8023,word表格怎么求和,功能教程与知识,其他,办公知识与操作问答，适合教程内容与GEO答案资产,,23.0,,,第三方工具-社区SEO,1,
8024,word怎么插入图片,功能教程与知识,其他,办公知识与操作问答，适合教程内容与GEO答案资产,,17.0,,,第三方工具-社区SEO,1,
8025,word怎么调整页面顺序,功能教程与知识,其他,办公知识与操作问答，适合教程内容与GEO答案资产,,13.0,,,第三方工具-社区SEO,1,
8026,word不能编辑怎么办,功能教程与知识,其他,办公知识与操作问答，适合教程内容与GEO答案资产,,11.0,,,第三方工具-社区SEO,1,
8027,word怎么自动编号,功能教程与知识,其他,办公知识与操作问答，适合教程内容与GEO答案资产,,10.0,,,第三方工具-社区SEO,1,
8028,word怎么制作目录,功能教程与知识,其他,办公知识与操作问答，适合教程内容与GEO答案资产,,10.0,,,第三方工具-社区SEO,1,
8029,word如何设置目录,功能教程与知识,其他,办公知识与操作问答，适合教程内容与GEO答案资产,,9.0,,,第三方工具-社区SEO,1,
8030,word换行符怎么去掉,功能教程与知识,其他,办公知识与操作问答，适合教程内容与GEO答案资产,,9.0,,,第三方工具-社区SEO,1,
8031,word如何清除格式,功能教程与知识,其他,办公知识与操作问答，适合教程内容与GEO答案资产,,8.0,,,第三方工具-社区SEO,1,
8032,word怎么显示目录,功能教程与知识,其他,办公知识与操作问答，适合教程内容与GEO答案资产,,8.0,,,第三方工具-社区SEO,1,
8033,word怎么在方框里打钩,功能教程与知识,其他,办公知识与操作问答，适合教程内容与GEO答案资产,,8.0,,,第三方工具-社区SEO,1,
8034,word如何插入水印,功能教程与知识,其他,办公知识与操作问答，适合教程内容与GEO答案资产,,8.0,,,第三方工具-社区SEO,1,
8035,word快捷键设置,功能教程与知识,其他,办公知识与操作问答，适合教程内容与GEO答案资产,,7.0,,,第三方工具-社区SEO,1,
8036,word换行符怎么替换,功能教程与知识,其他,办公知识与操作问答，适合教程内容与GEO答案资产,,7.0,,,第三方工具-社区SEO,1,
8037,excel列宽在哪里设置,功能教程与知识,其他,办公知识与操作问答，适合教程内容与GEO答案资产,,15.0,,,第三方工具-社区SEO,1,
8038,excel怎么设置行高,功能教程与知识,其他,办公知识与操作问答，适合教程内容与GEO答案资产,,13.0,,,第三方工具-社区SEO,1,
8039,excel四舍五入怎么设置,功能教程与知识,其他,办公知识与操作问答，适合教程内容与GEO答案资产,,11.0,,,第三方工具-社区SEO,1,
8040,excel怎么调整行间距,功能教程与知识,其他,办公知识与操作问答，适合教程内容与GEO答案资产,,10.0,,,第三方工具-社区SEO,1,
8041,怎么在excel表格中画斜线,功能教程与知识,其他,办公知识与操作问答，适合教程内容与GEO答案资产,,10.0,,,第三方工具-社区SEO,1,
8042,excel表格单元格内怎么换行,功能教程与知识,其他,办公知识与操作问答，适合教程内容与GEO答案资产,,10.0,,,第三方工具-社区SEO,1,
8043,怎么让excel,功能教程与知识,其他,办公知识与操作问答，适合教程内容与GEO答案资产,,9.0,,,第三方工具-社区SEO,1,
8044,excel怎么算标准差,功能教程与知识,其他,办公知识与操作问答，适合教程内容与GEO答案资产,,8.0,,,第三方工具-社区SEO,1,
8045,excel函数使用教程,功能教程与知识,其他,办公知识与操作问答，适合教程内容与GEO答案资产,,8.0,,,第三方工具-社区SEO,1,
8046,excel工作组怎么取消,功能教程与知识,其他,办公知识与操作问答，适合教程内容与GEO答案资产,,8.0,,,第三方工具-社区SEO,1,
8047,如何在excel中插图片,功能教程与知识,其他,办公知识与操作问答，适合教程内容与GEO答案资产,,8.0,,,第三方工具-社区SEO,1,
8048,excel表格怎么查重,功能教程与知识,其他,办公知识与操作问答，适合教程内容与GEO答案资产,,8.0,,,第三方工具-社区SEO,1,
8049,excel如何分列,功能教程与知识,其他,办公知识与操作问答，适合教程内容与GEO答案资产,,7.0,,,第三方工具-社区SEO,1,
8050,excel怎么固定表头,功能教程与知识,其他,办公知识与操作问答，适合教程内容与GEO答案资产,,7.0,,,第三方工具-社区SEO,1,
8051,excel如何插入页码,功能教程与知识,其他,办公知识与操作问答，适合教程内容与GEO答案资产,,7.0,,,第三方工具-社区SEO,1,
8052,excel字间距怎么调整,功能教程与知识,其他,办公知识与操作问答，适合教程内容与GEO答案资产,,7.0,,,第三方工具-社区SEO,1,
8053,excel怎么取消密码保护,功能教程与知识,其他,办公知识与操作问答，适合教程内容与GEO答案资产,,7.0,,,第三方工具-社区SEO,1,
8054,ppt如何取消自动播放,功能教程与知识,其他,办公知识与操作问答，适合教程内容与GEO答案资产,,20.0,,,第三方工具-社区SEO,1,
8055,ppt翻页效果怎么设置,功能教程与知识,其他,办公知识与操作问答，适合教程内容与GEO答案资产,,16.0,,,第三方工具-社区SEO,1,
8056,ppt怎么插入动图,功能教程与知识,其他,办公知识与操作问答，适合教程内容与GEO答案资产,,14.0,,,第三方工具-社区SEO,1,
8057,ppt怎么嵌入字体,功能教程与知识,其他,办公知识与操作问答，适合教程内容与GEO答案资产,,10.0,,,第三方工具-社区SEO,1,
8058,ppt抠图怎么抠图,功能教程与知识,其他,办公知识与操作问答，适合教程内容与GEO答案资产,,10.0,,,第三方工具-社区SEO,1,
8059,ppt如何设置自动播放,功能教程与知识,其他,办公知识与操作问答，适合教程内容与GEO答案资产,,8.0,,,第三方工具-社区SEO,1,
8060,ppt倒计时怎么设置,功能教程与知识,其他,办公知识与操作问答，适合教程内容与GEO答案资产,,8.0,,,第三方工具-社区SEO,1,
8061,ppt学习全套教程,功能教程与知识,其他,办公知识与操作问答，适合教程内容与GEO答案资产,,8.0,,,第三方工具-社区SEO,1,
8062,png怎么转成pdf格式,功能教程与知识,其他,办公知识与操作问答，适合教程内容与GEO答案资产,,13.0,,,第三方工具-社区SEO,1,
8063,pdf怎么批量打印,功能教程与知识,其他,办公知识与操作问答，适合教程内容与GEO答案资产,,9.0,,,第三方工具-社区SEO,1,
8064,pdf怎么插入页码,功能教程与知识,其他,办公知识与操作问答，适合教程内容与GEO答案资产,,8.0,,,第三方工具-社区SEO,1,
8065,如何修改pdf,功能教程与知识,其他,办公知识与操作问答，适合教程内容与GEO答案资产,,7.0,,,第三方工具-社区SEO,1,
8066,pdf怎么导入cad,功能教程与知识,其他,办公知识与操作问答，适合教程内容与GEO答案资产,,7.0,,,第三方工具-社区SEO,1,
8067,word怎么看字数,功能教程与知识,其他,办公知识与操作问答，适合教程内容与GEO答案资产,,176.0,,,第三方工具-社区SEO,1,
8068,word文档怎么加一页,功能教程与知识,其他,办公知识与操作问答，适合教程内容与GEO答案资产,,26.0,,,第三方工具-社区SEO,1,
8069,word怎么做表格,功能教程与知识,其他,办公知识与操作问答，适合教程内容与GEO答案资产,,23.0,,,第三方工具-社区SEO,1,
8070,word文档页码怎么设置,功能教程与知识,其他,办公知识与操作问答，适合教程内容与GEO答案资产,,21.0,,,第三方工具-社区SEO,1,
8071,word怎么换行,功能教程与知识,其他,办公知识与操作问答，适合教程内容与GEO答案资产,,15.0,,,第三方工具-社区SEO,1,
8072,word空白页怎么删,功能教程与知识,其他,办公知识与操作问答，适合教程内容与GEO答案资产,,15.0,,,第三方工具-社区SEO,1,
8073,word怎么加下划线,功能教程与知识,其他,办公知识与操作问答，适合教程内容与GEO答案资产,,14.0,,,第三方工具-社区SEO,1,
8074,word目录怎么设置,功能教程与知识,其他,办公知识与操作问答，适合教程内容与GEO答案资产,,13.0,,,第三方工具-社区SEO,1,
8075,word编号怎么设置,功能教程与知识,其他,办公知识与操作问答，适合教程内容与GEO答案资产,,13.0,,,第三方工具-社区SEO,1,
8076,word怎么添加水印,功能教程与知识,其他,办公知识与操作问答，适合教程内容与GEO答案资产,,13.0,,,第三方工具-社区SEO,1,
8077,word如何取消修订模式,功能教程与知识,其他,办公知识与操作问答，适合教程内容与GEO答案资产,,13.0,,,第三方工具-社区SEO,1,
8078,word如何删除页,功能教程与知识,其他,办公知识与操作问答，适合教程内容与GEO答案资产,,11.0,,,第三方工具-社区SEO,1,
8079,word页边距怎么设置,功能教程与知识,其他,办公知识与操作问答，适合教程内容与GEO答案资产,,11.0,,,第三方工具-社区SEO,1,
8080,word文字背景颜色怎么去掉,功能教程与知识,其他,办公知识与操作问答，适合教程内容与GEO答案资产,,11.0,,,第三方工具-社区SEO,1,
8081,word文档如何加密,功能教程与知识,其他,办公知识与操作问答，适合教程内容与GEO答案资产,,10.0,,,第三方工具-社区SEO,1,
8082,word表格行距怎么调,功能教程与知识,其他,办公知识与操作问答，适合教程内容与GEO答案资产,,10.0,,,第三方工具-社区SEO,1,
8083,word怎么对齐,功能教程与知识,其他,办公知识与操作问答，适合教程内容与GEO答案资产,,9.0,,,第三方工具-社区SEO,1,
8084,word 页面设置,功能教程与知识,其他,办公知识与操作问答，适合教程内容与GEO答案资产,,9.0,,,第三方工具-社区SEO,1,
8085,word如何打勾,功能教程与知识,其他,办公知识与操作问答，适合教程内容与GEO答案资产,,9.0,,,第三方工具-社区SEO,1,
8086,word如何更新目录,功能教程与知识,其他,办公知识与操作问答，适合教程内容与GEO答案资产,,8.0,,,第三方工具-社区SEO,1,
8087,word图片大小统一设置,功能教程与知识,其他,办公知识与操作问答，适合教程内容与GEO答案资产,,8.0,,,第三方工具-社区SEO,1,
8088,word怎么关闭批注,功能教程与知识,其他,办公知识与操作问答，适合教程内容与GEO答案资产,,8.0,,,第三方工具-社区SEO,1,
8089,word如何插入分节符,功能教程与知识,其他,办公知识与操作问答，适合教程内容与GEO答案资产,,8.0,,,第三方工具-社区SEO,1,
8090,怎么删除word,功能教程与知识,其他,办公知识与操作问答，适合教程内容与GEO答案资产,,7.0,,,第三方工具-社区SEO,1,
8091,如何设置word,功能教程与知识,其他,办公知识与操作问答，适合教程内容与GEO答案资产,,7.0,,,第三方工具-社区SEO,1,
8092,excel怎么读,功能教程与知识,其他,办公知识与操作问答，适合教程内容与GEO答案资产,,132.0,,,第三方工具-社区SEO,1,
8093,如何在excel,功能教程与知识,其他,办公知识与操作问答，适合教程内容与GEO答案资产,,63.0,,,第三方工具-社区SEO,1,
8094,excel表格怎么固定第一列不动,功能教程与知识,其他,办公知识与操作问答，适合教程内容与GEO答案资产,,10.0,,,第三方工具-社区SEO,1,
8095,excel如何冻结前两行,功能教程与知识,其他,办公知识与操作问答，适合教程内容与GEO答案资产,,9.0,,,第三方工具-社区SEO,1,
8096,excel怎么分行,功能教程与知识,其他,办公知识与操作问答，适合教程内容与GEO答案资产,,8.0,,,第三方工具-社区SEO,1,
8097,excel中如何换行,功能教程与知识,其他,办公知识与操作问答，适合教程内容与GEO答案资产,,8.0,,,第三方工具-社区SEO,1,
8098,excel分页符怎么删除,功能教程与知识,其他,办公知识与操作问答，适合教程内容与GEO答案资产,,8.0,,,第三方工具-社区SEO,1,
8099,excel表格如何拆分单元格,功能教程与知识,其他,办公知识与操作问答，适合教程内容与GEO答案资产,,8.0,,,第三方工具-社区SEO,1,
8100,excel怎么查找重复项,功能教程与知识,其他,办公知识与操作问答，适合教程内容与GEO答案资产,,7.0,,,第三方工具-社区SEO,1,
8101,excel目录索引怎么做,功能教程与知识,其他,办公知识与操作问答，适合教程内容与GEO答案资产,,7.0,,,第三方工具-社区SEO,1,
8102,excel设置下拉列表,功能教程与知识,其他,办公知识与操作问答，适合教程内容与GEO答案资产,,4.0,,,第三方工具-社区SEO,1,
8103,ppt视频怎么自动播放,功能教程与知识,其他,办公知识与操作问答，适合教程内容与GEO答案资产,,14.0,,,第三方工具-社区SEO,1,
8104,ppt表格边框颜色设置,功能教程与知识,其他,办公知识与操作问答，适合教程内容与GEO答案资产,,14.0,,,第三方工具-社区SEO,1,
8105,ppt表格怎么增加一行,功能教程与知识,其他,办公知识与操作问答，适合教程内容与GEO答案资产,,8.0,,,第三方工具-社区SEO,1,
8106,ppt背景设置,功能教程与知识,其他,办公知识与操作问答，适合教程内容与GEO答案资产,,8.0,,,第三方工具-社区SEO,1,
8107,ppt设置,功能教程与知识,其他,办公知识与操作问答，适合教程内容与GEO答案资产,,7.0,,,第三方工具-社区SEO,1,
8108,pdf怎么看字数,功能教程与知识,其他,办公知识与操作问答，适合教程内容与GEO答案资产,,12.0,,,第三方工具-社区SEO,1,
8109,pdf如何合并,功能教程与知识,其他,办公知识与操作问答，适合教程内容与GEO答案资产,,9.0,,,第三方工具-社区SEO,1,
8110,pdf怎么签名,功能教程与知识,其他,办公知识与操作问答，适合教程内容与GEO答案资产,,9.0,,,第三方工具-社区SEO,1,
8111,pdf文件如何压缩,功能教程与知识,其他,办公知识与操作问答，适合教程内容与GEO答案资产,,9.0,,,第三方工具-社区SEO,1,
8112,pdf文件怎么变小,功能教程与知识,其他,办公知识与操作问答，适合教程内容与GEO答案资产,,9.0,,,第三方工具-社区SEO,1,
8113,如何合并两个pdf,功能教程与知识,其他,办公知识与操作问答，适合教程内容与GEO答案资产,,8.0,,,第三方工具-社区SEO,1,
8114,pdf怎么转jpg,功能教程与知识,其他,办公知识与操作问答，适合教程内容与GEO答案资产,,7.0,,,第三方工具-社区SEO,1,
8115,pdf如何加页码,功能教程与知识,其他,办公知识与操作问答，适合教程内容与GEO答案资产,,7.0,,,第三方工具-社区SEO,1,
8116,pdf文件怎么转曲,功能教程与知识,其他,办公知识与操作问答，适合教程内容与GEO答案资产,,7.0,,,第三方工具-社区SEO,1,
8117,如何给pdf加密,功能教程与知识,其他,办公知识与操作问答，适合教程内容与GEO答案资产,,7.0,,,第三方工具-社区SEO,1,
8118,pdf如何修改文字内容,功能教程与知识,其他,办公知识与操作问答，适合教程内容与GEO答案资产,,7.0,,,第三方工具-社区SEO,1,
8119,怎么删除word中的空白页,功能教程与知识,其他,办公知识与操作问答，适合教程内容与GEO答案资产,,131.0,,,第三方工具-社区SEO,1,
8120,word底纹怎么设置,功能教程与知识,其他,办公知识与操作问答，适合教程内容与GEO答案资产,,26.0,,,第三方工具-社区SEO,1,
8121,word文档怎么调整行间距,功能教程与知识,其他,办公知识与操作问答，适合教程内容与GEO答案资产,,21.0,,,第三方工具-社区SEO,1,
8122,word怎么设置行距,功能教程与知识,其他,办公知识与操作问答，适合教程内容与GEO答案资产,,16.0,,,第三方工具-社区SEO,1,
8123,word怎么插入表格,功能教程与知识,其他,办公知识与操作问答，适合教程内容与GEO答案资产,,12.0,,,第三方工具-社区SEO,1,
8124,word怎么做流程图,功能教程与知识,其他,办公知识与操作问答，适合教程内容与GEO答案资产,,11.0,,,第三方工具-社区SEO,1,
8125,word如何删除整页,功能教程与知识,其他,办公知识与操作问答，适合教程内容与GEO答案资产,,11.0,,,第三方工具-社区SEO,1,
8126,word怎么隐藏回车符号,功能教程与知识,其他,办公知识与操作问答，适合教程内容与GEO答案资产,,10.0,,,第三方工具-社区SEO,1,
8127,word怎么批注,功能教程与知识,其他,办公知识与操作问答，适合教程内容与GEO答案资产,,9.0,,,第三方工具-社区SEO,1,
8128,word设置背景图片,功能教程与知识,其他,办公知识与操作问答，适合教程内容与GEO答案资产,,9.0,,,第三方工具-社区SEO,1,
8129,word如何插入页码,功能教程与知识,其他,办公知识与操作问答，适合教程内容与GEO答案资产,,9.0,,,第三方工具-社区SEO,1,
8130,word怎么插入文件,功能教程与知识,其他,办公知识与操作问答，适合教程内容与GEO答案资产,,9.0,,,第三方工具-社区SEO,1,
8131,word如何删除页面,功能教程与知识,其他,办公知识与操作问答，适合教程内容与GEO答案资产,,9.0,,,第三方工具-社区SEO,1,
8132,word怎么去掉回车符号,功能教程与知识,其他,办公知识与操作问答，适合教程内容与GEO答案资产,,9.0,,,第三方工具-社区SEO,1,
8133,word只读模式怎么取消,功能教程与知识,其他,办公知识与操作问答，适合教程内容与GEO答案资产,,9.0,,,第三方工具-社区SEO,1,
8134,word乘号怎么输入,功能教程与知识,其他,办公知识与操作问答，适合教程内容与GEO答案资产,,9.0,,,第三方工具-社区SEO,1,
8135,word如何制作目录,功能教程与知识,其他,办公知识与操作问答，适合教程内容与GEO答案资产,,8.0,,,第三方工具-社区SEO,1,
8136,word如何添加水印,功能教程与知识,其他,办公知识与操作问答，适合教程内容与GEO答案资产,,8.0,,,第三方工具-社区SEO,1,
8137,word多级列表怎么设置,功能教程与知识,其他,办公知识与操作问答，适合教程内容与GEO答案资产,,8.0,,,第三方工具-社区SEO,1,
8138,word怎么添加字体,功能教程与知识,其他,办公知识与操作问答，适合教程内容与GEO答案资产,,7.0,,,第三方工具-社区SEO,1,
8139,word如何添加目录,功能教程与知识,其他,办公知识与操作问答，适合教程内容与GEO答案资产,,7.0,,,第三方工具-社区SEO,1,
8140,word如何去除水印,功能教程与知识,其他,办公知识与操作问答，适合教程内容与GEO答案资产,,7.0,,,第三方工具-社区SEO,1,
8141,word如何显示分页符,功能教程与知识,其他,办公知识与操作问答，适合教程内容与GEO答案资产,,7.0,,,第三方工具-社区SEO,1,
8142,乘号在word里怎么打,功能教程与知识,其他,办公知识与操作问答，适合教程内容与GEO答案资产,,7.0,,,第三方工具-社区SEO,1,
8143,怎么在excel,功能教程与知识,其他,办公知识与操作问答，适合教程内容与GEO答案资产,,61.0,,,第三方工具-社区SEO,1,
8144,excel函数怎么用,功能教程与知识,其他,办公知识与操作问答，适合教程内容与GEO答案资产,,16.0,,,第三方工具-社区SEO,1,
8145,excel超链接怎么弄,功能教程与知识,其他,办公知识与操作问答，适合教程内容与GEO答案资产,,12.0,,,第三方工具-社区SEO,1,
8146,excel次方怎么打,功能教程与知识,其他,办公知识与操作问答，适合教程内容与GEO答案资产,,9.0,,,第三方工具-社区SEO,1,
8147,excel怎么画折线图,功能教程与知识,其他,办公知识与操作问答，适合教程内容与GEO答案资产,,8.0,,,第三方工具-社区SEO,1,
8148,excel如何启用宏,功能教程与知识,其他,办公知识与操作问答，适合教程内容与GEO答案资产,,8.0,,,第三方工具-社区SEO,1,
8149,excel怎么自动填充,功能教程与知识,其他,办公知识与操作问答，适合教程内容与GEO答案资产,,7.0,,,第三方工具-社区SEO,1,
8150,excel如何转置,功能教程与知识,其他,办公知识与操作问答，适合教程内容与GEO答案资产,,7.0,,,第三方工具-社区SEO,1,
8151,excel求和公式怎么用,功能教程与知识,其他,办公知识与操作问答，适合教程内容与GEO答案资产,,7.0,,,第三方工具-社区SEO,1,
8152,excel行间距怎么设置,功能教程与知识,其他,办公知识与操作问答，适合教程内容与GEO答案资产,,7.0,,,第三方工具-社区SEO,1,
8153,excel怎么插入pdf,功能教程与知识,其他,办公知识与操作问答，适合教程内容与GEO答案资产,,7.0,,,第三方工具-社区SEO,1,
8154,excel怎么打钩,功能教程与知识,其他,办公知识与操作问答，适合教程内容与GEO答案资产,,6.0,,,第三方工具-社区SEO,1,
8155,excel如何固定表头,功能教程与知识,其他,办公知识与操作问答，适合教程内容与GEO答案资产,,6.0,,,第三方工具-社区SEO,1,
8156,excel怎么筛选重复数据,功能教程与知识,其他,办公知识与操作问答，适合教程内容与GEO答案资产,,6.0,,,第三方工具-社区SEO,1,
8157,excel表格设置下拉选项,功能教程与知识,其他,办公知识与操作问答，适合教程内容与GEO答案资产,,6.0,,,第三方工具-社区SEO,1,
8158,ppt怎么插入excel,功能教程与知识,其他,办公知识与操作问答，适合教程内容与GEO答案资产,,6.0,,,第三方工具-社区SEO,1,
8159,excel表格里如何换行,功能教程与知识,其他,办公知识与操作问答，适合教程内容与GEO答案资产,,6.0,,,第三方工具-社区SEO,1,
8160,excel表格怎么删除空白行,功能教程与知识,其他,办公知识与操作问答，适合教程内容与GEO答案资产,,6.0,,,第三方工具-社区SEO,1,
8161,如何用excel做数据分析,功能教程与知识,其他,办公知识与操作问答，适合教程内容与GEO答案资产,,6.0,,,第三方工具-社区SEO,1,
8162,excel文档加密如何设置,功能教程与知识,其他,办公知识与操作问答，适合教程内容与GEO答案资产,,6.0,,,第三方工具-社区SEO,1,
8163,ppt如何抠图,功能教程与知识,其他,办公知识与操作问答，适合教程内容与GEO答案资产,,12.0,,,第三方工具-社区SEO,1,
8164,ppt设置图片透明度,功能教程与知识,其他,办公知识与操作问答，适合教程内容与GEO答案资产,,12.0,,,第三方工具-社区SEO,1,
8165,ppt设置背景图片,功能教程与知识,其他,办公知识与操作问答，适合教程内容与GEO答案资产,,9.0,,,第三方工具-社区SEO,1,
8166,ppt图表怎么编辑数据,功能教程与知识,其他,办公知识与操作问答，适合教程内容与GEO答案资产,,8.0,,,第三方工具-社区SEO,1,
8167,ppt怎么删除动画,功能教程与知识,其他,办公知识与操作问答，适合教程内容与GEO答案资产,,6.0,,,第三方工具-社区SEO,1,
8168,ppt如何嵌入字体,功能教程与知识,其他,办公知识与操作问答，适合教程内容与GEO答案资产,,6.0,,,第三方工具-社区SEO,1,
8169,如何取消ppt自动播放,功能教程与知识,其他,办公知识与操作问答，适合教程内容与GEO答案资产,,6.0,,,第三方工具-社区SEO,1,
8170,ppt怎么设置图片透明度,功能教程与知识,其他,办公知识与操作问答，适合教程内容与GEO答案资产,,6.0,,,第三方工具-社区SEO,1,
8171,pdf怎么解密,功能教程与知识,其他,办公知识与操作问答，适合教程内容与GEO答案资产,,11.0,,,第三方工具-社区SEO,1,
8172,pdf如何压缩大小,功能教程与知识,其他,办公知识与操作问答，适合教程内容与GEO答案资产,,9.0,,,第三方工具-社区SEO,1,
8173,pdf加页码怎么加,功能教程与知识,其他,办公知识与操作问答，适合教程内容与GEO答案资产,,8.0,,,第三方工具-社区SEO,1,
8174,pdf怎么变小,功能教程与知识,其他,办公知识与操作问答，适合教程内容与GEO答案资产,,7.0,,,第三方工具-社区SEO,1,
8175,怎么设置pdf默认打开方式,功能教程与知识,其他,办公知识与操作问答，适合教程内容与GEO答案资产,,7.0,,,第三方工具-社区SEO,1,
8176,cad怎么批量打印成pdf,功能教程与知识,其他,办公知识与操作问答，适合教程内容与GEO答案资产,,6.0,,,第三方工具-社区SEO,1,
8177,pdf怎么加密码,功能教程与知识,其他,办公知识与操作问答，适合教程内容与GEO答案资产,,6.0,,,第三方工具-社区SEO,1,
8178,word怎么读,功能教程与知识,其他,办公知识与操作问答，适合教程内容与GEO答案资产,,66.0,,,第三方工具-社区SEO,1,
8179,word表格怎么合并,功能教程与知识,其他,办公知识与操作问答，适合教程内容与GEO答案资产,,13.0,,,第三方工具-社区SEO,1,
8180,word怎么替换文字,功能教程与知识,其他,办公知识与操作问答，适合教程内容与GEO答案资产,,13.0,,,第三方工具-社区SEO,1,
8181,word怎么另起一页,功能教程与知识,其他,办公知识与操作问答，适合教程内容与GEO答案资产,,11.0,,,第三方工具-社区SEO,1,
8182,word如何复制一整页,功能教程与知识,其他,办公知识与操作问答，适合教程内容与GEO答案资产,,11.0,,,第三方工具-社区SEO,1,
8183,word怎么删除页码,功能教程与知识,其他,办公知识与操作问答，适合教程内容与GEO答案资产,,9.0,,,第三方工具-社区SEO,1,
8184,word怎么加拼音,功能教程与知识,其他,办公知识与操作问答，适合教程内容与GEO答案资产,,9.0,,,第三方工具-社区SEO,1,
8185,word怎么添加下划线,功能教程与知识,其他,办公知识与操作问答，适合教程内容与GEO答案资产,,9.0,,,第三方工具-社区SEO,1,
8186,word文档怎么加水印,功能教程与知识,其他,办公知识与操作问答，适合教程内容与GEO答案资产,,9.0,,,第三方工具-社区SEO,1,
8187,word怎么插入脚注,功能教程与知识,其他,办公知识与操作问答，适合教程内容与GEO答案资产,,9.0,,,第三方工具-社区SEO,1,
8188,word怎么分节,功能教程与知识,其他,办公知识与操作问答，适合教程内容与GEO答案资产,,8.0,,,第三方工具-社区SEO,1,
8189,word怎么自动换行,功能教程与知识,其他,办公知识与操作问答，适合教程内容与GEO答案资产,,8.0,,,第三方工具-社区SEO,1,
8190,word怎么设置密码,功能教程与知识,其他,办公知识与操作问答，适合教程内容与GEO答案资产,,8.0,,,第三方工具-社区SEO,1,
8191,word如何添加页码,功能教程与知识,其他,办公知识与操作问答，适合教程内容与GEO答案资产,,8.0,,,第三方工具-社区SEO,1,
8192,word怎么打拼音,功能教程与知识,其他,办公知识与操作问答，适合教程内容与GEO答案资产,,8.0,,,第三方工具-社区SEO,1,
8193,word脚注怎么添加,功能教程与知识,其他,办公知识与操作问答，适合教程内容与GEO答案资产,,8.0,,,第三方工具-社区SEO,1,
8194,word自动保存怎么设置,功能教程与知识,其他,办公知识与操作问答，适合教程内容与GEO答案资产,,8.0,,,第三方工具-社区SEO,1,
8195,word目录怎么更新,功能教程与知识,其他,办公知识与操作问答，适合教程内容与GEO答案资产,,7.0,,,第三方工具-社区SEO,1,
8196,word怎么不显示批注,功能教程与知识,其他,办公知识与操作问答，适合教程内容与GEO答案资产,,7.0,,,第三方工具-社区SEO,1,
8197,word统计字数在哪里,功能教程与知识,其他,办公知识与操作问答，适合教程内容与GEO答案资产,,7.0,,,第三方工具-社区SEO,1,
8198,word长横线怎么打,功能教程与知识,其他,办公知识与操作问答，适合教程内容与GEO答案资产,,7.0,,,第三方工具-社区SEO,1,
8199,word前面的黑点怎么去掉,功能教程与知识,其他,办公知识与操作问答，适合教程内容与GEO答案资产,,7.0,,,第三方工具-社区SEO,1,
8200,word怎么检查错别字,功能教程与知识,其他,办公知识与操作问答，适合教程内容与GEO答案资产,,7.0,,,第三方工具-社区SEO,1,
8201,word怎么压缩文件大小,功能教程与知识,其他,办公知识与操作问答，适合教程内容与GEO答案资产,,7.0,,,第三方工具-社区SEO,1,
8202,word怎么压缩,功能教程与知识,其他,办公知识与操作问答，适合教程内容与GEO答案资产,,7.0,,,第三方工具-社区SEO,1,
8203,word文档怎么删除,功能教程与知识,其他,办公知识与操作问答，适合教程内容与GEO答案资产,,6.0,,,第三方工具-社区SEO,1,
8204,word标尺怎么用,功能教程与知识,其他,办公知识与操作问答，适合教程内容与GEO答案资产,,6.0,,,第三方工具-社区SEO,1,
8205,word怎么插入水印,功能教程与知识,其他,办公知识与操作问答，适合教程内容与GEO答案资产,,6.0,,,第三方工具-社区SEO,1,
8206,word改写模式怎么取消,功能教程与知识,其他,办公知识与操作问答，适合教程内容与GEO答案资产,,6.0,,,第三方工具-社区SEO,1,
8207,word目录设置,功能教程与知识,其他,办公知识与操作问答，适合教程内容与GEO答案资产,,5.0,,,第三方工具-社区SEO,1,
8208,word删除空白页怎么删,功能教程与知识,其他,办公知识与操作问答，适合教程内容与GEO答案资产,,5.0,,,第三方工具-社区SEO,1,
8209,word如何不显示回车符号,功能教程与知识,其他,办公知识与操作问答，适合教程内容与GEO答案资产,,5.0,,,第三方工具-社区SEO,1,
8210,excel求和怎么操作,功能教程与知识,其他,办公知识与操作问答，适合教程内容与GEO答案资产,,324.0,,,第三方工具-社区SEO,1,
8211,excel使用技巧,功能教程与知识,其他,办公知识与操作问答，适合教程内容与GEO答案资产,,120.0,,,第三方工具-社区SEO,1,
8212,excel复选框怎么设置,功能教程与知识,其他,办公知识与操作问答，适合教程内容与GEO答案资产,,17.0,,,第三方工具-社区SEO,1,
8213,excel如何删除空白行,功能教程与知识,其他,办公知识与操作问答，适合教程内容与GEO答案资产,,13.0,,,第三方工具-社区SEO,1,
8214,excel怎么计算年龄,功能教程与知识,其他,办公知识与操作问答，适合教程内容与GEO答案资产,,10.0,,,第三方工具-社区SEO,1,
8215,excel怎么打对勾,功能教程与知识,其他,办公知识与操作问答，适合教程内容与GEO答案资产,,10.0,,,第三方工具-社区SEO,1,
8216,excel怎么自动排序,功能教程与知识,其他,办公知识与操作问答，适合教程内容与GEO答案资产,,10.0,,,第三方工具-社区SEO,1,
8217,excel如何设置下拉框,功能教程与知识,其他,办公知识与操作问答，适合教程内容与GEO答案资产,,8.0,,,第三方工具-社区SEO,1,
8218,excel设置表头,功能教程与知识,其他,办公知识与操作问答，适合教程内容与GEO答案资产,,6.0,,,第三方工具-社区SEO,1,
8219,excel怎么显示公式,功能教程与知识,其他,办公知识与操作问答，适合教程内容与GEO答案资产,,6.0,,,第三方工具-社区SEO,1,
8220,excel怎么取消密码,功能教程与知识,其他,办公知识与操作问答，适合教程内容与GEO答案资产,,6.0,,,第三方工具-社区SEO,1,
8221,excel怎么算年龄,功能教程与知识,其他,办公知识与操作问答，适合教程内容与GEO答案资产,,6.0,,,第三方工具-社区SEO,1,
8222,excel怎么看字数,功能教程与知识,其他,办公知识与操作问答，适合教程内容与GEO答案资产,,6.0,,,第三方工具-社区SEO,1,
8223,excel中下拉选项怎么设置,功能教程与知识,其他,办公知识与操作问答，适合教程内容与GEO答案资产,,6.0,,,第三方工具-社区SEO,1,
8224,Excel如何设置选项,功能教程与知识,其他,办公知识与操作问答，适合教程内容与GEO答案资产,,5.0,,,第三方工具-社区SEO,1,
8225,excel怎么取整,功能教程与知识,其他,办公知识与操作问答，适合教程内容与GEO答案资产,,5.0,,,第三方工具-社区SEO,1,
8226,excel表格如何加密,功能教程与知识,其他,办公知识与操作问答，适合教程内容与GEO答案资产,,5.0,,,第三方工具-社区SEO,1,
8227,excel怎么计算标准差,功能教程与知识,其他,办公知识与操作问答，适合教程内容与GEO答案资产,,5.0,,,第三方工具-社区SEO,1,
8228,excel如何生成随机数,功能教程与知识,其他,办公知识与操作问答，适合教程内容与GEO答案资产,,5.0,,,第三方工具-社区SEO,1,
8229,excel如何开根号,功能教程与知识,其他,办公知识与操作问答，适合教程内容与GEO答案资产,,5.0,,,第三方工具-社区SEO,1,
8230,excel怎么生成折线图,功能教程与知识,其他,办公知识与操作问答，适合教程内容与GEO答案资产,,5.0,,,第三方工具-社区SEO,1,
8231,excel二级下拉菜单怎么做,功能教程与知识,其他,办公知识与操作问答，适合教程内容与GEO答案资产,,5.0,,,第三方工具-社区SEO,1,
8232,ppt怎么让图片一张一张出来,功能教程与知识,其他,办公知识与操作问答，适合教程内容与GEO答案资产,,120.0,,,第三方工具-社区SEO,1,
8233,ppt如何加页码,功能教程与知识,其他,办公知识与操作问答，适合教程内容与GEO答案资产,,17.0,,,第三方工具-社区SEO,1,
8234,ppt数据分析图怎么做,功能教程与知识,其他,办公知识与操作问答，适合教程内容与GEO答案资产,,8.0,,,第三方工具-社区SEO,1,
8235,ppt母版制作教程,功能教程与知识,其他,办公知识与操作问答，适合教程内容与GEO答案资产,,8.0,,,第三方工具-社区SEO,1,
8236,ppt中如何插入视频,功能教程与知识,其他,办公知识与操作问答，适合教程内容与GEO答案资产,,7.0,,,第三方工具-社区SEO,1,
8237,ppt怎么插入gif,功能教程与知识,其他,办公知识与操作问答，适合教程内容与GEO答案资产,,7.0,,,第三方工具-社区SEO,1,
8238,ppt背景图形怎么修改,功能教程与知识,其他,办公知识与操作问答，适合教程内容与GEO答案资产,,7.0,,,第三方工具-社区SEO,1,
8239,ppt怎么改尺寸,功能教程与知识,其他,办公知识与操作问答，适合教程内容与GEO答案资产,,6.0,,,第三方工具-社区SEO,1,
8240,如何制作精美的ppt,功能教程与知识,其他,办公知识与操作问答，适合教程内容与GEO答案资产,,6.0,,,第三方工具-社区SEO,1,
8241,如何压缩ppt图片大小,功能教程与知识,其他,办公知识与操作问答，适合教程内容与GEO答案资产,,6.0,,,第三方工具-社区SEO,1,
8242,动态ppt怎么制作,功能教程与知识,其他,办公知识与操作问答，适合教程内容与GEO答案资产,,5.0,,,第三方工具-社区SEO,1,
8243,如何压缩ppt大小,功能教程与知识,其他,办公知识与操作问答，适合教程内容与GEO答案资产,,5.0,,,第三方工具-社区SEO,1,
8244,ppt分辨率怎么调,功能教程与知识,其他,办公知识与操作问答，适合教程内容与GEO答案资产,,5.0,,,第三方工具-社区SEO,1,
8245,ppt标尺怎么调出来,功能教程与知识,其他,办公知识与操作问答，适合教程内容与GEO答案资产,,5.0,,,第三方工具-社区SEO,1,
8246,怎么压缩pdf大小,功能教程与知识,其他,办公知识与操作问答，适合教程内容与GEO答案资产,,11.0,,,第三方工具-社区SEO,1,
8247,pdf文件太大怎么变小,功能教程与知识,其他,办公知识与操作问答，适合教程内容与GEO答案资产,,8.0,,,第三方工具-社区SEO,1,
8248,怎么压缩pdf文件,功能教程与知识,其他,办公知识与操作问答，适合教程内容与GEO答案资产,,7.0,,,第三方工具-社区SEO,1,
8249,如何设置pdf默认打开方式,功能教程与知识,其他,办公知识与操作问答，适合教程内容与GEO答案资产,,6.0,,,第三方工具-社区SEO,1,
8250,pdf如何统计字数,功能教程与知识,其他,办公知识与操作问答，适合教程内容与GEO答案资产,,5.0,,,第三方工具-社区SEO,1,
8251,word怎么画图,功能教程与知识,其他,办公知识与操作问答，适合教程内容与GEO答案资产,,147.0,,,第三方工具-社区SEO,1,
8252,word页面设置,功能教程与知识,其他,办公知识与操作问答，适合教程内容与GEO答案资产,,126.0,,,第三方工具-社区SEO,1,
8253,word技巧,功能教程与知识,其他,办公知识与操作问答，适合教程内容与GEO答案资产,,120.0,,,第三方工具-社区SEO,1,
8254,word页眉横线怎么去掉,功能教程与知识,其他,办公知识与操作问答，适合教程内容与GEO答案资产,,117.0,,,第三方工具-社区SEO,1,
8255,图片如何转化为word文档,功能教程与知识,其他,办公知识与操作问答，适合教程内容与GEO答案资产,,14.0,,,第三方工具-社区SEO,1,
8256,word表格怎么合并单元格,功能教程与知识,其他,办公知识与操作问答，适合教程内容与GEO答案资产,,13.0,,,第三方工具-社区SEO,1,
8257,word如何增加一页,功能教程与知识,其他,办公知识与操作问答，适合教程内容与GEO答案资产,,13.0,,,第三方工具-社区SEO,1,
8258,key word是什么意思,功能教程与知识,其他,办公知识与操作问答，适合教程内容与GEO答案资产,,12.0,,,第三方工具-社区SEO,1,
8259,word怎么删除某一页,功能教程与知识,其他,办公知识与操作问答，适合教程内容与GEO答案资产,,10.0,,,第三方工具-社区SEO,1,
8260,word怎么调整行距,功能教程与知识,其他,办公知识与操作问答，适合教程内容与GEO答案资产,,9.0,,,第三方工具-社区SEO,1,
8261,word表格怎么自动换行,功能教程与知识,其他,办公知识与操作问答，适合教程内容与GEO答案资产,,9.0,,,第三方工具-社区SEO,1,
8262,word怎么自动生成序号,功能教程与知识,其他,办公知识与操作问答，适合教程内容与GEO答案资产,,9.0,,,第三方工具-社区SEO,1,
8263,word超链接怎么弄,功能教程与知识,其他,办公知识与操作问答，适合教程内容与GEO答案资产,,9.0,,,第三方工具-社区SEO,1,
8264,word多余的空白页怎么删除,功能教程与知识,其他,办公知识与操作问答，适合教程内容与GEO答案资产,,9.0,,,第三方工具-社区SEO,1,
8265,word如何删除一页,功能教程与知识,其他,办公知识与操作问答，适合教程内容与GEO答案资产,,8.0,,,第三方工具-社区SEO,1,
8266,word怎么换页,功能教程与知识,其他,办公知识与操作问答，适合教程内容与GEO答案资产,,8.0,,,第三方工具-社区SEO,1,
8267,word怎么插入横线,功能教程与知识,其他,办公知识与操作问答，适合教程内容与GEO答案资产,,8.0,,,第三方工具-社区SEO,1,
8268,word角标数字怎么打,功能教程与知识,其他,办公知识与操作问答，适合教程内容与GEO答案资产,,8.0,,,第三方工具-社区SEO,1,
8269,word怎么设置标题,功能教程与知识,其他,办公知识与操作问答，适合教程内容与GEO答案资产,,7.0,,,第三方工具-社区SEO,1,
8270,word怎么合并表格,功能教程与知识,其他,办公知识与操作问答，适合教程内容与GEO答案资产,,7.0,,,第三方工具-社区SEO,1,
8271,word怎么删除空格,功能教程与知识,其他,办公知识与操作问答，适合教程内容与GEO答案资产,,7.0,,,第三方工具-社区SEO,1,
8272,word目录格式设置,功能教程与知识,其他,办公知识与操作问答，适合教程内容与GEO答案资产,,7.0,,,第三方工具-社区SEO,1,
8273,word怎么查重,功能教程与知识,其他,办公知识与操作问答，适合教程内容与GEO答案资产,,7.0,,,第三方工具-社区SEO,1,
8274,word怎么删除水印,功能教程与知识,其他,办公知识与操作问答，适合教程内容与GEO答案资产,,7.0,,,第三方工具-社区SEO,1,
8275,word表格如何上下居中,功能教程与知识,其他,办公知识与操作问答，适合教程内容与GEO答案资产,,7.0,,,第三方工具-社区SEO,1,
8276,word文档如何生成目录,功能教程与知识,其他,办公知识与操作问答，适合教程内容与GEO答案资产,,7.0,,,第三方工具-社区SEO,1,
8277,word怎么创建目录,功能教程与知识,其他,办公知识与操作问答，适合教程内容与GEO答案资产,,7.0,,,第三方工具-社区SEO,1,
8278,word分隔符在哪里,功能教程与知识,其他,办公知识与操作问答，适合教程内容与GEO答案资产,,7.0,,,第三方工具-社区SEO,1,
8279,word怎么把其中一页变成横向,功能教程与知识,其他,办公知识与操作问答，适合教程内容与GEO答案资产,,7.0,,,第三方工具-社区SEO,1,
8280,word设置标题,功能教程与知识,其他,办公知识与操作问答，适合教程内容与GEO答案资产,,6.0,,,第三方工具-社区SEO,1,
8281,word设置背景,功能教程与知识,其他,办公知识与操作问答，适合教程内容与GEO答案资产,,6.0,,,第三方工具-社区SEO,1,
8282,word怎么替换,功能教程与知识,其他,办公知识与操作问答，适合教程内容与GEO答案资产,,6.0,,,第三方工具-社区SEO,1,
8283,word如何删除页眉,功能教程与知识,其他,办公知识与操作问答，适合教程内容与GEO答案资产,,6.0,,,第三方工具-社区SEO,1,
8284,word如何自动编号,功能教程与知识,其他,办公知识与操作问答，适合教程内容与GEO答案资产,,6.0,,,第三方工具-社区SEO,1,
8285,word怎么删除节,功能教程与知识,其他,办公知识与操作问答，适合教程内容与GEO答案资产,,6.0,,,第三方工具-社区SEO,1,
8286,word学习全套教程,功能教程与知识,其他,办公知识与操作问答，适合教程内容与GEO答案资产,,6.0,,,第三方工具-社区SEO,1,
8287,word中向下的箭头是什么符号,功能教程与知识,其他,办公知识与操作问答，适合教程内容与GEO答案资产,,6.0,,,第三方工具-社区SEO,1,
8288,如何去掉word,功能教程与知识,其他,办公知识与操作问答，适合教程内容与GEO答案资产,,5.0,,,第三方工具-社区SEO,1,
8289,word怎么删除修订,功能教程与知识,其他,办公知识与操作问答，适合教程内容与GEO答案资产,,5.0,,,第三方工具-社区SEO,1,
8290,word中如何插入目录,功能教程与知识,其他,办公知识与操作问答，适合教程内容与GEO答案资产,,5.0,,,第三方工具-社区SEO,1,
8291,word中如何插入pdf,功能教程与知识,其他,办公知识与操作问答，适合教程内容与GEO答案资产,,5.0,,,第三方工具-社区SEO,1,
8292,如何在word中插入pdf,功能教程与知识,其他,办公知识与操作问答，适合教程内容与GEO答案资产,,5.0,,,第三方工具-社区SEO,1,
8293,excel表格教程,功能教程与知识,其他,办公知识与操作问答，适合教程内容与GEO答案资产,,121.0,,,第三方工具-社区SEO,1,
8294,excel设置下拉菜单,功能教程与知识,其他,办公知识与操作问答，适合教程内容与GEO答案资产,,63.0,,,第三方工具-社区SEO,1,
8295,excel表格内如何换行,功能教程与知识,其他,办公知识与操作问答，适合教程内容与GEO答案资产,,63.0,,,第三方工具-社区SEO,1,
8296,excel护眼模式怎么设置,功能教程与知识,其他,办公知识与操作问答，适合教程内容与GEO答案资产,,15.0,,,第三方工具-社区SEO,1,
8297,如何用excel,功能教程与知识,其他,办公知识与操作问答，适合教程内容与GEO答案资产,,14.0,,,第三方工具-社区SEO,1,
8298,excel怎么打印,功能教程与知识,其他,办公知识与操作问答，适合教程内容与GEO答案资产,,14.0,,,第三方工具-社区SEO,1,
8299,excel打印预览在哪里,功能教程与知识,其他,办公知识与操作问答，适合教程内容与GEO答案资产,,9.0,,,第三方工具-社区SEO,1,
8300,excel怎么画图,功能教程与知识,其他,办公知识与操作问答，适合教程内容与GEO答案资产,,8.0,,,第三方工具-社区SEO,1,
8301,excel如何计算年龄,功能教程与知识,其他,办公知识与操作问答，适合教程内容与GEO答案资产,,7.0,,,第三方工具-社区SEO,1,
8302,excel里怎么换行,功能教程与知识,其他,办公知识与操作问答，适合教程内容与GEO答案资产,,6.0,,,第三方工具-社区SEO,1,
8303,excel表格怎么去重,功能教程与知识,其他,办公知识与操作问答，适合教程内容与GEO答案资产,,6.0,,,第三方工具-社区SEO,1,
8304,excel表格下拉菜单怎么设置,功能教程与知识,其他,办公知识与操作问答，适合教程内容与GEO答案资产,,6.0,,,第三方工具-社区SEO,1,
8305,excel中sumif函数怎么用,功能教程与知识,其他,办公知识与操作问答，适合教程内容与GEO答案资产,,6.0,,,第三方工具-社区SEO,1,
8306,excel如何计数,功能教程与知识,其他,办公知识与操作问答，适合教程内容与GEO答案资产,,5.0,,,第三方工具-社区SEO,1,
8307,excel快捷键设置,功能教程与知识,其他,办公知识与操作问答，适合教程内容与GEO答案资产,,5.0,,,第三方工具-社区SEO,1,
8308,excel如何四舍五入,功能教程与知识,其他,办公知识与操作问答，适合教程内容与GEO答案资产,,5.0,,,第三方工具-社区SEO,1,
8309,excel怎么做柱状图,功能教程与知识,其他,办公知识与操作问答，适合教程内容与GEO答案资产,,5.0,,,第三方工具-社区SEO,1,
8310,excel怎么清除格式,功能教程与知识,其他,办公知识与操作问答，适合教程内容与GEO答案资产,,5.0,,,第三方工具-社区SEO,1,
8311,excel怎么取整数,功能教程与知识,其他,办公知识与操作问答，适合教程内容与GEO答案资产,,5.0,,,第三方工具-社区SEO,1,
8312,excel怎么删除空行,功能教程与知识,其他,办公知识与操作问答，适合教程内容与GEO答案资产,,5.0,,,第三方工具-社区SEO,1,
8313,excel中如何设置下拉选项,功能教程与知识,其他,办公知识与操作问答，适合教程内容与GEO答案资产,,5.0,,,第三方工具-社区SEO,1,
8314,如何查看excel版本,功能教程与知识,其他,办公知识与操作问答，适合教程内容与GEO答案资产,,5.0,,,第三方工具-社区SEO,1,
8315,如何在excel表格中换行,功能教程与知识,其他,办公知识与操作问答，适合教程内容与GEO答案资产,,5.0,,,第三方工具-社区SEO,1,
8316,excel二维码制作方法,功能教程与知识,其他,办公知识与操作问答，适合教程内容与GEO答案资产,,5.0,,,第三方工具-社区SEO,1,
8317,excel中index函数的使用方法,功能教程与知识,其他,办公知识与操作问答，适合教程内容与GEO答案资产,,5.0,,,第三方工具-社区SEO,1,
8318,excel打开csv文件乱码的解决方法,功能教程与知识,其他,办公知识与操作问答，适合教程内容与GEO答案资产,,5.0,,,第三方工具-社区SEO,1,
8319,ppt流程图怎么制作,功能教程与知识,其他,办公知识与操作问答，适合教程内容与GEO答案资产,,13.0,,,第三方工具-社区SEO,1,
8320,ppt怎么插入文件,功能教程与知识,其他,办公知识与操作问答，适合教程内容与GEO答案资产,,10.0,,,第三方工具-社区SEO,1,
8321,ppt怎么添加页码,功能教程与知识,其他,办公知识与操作问答，适合教程内容与GEO答案资产,,9.0,,,第三方工具-社区SEO,1,
8322,如何在ppt中插入视频,功能教程与知识,其他,办公知识与操作问答，适合教程内容与GEO答案资产,,8.0,,,第三方工具-社区SEO,1,
8323,ppt首行缩进2字符怎么设置,功能教程与知识,其他,办公知识与操作问答，适合教程内容与GEO答案资产,,8.0,,,第三方工具-社区SEO,1,
8324,ppt怎么插入表格,功能教程与知识,其他,办公知识与操作问答，适合教程内容与GEO答案资产,,7.0,,,第三方工具-社区SEO,1,
8325,ppt照片怎么排版好看,功能教程与知识,其他,办公知识与操作问答，适合教程内容与GEO答案资产,,7.0,,,第三方工具-社区SEO,1,
8326,如何做好ppt,功能教程与知识,其他,办公知识与操作问答，适合教程内容与GEO答案资产,,7.0,,,第三方工具-社区SEO,1,
8327,ppt透明度怎么调,功能教程与知识,其他,办公知识与操作问答，适合教程内容与GEO答案资产,,6.0,,,第三方工具-社区SEO,1,
8328,ppt怎么做才好看,功能教程与知识,其他,办公知识与操作问答，适合教程内容与GEO答案资产,,6.0,,,第三方工具-社区SEO,1,
8329,ppt如何插入动图,功能教程与知识,其他,办公知识与操作问答，适合教程内容与GEO答案资产,,6.0,,,第三方工具-社区SEO,1,
8330,ppt设置页码,功能教程与知识,其他,办公知识与操作问答，适合教程内容与GEO答案资产,,6.0,,,第三方工具-社区SEO,1,
8331,ppt怎么设置页码,功能教程与知识,其他,办公知识与操作问答，适合教程内容与GEO答案资产,,5.0,,,第三方工具-社区SEO,1,
8332,ppt设置默认字体,功能教程与知识,其他,办公知识与操作问答，适合教程内容与GEO答案资产,,5.0,,,第三方工具-社区SEO,1,
8333,ppt布局排版技巧,功能教程与知识,其他,办公知识与操作问答，适合教程内容与GEO答案资产,,5.0,,,第三方工具-社区SEO,1,
8334,ppt金字塔图形怎么做,功能教程与知识,其他,办公知识与操作问答，适合教程内容与GEO答案资产,,5.0,,,第三方工具-社区SEO,1,
8335,ppt自带音乐怎么去掉,功能教程与知识,其他,办公知识与操作问答，适合教程内容与GEO答案资产,,3.0,,,第三方工具-社区SEO,1,
8336,pdf文件怎么编辑,功能教程与知识,其他,办公知识与操作问答，适合教程内容与GEO答案资产,,,,,第三方工具-社区SEO,1,
8337,pdf文件怎么制作,功能教程与知识,其他,办公知识与操作问答，适合教程内容与GEO答案资产,,120.0,,,第三方工具-社区SEO,1,
8338,pdf文件加密怎么解除,功能教程与知识,其他,办公知识与操作问答，适合教程内容与GEO答案资产,,63.0,,,第三方工具-社区SEO,1,
8339,如何删除pdf中的空白页,功能教程与知识,其他,办公知识与操作问答，适合教程内容与GEO答案资产,,15.0,,,第三方工具-社区SEO,1,
8340,pdf怎么缩小,功能教程与知识,其他,办公知识与操作问答，适合教程内容与GEO答案资产,,9.0,,,第三方工具-社区SEO,1,
8341,如何减小pdf文件大小,功能教程与知识,其他,办公知识与操作问答，适合教程内容与GEO答案资产,,6.0,,,第三方工具-社区SEO,1,
8342,pdf如何拆分,功能教程与知识,其他,办公知识与操作问答，适合教程内容与GEO答案资产,,6.0,,,第三方工具-社区SEO,1,
8343,网页如何转成pdf,功能教程与知识,其他,办公知识与操作问答，适合教程内容与GEO答案资产,,5.0,,,第三方工具-社区SEO,1,
8344,word文档怎么自动生成目录,功能教程与知识,其他,办公知识与操作问答，适合教程内容与GEO答案资产,,146.0,,,第三方工具-社区SEO,1,
8345,word页面颜色怎么设置,功能教程与知识,其他,办公知识与操作问答，适合教程内容与GEO答案资产,,18.0,,,第三方工具-社区SEO,1,
8346,怎么合并两个word文档,功能教程与知识,其他,办公知识与操作问答，适合教程内容与GEO答案资产,,15.0,,,第三方工具-社区SEO,1,
8347,word如何删除最后一页空白页,功能教程与知识,其他,办公知识与操作问答，适合教程内容与GEO答案资产,,15.0,,,第三方工具-社区SEO,1,
8348,word文档怎么加页码,功能教程与知识,其他,办公知识与操作问答，适合教程内容与GEO答案资产,,14.0,,,第三方工具-社区SEO,1,
8349,word是什么软件,功能教程与知识,其他,办公知识与操作问答，适合教程内容与GEO答案资产,,13.0,,,第三方工具-社区SEO,1,
8350,word怎么改行距,功能教程与知识,其他,办公知识与操作问答，适合教程内容与GEO答案资产,,13.0,,,第三方工具-社区SEO,1,
8351,word文档怎么排版,功能教程与知识,其他,办公知识与操作问答，适合教程内容与GEO答案资产,,11.0,,,第三方工具-社区SEO,1,
8352,word怎么调行距,功能教程与知识,其他,办公知识与操作问答，适合教程内容与GEO答案资产,,9.0,,,第三方工具-社区SEO,1,
8353,word图片怎么旋转,功能教程与知识,其他,办公知识与操作问答，适合教程内容与GEO答案资产,,9.0,,,第三方工具-社区SEO,1,
8354,word如何合并单元格,功能教程与知识,其他,办公知识与操作问答，适合教程内容与GEO答案资产,,9.0,,,第三方工具-社区SEO,1,
8355,word怎么统计字数,功能教程与知识,其他,办公知识与操作问答，适合教程内容与GEO答案资产,,9.0,,,第三方工具-社区SEO,1,
8356,word文档打不开是怎么回事,功能教程与知识,其他,办公知识与操作问答，适合教程内容与GEO答案资产,,9.0,,,第三方工具-社区SEO,1,
8357,怎么合并word文档,功能教程与知识,其他,办公知识与操作问答，适合教程内容与GEO答案资产,,8.0,,,第三方工具-社区SEO,1,
8358,word文档怎么打勾,功能教程与知识,其他,办公知识与操作问答，适合教程内容与GEO答案资产,,8.0,,,第三方工具-社区SEO,1,
8359,word表格怎么调整行高,功能教程与知识,其他,办公知识与操作问答，适合教程内容与GEO答案资产,,8.0,,,第三方工具-社区SEO,1,
8360,word文档不能编辑怎么办,功能教程与知识,其他,办公知识与操作问答，适合教程内容与GEO答案资产,,8.0,,,第三方工具-社区SEO,1,
8361,word如何加页码,功能教程与知识,其他,办公知识与操作问答，适合教程内容与GEO答案资产,,7.0,,,第三方工具-社区SEO,1,
8362,word文档怎么做目录,功能教程与知识,其他,办公知识与操作问答，适合教程内容与GEO答案资产,,7.0,,,第三方工具-社区SEO,1,
8363,word怎么缩小行间距,功能教程与知识,其他,办公知识与操作问答，适合教程内容与GEO答案资产,,7.0,,,第三方工具-社区SEO,1,
8364,word怎么调整页边距,功能教程与知识,其他,办公知识与操作问答，适合教程内容与GEO答案资产,,7.0,,,第三方工具-社区SEO,1,
8365,word怎么打拼音带声调,功能教程与知识,其他,办公知识与操作问答，适合教程内容与GEO答案资产,,7.0,,,第三方工具-社区SEO,1,
8366,word标题怎么设置,功能教程与知识,其他,办公知识与操作问答，适合教程内容与GEO答案资产,,6.0,,,第三方工具-社区SEO,1,
8367,word设置行距,功能教程与知识,其他,办公知识与操作问答，适合教程内容与GEO答案资产,,6.0,,,第三方工具-社区SEO,1,
8368,word目录怎么弄,功能教程与知识,其他,办公知识与操作问答，适合教程内容与GEO答案资产,,6.0,,,第三方工具-社区SEO,1,
8369,word怎么转成excel,功能教程与知识,其他,办公知识与操作问答，适合教程内容与GEO答案资产,,6.0,,,第三方工具-社区SEO,1,
8370,word怎么打下划线,功能教程与知识,其他,办公知识与操作问答，适合教程内容与GEO答案资产,,6.0,,,第三方工具-社区SEO,1,
8371,word箭头符号怎么打出来,功能教程与知识,其他,办公知识与操作问答，适合教程内容与GEO答案资产,,6.0,,,第三方工具-社区SEO,1,
8372,word多了一页空白页怎么删除,功能教程与知识,其他,办公知识与操作问答，适合教程内容与GEO答案资产,,6.0,,,第三方工具-社区SEO,1,
8373,word怎么签名,功能教程与知识,其他,办公知识与操作问答，适合教程内容与GEO答案资产,,5.0,,,第三方工具-社区SEO,1,
8374,word如何分节,功能教程与知识,其他,办公知识与操作问答，适合教程内容与GEO答案资产,,5.0,,,第三方工具-社区SEO,1,
8375,如何合并word文档,功能教程与知识,其他,办公知识与操作问答，适合教程内容与GEO答案资产,,5.0,,,第三方工具-社区SEO,1,
8376,word怎么加密码,功能教程与知识,其他,办公知识与操作问答，适合教程内容与GEO答案资产,,5.0,,,第三方工具-社区SEO,1,
8377,word如何设置密码,功能教程与知识,其他,办公知识与操作问答，适合教程内容与GEO答案资产,,5.0,,,第三方工具-社区SEO,1,
8378,word如何上下居中,功能教程与知识,其他,办公知识与操作问答，适合教程内容与GEO答案资产,,5.0,,,第三方工具-社区SEO,1,
8379,word如何插入公式,功能教程与知识,其他,办公知识与操作问答，适合教程内容与GEO答案资产,,5.0,,,第三方工具-社区SEO,1,
8380,word怎么输入分数,功能教程与知识,其他,办公知识与操作问答，适合教程内容与GEO答案资产,,5.0,,,第三方工具-社区SEO,1,
8381,word恢复未保存文件,功能教程与知识,其他,办公知识与操作问答，适合教程内容与GEO答案资产,,5.0,,,第三方工具-社区SEO,1,
8382,word怎么全选图片,功能教程与知识,其他,办公知识与操作问答，适合教程内容与GEO答案资产,,5.0,,,第三方工具-社区SEO,1,
8383,word怎么隐藏批注,功能教程与知识,其他,办公知识与操作问答，适合教程内容与GEO答案资产,,5.0,,,第三方工具-社区SEO,1,
8384,word怎么插入批注,功能教程与知识,其他,办公知识与操作问答，适合教程内容与GEO答案资产,,5.0,,,第三方工具-社区SEO,1,
8385,Word如何插入脚注,功能教程与知识,其他,办公知识与操作问答，适合教程内容与GEO答案资产,,5.0,,,第三方工具-社区SEO,1,
8386,word根号怎么打出来,功能教程与知识,其他,办公知识与操作问答，适合教程内容与GEO答案资产,,5.0,,,第三方工具-社区SEO,1,
8387,word第几页共几页怎么设置,功能教程与知识,其他,办公知识与操作问答，适合教程内容与GEO答案资产,,5.0,,,第三方工具-社区SEO,1,
8388,word书签怎么设置,功能教程与知识,其他,办公知识与操作问答，适合教程内容与GEO答案资产,,5.0,,,第三方工具-社区SEO,1,
8389,word怎么查重复内容,功能教程与知识,其他,办公知识与操作问答，适合教程内容与GEO答案资产,,5.0,,,第三方工具-社区SEO,1,
8390,word分数线怎么打,功能教程与知识,其他,办公知识与操作问答，适合教程内容与GEO答案资产,,5.0,,,第三方工具-社区SEO,1,
8391,word如何隐藏回车符号,功能教程与知识,其他,办公知识与操作问答，适合教程内容与GEO答案资产,,5.0,,,第三方工具-社区SEO,1,
8392,word文档最后一页空白页怎么删除,功能教程与知识,其他,办公知识与操作问答，适合教程内容与GEO答案资产,,5.0,,,第三方工具-社区SEO,1,
8393,如何将word中的一页变成横向,功能教程与知识,其他,办公知识与操作问答，适合教程内容与GEO答案资产,,5.0,,,第三方工具-社区SEO,1,
8394,word怎么删除脚注,功能教程与知识,其他,办公知识与操作问答，适合教程内容与GEO答案资产,,4.0,,,第三方工具-社区SEO,1,
8395,word如何删除空白行,功能教程与知识,其他,办公知识与操作问答，适合教程内容与GEO答案资产,,4.0,,,第三方工具-社区SEO,1,
8396,word表格行距怎么缩小,功能教程与知识,其他,办公知识与操作问答，适合教程内容与GEO答案资产,,4.0,,,第三方工具-社区SEO,1,
8397,word如何绘制流程图,功能教程与知识,其他,办公知识与操作问答，适合教程内容与GEO答案资产,,4.0,,,第三方工具-社区SEO,1,
8398,word如何从第二页开始设置页码,功能教程与知识,其他,办公知识与操作问答，适合教程内容与GEO答案资产,,4.0,,,第三方工具-社区SEO,1,
8399,如何查看word版本,功能教程与知识,其他,办公知识与操作问答，适合教程内容与GEO答案资产,,4.0,,,第三方工具-社区SEO,1,
8400,苹果电脑怎么新建word,功能教程与知识,其他,办公知识与操作问答，适合教程内容与GEO答案资产,,,,,第三方工具-社区SEO,1,
8401,excel表格里面怎么换行,功能教程与知识,其他,办公知识与操作问答，适合教程内容与GEO答案资产,,116.0,,,第三方工具-社区SEO,1,
8402,excel表格中如何换行,功能教程与知识,其他,办公知识与操作问答，适合教程内容与GEO答案资产,,59.0,,,第三方工具-社区SEO,1,
8403,excel怎么分类汇总,功能教程与知识,其他,办公知识与操作问答，适合教程内容与GEO答案资产,,14.0,,,第三方工具-社区SEO,1,
8404,excel怎么设置下拉选项,功能教程与知识,其他,办公知识与操作问答，适合教程内容与GEO答案资产,,14.0,,,第三方工具-社区SEO,1,
8405,excel表格内怎么换行,功能教程与知识,其他,办公知识与操作问答，适合教程内容与GEO答案资产,,14.0,,,第三方工具-社区SEO,1,
8406,如何取消excel密码保护,功能教程与知识,其他,办公知识与操作问答，适合教程内容与GEO答案资产,,13.0,,,第三方工具-社区SEO,1,
8407,怎么取消excel密码,功能教程与知识,其他,办公知识与操作问答，适合教程内容与GEO答案资产,,8.0,,,第三方工具-社区SEO,1,
8408,excel如何查重复数据,功能教程与知识,其他,办公知识与操作问答，适合教程内容与GEO答案资产,,8.0,,,第三方工具-社区SEO,1,
8409,excel折叠怎么设置,功能教程与知识,其他,办公知识与操作问答，适合教程内容与GEO答案资产,,8.0,,,第三方工具-社区SEO,1,
8410,excel中countif函数怎么用,功能教程与知识,其他,办公知识与操作问答，适合教程内容与GEO答案资产,,8.0,,,第三方工具-社区SEO,1,
8411,excel设置下拉,功能教程与知识,其他,办公知识与操作问答，适合教程内容与GEO答案资产,,8.0,,,第三方工具-社区SEO,1,
8412,excel怎么统计字数,功能教程与知识,其他,办公知识与操作问答，适合教程内容与GEO答案资产,,6.0,,,第三方工具-社区SEO,1,
8413,excel重复标题行怎么设置,功能教程与知识,其他,办公知识与操作问答，适合教程内容与GEO答案资产,,5.0,,,第三方工具-社区SEO,1,
8414,excel怎么回车,功能教程与知识,其他,办公知识与操作问答，适合教程内容与GEO答案资产,,4.0,,,第三方工具-社区SEO,1,
8415,excel如何取整,功能教程与知识,其他,办公知识与操作问答，适合教程内容与GEO答案资产,,4.0,,,第三方工具-社区SEO,1,
8416,excel设置自动换行,功能教程与知识,其他,办公知识与操作问答，适合教程内容与GEO答案资产,,4.0,,,第三方工具-社区SEO,1,
8417,excel如何设置下拉菜单,功能教程与知识,其他,办公知识与操作问答，适合教程内容与GEO答案资产,,4.0,,,第三方工具-社区SEO,1,
8418,excel如何删除空行,功能教程与知识,其他,办公知识与操作问答，适合教程内容与GEO答案资产,,4.0,,,第三方工具-社区SEO,1,
8419,excel如何加水印,功能教程与知识,其他,办公知识与操作问答，适合教程内容与GEO答案资产,,4.0,,,第三方工具-社区SEO,1,
8420,excel怎么设置下拉框,功能教程与知识,其他,办公知识与操作问答，适合教程内容与GEO答案资产,,4.0,,,第三方工具-社区SEO,1,
8421,excel怎么取消排序,功能教程与知识,其他,办公知识与操作问答，适合教程内容与GEO答案资产,,4.0,,,第三方工具-社区SEO,1,
8422,excel如何计算标准差,功能教程与知识,其他,办公知识与操作问答，适合教程内容与GEO答案资产,,4.0,,,第三方工具-社区SEO,1,
8423,excel如何计算时间差,功能教程与知识,其他,办公知识与操作问答，适合教程内容与GEO答案资产,,4.0,,,第三方工具-社区SEO,1,
8424,excel单元格内如何换行,功能教程与知识,其他,办公知识与操作问答，适合教程内容与GEO答案资产,,4.0,,,第三方工具-社区SEO,1,
8425,ppt如何插入excel,功能教程与知识,其他,办公知识与操作问答，适合教程内容与GEO答案资产,,4.0,,,第三方工具-社区SEO,1,
8426,excel表格如何去重,功能教程与知识,其他,办公知识与操作问答，适合教程内容与GEO答案资产,,4.0,,,第三方工具-社区SEO,1,
8427,excel如何做下拉选项,功能教程与知识,其他,办公知识与操作问答，适合教程内容与GEO答案资产,,4.0,,,第三方工具-社区SEO,1,
8428,excel怎么批量删除空白行,功能教程与知识,其他,办公知识与操作问答，适合教程内容与GEO答案资产,,4.0,,,第三方工具-社区SEO,1,
8429,excel中的if函数怎么用,功能教程与知识,其他,办公知识与操作问答，适合教程内容与GEO答案资产,,4.0,,,第三方工具-社区SEO,1,
8430,excel学习视频教程,功能教程与知识,其他,办公知识与操作问答，适合教程内容与GEO答案资产,,4.0,,,第三方工具-社区SEO,1,
8431,excel散点图怎么显示公式,功能教程与知识,其他,办公知识与操作问答，适合教程内容与GEO答案资产,,4.0,,,第三方工具-社区SEO,1,
8432,excel怎么删除重复项 只保留一个,功能教程与知识,其他,办公知识与操作问答，适合教程内容与GEO答案资产,,4.0,,,第三方工具-社区SEO,1,
8433,ppt怎么做,功能教程与知识,其他,办公知识与操作问答，适合教程内容与GEO答案资产,,4.0,,,第三方工具-社区SEO,1,
8434,ppt怎么做思维导图,功能教程与知识,其他,办公知识与操作问答，适合教程内容与GEO答案资产,,7.0,,,第三方工具-社区SEO,1,
8435,ppt怎么统一改字体,功能教程与知识,其他,办公知识与操作问答，适合教程内容与GEO答案资产,,7.0,,,第三方工具-社区SEO,1,
8436,ppt如何添加备注,功能教程与知识,其他,办公知识与操作问答，适合教程内容与GEO答案资产,,6.0,,,第三方工具-社区SEO,1,
8437,ppt图片怎么变成圆形,功能教程与知识,其他,办公知识与操作问答，适合教程内容与GEO答案资产,,6.0,,,第三方工具-社区SEO,1,
8438,ppt怎么插入pdf,功能教程与知识,其他,办公知识与操作问答，适合教程内容与GEO答案资产,,6.0,,,第三方工具-社区SEO,1,
8439,ppt怎么调整字间距,功能教程与知识,其他,办公知识与操作问答，适合教程内容与GEO答案资产,,6.0,,,第三方工具-社区SEO,1,
8440,怎么压缩ppt大小,功能教程与知识,其他,办公知识与操作问答，适合教程内容与GEO答案资产,,5.0,,,第三方工具-社区SEO,1,
8441,ppt如何修改母版,功能教程与知识,其他,办公知识与操作问答，适合教程内容与GEO答案资产,,5.0,,,第三方工具-社区SEO,1,
8442,ppt母版怎么替换,功能教程与知识,其他,办公知识与操作问答，适合教程内容与GEO答案资产,,5.0,,,第三方工具-社区SEO,1,
8443,ppt怎么调整页面大小,功能教程与知识,其他,办公知识与操作问答，适合教程内容与GEO答案资产,,5.0,,,第三方工具-社区SEO,1,
8444,ppt如何加密,功能教程与知识,其他,办公知识与操作问答，适合教程内容与GEO答案资产,,4.0,,,第三方工具-社区SEO,1,
8445,竖版ppt怎么设置,功能教程与知识,其他,办公知识与操作问答，适合教程内容与GEO答案资产,,4.0,,,第三方工具-社区SEO,1,
8446,ppt如何设置图片透明度,功能教程与知识,其他,办公知识与操作问答，适合教程内容与GEO答案资产,,4.0,,,第三方工具-社区SEO,1,
8447,ppt倒计时怎么搞,功能教程与知识,其他,办公知识与操作问答，适合教程内容与GEO答案资产,,4.0,,,第三方工具-社区SEO,1,
8448,ppt演示时如何看备注,功能教程与知识,其他,办公知识与操作问答，适合教程内容与GEO答案资产,,4.0,,,第三方工具-社区SEO,1,
8449,ppt艺术字怎么弄,功能教程与知识,其他,办公知识与操作问答，适合教程内容与GEO答案资产,,4.0,,,第三方工具-社区SEO,1,
8450,ppt放映方式怎么设置,功能教程与知识,其他,办公知识与操作问答，适合教程内容与GEO答案资产,,4.0,,,第三方工具-社区SEO,1,
8451,pdf是什么意思,功能教程与知识,其他,办公知识与操作问答，适合教程内容与GEO答案资产,,3.0,,,第三方工具-社区SEO,1,
8452,pdf是什么格式,功能教程与知识,其他,办公知识与操作问答，适合教程内容与GEO答案资产,,1.0,,,第三方工具-社区SEO,1,
8453,pdf怎么旋转,功能教程与知识,其他,办公知识与操作问答，适合教程内容与GEO答案资产,,9.0,,,第三方工具-社区SEO,1,
8454,word怎么截图,功能教程与知识,其他,办公知识与操作问答，适合教程内容与GEO答案资产,,15.0,,,第三方工具-社区SEO,1,
8455,字数统计在word哪里,功能教程与知识,其他,办公知识与操作问答，适合教程内容与GEO答案资产,,12.0,,,第三方工具-社区SEO,1,
8456,word怎么计算总和,功能教程与知识,其他,办公知识与操作问答，适合教程内容与GEO答案资产,,11.0,,,第三方工具-社区SEO,1,
8457,如何合并两个word文档,功能教程与知识,其他,办公知识与操作问答，适合教程内容与GEO答案资产,,11.0,,,第三方工具-社区SEO,1,
8458,word怎么加横线,功能教程与知识,其他,办公知识与操作问答，适合教程内容与GEO答案资产,,10.0,,,第三方工具-社区SEO,1,
8459,word文档怎么设置页码,功能教程与知识,其他,办公知识与操作问答，适合教程内容与GEO答案资产,,8.0,,,第三方工具-社区SEO,1,
8460,word怎么设置行间距,功能教程与知识,其他,办公知识与操作问答，适合教程内容与GEO答案资产,,8.0,,,第三方工具-社区SEO,1,
8461,word文档横线怎么打,功能教程与知识,其他,办公知识与操作问答，适合教程内容与GEO答案资产,,8.0,,,第三方工具-社区SEO,1,
8462,word怎么居中,功能教程与知识,其他,办公知识与操作问答，适合教程内容与GEO答案资产,,7.0,,,第三方工具-社区SEO,1,
8463,word怎么排序,功能教程与知识,其他,办公知识与操作问答，适合教程内容与GEO答案资产,,7.0,,,第三方工具-社区SEO,1,
8464,word图片怎么居中,功能教程与知识,其他,办公知识与操作问答，适合教程内容与GEO答案资产,,7.0,,,第三方工具-社区SEO,1,
8465,word里面怎么删除空白页,功能教程与知识,其他,办公知识与操作问答，适合教程内容与GEO答案资产,,7.0,,,第三方工具-社区SEO,1,
8466,word怎么查找重复内容,功能教程与知识,其他,办公知识与操作问答，适合教程内容与GEO答案资产,,7.0,,,第三方工具-社区SEO,1,
8467,word怎么排版,功能教程与知识,其他,办公知识与操作问答，适合教程内容与GEO答案资产,,6.0,,,第三方工具-社区SEO,1,
8468,word怎么设置背景,功能教程与知识,其他,办公知识与操作问答，适合教程内容与GEO答案资产,,6.0,,,第三方工具-社区SEO,1,
8469,word如何分栏,功能教程与知识,其他,办公知识与操作问答，适合教程内容与GEO答案资产,,6.0,,,第三方工具-社区SEO,1,
8470,pdf怎么转成word,功能教程与知识,其他,办公知识与操作问答，适合教程内容与GEO答案资产,,6.0,,,第三方工具-社区SEO,1,
8471,word怎么弄目录,功能教程与知识,其他,办公知识与操作问答，适合教程内容与GEO答案资产,,6.0,,,第三方工具-社区SEO,1,
8472,word怎么整页复制,功能教程与知识,其他,办公知识与操作问答，适合教程内容与GEO答案资产,,6.0,,,第三方工具-社区SEO,1,
8473,word怎么整页删除,功能教程与知识,其他,办公知识与操作问答，适合教程内容与GEO答案资产,,6.0,,,第三方工具-社区SEO,1,
8474,word怎么插入空白页,功能教程与知识,其他,办公知识与操作问答，适合教程内容与GEO答案资产,,6.0,,,第三方工具-社区SEO,1,
8475,word怎么手写签名,功能教程与知识,其他,办公知识与操作问答，适合教程内容与GEO答案资产,,6.0,,,第三方工具-社区SEO,1,
8476,word怎么删除多余页,功能教程与知识,其他,办公知识与操作问答，适合教程内容与GEO答案资产,,6.0,,,第三方工具-社区SEO,1,
8477,word怎么删除空白页面,功能教程与知识,其他,办公知识与操作问答，适合教程内容与GEO答案资产,,6.0,,,第三方工具-社区SEO,1,
8478,word怎么加脚注,功能教程与知识,其他,办公知识与操作问答，适合教程内容与GEO答案资产,,6.0,,,第三方工具-社区SEO,1,
8479,word格式刷怎么用,功能教程与知识,其他,办公知识与操作问答，适合教程内容与GEO答案资产,,6.0,,,第三方工具-社区SEO,1,
8480,word字间距怎么设置,功能教程与知识,其他,办公知识与操作问答，适合教程内容与GEO答案资产,,6.0,,,第三方工具-社区SEO,1,
8481,如何删掉word空白页,功能教程与知识,其他,办公知识与操作问答，适合教程内容与GEO答案资产,,6.0,,,第三方工具-社区SEO,1,
8482,word怎么改背景颜色,功能教程与知识,其他,办公知识与操作问答，适合教程内容与GEO答案资产,,6.0,,,第三方工具-社区SEO,1,
8483,endnote怎么和word关联,功能教程与知识,其他,办公知识与操作问答，适合教程内容与GEO答案资产,,6.0,,,第三方工具-社区SEO,1,
8484,word怎么编号,功能教程与知识,其他,办公知识与操作问答，适合教程内容与GEO答案资产,,5.0,,,第三方工具-社区SEO,1,
8485,word怎么合并,功能教程与知识,其他,办公知识与操作问答，适合教程内容与GEO答案资产,,5.0,,,第三方工具-社区SEO,1,
8486,word如何分页,功能教程与知识,其他,办公知识与操作问答，适合教程内容与GEO答案资产,,5.0,,,第三方工具-社区SEO,1,
8487,word怎么显示页码,功能教程与知识,其他,办公知识与操作问答，适合教程内容与GEO答案资产,,5.0,,,第三方工具-社区SEO,1,
8488,word下划线怎么去掉,功能教程与知识,其他,办公知识与操作问答，适合教程内容与GEO答案资产,,5.0,,,第三方工具-社区SEO,1,
8489,word文档怎么压缩,功能教程与知识,其他,办公知识与操作问答，适合教程内容与GEO答案资产,,5.0,,,第三方工具-社区SEO,1,
8490,word怎么调字间距,功能教程与知识,其他,办公知识与操作问答，适合教程内容与GEO答案资产,,5.0,,,第三方工具-社区SEO,1,
8491,word中怎么删除空白页,功能教程与知识,其他,办公知识与操作问答，适合教程内容与GEO答案资产,,5.0,,,第三方工具-社区SEO,1,
8492,word怎么删掉空白页,功能教程与知识,其他,办公知识与操作问答，适合教程内容与GEO答案资产,,5.0,,,第三方工具-社区SEO,1,
8493,word怎么加批注,功能教程与知识,其他,办公知识与操作问答，适合教程内容与GEO答案资产,,5.0,,,第三方工具-社区SEO,1,
8494,word表格如何求和,功能教程与知识,其他,办公知识与操作问答，适合教程内容与GEO答案资产,,5.0,,,第三方工具-社区SEO,1,
8495,word怎么在方框里打勾,功能教程与知识,其他,办公知识与操作问答，适合教程内容与GEO答案资产,,5.0,,,第三方工具-社区SEO,1,
8496,word如何添加脚注,功能教程与知识,其他,办公知识与操作问答，适合教程内容与GEO答案资产,,5.0,,,第三方工具-社区SEO,1,
8497,word文字怎么旋转180度,功能教程与知识,其他,办公知识与操作问答，适合教程内容与GEO答案资产,,5.0,,,第三方工具-社区SEO,1,
8498,word不能复制粘贴的解决方法,功能教程与知识,其他,办公知识与操作问答，适合教程内容与GEO答案资产,,5.0,,,第三方工具-社区SEO,1,
8499,word设置行间距,功能教程与知识,其他,办公知识与操作问答，适合教程内容与GEO答案资产,,4.0,,,第三方工具-社区SEO,1,
8500,word如何全选,功能教程与知识,其他,办公知识与操作问答，适合教程内容与GEO答案资产,,4.0,,,第三方工具-社区SEO,1,
8501,word的空白页怎么删除,功能教程与知识,其他,办公知识与操作问答，适合教程内容与GEO答案资产,,4.0,,,第三方工具-社区SEO,1,
8502,word如何删除页码,功能教程与知识,其他,办公知识与操作问答，适合教程内容与GEO答案资产,,4.0,,,第三方工具-社区SEO,1,
8503,word里怎么打勾,功能教程与知识,其他,办公知识与操作问答，适合教程内容与GEO答案资产,,4.0,,,第三方工具-社区SEO,1,
8504,word怎么垂直居中,功能教程与知识,其他,办公知识与操作问答，适合教程内容与GEO答案资产,,4.0,,,第三方工具-社区SEO,1,
8505,word怎么复制整页,功能教程与知识,其他,办公知识与操作问答，适合教程内容与GEO答案资产,,4.0,,,第三方工具-社区SEO,1,
8506,word怎么显示空格,功能教程与知识,其他,办公知识与操作问答，适合教程内容与GEO答案资产,,4.0,,,第三方工具-社区SEO,1,
8507,word怎么查找替换,功能教程与知识,其他,办公知识与操作问答，适合教程内容与GEO答案资产,,4.0,,,第三方工具-社区SEO,1,
8508,word怎么删除页眉横线,功能教程与知识,其他,办公知识与操作问答，适合教程内容与GEO答案资产,,4.0,,,第三方工具-社区SEO,1,
8509,word怎么删除最后一页,功能教程与知识,其他,办公知识与操作问答，适合教程内容与GEO答案资产,,4.0,,,第三方工具-社区SEO,1,
8510,word怎么复制页面,功能教程与知识,其他,办公知识与操作问答，适合教程内容与GEO答案资产,,4.0,,,第三方工具-社区SEO,1,
8511,word如何做目录,功能教程与知识,其他,办公知识与操作问答，适合教程内容与GEO答案资产,,4.0,,,第三方工具-社区SEO,1,
8512,word怎么编辑目录,功能教程与知识,其他,办公知识与操作问答，适合教程内容与GEO答案资产,,4.0,,,第三方工具-社区SEO,1,
8513,word拼音怎么打出来,功能教程与知识,其他,办公知识与操作问答，适合教程内容与GEO答案资产,,4.0,,,第三方工具-社区SEO,1,
8514,word自动编号怎么设置,功能教程与知识,其他,办公知识与操作问答，适合教程内容与GEO答案资产,,4.0,,,第三方工具-社区SEO,1,
8515,word怎么打开目录,功能教程与知识,其他,办公知识与操作问答，适合教程内容与GEO答案资产,,4.0,,,第三方工具-社区SEO,1,
8516,怎么看word版本,功能教程与知识,其他,办公知识与操作问答，适合教程内容与GEO答案资产,,4.0,,,第三方工具-社区SEO,1,
8517,word怎么插入附件,功能教程与知识,其他,办公知识与操作问答，适合教程内容与GEO答案资产,,4.0,,,第三方工具-社区SEO,1,
8518,word怎么插入下划线,功能教程与知识,其他,办公知识与操作问答，适合教程内容与GEO答案资产,,4.0,,,第三方工具-社区SEO,1,
8519,word怎么显示分节符,功能教程与知识,其他,办公知识与操作问答，适合教程内容与GEO答案资产,,4.0,,,第三方工具-社区SEO,1,
8520,word行号怎么设置,功能教程与知识,其他,办公知识与操作问答，适合教程内容与GEO答案资产,,4.0,,,第三方工具-社区SEO,1,
8521,word怎么删除第一页空白页,功能教程与知识,其他,办公知识与操作问答，适合教程内容与GEO答案资产,,4.0,,,第三方工具-社区SEO,1,
8522,word怎么删除当前页,功能教程与知识,其他,办公知识与操作问答，适合教程内容与GEO答案资产,,4.0,,,第三方工具-社区SEO,1,
8523,怎么在word里打勾,功能教程与知识,其他,办公知识与操作问答，适合教程内容与GEO答案资产,,4.0,,,第三方工具-社区SEO,1,
8524,word自动删除后面的字怎么取消,功能教程与知识,其他,办公知识与操作问答，适合教程内容与GEO答案资产,,4.0,,,第三方工具-社区SEO,1,
8525,word怎么显示批注,功能教程与知识,其他,办公知识与操作问答，适合教程内容与GEO答案资产,,3.0,,,第三方工具-社区SEO,1,
8526,word怎么插入excel,功能教程与知识,其他,办公知识与操作问答，适合教程内容与GEO答案资产,,3.0,,,第三方工具-社区SEO,1,
8527,word如何删除空行,功能教程与知识,其他,办公知识与操作问答，适合教程内容与GEO答案资产,,3.0,,,第三方工具-社区SEO,1,
8528,word设置默认字体,功能教程与知识,其他,办公知识与操作问答，适合教程内容与GEO答案资产,,3.0,,,第三方工具-社区SEO,1,
8529,word怎么设置默认字体,功能教程与知识,其他,办公知识与操作问答，适合教程内容与GEO答案资产,,3.0,,,第三方工具-社区SEO,1,
8530,word中如何删除页眉横线,功能教程与知识,其他,办公知识与操作问答，适合教程内容与GEO答案资产,,3.0,,,第三方工具-社区SEO,1,
8531,word文档恢复,功能教程与知识,其他,办公知识与操作问答，适合教程内容与GEO答案资产,,2.0,,,第三方工具-社区SEO,1,
8532,word怎么新建文档,功能教程与知识,其他,办公知识与操作问答，适合教程内容与GEO答案资产,,,,,第三方工具-社区SEO,1,
8533,word怎么删除空白页,功能教程与知识,知识教程/可植入WPS,办公知识与操作问答，适合教程内容与GEO答案资产,,4739.0,180000.0,,第三方工具-社区SEO、GEO需求机会表,2,S
8534,excel数据透视表怎么做,功能教程与知识,知识教程/可植入WPS,办公知识与操作问答，适合教程内容与GEO答案资产,,87.0,140000.0,,第三方工具-社区SEO、GEO需求机会表,2,A
8535,excel怎么筛选,功能教程与知识,知识教程/可植入WPS,办公知识与操作问答，适合教程内容与GEO答案资产,,192.0,140000.0,,第三方工具-社区SEO、GEO需求机会表,2,A
8536,excel怎么合并单元格,功能教程与知识,知识教程/可植入WPS,办公知识与操作问答，适合教程内容与GEO答案资产,,464.0,130000.0,,第三方工具-社区SEO、GEO需求机会表,2,A
8537,excel怎么排序,功能教程与知识,知识教程/可植入WPS,办公知识与操作问答，适合教程内容与GEO答案资产,,36.0,140000.0,,第三方工具-社区SEO、GEO需求机会表,2,A
8538,word目录怎么自动生成,功能教程与知识,知识教程/可植入WPS,办公知识与操作问答，适合教程内容与GEO答案资产,,192.0,160000.0,,第三方工具-社区SEO、GEO需求机会表,2,S
8539,ppt怎么自动播放,功能教程与知识,知识教程/可植入WPS,办公知识与操作问答，适合教程内容与GEO答案资产,,18.0,90000.0,,第三方工具-社区SEO、GEO需求机会表,2,A
8540,word怎么分页,功能教程与知识,知识教程/可植入WPS,办公知识与操作问答，适合教程内容与GEO答案资产,,148.0,120000.0,,第三方工具-社区SEO、GEO需求机会表,2,A
8541,ppt怎么插入视频,功能教程与知识,知识教程/可植入WPS,办公知识与操作问答，适合教程内容与GEO答案资产,,405.0,100000.0,,第三方工具-社区SEO、GEO需求机会表,2,A
8542,ppt怎么压缩大小,功能教程与知识,知识教程/可植入WPS,办公知识与操作问答，适合教程内容与GEO答案资产,,4.0,130000.0,,第三方工具-社区SEO、GEO需求机会表,2,A
8543,vlookup函数怎么用,功能教程与知识,知识教程/可植入WPS,办公知识与操作问答，适合教程内容与GEO答案资产,,,180000.0,,GEO需求机会表,1,S
8544,图片转换成文字怎么弄,功能教程与知识,知识教程/可植入WPS,办公知识与操作问答，适合教程内容与GEO答案资产,,,180000.0,,GEO需求机会表,1,S
8545,Excel函数公式大全,功能教程与知识,知识教程/可植入WPS,办公知识与操作问答，适合教程内容与GEO答案资产,,,160000.0,,GEO需求机会表,1,S
8546,if函数怎么用,功能教程与知识,知识教程/可植入WPS,办公知识与操作问答，适合教程内容与GEO答案资产,,,160000.0,,GEO需求机会表,1,S
8547,图片转换成word怎么弄,功能教程与知识,知识教程/可植入WPS,办公知识与操作问答，适合教程内容与GEO答案资产,,,150000.0,,GEO需求机会表,1,S
8548,sumif函数怎么用,功能教程与知识,知识教程/可植入WPS,办公知识与操作问答，适合教程内容与GEO答案资产,,,140000.0,,GEO需求机会表,1,A
8549,word页码从第三页开始怎么设置,功能教程与知识,知识教程/可植入WPS,办公知识与操作问答，适合教程内容与GEO答案资产,,,140000.0,,GEO需求机会表,1,A
8550,countif函数怎么用,功能教程与知识,知识教程/可植入WPS,办公知识与操作问答，适合教程内容与GEO答案资产,,,130000.0,,GEO需求机会表,1,A
8551,ppt怎么转pdf,功能教程与知识,知识教程/可植入WPS,办公知识与操作问答，适合教程内容与GEO答案资产,,,130000.0,,GEO需求机会表,1,A
8552,word分页怎么设置,功能教程与知识,知识教程/可植入WPS,办公知识与操作问答，适合教程内容与GEO答案资产,,,130000.0,,GEO需求机会表,1,A
8553,word行距怎么调整,功能教程与知识,知识教程/可植入WPS,办公知识与操作问答，适合教程内容与GEO答案资产,,,130000.0,,GEO需求机会表,1,A
8554,xlookup函数怎么用,功能教程与知识,知识教程/可植入WPS,办公知识与操作问答，适合教程内容与GEO答案资产,,,130000.0,,GEO需求机会表,1,A
8555,常用表格函数有哪些,功能教程与知识,知识教程/可植入WPS,办公知识与操作问答，适合教程内容与GEO答案资产,,,130000.0,,GEO需求机会表,1,A
8556,excel下拉选项怎么设置,功能教程与知识,知识教程/可植入WPS,办公知识与操作问答，适合教程内容与GEO答案资产,,,120000.0,,GEO需求机会表,1,A
8557,excel怎么冻结窗口,功能教程与知识,知识教程/可植入WPS,办公知识与操作问答，适合教程内容与GEO答案资产,,,120000.0,,GEO需求机会表,1,A
8558,excel重复值怎么筛选,功能教程与知识,知识教程/可植入WPS,办公知识与操作问答，适合教程内容与GEO答案资产,,,120000.0,,GEO需求机会表,1,A
8559,rank函数怎么用,功能教程与知识,知识教程/可植入WPS,办公知识与操作问答，适合教程内容与GEO答案资产,,,120000.0,,GEO需求机会表,1,A
8560,sumifs函数怎么用,功能教程与知识,知识教程/可植入WPS,办公知识与操作问答，适合教程内容与GEO答案资产,,,120000.0,,GEO需求机会表,1,A
8561,word图片不显示怎么办,功能教程与知识,知识教程/可植入WPS,办公知识与操作问答，适合教程内容与GEO答案资产,,,120000.0,,GEO需求机会表,1,A
8562,word怎么设置页眉页脚,功能教程与知识,知识教程/可植入WPS,办公知识与操作问答，适合教程内容与GEO答案资产,,,120000.0,,GEO需求机会表,1,A
8563,表格求和公式怎么用,功能教程与知识,知识教程/可植入WPS,办公知识与操作问答，适合教程内容与GEO答案资产,,,120000.0,,GEO需求机会表,1,A
8564,countifs函数怎么用,功能教程与知识,知识教程/可植入WPS,办公知识与操作问答，适合教程内容与GEO答案资产,,,110000.0,,GEO需求机会表,1,A
8565,word首行缩进怎么设置,功能教程与知识,知识教程/可植入WPS,办公知识与操作问答，适合教程内容与GEO答案资产,,,110000.0,,GEO需求机会表,1,A
8566,index match函数怎么用,功能教程与知识,知识教程/可植入WPS,办公知识与操作问答，适合教程内容与GEO答案资产,,,100000.0,,GEO需求机会表,1,A
8567,rank函数排名怎么用,功能教程与知识,知识教程/可植入WPS,办公知识与操作问答，适合教程内容与GEO答案资产,,,100000.0,,GEO需求机会表,1,A
8568,word图片怎么排版,功能教程与知识,知识教程/可植入WPS,办公知识与操作问答，适合教程内容与GEO答案资产,,,100000.0,,GEO需求机会表,1,A
8569,表格排名公式怎么用,功能教程与知识,知识教程/可植入WPS,办公知识与操作问答，适合教程内容与GEO答案资产,,,100000.0,,GEO需求机会表,1,A
8570,表格百分比公式怎么设置,功能教程与知识,知识教程/可植入WPS,办公知识与操作问答，适合教程内容与GEO答案资产,,,100000.0,,GEO需求机会表,1,A
8571,WPS表格vlookup函数怎么用,功能教程与知识,知识教程/可植入WPS,办公知识与操作问答，适合教程内容与GEO答案资产,,,99000.0,,GEO需求机会表,1,A
8572,datedif函数怎么用,功能教程与知识,知识教程/可植入WPS,办公知识与操作问答，适合教程内容与GEO答案资产,,,90000.0,,GEO需求机会表,1,A
8573,lookup函数怎么用,功能教程与知识,知识教程/可植入WPS,办公知识与操作问答，适合教程内容与GEO答案资产,,,90000.0,,GEO需求机会表,1,A
8574,match函数怎么用,功能教程与知识,知识教程/可植入WPS,办公知识与操作问答，适合教程内容与GEO答案资产,,,90000.0,,GEO需求机会表,1,A
8575,ppt怎么导出图片,功能教程与知识,知识教程/可植入WPS,办公知识与操作问答，适合教程内容与GEO答案资产,,,90000.0,,GEO需求机会表,1,A
8576,ppt怎么设置动画顺序,功能教程与知识,知识教程/可植入WPS,办公知识与操作问答，适合教程内容与GEO答案资产,,,90000.0,,GEO需求机会表,1,A
8577,round函数怎么用,功能教程与知识,知识教程/可植入WPS,办公知识与操作问答，适合教程内容与GEO答案资产,,,90000.0,,GEO需求机会表,1,A
8578,subtotal函数怎么用,功能教程与知识,知识教程/可植入WPS,办公知识与操作问答，适合教程内容与GEO答案资产,,,90000.0,,GEO需求机会表,1,A
8579,text函数怎么用,功能教程与知识,知识教程/可植入WPS,办公知识与操作问答，适合教程内容与GEO答案资产,,,90000.0,,GEO需求机会表,1,A
8580,wps公式,功能教程与知识,知识教程/可植入WPS,办公知识与操作问答，适合教程内容与GEO答案资产,,,90000.0,,GEO需求机会表,1,A
8581,wps函数,功能教程与知识,知识教程/可植入WPS,办公知识与操作问答，适合教程内容与GEO答案资产,,,90000.0,,GEO需求机会表,1,A
8582,wps排序,功能教程与知识,知识教程/可植入WPS,办公知识与操作问答，适合教程内容与GEO答案资产,,,90000.0,,GEO需求机会表,1,A
8583,wps求和,功能教程与知识,知识教程/可植入WPS,办公知识与操作问答，适合教程内容与GEO答案资产,,,90000.0,,GEO需求机会表,1,A
8584,wps筛选,功能教程与知识,知识教程/可植入WPS,办公知识与操作问答，适合教程内容与GEO答案资产,,,90000.0,,GEO需求机会表,1,A
8585,wps页码,功能教程与知识,知识教程/可植入WPS,办公知识与操作问答，适合教程内容与GEO答案资产,,,90000.0,,GEO需求机会表,1,A
8586,WPS表格Excel函数公式大全,功能教程与知识,知识教程/可植入WPS,办公知识与操作问答，适合教程内容与GEO答案资产,,,88000.0,,GEO需求机会表,1,A
8587,WPS表格if函数怎么用,功能教程与知识,知识教程/可植入WPS,办公知识与操作问答，适合教程内容与GEO答案资产,,,88000.0,,GEO需求机会表,1,A
8588,date函数怎么用,功能教程与知识,知识教程/可植入WPS,办公知识与操作问答，适合教程内容与GEO答案资产,,,80000.0,,GEO需求机会表,1,A
8589,left函数怎么用,功能教程与知识,知识教程/可植入WPS,办公知识与操作问答，适合教程内容与GEO答案资产,,,80000.0,,GEO需求机会表,1,A
8590,mid函数怎么用,功能教程与知识,知识教程/可植入WPS,办公知识与操作问答，适合教程内容与GEO答案资产,,,80000.0,,GEO需求机会表,1,A
8591,right函数怎么用,功能教程与知识,知识教程/可植入WPS,办公知识与操作问答，适合教程内容与GEO答案资产,,,80000.0,,GEO需求机会表,1,A
8592,wps删除空白页,功能教程与知识,知识教程/可植入WPS,办公知识与操作问答，适合教程内容与GEO答案资产,,,80000.0,,GEO需求机会表,1,A
8593,wps删除空白页怎么删,功能教程与知识,知识教程/可植入WPS,办公知识与操作问答，适合教程内容与GEO答案资产,,,80000.0,,GEO需求机会表,1,A
8594,wps如何删除空白页,功能教程与知识,知识教程/可植入WPS,办公知识与操作问答，适合教程内容与GEO答案资产,,,80000.0,,GEO需求机会表,1,A
8595,wps怎么删除多余的空白页,功能教程与知识,知识教程/可植入WPS,办公知识与操作问答，适合教程内容与GEO答案资产,,,80000.0,,GEO需求机会表,1,A
8596,wps怎么自动生成目录,功能教程与知识,知识教程/可植入WPS,办公知识与操作问答，适合教程内容与GEO答案资产,,,80000.0,,GEO需求机会表,1,A
8597,WPS表格sumif函数怎么用,功能教程与知识,知识教程/可植入WPS,办公知识与操作问答，适合教程内容与GEO答案资产,,,77000.0,,GEO需求机会表,1,B
8598,WPS表格countif函数怎么用,功能教程与知识,知识教程/可植入WPS,办公知识与操作问答，适合教程内容与GEO答案资产,,,71500.0,,GEO需求机会表,1,B
8599,WPS表格xlookup函数怎么用,功能教程与知识,知识教程/可植入WPS,办公知识与操作问答，适合教程内容与GEO答案资产,,,71500.0,,GEO需求机会表,1,B
8600,WPS表格常用表格函数有哪些,功能教程与知识,知识教程/可植入WPS,办公知识与操作问答，适合教程内容与GEO答案资产,,,71500.0,,GEO需求机会表,1,B
8601,WPS表格rank函数怎么用,功能教程与知识,知识教程/可植入WPS,办公知识与操作问答，适合教程内容与GEO答案资产,,,66000.0,,GEO需求机会表,1,B
8602,WPS表格sumifs函数怎么用,功能教程与知识,知识教程/可植入WPS,办公知识与操作问答，适合教程内容与GEO答案资产,,,66000.0,,GEO需求机会表,1,B
8603,WPS表格表格求和公式怎么用,功能教程与知识,知识教程/可植入WPS,办公知识与操作问答，适合教程内容与GEO答案资产,,,66000.0,,GEO需求机会表,1,B
8604,wps合并单元格,功能教程与知识,知识教程/可植入WPS,办公知识与操作问答，适合教程内容与GEO答案资产,,,65000.0,,GEO需求机会表,1,B
8605,wps怎么求和,功能教程与知识,知识教程/可植入WPS,办公知识与操作问答，适合教程内容与GEO答案资产,,,65000.0,,GEO需求机会表,1,B
8606,wps换行,功能教程与知识,知识教程/可植入WPS,办公知识与操作问答，适合教程内容与GEO答案资产,,,65000.0,,GEO需求机会表,1,B
8607,wps水印,功能教程与知识,知识教程/可植入WPS,办公知识与操作问答，适合教程内容与GEO答案资产,,,65000.0,,GEO需求机会表,1,B
8608,wps生成目录,功能教程与知识,知识教程/可植入WPS,办公知识与操作问答，适合教程内容与GEO答案资产,,,65000.0,,GEO需求机会表,1,B
8609,wps行距,功能教程与知识,知识教程/可植入WPS,办公知识与操作问答，适合教程内容与GEO答案资产,,,65000.0,,GEO需求机会表,1,B
8610,WPS表格countifs函数怎么用,功能教程与知识,知识教程/可植入WPS,办公知识与操作问答，适合教程内容与GEO答案资产,,,60500.0,,GEO需求机会表,1,B
8611,wps去水印,功能教程与知识,知识教程/可植入WPS,办公知识与操作问答，适合教程内容与GEO答案资产,,,60000.0,,GEO需求机会表,1,B
8612,wps取消自动编号,功能教程与知识,知识教程/可植入WPS,办公知识与操作问答，适合教程内容与GEO答案资产,,,60000.0,,GEO需求机会表,1,B
8613,wps合并单元格快捷键,功能教程与知识,知识教程/可植入WPS,办公知识与操作问答，适合教程内容与GEO答案资产,,,60000.0,,GEO需求机会表,1,B
8614,wps如何自动生成目录,功能教程与知识,知识教程/可植入WPS,办公知识与操作问答，适合教程内容与GEO答案资产,,,60000.0,,GEO需求机会表,1,B
8615,wps插入目录,功能教程与知识,知识教程/可植入WPS,办公知识与操作问答，适合教程内容与GEO答案资产,,,60000.0,,GEO需求机会表,1,B
8616,wps最后一页空白页怎么删除不了,功能教程与知识,知识教程/可植入WPS,办公知识与操作问答，适合教程内容与GEO答案资产,,,60000.0,,GEO需求机会表,1,B
8617,wps目录,功能教程与知识,知识教程/可植入WPS,办公知识与操作问答，适合教程内容与GEO答案资产,,,60000.0,,GEO需求机会表,1,B
8618,wps空白页怎么删除,功能教程与知识,知识教程/可植入WPS,办公知识与操作问答，适合教程内容与GEO答案资产,,,60000.0,,GEO需求机会表,1,B
8619,WPS表格index match函数怎么用,功能教程与知识,知识教程/可植入WPS,办公知识与操作问答，适合教程内容与GEO答案资产,,,55000.0,,GEO需求机会表,1,B
8620,WPS表格rank函数排名怎么用,功能教程与知识,知识教程/可植入WPS,办公知识与操作问答，适合教程内容与GEO答案资产,,,55000.0,,GEO需求机会表,1,B
8621,WPS表格表格排名公式怎么用,功能教程与知识,知识教程/可植入WPS,办公知识与操作问答，适合教程内容与GEO答案资产,,,55000.0,,GEO需求机会表,1,B
8622,WPS表格表格百分比公式怎么设置,功能教程与知识,知识教程/可植入WPS,办公知识与操作问答，适合教程内容与GEO答案资产,,,55000.0,,GEO需求机会表,1,B
8623,WPS表格datedif函数怎么用,功能教程与知识,知识教程/可植入WPS,办公知识与操作问答，适合教程内容与GEO答案资产,,,49500.0,,GEO需求机会表,1,B
8624,WPS表格lookup函数怎么用,功能教程与知识,知识教程/可植入WPS,办公知识与操作问答，适合教程内容与GEO答案资产,,,49500.0,,GEO需求机会表,1,B
8625,WPS表格match函数怎么用,功能教程与知识,知识教程/可植入WPS,办公知识与操作问答，适合教程内容与GEO答案资产,,,49500.0,,GEO需求机会表,1,B
8626,WPS表格round函数怎么用,功能教程与知识,知识教程/可植入WPS,办公知识与操作问答，适合教程内容与GEO答案资产,,,49500.0,,GEO需求机会表,1,B
8627,WPS表格subtotal函数怎么用,功能教程与知识,知识教程/可植入WPS,办公知识与操作问答，适合教程内容与GEO答案资产,,,49500.0,,GEO需求机会表,1,B
8628,WPS表格text函数怎么用,功能教程与知识,知识教程/可植入WPS,办公知识与操作问答，适合教程内容与GEO答案资产,,,49500.0,,GEO需求机会表,1,B
8629,WPS表格date函数怎么用,功能教程与知识,知识教程/可植入WPS,办公知识与操作问答，适合教程内容与GEO答案资产,,,44000.0,,GEO需求机会表,1,B
8630,WPS表格left函数怎么用,功能教程与知识,知识教程/可植入WPS,办公知识与操作问答，适合教程内容与GEO答案资产,,,44000.0,,GEO需求机会表,1,B
8631,WPS表格mid函数怎么用,功能教程与知识,知识教程/可植入WPS,办公知识与操作问答，适合教程内容与GEO答案资产,,,44000.0,,GEO需求机会表,1,B
8632,WPS表格right函数怎么用,功能教程与知识,知识教程/可植入WPS,办公知识与操作问答，适合教程内容与GEO答案资产,,,44000.0,,GEO需求机会表,1,B
8633,wps 插入页码,功能教程与知识,知识教程/可植入WPS,办公知识与操作问答，适合教程内容与GEO答案资产,,,35000.0,,GEO需求机会表,1,B
8634,wps公式编辑器,功能教程与知识,知识教程/可植入WPS,办公知识与操作问答，适合教程内容与GEO答案资产,,,35000.0,,GEO需求机会表,1,B
8635,wps删除分页符,功能教程与知识,知识教程/可植入WPS,办公知识与操作问答，适合教程内容与GEO答案资产,,,35000.0,,GEO需求机会表,1,B
8636,wps删除页眉,功能教程与知识,知识教程/可植入WPS,办公知识与操作问答，适合教程内容与GEO答案资产,,,35000.0,,GEO需求机会表,1,B
8637,wps加水印,功能教程与知识,知识教程/可植入WPS,办公知识与操作问答，适合教程内容与GEO答案资产,,,35000.0,,GEO需求机会表,1,B
8638,wps去除水印,功能教程与知识,知识教程/可植入WPS,办公知识与操作问答，适合教程内容与GEO答案资产,,,35000.0,,GEO需求机会表,1,B
8639,wps如何生成目录,功能教程与知识,知识教程/可植入WPS,办公知识与操作问答，适合教程内容与GEO答案资产,,,35000.0,,GEO需求机会表,1,B
8640,wps怎么做目录,功能教程与知识,知识教程/可植入WPS,办公知识与操作问答，适合教程内容与GEO答案资产,,,35000.0,,GEO需求机会表,1,B
8641,wps怎么生成目录,功能教程与知识,知识教程/可植入WPS,办公知识与操作问答，适合教程内容与GEO答案资产,,,35000.0,,GEO需求机会表,1,B
8642,wps更新目录,功能教程与知识,知识教程/可植入WPS,办公知识与操作问答，适合教程内容与GEO答案资产,,,35000.0,,GEO需求机会表,1,B
8643,wps水印怎么去掉,功能教程与知识,知识教程/可植入WPS,办公知识与操作问答，适合教程内容与GEO答案资产,,,35000.0,,GEO需求机会表,1,B
8644,wps求和公式,功能教程与知识,知识教程/可植入WPS,办公知识与操作问答，适合教程内容与GEO答案资产,,,35000.0,,GEO需求机会表,1,B
8645,wps目录怎么自动生成,功能教程与知识,知识教程/可植入WPS,办公知识与操作问答，适合教程内容与GEO答案资产,,,35000.0,,GEO需求机会表,1,B
8646,wps目录怎么自动生成目录,功能教程与知识,知识教程/可植入WPS,办公知识与操作问答，适合教程内容与GEO答案资产,,,35000.0,,GEO需求机会表,1,B
8647,wps空白页删除,功能教程与知识,知识教程/可植入WPS,办公知识与操作问答，适合教程内容与GEO答案资产,,,35000.0,,GEO需求机会表,1,B
8648,wps自动换行,功能教程与知识,知识教程/可植入WPS,办公知识与操作问答，适合教程内容与GEO答案资产,,,35000.0,,GEO需求机会表,1,B
8649,wps自动编号,功能教程与知识,知识教程/可植入WPS,办公知识与操作问答，适合教程内容与GEO答案资产,,,35000.0,,GEO需求机会表,1,B
8650,wps页码怎么设置,功能教程与知识,知识教程/可植入WPS,办公知识与操作问答，适合教程内容与GEO答案资产,,,35000.0,,GEO需求机会表,1,B
8651,删除空白页wps,功能教程与知识,知识教程/可植入WPS,办公知识与操作问答，适合教程内容与GEO答案资产,,,35000.0,,GEO需求机会表,1,B
8652,如何删除wps空白页,功能教程与知识,知识教程/可植入WPS,办公知识与操作问答，适合教程内容与GEO答案资产,,,35000.0,,GEO需求机会表,1,B
8653,怎么删除空白页wps,功能教程与知识,知识教程/可植入WPS,办公知识与操作问答，适合教程内容与GEO答案资产,,,35000.0,,GEO需求机会表,1,B
8654,wps如何插入目录,功能教程与知识,知识教程/可植入WPS,办公知识与操作问答，适合教程内容与GEO答案资产,,,20000.0,,GEO需求机会表,1,C
8655,wps如何显示分页符,功能教程与知识,知识教程/可植入WPS,办公知识与操作问答，适合教程内容与GEO答案资产,,,20000.0,,GEO需求机会表,1,C
8656,wps怎么删除分页符,功能教程与知识,知识教程/可植入WPS,办公知识与操作问答，适合教程内容与GEO答案资产,,,20000.0,,GEO需求机会表,1,C
8657,wps怎么取消自动编号,功能教程与知识,知识教程/可植入WPS,办公知识与操作问答，适合教程内容与GEO答案资产,,,20000.0,,GEO需求机会表,1,C
8658,wps怎么插入目录,功能教程与知识,知识教程/可植入WPS,办公知识与操作问答，适合教程内容与GEO答案资产,,,20000.0,,GEO需求机会表,1,C
8659,wps换行快捷键,功能教程与知识,知识教程/可植入WPS,办公知识与操作问答，适合教程内容与GEO答案资产,,,20000.0,,GEO需求机会表,1,C
8660,wps插入水印,功能教程与知识,知识教程/可植入WPS,办公知识与操作问答，适合教程内容与GEO答案资产,,,20000.0,,GEO需求机会表,1,C
8661,wps显示分页符,功能教程与知识,知识教程/可植入WPS,办公知识与操作问答，适合教程内容与GEO答案资产,,,20000.0,,GEO需求机会表,1,C
8662,wps求和快捷键,功能教程与知识,知识教程/可植入WPS,办公知识与操作问答，适合教程内容与GEO答案资产,,,20000.0,,GEO需求机会表,1,C
8663,wps求和怎么操作,功能教程与知识,知识教程/可植入WPS,办公知识与操作问答，适合教程内容与GEO答案资产,,,20000.0,,GEO需求机会表,1,C
8664,wps空白页删不掉,功能教程与知识,知识教程/可植入WPS,办公知识与操作问答，适合教程内容与GEO答案资产,,,20000.0,,GEO需求机会表,1,C
8665,wps自动换行在哪里,功能教程与知识,知识教程/可植入WPS,办公知识与操作问答，适合教程内容与GEO答案资产,,,20000.0,,GEO需求机会表,1,C
8666,wps行距在哪里设置,功能教程与知识,知识教程/可植入WPS,办公知识与操作问答，适合教程内容与GEO答案资产,,,20000.0,,GEO需求机会表,1,C
8667,wps页脚横线怎么删除,功能教程与知识,知识教程/可植入WPS,办公知识与操作问答，适合教程内容与GEO答案资产,,,20000.0,,GEO需求机会表,1,C
8668,wps函数公式大全及使用方法,功能教程与知识,知识教程/可植入WPS,办公知识与操作问答，适合教程内容与GEO答案资产,,,18000.0,,GEO需求机会表,1,C
8669,wps怎么换行,功能教程与知识,知识教程/可植入WPS,办公知识与操作问答，适合教程内容与GEO答案资产,,,18000.0,,GEO需求机会表,1,C
8670,wps最后一页空白页删不掉,功能教程与知识,知识教程/可植入WPS,办公知识与操作问答，适合教程内容与GEO答案资产,,,18000.0,,GEO需求机会表,1,C
8671,如何删除空白页wps最后一页,功能教程与知识,知识教程/可植入WPS,办公知识与操作问答，适合教程内容与GEO答案资产,,,18000.0,,GEO需求机会表,1,C
8672,pdf在线转换word,格式转换与文档处理,PDF互转,PDF/Word/PPT/图片互转与处理，适合工具页与教程,,9.0,,,百度搜索联想/相关搜索、第三方工具-社区SEO,2,
8673,pdf转word在线,格式转换与文档处理,PDF互转,PDF/Word/PPT/图片互转与处理，适合工具页与教程,,195.0,,,百度搜索联想/相关搜索、第三方工具-社区SEO,2,
8674,pdf转word在线转换免费,格式转换与文档处理,PDF互转,PDF/Word/PPT/图片互转与处理，适合工具页与教程,,410.0,,,百度搜索联想/相关搜索、第三方工具-社区SEO,2,
8675,pdf转word网站,格式转换与文档处理,PDF互转,PDF/Word/PPT/图片互转与处理，适合工具页与教程,,3.0,,,百度搜索联想/相关搜索、第三方工具-社区SEO,2,
8676,怎么把pdf转换成word,格式转换与文档处理,PDF互转,PDF/Word/PPT/图片互转与处理，适合工具页与教程,,348.0,,,百度搜索联想/相关搜索、第三方工具-社区SEO,2,
8677,PDF转word软件,格式转换与文档处理,PDF互转,PDF/Word/PPT/图片互转与处理，适合工具页与教程,,,,,百度搜索联想/相关搜索,1,
8678,PDF转换成WORD免费软件,格式转换与文档处理,PDF互转,PDF/Word/PPT/图片互转与处理，适合工具页与教程,,,,,百度搜索联想/相关搜索,1,
8679,pdf365在线转换,格式转换与文档处理,PDF互转,PDF/Word/PPT/图片互转与处理，适合工具页与教程,,,,,百度搜索联想/相关搜索,1,
8680,pdf怎么免费转换成word文档,格式转换与文档处理,PDF互转,PDF/Word/PPT/图片互转与处理，适合工具页与教程,,,,,百度搜索联想/相关搜索,1,
8681,pdf转word免费的软件,格式转换与文档处理,PDF互转,PDF/Word/PPT/图片互转与处理，适合工具页与教程,,,,,百度搜索联想/相关搜索,1,
8682,pdf转word免费网站,格式转换与文档处理,PDF互转,PDF/Word/PPT/图片互转与处理，适合工具页与教程,,,,,百度搜索联想/相关搜索,1,
8683,pdf转word后排版乱了,格式转换与文档处理,PDF互转,PDF/Word/PPT/图片互转与处理，适合工具页与教程,,,,,百度搜索联想/相关搜索,1,
8684,pdf转word怎么保留原排版,格式转换与文档处理,PDF互转,PDF/Word/PPT/图片互转与处理，适合工具页与教程,,,,,百度搜索联想/相关搜索,1,
8685,pdf转word怎么转换,格式转换与文档处理,PDF互转,PDF/Word/PPT/图片互转与处理，适合工具页与教程,,,,,百度搜索联想/相关搜索,1,
8686,pdf转word文档怎么免费转,格式转换与文档处理,PDF互转,PDF/Word/PPT/图片互转与处理，适合工具页与教程,,,,,百度搜索联想/相关搜索,1,
8687,pdf转word最简单方法,格式转换与文档处理,PDF互转,PDF/Word/PPT/图片互转与处理，适合工具页与教程,,,,,百度搜索联想/相关搜索,1,
8688,pdf转word有密码怎么办,格式转换与文档处理,PDF互转,PDF/Word/PPT/图片互转与处理，适合工具页与教程,,,,,百度搜索联想/相关搜索,1,
8689,pdf转word格式乱了怎么调整,格式转换与文档处理,PDF互转,PDF/Word/PPT/图片互转与处理，适合工具页与教程,,,,,百度搜索联想/相关搜索,1,
8690,pdf转换成word免费版网页版,格式转换与文档处理,PDF互转,PDF/Word/PPT/图片互转与处理，适合工具页与教程,,,,,百度搜索联想/相关搜索,1,
8691,手机pdf转换成word免费版,格式转换与文档处理,PDF互转,PDF/Word/PPT/图片互转与处理，适合工具页与教程,,,,,百度搜索联想/相关搜索,1,
8692,ofd文件转换成pdf格式,格式转换与文档处理,PDF互转,PDF/Word/PPT/图片互转与处理，适合工具页与教程,2.0,,,,百度统计真实流量,1,
8693,ofd转换成pdf,格式转换与文档处理,PDF互转,PDF/Word/PPT/图片互转与处理，适合工具页与教程,1.0,,,,百度统计真实流量,1,
8694,ofd在线转换pdf,格式转换与文档处理,PDF互转,PDF/Word/PPT/图片互转与处理，适合工具页与教程,1.0,,,,百度统计真实流量,1,
8695,ofd在线转pdf,格式转换与文档处理,PDF互转,PDF/Word/PPT/图片互转与处理，适合工具页与教程,1.0,,,,百度统计真实流量,1,
8696,在线pdf转换网站,格式转换与文档处理,PDF互转,PDF/Word/PPT/图片互转与处理，适合工具页与教程,1.0,,,,百度统计真实流量,1,
8697,pdf转换器免费版,格式转换与文档处理,PDF互转,PDF/Word/PPT/图片互转与处理，适合工具页与教程,,3631.0,,,第三方工具-社区SEO,1,
8698,pdf转word,格式转换与文档处理,PDF互转,PDF/Word/PPT/图片互转与处理，适合工具页与教程,,1335.0,,,第三方工具-社区SEO,1,
8699,caj转pdf,格式转换与文档处理,PDF互转,PDF/Word/PPT/图片互转与处理，适合工具页与教程,,1335.0,,,第三方工具-社区SEO,1,
8700,pdf怎么转换成word,格式转换与文档处理,PDF互转,PDF/Word/PPT/图片互转与处理，适合工具页与教程,,2321.0,,,第三方工具-社区SEO,1,
8701,pdf转换成word免费,格式转换与文档处理,PDF互转,PDF/Word/PPT/图片互转与处理，适合工具页与教程,,700.0,,,第三方工具-社区SEO,1,
8702,PDF转换成WORD,格式转换与文档处理,PDF互转,PDF/Word/PPT/图片互转与处理，适合工具页与教程,,1480.0,,,第三方工具-社区SEO,1,
8703,pdf转换成jpg,格式转换与文档处理,PDF互转,PDF/Word/PPT/图片互转与处理，适合工具页与教程,,1085.0,,,第三方工具-社区SEO,1,
8704,dwg转pdf,格式转换与文档处理,PDF互转,PDF/Word/PPT/图片互转与处理，适合工具页与教程,,2049.0,,,第三方工具-社区SEO,1,
8705,word转pdf,格式转换与文档处理,PDF互转,PDF/Word/PPT/图片互转与处理，适合工具页与教程,,843.0,,,第三方工具-社区SEO,1,
8706,pdf转换cad,格式转换与文档处理,PDF互转,PDF/Word/PPT/图片互转与处理，适合工具页与教程,,843.0,,,第三方工具-社区SEO,1,
8707,djvu转pdf,格式转换与文档处理,PDF互转,PDF/Word/PPT/图片互转与处理，适合工具页与教程,,397.0,,,第三方工具-社区SEO,1,
8708,pdf转换软件,格式转换与文档处理,PDF互转,PDF/Word/PPT/图片互转与处理，适合工具页与教程,,309.0,,,第三方工具-社区SEO,1,
8709,epub转换pdf,格式转换与文档处理,PDF互转,PDF/Word/PPT/图片互转与处理，适合工具页与教程,,531.0,,,第三方工具-社区SEO,1,
8710,pdf转换成excel,格式转换与文档处理,PDF互转,PDF/Word/PPT/图片互转与处理，适合工具页与教程,,616.0,,,第三方工具-社区SEO,1,
8711,pdf转excel,格式转换与文档处理,PDF互转,PDF/Word/PPT/图片互转与处理，适合工具页与教程,,383.0,,,第三方工具-社区SEO,1,
8712,照片转换为pdf,格式转换与文档处理,PDF互转,PDF/Word/PPT/图片互转与处理，适合工具页与教程,,383.0,,,第三方工具-社区SEO,1,
8713,pdg转pdf,格式转换与文档处理,PDF互转,PDF/Word/PPT/图片互转与处理，适合工具页与教程,,413.0,,,第三方工具-社区SEO,1,
8714,手机照片转pdf,格式转换与文档处理,PDF互转,PDF/Word/PPT/图片互转与处理，适合工具页与教程,,296.0,,,第三方工具-社区SEO,1,
8715,word转pdf怎么转,格式转换与文档处理,PDF互转,PDF/Word/PPT/图片互转与处理，适合工具页与教程,,286.0,,,第三方工具-社区SEO,1,
8716,cad转换pdf,格式转换与文档处理,PDF互转,PDF/Word/PPT/图片互转与处理，适合工具页与教程,,424.0,,,第三方工具-社区SEO,1,
8717,免费转换pdf,格式转换与文档处理,PDF互转,PDF/Word/PPT/图片互转与处理，适合工具页与教程,,122.0,,,第三方工具-社区SEO,1,
8718,照片怎么转换成pdf,格式转换与文档处理,PDF互转,PDF/Word/PPT/图片互转与处理，适合工具页与教程,,144.0,,,第三方工具-社区SEO,1,
8719,pdf转换jpg,格式转换与文档处理,PDF互转,PDF/Word/PPT/图片互转与处理，适合工具页与教程,,290.0,,,第三方工具-社区SEO,1,
8720,在线pdf转换器,格式转换与文档处理,PDF互转,PDF/Word/PPT/图片互转与处理，适合工具页与教程,,155.0,,,第三方工具-社区SEO,1,
8721,word转pdf在线转换免费,格式转换与文档处理,PDF互转,PDF/Word/PPT/图片互转与处理，适合工具页与教程,,454.0,,,第三方工具-社区SEO,1,
8722,pdf格式转换,格式转换与文档处理,PDF互转,PDF/Word/PPT/图片互转与处理，适合工具页与教程,,383.0,,,第三方工具-社区SEO,1,
8723,风云pdf转换器,格式转换与文档处理,PDF互转,PDF/Word/PPT/图片互转与处理，适合工具页与教程,,248.0,,,第三方工具-社区SEO,1,
8724,pdf转换成word免费版,格式转换与文档处理,PDF互转,PDF/Word/PPT/图片互转与处理，适合工具页与教程,,202.0,,,第三方工具-社区SEO,1,
8725,迅捷pdf在线转换器,格式转换与文档处理,PDF互转,PDF/Word/PPT/图片互转与处理，适合工具页与教程,,226.0,,,第三方工具-社区SEO,1,
8726,word转换成pdf,格式转换与文档处理,PDF互转,PDF/Word/PPT/图片互转与处理，适合工具页与教程,,370.0,,,第三方工具-社区SEO,1,
8727,pdf在线转换,格式转换与文档处理,PDF互转,PDF/Word/PPT/图片互转与处理，适合工具页与教程,,309.0,,,第三方工具-社区SEO,1,
8728,照片转pdf,格式转换与文档处理,PDF互转,PDF/Word/PPT/图片互转与处理，适合工具页与教程,,95.0,,,第三方工具-社区SEO,1,
8729,迅捷pdf转换器破解版,格式转换与文档处理,PDF互转,PDF/Word/PPT/图片互转与处理，适合工具页与教程,,86.0,,,第三方工具-社区SEO,1,
8730,pdf在线转换成word免费版,格式转换与文档处理,PDF互转,PDF/Word/PPT/图片互转与处理，适合工具页与教程,,85.0,,,第三方工具-社区SEO,1,
8731,pdf 转换word,格式转换与文档处理,PDF互转,PDF/Word/PPT/图片互转与处理，适合工具页与教程,,51.0,,,第三方工具-社区SEO,1,
8732,excel转pdf,格式转换与文档处理,PDF互转,PDF/Word/PPT/图片互转与处理，适合工具页与教程,,289.0,,,第三方工具-社区SEO,1,
8733,epub转pdf,格式转换与文档处理,PDF互转,PDF/Word/PPT/图片互转与处理，适合工具页与教程,,220.0,,,第三方工具-社区SEO,1,
8734,在线pdf转word,格式转换与文档处理,PDF互转,PDF/Word/PPT/图片互转与处理，适合工具页与教程,,201.0,,,第三方工具-社区SEO,1,
8735,pdf转word免费,格式转换与文档处理,PDF互转,PDF/Word/PPT/图片互转与处理，适合工具页与教程,,99.0,,,第三方工具-社区SEO,1,
8736,mobi转pdf,格式转换与文档处理,PDF互转,PDF/Word/PPT/图片互转与处理，适合工具页与教程,,87.0,,,第三方工具-社区SEO,1,
8737,pdf转换器破解版,格式转换与文档处理,PDF互转,PDF/Word/PPT/图片互转与处理，适合工具页与教程,,173.0,,,第三方工具-社区SEO,1,
8738,caj转换成pdf,格式转换与文档处理,PDF互转,PDF/Word/PPT/图片互转与处理，适合工具页与教程,,82.0,,,第三方工具-社区SEO,1,
8739,pdf转换成word在线,格式转换与文档处理,PDF互转,PDF/Word/PPT/图片互转与处理，适合工具页与教程,,171.0,,,第三方工具-社区SEO,1,
8740,caj文件怎么转换成pdf,格式转换与文档处理,PDF互转,PDF/Word/PPT/图片互转与处理，适合工具页与教程,,171.0,,,第三方工具-社区SEO,1,
8741,pdf免费转换成word,格式转换与文档处理,PDF互转,PDF/Word/PPT/图片互转与处理，适合工具页与教程,,288.0,,,第三方工具-社区SEO,1,
8742,pdf转换ppt,格式转换与文档处理,PDF互转,PDF/Word/PPT/图片互转与处理，适合工具页与教程,,149.0,,,第三方工具-社区SEO,1,
8743,pdf转换word,格式转换与文档处理,PDF互转,PDF/Word/PPT/图片互转与处理，适合工具页与教程,,245.0,,,第三方工具-社区SEO,1,
8744,免费转换pdf的软件,格式转换与文档处理,PDF互转,PDF/Word/PPT/图片互转与处理，适合工具页与教程,,63.0,,,第三方工具-社区SEO,1,
8745,免费pdf转word,格式转换与文档处理,PDF互转,PDF/Word/PPT/图片互转与处理，适合工具页与教程,,185.0,,,第三方工具-社区SEO,1,
8746,txt转pdf,格式转换与文档处理,PDF互转,PDF/Word/PPT/图片互转与处理，适合工具页与教程,,154.0,,,第三方工具-社区SEO,1,
8747,免费pdf转换器,格式转换与文档处理,PDF互转,PDF/Word/PPT/图片互转与处理，适合工具页与教程,,203.0,,,第三方工具-社区SEO,1,
8748,转pdf,格式转换与文档处理,PDF互转,PDF/Word/PPT/图片互转与处理，适合工具页与教程,,203.0,,,第三方工具-社区SEO,1,
8749,pdf怎么转换成excel,格式转换与文档处理,PDF互转,PDF/Word/PPT/图片互转与处理，适合工具页与教程,,57.0,,,第三方工具-社区SEO,1,
8750,pdf转文字,格式转换与文档处理,PDF互转,PDF/Word/PPT/图片互转与处理，适合工具页与教程,,54.0,,,第三方工具-社区SEO,1,
8751,五个免费的pdf转换器,格式转换与文档处理,PDF互转,PDF/Word/PPT/图片互转与处理，适合工具页与教程,,85.0,,,第三方工具-社区SEO,1,
8752,pdf转ppt免费,格式转换与文档处理,PDF互转,PDF/Word/PPT/图片互转与处理，适合工具页与教程,,52.0,,,第三方工具-社区SEO,1,
8753,转转大师pdf转换器,格式转换与文档处理,PDF互转,PDF/Word/PPT/图片互转与处理，适合工具页与教程,,45.0,,,第三方工具-社区SEO,1,
8754,pdf在线转word,格式转换与文档处理,PDF互转,PDF/Word/PPT/图片互转与处理，适合工具页与教程,,40.0,,,第三方工具-社区SEO,1,
8755,pdf怎么转换成ppt,格式转换与文档处理,PDF互转,PDF/Word/PPT/图片互转与处理，适合工具页与教程,,64.0,,,第三方工具-社区SEO,1,
8756,pdf免费转word,格式转换与文档处理,PDF互转,PDF/Word/PPT/图片互转与处理，适合工具页与教程,,52.0,,,第三方工具-社区SEO,1,
8757,pdf转换工具,格式转换与文档处理,PDF互转,PDF/Word/PPT/图片互转与处理，适合工具页与教程,,52.0,,,第三方工具-社区SEO,1,
8758,docx转换pdf,格式转换与文档处理,PDF互转,PDF/Word/PPT/图片互转与处理，适合工具页与教程,,38.0,,,第三方工具-社区SEO,1,
8759,word怎么转换成pdf,格式转换与文档处理,PDF互转,PDF/Word/PPT/图片互转与处理，适合工具页与教程,,111.0,,,第三方工具-社区SEO,1,
8760,怎么转换pdf文件,格式转换与文档处理,PDF互转,PDF/Word/PPT/图片互转与处理，适合工具页与教程,,34.0,,,第三方工具-社区SEO,1,
8761,markdown转pdf,格式转换与文档处理,PDF互转,PDF/Word/PPT/图片互转与处理，适合工具页与教程,,22.0,,,第三方工具-社区SEO,1,
8762,base64转pdf,格式转换与文档处理,PDF互转,PDF/Word/PPT/图片互转与处理，适合工具页与教程,,38.0,,,第三方工具-社区SEO,1,
8763,转换pdf,格式转换与文档处理,PDF互转,PDF/Word/PPT/图片互转与处理，适合工具页与教程,,32.0,,,第三方工具-社区SEO,1,
8764,jpg怎么转换成pdf,格式转换与文档处理,PDF互转,PDF/Word/PPT/图片互转与处理，适合工具页与教程,,40.0,,,第三方工具-社区SEO,1,
8765,dwg如何转换成pdf,格式转换与文档处理,PDF互转,PDF/Word/PPT/图片互转与处理，适合工具页与教程,,30.0,,,第三方工具-社区SEO,1,
8766,jpg转pdf,格式转换与文档处理,PDF互转,PDF/Word/PPT/图片互转与处理，适合工具页与教程,,,,,第三方工具-社区SEO,1,
8767,在线word转pdf,格式转换与文档处理,PDF互转,PDF/Word/PPT/图片互转与处理，适合工具页与教程,,150.0,,,第三方工具-社区SEO,1,
8768,pdf转换器下载,格式转换与文档处理,PDF互转,PDF/Word/PPT/图片互转与处理，适合工具页与教程,,150.0,,,第三方工具-社区SEO,1,
8769,pdf免费转换器,格式转换与文档处理,PDF互转,PDF/Word/PPT/图片互转与处理，适合工具页与教程,,27.0,,,第三方工具-社区SEO,1,
8770,cdr文件怎么转换成pdf,格式转换与文档处理,PDF互转,PDF/Word/PPT/图片互转与处理，适合工具页与教程,,35.0,,,第三方工具-社区SEO,1,
8771,pdf转换ppt免费工具,格式转换与文档处理,PDF互转,PDF/Word/PPT/图片互转与处理，适合工具页与教程,,41.0,,,第三方工具-社区SEO,1,
8772,照片如何转换成pdf,格式转换与文档处理,PDF互转,PDF/Word/PPT/图片互转与处理，适合工具页与教程,,26.0,,,第三方工具-社区SEO,1,
8773,doc转pdf,格式转换与文档处理,PDF互转,PDF/Word/PPT/图片互转与处理，适合工具页与教程,,147.0,,,第三方工具-社区SEO,1,
8774,在线pdf转换,格式转换与文档处理,PDF互转,PDF/Word/PPT/图片互转与处理，适合工具页与教程,,25.0,,,第三方工具-社区SEO,1,
8775,pdf转换成excel免费版,格式转换与文档处理,PDF互转,PDF/Word/PPT/图片互转与处理，适合工具页与教程,,44.0,,,第三方工具-社区SEO,1,
8776,doc转换pdf,格式转换与文档处理,PDF互转,PDF/Word/PPT/图片互转与处理，适合工具页与教程,,23.0,,,第三方工具-社区SEO,1,
8777,tif转pdf,格式转换与文档处理,PDF互转,PDF/Word/PPT/图片互转与处理，适合工具页与教程,,22.0,,,第三方工具-社区SEO,1,
8778,迅捷pdf转换,格式转换与文档处理,PDF互转,PDF/Word/PPT/图片互转与处理，适合工具页与教程,,23.0,,,第三方工具-社区SEO,1,
8779,word批量转pdf,格式转换与文档处理,PDF互转,PDF/Word/PPT/图片互转与处理，适合工具页与教程,,23.0,,,第三方工具-社区SEO,1,
8780,在线转换pdf,格式转换与文档处理,PDF互转,PDF/Word/PPT/图片互转与处理，适合工具页与教程,,20.0,,,第三方工具-社区SEO,1,
8781,如何将pdf转换成word,格式转换与文档处理,PDF互转,PDF/Word/PPT/图片互转与处理，适合工具页与教程,,243.0,,,第三方工具-社区SEO,1,
8782,word转换pdf,格式转换与文档处理,PDF互转,PDF/Word/PPT/图片互转与处理，适合工具页与教程,,144.0,,,第三方工具-社区SEO,1,
8783,免费pdf转ppt,格式转换与文档处理,PDF互转,PDF/Word/PPT/图片互转与处理，适合工具页与教程,,24.0,,,第三方工具-社区SEO,1,
8784,pdf格式转换器,格式转换与文档处理,PDF互转,PDF/Word/PPT/图片互转与处理，适合工具页与教程,,144.0,,,第三方工具-社区SEO,1,
8785,ceb文件转换成pdf,格式转换与文档处理,PDF互转,PDF/Word/PPT/图片互转与处理，适合工具页与教程,,24.0,,,第三方工具-社区SEO,1,
8786,txt转换pdf,格式转换与文档处理,PDF互转,PDF/Word/PPT/图片互转与处理，适合工具页与教程,,21.0,,,第三方工具-社区SEO,1,
8787,word转pdf在线,格式转换与文档处理,PDF互转,PDF/Word/PPT/图片互转与处理，适合工具页与教程,,61.0,,,第三方工具-社区SEO,1,
8788,pdf格式怎么转换成excel,格式转换与文档处理,PDF互转,PDF/Word/PPT/图片互转与处理，适合工具页与教程,,20.0,,,第三方工具-社区SEO,1,
8789,html转pdf,格式转换与文档处理,PDF互转,PDF/Word/PPT/图片互转与处理，适合工具页与教程,,126.0,,,第三方工具-社区SEO,1,
8790,dwf转pdf,格式转换与文档处理,PDF互转,PDF/Word/PPT/图片互转与处理，适合工具页与教程,,18.0,,,第三方工具-社区SEO,1,
8791,cad图纸怎么转换成pdf,格式转换与文档处理,PDF互转,PDF/Word/PPT/图片互转与处理，适合工具页与教程,,13.0,,,第三方工具-社区SEO,1,
8792,cad怎么转换成pdf格式,格式转换与文档处理,PDF互转,PDF/Word/PPT/图片互转与处理，适合工具页与教程,,125.0,,,第三方工具-社区SEO,1,
8793,文档转换成pdf文件,格式转换与文档处理,PDF互转,PDF/Word/PPT/图片互转与处理，适合工具页与教程,,18.0,,,第三方工具-社区SEO,1,
8794,cad怎么转pdf,格式转换与文档处理,PDF互转,PDF/Word/PPT/图片互转与处理，适合工具页与教程,,13.0,,,第三方工具-社区SEO,1,
8795,pdf转excel免费转换器,格式转换与文档处理,PDF互转,PDF/Word/PPT/图片互转与处理，适合工具页与教程,,54.0,,,第三方工具-社区SEO,1,
8796,cad转pdf怎么转,格式转换与文档处理,PDF互转,PDF/Word/PPT/图片互转与处理，适合工具页与教程,,28.0,,,第三方工具-社区SEO,1,
8797,wps转pdf,格式转换与文档处理,PDF互转,PDF/Word/PPT/图片互转与处理，适合工具页与教程,,17.0,,,第三方工具-社区SEO,1,
8798,jpg转换pdf,格式转换与文档处理,PDF互转,PDF/Word/PPT/图片互转与处理，适合工具页与教程,,17.0,,,第三方工具-社区SEO,1,
8799,在线pdf转换成word免费,格式转换与文档处理,PDF互转,PDF/Word/PPT/图片互转与处理，适合工具页与教程,,16.0,,,第三方工具-社区SEO,1,
8800,pdf在线转换成word,格式转换与文档处理,PDF互转,PDF/Word/PPT/图片互转与处理，适合工具页与教程,,146.0,,,第三方工具-社区SEO,1,
8801,pdf转word工具,格式转换与文档处理,PDF互转,PDF/Word/PPT/图片互转与处理，适合工具页与教程,,126.0,,,第三方工具-社区SEO,1,
8802,如何把pdf转换成word文档,格式转换与文档处理,PDF互转,PDF/Word/PPT/图片互转与处理，适合工具页与教程,,32.0,,,第三方工具-社区SEO,1,
8803,pdf格式转换word格式免费,格式转换与文档处理,PDF互转,PDF/Word/PPT/图片互转与处理，适合工具页与教程,,16.0,,,第三方工具-社区SEO,1,
8804,pdf转ppt免费软件,格式转换与文档处理,PDF互转,PDF/Word/PPT/图片互转与处理，适合工具页与教程,,18.0,,,第三方工具-社区SEO,1,
8805,cdr转pdf,格式转换与文档处理,PDF互转,PDF/Word/PPT/图片互转与处理，适合工具页与教程,,32.0,,,第三方工具-社区SEO,1,
8806,pdf如何转换成word文档,格式转换与文档处理,PDF互转,PDF/Word/PPT/图片互转与处理，适合工具页与教程,,30.0,,,第三方工具-社区SEO,1,
8807,word文档转pdf,格式转换与文档处理,PDF互转,PDF/Word/PPT/图片互转与处理，适合工具页与教程,,24.0,,,第三方工具-社区SEO,1,
8808,免费pdf转word转换器,格式转换与文档处理,PDF互转,PDF/Word/PPT/图片互转与处理，适合工具页与教程,,21.0,,,第三方工具-社区SEO,1,
8809,word转pdf免费,格式转换与文档处理,PDF互转,PDF/Word/PPT/图片互转与处理，适合工具页与教程,,20.0,,,第三方工具-社区SEO,1,
8810,word在线转pdf,格式转换与文档处理,PDF互转,PDF/Word/PPT/图片互转与处理，适合工具页与教程,,15.0,,,第三方工具-社区SEO,1,
8811,迅捷在线pdf转换器,格式转换与文档处理,PDF互转,PDF/Word/PPT/图片互转与处理，适合工具页与教程,,20.0,,,第三方工具-社区SEO,1,
8812,风云pdf转换器官网,格式转换与文档处理,PDF互转,PDF/Word/PPT/图片互转与处理，适合工具页与教程,,17.0,,,第三方工具-社区SEO,1,
8813,jpg转pdf在线,格式转换与文档处理,PDF互转,PDF/Word/PPT/图片互转与处理，适合工具页与教程,,16.0,,,第三方工具-社区SEO,1,
8814,word怎么转pdf,格式转换与文档处理,PDF互转,PDF/Word/PPT/图片互转与处理，适合工具页与教程,,223.0,,,第三方工具-社区SEO,1,
8815,pdf怎么转word,格式转换与文档处理,PDF互转,PDF/Word/PPT/图片互转与处理，适合工具页与教程,,152.0,,,第三方工具-社区SEO,1,
8816,pdf转换成cad,格式转换与文档处理,PDF互转,PDF/Word/PPT/图片互转与处理，适合工具页与教程,,223.0,,,第三方工具-社区SEO,1,
8817,png转pdf,格式转换与文档处理,PDF互转,PDF/Word/PPT/图片互转与处理，适合工具页与教程,,125.0,,,第三方工具-社区SEO,1,
8818,全方位pdf转换器,格式转换与文档处理,PDF互转,PDF/Word/PPT/图片互转与处理，适合工具页与教程,,15.0,,,第三方工具-社区SEO,1,
8819,在线pdf转ppt,格式转换与文档处理,PDF互转,PDF/Word/PPT/图片互转与处理，适合工具页与教程,,13.0,,,第三方工具-社区SEO,1,
8820,txt怎么转pdf,格式转换与文档处理,PDF互转,PDF/Word/PPT/图片互转与处理，适合工具页与教程,,15.0,,,第三方工具-社区SEO,1,
8821,pdf文件转换,格式转换与文档处理,PDF互转,PDF/Word/PPT/图片互转与处理，适合工具页与教程,,16.0,,,第三方工具-社区SEO,1,
8822,pdf怎么转换成cad,格式转换与文档处理,PDF互转,PDF/Word/PPT/图片互转与处理，适合工具页与教程,,12.0,,,第三方工具-社区SEO,1,
8823,pdf转jpg在线转换,格式转换与文档处理,PDF互转,PDF/Word/PPT/图片互转与处理，适合工具页与教程,,12.0,,,第三方工具-社区SEO,1,
8824,pdf转换成word工具,格式转换与文档处理,PDF互转,PDF/Word/PPT/图片互转与处理，适合工具页与教程,,61.0,,,第三方工具-社区SEO,1,
8825,免费word转pdf,格式转换与文档处理,PDF互转,PDF/Word/PPT/图片互转与处理，适合工具页与教程,,13.0,,,第三方工具-社区SEO,1,
8826,在线pdf转excel,格式转换与文档处理,PDF互转,PDF/Word/PPT/图片互转与处理，适合工具页与教程,,13.0,,,第三方工具-社区SEO,1,
8827,免费的pdf转换器,格式转换与文档处理,PDF互转,PDF/Word/PPT/图片互转与处理，适合工具页与教程,,19.0,,,第三方工具-社区SEO,1,
8828,文档转pdf,格式转换与文档处理,PDF互转,PDF/Word/PPT/图片互转与处理，适合工具页与教程,,12.0,,,第三方工具-社区SEO,1,
8829,pdf文件怎么转换成word文档,格式转换与文档处理,PDF互转,PDF/Word/PPT/图片互转与处理，适合工具页与教程,,21.0,,,第三方工具-社区SEO,1,
8830,pdf转换word免费,格式转换与文档处理,PDF互转,PDF/Word/PPT/图片互转与处理，适合工具页与教程,,13.0,,,第三方工具-社区SEO,1,
8831,pdf转excel在线,格式转换与文档处理,PDF互转,PDF/Word/PPT/图片互转与处理，适合工具页与教程,,11.0,,,第三方工具-社区SEO,1,
8832,怎么把pdf转换成ppt,格式转换与文档处理,PDF互转,PDF/Word/PPT/图片互转与处理，适合工具页与教程,,16.0,,,第三方工具-社区SEO,1,
8833,jpg转换成pdf免费版,格式转换与文档处理,PDF互转,PDF/Word/PPT/图片互转与处理，适合工具页与教程,,15.0,,,第三方工具-社区SEO,1,
8834,福昕pdf转换器,格式转换与文档处理,PDF互转,PDF/Word/PPT/图片互转与处理，适合工具页与教程,,13.0,,,第三方工具-社区SEO,1,
8835,在线jpg转pdf,格式转换与文档处理,PDF互转,PDF/Word/PPT/图片互转与处理，适合工具页与教程,,12.0,,,第三方工具-社区SEO,1,
8836,dwg转换pdf,格式转换与文档处理,PDF互转,PDF/Word/PPT/图片互转与处理，适合工具页与教程,,7.0,,,第三方工具-社区SEO,1,
8837,pdf怎么转换成word免费,格式转换与文档处理,PDF互转,PDF/Word/PPT/图片互转与处理，适合工具页与教程,,124.0,,,第三方工具-社区SEO,1,
8838,pdf转换为word,格式转换与文档处理,PDF互转,PDF/Word/PPT/图片互转与处理，适合工具页与教程,,6.0,,,第三方工具-社区SEO,1,
8839,pdf转word软件,格式转换与文档处理,PDF互转,PDF/Word/PPT/图片互转与处理，适合工具页与教程,,6.0,,,第三方工具-社区SEO,1,
8840,pdf转换excel,格式转换与文档处理,PDF互转,PDF/Word/PPT/图片互转与处理，适合工具页与教程,,13.0,,,第三方工具-社区SEO,1,
8841,pdf在线转换器,格式转换与文档处理,PDF互转,PDF/Word/PPT/图片互转与处理，适合工具页与教程,,124.0,,,第三方工具-社区SEO,1,
8842,pdf转换免费,格式转换与文档处理,PDF互转,PDF/Word/PPT/图片互转与处理，适合工具页与教程,,12.0,,,第三方工具-社区SEO,1,
8843,html转换成pdf,格式转换与文档处理,PDF互转,PDF/Word/PPT/图片互转与处理，适合工具页与教程,,10.0,,,第三方工具-社区SEO,1,
8844,在线cad转pdf,格式转换与文档处理,PDF互转,PDF/Word/PPT/图片互转与处理，适合工具页与教程,,10.0,,,第三方工具-社区SEO,1,
8845,免费将pdf转换成word,格式转换与文档处理,PDF互转,PDF/Word/PPT/图片互转与处理，适合工具页与教程,,12.0,,,第三方工具-社区SEO,1,
8846,pdf免费转ppt,格式转换与文档处理,PDF互转,PDF/Word/PPT/图片互转与处理，适合工具页与教程,,17.0,,,第三方工具-社区SEO,1,
8847,免费pdf转换,格式转换与文档处理,PDF互转,PDF/Word/PPT/图片互转与处理，适合工具页与教程,,16.0,,,第三方工具-社区SEO,1,
8848,迅捷pdf在线转换器免费版,格式转换与文档处理,PDF互转,PDF/Word/PPT/图片互转与处理，适合工具页与教程,,12.0,,,第三方工具-社区SEO,1,
8849,迅捷pdf转换器在线,格式转换与文档处理,PDF互转,PDF/Word/PPT/图片互转与处理，适合工具页与教程,,10.0,,,第三方工具-社区SEO,1,
8850,在线免费pdf转word,格式转换与文档处理,PDF互转,PDF/Word/PPT/图片互转与处理，适合工具页与教程,,9.0,,,第三方工具-社区SEO,1,
8851,在线pdf转换成word,格式转换与文档处理,PDF互转,PDF/Word/PPT/图片互转与处理，适合工具页与教程,,5.0,,,第三方工具-社区SEO,1,
8852,pdf转换成word在线转换,格式转换与文档处理,PDF互转,PDF/Word/PPT/图片互转与处理，适合工具页与教程,,5.0,,,第三方工具-社区SEO,1,
8853,在线转pdf,格式转换与文档处理,PDF互转,PDF/Word/PPT/图片互转与处理，适合工具页与教程,,63.0,,,第三方工具-社区SEO,1,
8854,pdf转换成word在线免费,格式转换与文档处理,PDF互转,PDF/Word/PPT/图片互转与处理，适合工具页与教程,,8.0,,,第三方工具-社区SEO,1,
8855,pdf可以转换成word,格式转换与文档处理,PDF互转,PDF/Word/PPT/图片互转与处理，适合工具页与教程,,,,,第三方工具-社区SEO,1,
8856,excel转换成pdf格式,格式转换与文档处理,PDF互转,PDF/Word/PPT/图片互转与处理，适合工具页与教程,,10.0,,,第三方工具-社区SEO,1,
8857,表格转换成pdf,格式转换与文档处理,PDF互转,PDF/Word/PPT/图片互转与处理，适合工具页与教程,,13.0,,,第三方工具-社区SEO,1,
8858,pdf转换成cad软件,格式转换与文档处理,PDF互转,PDF/Word/PPT/图片互转与处理，适合工具页与教程,,10.0,,,第三方工具-社区SEO,1,
8859,迅捷pdf转换器在线版,格式转换与文档处理,PDF互转,PDF/Word/PPT/图片互转与处理，适合工具页与教程,,8.0,,,第三方工具-社区SEO,1,
8860,pdf转word文档,格式转换与文档处理,PDF互转,PDF/Word/PPT/图片互转与处理，适合工具页与教程,,126.0,,,第三方工具-社区SEO,1,
8861,pdf转换成word转换器,格式转换与文档处理,PDF互转,PDF/Word/PPT/图片互转与处理，适合工具页与教程,,64.0,,,第三方工具-社区SEO,1,
8862,pdf转word在线转换,格式转换与文档处理,PDF互转,PDF/Word/PPT/图片互转与处理，适合工具页与教程,,64.0,,,第三方工具-社区SEO,1,
8863,pdf格式怎么转换成word格式,格式转换与文档处理,PDF互转,PDF/Word/PPT/图片互转与处理，适合工具页与教程,,,,,第三方工具-社区SEO,1,
8864,pdf转换成excel在线,格式转换与文档处理,PDF互转,PDF/Word/PPT/图片互转与处理，适合工具页与教程,,7.0,,,第三方工具-社区SEO,1,
8865,dwg格式转换pdf,格式转换与文档处理,PDF互转,PDF/Word/PPT/图片互转与处理，适合工具页与教程,,64.0,,,第三方工具-社区SEO,1,
8866,md转pdf,格式转换与文档处理,PDF互转,PDF/Word/PPT/图片互转与处理，适合工具页与教程,,10.0,,,第三方工具-社区SEO,1,
8867,svg转pdf,格式转换与文档处理,PDF互转,PDF/Word/PPT/图片互转与处理，适合工具页与教程,,9.0,,,第三方工具-社区SEO,1,
8868,怎么把pdf转换成jpg,格式转换与文档处理,PDF互转,PDF/Word/PPT/图片互转与处理，适合工具页与教程,,7.0,,,第三方工具-社区SEO,1,
8869,cad转pdf在线,格式转换与文档处理,PDF互转,PDF/Word/PPT/图片互转与处理，适合工具页与教程,,7.0,,,第三方工具-社区SEO,1,
8870,word免费转pdf,格式转换与文档处理,PDF互转,PDF/Word/PPT/图片互转与处理，适合工具页与教程,,7.0,,,第三方工具-社区SEO,1,
8871,excel怎么转换成pdf,格式转换与文档处理,PDF互转,PDF/Word/PPT/图片互转与处理，适合工具页与教程,,8.0,,,第三方工具-社区SEO,1,
8872,在线pdf转换成excel,格式转换与文档处理,PDF互转,PDF/Word/PPT/图片互转与处理，适合工具页与教程,,7.0,,,第三方工具-社区SEO,1,
8873,pdf转cad免费转换器,格式转换与文档处理,PDF互转,PDF/Word/PPT/图片互转与处理，适合工具页与教程,,127.0,,,第三方工具-社区SEO,1,
8874,ceb转换成pdf,格式转换与文档处理,PDF互转,PDF/Word/PPT/图片互转与处理，适合工具页与教程,,10.0,,,第三方工具-社区SEO,1,
8875,dwg转pdf在线,格式转换与文档处理,PDF互转,PDF/Word/PPT/图片互转与处理，适合工具页与教程,,9.0,,,第三方工具-社区SEO,1,
8876,迅捷pdf转换器免费版,格式转换与文档处理,PDF互转,PDF/Word/PPT/图片互转与处理，适合工具页与教程,,9.0,,,第三方工具-社区SEO,1,
8877,jpeg转pdf,格式转换与文档处理,PDF互转,PDF/Word/PPT/图片互转与处理，适合工具页与教程,,8.0,,,第三方工具-社区SEO,1,
8878,cad在线转pdf,格式转换与文档处理,PDF互转,PDF/Word/PPT/图片互转与处理，适合工具页与教程,,8.0,,,第三方工具-社区SEO,1,
8879,xps转pdf,格式转换与文档处理,PDF互转,PDF/Word/PPT/图片互转与处理，适合工具页与教程,,8.0,,,第三方工具-社区SEO,1,
8880,pdf转换在线,格式转换与文档处理,PDF互转,PDF/Word/PPT/图片互转与处理，适合工具页与教程,,7.0,,,第三方工具-社区SEO,1,
8881,批量转pdf,格式转换与文档处理,PDF互转,PDF/Word/PPT/图片互转与处理，适合工具页与教程,,7.0,,,第三方工具-社区SEO,1,
8882,pdf怎么转换成jpg,格式转换与文档处理,PDF互转,PDF/Word/PPT/图片互转与处理，适合工具页与教程,,7.0,,,第三方工具-社区SEO,1,
8883,cad批量转pdf,格式转换与文档处理,PDF互转,PDF/Word/PPT/图片互转与处理，适合工具页与教程,,7.0,,,第三方工具-社区SEO,1,
8884,迅捷pdf在线转换,格式转换与文档处理,PDF互转,PDF/Word/PPT/图片互转与处理，适合工具页与教程,,7.0,,,第三方工具-社区SEO,1,
8885,pdf转换大师,格式转换与文档处理,PDF互转,PDF/Word/PPT/图片互转与处理，适合工具页与教程,,7.0,,,第三方工具-社区SEO,1,
8886,ceb转pdf,格式转换与文档处理,PDF互转,PDF/Word/PPT/图片互转与处理，适合工具页与教程,,7.0,,,第三方工具-社区SEO,1,
8887,caj格式转换成pdf,格式转换与文档处理,PDF互转,PDF/Word/PPT/图片互转与处理，适合工具页与教程,,7.0,,,第三方工具-社区SEO,1,
8888,word如何转换成pdf,格式转换与文档处理,PDF互转,PDF/Word/PPT/图片互转与处理，适合工具页与教程,,154.0,,,第三方工具-社区SEO,1,
8889,pdf怎么免费转换成word,格式转换与文档处理,PDF互转,PDF/Word/PPT/图片互转与处理，适合工具页与教程,,13.0,,,第三方工具-社区SEO,1,
8890,批量word转pdf,格式转换与文档处理,PDF互转,PDF/Word/PPT/图片互转与处理，适合工具页与教程,,6.0,,,第三方工具-社区SEO,1,
8891,pdf转word网页版,格式转换与文档处理,PDF互转,PDF/Word/PPT/图片互转与处理，适合工具页与教程,,6.0,,,第三方工具-社区SEO,1,
8892,免费pdf转换成word,格式转换与文档处理,PDF互转,PDF/Word/PPT/图片互转与处理，适合工具页与教程,,3.0,,,第三方工具-社区SEO,1,
8893,免费pdf转excel,格式转换与文档处理,PDF互转,PDF/Word/PPT/图片互转与处理，适合工具页与教程,,6.0,,,第三方工具-社区SEO,1,
8894,如何将pdf转换成ppt,格式转换与文档处理,PDF互转,PDF/Word/PPT/图片互转与处理，适合工具页与教程,,12.0,,,第三方工具-社区SEO,1,
8895,ppt怎么转换成pdf格式,格式转换与文档处理,PDF互转,PDF/Word/PPT/图片互转与处理，适合工具页与教程,,3.0,,,第三方工具-社区SEO,1,
8896,cad如何转换成pdf格式,格式转换与文档处理,PDF互转,PDF/Word/PPT/图片互转与处理，适合工具页与教程,,61.0,,,第三方工具-社区SEO,1,
8897,pdf转换器免费,格式转换与文档处理,PDF互转,PDF/Word/PPT/图片互转与处理，适合工具页与教程,,9.0,,,第三方工具-社区SEO,1,
8898,在线pdf转换工具,格式转换与文档处理,PDF互转,PDF/Word/PPT/图片互转与处理，适合工具页与教程,,8.0,,,第三方工具-社区SEO,1,
8899,表格转pdf,格式转换与文档处理,PDF互转,PDF/Word/PPT/图片互转与处理，适合工具页与教程,,6.0,,,第三方工具-社区SEO,1,
8900,pdf怎么转换成word文档,格式转换与文档处理,PDF互转,PDF/Word/PPT/图片互转与处理，适合工具页与教程,,12.0,,,第三方工具-社区SEO,1,
8901,word在线转换成pdf,格式转换与文档处理,PDF互转,PDF/Word/PPT/图片互转与处理，适合工具页与教程,,5.0,,,第三方工具-社区SEO,1,
8902,pdf怎么转换成word在线,格式转换与文档处理,PDF互转,PDF/Word/PPT/图片互转与处理，适合工具页与教程,,5.0,,,第三方工具-社区SEO,1,
8903,ppt转pdf,格式转换与文档处理,PDF互转,PDF/Word/PPT/图片互转与处理，适合工具页与教程,,492.0,,,第三方工具-社区SEO,1,
8904,pdf怎么转ppt,格式转换与文档处理,PDF互转,PDF/Word/PPT/图片互转与处理，适合工具页与教程,,13.0,,,第三方工具-社区SEO,1,
8905,pdf转ppt在线,格式转换与文档处理,PDF互转,PDF/Word/PPT/图片互转与处理，适合工具页与教程,,5.0,,,第三方工具-社区SEO,1,
8906,迅捷pdf转换器,格式转换与文档处理,PDF互转,PDF/Word/PPT/图片互转与处理，适合工具页与教程,,3.0,,,第三方工具-社区SEO,1,
8907,文件怎么转换成pdf格式,格式转换与文档处理,PDF互转,PDF/Word/PPT/图片互转与处理，适合工具页与教程,,74.0,,,第三方工具-社区SEO,1,
8908,docx转pdf,格式转换与文档处理,PDF互转,PDF/Word/PPT/图片互转与处理，适合工具页与教程,,18.0,,,第三方工具-社区SEO,1,
8909,jpg在线转pdf,格式转换与文档处理,PDF互转,PDF/Word/PPT/图片互转与处理，适合工具页与教程,,12.0,,,第三方工具-社区SEO,1,
8910,dwg在线转pdf,格式转换与文档处理,PDF互转,PDF/Word/PPT/图片互转与处理，适合工具页与教程,,6.0,,,第三方工具-社区SEO,1,
8911,xlsx转pdf,格式转换与文档处理,PDF互转,PDF/Word/PPT/图片互转与处理，适合工具页与教程,,5.0,,,第三方工具-社区SEO,1,
8912,cad转换成pdf,格式转换与文档处理,PDF互转,PDF/Word/PPT/图片互转与处理，适合工具页与教程,,5.0,,,第三方工具-社区SEO,1,
8913,pdf转换成word文档,格式转换与文档处理,PDF互转,PDF/Word/PPT/图片互转与处理，适合工具页与教程,,146.0,,,第三方工具-社区SEO,1,
8914,pdf如何转word,格式转换与文档处理,PDF互转,PDF/Word/PPT/图片互转与处理，适合工具页与教程,,61.0,,,第三方工具-社区SEO,1,
8915,怎么将pdf转换成word免费,格式转换与文档处理,PDF互转,PDF/Word/PPT/图片互转与处理，适合工具页与教程,,11.0,,,第三方工具-社区SEO,1,
8916,免费把pdf转换成word,格式转换与文档处理,PDF互转,PDF/Word/PPT/图片互转与处理，适合工具页与教程,,9.0,,,第三方工具-社区SEO,1,
8917,福昕pdf转word,格式转换与文档处理,PDF互转,PDF/Word/PPT/图片互转与处理，适合工具页与教程,,5.0,,,第三方工具-社区SEO,1,
8918,pdf转换成word软件,格式转换与文档处理,PDF互转,PDF/Word/PPT/图片互转与处理，适合工具页与教程,,2.0,,,第三方工具-社区SEO,1,
8919,java word 转pdf,格式转换与文档处理,PDF互转,PDF/Word/PPT/图片互转与处理，适合工具页与教程,,2.0,,,第三方工具-社区SEO,1,
8920,如何将pdf转换成excel,格式转换与文档处理,PDF互转,PDF/Word/PPT/图片互转与处理，适合工具页与教程,,6.0,,,第三方工具-社区SEO,1,
8921,pdf转换成ppt,格式转换与文档处理,PDF互转,PDF/Word/PPT/图片互转与处理，适合工具页与教程,,2.0,,,第三方工具-社区SEO,1,
8922,pdf转ppt,格式转换与文档处理,PDF互转,PDF/Word/PPT/图片互转与处理，适合工具页与教程,,1176.0,,,第三方工具-社区SEO,1,
8923,pdf转换,格式转换与文档处理,PDF互转,PDF/Word/PPT/图片互转与处理，适合工具页与教程,,1.0,,,第三方工具-社区SEO,1,
8924,cad转pdf,格式转换与文档处理,PDF互转,PDF/Word/PPT/图片互转与处理，适合工具页与教程,,,,,第三方工具-社区SEO,1,
8925,caj怎么转换成pdf,格式转换与文档处理,PDF互转,PDF/Word/PPT/图片互转与处理，适合工具页与教程,,61.0,,,第三方工具-社区SEO,1,
8926,xml转pdf,格式转换与文档处理,PDF互转,PDF/Word/PPT/图片互转与处理，适合工具页与教程,,12.0,,,第三方工具-社区SEO,1,
8927,pdf转cad在线转换,格式转换与文档处理,PDF互转,PDF/Word/PPT/图片互转与处理，适合工具页与教程,,9.0,,,第三方工具-社区SEO,1,
8928,pdf在线转换免费,格式转换与文档处理,PDF互转,PDF/Word/PPT/图片互转与处理，适合工具页与教程,,9.0,,,第三方工具-社区SEO,1,
8929,dxf转pdf,格式转换与文档处理,PDF互转,PDF/Word/PPT/图片互转与处理，适合工具页与教程,,6.0,,,第三方工具-社区SEO,1,
8930,pdf在线转换工具,格式转换与文档处理,PDF互转,PDF/Word/PPT/图片互转与处理，适合工具页与教程,,5.0,,,第三方工具-社区SEO,1,
8931,caj如何转换成pdf,格式转换与文档处理,PDF互转,PDF/Word/PPT/图片互转与处理，适合工具页与教程,,5.0,,,第三方工具-社区SEO,1,
8932,免费pdf转换工具,格式转换与文档处理,PDF互转,PDF/Word/PPT/图片互转与处理，适合工具页与教程,,5.0,,,第三方工具-社区SEO,1,
8933,如何把word转换成pdf格式,格式转换与文档处理,PDF互转,PDF/Word/PPT/图片互转与处理，适合工具页与教程,,13.0,,,第三方工具-社区SEO,1,
8934,pdf免费转换word,格式转换与文档处理,PDF互转,PDF/Word/PPT/图片互转与处理，适合工具页与教程,,4.0,,,第三方工具-社区SEO,1,
8935,pdf转换word在线,格式转换与文档处理,PDF互转,PDF/Word/PPT/图片互转与处理，适合工具页与教程,,4.0,,,第三方工具-社区SEO,1,
8936,在线pdf转换word,格式转换与文档处理,PDF互转,PDF/Word/PPT/图片互转与处理，适合工具页与教程,,4.0,,,第三方工具-社区SEO,1,
8937,免费word转pdf软件,格式转换与文档处理,PDF互转,PDF/Word/PPT/图片互转与处理，适合工具页与教程,,4.0,,,第三方工具-社区SEO,1,
8938,word转pdf工具,格式转换与文档处理,PDF互转,PDF/Word/PPT/图片互转与处理，适合工具页与教程,,2.0,,,第三方工具-社区SEO,1,
8939,excel转pdf在线,格式转换与文档处理,PDF互转,PDF/Word/PPT/图片互转与处理，适合工具页与教程,,4.0,,,第三方工具-社区SEO,1,
8940,pdf在线转ppt,格式转换与文档处理,PDF互转,PDF/Word/PPT/图片互转与处理，适合工具页与教程,,6.0,,,第三方工具-社区SEO,1,
8941,ppt转换pdf,格式转换与文档处理,PDF互转,PDF/Word/PPT/图片互转与处理，适合工具页与教程,,6.0,,,第三方工具-社区SEO,1,
8942,pdf转换器,格式转换与文档处理,PDF互转,PDF/Word/PPT/图片互转与处理，适合工具页与教程,,1.0,,,第三方工具-社区SEO,1,
8943,jpg转换成pdf,格式转换与文档处理,PDF互转,PDF/Word/PPT/图片互转与处理，适合工具页与教程,,,,,第三方工具-社区SEO,1,
8944,ofd转pdf,格式转换与文档处理,PDF互转,PDF/Word/PPT/图片互转与处理，适合工具页与教程,,,,,第三方工具-社区SEO,1,
8945,xmind转pdf,格式转换与文档处理,PDF互转,PDF/Word/PPT/图片互转与处理，适合工具页与教程,,6.0,,,第三方工具-社区SEO,1,
8946,caj在线转换成pdf,格式转换与文档处理,PDF互转,PDF/Word/PPT/图片互转与处理，适合工具页与教程,,5.0,,,第三方工具-社区SEO,1,
8947,迅捷pdf转word,格式转换与文档处理,PDF互转,PDF/Word/PPT/图片互转与处理，适合工具页与教程,,3.0,,,第三方工具-社区SEO,1,
8948,java实现word转pdf,格式转换与文档处理,PDF互转,PDF/Word/PPT/图片互转与处理，适合工具页与教程,,3.0,,,第三方工具-社区SEO,1,
8949,如何pdf转换成word,格式转换与文档处理,PDF互转,PDF/Word/PPT/图片互转与处理，适合工具页与教程,,,,,第三方工具-社区SEO,1,
8950,pdf压缩免费版,格式转换与文档处理,PDF处理,PDF/Word/PPT/图片互转与处理，适合工具页与教程,,1090.0,,,第三方工具-社区SEO,1,
8951,pdf合并软件,格式转换与文档处理,PDF处理,PDF/Word/PPT/图片互转与处理，适合工具页与教程,,410.0,,,第三方工具-社区SEO,1,
8952,pdf合并免费软件,格式转换与文档处理,PDF处理,PDF/Word/PPT/图片互转与处理，适合工具页与教程,,285.0,,,第三方工具-社区SEO,1,
8953,pdf合并成一个文件,格式转换与文档处理,PDF处理,PDF/Word/PPT/图片互转与处理，适合工具页与教程,,290.0,,,第三方工具-社区SEO,1,
8954,pdf拆分免费,格式转换与文档处理,PDF处理,PDF/Word/PPT/图片互转与处理，适合工具页与教程,,109.0,,,第三方工具-社区SEO,1,
8955,pdf压缩免费,格式转换与文档处理,PDF处理,PDF/Word/PPT/图片互转与处理，适合工具页与教程,,109.0,,,第三方工具-社区SEO,1,
8956,pdf压缩软件免费版,格式转换与文档处理,PDF处理,PDF/Word/PPT/图片互转与处理，适合工具页与教程,,60.0,,,第三方工具-社区SEO,1,
8957,两个pdf合并成一个pdf,格式转换与文档处理,PDF处理,PDF/Word/PPT/图片互转与处理，适合工具页与教程,,54.0,,,第三方工具-社区SEO,1,
8958,pdf压缩大小,格式转换与文档处理,PDF处理,PDF/Word/PPT/图片互转与处理，适合工具页与教程,,69.0,,,第三方工具-社区SEO,1,
8959,pdf合并成一个pdf,格式转换与文档处理,PDF处理,PDF/Word/PPT/图片互转与处理，适合工具页与教程,,180.0,,,第三方工具-社区SEO,1,
8960,pdf压缩在线,格式转换与文档处理,PDF处理,PDF/Word/PPT/图片互转与处理，适合工具页与教程,,38.0,,,第三方工具-社区SEO,1,
8961,pdf压缩软件,格式转换与文档处理,PDF处理,PDF/Word/PPT/图片互转与处理，适合工具页与教程,,54.0,,,第三方工具-社区SEO,1,
8962,pdf压缩工具,格式转换与文档处理,PDF处理,PDF/Word/PPT/图片互转与处理，适合工具页与教程,,48.0,,,第三方工具-社区SEO,1,
8963,pdf合并器,格式转换与文档处理,PDF处理,PDF/Word/PPT/图片互转与处理，适合工具页与教程,,159.0,,,第三方工具-社区SEO,1,
8964,如何把多个pdf合并成一个pdf,格式转换与文档处理,PDF处理,PDF/Word/PPT/图片互转与处理，适合工具页与教程,,34.0,,,第三方工具-社区SEO,1,
8965,pdf合并成一个pdf免费,格式转换与文档处理,PDF处理,PDF/Word/PPT/图片互转与处理，适合工具页与教程,,243.0,,,第三方工具-社区SEO,1,
8966,pdf合并在线,格式转换与文档处理,PDF处理,PDF/Word/PPT/图片互转与处理，适合工具页与教程,,72.0,,,第三方工具-社区SEO,1,
8967,在线pdf压缩,格式转换与文档处理,PDF处理,PDF/Word/PPT/图片互转与处理，适合工具页与教程,,61.0,,,第三方工具-社区SEO,1,
8968,云展网pdf合并工具,格式转换与文档处理,PDF处理,PDF/Word/PPT/图片互转与处理，适合工具页与教程,,17.0,,,第三方工具-社区SEO,1,
8969,免费pdf合并软件,格式转换与文档处理,PDF处理,PDF/Word/PPT/图片互转与处理，适合工具页与教程,,134.0,,,第三方工具-社区SEO,1,
8970,免费pdf拆分软件,格式转换与文档处理,PDF处理,PDF/Word/PPT/图片互转与处理，适合工具页与教程,,30.0,,,第三方工具-社区SEO,1,
8971,怎么把几个pdf合并成一个pdf文件,格式转换与文档处理,PDF处理,PDF/Word/PPT/图片互转与处理，适合工具页与教程,,24.0,,,第三方工具-社区SEO,1,
8972,pdf拆分在线,格式转换与文档处理,PDF处理,PDF/Word/PPT/图片互转与处理，适合工具页与教程,,15.0,,,第三方工具-社区SEO,1,
8973,pdf合并免费,格式转换与文档处理,PDF处理,PDF/Word/PPT/图片互转与处理，适合工具页与教程,,61.0,,,第三方工具-社区SEO,1,
8974,免费pdf压缩软件,格式转换与文档处理,PDF处理,PDF/Word/PPT/图片互转与处理，适合工具页与教程,,277.0,,,第三方工具-社区SEO,1,
8975,pdf拆分成多个文件,格式转换与文档处理,PDF处理,PDF/Word/PPT/图片互转与处理，适合工具页与教程,,133.0,,,第三方工具-社区SEO,1,
8976,怎么把两个pdf合并成一个,格式转换与文档处理,PDF处理,PDF/Word/PPT/图片互转与处理，适合工具页与教程,,132.0,,,第三方工具-社区SEO,1,
8977,pdf合并打印,格式转换与文档处理,PDF处理,PDF/Word/PPT/图片互转与处理，适合工具页与教程,,9.0,,,第三方工具-社区SEO,1,
8978,pdf拆分合并,格式转换与文档处理,PDF处理,PDF/Word/PPT/图片互转与处理，适合工具页与教程,,7.0,,,第三方工具-社区SEO,1,
8979,pdf压缩文件,格式转换与文档处理,PDF处理,PDF/Word/PPT/图片互转与处理，适合工具页与教程,,9.0,,,第三方工具-社区SEO,1,
8980,pdf拆分工具,格式转换与文档处理,PDF处理,PDF/Word/PPT/图片互转与处理，适合工具页与教程,,7.0,,,第三方工具-社区SEO,1,
8981,pdf压缩器,格式转换与文档处理,PDF处理,PDF/Word/PPT/图片互转与处理，适合工具页与教程,,154.0,,,第三方工具-社区SEO,1,
8982,在线pdf合并,格式转换与文档处理,PDF处理,PDF/Word/PPT/图片互转与处理，适合工具页与教程,,63.0,,,第三方工具-社区SEO,1,
8983,免费pdf拆分,格式转换与文档处理,PDF处理,PDF/Word/PPT/图片互转与处理，适合工具页与教程,,8.0,,,第三方工具-社区SEO,1,
8984,多个pdf合并,格式转换与文档处理,PDF处理,PDF/Word/PPT/图片互转与处理，适合工具页与教程,,6.0,,,第三方工具-社区SEO,1,
8985,pdf拆分软件,格式转换与文档处理,PDF处理,PDF/Word/PPT/图片互转与处理，适合工具页与教程,,7.0,,,第三方工具-社区SEO,1,
8986,在线pdf压缩工具,格式转换与文档处理,PDF处理,PDF/Word/PPT/图片互转与处理，适合工具页与教程,,5.0,,,第三方工具-社区SEO,1,
8987,pdf拆分,格式转换与文档处理,PDF处理,PDF/Word/PPT/图片互转与处理，适合工具页与教程,,,,,第三方工具-社区SEO,1,
8988,在线pdf拆分,格式转换与文档处理,PDF处理,PDF/Word/PPT/图片互转与处理，适合工具页与教程,,8.0,,,第三方工具-社区SEO,1,
8989,免费的pdf合并软件,格式转换与文档处理,PDF处理,PDF/Word/PPT/图片互转与处理，适合工具页与教程,,5.0,,,第三方工具-社区SEO,1,
8990,pdf压缩网站,格式转换与文档处理,PDF处理,PDF/Word/PPT/图片互转与处理，适合工具页与教程,,5.0,,,第三方工具-社区SEO,1,
8991,pdf压缩,格式转换与文档处理,PDF处理,PDF/Word/PPT/图片互转与处理，适合工具页与教程,,2.0,,,第三方工具-社区SEO,1,
8992,pdf合并,格式转换与文档处理,PDF处理,PDF/Word/PPT/图片互转与处理，适合工具页与教程,,2.0,,,第三方工具-社区SEO,1,
8993,pdf压缩到指定大小,格式转换与文档处理,PDF处理,PDF/Word/PPT/图片互转与处理，适合工具页与教程,,125.0,,,第三方工具-社区SEO,1,
8994,pdf合并工具,格式转换与文档处理,PDF处理,PDF/Word/PPT/图片互转与处理，适合工具页与教程,,64.0,,,第三方工具-社区SEO,1,
8995,PDF转Word,格式转换与文档处理,PDF处理/办公转换,PDF/Word/PPT/图片互转与处理，适合工具页与教程,,,300000.0,,GEO需求机会表,1,S
8996,PDF转Excel,格式转换与文档处理,PDF处理/办公转换,PDF/Word/PPT/图片互转与处理，适合工具页与教程,,,220000.0,,GEO需求机会表,1,S
8997,PDF转PPT,格式转换与文档处理,PDF处理/办公转换,PDF/Word/PPT/图片互转与处理，适合工具页与教程,,,220000.0,,GEO需求机会表,1,S
8998,PDF转换成PPT,格式转换与文档处理,PDF处理/办公转换,PDF/Word/PPT/图片互转与处理，适合工具页与教程,,,220000.0,,GEO需求机会表,1,S
8999,Word转PDF,格式转换与文档处理,PDF处理/办公转换,PDF/Word/PPT/图片互转与处理，适合工具页与教程,,,220000.0,,GEO需求机会表,1,S
9000,PPT转PDF,格式转换与文档处理,PDF处理/办公转换,PDF/Word/PPT/图片互转与处理，适合工具页与教程,,,200000.0,,GEO需求机会表,1,S
9001,Excel转PDF,格式转换与文档处理,PDF处理/办公转换,PDF/Word/PPT/图片互转与处理，适合工具页与教程,,,180000.0,,GEO需求机会表,1,S
9002,PDF表格提取到Excel,格式转换与文档处理,PDF处理/办公转换,PDF/Word/PPT/图片互转与处理，适合工具页与教程,,,170000.0,,GEO需求机会表,1,S
9003,PDF转Word怎么操作,格式转换与文档处理,PDF处理/办公转换,PDF/Word/PPT/图片互转与处理，适合工具页与教程,,,165000.0,,GEO需求机会表,1,S
9004,JPG转PDF,格式转换与文档处理,PDF处理/办公转换,PDF/Word/PPT/图片互转与处理，适合工具页与教程,,,160000.0,,GEO需求机会表,1,S
9005,PDF转JPG,格式转换与文档处理,PDF处理/办公转换,PDF/Word/PPT/图片互转与处理，适合工具页与教程,,,140000.0,,GEO需求机会表,1,A
9006,PDF转Word免费方法,格式转换与文档处理,PDF处理/办公转换,PDF/Word/PPT/图片互转与处理，适合工具页与教程,,,135000.0,,GEO需求机会表,1,A
9007,WPS怎么PDF转Word,格式转换与文档处理,PDF处理/办公转换,PDF/Word/PPT/图片互转与处理，适合工具页与教程,,,135000.0,,GEO需求机会表,1,A
9008,PNG转PDF,格式转换与文档处理,PDF处理/办公转换,PDF/Word/PPT/图片互转与处理，适合工具页与教程,,,130000.0,,GEO需求机会表,1,A
9009,PDF转Excel怎么操作,格式转换与文档处理,PDF处理/办公转换,PDF/Word/PPT/图片互转与处理，适合工具页与教程,,,121000.0,,GEO需求机会表,1,A
9010,PDF转PPT怎么操作,格式转换与文档处理,PDF处理/办公转换,PDF/Word/PPT/图片互转与处理，适合工具页与教程,,,121000.0,,GEO需求机会表,1,A
9011,PDF转换成PPT怎么操作,格式转换与文档处理,PDF处理/办公转换,PDF/Word/PPT/图片互转与处理，适合工具页与教程,,,121000.0,,GEO需求机会表,1,A
9012,Word转PDF怎么操作,格式转换与文档处理,PDF处理/办公转换,PDF/Word/PPT/图片互转与处理，适合工具页与教程,,,121000.0,,GEO需求机会表,1,A
9013,PDF转PNG,格式转换与文档处理,PDF处理/办公转换,PDF/Word/PPT/图片互转与处理，适合工具页与教程,,,120000.0,,GEO需求机会表,1,A
9014,PPT转PDF怎么操作,格式转换与文档处理,PDF处理/办公转换,PDF/Word/PPT/图片互转与处理，适合工具页与教程,,,110000.0,,GEO需求机会表,1,A
9015,Excel转PDF怎么操作,格式转换与文档处理,PDF处理/办公转换,PDF/Word/PPT/图片互转与处理，适合工具页与教程,,,99000.0,,GEO需求机会表,1,A
9016,PDF转Excel免费方法,格式转换与文档处理,PDF处理/办公转换,PDF/Word/PPT/图片互转与处理，适合工具页与教程,,,99000.0,,GEO需求机会表,1,A
9017,PDF转PPT免费方法,格式转换与文档处理,PDF处理/办公转换,PDF/Word/PPT/图片互转与处理，适合工具页与教程,,,99000.0,,GEO需求机会表,1,A
9018,PDF转换成PPT免费方法,格式转换与文档处理,PDF处理/办公转换,PDF/Word/PPT/图片互转与处理，适合工具页与教程,,,99000.0,,GEO需求机会表,1,A
9019,WPS怎么PDF转Excel,格式转换与文档处理,PDF处理/办公转换,PDF/Word/PPT/图片互转与处理，适合工具页与教程,,,99000.0,,GEO需求机会表,1,A
9020,WPS怎么PDF转PPT,格式转换与文档处理,PDF处理/办公转换,PDF/Word/PPT/图片互转与处理，适合工具页与教程,,,99000.0,,GEO需求机会表,1,A
9021,WPS怎么PDF转换成PPT,格式转换与文档处理,PDF处理/办公转换,PDF/Word/PPT/图片互转与处理，适合工具页与教程,,,99000.0,,GEO需求机会表,1,A
9022,WPS怎么Word转PDF,格式转换与文档处理,PDF处理/办公转换,PDF/Word/PPT/图片互转与处理，适合工具页与教程,,,99000.0,,GEO需求机会表,1,A
9023,Word转PDF免费方法,格式转换与文档处理,PDF处理/办公转换,PDF/Word/PPT/图片互转与处理，适合工具页与教程,,,99000.0,,GEO需求机会表,1,A
9024,PDF表格提取到Excel怎么操作,格式转换与文档处理,PDF处理/办公转换,PDF/Word/PPT/图片互转与处理，适合工具页与教程,,,93500.0,,GEO需求机会表,1,A
9025,PPT转PDF免费方法,格式转换与文档处理,PDF处理/办公转换,PDF/Word/PPT/图片互转与处理，适合工具页与教程,,,90000.0,,GEO需求机会表,1,A
9026,WPS怎么PPT转PDF,格式转换与文档处理,PDF处理/办公转换,PDF/Word/PPT/图片互转与处理，适合工具页与教程,,,90000.0,,GEO需求机会表,1,A
9027,JPG转PDF怎么操作,格式转换与文档处理,PDF处理/办公转换,PDF/Word/PPT/图片互转与处理，适合工具页与教程,,,88000.0,,GEO需求机会表,1,A
9028,Excel转PDF免费方法,格式转换与文档处理,PDF处理/办公转换,PDF/Word/PPT/图片互转与处理，适合工具页与教程,,,81000.0,,GEO需求机会表,1,A
9029,WPS怎么Excel转PDF,格式转换与文档处理,PDF处理/办公转换,PDF/Word/PPT/图片互转与处理，适合工具页与教程,,,81000.0,,GEO需求机会表,1,A
9030,PDF转JPG怎么操作,格式转换与文档处理,PDF处理/办公转换,PDF/Word/PPT/图片互转与处理，适合工具页与教程,,,77000.0,,GEO需求机会表,1,B
9031,PDF表格提取到Excel免费方法,格式转换与文档处理,PDF处理/办公转换,PDF/Word/PPT/图片互转与处理，适合工具页与教程,,,76500.0,,GEO需求机会表,1,B
9032,WPS怎么PDF表格提取到Excel,格式转换与文档处理,PDF处理/办公转换,PDF/Word/PPT/图片互转与处理，适合工具页与教程,,,76500.0,,GEO需求机会表,1,B
9033,JPG转PDF免费方法,格式转换与文档处理,PDF处理/办公转换,PDF/Word/PPT/图片互转与处理，适合工具页与教程,,,72000.0,,GEO需求机会表,1,B
9034,WPS怎么JPG转PDF,格式转换与文档处理,PDF处理/办公转换,PDF/Word/PPT/图片互转与处理，适合工具页与教程,,,72000.0,,GEO需求机会表,1,B
9035,PNG转PDF怎么操作,格式转换与文档处理,PDF处理/办公转换,PDF/Word/PPT/图片互转与处理，适合工具页与教程,,,71500.0,,GEO需求机会表,1,B
9036,PDF转PNG怎么操作,格式转换与文档处理,PDF处理/办公转换,PDF/Word/PPT/图片互转与处理，适合工具页与教程,,,66000.0,,GEO需求机会表,1,B
9037,PDF转JPG免费方法,格式转换与文档处理,PDF处理/办公转换,PDF/Word/PPT/图片互转与处理，适合工具页与教程,,,63000.0,,GEO需求机会表,1,B
9038,WPS怎么PDF转JPG,格式转换与文档处理,PDF处理/办公转换,PDF/Word/PPT/图片互转与处理，适合工具页与教程,,,63000.0,,GEO需求机会表,1,B
9039,PNG转PDF免费方法,格式转换与文档处理,PDF处理/办公转换,PDF/Word/PPT/图片互转与处理，适合工具页与教程,,,58500.0,,GEO需求机会表,1,B
9040,WPS怎么PNG转PDF,格式转换与文档处理,PDF处理/办公转换,PDF/Word/PPT/图片互转与处理，适合工具页与教程,,,58500.0,,GEO需求机会表,1,B
9041,PDF转PNG免费方法,格式转换与文档处理,PDF处理/办公转换,PDF/Word/PPT/图片互转与处理，适合工具页与教程,,,54000.0,,GEO需求机会表,1,B
9042,WPS怎么PDF转PNG,格式转换与文档处理,PDF处理/办公转换,PDF/Word/PPT/图片互转与处理，适合工具页与教程,,,54000.0,,GEO需求机会表,1,B
9043,WPS多人协同编辑表格旋转图片,格式转换与文档处理,图片OCR/识别,PDF/Word/PPT/图片互转与处理，适合工具页与教程,1.0,,,,百度统计真实流量,1,
9044,图片怎么转换成pdf格式,格式转换与文档处理,图片OCR/识别,PDF/Word/PPT/图片互转与处理，适合工具页与教程,,1428.0,,,第三方工具-社区SEO,1,
9045,图片转excel,格式转换与文档处理,图片OCR/识别,PDF/Word/PPT/图片互转与处理，适合工具页与教程,,204.0,,,第三方工具-社区SEO,1,
9046,图片转pdf在线,格式转换与文档处理,图片OCR/识别,PDF/Word/PPT/图片互转与处理，适合工具页与教程,,200.0,,,第三方工具-社区SEO,1,
9047,图片转pdf软件免费,格式转换与文档处理,图片OCR/识别,PDF/Word/PPT/图片互转与处理，适合工具页与教程,,215.0,,,第三方工具-社区SEO,1,
9048,pdf转换图片,格式转换与文档处理,图片OCR/识别,PDF/Word/PPT/图片互转与处理，适合工具页与教程,,87.0,,,第三方工具-社区SEO,1,
9049,图片转word,格式转换与文档处理,图片OCR/识别,PDF/Word/PPT/图片互转与处理，适合工具页与教程,,133.0,,,第三方工具-社区SEO,1,
9050,在线pdf转图片,格式转换与文档处理,图片OCR/识别,PDF/Word/PPT/图片互转与处理，适合工具页与教程,,118.0,,,第三方工具-社区SEO,1,
9051,pdf在线转图片,格式转换与文档处理,图片OCR/识别,PDF/Word/PPT/图片互转与处理，适合工具页与教程,,94.0,,,第三方工具-社区SEO,1,
9052,pdf转图片免费,格式转换与文档处理,图片OCR/识别,PDF/Word/PPT/图片互转与处理，适合工具页与教程,,92.0,,,第三方工具-社区SEO,1,
9053,在线图片转pdf,格式转换与文档处理,图片OCR/识别,PDF/Word/PPT/图片互转与处理，适合工具页与教程,,201.0,,,第三方工具-社区SEO,1,
9054,pdf转换成图片,格式转换与文档处理,图片OCR/识别,PDF/Word/PPT/图片互转与处理，适合工具页与教程,,97.0,,,第三方工具-社区SEO,1,
9055,word转图片,格式转换与文档处理,图片OCR/识别,PDF/Word/PPT/图片互转与处理，适合工具页与教程,,73.0,,,第三方工具-社区SEO,1,
9056,图片转换pdf,格式转换与文档处理,图片OCR/识别,PDF/Word/PPT/图片互转与处理，适合工具页与教程,,76.0,,,第三方工具-社区SEO,1,
9057,免费图片转pdf,格式转换与文档处理,图片OCR/识别,PDF/Word/PPT/图片互转与处理，适合工具页与教程,,82.0,,,第三方工具-社区SEO,1,
9058,图片在线转pdf,格式转换与文档处理,图片OCR/识别,PDF/Word/PPT/图片互转与处理，适合工具页与教程,,47.0,,,第三方工具-社区SEO,1,
9059,图片转换成pdf格式,格式转换与文档处理,图片OCR/识别,PDF/Word/PPT/图片互转与处理，适合工具页与教程,,52.0,,,第三方工具-社区SEO,1,
9060,图片转ppt,格式转换与文档处理,图片OCR/识别,PDF/Word/PPT/图片互转与处理，适合工具页与教程,,64.0,,,第三方工具-社区SEO,1,
9061,excel提取数字,格式转换与文档处理,图片OCR/识别,PDF/Word/PPT/图片互转与处理，适合工具页与教程,,41.0,,,第三方工具-社区SEO,1,
9062,pdf怎么转图片,格式转换与文档处理,图片OCR/识别,PDF/Word/PPT/图片互转与处理，适合工具页与教程,,36.0,,,第三方工具-社区SEO,1,
9063,图片转word在线转换免费,格式转换与文档处理,图片OCR/识别,PDF/Word/PPT/图片互转与处理，适合工具页与教程,,20.0,,,第三方工具-社区SEO,1,
9064,图片转换成excel文件,格式转换与文档处理,图片OCR/识别,PDF/Word/PPT/图片互转与处理，适合工具页与教程,,28.0,,,第三方工具-社区SEO,1,
9065,图片免费转pdf,格式转换与文档处理,图片OCR/识别,PDF/Word/PPT/图片互转与处理，适合工具页与教程,,25.0,,,第三方工具-社区SEO,1,
9066,ppt转图片,格式转换与文档处理,图片OCR/识别,PDF/Word/PPT/图片互转与处理，适合工具页与教程,,50.0,,,第三方工具-社区SEO,1,
9067,图片转换为pdf,格式转换与文档处理,图片OCR/识别,PDF/Word/PPT/图片互转与处理，适合工具页与教程,,19.0,,,第三方工具-社区SEO,1,
9068,pdf怎么转换成图片,格式转换与文档处理,图片OCR/识别,PDF/Word/PPT/图片互转与处理，适合工具页与教程,,19.0,,,第三方工具-社区SEO,1,
9069,pdf提取文字,格式转换与文档处理,图片OCR/识别,PDF/Word/PPT/图片互转与处理，适合工具页与教程,,17.0,,,第三方工具-社区SEO,1,
9070,pdf提取图片,格式转换与文档处理,图片OCR/识别,PDF/Word/PPT/图片互转与处理，适合工具页与教程,,21.0,,,第三方工具-社区SEO,1,
9071,pdf转换为图片,格式转换与文档处理,图片OCR/识别,PDF/Word/PPT/图片互转与处理，适合工具页与教程,,16.0,,,第三方工具-社区SEO,1,
9072,excel提取身份证出生日期,格式转换与文档处理,图片OCR/识别,PDF/Word/PPT/图片互转与处理，适合工具页与教程,,15.0,,,第三方工具-社区SEO,1,
9073,免费pdf转图片,格式转换与文档处理,图片OCR/识别,PDF/Word/PPT/图片互转与处理，适合工具页与教程,,24.0,,,第三方工具-社区SEO,1,
9074,免费pdf转换图片,格式转换与文档处理,图片OCR/识别,PDF/Word/PPT/图片互转与处理，适合工具页与教程,,15.0,,,第三方工具-社区SEO,1,
9075,excel提取单元格中的数字,格式转换与文档处理,图片OCR/识别,PDF/Word/PPT/图片互转与处理，适合工具页与教程,,17.0,,,第三方工具-社区SEO,1,
9076,图片转换成pdf,格式转换与文档处理,图片OCR/识别,PDF/Word/PPT/图片互转与处理，适合工具页与教程,,14.0,,,第三方工具-社区SEO,1,
9077,excel身份证提取年龄,格式转换与文档处理,图片OCR/识别,PDF/Word/PPT/图片互转与处理，适合工具页与教程,,19.0,,,第三方工具-社区SEO,1,
9078,excel表格提取部分数据,格式转换与文档处理,图片OCR/识别,PDF/Word/PPT/图片互转与处理，适合工具页与教程,,14.0,,,第三方工具-社区SEO,1,
9079,如何把图片转换成pdf格式,格式转换与文档处理,图片OCR/识别,PDF/Word/PPT/图片互转与处理，适合工具页与教程,,12.0,,,第三方工具-社区SEO,1,
9080,图片转word文档,格式转换与文档处理,图片OCR/识别,PDF/Word/PPT/图片互转与处理，适合工具页与教程,,17.0,,,第三方工具-社区SEO,1,
9081,图片转excel表格,格式转换与文档处理,图片OCR/识别,PDF/Word/PPT/图片互转与处理，适合工具页与教程,,14.0,,,第三方工具-社区SEO,1,
9082,excel身份证号提取性别,格式转换与文档处理,图片OCR/识别,PDF/Word/PPT/图片互转与处理，适合工具页与教程,,14.0,,,第三方工具-社区SEO,1,
9083,pdf转图片在线,格式转换与文档处理,图片OCR/识别,PDF/Word/PPT/图片互转与处理，适合工具页与教程,,122.0,,,第三方工具-社区SEO,1,
9084,pdf转换图片免费,格式转换与文档处理,图片OCR/识别,PDF/Word/PPT/图片互转与处理，适合工具页与教程,,12.0,,,第三方工具-社区SEO,1,
9085,如何把图片转换成word文档,格式转换与文档处理,图片OCR/识别,PDF/Word/PPT/图片互转与处理，适合工具页与教程,,50.0,,,第三方工具-社区SEO,1,
9086,excel转图片,格式转换与文档处理,图片OCR/识别,PDF/Word/PPT/图片互转与处理，适合工具页与教程,,17.0,,,第三方工具-社区SEO,1,
9087,在线图片转excel,格式转换与文档处理,图片OCR/识别,PDF/Word/PPT/图片互转与处理，适合工具页与教程,,11.0,,,第三方工具-社区SEO,1,
9088,图片转pdf格式,格式转换与文档处理,图片OCR/识别,PDF/Word/PPT/图片互转与处理，适合工具页与教程,,11.0,,,第三方工具-社区SEO,1,
9089,pdf文字识别,格式转换与文档处理,图片OCR/识别,PDF/Word/PPT/图片互转与处理，适合工具页与教程,,11.0,,,第三方工具-社区SEO,1,
9090,pdf怎么转换成jpg图片,格式转换与文档处理,图片OCR/识别,PDF/Word/PPT/图片互转与处理，适合工具页与教程,,,,,第三方工具-社区SEO,1,
9091,pdf文字提取,格式转换与文档处理,图片OCR/识别,PDF/Word/PPT/图片互转与处理，适合工具页与教程,,13.0,,,第三方工具-社区SEO,1,
9092,pdf在线转换图片,格式转换与文档处理,图片OCR/识别,PDF/Word/PPT/图片互转与处理，适合工具页与教程,,9.0,,,第三方工具-社区SEO,1,
9093,pdf图片提取,格式转换与文档处理,图片OCR/识别,PDF/Word/PPT/图片互转与处理，适合工具页与教程,,9.0,,,第三方工具-社区SEO,1,
9094,图片转换成ppt,格式转换与文档处理,图片OCR/识别,PDF/Word/PPT/图片互转与处理，适合工具页与教程,,13.0,,,第三方工具-社区SEO,1,
9095,excel提取文字,格式转换与文档处理,图片OCR/识别,PDF/Word/PPT/图片互转与处理，适合工具页与教程,,10.0,,,第三方工具-社区SEO,1,
9096,提取excel单元格中的部分内容,格式转换与文档处理,图片OCR/识别,PDF/Word/PPT/图片互转与处理，适合工具页与教程,,8.0,,,第三方工具-社区SEO,1,
9097,excel身份证提取性别,格式转换与文档处理,图片OCR/识别,PDF/Word/PPT/图片互转与处理，适合工具页与教程,,4.0,,,第三方工具-社区SEO,1,
9098,图片怎么转pdf,格式转换与文档处理,图片OCR/识别,PDF/Word/PPT/图片互转与处理，适合工具页与教程,,64.0,,,第三方工具-社区SEO,1,
9099,wps图片转pdf,格式转换与文档处理,图片OCR/识别,PDF/Word/PPT/图片互转与处理，适合工具页与教程,,7.0,,,第三方工具-社区SEO,1,
9100,在线图片转word,格式转换与文档处理,图片OCR/识别,PDF/Word/PPT/图片互转与处理，适合工具页与教程,,10.0,,,第三方工具-社区SEO,1,
9101,图片转换成excel,格式转换与文档处理,图片OCR/识别,PDF/Word/PPT/图片互转与处理，适合工具页与教程,,7.0,,,第三方工具-社区SEO,1,
9102,excel提取月份,格式转换与文档处理,图片OCR/识别,PDF/Word/PPT/图片互转与处理，适合工具页与教程,,7.0,,,第三方工具-社区SEO,1,
9103,图片转换excel,格式转换与文档处理,图片OCR/识别,PDF/Word/PPT/图片互转与处理，适合工具页与教程,,6.0,,,第三方工具-社区SEO,1,
9104,pdf转图片,格式转换与文档处理,图片OCR/识别,PDF/Word/PPT/图片互转与处理，适合工具页与教程,,3.0,,,第三方工具-社区SEO,1,
9105,多张图片转pdf,格式转换与文档处理,图片OCR/识别,PDF/Word/PPT/图片互转与处理，适合工具页与教程,,16.0,,,第三方工具-社区SEO,1,
9106,pdf提取,格式转换与文档处理,图片OCR/识别,PDF/Word/PPT/图片互转与处理，适合工具页与教程,,13.0,,,第三方工具-社区SEO,1,
9107,怎么把pdf转换成图片,格式转换与文档处理,图片OCR/识别,PDF/Word/PPT/图片互转与处理，适合工具页与教程,,11.0,,,第三方工具-社区SEO,1,
9108,图片转pdf软件,格式转换与文档处理,图片OCR/识别,PDF/Word/PPT/图片互转与处理，适合工具页与教程,,7.0,,,第三方工具-社区SEO,1,
9109,在线图片转pdf免费,格式转换与文档处理,图片OCR/识别,PDF/Word/PPT/图片互转与处理，适合工具页与教程,,6.0,,,第三方工具-社区SEO,1,
9110,图片转word 在线,格式转换与文档处理,图片OCR/识别,PDF/Word/PPT/图片互转与处理，适合工具页与教程,,5.0,,,第三方工具-社区SEO,1,
9111,ppt提取文字,格式转换与文档处理,图片OCR/识别,PDF/Word/PPT/图片互转与处理，适合工具页与教程,,5.0,,,第三方工具-社区SEO,1,
9112,pdf转图片在线免费,格式转换与文档处理,图片OCR/识别,PDF/Word/PPT/图片互转与处理，适合工具页与教程,,9.0,,,第三方工具-社区SEO,1,
9113,pdf转图片在线转换,格式转换与文档处理,图片OCR/识别,PDF/Word/PPT/图片互转与处理，适合工具页与教程,,5.0,,,第三方工具-社区SEO,1,
9114,word旋转图片,格式转换与文档处理,图片OCR/识别,PDF/Word/PPT/图片互转与处理，适合工具页与教程,,6.0,,,第三方工具-社区SEO,1,
9115,图片转word在线,格式转换与文档处理,图片OCR/识别,PDF/Word/PPT/图片互转与处理，适合工具页与教程,,6.0,,,第三方工具-社区SEO,1,
9116,图片转换word,格式转换与文档处理,图片OCR/识别,PDF/Word/PPT/图片互转与处理，适合工具页与教程,,5.0,,,第三方工具-社区SEO,1,
9117,图片转pdf,格式转换与文档处理,图片OCR/识别,PDF/Word/PPT/图片互转与处理，适合工具页与教程,,2.0,,,第三方工具-社区SEO,1,
9118,pdf转图片工具,格式转换与文档处理,图片OCR/识别,PDF/Word/PPT/图片互转与处理，适合工具页与教程,,8.0,,,第三方工具-社区SEO,1,
9119,pdf识别,格式转换与文档处理,图片OCR/识别,PDF/Word/PPT/图片互转与处理，适合工具页与教程,,6.0,,,第三方工具-社区SEO,1,
9120,word怎么旋转图片,格式转换与文档处理,图片OCR/识别,PDF/Word/PPT/图片互转与处理，适合工具页与教程,,7.0,,,第三方工具-社区SEO,1,
9121,word转图片在线,格式转换与文档处理,图片OCR/识别,PDF/Word/PPT/图片互转与处理，适合工具页与教程,,4.0,,,第三方工具-社区SEO,1,
9122,图片转excel在线,格式转换与文档处理,图片OCR/识别,PDF/Word/PPT/图片互转与处理，适合工具页与教程,,7.0,,,第三方工具-社区SEO,1,
9123,excel提取日期,格式转换与文档处理,图片OCR/识别,PDF/Word/PPT/图片互转与处理，适合工具页与教程,,5.0,,,第三方工具-社区SEO,1,
9124,excel提取年龄,格式转换与文档处理,图片OCR/识别,PDF/Word/PPT/图片互转与处理，适合工具页与教程,,4.0,,,第三方工具-社区SEO,1,
9125,excel怎么提取数字,格式转换与文档处理,图片OCR/识别,PDF/Word/PPT/图片互转与处理，适合工具页与教程,,4.0,,,第三方工具-社区SEO,1,
9126,excel提取年份,格式转换与文档处理,图片OCR/识别,PDF/Word/PPT/图片互转与处理，适合工具页与教程,,4.0,,,第三方工具-社区SEO,1,
9127,图片转pdf在线转换免费,格式转换与文档处理,图片OCR/识别,PDF/Word/PPT/图片互转与处理，适合工具页与教程,,5.0,,,第三方工具-社区SEO,1,
9128,怎样把图片文字转换成word文档,格式转换与文档处理,图片OCR/识别,PDF/Word/PPT/图片互转与处理，适合工具页与教程,,21.0,,,第三方工具-社区SEO,1,
9129,word里面的图片怎么提取出来,格式转换与文档处理,图片OCR/识别,PDF/Word/PPT/图片互转与处理，适合工具页与教程,,4.0,,,第三方工具-社区SEO,1,
9130,在线word转图片,格式转换与文档处理,图片OCR/识别,PDF/Word/PPT/图片互转与处理，适合工具页与教程,,3.0,,,第三方工具-社区SEO,1,
9131,图片转word在线转换,格式转换与文档处理,图片OCR/识别,PDF/Word/PPT/图片互转与处理，适合工具页与教程,,3.0,,,第三方工具-社区SEO,1,
9132,图片在线转word,格式转换与文档处理,图片OCR/识别,PDF/Word/PPT/图片互转与处理，适合工具页与教程,,3.0,,,第三方工具-社区SEO,1,
9133,图片转换成word,格式转换与文档处理,图片OCR/识别,PDF/Word/PPT/图片互转与处理，适合工具页与教程,,2.0,,,第三方工具-社区SEO,1,
9134,图片转Excel,格式转换与文档处理,图片OCR/识别提取,PDF/Word/PPT/图片互转与处理，适合工具页与教程,,,220000.0,,GEO需求机会表,1,S
9135,图片转换成文字,格式转换与文档处理,图片OCR/识别提取,PDF/Word/PPT/图片互转与处理，适合工具页与教程,,,220000.0,,GEO需求机会表,1,S
9136,图片转换成表格,格式转换与文档处理,图片OCR/识别提取,PDF/Word/PPT/图片互转与处理，适合工具页与教程,,,220000.0,,GEO需求机会表,1,S
9137,OCR文字识别工具哪个好,格式转换与文档处理,图片OCR/识别提取,PDF/Word/PPT/图片互转与处理，适合工具页与教程,,,180000.0,,GEO需求机会表,1,S
9138,图片转PDF,格式转换与文档处理,图片OCR/识别提取,PDF/Word/PPT/图片互转与处理，适合工具页与教程,,,180000.0,,GEO需求机会表,1,S
9139,扫描件转Word,格式转换与文档处理,图片OCR/识别提取,PDF/Word/PPT/图片互转与处理，适合工具页与教程,,,180000.0,,GEO需求机会表,1,S
9140,照片转文字,格式转换与文档处理,图片OCR/识别提取,PDF/Word/PPT/图片互转与处理，适合工具页与教程,,,180000.0,,GEO需求机会表,1,S
9141,表格图片转Excel,格式转换与文档处理,图片OCR/识别提取,PDF/Word/PPT/图片互转与处理，适合工具页与教程,,,180000.0,,GEO需求机会表,1,S
9142,图片文字识别软件哪个好,格式转换与文档处理,图片OCR/识别提取,PDF/Word/PPT/图片互转与处理，适合工具页与教程,,,170000.0,,GEO需求机会表,1,S
9143,图片转Word,格式转换与文档处理,图片OCR/识别提取,PDF/Word/PPT/图片互转与处理，适合工具页与教程,,,170000.0,,GEO需求机会表,1,S
9144,图片里的表格怎么提取,格式转换与文档处理,图片OCR/识别提取,PDF/Word/PPT/图片互转与处理，适合工具页与教程,,,170000.0,,GEO需求机会表,1,S
9145,扫描件转Excel,格式转换与文档处理,图片OCR/识别提取,PDF/Word/PPT/图片互转与处理，适合工具页与教程,,,170000.0,,GEO需求机会表,1,S
9146,照片转表格,格式转换与文档处理,图片OCR/识别提取,PDF/Word/PPT/图片互转与处理，适合工具页与教程,,,170000.0,,GEO需求机会表,1,S
9147,PDF转图片,格式转换与文档处理,图片OCR/识别提取,PDF/Word/PPT/图片互转与处理，适合工具页与教程,,,160000.0,,GEO需求机会表,1,S
9148,扫描PDF怎么识别文字,格式转换与文档处理,图片OCR/识别提取,PDF/Word/PPT/图片互转与处理，适合工具页与教程,,,160000.0,,GEO需求机会表,1,S
9149,PDF OCR识别怎么做,格式转换与文档处理,图片OCR/识别提取,PDF/Word/PPT/图片互转与处理，适合工具页与教程,,,150000.0,,GEO需求机会表,1,S
9150,截图文字识别怎么弄,格式转换与文档处理,图片OCR/识别提取,PDF/Word/PPT/图片互转与处理，适合工具页与教程,,,150000.0,,GEO需求机会表,1,S
9151,手机拍照转文字,格式转换与文档处理,图片OCR/识别提取,PDF/Word/PPT/图片互转与处理，适合工具页与教程,,,150000.0,,GEO需求机会表,1,S
9152,PPT转图片,格式转换与文档处理,图片OCR/识别提取,PDF/Word/PPT/图片互转与处理，适合工具页与教程,,,140000.0,,GEO需求机会表,1,A
9153,图片转Excel怎么操作,格式转换与文档处理,图片OCR/识别提取,PDF/Word/PPT/图片互转与处理，适合工具页与教程,,,121000.0,,GEO需求机会表,1,A
9154,图片转换成文字怎么操作,格式转换与文档处理,图片OCR/识别提取,PDF/Word/PPT/图片互转与处理，适合工具页与教程,,,121000.0,,GEO需求机会表,1,A
9155,图片转换成表格怎么操作,格式转换与文档处理,图片OCR/识别提取,PDF/Word/PPT/图片互转与处理，适合工具页与教程,,,121000.0,,GEO需求机会表,1,A
9156,WPS图片转文字怎么用,格式转换与文档处理,图片OCR/识别提取,PDF/Word/PPT/图片互转与处理，适合工具页与教程,,,110000.0,,GEO需求机会表,1,A
9157,WPS怎么识别图片文字,格式转换与文档处理,图片OCR/识别提取,PDF/Word/PPT/图片互转与处理，适合工具页与教程,,,110000.0,,GEO需求机会表,1,A
9158,PDF里的图片怎么提取,格式转换与文档处理,图片OCR/识别提取,PDF/Word/PPT/图片互转与处理，适合工具页与教程,,,100000.0,,GEO需求机会表,1,A
9159,WPS怎么提取图片里的表格,格式转换与文档处理,图片OCR/识别提取,PDF/Word/PPT/图片互转与处理，适合工具页与教程,,,100000.0,,GEO需求机会表,1,A
9160,Word转换成图片,格式转换与文档处理,图片OCR/识别提取,PDF/Word/PPT/图片互转与处理，适合工具页与教程,,,100000.0,,GEO需求机会表,1,A
9161,WPS怎么图片转Excel,格式转换与文档处理,图片OCR/识别提取,PDF/Word/PPT/图片互转与处理，适合工具页与教程,,,99000.0,,GEO需求机会表,1,A
9162,WPS怎么图片转换成文字,格式转换与文档处理,图片OCR/识别提取,PDF/Word/PPT/图片互转与处理，适合工具页与教程,,,99000.0,,GEO需求机会表,1,A
9163,WPS怎么图片转换成表格,格式转换与文档处理,图片OCR/识别提取,PDF/Word/PPT/图片互转与处理，适合工具页与教程,,,99000.0,,GEO需求机会表,1,A
9164,图片转Excel免费方法,格式转换与文档处理,图片OCR/识别提取,PDF/Word/PPT/图片互转与处理，适合工具页与教程,,,99000.0,,GEO需求机会表,1,A
9165,图片转PDF怎么操作,格式转换与文档处理,图片OCR/识别提取,PDF/Word/PPT/图片互转与处理，适合工具页与教程,,,99000.0,,GEO需求机会表,1,A
9166,图片转换成文字免费方法,格式转换与文档处理,图片OCR/识别提取,PDF/Word/PPT/图片互转与处理，适合工具页与教程,,,99000.0,,GEO需求机会表,1,A
9167,图片转换成表格免费方法,格式转换与文档处理,图片OCR/识别提取,PDF/Word/PPT/图片互转与处理，适合工具页与教程,,,99000.0,,GEO需求机会表,1,A
9168,扫描件转Word怎么操作,格式转换与文档处理,图片OCR/识别提取,PDF/Word/PPT/图片互转与处理，适合工具页与教程,,,99000.0,,GEO需求机会表,1,A
9169,照片转文字怎么操作,格式转换与文档处理,图片OCR/识别提取,PDF/Word/PPT/图片互转与处理，适合工具页与教程,,,99000.0,,GEO需求机会表,1,A
9170,表格图片转Excel怎么操作,格式转换与文档处理,图片OCR/识别提取,PDF/Word/PPT/图片互转与处理，适合工具页与教程,,,99000.0,,GEO需求机会表,1,A
9171,图片转Word怎么操作,格式转换与文档处理,图片OCR/识别提取,PDF/Word/PPT/图片互转与处理，适合工具页与教程,,,93500.0,,GEO需求机会表,1,A
9172,扫描件转Excel怎么操作,格式转换与文档处理,图片OCR/识别提取,PDF/Word/PPT/图片互转与处理，适合工具页与教程,,,93500.0,,GEO需求机会表,1,A
9173,照片转表格怎么操作,格式转换与文档处理,图片OCR/识别提取,PDF/Word/PPT/图片互转与处理，适合工具页与教程,,,93500.0,,GEO需求机会表,1,A
9174,WPS OCR在哪里,格式转换与文档处理,图片OCR/识别提取,PDF/Word/PPT/图片互转与处理，适合工具页与教程,,,90000.0,,GEO需求机会表,1,A
9175,PDF转图片怎么操作,格式转换与文档处理,图片OCR/识别提取,PDF/Word/PPT/图片互转与处理，适合工具页与教程,,,88000.0,,GEO需求机会表,1,A
9176,WPS怎么图片转PDF,格式转换与文档处理,图片OCR/识别提取,PDF/Word/PPT/图片互转与处理，适合工具页与教程,,,81000.0,,GEO需求机会表,1,A
9177,WPS怎么扫描件转Word,格式转换与文档处理,图片OCR/识别提取,PDF/Word/PPT/图片互转与处理，适合工具页与教程,,,81000.0,,GEO需求机会表,1,A
9178,WPS怎么照片转文字,格式转换与文档处理,图片OCR/识别提取,PDF/Word/PPT/图片互转与处理，适合工具页与教程,,,81000.0,,GEO需求机会表,1,A
9179,WPS怎么表格图片转Excel,格式转换与文档处理,图片OCR/识别提取,PDF/Word/PPT/图片互转与处理，适合工具页与教程,,,81000.0,,GEO需求机会表,1,A
9180,图片转PDF免费方法,格式转换与文档处理,图片OCR/识别提取,PDF/Word/PPT/图片互转与处理，适合工具页与教程,,,81000.0,,GEO需求机会表,1,A
9181,扫描件转Word免费方法,格式转换与文档处理,图片OCR/识别提取,PDF/Word/PPT/图片互转与处理，适合工具页与教程,,,81000.0,,GEO需求机会表,1,A
9182,照片转文字免费方法,格式转换与文档处理,图片OCR/识别提取,PDF/Word/PPT/图片互转与处理，适合工具页与教程,,,81000.0,,GEO需求机会表,1,A
9183,表格图片转Excel免费方法,格式转换与文档处理,图片OCR/识别提取,PDF/Word/PPT/图片互转与处理，适合工具页与教程,,,81000.0,,GEO需求机会表,1,A
9184,PPT转图片怎么操作,格式转换与文档处理,图片OCR/识别提取,PDF/Word/PPT/图片互转与处理，适合工具页与教程,,,77000.0,,GEO需求机会表,1,B
9185,WPS怎么图片转Word,格式转换与文档处理,图片OCR/识别提取,PDF/Word/PPT/图片互转与处理，适合工具页与教程,,,76500.0,,GEO需求机会表,1,B
9186,WPS怎么扫描件转Excel,格式转换与文档处理,图片OCR/识别提取,PDF/Word/PPT/图片互转与处理，适合工具页与教程,,,76500.0,,GEO需求机会表,1,B
9187,WPS怎么照片转表格,格式转换与文档处理,图片OCR/识别提取,PDF/Word/PPT/图片互转与处理，适合工具页与教程,,,76500.0,,GEO需求机会表,1,B
9188,图片转Word免费方法,格式转换与文档处理,图片OCR/识别提取,PDF/Word/PPT/图片互转与处理，适合工具页与教程,,,76500.0,,GEO需求机会表,1,B
9189,扫描件转Excel免费方法,格式转换与文档处理,图片OCR/识别提取,PDF/Word/PPT/图片互转与处理，适合工具页与教程,,,76500.0,,GEO需求机会表,1,B
9190,照片转表格免费方法,格式转换与文档处理,图片OCR/识别提取,PDF/Word/PPT/图片互转与处理，适合工具页与教程,,,76500.0,,GEO需求机会表,1,B
9191,PDF转图片免费方法,格式转换与文档处理,图片OCR/识别提取,PDF/Word/PPT/图片互转与处理，适合工具页与教程,,,72000.0,,GEO需求机会表,1,B
9192,WPS怎么PDF转图片,格式转换与文档处理,图片OCR/识别提取,PDF/Word/PPT/图片互转与处理，适合工具页与教程,,,72000.0,,GEO需求机会表,1,B
9193,PPT转图片免费方法,格式转换与文档处理,图片OCR/识别提取,PDF/Word/PPT/图片互转与处理，适合工具页与教程,,,63000.0,,GEO需求机会表,1,B
9194,WPS怎么PPT转图片,格式转换与文档处理,图片OCR/识别提取,PDF/Word/PPT/图片互转与处理，适合工具页与教程,,,63000.0,,GEO需求机会表,1,B
9195,PDF里的图片怎么提取怎么操作,格式转换与文档处理,图片OCR/识别提取,PDF/Word/PPT/图片互转与处理，适合工具页与教程,,,55000.0,,GEO需求机会表,1,B
9196,Word转换成图片怎么操作,格式转换与文档处理,图片OCR/识别提取,PDF/Word/PPT/图片互转与处理，适合工具页与教程,,,55000.0,,GEO需求机会表,1,B
9197,PDF里的图片怎么提取免费方法,格式转换与文档处理,图片OCR/识别提取,PDF/Word/PPT/图片互转与处理，适合工具页与教程,,,45000.0,,GEO需求机会表,1,B
9198,WPS怎么PDF里的图片怎么提取,格式转换与文档处理,图片OCR/识别提取,PDF/Word/PPT/图片互转与处理，适合工具页与教程,,,45000.0,,GEO需求机会表,1,B
9199,WPS怎么Word转换成图片,格式转换与文档处理,图片OCR/识别提取,PDF/Word/PPT/图片互转与处理，适合工具页与教程,,,45000.0,,GEO需求机会表,1,B
9200,Word转换成图片免费方法,格式转换与文档处理,图片OCR/识别提取,PDF/Word/PPT/图片互转与处理，适合工具页与教程,,,45000.0,,GEO需求机会表,1,B
9201,wps提取图片文字,格式转换与文档处理,图片OCR/识别提取,PDF/Word/PPT/图片互转与处理，适合工具页与教程,,,35000.0,,GEO需求机会表,1,B
9202,wps提取文字,格式转换与文档处理,图片OCR/识别提取,PDF/Word/PPT/图片互转与处理，适合工具页与教程,,,35000.0,,GEO需求机会表,1,B
9203,wps ocr,格式转换与文档处理,图片OCR/识别提取,PDF/Word/PPT/图片互转与处理，适合工具页与教程,,,20000.0,,GEO需求机会表,1,C
9204,wps ocr识别,格式转换与文档处理,图片OCR/识别提取,PDF/Word/PPT/图片互转与处理，适合工具页与教程,,,20000.0,,GEO需求机会表,1,C
9205,wps 识别图片文字,格式转换与文档处理,图片OCR/识别提取,PDF/Word/PPT/图片互转与处理，适合工具页与教程,,,20000.0,,GEO需求机会表,1,C
9206,wps可以图片转文字吗,格式转换与文档处理,图片OCR/识别提取,PDF/Word/PPT/图片互转与处理，适合工具页与教程,,,20000.0,,GEO需求机会表,1,C
9207,wps图片上的文字,格式转换与文档处理,图片OCR/识别提取,PDF/Word/PPT/图片互转与处理，适合工具页与教程,,,20000.0,,GEO需求机会表,1,C
9208,wps图片下方文字,格式转换与文档处理,图片OCR/识别提取,PDF/Word/PPT/图片互转与处理，适合工具页与教程,,,20000.0,,GEO需求机会表,1,C
9209,wps图片与文字,格式转换与文档处理,图片OCR/识别提取,PDF/Word/PPT/图片互转与处理，适合工具页与教程,,,20000.0,,GEO需求机会表,1,C
9210,wps图片加文字,格式转换与文档处理,图片OCR/识别提取,PDF/Word/PPT/图片互转与处理，适合工具页与教程,,,20000.0,,GEO需求机会表,1,C
9211,wps图片文字,格式转换与文档处理,图片OCR/识别提取,PDF/Word/PPT/图片互转与处理，适合工具页与教程,,,20000.0,,GEO需求机会表,1,C
9212,wps图片添加文字,格式转换与文档处理,图片OCR/识别提取,PDF/Word/PPT/图片互转与处理，适合工具页与教程,,,20000.0,,GEO需求机会表,1,C
9213,wps图片被文字环绕,格式转换与文档处理,图片OCR/识别提取,PDF/Word/PPT/图片互转与处理，适合工具页与教程,,,20000.0,,GEO需求机会表,1,C
9214,wps图片识别文字,格式转换与文档处理,图片OCR/识别提取,PDF/Word/PPT/图片互转与处理，适合工具页与教程,,,20000.0,,GEO需求机会表,1,C
9215,wps图片转文字怎么弄,格式转换与文档处理,图片OCR/识别提取,PDF/Word/PPT/图片互转与处理，适合工具页与教程,,,20000.0,,GEO需求机会表,1,C
9216,wps在图片上加文字,格式转换与文档处理,图片OCR/识别提取,PDF/Word/PPT/图片互转与处理，适合工具页与教程,,,20000.0,,GEO需求机会表,1,C
9217,wps如何提取图片文字,格式转换与文档处理,图片OCR/识别提取,PDF/Word/PPT/图片互转与处理，适合工具页与教程,,,20000.0,,GEO需求机会表,1,C
9218,wps怎么添加图片文字,格式转换与文档处理,图片OCR/识别提取,PDF/Word/PPT/图片互转与处理，适合工具页与教程,,,20000.0,,GEO需求机会表,1,C
9219,wps怎么给图片加文字,格式转换与文档处理,图片OCR/识别提取,PDF/Word/PPT/图片互转与处理，适合工具页与教程,,,20000.0,,GEO需求机会表,1,C
9220,wps文字图片转文字,格式转换与文档处理,图片OCR/识别提取,PDF/Word/PPT/图片互转与处理，适合工具页与教程,,,20000.0,,GEO需求机会表,1,C
9221,wps无法识别图片格式,格式转换与文档处理,图片OCR/识别提取,PDF/Word/PPT/图片互转与处理，适合工具页与教程,,,20000.0,,GEO需求机会表,1,C
9222,wps的图片转文字,格式转换与文档处理,图片OCR/识别提取,PDF/Word/PPT/图片互转与处理，适合工具页与教程,,,20000.0,,GEO需求机会表,1,C
9223,wps表格图片置于文字下方,格式转换与文档处理,图片OCR/识别提取,PDF/Word/PPT/图片互转与处理，适合工具页与教程,,,20000.0,,GEO需求机会表,1,C
9224,图片文字转换成wps,格式转换与文档处理,图片OCR/识别提取,PDF/Word/PPT/图片互转与处理，适合工具页与教程,,,20000.0,,GEO需求机会表,1,C
9225,图片转换成wps文字,格式转换与文档处理,图片OCR/识别提取,PDF/Word/PPT/图片互转与处理，适合工具页与教程,,,20000.0,,GEO需求机会表,1,C
9226,图片转换成文字wps,格式转换与文档处理,图片OCR/识别提取,PDF/Word/PPT/图片互转与处理，适合工具页与教程,,,20000.0,,GEO需求机会表,1,C
9227,手机wps图片转文字,格式转换与文档处理,图片OCR/识别提取,PDF/Word/PPT/图片互转与处理，适合工具页与教程,,,20000.0,,GEO需求机会表,1,C
9228,扫描的wps文字,格式转换与文档处理,图片OCR/识别提取,PDF/Word/PPT/图片互转与处理，适合工具页与教程,,,20000.0,,GEO需求机会表,1,C
9229,pdf编辑器免费版,格式转换与文档处理,文档格式转换,PDF/Word/PPT/图片互转与处理，适合工具页与教程,,3.0,,,百度搜索联想/相关搜索、第三方工具-社区SEO,2,
9230,免费pdf编辑软件,格式转换与文档处理,文档格式转换,PDF/Word/PPT/图片互转与处理，适合工具页与教程,2.0,185.0,,,百度统计真实流量、第三方工具-社区SEO,2,
9231,pdf去水印,格式转换与文档处理,文档格式转换,PDF/Word/PPT/图片互转与处理，适合工具页与教程,1.0,,,,百度统计真实流量、第三方工具-社区SEO,2,
9232,WPS在线转换,格式转换与文档处理,文档格式转换,PDF/Word/PPT/图片互转与处理，适合工具页与教程,2.0,,,,百度统计真实流量,1,
9233,金山PDF编辑器,格式转换与文档处理,文档格式转换,PDF/Word/PPT/图片互转与处理，适合工具页与教程,2.0,,,,百度统计真实流量,1,
9234,WPS 转换网页版,格式转换与文档处理,文档格式转换,PDF/Word/PPT/图片互转与处理，适合工具页与教程,1.0,,,,百度统计真实流量,1,
9235,wps格式转换,格式转换与文档处理,文档格式转换,PDF/Word/PPT/图片互转与处理，适合工具页与教程,1.0,,,,百度统计真实流量,1,
9236,.et在线转换,格式转换与文档处理,文档格式转换,PDF/Word/PPT/图片互转与处理，适合工具页与教程,1.0,,,,百度统计真实流量,1,
9237,wps在线转换成word,格式转换与文档处理,文档格式转换,PDF/Word/PPT/图片互转与处理，适合工具页与教程,1.0,,,,百度统计真实流量,1,
9238,wps格式转换器,格式转换与文档处理,文档格式转换,PDF/Word/PPT/图片互转与处理，适合工具页与教程,1.0,,,,百度统计真实流量,1,
9239,pdf编辑工具,格式转换与文档处理,文档格式转换,PDF/Word/PPT/图片互转与处理，适合工具页与教程,,616.0,,,第三方工具-社区SEO,1,
9240,免费pdf编辑器,格式转换与文档处理,文档格式转换,PDF/Word/PPT/图片互转与处理，适合工具页与教程,,506.0,,,第三方工具-社区SEO,1,
9241,word转ppt,格式转换与文档处理,文档格式转换,PDF/Word/PPT/图片互转与处理，适合工具页与教程,,118.0,,,第三方工具-社区SEO,1,
9242,json转excel,格式转换与文档处理,文档格式转换,PDF/Word/PPT/图片互转与处理，适合工具页与教程,,112.0,,,第三方工具-社区SEO,1,
9243,pdf编辑器破解版,格式转换与文档处理,文档格式转换,PDF/Word/PPT/图片互转与处理，适合工具页与教程,,211.0,,,第三方工具-社区SEO,1,
9244,在线pdf编辑器,格式转换与文档处理,文档格式转换,PDF/Word/PPT/图片互转与处理，适合工具页与教程,,51.0,,,第三方工具-社区SEO,1,
9245,excel转word,格式转换与文档处理,文档格式转换,PDF/Word/PPT/图片互转与处理，适合工具页与教程,,100.0,,,第三方工具-社区SEO,1,
9246,ppt转换成word文档,格式转换与文档处理,文档格式转换,PDF/Word/PPT/图片互转与处理，适合工具页与教程,,68.0,,,第三方工具-社区SEO,1,
9247,word转换成excel,格式转换与文档处理,文档格式转换,PDF/Word/PPT/图片互转与处理，适合工具页与教程,,88.0,,,第三方工具-社区SEO,1,
9248,ppt转word,格式转换与文档处理,文档格式转换,PDF/Word/PPT/图片互转与处理，适合工具页与教程,,201.0,,,第三方工具-社区SEO,1,
9249,word转excel,格式转换与文档处理,文档格式转换,PDF/Word/PPT/图片互转与处理，适合工具页与教程,,192.0,,,第三方工具-社区SEO,1,
9250,excel行列转换,格式转换与文档处理,文档格式转换,PDF/Word/PPT/图片互转与处理，适合工具页与教程,,73.0,,,第三方工具-社区SEO,1,
9251,在线pdf编辑,格式转换与文档处理,文档格式转换,PDF/Word/PPT/图片互转与处理，适合工具页与教程,,56.0,,,第三方工具-社区SEO,1,
9252,word转换成ppt,格式转换与文档处理,文档格式转换,PDF/Word/PPT/图片互转与处理，适合工具页与教程,,53.0,,,第三方工具-社区SEO,1,
9253,迅捷pdf编辑器破解版,格式转换与文档处理,文档格式转换,PDF/Word/PPT/图片互转与处理，适合工具页与教程,,39.0,,,第三方工具-社区SEO,1,
9254,excel日期格式转换,格式转换与文档处理,文档格式转换,PDF/Word/PPT/图片互转与处理，适合工具页与教程,,48.0,,,第三方工具-社区SEO,1,
9255,文档转ppt,格式转换与文档处理,文档格式转换,PDF/Word/PPT/图片互转与处理，适合工具页与教程,,36.0,,,第三方工具-社区SEO,1,
9256,caj转word,格式转换与文档处理,文档格式转换,PDF/Word/PPT/图片互转与处理，适合工具页与教程,,32.0,,,第三方工具-社区SEO,1,
9257,pages文件转换成word,格式转换与文档处理,文档格式转换,PDF/Word/PPT/图片互转与处理，适合工具页与教程,,37.0,,,第三方工具-社区SEO,1,
9258,免费pdf编辑,格式转换与文档处理,文档格式转换,PDF/Word/PPT/图片互转与处理，适合工具页与教程,,32.0,,,第三方工具-社区SEO,1,
9259,pdf在线去水印,格式转换与文档处理,文档格式转换,PDF/Word/PPT/图片互转与处理，适合工具页与教程,,35.0,,,第三方工具-社区SEO,1,
9260,福昕pdf编辑器免费版,格式转换与文档处理,文档格式转换,PDF/Word/PPT/图片互转与处理，适合工具页与教程,,29.0,,,第三方工具-社区SEO,1,
9261,word去水印,格式转换与文档处理,文档格式转换,PDF/Word/PPT/图片互转与处理，适合工具页与教程,,30.0,,,第三方工具-社区SEO,1,
9262,极速pdf编辑器,格式转换与文档处理,文档格式转换,PDF/Word/PPT/图片互转与处理，适合工具页与教程,,31.0,,,第三方工具-社区SEO,1,
9263,txt转excel,格式转换与文档处理,文档格式转换,PDF/Word/PPT/图片互转与处理，适合工具页与教程,,25.0,,,第三方工具-社区SEO,1,
9264,pdf去水印免费软件,格式转换与文档处理,文档格式转换,PDF/Word/PPT/图片互转与处理，适合工具页与教程,,20.0,,,第三方工具-社区SEO,1,
9265,在线pdf编辑器免费版,格式转换与文档处理,文档格式转换,PDF/Word/PPT/图片互转与处理，适合工具页与教程,,20.0,,,第三方工具-社区SEO,1,
9266,ppt怎么转换成word文档,格式转换与文档处理,文档格式转换,PDF/Word/PPT/图片互转与处理，适合工具页与教程,,67.0,,,第三方工具-社区SEO,1,
9267,word怎么转换成excel,格式转换与文档处理,文档格式转换,PDF/Word/PPT/图片互转与处理，适合工具页与教程,,38.0,,,第三方工具-社区SEO,1,
9268,word表格转换成excel表格,格式转换与文档处理,文档格式转换,PDF/Word/PPT/图片互转与处理，适合工具页与教程,,21.0,,,第三方工具-社区SEO,1,
9269,keynote怎么转换成ppt,格式转换与文档处理,文档格式转换,PDF/Word/PPT/图片互转与处理，适合工具页与教程,,18.0,,,第三方工具-社区SEO,1,
9270,pdf编辑在线,格式转换与文档处理,文档格式转换,PDF/Word/PPT/图片互转与处理，适合工具页与教程,,27.0,,,第三方工具-社区SEO,1,
9271,cad表格如何转换成excel表格,格式转换与文档处理,文档格式转换,PDF/Word/PPT/图片互转与处理，适合工具页与教程,,16.0,,,第三方工具-社区SEO,1,
9272,pdf编辑器免费,格式转换与文档处理,文档格式转换,PDF/Word/PPT/图片互转与处理，适合工具页与教程,,21.0,,,第三方工具-社区SEO,1,
9273,excel怎么转换成word,格式转换与文档处理,文档格式转换,PDF/Word/PPT/图片互转与处理，适合工具页与教程,,30.0,,,第三方工具-社区SEO,1,
9274,word怎么去水印,格式转换与文档处理,文档格式转换,PDF/Word/PPT/图片互转与处理，适合工具页与教程,,23.0,,,第三方工具-社区SEO,1,
9275,excel表格转换成word表格,格式转换与文档处理,文档格式转换,PDF/Word/PPT/图片互转与处理，适合工具页与教程,,20.0,,,第三方工具-社区SEO,1,
9276,免费的pdf编辑器,格式转换与文档处理,文档格式转换,PDF/Word/PPT/图片互转与处理，适合工具页与教程,,16.0,,,第三方工具-社区SEO,1,
9277,pdf编辑免费,格式转换与文档处理,文档格式转换,PDF/Word/PPT/图片互转与处理，适合工具页与教程,,13.0,,,第三方工具-社区SEO,1,
9278,jpg转换成word文档,格式转换与文档处理,文档格式转换,PDF/Word/PPT/图片互转与处理，适合工具页与教程,,12.0,,,第三方工具-社区SEO,1,
9279,福昕pdf编辑器个人版,格式转换与文档处理,文档格式转换,PDF/Word/PPT/图片互转与处理，适合工具页与教程,,13.0,,,第三方工具-社区SEO,1,
9280,pdf编辑器在线,格式转换与文档处理,文档格式转换,PDF/Word/PPT/图片互转与处理，适合工具页与教程,,12.0,,,第三方工具-社区SEO,1,
9281,html转word,格式转换与文档处理,文档格式转换,PDF/Word/PPT/图片互转与处理，适合工具页与教程,,12.0,,,第三方工具-社区SEO,1,
9282,pdf怎么去水印,格式转换与文档处理,文档格式转换,PDF/Word/PPT/图片互转与处理，适合工具页与教程,,61.0,,,第三方工具-社区SEO,1,
9283,万兴pdf编辑器,格式转换与文档处理,文档格式转换,PDF/Word/PPT/图片互转与处理，适合工具页与教程,,12.0,,,第三方工具-社区SEO,1,
9284,pdf编辑器 绿色版,格式转换与文档处理,文档格式转换,PDF/Word/PPT/图片互转与处理，适合工具页与教程,,12.0,,,第三方工具-社区SEO,1,
9285,免费的pdf编辑软件,格式转换与文档处理,文档格式转换,PDF/Word/PPT/图片互转与处理，适合工具页与教程,,131.0,,,第三方工具-社区SEO,1,
9286,txt转word,格式转换与文档处理,文档格式转换,PDF/Word/PPT/图片互转与处理，适合工具页与教程,,13.0,,,第三方工具-社区SEO,1,
9287,福昕pdf编辑器破解版,格式转换与文档处理,文档格式转换,PDF/Word/PPT/图片互转与处理，适合工具页与教程,,74.0,,,第三方工具-社区SEO,1,
9288,pdf去水印在线,格式转换与文档处理,文档格式转换,PDF/Word/PPT/图片互转与处理，适合工具页与教程,,10.0,,,第三方工具-社区SEO,1,
9289,pdf去水印软件免费版,格式转换与文档处理,文档格式转换,PDF/Word/PPT/图片互转与处理，适合工具页与教程,,6.0,,,第三方工具-社区SEO,1,
9290,照片转换成word文档,格式转换与文档处理,文档格式转换,PDF/Word/PPT/图片互转与处理，适合工具页与教程,,37.0,,,第三方工具-社区SEO,1,
9291,latex转word,格式转换与文档处理,文档格式转换,PDF/Word/PPT/图片互转与处理，适合工具页与教程,,10.0,,,第三方工具-社区SEO,1,
9292,ofd转word,格式转换与文档处理,文档格式转换,PDF/Word/PPT/图片互转与处理，适合工具页与教程,,10.0,,,第三方工具-社区SEO,1,
9293,excel转换为数字,格式转换与文档处理,文档格式转换,PDF/Word/PPT/图片互转与处理，适合工具页与教程,,14.0,,,第三方工具-社区SEO,1,
9294,excel元转换成万元,格式转换与文档处理,文档格式转换,PDF/Word/PPT/图片互转与处理，适合工具页与教程,,13.0,,,第三方工具-社区SEO,1,
9295,key文件如何转换成ppt,格式转换与文档处理,文档格式转换,PDF/Word/PPT/图片互转与处理，适合工具页与教程,,16.0,,,第三方工具-社区SEO,1,
9296,ppt去水印,格式转换与文档处理,文档格式转换,PDF/Word/PPT/图片互转与处理，适合工具页与教程,,10.0,,,第三方工具-社区SEO,1,
9297,福昕pdf编辑器破解,格式转换与文档处理,文档格式转换,PDF/Word/PPT/图片互转与处理，适合工具页与教程,,12.0,,,第三方工具-社区SEO,1,
9298,word文档怎么转换成excel,格式转换与文档处理,文档格式转换,PDF/Word/PPT/图片互转与处理，适合工具页与教程,,19.0,,,第三方工具-社区SEO,1,
9299,jpg转word,格式转换与文档处理,文档格式转换,PDF/Word/PPT/图片互转与处理，适合工具页与教程,,5.0,,,第三方工具-社区SEO,1,
9300,PDF编辑破解版,格式转换与文档处理,文档格式转换,PDF/Word/PPT/图片互转与处理，适合工具页与教程,,11.0,,,第三方工具-社区SEO,1,
9301,在线pdF去水印,格式转换与文档处理,文档格式转换,PDF/Word/PPT/图片互转与处理，适合工具页与教程,,10.0,,,第三方工具-社区SEO,1,
9302,pdf免费去水印,格式转换与文档处理,文档格式转换,PDF/Word/PPT/图片互转与处理，适合工具页与教程,,9.0,,,第三方工具-社区SEO,1,
9303,pdf编辑器绿色版,格式转换与文档处理,文档格式转换,PDF/Word/PPT/图片互转与处理，适合工具页与教程,,8.0,,,第三方工具-社区SEO,1,
9304,免费pdf编辑工具,格式转换与文档处理,文档格式转换,PDF/Word/PPT/图片互转与处理，适合工具页与教程,,8.0,,,第三方工具-社区SEO,1,
9305,ppt如何转换成word文档,格式转换与文档处理,文档格式转换,PDF/Word/PPT/图片互转与处理，适合工具页与教程,,28.0,,,第三方工具-社区SEO,1,
9306,如何将word转换成ppt,格式转换与文档处理,文档格式转换,PDF/Word/PPT/图片互转与处理，适合工具页与教程,,11.0,,,第三方工具-社区SEO,1,
9307,excel转换成word格式,格式转换与文档处理,文档格式转换,PDF/Word/PPT/图片互转与处理，适合工具页与教程,,9.0,,,第三方工具-社区SEO,1,
9308,jpg转excel,格式转换与文档处理,文档格式转换,PDF/Word/PPT/图片互转与处理，适合工具页与教程,,9.0,,,第三方工具-社区SEO,1,
9309,福昕高级pdf编辑器破解版,格式转换与文档处理,文档格式转换,PDF/Word/PPT/图片互转与处理，适合工具页与教程,,126.0,,,第三方工具-社区SEO,1,
9310,福昕高级pdf编辑器激活码,格式转换与文档处理,文档格式转换,PDF/Word/PPT/图片互转与处理，适合工具页与教程,,64.0,,,第三方工具-社区SEO,1,
9311,pdf如何去水印,格式转换与文档处理,文档格式转换,PDF/Word/PPT/图片互转与处理，适合工具页与教程,,14.0,,,第三方工具-社区SEO,1,
9312,闪电pdf编辑器,格式转换与文档处理,文档格式转换,PDF/Word/PPT/图片互转与处理，适合工具页与教程,,8.0,,,第三方工具-社区SEO,1,
9313,pdf编辑密码,格式转换与文档处理,文档格式转换,PDF/Word/PPT/图片互转与处理，适合工具页与教程,,7.0,,,第三方工具-社区SEO,1,
9314,好用的pdf编辑软件,格式转换与文档处理,文档格式转换,PDF/Word/PPT/图片互转与处理，适合工具页与教程,,7.0,,,第三方工具-社区SEO,1,
9315,excel表格转word,格式转换与文档处理,文档格式转换,PDF/Word/PPT/图片互转与处理，适合工具页与教程,,11.0,,,第三方工具-社区SEO,1,
9316,word如何去水印,格式转换与文档处理,文档格式转换,PDF/Word/PPT/图片互转与处理，适合工具页与教程,,10.0,,,第三方工具-社区SEO,1,
9317,csv转excel,格式转换与文档处理,文档格式转换,PDF/Word/PPT/图片互转与处理，适合工具页与教程,,8.0,,,第三方工具-社区SEO,1,
9318,excel时间格式转换,格式转换与文档处理,文档格式转换,PDF/Word/PPT/图片互转与处理，适合工具页与教程,,8.0,,,第三方工具-社区SEO,1,
9319,mdb文件转换excel,格式转换与文档处理,文档格式转换,PDF/Word/PPT/图片互转与处理，适合工具页与教程,,8.0,,,第三方工具-社区SEO,1,
9320,pdf编辑器网页版,格式转换与文档处理,文档格式转换,PDF/Word/PPT/图片互转与处理，适合工具页与教程,,9.0,,,第三方工具-社区SEO,1,
9321,福昕pdf编辑,格式转换与文档处理,文档格式转换,PDF/Word/PPT/图片互转与处理，适合工具页与教程,,7.0,,,第三方工具-社区SEO,1,
9322,pdf编辑文字,格式转换与文档处理,文档格式转换,PDF/Word/PPT/图片互转与处理，适合工具页与教程,,5.0,,,第三方工具-社区SEO,1,
9323,word表格怎么转换成excel表格,格式转换与文档处理,文档格式转换,PDF/Word/PPT/图片互转与处理，适合工具页与教程,,16.0,,,第三方工具-社区SEO,1,
9324,word文档转换成ppt,格式转换与文档处理,文档格式转换,PDF/Word/PPT/图片互转与处理，适合工具页与教程,,9.0,,,第三方工具-社区SEO,1,
9325,转word,格式转换与文档处理,文档格式转换,PDF/Word/PPT/图片互转与处理，适合工具页与教程,,8.0,,,第三方工具-社区SEO,1,
9326,word转换excel,格式转换与文档处理,文档格式转换,PDF/Word/PPT/图片互转与处理，适合工具页与教程,,7.0,,,第三方工具-社区SEO,1,
9327,word文档去水印,格式转换与文档处理,文档格式转换,PDF/Word/PPT/图片互转与处理，适合工具页与教程,,7.0,,,第三方工具-社区SEO,1,
9328,excel文本转换成数值,格式转换与文档处理,文档格式转换,PDF/Word/PPT/图片互转与处理，适合工具页与教程,,13.0,,,第三方工具-社区SEO,1,
9329,excel批量转换为数字,格式转换与文档处理,文档格式转换,PDF/Word/PPT/图片互转与处理，适合工具页与教程,,7.0,,,第三方工具-社区SEO,1,
9330,txt转换excel,格式转换与文档处理,文档格式转换,PDF/Word/PPT/图片互转与处理，适合工具页与教程,,6.0,,,第三方工具-社区SEO,1,
9331,pdf编辑免费软件,格式转换与文档处理,文档格式转换,PDF/Word/PPT/图片互转与处理，适合工具页与教程,,8.0,,,第三方工具-社区SEO,1,
9332,如何将ppt转换成word文档,格式转换与文档处理,文档格式转换,PDF/Word/PPT/图片互转与处理，适合工具页与教程,,12.0,,,第三方工具-社区SEO,1,
9333,word一键转ppt,格式转换与文档处理,文档格式转换,PDF/Word/PPT/图片互转与处理，适合工具页与教程,,7.0,,,第三方工具-社区SEO,1,
9334,epub转word,格式转换与文档处理,文档格式转换,PDF/Word/PPT/图片互转与处理，适合工具页与教程,,5.0,,,第三方工具-社区SEO,1,
9335,excel数字转换成文本,格式转换与文档处理,文档格式转换,PDF/Word/PPT/图片互转与处理，适合工具页与教程,,5.0,,,第三方工具-社区SEO,1,
9336,福昕pdf编辑器激活码,格式转换与文档处理,文档格式转换,PDF/Word/PPT/图片互转与处理，适合工具页与教程,,30.0,,,第三方工具-社区SEO,1,
9337,pdf去水印工具,格式转换与文档处理,文档格式转换,PDF/Word/PPT/图片互转与处理，适合工具页与教程,,5.0,,,第三方工具-社区SEO,1,
9338,word如何转换成excel,格式转换与文档处理,文档格式转换,PDF/Word/PPT/图片互转与处理，适合工具页与教程,,8.0,,,第三方工具-社区SEO,1,
9339,caj文件怎么转换成word文档,格式转换与文档处理,文档格式转换,PDF/Word/PPT/图片互转与处理，适合工具页与教程,,8.0,,,第三方工具-社区SEO,1,
9340,word大小写转换,格式转换与文档处理,文档格式转换,PDF/Word/PPT/图片互转与处理，适合工具页与教程,,5.0,,,第三方工具-社区SEO,1,
9341,txt怎么转换成excel,格式转换与文档处理,文档格式转换,PDF/Word/PPT/图片互转与处理，适合工具页与教程,,17.0,,,第三方工具-社区SEO,1,
9342,csv 转excel,格式转换与文档处理,文档格式转换,PDF/Word/PPT/图片互转与处理，适合工具页与教程,,8.0,,,第三方工具-社区SEO,1,
9343,excel数字转换成大写金额,格式转换与文档处理,文档格式转换,PDF/Word/PPT/图片互转与处理，适合工具页与教程,,7.0,,,第三方工具-社区SEO,1,
9344,excel大小写转换,格式转换与文档处理,文档格式转换,PDF/Word/PPT/图片互转与处理，适合工具页与教程,,5.0,,,第三方工具-社区SEO,1,
9345,excel去水印,格式转换与文档处理,文档格式转换,PDF/Word/PPT/图片互转与处理，适合工具页与教程,,5.0,,,第三方工具-社区SEO,1,
9346,福昕PDF编辑器,格式转换与文档处理,文档格式转换,PDF/Word/PPT/图片互转与处理，适合工具页与教程,,,,,第三方工具-社区SEO,1,
9347,迅捷pdf编辑,格式转换与文档处理,文档格式转换,PDF/Word/PPT/图片互转与处理，适合工具页与教程,,6.0,,,第三方工具-社区SEO,1,
9348,迅捷pdf编辑器下载,格式转换与文档处理,文档格式转换,PDF/Word/PPT/图片互转与处理，适合工具页与教程,,5.0,,,第三方工具-社区SEO,1,
9349,极速pdf编辑器破解版,格式转换与文档处理,文档格式转换,PDF/Word/PPT/图片互转与处理，适合工具页与教程,,5.0,,,第三方工具-社区SEO,1,
9350,pdf编辑器下载,格式转换与文档处理,文档格式转换,PDF/Word/PPT/图片互转与处理，适合工具页与教程,,5.0,,,第三方工具-社区SEO,1,
9351,word转换器,格式转换与文档处理,文档格式转换,PDF/Word/PPT/图片互转与处理，适合工具页与教程,,123.0,,,第三方工具-社区SEO,1,
9352,ppt转换成word,格式转换与文档处理,文档格式转换,PDF/Word/PPT/图片互转与处理，适合工具页与教程,,121.0,,,第三方工具-社区SEO,1,
9353,word怎么转换成ppt,格式转换与文档处理,文档格式转换,PDF/Word/PPT/图片互转与处理，适合工具页与教程,,11.0,,,第三方工具-社区SEO,1,
9354,word文档怎么去水印,格式转换与文档处理,文档格式转换,PDF/Word/PPT/图片互转与处理，适合工具页与教程,,7.0,,,第三方工具-社区SEO,1,
9355,excel怎么转word,格式转换与文档处理,文档格式转换,PDF/Word/PPT/图片互转与处理，适合工具页与教程,,6.0,,,第三方工具-社区SEO,1,
9356,word转换ppt,格式转换与文档处理,文档格式转换,PDF/Word/PPT/图片互转与处理，适合工具页与教程,,4.0,,,第三方工具-社区SEO,1,
9357,word表格转excel,格式转换与文档处理,文档格式转换,PDF/Word/PPT/图片互转与处理，适合工具页与教程,,4.0,,,第三方工具-社区SEO,1,
9358,网页转word,格式转换与文档处理,文档格式转换,PDF/Word/PPT/图片互转与处理，适合工具页与教程,,4.0,,,第三方工具-社区SEO,1,
9359,excel转ppt,格式转换与文档处理,文档格式转换,PDF/Word/PPT/图片互转与处理，适合工具页与教程,,4.0,,,第三方工具-社区SEO,1,
9360,key转换成ppt,格式转换与文档处理,文档格式转换,PDF/Word/PPT/图片互转与处理，适合工具页与教程,,4.0,,,第三方工具-社区SEO,1,
9361,pdf编辑器,格式转换与文档处理,文档格式转换,PDF/Word/PPT/图片互转与处理，适合工具页与教程,,3.0,,,第三方工具-社区SEO,1,
9362,迅捷pdf编辑器,格式转换与文档处理,文档格式转换,PDF/Word/PPT/图片互转与处理，适合工具页与教程,,2.0,,,第三方工具-社区SEO,1,
9363,pdf编辑,格式转换与文档处理,文档格式转换,PDF/Word/PPT/图片互转与处理，适合工具页与教程,,2.0,,,第三方工具-社区SEO,1,
9364,福昕高级pdf编辑器,格式转换与文档处理,文档格式转换,PDF/Word/PPT/图片互转与处理，适合工具页与教程,,,,,第三方工具-社区SEO,1,
9365,pdf编辑软件,格式转换与文档处理,文档格式转换,PDF/Word/PPT/图片互转与处理，适合工具页与教程,,,,,第三方工具-社区SEO,1,
9366,word怎么转ppt,格式转换与文档处理,文档格式转换,PDF/Word/PPT/图片互转与处理，适合工具页与教程,,6.0,,,第三方工具-社区SEO,1,
9367,word转换,格式转换与文档处理,文档格式转换,PDF/Word/PPT/图片互转与处理，适合工具页与教程,,5.0,,,第三方工具-社区SEO,1,
9368,word如何转换成ppt,格式转换与文档处理,文档格式转换,PDF/Word/PPT/图片互转与处理，适合工具页与教程,,5.0,,,第三方工具-社区SEO,1,
9369,照片转word,格式转换与文档处理,文档格式转换,PDF/Word/PPT/图片互转与处理，适合工具页与教程,,4.0,,,第三方工具-社区SEO,1,
9370,word文档转ppt,格式转换与文档处理,文档格式转换,PDF/Word/PPT/图片互转与处理，适合工具页与教程,,4.0,,,第三方工具-社区SEO,1,
9371,word简体字转换繁体字,格式转换与文档处理,文档格式转换,PDF/Word/PPT/图片互转与处理，适合工具页与教程,,4.0,,,第三方工具-社区SEO,1,
9372,wps合并pdf,格式转换与文档处理,格式转换/抢需求,PDF/Word/PPT/图片互转与处理，适合工具页与教程,,40.0,35000.0,,第三方工具-社区SEO、GEO需求机会表,2,B
9373,wps插入pdf,格式转换与文档处理,格式转换/抢需求,PDF/Word/PPT/图片互转与处理，适合工具页与教程,,17.0,35000.0,,第三方工具-社区SEO、GEO需求机会表,2,B
9374,wps编辑pdf,格式转换与文档处理,格式转换/抢需求,PDF/Word/PPT/图片互转与处理，适合工具页与教程,,14.0,35000.0,,第三方工具-社区SEO、GEO需求机会表,2,B
9375,wps压缩pdf,格式转换与文档处理,格式转换/抢需求,PDF/Word/PPT/图片互转与处理，适合工具页与教程,,11.0,35000.0,,第三方工具-社区SEO、GEO需求机会表,2,B
9376,wps转word,格式转换与文档处理,格式转换/抢需求,PDF/Word/PPT/图片互转与处理，适合工具页与教程,,119.0,120000.0,,第三方工具-社区SEO、GEO需求机会表,2,A
9377,wps怎么插入pdf,格式转换与文档处理,格式转换/抢需求,PDF/Word/PPT/图片互转与处理，适合工具页与教程,,8.0,20000.0,,第三方工具-社区SEO、GEO需求机会表,2,C
9378,wps转换成excel,格式转换与文档处理,格式转换/抢需求,PDF/Word/PPT/图片互转与处理，适合工具页与教程,,8.0,35000.0,,第三方工具-社区SEO、GEO需求机会表,2,B
9379,PDF怎么转Word,格式转换与文档处理,格式转换/抢需求,PDF/Word/PPT/图片互转与处理，适合工具页与教程,,,300000.0,,GEO需求机会表,1,S
9380,Word转PPT,格式转换与文档处理,格式转换/抢需求,PDF/Word/PPT/图片互转与处理，适合工具页与教程,,,140000.0,,GEO需求机会表,1,A
9381,PPT转Word,格式转换与文档处理,格式转换/抢需求,PDF/Word/PPT/图片互转与处理，适合工具页与教程,,,130000.0,,GEO需求机会表,1,A
9382,PPT转视频,格式转换与文档处理,格式转换/抢需求,PDF/Word/PPT/图片互转与处理，适合工具页与教程,,,130000.0,,GEO需求机会表,1,A
9383,Excel转PPT,格式转换与文档处理,格式转换/抢需求,PDF/Word/PPT/图片互转与处理，适合工具页与教程,,,120000.0,,GEO需求机会表,1,A
9384,Excel转Word,格式转换与文档处理,格式转换/抢需求,PDF/Word/PPT/图片互转与处理，适合工具页与教程,,,120000.0,,GEO需求机会表,1,A
9385,WPS PDF转Word怎么操作,格式转换与文档处理,格式转换/抢需求,PDF/Word/PPT/图片互转与处理，适合工具页与教程,,,120000.0,,GEO需求机会表,1,A
9386,Word文档打不开怎么办,格式转换与文档处理,格式转换/抢需求,PDF/Word/PPT/图片互转与处理，适合工具页与教程,,,120000.0,,GEO需求机会表,1,A
9387,WPS转PDF,格式转换与文档处理,格式转换/抢需求,PDF/Word/PPT/图片互转与处理，适合工具页与教程,,,100000.0,,GEO需求机会表,1,A
9388,WPS文件怎么转换成Word,格式转换与文档处理,格式转换/抢需求,PDF/Word/PPT/图片互转与处理，适合工具页与教程,,,90000.0,,GEO需求机会表,1,A
9389,WPS怎么合并PDF,格式转换与文档处理,格式转换/抢需求,PDF/Word/PPT/图片互转与处理，适合工具页与教程,,,80000.0,,GEO需求机会表,1,A
9390,WPS表格怎么转Excel,格式转换与文档处理,格式转换/抢需求,PDF/Word/PPT/图片互转与处理，适合工具页与教程,,,80000.0,,GEO需求机会表,1,A
9391,Word转PPT怎么操作,格式转换与文档处理,格式转换/抢需求,PDF/Word/PPT/图片互转与处理，适合工具页与教程,,,77000.0,,GEO需求机会表,1,B
9392,PPT转Word怎么操作,格式转换与文档处理,格式转换/抢需求,PDF/Word/PPT/图片互转与处理，适合工具页与教程,,,71500.0,,GEO需求机会表,1,B
9393,PPT转视频怎么操作,格式转换与文档处理,格式转换/抢需求,PDF/Word/PPT/图片互转与处理，适合工具页与教程,,,71500.0,,GEO需求机会表,1,B
9394,WPS怎么编辑PDF,格式转换与文档处理,格式转换/抢需求,PDF/Word/PPT/图片互转与处理，适合工具页与教程,,,70000.0,,GEO需求机会表,1,B
9395,Excel转PPT怎么操作,格式转换与文档处理,格式转换/抢需求,PDF/Word/PPT/图片互转与处理，适合工具页与教程,,,66000.0,,GEO需求机会表,1,B
9396,Excel转Word怎么操作,格式转换与文档处理,格式转换/抢需求,PDF/Word/PPT/图片互转与处理，适合工具页与教程,,,66000.0,,GEO需求机会表,1,B
9397,WPS怎么Word转PPT,格式转换与文档处理,格式转换/抢需求,PDF/Word/PPT/图片互转与处理，适合工具页与教程,,,63000.0,,GEO需求机会表,1,B
9398,Word转PPT免费方法,格式转换与文档处理,格式转换/抢需求,PDF/Word/PPT/图片互转与处理，适合工具页与教程,,,63000.0,,GEO需求机会表,1,B
9399,WPS图片转PDF,格式转换与文档处理,格式转换/抢需求,PDF/Word/PPT/图片互转与处理，适合工具页与教程,,,60000.0,,GEO需求机会表,1,B
9400,PPT转Word免费方法,格式转换与文档处理,格式转换/抢需求,PDF/Word/PPT/图片互转与处理，适合工具页与教程,,,58500.0,,GEO需求机会表,1,B
9401,PPT转视频免费方法,格式转换与文档处理,格式转换/抢需求,PDF/Word/PPT/图片互转与处理，适合工具页与教程,,,58500.0,,GEO需求机会表,1,B
9402,WPS怎么PPT转Word,格式转换与文档处理,格式转换/抢需求,PDF/Word/PPT/图片互转与处理，适合工具页与教程,,,58500.0,,GEO需求机会表,1,B
9403,WPS怎么PPT转视频,格式转换与文档处理,格式转换/抢需求,PDF/Word/PPT/图片互转与处理，适合工具页与教程,,,58500.0,,GEO需求机会表,1,B
9404,Excel转PPT免费方法,格式转换与文档处理,格式转换/抢需求,PDF/Word/PPT/图片互转与处理，适合工具页与教程,,,54000.0,,GEO需求机会表,1,B
9405,Excel转Word免费方法,格式转换与文档处理,格式转换/抢需求,PDF/Word/PPT/图片互转与处理，适合工具页与教程,,,54000.0,,GEO需求机会表,1,B
9406,WPS怎么Excel转PPT,格式转换与文档处理,格式转换/抢需求,PDF/Word/PPT/图片互转与处理，适合工具页与教程,,,54000.0,,GEO需求机会表,1,B
9407,WPS怎么Excel转Word,格式转换与文档处理,格式转换/抢需求,PDF/Word/PPT/图片互转与处理，适合工具页与教程,,,54000.0,,GEO需求机会表,1,B
9408,wps pdf转图片,格式转换与文档处理,格式转换/抢需求,PDF/Word/PPT/图片互转与处理，适合工具页与教程,,,35000.0,,GEO需求机会表,1,B
9409,wps图片转文字,格式转换与文档处理,格式转换/抢需求,PDF/Word/PPT/图片互转与处理，适合工具页与教程,,,35000.0,,GEO需求机会表,1,B
9410,wps怎么旋转图片,格式转换与文档处理,格式转换/抢需求,PDF/Word/PPT/图片互转与处理，适合工具页与教程,,,35000.0,,GEO需求机会表,1,B
9411,wps怎么转pdf,格式转换与文档处理,格式转换/抢需求,PDF/Word/PPT/图片互转与处理，适合工具页与教程,,,35000.0,,GEO需求机会表,1,B
9412,wps怎么转word,格式转换与文档处理,格式转换/抢需求,PDF/Word/PPT/图片互转与处理，适合工具页与教程,,,35000.0,,GEO需求机会表,1,B
9413,wps旋转pdf,格式转换与文档处理,格式转换/抢需求,PDF/Word/PPT/图片互转与处理，适合工具页与教程,,,35000.0,,GEO需求机会表,1,B
9414,wps旋转图片,格式转换与文档处理,格式转换/抢需求,PDF/Word/PPT/图片互转与处理，适合工具页与教程,,,35000.0,,GEO需求机会表,1,B
9415,wps转excel,格式转换与文档处理,格式转换/抢需求,PDF/Word/PPT/图片互转与处理，适合工具页与教程,,,35000.0,,GEO需求机会表,1,B
9416,wps转ppt,格式转换与文档处理,格式转换/抢需求,PDF/Word/PPT/图片互转与处理，适合工具页与教程,,,35000.0,,GEO需求机会表,1,B
9417,wps转图片,格式转换与文档处理,格式转换/抢需求,PDF/Word/PPT/图片互转与处理，适合工具页与教程,,,35000.0,,GEO需求机会表,1,B
9418,wps转换成word,格式转换与文档处理,格式转换/抢需求,PDF/Word/PPT/图片互转与处理，适合工具页与教程,,,35000.0,,GEO需求机会表,1,B
9419,wps pdf转ppt,格式转换与文档处理,格式转换/抢需求,PDF/Word/PPT/图片互转与处理，适合工具页与教程,,,20000.0,,GEO需求机会表,1,C
9420,wps word转pdf怎么转,格式转换与文档处理,格式转换/抢需求,PDF/Word/PPT/图片互转与处理，适合工具页与教程,,,20000.0,,GEO需求机会表,1,C
9421,wps可以编辑pdf文件吗,格式转换与文档处理,格式转换/抢需求,PDF/Word/PPT/图片互转与处理，适合工具页与教程,,,20000.0,,GEO需求机会表,1,C
9422,wps合并pdf文件,格式转换与文档处理,格式转换/抢需求,PDF/Word/PPT/图片互转与处理，适合工具页与教程,,,20000.0,,GEO需求机会表,1,C
9423,wps图片转换成文字,格式转换与文档处理,格式转换/抢需求,PDF/Word/PPT/图片互转与处理，适合工具页与教程,,,20000.0,,GEO需求机会表,1,C
9424,wps图片转表格,格式转换与文档处理,格式转换/抢需求,PDF/Word/PPT/图片互转与处理，适合工具页与教程,,,20000.0,,GEO需求机会表,1,C
9425,wps如何插入pdf,格式转换与文档处理,格式转换/抢需求,PDF/Word/PPT/图片互转与处理，适合工具页与教程,,,20000.0,,GEO需求机会表,1,C
9426,wps如何旋转图片,格式转换与文档处理,格式转换/抢需求,PDF/Word/PPT/图片互转与处理，适合工具页与教程,,,20000.0,,GEO需求机会表,1,C
9427,wps如何转pdf,格式转换与文档处理,格式转换/抢需求,PDF/Word/PPT/图片互转与处理，适合工具页与教程,,,20000.0,,GEO需求机会表,1,C
9428,wps怎么保存成图片,格式转换与文档处理,格式转换/抢需求,PDF/Word/PPT/图片互转与处理，适合工具页与教程,,,20000.0,,GEO需求机会表,1,C
9429,wps怎么图片转文字,格式转换与文档处理,格式转换/抢需求,PDF/Word/PPT/图片互转与处理，适合工具页与教程,,,20000.0,,GEO需求机会表,1,C
9430,wps怎么把图片转换成文字,格式转换与文档处理,格式转换/抢需求,PDF/Word/PPT/图片互转与处理，适合工具页与教程,,,20000.0,,GEO需求机会表,1,C
9431,wps怎么旋转pdf,格式转换与文档处理,格式转换/抢需求,PDF/Word/PPT/图片互转与处理，适合工具页与教程,,,20000.0,,GEO需求机会表,1,C
9432,wps怎么转换成excel,格式转换与文档处理,格式转换/抢需求,PDF/Word/PPT/图片互转与处理，适合工具页与教程,,,20000.0,,GEO需求机会表,1,C
9433,wps把pdf转换成word,格式转换与文档处理,格式转换/抢需求,PDF/Word/PPT/图片互转与处理，适合工具页与教程,,,20000.0,,GEO需求机会表,1,C
9434,wps文字转图片,格式转换与文档处理,格式转换/抢需求,PDF/Word/PPT/图片互转与处理，适合工具页与教程,,,20000.0,,GEO需求机会表,1,C
9435,wps文档怎么转换成word文档,格式转换与文档处理,格式转换/抢需求,PDF/Word/PPT/图片互转与处理，适合工具页与教程,,,20000.0,,GEO需求机会表,1,C
9436,wps表格转pdf,格式转换与文档处理,格式转换/抢需求,PDF/Word/PPT/图片互转与处理，适合工具页与教程,,,20000.0,,GEO需求机会表,1,C
9437,wps表格转word,格式转换与文档处理,格式转换/抢需求,PDF/Word/PPT/图片互转与处理，适合工具页与教程,,,20000.0,,GEO需求机会表,1,C
9438,wps表格转图片,格式转换与文档处理,格式转换/抢需求,PDF/Word/PPT/图片互转与处理，适合工具页与教程,,,20000.0,,GEO需求机会表,1,C
9439,wps转ppt怎么转,格式转换与文档处理,格式转换/抢需求,PDF/Word/PPT/图片互转与处理，适合工具页与教程,,,20000.0,,GEO需求机会表,1,C
9440,如何将wps转换成word,格式转换与文档处理,格式转换/抢需求,PDF/Word/PPT/图片互转与处理，适合工具页与教程,,,20000.0,,GEO需求机会表,1,C
9441,如何把wps转换成word,格式转换与文档处理,格式转换/抢需求,PDF/Word/PPT/图片互转与处理，适合工具页与教程,,,20000.0,,GEO需求机会表,1,C
9442,怎么把wps转换成excel,格式转换与文档处理,格式转换/抢需求,PDF/Word/PPT/图片互转与处理，适合工具页与教程,,,20000.0,,GEO需求机会表,1,C
9443,怎么把wps转换成word,格式转换与文档处理,格式转换/抢需求,PDF/Word/PPT/图片互转与处理，适合工具页与教程,,,20000.0,,GEO需求机会表,1,C
9444,手机wps怎么转换成word,格式转换与文档处理,格式转换/抢需求,PDF/Word/PPT/图片互转与处理，适合工具页与教程,,,20000.0,,GEO需求机会表,1,C
9445,把wps文档转换成word,格式转换与文档处理,格式转换/抢需求,PDF/Word/PPT/图片互转与处理，适合工具页与教程,,,20000.0,,GEO需求机会表,1,C
9446,ppt模板,模板业务,PPT模板,简历/汇报/合同/表格等模板需求，适合模板库聚合页,,4.0,,349000.0,第三方工具-社区SEO、短视频/内容平台-小红书,2,
9447,免费ppt模板,模板业务,PPT模板,简历/汇报/合同/表格等模板需求，适合模板库聚合页,,2.0,,213840.0,第三方工具-社区SEO、短视频/内容平台-小红书,2,
9448,优品ppt模板免费下载,模板业务,PPT模板,简历/汇报/合同/表格等模板需求，适合模板库聚合页,,5244.0,,,第三方工具-社区SEO,1,
9449,ppt模板免费网站,模板业务,PPT模板,简历/汇报/合同/表格等模板需求，适合模板库聚合页,,1952.0,,,第三方工具-社区SEO,1,
9450,ppt模板免费,模板业务,PPT模板,简历/汇报/合同/表格等模板需求，适合模板库聚合页,,838.0,,,第三方工具-社区SEO,1,
9451,自我介绍ppt模板,模板业务,PPT模板,简历/汇报/合同/表格等模板需求，适合模板库聚合页,,799.0,,,第三方工具-社区SEO,1,
9452,ppt模板制作,模板业务,PPT模板,简历/汇报/合同/表格等模板需求，适合模板库聚合页,,909.0,,,第三方工具-社区SEO,1,
9453,ppt模板下载,模板业务,PPT模板,简历/汇报/合同/表格等模板需求，适合模板库聚合页,,618.0,,,第三方工具-社区SEO,1,
9454,ppt模板下载免费版,模板业务,PPT模板,简历/汇报/合同/表格等模板需求，适合模板库聚合页,,456.0,,,第三方工具-社区SEO,1,
9455,ppt背景模板,模板业务,PPT模板,简历/汇报/合同/表格等模板需求，适合模板库聚合页,,210.0,,,第三方工具-社区SEO,1,
9456,毕业答辩ppt模板,模板业务,PPT模板,简历/汇报/合同/表格等模板需求，适合模板库聚合页,,131.0,,,第三方工具-社区SEO,1,
9457,大学生职业规划ppt模板,模板业务,PPT模板,简历/汇报/合同/表格等模板需求，适合模板库聚合页,,230.0,,,第三方工具-社区SEO,1,
9458,免费的ppt模板下载网站,模板业务,PPT模板,简历/汇报/合同/表格等模板需求，适合模板库聚合页,,47.0,,,第三方工具-社区SEO,1,
9459,职业生涯规划ppt模板免费,模板业务,PPT模板,简历/汇报/合同/表格等模板需求，适合模板库聚合页,,120.0,,,第三方工具-社区SEO,1,
9460,第一ppt模板网免费下载,模板业务,PPT模板,简历/汇报/合同/表格等模板需求，适合模板库聚合页,,102.0,,,第三方工具-社区SEO,1,
9461,51ppt模板网官网,模板业务,PPT模板,简历/汇报/合同/表格等模板需求，适合模板库聚合页,,777.0,,,第三方工具-社区SEO,1,
9462,ppt时间轴模板,模板业务,PPT模板,简历/汇报/合同/表格等模板需求，适合模板库聚合页,,58.0,,,第三方工具-社区SEO,1,
9463,免费ppt模板大全,模板业务,PPT模板,简历/汇报/合同/表格等模板需求，适合模板库聚合页,,53.0,,,第三方工具-社区SEO,1,
9464,免费ppt模板网站,模板业务,PPT模板,简历/汇报/合同/表格等模板需求，适合模板库聚合页,,53.0,,,第三方工具-社区SEO,1,
9465,年度总结ppt模板,模板业务,PPT模板,简历/汇报/合同/表格等模板需求，适合模板库聚合页,,189.0,,,第三方工具-社区SEO,1,
9466,第一ppt免费模板下载,模板业务,PPT模板,简历/汇报/合同/表格等模板需求，适合模板库聚合页,,45.0,,,第三方工具-社区SEO,1,
9467,说课ppt模板,模板业务,PPT模板,简历/汇报/合同/表格等模板需求，适合模板库聚合页,,226.0,,,第三方工具-社区SEO,1,
9468,个人简介ppt模板,模板业务,PPT模板,简历/汇报/合同/表格等模板需求，适合模板库聚合页,,44.0,,,第三方工具-社区SEO,1,
9469,春节ppt模板,模板业务,PPT模板,简历/汇报/合同/表格等模板需求，适合模板库聚合页,,34.0,,,第三方工具-社区SEO,1,
9470,ppt模板下载网站,模板业务,PPT模板,简历/汇报/合同/表格等模板需求，适合模板库聚合页,,74.0,,,第三方工具-社区SEO,1,
9471,求职ppt模板,模板业务,PPT模板,简历/汇报/合同/表格等模板需求，适合模板库聚合页,,41.0,,,第三方工具-社区SEO,1,
9472,国风ppt模板,模板业务,PPT模板,简历/汇报/合同/表格等模板需求，适合模板库聚合页,,43.0,,,第三方工具-社区SEO,1,
9473,时间轴ppt模板,模板业务,PPT模板,简历/汇报/合同/表格等模板需求，适合模板库聚合页,,89.0,,,第三方工具-社区SEO,1,
9474,红色ppt模板免费下载,模板业务,PPT模板,简历/汇报/合同/表格等模板需求，适合模板库聚合页,,41.0,,,第三方工具-社区SEO,1,
9475,答辩ppt模板,模板业务,PPT模板,简历/汇报/合同/表格等模板需求，适合模板库聚合页,,269.0,,,第三方工具-社区SEO,1,
9476,ppt目录模板,模板业务,PPT模板,简历/汇报/合同/表格等模板需求，适合模板库聚合页,,190.0,,,第三方工具-社区SEO,1,
9477,免费的ppt模板网站,模板业务,PPT模板,简历/汇报/合同/表格等模板需求，适合模板库聚合页,,63.0,,,第三方工具-社区SEO,1,
9478,竞聘ppt模板,模板业务,PPT模板,简历/汇报/合同/表格等模板需求，适合模板库聚合页,,48.0,,,第三方工具-社区SEO,1,
9479,个人介绍模板ppt,模板业务,PPT模板,简历/汇报/合同/表格等模板需求，适合模板库聚合页,,33.0,,,第三方工具-社区SEO,1,
9480,ppt免费模板网站,模板业务,PPT模板,简历/汇报/合同/表格等模板需求，适合模板库聚合页,,53.0,,,第三方工具-社区SEO,1,
9481,西游记ppt免费模板,模板业务,PPT模板,简历/汇报/合同/表格等模板需求，适合模板库聚合页,,40.0,,,第三方工具-社区SEO,1,
9482,好书推荐ppt模板,模板业务,PPT模板,简历/汇报/合同/表格等模板需求，适合模板库聚合页,,37.0,,,第三方工具-社区SEO,1,
9483,开题答辩ppt模板,模板业务,PPT模板,简历/汇报/合同/表格等模板需求，适合模板库聚合页,,280.0,,,第三方工具-社区SEO,1,
9484,开题答辩ppt模板免费,模板业务,PPT模板,简历/汇报/合同/表格等模板需求，适合模板库聚合页,,52.0,,,第三方工具-社区SEO,1,
9485,人物介绍ppt模板,模板业务,PPT模板,简历/汇报/合同/表格等模板需求，适合模板库聚合页,,27.0,,,第三方工具-社区SEO,1,
9486,答辩ppt免费模板,模板业务,PPT模板,简历/汇报/合同/表格等模板需求，适合模板库聚合页,,37.0,,,第三方工具-社区SEO,1,
9487,中国风ppt模板免费,模板业务,PPT模板,简历/汇报/合同/表格等模板需求，适合模板库聚合页,,29.0,,,第三方工具-社区SEO,1,
9488,红色背景ppt模板,模板业务,PPT模板,简历/汇报/合同/表格等模板需求，适合模板库聚合页,,19.0,,,第三方工具-社区SEO,1,
9489,免费ppt模板网,模板业务,PPT模板,简历/汇报/合同/表格等模板需求，适合模板库聚合页,,25.0,,,第三方工具-社区SEO,1,
9490,51ppt模板,模板业务,PPT模板,简历/汇报/合同/表格等模板需求，适合模板库聚合页,,144.0,,,第三方工具-社区SEO,1,
9491,51ppt模板网,模板业务,PPT模板,简历/汇报/合同/表格等模板需求，适合模板库聚合页,,46.0,,,第三方工具-社区SEO,1,
9492,第一ppt模板网,模板业务,PPT模板,简历/汇报/合同/表格等模板需求，适合模板库聚合页,,35.0,,,第三方工具-社区SEO,1,
9493,开题报告答辩ppt模板,模板业务,PPT模板,简历/汇报/合同/表格等模板需求，适合模板库聚合页,,57.0,,,第三方工具-社区SEO,1,
9494,ppt模板图片,模板业务,PPT模板,简历/汇报/合同/表格等模板需求，适合模板库聚合页,,28.0,,,第三方工具-社区SEO,1,
9495,公司简介ppt模板,模板业务,PPT模板,简历/汇报/合同/表格等模板需求，适合模板库聚合页,,31.0,,,第三方工具-社区SEO,1,
9496,职业生涯规划ppt免费模板,模板业务,PPT模板,简历/汇报/合同/表格等模板需求，适合模板库聚合页,,172.0,,,第三方工具-社区SEO,1,
9497,免费ppt模板下载网站,模板业务,PPT模板,简历/汇报/合同/表格等模板需求，适合模板库聚合页,,31.0,,,第三方工具-社区SEO,1,
9498,ppt模板背景图,模板业务,PPT模板,简历/汇报/合同/表格等模板需求，适合模板库聚合页,,23.0,,,第三方工具-社区SEO,1,
9499,精美ppt模板,模板业务,PPT模板,简历/汇报/合同/表格等模板需求，适合模板库聚合页,,67.0,,,第三方工具-社区SEO,1,
9500,自我介绍ppt模板免费下载,模板业务,PPT模板,简历/汇报/合同/表格等模板需求，适合模板库聚合页,,29.0,,,第三方工具-社区SEO,1,
9501,岗位竞聘ppt模板,模板业务,PPT模板,简历/汇报/合同/表格等模板需求，适合模板库聚合页,,20.0,,,第三方工具-社区SEO,1,
9502,ppt自我介绍模板,模板业务,PPT模板,简历/汇报/合同/表格等模板需求，适合模板库聚合页,,26.0,,,第三方工具-社区SEO,1,
9503,公司介绍ppt模板,模板业务,PPT模板,简历/汇报/合同/表格等模板需求，适合模板库聚合页,,23.0,,,第三方工具-社区SEO,1,
9504,ppt模板库,模板业务,PPT模板,简历/汇报/合同/表格等模板需求，适合模板库聚合页,,23.0,,,第三方工具-社区SEO,1,
9505,简约ppt模板,模板业务,PPT模板,简历/汇报/合同/表格等模板需求，适合模板库聚合页,,146.0,,,第三方工具-社区SEO,1,
9506,swot分析ppt模板,模板业务,PPT模板,简历/汇报/合同/表格等模板需求，适合模板库聚合页,,27.0,,,第三方工具-社区SEO,1,
9507,我的家乡ppt模板免费下载,模板业务,PPT模板,简历/汇报/合同/表格等模板需求，适合模板库聚合页,,21.0,,,第三方工具-社区SEO,1,
9508,免费模板ppt下载,模板业务,PPT模板,简历/汇报/合同/表格等模板需求，适合模板库聚合页,,16.0,,,第三方工具-社区SEO,1,
9509,大队委竞选ppt模板免费,模板业务,PPT模板,简历/汇报/合同/表格等模板需求，适合模板库聚合页,,25.0,,,第三方工具-社区SEO,1,
9510,红色ppt模板,模板业务,PPT模板,简历/汇报/合同/表格等模板需求，适合模板库聚合页,,21.0,,,第三方工具-社区SEO,1,
9511,开题报告ppt模板,模板业务,PPT模板,简历/汇报/合同/表格等模板需求，适合模板库聚合页,,602.0,,,第三方工具-社区SEO,1,
9512,免费的ppt模板,模板业务,PPT模板,简历/汇报/合同/表格等模板需求，适合模板库聚合页,,157.0,,,第三方工具-社区SEO,1,
9513,元旦ppt模板免费下载,模板业务,PPT模板,简历/汇报/合同/表格等模板需求，适合模板库聚合页,,61.0,,,第三方工具-社区SEO,1,
9514,模板ppt免费,模板业务,PPT模板,简历/汇报/合同/表格等模板需求，适合模板库聚合页,,22.0,,,第三方工具-社区SEO,1,
9515,动态ppt模板,模板业务,PPT模板,简历/汇报/合同/表格等模板需求，适合模板库聚合页,,68.0,,,第三方工具-社区SEO,1,
9516,大学生职业生涯规划ppt模板免费,模板业务,PPT模板,简历/汇报/合同/表格等模板需求，适合模板库聚合页,,14.0,,,第三方工具-社区SEO,1,
9517,儿童成长档案ppt模板免费,模板业务,PPT模板,简历/汇报/合同/表格等模板需求，适合模板库聚合页,,16.0,,,第三方工具-社区SEO,1,
9518,熊猫ppt模板,模板业务,PPT模板,简历/汇报/合同/表格等模板需求，适合模板库聚合页,,15.0,,,第三方工具-社区SEO,1,
9519,党课ppt模板,模板业务,PPT模板,简历/汇报/合同/表格等模板需求，适合模板库聚合页,,15.0,,,第三方工具-社区SEO,1,
9520,读书分享ppt模板,模板业务,PPT模板,简历/汇报/合同/表格等模板需求，适合模板库聚合页,,24.0,,,第三方工具-社区SEO,1,
9521,幼儿园ppt模板,模板业务,PPT模板,简历/汇报/合同/表格等模板需求，适合模板库聚合页,,17.0,,,第三方工具-社区SEO,1,
9522,模板ppt,模板业务,PPT模板,简历/汇报/合同/表格等模板需求，适合模板库聚合页,,14.0,,,第三方工具-社区SEO,1,
9523,ppt制作模板,模板业务,PPT模板,简历/汇报/合同/表格等模板需求，适合模板库聚合页,,14.0,,,第三方工具-社区SEO,1,
9524,ppt模板下载免费,模板业务,PPT模板,简历/汇报/合同/表格等模板需求，适合模板库聚合页,,153.0,,,第三方工具-社区SEO,1,
9525,大学生职业生涯规划ppt模板,模板业务,PPT模板,简历/汇报/合同/表格等模板需求，适合模板库聚合页,,28.0,,,第三方工具-社区SEO,1,
9526,ppt模板网,模板业务,PPT模板,简历/汇报/合同/表格等模板需求，适合模板库聚合页,,20.0,,,第三方工具-社区SEO,1,
9527,英语ppt模板,模板业务,PPT模板,简历/汇报/合同/表格等模板需求，适合模板库聚合页,,16.0,,,第三方工具-社区SEO,1,
9528,优品ppt模板,模板业务,PPT模板,简历/汇报/合同/表格等模板需求，适合模板库聚合页,,14.0,,,第三方工具-社区SEO,1,
9529,极简办公ppt模板下载,模板业务,PPT模板,简历/汇报/合同/表格等模板需求，适合模板库聚合页,,14.0,,,第三方工具-社区SEO,1,
9530,论文开题报告ppt模板,模板业务,PPT模板,简历/汇报/合同/表格等模板需求，适合模板库聚合页,,12.0,,,第三方工具-社区SEO,1,
9531,ppt模板素材,模板业务,PPT模板,简历/汇报/合同/表格等模板需求，适合模板库聚合页,,147.0,,,第三方工具-社区SEO,1,
9532,年会ppt模板,模板业务,PPT模板,简历/汇报/合同/表格等模板需求，适合模板库聚合页,,138.0,,,第三方工具-社区SEO,1,
9533,优品ppt模板网免费下载,模板业务,PPT模板,简历/汇报/合同/表格等模板需求，适合模板库聚合页,,144.0,,,第三方工具-社区SEO,1,
9534,免费全套模板ppt,模板业务,PPT模板,简历/汇报/合同/表格等模板需求，适合模板库聚合页,,10.0,,,第三方工具-社区SEO,1,
9535,可爱ppt模板,模板业务,PPT模板,简历/汇报/合同/表格等模板需求，适合模板库聚合页,,10.0,,,第三方工具-社区SEO,1,
9536,快闪ppt模板免费,模板业务,PPT模板,简历/汇报/合同/表格等模板需求，适合模板库聚合页,,10.0,,,第三方工具-社区SEO,1,
9537,ppt免费模板,模板业务,PPT模板,简历/汇报/合同/表格等模板需求，适合模板库聚合页,,460.0,,,第三方工具-社区SEO,1,
9538,我的家乡ppt模板,模板业务,PPT模板,简历/汇报/合同/表格等模板需求，适合模板库聚合页,,41.0,,,第三方工具-社区SEO,1,
9539,生日ppt模板下载免费,模板业务,PPT模板,简历/汇报/合同/表格等模板需求，适合模板库聚合页,,10.0,,,第三方工具-社区SEO,1,
9540,商务ppt模板,模板业务,PPT模板,简历/汇报/合同/表格等模板需求，适合模板库聚合页,,76.0,,,第三方工具-社区SEO,1,
9541,演讲ppt模板,模板业务,PPT模板,简历/汇报/合同/表格等模板需求，适合模板库聚合页,,25.0,,,第三方工具-社区SEO,1,
9542,实习报告ppt模板,模板业务,PPT模板,简历/汇报/合同/表格等模板需求，适合模板库聚合页,,14.0,,,第三方工具-社区SEO,1,
9543,职业生涯规划ppt模板,模板业务,PPT模板,简历/汇报/合同/表格等模板需求，适合模板库聚合页,,154.0,,,第三方工具-社区SEO,1,
9544,工作总结ppt免费模板,模板业务,PPT模板,简历/汇报/合同/表格等模板需求，适合模板库聚合页,,83.0,,,第三方工具-社区SEO,1,
9545,古风ppt模板,模板业务,PPT模板,简历/汇报/合同/表格等模板需求，适合模板库聚合页,,29.0,,,第三方工具-社区SEO,1,
9546,竞聘演讲ppt模板,模板业务,PPT模板,简历/汇报/合同/表格等模板需求，适合模板库聚合页,,17.0,,,第三方工具-社区SEO,1,
9547,免费下载ppt模板,模板业务,PPT模板,简历/汇报/合同/表格等模板需求，适合模板库聚合页,,9.0,,,第三方工具-社区SEO,1,
9548,圣诞ppt模板免费下载,模板业务,PPT模板,简历/汇报/合同/表格等模板需求，适合模板库聚合页,,8.0,,,第三方工具-社区SEO,1,
9549,ppt模板网站,模板业务,PPT模板,简历/汇报/合同/表格等模板需求，适合模板库聚合页,,166.0,,,第三方工具-社区SEO,1,
9550,ppt素材模板,模板业务,PPT模板,简历/汇报/合同/表格等模板需求，适合模板库聚合页,,129.0,,,第三方工具-社区SEO,1,
9551,第一ppt模板,模板业务,PPT模板,简历/汇报/合同/表格等模板需求，适合模板库聚合页,,121.0,,,第三方工具-社区SEO,1,
9552,家长会ppt模板免费下载,模板业务,PPT模板,简历/汇报/合同/表格等模板需求，适合模板库聚合页,,63.0,,,第三方工具-社区SEO,1,
9553,ppt主题模板,模板业务,PPT模板,简历/汇报/合同/表格等模板需求，适合模板库聚合页,,16.0,,,第三方工具-社区SEO,1,
9554,西游记ppt模板,模板业务,PPT模板,简历/汇报/合同/表格等模板需求，适合模板库聚合页,,10.0,,,第三方工具-社区SEO,1,
9555,小学生ppt模板,模板业务,PPT模板,简历/汇报/合同/表格等模板需求，适合模板库聚合页,,9.0,,,第三方工具-社区SEO,1,
9556,百度文库ppt模板,模板业务,PPT模板,简历/汇报/合同/表格等模板需求，适合模板库聚合页,,8.0,,,第三方工具-社区SEO,1,
9557,个人介绍ppt免费模板,模板业务,PPT模板,简历/汇报/合同/表格等模板需求，适合模板库聚合页,,7.0,,,第三方工具-社区SEO,1,
9558,ppt图表模板,模板业务,PPT模板,简历/汇报/合同/表格等模板需求，适合模板库聚合页,,7.0,,,第三方工具-社区SEO,1,
9559,茶文化ppt模板,模板业务,PPT模板,简历/汇报/合同/表格等模板需求，适合模板库聚合页,,13.0,,,第三方工具-社区SEO,1,
9560,科技感ppt模板,模板业务,PPT模板,简历/汇报/合同/表格等模板需求，适合模板库聚合页,,11.0,,,第三方工具-社区SEO,1,
9561,党课ppt模板免费下载,模板业务,PPT模板,简历/汇报/合同/表格等模板需求，适合模板库聚合页,,9.0,,,第三方工具-社区SEO,1,
9562,春节ppt模板免费下载,模板业务,PPT模板,简历/汇报/合同/表格等模板需求，适合模板库聚合页,,9.0,,,第三方工具-社区SEO,1,
9563,好看的ppt模板免费,模板业务,PPT模板,简历/汇报/合同/表格等模板需求，适合模板库聚合页,,9.0,,,第三方工具-社区SEO,1,
9564,昆虫记ppt模板,模板业务,PPT模板,简历/汇报/合同/表格等模板需求，适合模板库聚合页,,9.0,,,第三方工具-社区SEO,1,
9565,ppt个人介绍模板,模板业务,PPT模板,简历/汇报/合同/表格等模板需求，适合模板库聚合页,,8.0,,,第三方工具-社区SEO,1,
9566,说课ppt模板免费下载,模板业务,PPT模板,简历/汇报/合同/表格等模板需求，适合模板库聚合页,,7.0,,,第三方工具-社区SEO,1,
9567,上海交通大学ppt模板,模板业务,PPT模板,简历/汇报/合同/表格等模板需求，适合模板库聚合页,,7.0,,,第三方工具-社区SEO,1,
9568,西安交通大学ppt模板,模板业务,PPT模板,简历/汇报/合同/表格等模板需求，适合模板库聚合页,,7.0,,,第三方工具-社区SEO,1,
9569,旅游ppt模板,模板业务,PPT模板,简历/汇报/合同/表格等模板需求，适合模板库聚合页,,7.0,,,第三方工具-社区SEO,1,
9570,ppt模板在哪里找,模板业务,PPT模板,简历/汇报/合同/表格等模板需求，适合模板库聚合页,,11.0,,,第三方工具-社区SEO,1,
9571,蓝色ppt模板,模板业务,PPT模板,简历/汇报/合同/表格等模板需求，适合模板库聚合页,,9.0,,,第三方工具-社区SEO,1,
9572,数学ppt模板,模板业务,PPT模板,简历/汇报/合同/表格等模板需求，适合模板库聚合页,,8.0,,,第三方工具-社区SEO,1,
9573,年会ppt模板下载,模板业务,PPT模板,简历/汇报/合同/表格等模板需求，适合模板库聚合页,,7.0,,,第三方工具-社区SEO,1,
9574,开题报告ppt模板免费,模板业务,PPT模板,简历/汇报/合同/表格等模板需求，适合模板库聚合页,,7.0,,,第三方工具-社区SEO,1,
9575,幼儿园ppt模板下载,模板业务,PPT模板,简历/汇报/合同/表格等模板需求，适合模板库聚合页,,6.0,,,第三方工具-社区SEO,1,
9576,红色主题ppt模板,模板业务,PPT模板,简历/汇报/合同/表格等模板需求，适合模板库聚合页,,6.0,,,第三方工具-社区SEO,1,
9577,ppt免费模板下载大全,模板业务,PPT模板,简历/汇报/合同/表格等模板需求，适合模板库聚合页,,6.0,,,第三方工具-社区SEO,1,
9578,元旦联欢会ppt模板,模板业务,PPT模板,简历/汇报/合同/表格等模板需求，适合模板库聚合页,,6.0,,,第三方工具-社区SEO,1,
9579,面试ppt模板免费,模板业务,PPT模板,简历/汇报/合同/表格等模板需求，适合模板库聚合页,,6.0,,,第三方工具-社区SEO,1,
9580,清华大学ppt模板,模板业务,PPT模板,简历/汇报/合同/表格等模板需求，适合模板库聚合页,,4.0,,,第三方工具-社区SEO,1,
9581,ppt模板免费下载,模板业务,PPT模板,简历/汇报/合同/表格等模板需求，适合模板库聚合页,,3.0,,,第三方工具-社区SEO,1,
9582,第一ppt模板免费下载,模板业务,PPT模板,简历/汇报/合同/表格等模板需求，适合模板库聚合页,,61.0,,,第三方工具-社区SEO,1,
9583,免费ppt模板素材网站,模板业务,PPT模板,简历/汇报/合同/表格等模板需求，适合模板库聚合页,,59.0,,,第三方工具-社区SEO,1,
9584,颁奖ppt模板,模板业务,PPT模板,简历/汇报/合同/表格等模板需求，适合模板库聚合页,,17.0,,,第三方工具-社区SEO,1,
9585,第一模板ppt,模板业务,PPT模板,简历/汇报/合同/表格等模板需求，适合模板库聚合页,,9.0,,,第三方工具-社区SEO,1,
9586,组织架构ppt模板,模板业务,PPT模板,简历/汇报/合同/表格等模板需求，适合模板库聚合页,,8.0,,,第三方工具-社区SEO,1,
9587,红色ppt模板免费,模板业务,PPT模板,简历/汇报/合同/表格等模板需求，适合模板库聚合页,,7.0,,,第三方工具-社区SEO,1,
9588,年度计划ppt模板,模板业务,PPT模板,简历/汇报/合同/表格等模板需求，适合模板库聚合页,,7.0,,,第三方工具-社区SEO,1,
9589,党建ppt免费模板,模板业务,PPT模板,简历/汇报/合同/表格等模板需求，适合模板库聚合页,,7.0,,,第三方工具-社区SEO,1,
9590,甘特图ppt模板,模板业务,PPT模板,简历/汇报/合同/表格等模板需求，适合模板库聚合页,,7.0,,,第三方工具-社区SEO,1,
9591,竖版ppt模板,模板业务,PPT模板,简历/汇报/合同/表格等模板需求，适合模板库聚合页,,6.0,,,第三方工具-社区SEO,1,
9592,元旦ppt模板,模板业务,PPT模板,简历/汇报/合同/表格等模板需求，适合模板库聚合页,,5.0,,,第三方工具-社区SEO,1,
9593,商务ppt模板免费,模板业务,PPT模板,简历/汇报/合同/表格等模板需求，适合模板库聚合页,,5.0,,,第三方工具-社区SEO,1,
9594,ppt箭头模板,模板业务,PPT模板,简历/汇报/合同/表格等模板需求，适合模板库聚合页,,5.0,,,第三方工具-社区SEO,1,
9595,水墨画ppt模板,模板业务,PPT模板,简历/汇报/合同/表格等模板需求，适合模板库聚合页,,5.0,,,第三方工具-社区SEO,1,
9596,ppt模板大全免费下载,模板业务,PPT模板,简历/汇报/合同/表格等模板需求，适合模板库聚合页,,5.0,,,第三方工具-社区SEO,1,
9597,创新创业ppt模板免费,模板业务,PPT模板,简历/汇报/合同/表格等模板需求，适合模板库聚合页,,5.0,,,第三方工具-社区SEO,1,
9598,学生会纪检部ppt模板,模板业务,PPT模板,简历/汇报/合同/表格等模板需求，适合模板库聚合页,,3.0,,,第三方工具-社区SEO,1,
9599,ppt模板大全,模板业务,PPT模板,简历/汇报/合同/表格等模板需求，适合模板库聚合页,,236.0,,,第三方工具-社区SEO,1,
9600,工作总结ppt模板,模板业务,PPT模板,简历/汇报/合同/表格等模板需求，适合模板库聚合页,,176.0,,,第三方工具-社区SEO,1,
9601,职业规划ppt模板,模板业务,PPT模板,简历/汇报/合同/表格等模板需求，适合模板库聚合页,,116.0,,,第三方工具-社区SEO,1,
9602,中国风ppt模板,模板业务,PPT模板,简历/汇报/合同/表格等模板需求，适合模板库聚合页,,66.0,,,第三方工具-社区SEO,1,
9603,元旦晚会ppt模板,模板业务,PPT模板,简历/汇报/合同/表格等模板需求，适合模板库聚合页,,61.0,,,第三方工具-社区SEO,1,
9604,鱼骨图ppt模板免费,模板业务,PPT模板,简历/汇报/合同/表格等模板需求，适合模板库聚合页,,24.0,,,第三方工具-社区SEO,1,
9605,免费模板ppt,模板业务,PPT模板,简历/汇报/合同/表格等模板需求，适合模板库聚合页,,15.0,,,第三方工具-社区SEO,1,
9606,家乡ppt模板,模板业务,PPT模板,简历/汇报/合同/表格等模板需求，适合模板库聚合页,,10.0,,,第三方工具-社区SEO,1,
9607,ppt模板百度网盘,模板业务,PPT模板,简历/汇报/合同/表格等模板需求，适合模板库聚合页,,10.0,,,第三方工具-社区SEO,1,
9608,简约ppt模板免费,模板业务,PPT模板,简历/汇报/合同/表格等模板需求，适合模板库聚合页,,7.0,,,第三方工具-社区SEO,1,
9609,医学ppt模板,模板业务,PPT模板,简历/汇报/合同/表格等模板需求，适合模板库聚合页,,7.0,,,第三方工具-社区SEO,1,
9610,生日ppt模板,模板业务,PPT模板,简历/汇报/合同/表格等模板需求，适合模板库聚合页,,7.0,,,第三方工具-社区SEO,1,
9611,公安ppt模板,模板业务,PPT模板,简历/汇报/合同/表格等模板需求，适合模板库聚合页,,6.0,,,第三方工具-社区SEO,1,
9612,包图网ppt模板,模板业务,PPT模板,简历/汇报/合同/表格等模板需求，适合模板库聚合页,,6.0,,,第三方工具-社区SEO,1,
9613,退休欢送会ppt模板,模板业务,PPT模板,简历/汇报/合同/表格等模板需求，适合模板库聚合页,,6.0,,,第三方工具-社区SEO,1,
9614,ppt高级模板,模板业务,PPT模板,简历/汇报/合同/表格等模板需求，适合模板库聚合页,,6.0,,,第三方工具-社区SEO,1,
9615,国风ppt模板免费,模板业务,PPT模板,简历/汇报/合同/表格等模板需求，适合模板库聚合页,,5.0,,,第三方工具-社区SEO,1,
9616,年度工作总结ppt模板,模板业务,PPT模板,简历/汇报/合同/表格等模板需求，适合模板库聚合页,,5.0,,,第三方工具-社区SEO,1,
9617,微软ppt模板,模板业务,PPT模板,简历/汇报/合同/表格等模板需求，适合模板库聚合页,,5.0,,,第三方工具-社区SEO,1,
9618,共青团ppt模板,模板业务,PPT模板,简历/汇报/合同/表格等模板需求，适合模板库聚合页,,5.0,,,第三方工具-社区SEO,1,
9619,好看的ppt模板免费下载,模板业务,PPT模板,简历/汇报/合同/表格等模板需求，适合模板库聚合页,,5.0,,,第三方工具-社区SEO,1,
9620,年度总结ppt模板免费下载,模板业务,PPT模板,简历/汇报/合同/表格等模板需求，适合模板库聚合页,,5.0,,,第三方工具-社区SEO,1,
9621,工作报告ppt免费模板,模板业务,PPT模板,简历/汇报/合同/表格等模板需求，适合模板库聚合页,,5.0,,,第三方工具-社区SEO,1,
9622,ppt超级模板,模板业务,PPT模板,简历/汇报/合同/表格等模板需求，适合模板库聚合页,,5.0,,,第三方工具-社区SEO,1,
9623,公司介绍ppt模板免费,模板业务,PPT模板,简历/汇报/合同/表格等模板需求，适合模板库聚合页,,5.0,,,第三方工具-社区SEO,1,
9624,卡通ppt模板,模板业务,PPT模板,简历/汇报/合同/表格等模板需求，适合模板库聚合页,,5.0,,,第三方工具-社区SEO,1,
9625,会议ppt模板,模板业务,PPT模板,简历/汇报/合同/表格等模板需求，适合模板库聚合页,,5.0,,,第三方工具-社区SEO,1,
9626,好看的ppt模板,模板业务,PPT模板,简历/汇报/合同/表格等模板需求，适合模板库聚合页,,5.0,,,第三方工具-社区SEO,1,
9627,党政ppt模板,模板业务,PPT模板,简历/汇报/合同/表格等模板需求，适合模板库聚合页,,5.0,,,第三方工具-社区SEO,1,
9628,ppt流程图模板,模板业务,PPT模板,简历/汇报/合同/表格等模板需求，适合模板库聚合页,,5.0,,,第三方工具-社区SEO,1,
9629,ppt免费模板下载,模板业务,PPT模板,简历/汇报/合同/表格等模板需求，适合模板库聚合页,,4.0,,,第三方工具-社区SEO,1,
9630,免费ppt模板下载,模板业务,PPT模板,简历/汇报/合同/表格等模板需求，适合模板库聚合页,,4.0,,,第三方工具-社区SEO,1,
9631,免费ppt模板下载网,模板业务,PPT模板,简历/汇报/合同/表格等模板需求，适合模板库聚合页,,126.0,,,第三方工具-社区SEO,1,
9632,稻壳ppt免费模板,模板业务,PPT模板,简历/汇报/合同/表格等模板需求，适合模板库聚合页,,64.0,,,第三方工具-社区SEO,1,
9633,ppt模板免费下载网站,模板业务,PPT模板,简历/汇报/合同/表格等模板需求，适合模板库聚合页,,63.0,,,第三方工具-社区SEO,1,
9634,冬至ppt模板,模板业务,PPT模板,简历/汇报/合同/表格等模板需求，适合模板库聚合页,,59.0,,,第三方工具-社区SEO,1,
9635,ppt模板下载 免费,模板业务,PPT模板,简历/汇报/合同/表格等模板需求，适合模板库聚合页,,10.0,,,第三方工具-社区SEO,1,
9636,ppt模板简约,模板业务,PPT模板,简历/汇报/合同/表格等模板需求，适合模板库聚合页,,8.0,,,第三方工具-社区SEO,1,
9637,ppt模板怎么做,模板业务,PPT模板,简历/汇报/合同/表格等模板需求，适合模板库聚合页,,8.0,,,第三方工具-社区SEO,1,
9638,ppt更换模板,模板业务,PPT模板,简历/汇报/合同/表格等模板需求，适合模板库聚合页,,7.0,,,第三方工具-社区SEO,1,
9639,ppt模板网站免费,模板业务,PPT模板,简历/汇报/合同/表格等模板需求，适合模板库聚合页,,6.0,,,第三方工具-社区SEO,1,
9640,团队介绍ppt模板,模板业务,PPT模板,简历/汇报/合同/表格等模板需求，适合模板库聚合页,,5.0,,,第三方工具-社区SEO,1,
9641,我的大学生活ppt模板,模板业务,PPT模板,简历/汇报/合同/表格等模板需求，适合模板库聚合页,,5.0,,,第三方工具-社区SEO,1,
9642,工作总结ppt模板大全,模板业务,PPT模板,简历/汇报/合同/表格等模板需求，适合模板库聚合页,,5.0,,,第三方工具-社区SEO,1,
9643,时间线ppt模板,模板业务,PPT模板,简历/汇报/合同/表格等模板需求，适合模板库聚合页,,5.0,,,第三方工具-社区SEO,1,
9644,介绍家乡的ppt模板免费下载,模板业务,PPT模板,简历/汇报/合同/表格等模板需求，适合模板库聚合页,,5.0,,,第三方工具-社区SEO,1,
9645,ppt模板觅知网,模板业务,PPT模板,简历/汇报/合同/表格等模板需求，适合模板库聚合页,,5.0,,,第三方工具-社区SEO,1,
9646,培训ppt模板,模板业务,PPT模板,简历/汇报/合同/表格等模板需求，适合模板库聚合页,,5.0,,,第三方工具-社区SEO,1,
9647,ppt模板修改,模板业务,PPT模板,简历/汇报/合同/表格等模板需求，适合模板库聚合页,,5.0,,,第三方工具-社区SEO,1,
9648,ppt目录页模板,模板业务,PPT模板,简历/汇报/合同/表格等模板需求，适合模板库聚合页,,4.0,,,第三方工具-社区SEO,1,
9649,奥运会ppt模板,模板业务,PPT模板,简历/汇报/合同/表格等模板需求，适合模板库聚合页,,4.0,,,第三方工具-社区SEO,1,
9650,团建活动ppt模板,模板业务,PPT模板,简历/汇报/合同/表格等模板需求，适合模板库聚合页,,4.0,,,第三方工具-社区SEO,1,
9651,浙江大学ppt模板,模板业务,PPT模板,简历/汇报/合同/表格等模板需求，适合模板库聚合页,,4.0,,,第三方工具-社区SEO,1,
9652,里程碑ppt模板,模板业务,PPT模板,简历/汇报/合同/表格等模板需求，适合模板库聚合页,,4.0,,,第三方工具-社区SEO,1,
9653,东南大学ppt模板,模板业务,PPT模板,简历/汇报/合同/表格等模板需求，适合模板库聚合页,,4.0,,,第三方工具-社区SEO,1,
9654,家长会ppt模板,模板业务,PPT模板,简历/汇报/合同/表格等模板需求，适合模板库聚合页,,4.0,,,第三方工具-社区SEO,1,
9655,ppt模板下载免费素材,模板业务,PPT模板,简历/汇报/合同/表格等模板需求，适合模板库聚合页,,4.0,,,第三方工具-社区SEO,1,
9656,论文答辩ppt模板,模板业务,PPT模板,简历/汇报/合同/表格等模板需求，适合模板库聚合页,,4.0,,,第三方工具-社区SEO,1,
9657,圣诞节ppt模板,模板业务,PPT模板,简历/汇报/合同/表格等模板需求，适合模板库聚合页,,4.0,,,第三方工具-社区SEO,1,
9658,竖版ppt模板免费,模板业务,PPT模板,简历/汇报/合同/表格等模板需求，适合模板库聚合页,,4.0,,,第三方工具-社区SEO,1,
9659,ppt模板免费下载素材库,模板业务,PPT模板,简历/汇报/合同/表格等模板需求，适合模板库聚合页,,4.0,,,第三方工具-社区SEO,1,
9660,优品ppt模板免费下载官网,模板业务,PPT模板,简历/汇报/合同/表格等模板需求，适合模板库聚合页,,4.0,,,第三方工具-社区SEO,1,
9661,开题报告模板ppt免费,模板业务,PPT模板,简历/汇报/合同/表格等模板需求，适合模板库聚合页,,4.0,,,第三方工具-社区SEO,1,
9662,国庆节ppt模板免费,模板业务,PPT模板,简历/汇报/合同/表格等模板需求，适合模板库聚合页,,4.0,,,第三方工具-社区SEO,1,
9663,ppt的模板怎么做的,模板业务,PPT模板,简历/汇报/合同/表格等模板需求，适合模板库聚合页,,4.0,,,第三方工具-社区SEO,1,
9664,简约背景ppt模板,模板业务,PPT模板,简历/汇报/合同/表格等模板需求，适合模板库聚合页,,4.0,,,第三方工具-社区SEO,1,
9665,ppt模板在哪儿,模板业务,PPT模板,简历/汇报/合同/表格等模板需求，适合模板库聚合页,,4.0,,,第三方工具-社区SEO,1,
9666,ppt模板去哪下载,模板业务,PPT模板,简历/汇报/合同/表格等模板需求，适合模板库聚合页,,4.0,,,第三方工具-社区SEO,1,
9667,工作心得体会ppt模板,模板业务,PPT模板,简历/汇报/合同/表格等模板需求，适合模板库聚合页,,4.0,,,第三方工具-社区SEO,1,
9668,找ppt模板,模板业务,PPT模板,简历/汇报/合同/表格等模板需求，适合模板库聚合页,,4.0,,,第三方工具-社区SEO,1,
9669,ppt模板的制作,模板业务,PPT模板,简历/汇报/合同/表格等模板需求，适合模板库聚合页,,4.0,,,第三方工具-社区SEO,1,
9670,ppt汇总模板,模板业务,PPT模板,简历/汇报/合同/表格等模板需求，适合模板库聚合页,,4.0,,,第三方工具-社区SEO,1,
9671,ppt设计模板在哪,模板业务,PPT模板,简历/汇报/合同/表格等模板需求，适合模板库聚合页,,4.0,,,第三方工具-社区SEO,1,
9672,案例分析的ppt模板,模板业务,PPT模板,简历/汇报/合同/表格等模板需求，适合模板库聚合页,,4.0,,,第三方工具-社区SEO,1,
9673,介绍企业的ppt模板,模板业务,PPT模板,简历/汇报/合同/表格等模板需求，适合模板库聚合页,,4.0,,,第三方工具-社区SEO,1,
9674,英语课文ppt模板,模板业务,PPT模板,简历/汇报/合同/表格等模板需求，适合模板库聚合页,,4.0,,,第三方工具-社区SEO,1,
9675,怎样自己制作ppt模板,模板业务,PPT模板,简历/汇报/合同/表格等模板需求，适合模板库聚合页,,4.0,,,第三方工具-社区SEO,1,
9676,如何在网上下载ppt模板,模板业务,PPT模板,简历/汇报/合同/表格等模板需求，适合模板库聚合页,,4.0,,,第三方工具-社区SEO,1,
9677,个人介绍免费ppt模板下载,模板业务,PPT模板,简历/汇报/合同/表格等模板需求，适合模板库聚合页,,4.0,,,第三方工具-社区SEO,1,
9678,ppt模板有免费的吗,模板业务,PPT模板,简历/汇报/合同/表格等模板需求，适合模板库聚合页,,3.0,,,第三方工具-社区SEO,1,
9679,办公楼租赁合同模板免费,模板业务,合同证明模板,简历/汇报/合同/表格等模板需求，适合模板库聚合页,,,,,百度搜索联想/相关搜索,1,
9680,办公用房租赁合同范本,模板业务,合同证明模板,简历/汇报/合同/表格等模板需求，适合模板库聚合页,,,,,百度搜索联想/相关搜索,1,
9681,租房合同word,模板业务,合同证明模板,简历/汇报/合同/表格等模板需求，适合模板库聚合页,,4.0,,,第三方工具-社区SEO,1,
9682,合同法ppt,模板业务,合同证明模板,简历/汇报/合同/表格等模板需求，适合模板库聚合页,,4.0,,,第三方工具-社区SEO,1,
9683,项目汇报PPT模板,模板业务,模板业务/PPT场景模板,简历/汇报/合同/表格等模板需求，适合模板库聚合页,,,160000.0,,GEO需求机会表,1,S
9684,市场营销方案PPT模板,模板业务,模板业务/PPT场景模板,简历/汇报/合同/表格等模板需求，适合模板库聚合页,,,150000.0,,GEO需求机会表,1,S
9685,教学课件PPT模板,模板业务,模板业务/PPT场景模板,简历/汇报/合同/表格等模板需求，适合模板库聚合页,,,150000.0,,GEO需求机会表,1,S
9686,数据分析报告PPT模板,模板业务,模板业务/PPT场景模板,简历/汇报/合同/表格等模板需求，适合模板库聚合页,,,150000.0,,GEO需求机会表,1,S
9687,竞品分析PPT模板,模板业务,模板业务/PPT场景模板,简历/汇报/合同/表格等模板需求，适合模板库聚合页,,,150000.0,,GEO需求机会表,1,S
9688,公司介绍PPT模板,模板业务,模板业务/PPT场景模板,简历/汇报/合同/表格等模板需求，适合模板库聚合页,,,140000.0,,GEO需求机会表,1,A
9689,培训课件PPT模板,模板业务,模板业务/PPT场景模板,简历/汇报/合同/表格等模板需求，适合模板库聚合页,,,140000.0,,GEO需求机会表,1,A
9690,路演PPT模板,模板业务,模板业务/PPT场景模板,简历/汇报/合同/表格等模板需求，适合模板库聚合页,,,140000.0,,GEO需求机会表,1,A
9691,产品介绍PPT模板,模板业务,模板业务/PPT场景模板,简历/汇报/合同/表格等模板需求，适合模板库聚合页,,,130000.0,,GEO需求机会表,1,A
9692,活动策划PPT模板,模板业务,模板业务/PPT场景模板,简历/汇报/合同/表格等模板需求，适合模板库聚合页,,,130000.0,,GEO需求机会表,1,A
9693,招商方案PPT模板,模板业务,模板业务/PPT场景模板,简历/汇报/合同/表格等模板需求，适合模板库聚合页,,,120000.0,,GEO需求机会表,1,A
9694,KPI复盘PPT模板,模板业务,模板业务/PPT场景模板,简历/汇报/合同/表格等模板需求，适合模板库聚合页,,,100000.0,,GEO需求机会表,1,A
9695,OKR复盘PPT模板,模板业务,模板业务/PPT场景模板,简历/汇报/合同/表格等模板需求，适合模板库聚合页,,,100000.0,,GEO需求机会表,1,A
9696,月报PPT模板,模板业务,模板业务/PPT场景模板,简历/汇报/合同/表格等模板需求，适合模板库聚合页,,,100000.0,,GEO需求机会表,1,A
9697,周报PPT模板,模板业务,模板业务/PPT场景模板,简历/汇报/合同/表格等模板需求，适合模板库聚合页,,,90000.0,,GEO需求机会表,1,A
9698,劳动合同模板,模板业务,模板业务/合同证明Word模板,简历/汇报/合同/表格等模板需求，适合模板库聚合页,,,180000.0,,GEO需求机会表,1,S
9699,租房合同模板,模板业务,模板业务/合同证明Word模板,简历/汇报/合同/表格等模板需求，适合模板库聚合页,,,160000.0,,GEO需求机会表,1,S
9700,入职合同模板,模板业务,模板业务/合同证明Word模板,简历/汇报/合同/表格等模板需求，适合模板库聚合页,,,150000.0,,GEO需求机会表,1,S
9701,实习证明模板,模板业务,模板业务/合同证明Word模板,简历/汇报/合同/表格等模板需求，适合模板库聚合页,,,150000.0,,GEO需求机会表,1,S
9702,离职证明模板,模板业务,模板业务/合同证明Word模板,简历/汇报/合同/表格等模板需求，适合模板库聚合页,,,150000.0,,GEO需求机会表,1,S
9703,借款合同模板,模板业务,模板业务/合同证明Word模板,简历/汇报/合同/表格等模板需求，适合模板库聚合页,,,140000.0,,GEO需求机会表,1,A
9704,辞职报告模板,模板业务,模板业务/合同证明Word模板,简历/汇报/合同/表格等模板需求，适合模板库聚合页,,,140000.0,,GEO需求机会表,1,A
9705,合作协议模板,模板业务,模板业务/合同证明Word模板,简历/汇报/合同/表格等模板需求，适合模板库聚合页,,,130000.0,,GEO需求机会表,1,A
9706,在职证明模板,模板业务,模板业务/合同证明Word模板,简历/汇报/合同/表格等模板需求，适合模板库聚合页,,,130000.0,,GEO需求机会表,1,A
9707,委托书模板,模板业务,模板业务/合同证明Word模板,简历/汇报/合同/表格等模板需求，适合模板库聚合页,,,130000.0,,GEO需求机会表,1,A
9708,收入证明模板,模板业务,模板业务/合同证明Word模板,简历/汇报/合同/表格等模板需求，适合模板库聚合页,,,130000.0,,GEO需求机会表,1,A
9709,保密协议模板,模板业务,模板业务/合同证明Word模板,简历/汇报/合同/表格等模板需求，适合模板库聚合页,,,120000.0,,GEO需求机会表,1,A
9710,工作证明模板,模板业务,模板业务/合同证明Word模板,简历/汇报/合同/表格等模板需求，适合模板库聚合页,,,120000.0,,GEO需求机会表,1,A
9711,授权委托书模板,模板业务,模板业务/合同证明Word模板,简历/汇报/合同/表格等模板需求，适合模板库聚合页,,,120000.0,,GEO需求机会表,1,A
9712,离职合同模板,模板业务,模板业务/合同证明Word模板,简历/汇报/合同/表格等模板需求，适合模板库聚合页,,,120000.0,,GEO需求机会表,1,A
9713,转正申请书模板,模板业务,模板业务/合同证明Word模板,简历/汇报/合同/表格等模板需求，适合模板库聚合页,,,120000.0,,GEO需求机会表,1,A
9714,会议纪要Word模板,模板业务,模板业务/合同证明Word模板,简历/汇报/合同/表格等模板需求，适合模板库聚合页,,,110000.0,,GEO需求机会表,1,A
9715,入职登记表模板,模板业务,模板业务/合同证明Word模板,简历/汇报/合同/表格等模板需求，适合模板库聚合页,,,110000.0,,GEO需求机会表,1,A
9716,WPS劳动合同模板,模板业务,模板业务/合同证明Word模板,简历/汇报/合同/表格等模板需求，适合模板库聚合页,,,108000.0,,GEO需求机会表,1,A
9717,员工手册模板,模板业务,模板业务/合同证明Word模板,简历/汇报/合同/表格等模板需求，适合模板库聚合页,,,100000.0,,GEO需求机会表,1,A
9718,竞业协议模板,模板业务,模板业务/合同证明Word模板,简历/汇报/合同/表格等模板需求，适合模板库聚合页,,,100000.0,,GEO需求机会表,1,A
9719,请假条模板,模板业务,模板业务/合同证明Word模板,简历/汇报/合同/表格等模板需求，适合模板库聚合页,,,100000.0,,GEO需求机会表,1,A
9720,WPS租房合同模板,模板业务,模板业务/合同证明Word模板,简历/汇报/合同/表格等模板需求，适合模板库聚合页,,,96000.0,,GEO需求机会表,1,A
9721,WPS入职合同模板,模板业务,模板业务/合同证明Word模板,简历/汇报/合同/表格等模板需求，适合模板库聚合页,,,90000.0,,GEO需求机会表,1,A
9722,WPS实习证明模板,模板业务,模板业务/合同证明Word模板,简历/汇报/合同/表格等模板需求，适合模板库聚合页,,,90000.0,,GEO需求机会表,1,A
9723,WPS离职证明模板,模板业务,模板业务/合同证明Word模板,简历/汇报/合同/表格等模板需求，适合模板库聚合页,,,90000.0,,GEO需求机会表,1,A
9724,商务邀请函模板,模板业务,模板业务/合同证明Word模板,简历/汇报/合同/表格等模板需求，适合模板库聚合页,,,90000.0,,GEO需求机会表,1,A
9725,规章制度模板,模板业务,模板业务/合同证明Word模板,简历/汇报/合同/表格等模板需求，适合模板库聚合页,,,90000.0,,GEO需求机会表,1,A
9726,通知公告模板,模板业务,模板业务/合同证明Word模板,简历/汇报/合同/表格等模板需求，适合模板库聚合页,,,90000.0,,GEO需求机会表,1,A
9727,WPS借款合同模板,模板业务,模板业务/合同证明Word模板,简历/汇报/合同/表格等模板需求，适合模板库聚合页,,,84000.0,,GEO需求机会表,1,A
9728,WPS辞职报告模板,模板业务,模板业务/合同证明Word模板,简历/汇报/合同/表格等模板需求，适合模板库聚合页,,,84000.0,,GEO需求机会表,1,A
9729,WPS合作协议模板,模板业务,模板业务/合同证明Word模板,简历/汇报/合同/表格等模板需求，适合模板库聚合页,,,78000.0,,GEO需求机会表,1,B
9730,WPS在职证明模板,模板业务,模板业务/合同证明Word模板,简历/汇报/合同/表格等模板需求，适合模板库聚合页,,,78000.0,,GEO需求机会表,1,B
9731,WPS委托书模板,模板业务,模板业务/合同证明Word模板,简历/汇报/合同/表格等模板需求，适合模板库聚合页,,,78000.0,,GEO需求机会表,1,B
9732,WPS收入证明模板,模板业务,模板业务/合同证明Word模板,简历/汇报/合同/表格等模板需求，适合模板库聚合页,,,78000.0,,GEO需求机会表,1,B
9733,WPS保密协议模板,模板业务,模板业务/合同证明Word模板,简历/汇报/合同/表格等模板需求，适合模板库聚合页,,,72000.0,,GEO需求机会表,1,B
9734,WPS工作证明模板,模板业务,模板业务/合同证明Word模板,简历/汇报/合同/表格等模板需求，适合模板库聚合页,,,72000.0,,GEO需求机会表,1,B
9735,WPS授权委托书模板,模板业务,模板业务/合同证明Word模板,简历/汇报/合同/表格等模板需求，适合模板库聚合页,,,72000.0,,GEO需求机会表,1,B
9736,WPS离职合同模板,模板业务,模板业务/合同证明Word模板,简历/汇报/合同/表格等模板需求，适合模板库聚合页,,,72000.0,,GEO需求机会表,1,B
9737,WPS转正申请书模板,模板业务,模板业务/合同证明Word模板,简历/汇报/合同/表格等模板需求，适合模板库聚合页,,,72000.0,,GEO需求机会表,1,B
9738,WPS会议纪要Word模板,模板业务,模板业务/合同证明Word模板,简历/汇报/合同/表格等模板需求，适合模板库聚合页,,,66000.0,,GEO需求机会表,1,B
9739,WPS入职登记表模板,模板业务,模板业务/合同证明Word模板,简历/汇报/合同/表格等模板需求，适合模板库聚合页,,,66000.0,,GEO需求机会表,1,B
9740,WPS员工手册模板,模板业务,模板业务/合同证明Word模板,简历/汇报/合同/表格等模板需求，适合模板库聚合页,,,60000.0,,GEO需求机会表,1,B
9741,WPS竞业协议模板,模板业务,模板业务/合同证明Word模板,简历/汇报/合同/表格等模板需求，适合模板库聚合页,,,60000.0,,GEO需求机会表,1,B
9742,WPS请假条模板,模板业务,模板业务/合同证明Word模板,简历/汇报/合同/表格等模板需求，适合模板库聚合页,,,60000.0,,GEO需求机会表,1,B
9743,WPS商务邀请函模板,模板业务,模板业务/合同证明Word模板,简历/汇报/合同/表格等模板需求，适合模板库聚合页,,,54000.0,,GEO需求机会表,1,B
9744,WPS规章制度模板,模板业务,模板业务/合同证明Word模板,简历/汇报/合同/表格等模板需求，适合模板库聚合页,,,54000.0,,GEO需求机会表,1,B
9745,WPS通知公告模板,模板业务,模板业务/合同证明Word模板,简历/汇报/合同/表格等模板需求，适合模板库聚合页,,,54000.0,,GEO需求机会表,1,B
9746,产品经理年终汇报PPT模板,模板业务,模板业务/岗位汇报,简历/汇报/合同/表格等模板需求，适合模板库聚合页,,,130000.0,,GEO需求机会表,1,A
9747,人力资源年终汇报PPT模板,模板业务,模板业务/岗位汇报,简历/汇报/合同/表格等模板需求，适合模板库聚合页,,,130000.0,,GEO需求机会表,1,A
9748,市场营销年终汇报PPT模板,模板业务,模板业务/岗位汇报,简历/汇报/合同/表格等模板需求，适合模板库聚合页,,,130000.0,,GEO需求机会表,1,A
9749,财务年终汇报PPT模板,模板业务,模板业务/岗位汇报,简历/汇报/合同/表格等模板需求，适合模板库聚合页,,,130000.0,,GEO需求机会表,1,A
9750,运营年终汇报PPT模板,模板业务,模板业务/岗位汇报,简历/汇报/合同/表格等模板需求，适合模板库聚合页,,,130000.0,,GEO需求机会表,1,A
9751,销售年终汇报PPT模板,模板业务,模板业务/岗位汇报,简历/汇报/合同/表格等模板需求，适合模板库聚合页,,,130000.0,,GEO需求机会表,1,A
9752,项目经理年终汇报PPT模板,模板业务,模板业务/岗位汇报,简历/汇报/合同/表格等模板需求，适合模板库聚合页,,,130000.0,,GEO需求机会表,1,A
9753,产品经理工作总结PPT模板,模板业务,模板业务/岗位汇报,简历/汇报/合同/表格等模板需求，适合模板库聚合页,,,110500.0,,GEO需求机会表,1,A
9754,产品经理述职报告PPT模板,模板业务,模板业务/岗位汇报,简历/汇报/合同/表格等模板需求，适合模板库聚合页,,,110500.0,,GEO需求机会表,1,A
9755,人力资源工作总结PPT模板,模板业务,模板业务/岗位汇报,简历/汇报/合同/表格等模板需求，适合模板库聚合页,,,110500.0,,GEO需求机会表,1,A
9756,人力资源述职报告PPT模板,模板业务,模板业务/岗位汇报,简历/汇报/合同/表格等模板需求，适合模板库聚合页,,,110500.0,,GEO需求机会表,1,A
9757,市场营销工作总结PPT模板,模板业务,模板业务/岗位汇报,简历/汇报/合同/表格等模板需求，适合模板库聚合页,,,110500.0,,GEO需求机会表,1,A
9758,市场营销述职报告PPT模板,模板业务,模板业务/岗位汇报,简历/汇报/合同/表格等模板需求，适合模板库聚合页,,,110500.0,,GEO需求机会表,1,A
9759,财务工作总结PPT模板,模板业务,模板业务/岗位汇报,简历/汇报/合同/表格等模板需求，适合模板库聚合页,,,110500.0,,GEO需求机会表,1,A
9760,财务述职报告PPT模板,模板业务,模板业务/岗位汇报,简历/汇报/合同/表格等模板需求，适合模板库聚合页,,,110500.0,,GEO需求机会表,1,A
9761,运营工作总结PPT模板,模板业务,模板业务/岗位汇报,简历/汇报/合同/表格等模板需求，适合模板库聚合页,,,110500.0,,GEO需求机会表,1,A
9762,运营述职报告PPT模板,模板业务,模板业务/岗位汇报,简历/汇报/合同/表格等模板需求，适合模板库聚合页,,,110500.0,,GEO需求机会表,1,A
9763,销售工作总结PPT模板,模板业务,模板业务/岗位汇报,简历/汇报/合同/表格等模板需求，适合模板库聚合页,,,110500.0,,GEO需求机会表,1,A
9764,销售述职报告PPT模板,模板业务,模板业务/岗位汇报,简历/汇报/合同/表格等模板需求，适合模板库聚合页,,,110500.0,,GEO需求机会表,1,A
9765,项目经理工作总结PPT模板,模板业务,模板业务/岗位汇报,简历/汇报/合同/表格等模板需求，适合模板库聚合页,,,110500.0,,GEO需求机会表,1,A
9766,项目经理述职报告PPT模板,模板业务,模板业务/岗位汇报,简历/汇报/合同/表格等模板需求，适合模板库聚合页,,,110500.0,,GEO需求机会表,1,A
9767,会计年终汇报PPT模板,模板业务,模板业务/岗位汇报,简历/汇报/合同/表格等模板需求，适合模板库聚合页,,,90000.0,,GEO需求机会表,1,A
9768,客服年终汇报PPT模板,模板业务,模板业务/岗位汇报,简历/汇报/合同/表格等模板需求，适合模板库聚合页,,,90000.0,,GEO需求机会表,1,A
9769,技术年终汇报PPT模板,模板业务,模板业务/岗位汇报,简历/汇报/合同/表格等模板需求，适合模板库聚合页,,,90000.0,,GEO需求机会表,1,A
9770,护士年终汇报PPT模板,模板业务,模板业务/岗位汇报,简历/汇报/合同/表格等模板需求，适合模板库聚合页,,,90000.0,,GEO需求机会表,1,A
9771,教师年终汇报PPT模板,模板业务,模板业务/岗位汇报,简历/汇报/合同/表格等模板需求，适合模板库聚合页,,,90000.0,,GEO需求机会表,1,A
9772,数据分析师年终汇报PPT模板,模板业务,模板业务/岗位汇报,简历/汇报/合同/表格等模板需求，适合模板库聚合页,,,90000.0,,GEO需求机会表,1,A
9773,新媒体运营年终汇报PPT模板,模板业务,模板业务/岗位汇报,简历/汇报/合同/表格等模板需求，适合模板库聚合页,,,90000.0,,GEO需求机会表,1,A
9774,电商运营年终汇报PPT模板,模板业务,模板业务/岗位汇报,简历/汇报/合同/表格等模板需求，适合模板库聚合页,,,90000.0,,GEO需求机会表,1,A
9775,研发年终汇报PPT模板,模板业务,模板业务/岗位汇报,简历/汇报/合同/表格等模板需求，适合模板库聚合页,,,90000.0,,GEO需求机会表,1,A
9776,行政年终汇报PPT模板,模板业务,模板业务/岗位汇报,简历/汇报/合同/表格等模板需求，适合模板库聚合页,,,90000.0,,GEO需求机会表,1,A
9777,设计师年终汇报PPT模板,模板业务,模板业务/岗位汇报,简历/汇报/合同/表格等模板需求，适合模板库聚合页,,,90000.0,,GEO需求机会表,1,A
9778,采购年终汇报PPT模板,模板业务,模板业务/岗位汇报,简历/汇报/合同/表格等模板需求，适合模板库聚合页,,,90000.0,,GEO需求机会表,1,A
9779,门店店长年终汇报PPT模板,模板业务,模板业务/岗位汇报,简历/汇报/合同/表格等模板需求，适合模板库聚合页,,,90000.0,,GEO需求机会表,1,A
9780,产品经理月度汇报PPT模板,模板业务,模板业务/岗位汇报,简历/汇报/合同/表格等模板需求，适合模板库聚合页,,,84500.0,,GEO需求机会表,1,A
9781,人力资源月度汇报PPT模板,模板业务,模板业务/岗位汇报,简历/汇报/合同/表格等模板需求，适合模板库聚合页,,,84500.0,,GEO需求机会表,1,A
9782,市场营销月度汇报PPT模板,模板业务,模板业务/岗位汇报,简历/汇报/合同/表格等模板需求，适合模板库聚合页,,,84500.0,,GEO需求机会表,1,A
9783,财务月度汇报PPT模板,模板业务,模板业务/岗位汇报,简历/汇报/合同/表格等模板需求，适合模板库聚合页,,,84500.0,,GEO需求机会表,1,A
9784,运营月度汇报PPT模板,模板业务,模板业务/岗位汇报,简历/汇报/合同/表格等模板需求，适合模板库聚合页,,,84500.0,,GEO需求机会表,1,A
9785,销售月度汇报PPT模板,模板业务,模板业务/岗位汇报,简历/汇报/合同/表格等模板需求，适合模板库聚合页,,,84500.0,,GEO需求机会表,1,A
9786,项目经理月度汇报PPT模板,模板业务,模板业务/岗位汇报,简历/汇报/合同/表格等模板需求，适合模板库聚合页,,,84500.0,,GEO需求机会表,1,A
9787,会计工作总结PPT模板,模板业务,模板业务/岗位汇报,简历/汇报/合同/表格等模板需求，适合模板库聚合页,,,76500.0,,GEO需求机会表,1,B
9788,会计述职报告PPT模板,模板业务,模板业务/岗位汇报,简历/汇报/合同/表格等模板需求，适合模板库聚合页,,,76500.0,,GEO需求机会表,1,B
9789,客服工作总结PPT模板,模板业务,模板业务/岗位汇报,简历/汇报/合同/表格等模板需求，适合模板库聚合页,,,76500.0,,GEO需求机会表,1,B
9790,客服述职报告PPT模板,模板业务,模板业务/岗位汇报,简历/汇报/合同/表格等模板需求，适合模板库聚合页,,,76500.0,,GEO需求机会表,1,B
9791,技术工作总结PPT模板,模板业务,模板业务/岗位汇报,简历/汇报/合同/表格等模板需求，适合模板库聚合页,,,76500.0,,GEO需求机会表,1,B
9792,技术述职报告PPT模板,模板业务,模板业务/岗位汇报,简历/汇报/合同/表格等模板需求，适合模板库聚合页,,,76500.0,,GEO需求机会表,1,B
9793,护士工作总结PPT模板,模板业务,模板业务/岗位汇报,简历/汇报/合同/表格等模板需求，适合模板库聚合页,,,76500.0,,GEO需求机会表,1,B
9794,护士述职报告PPT模板,模板业务,模板业务/岗位汇报,简历/汇报/合同/表格等模板需求，适合模板库聚合页,,,76500.0,,GEO需求机会表,1,B
9795,教师工作总结PPT模板,模板业务,模板业务/岗位汇报,简历/汇报/合同/表格等模板需求，适合模板库聚合页,,,76500.0,,GEO需求机会表,1,B
9796,教师述职报告PPT模板,模板业务,模板业务/岗位汇报,简历/汇报/合同/表格等模板需求，适合模板库聚合页,,,76500.0,,GEO需求机会表,1,B
9797,数据分析师工作总结PPT模板,模板业务,模板业务/岗位汇报,简历/汇报/合同/表格等模板需求，适合模板库聚合页,,,76500.0,,GEO需求机会表,1,B
9798,数据分析师述职报告PPT模板,模板业务,模板业务/岗位汇报,简历/汇报/合同/表格等模板需求，适合模板库聚合页,,,76500.0,,GEO需求机会表,1,B
9799,新媒体运营工作总结PPT模板,模板业务,模板业务/岗位汇报,简历/汇报/合同/表格等模板需求，适合模板库聚合页,,,76500.0,,GEO需求机会表,1,B
9800,新媒体运营述职报告PPT模板,模板业务,模板业务/岗位汇报,简历/汇报/合同/表格等模板需求，适合模板库聚合页,,,76500.0,,GEO需求机会表,1,B
9801,电商运营工作总结PPT模板,模板业务,模板业务/岗位汇报,简历/汇报/合同/表格等模板需求，适合模板库聚合页,,,76500.0,,GEO需求机会表,1,B
9802,电商运营述职报告PPT模板,模板业务,模板业务/岗位汇报,简历/汇报/合同/表格等模板需求，适合模板库聚合页,,,76500.0,,GEO需求机会表,1,B
9803,研发工作总结PPT模板,模板业务,模板业务/岗位汇报,简历/汇报/合同/表格等模板需求，适合模板库聚合页,,,76500.0,,GEO需求机会表,1,B
9804,研发述职报告PPT模板,模板业务,模板业务/岗位汇报,简历/汇报/合同/表格等模板需求，适合模板库聚合页,,,76500.0,,GEO需求机会表,1,B
9805,行政工作总结PPT模板,模板业务,模板业务/岗位汇报,简历/汇报/合同/表格等模板需求，适合模板库聚合页,,,76500.0,,GEO需求机会表,1,B
9806,行政述职报告PPT模板,模板业务,模板业务/岗位汇报,简历/汇报/合同/表格等模板需求，适合模板库聚合页,,,76500.0,,GEO需求机会表,1,B
9807,设计师工作总结PPT模板,模板业务,模板业务/岗位汇报,简历/汇报/合同/表格等模板需求，适合模板库聚合页,,,76500.0,,GEO需求机会表,1,B
9808,设计师述职报告PPT模板,模板业务,模板业务/岗位汇报,简历/汇报/合同/表格等模板需求，适合模板库聚合页,,,76500.0,,GEO需求机会表,1,B
9809,采购工作总结PPT模板,模板业务,模板业务/岗位汇报,简历/汇报/合同/表格等模板需求，适合模板库聚合页,,,76500.0,,GEO需求机会表,1,B
9810,采购述职报告PPT模板,模板业务,模板业务/岗位汇报,简历/汇报/合同/表格等模板需求，适合模板库聚合页,,,76500.0,,GEO需求机会表,1,B
9811,门店店长工作总结PPT模板,模板业务,模板业务/岗位汇报,简历/汇报/合同/表格等模板需求，适合模板库聚合页,,,76500.0,,GEO需求机会表,1,B
9812,门店店长述职报告PPT模板,模板业务,模板业务/岗位汇报,简历/汇报/合同/表格等模板需求，适合模板库聚合页,,,76500.0,,GEO需求机会表,1,B
9813,会计月度汇报PPT模板,模板业务,模板业务/岗位汇报,简历/汇报/合同/表格等模板需求，适合模板库聚合页,,,58500.0,,GEO需求机会表,1,B
9814,客服月度汇报PPT模板,模板业务,模板业务/岗位汇报,简历/汇报/合同/表格等模板需求，适合模板库聚合页,,,58500.0,,GEO需求机会表,1,B
9815,技术月度汇报PPT模板,模板业务,模板业务/岗位汇报,简历/汇报/合同/表格等模板需求，适合模板库聚合页,,,58500.0,,GEO需求机会表,1,B
9816,护士月度汇报PPT模板,模板业务,模板业务/岗位汇报,简历/汇报/合同/表格等模板需求，适合模板库聚合页,,,58500.0,,GEO需求机会表,1,B
9817,教师月度汇报PPT模板,模板业务,模板业务/岗位汇报,简历/汇报/合同/表格等模板需求，适合模板库聚合页,,,58500.0,,GEO需求机会表,1,B
9818,数据分析师月度汇报PPT模板,模板业务,模板业务/岗位汇报,简历/汇报/合同/表格等模板需求，适合模板库聚合页,,,58500.0,,GEO需求机会表,1,B
9819,新媒体运营月度汇报PPT模板,模板业务,模板业务/岗位汇报,简历/汇报/合同/表格等模板需求，适合模板库聚合页,,,58500.0,,GEO需求机会表,1,B
9820,电商运营月度汇报PPT模板,模板业务,模板业务/岗位汇报,简历/汇报/合同/表格等模板需求，适合模板库聚合页,,,58500.0,,GEO需求机会表,1,B
9821,研发月度汇报PPT模板,模板业务,模板业务/岗位汇报,简历/汇报/合同/表格等模板需求，适合模板库聚合页,,,58500.0,,GEO需求机会表,1,B
9822,行政月度汇报PPT模板,模板业务,模板业务/岗位汇报,简历/汇报/合同/表格等模板需求，适合模板库聚合页,,,58500.0,,GEO需求机会表,1,B
9823,设计师月度汇报PPT模板,模板业务,模板业务/岗位汇报,简历/汇报/合同/表格等模板需求，适合模板库聚合页,,,58500.0,,GEO需求机会表,1,B
9824,采购月度汇报PPT模板,模板业务,模板业务/岗位汇报,简历/汇报/合同/表格等模板需求，适合模板库聚合页,,,58500.0,,GEO需求机会表,1,B
9825,门店店长月度汇报PPT模板,模板业务,模板业务/岗位汇报,简历/汇报/合同/表格等模板需求，适合模板库聚合页,,,58500.0,,GEO需求机会表,1,B
9826,Java工程师简历模板,模板业务,模板业务/岗位简历,简历/汇报/合同/表格等模板需求，适合模板库聚合页,,,120000.0,,GEO需求机会表,1,A
9827,产品经理简历模板,模板业务,模板业务/岗位简历,简历/汇报/合同/表格等模板需求，适合模板库聚合页,,,120000.0,,GEO需求机会表,1,A
9828,人力资源简历模板,模板业务,模板业务/岗位简历,简历/汇报/合同/表格等模板需求，适合模板库聚合页,,,120000.0,,GEO需求机会表,1,A
9829,会计简历模板,模板业务,模板业务/岗位简历,简历/汇报/合同/表格等模板需求，适合模板库聚合页,,,120000.0,,GEO需求机会表,1,A
9830,前端工程师简历模板,模板业务,模板业务/岗位简历,简历/汇报/合同/表格等模板需求，适合模板库聚合页,,,120000.0,,GEO需求机会表,1,A
9831,实习生简历模板,模板业务,模板业务/岗位简历,简历/汇报/合同/表格等模板需求，适合模板库聚合页,,,120000.0,,GEO需求机会表,1,A
9832,市场营销简历模板,模板业务,模板业务/岗位简历,简历/汇报/合同/表格等模板需求，适合模板库聚合页,,,120000.0,,GEO需求机会表,1,A
9833,应届生简历模板,模板业务,模板业务/岗位简历,简历/汇报/合同/表格等模板需求，适合模板库聚合页,,,120000.0,,GEO需求机会表,1,A
9834,护士简历模板,模板业务,模板业务/岗位简历,简历/汇报/合同/表格等模板需求，适合模板库聚合页,,,120000.0,,GEO需求机会表,1,A
9835,教师简历模板,模板业务,模板业务/岗位简历,简历/汇报/合同/表格等模板需求，适合模板库聚合页,,,120000.0,,GEO需求机会表,1,A
9836,数据分析师简历模板,模板业务,模板业务/岗位简历,简历/汇报/合同/表格等模板需求，适合模板库聚合页,,,120000.0,,GEO需求机会表,1,A
9837,新媒体运营简历模板,模板业务,模板业务/岗位简历,简历/汇报/合同/表格等模板需求，适合模板库聚合页,,,120000.0,,GEO需求机会表,1,A
9838,财务简历模板,模板业务,模板业务/岗位简历,简历/汇报/合同/表格等模板需求，适合模板库聚合页,,,120000.0,,GEO需求机会表,1,A
9839,运营简历模板,模板业务,模板业务/岗位简历,简历/汇报/合同/表格等模板需求，适合模板库聚合页,,,120000.0,,GEO需求机会表,1,A
9840,销售简历模板,模板业务,模板业务/岗位简历,简历/汇报/合同/表格等模板需求，适合模板库聚合页,,,120000.0,,GEO需求机会表,1,A
9841,Java工程师个人简历模板,模板业务,模板业务/岗位简历,简历/汇报/合同/表格等模板需求，适合模板库聚合页,,,96000.0,,GEO需求机会表,1,A
9842,产品经理个人简历模板,模板业务,模板业务/岗位简历,简历/汇报/合同/表格等模板需求，适合模板库聚合页,,,96000.0,,GEO需求机会表,1,A
9843,人力资源个人简历模板,模板业务,模板业务/岗位简历,简历/汇报/合同/表格等模板需求，适合模板库聚合页,,,96000.0,,GEO需求机会表,1,A
9844,会计个人简历模板,模板业务,模板业务/岗位简历,简历/汇报/合同/表格等模板需求，适合模板库聚合页,,,96000.0,,GEO需求机会表,1,A
9845,前端工程师个人简历模板,模板业务,模板业务/岗位简历,简历/汇报/合同/表格等模板需求，适合模板库聚合页,,,96000.0,,GEO需求机会表,1,A
9846,实习生个人简历模板,模板业务,模板业务/岗位简历,简历/汇报/合同/表格等模板需求，适合模板库聚合页,,,96000.0,,GEO需求机会表,1,A
9847,市场营销个人简历模板,模板业务,模板业务/岗位简历,简历/汇报/合同/表格等模板需求，适合模板库聚合页,,,96000.0,,GEO需求机会表,1,A
9848,应届生个人简历模板,模板业务,模板业务/岗位简历,简历/汇报/合同/表格等模板需求，适合模板库聚合页,,,96000.0,,GEO需求机会表,1,A
9849,护士个人简历模板,模板业务,模板业务/岗位简历,简历/汇报/合同/表格等模板需求，适合模板库聚合页,,,96000.0,,GEO需求机会表,1,A
9850,教师个人简历模板,模板业务,模板业务/岗位简历,简历/汇报/合同/表格等模板需求，适合模板库聚合页,,,96000.0,,GEO需求机会表,1,A
9851,数据分析师个人简历模板,模板业务,模板业务/岗位简历,简历/汇报/合同/表格等模板需求，适合模板库聚合页,,,96000.0,,GEO需求机会表,1,A
9852,新媒体运营个人简历模板,模板业务,模板业务/岗位简历,简历/汇报/合同/表格等模板需求，适合模板库聚合页,,,96000.0,,GEO需求机会表,1,A
9853,财务个人简历模板,模板业务,模板业务/岗位简历,简历/汇报/合同/表格等模板需求，适合模板库聚合页,,,96000.0,,GEO需求机会表,1,A
9854,运营个人简历模板,模板业务,模板业务/岗位简历,简历/汇报/合同/表格等模板需求，适合模板库聚合页,,,96000.0,,GEO需求机会表,1,A
9855,销售个人简历模板,模板业务,模板业务/岗位简历,简历/汇报/合同/表格等模板需求，适合模板库聚合页,,,96000.0,,GEO需求机会表,1,A
9856,Python工程师简历模板,模板业务,模板业务/岗位简历,简历/汇报/合同/表格等模板需求，适合模板库聚合页,,,80000.0,,GEO需求机会表,1,A
9857,UI设计师简历模板,模板业务,模板业务/岗位简历,简历/汇报/合同/表格等模板需求，适合模板库聚合页,,,80000.0,,GEO需求机会表,1,A
9858,内容运营简历模板,模板业务,模板业务/岗位简历,简历/汇报/合同/表格等模板需求，适合模板库聚合页,,,80000.0,,GEO需求机会表,1,A
9859,医生简历模板,模板业务,模板业务/岗位简历,简历/汇报/合同/表格等模板需求，适合模板库聚合页,,,80000.0,,GEO需求机会表,1,A
9860,商务简历模板,模板业务,模板业务/岗位简历,简历/汇报/合同/表格等模板需求，适合模板库聚合页,,,80000.0,,GEO需求机会表,1,A
9861,土木工程师简历模板,模板业务,模板业务/岗位简历,简历/汇报/合同/表格等模板需求，适合模板库聚合页,,,80000.0,,GEO需求机会表,1,A
9862,外贸业务员简历模板,模板业务,模板业务/岗位简历,简历/汇报/合同/表格等模板需求，适合模板库聚合页,,,80000.0,,GEO需求机会表,1,A
9863,审计简历模板,模板业务,模板业务/岗位简历,简历/汇报/合同/表格等模板需求，适合模板库聚合页,,,80000.0,,GEO需求机会表,1,A
9864,客户经理简历模板,模板业务,模板业务/岗位简历,简历/汇报/合同/表格等模板需求，适合模板库聚合页,,,80000.0,,GEO需求机会表,1,A
9865,客服简历模板,模板业务,模板业务/岗位简历,简历/汇报/合同/表格等模板需求，适合模板库聚合页,,,80000.0,,GEO需求机会表,1,A
9866,平面设计师简历模板,模板业务,模板业务/岗位简历,简历/汇报/合同/表格等模板需求，适合模板库聚合页,,,80000.0,,GEO需求机会表,1,A
9867,建筑工程师简历模板,模板业务,模板业务/岗位简历,简历/汇报/合同/表格等模板需求，适合模板库聚合页,,,80000.0,,GEO需求机会表,1,A
9868,律师简历模板,模板业务,模板业务/岗位简历,简历/汇报/合同/表格等模板需求，适合模板库聚合页,,,80000.0,,GEO需求机会表,1,A
9869,机械工程师简历模板,模板业务,模板业务/岗位简历,简历/汇报/合同/表格等模板需求，适合模板库聚合页,,,80000.0,,GEO需求机会表,1,A
9870,测试工程师简历模板,模板业务,模板业务/岗位简历,简历/汇报/合同/表格等模板需求，适合模板库聚合页,,,80000.0,,GEO需求机会表,1,A
9871,电商运营简历模板,模板业务,模板业务/岗位简历,简历/汇报/合同/表格等模板需求，适合模板库聚合页,,,80000.0,,GEO需求机会表,1,A
9872,直播运营简历模板,模板业务,模板业务/岗位简历,简历/汇报/合同/表格等模板需求，适合模板库聚合页,,,80000.0,,GEO需求机会表,1,A
9873,管培生简历模板,模板业务,模板业务/岗位简历,简历/汇报/合同/表格等模板需求，适合模板库聚合页,,,80000.0,,GEO需求机会表,1,A
9874,行政简历模板,模板业务,模板业务/岗位简历,简历/汇报/合同/表格等模板需求，适合模板库聚合页,,,80000.0,,GEO需求机会表,1,A
9875,设计师简历模板,模板业务,模板业务/岗位简历,简历/汇报/合同/表格等模板需求，适合模板库聚合页,,,80000.0,,GEO需求机会表,1,A
9876,采购简历模板,模板业务,模板业务/岗位简历,简历/汇报/合同/表格等模板需求，适合模板库聚合页,,,80000.0,,GEO需求机会表,1,A
9877,项目经理简历模板,模板业务,模板业务/岗位简历,简历/汇报/合同/表格等模板需求，适合模板库聚合页,,,80000.0,,GEO需求机会表,1,A
9878,WPSJava工程师简历模板,模板业务,模板业务/岗位简历,简历/汇报/合同/表格等模板需求，适合模板库聚合页,,,78000.0,,GEO需求机会表,1,B
9879,WPS产品经理简历模板,模板业务,模板业务/岗位简历,简历/汇报/合同/表格等模板需求，适合模板库聚合页,,,78000.0,,GEO需求机会表,1,B
9880,WPS人力资源简历模板,模板业务,模板业务/岗位简历,简历/汇报/合同/表格等模板需求，适合模板库聚合页,,,78000.0,,GEO需求机会表,1,B
9881,WPS会计简历模板,模板业务,模板业务/岗位简历,简历/汇报/合同/表格等模板需求，适合模板库聚合页,,,78000.0,,GEO需求机会表,1,B
9882,WPS前端工程师简历模板,模板业务,模板业务/岗位简历,简历/汇报/合同/表格等模板需求，适合模板库聚合页,,,78000.0,,GEO需求机会表,1,B
9883,WPS实习生简历模板,模板业务,模板业务/岗位简历,简历/汇报/合同/表格等模板需求，适合模板库聚合页,,,78000.0,,GEO需求机会表,1,B
9884,WPS市场营销简历模板,模板业务,模板业务/岗位简历,简历/汇报/合同/表格等模板需求，适合模板库聚合页,,,78000.0,,GEO需求机会表,1,B
9885,WPS应届生简历模板,模板业务,模板业务/岗位简历,简历/汇报/合同/表格等模板需求，适合模板库聚合页,,,78000.0,,GEO需求机会表,1,B
9886,WPS护士简历模板,模板业务,模板业务/岗位简历,简历/汇报/合同/表格等模板需求，适合模板库聚合页,,,78000.0,,GEO需求机会表,1,B
9887,WPS教师简历模板,模板业务,模板业务/岗位简历,简历/汇报/合同/表格等模板需求，适合模板库聚合页,,,78000.0,,GEO需求机会表,1,B
9888,WPS数据分析师简历模板,模板业务,模板业务/岗位简历,简历/汇报/合同/表格等模板需求，适合模板库聚合页,,,78000.0,,GEO需求机会表,1,B
9889,WPS新媒体运营简历模板,模板业务,模板业务/岗位简历,简历/汇报/合同/表格等模板需求，适合模板库聚合页,,,78000.0,,GEO需求机会表,1,B
9890,WPS财务简历模板,模板业务,模板业务/岗位简历,简历/汇报/合同/表格等模板需求，适合模板库聚合页,,,78000.0,,GEO需求机会表,1,B
9891,WPS运营简历模板,模板业务,模板业务/岗位简历,简历/汇报/合同/表格等模板需求，适合模板库聚合页,,,78000.0,,GEO需求机会表,1,B
9892,WPS销售简历模板,模板业务,模板业务/岗位简历,简历/汇报/合同/表格等模板需求，适合模板库聚合页,,,78000.0,,GEO需求机会表,1,B
9893,Python工程师个人简历模板,模板业务,模板业务/岗位简历,简历/汇报/合同/表格等模板需求，适合模板库聚合页,,,64000.0,,GEO需求机会表,1,B
9894,UI设计师个人简历模板,模板业务,模板业务/岗位简历,简历/汇报/合同/表格等模板需求，适合模板库聚合页,,,64000.0,,GEO需求机会表,1,B
9895,内容运营个人简历模板,模板业务,模板业务/岗位简历,简历/汇报/合同/表格等模板需求，适合模板库聚合页,,,64000.0,,GEO需求机会表,1,B
9896,医生个人简历模板,模板业务,模板业务/岗位简历,简历/汇报/合同/表格等模板需求，适合模板库聚合页,,,64000.0,,GEO需求机会表,1,B
9897,商务个人简历模板,模板业务,模板业务/岗位简历,简历/汇报/合同/表格等模板需求，适合模板库聚合页,,,64000.0,,GEO需求机会表,1,B
9898,土木工程师个人简历模板,模板业务,模板业务/岗位简历,简历/汇报/合同/表格等模板需求，适合模板库聚合页,,,64000.0,,GEO需求机会表,1,B
9899,外贸业务员个人简历模板,模板业务,模板业务/岗位简历,简历/汇报/合同/表格等模板需求，适合模板库聚合页,,,64000.0,,GEO需求机会表,1,B
9900,审计个人简历模板,模板业务,模板业务/岗位简历,简历/汇报/合同/表格等模板需求，适合模板库聚合页,,,64000.0,,GEO需求机会表,1,B
9901,客户经理个人简历模板,模板业务,模板业务/岗位简历,简历/汇报/合同/表格等模板需求，适合模板库聚合页,,,64000.0,,GEO需求机会表,1,B
9902,客服个人简历模板,模板业务,模板业务/岗位简历,简历/汇报/合同/表格等模板需求，适合模板库聚合页,,,64000.0,,GEO需求机会表,1,B
9903,平面设计师个人简历模板,模板业务,模板业务/岗位简历,简历/汇报/合同/表格等模板需求，适合模板库聚合页,,,64000.0,,GEO需求机会表,1,B
9904,建筑工程师个人简历模板,模板业务,模板业务/岗位简历,简历/汇报/合同/表格等模板需求，适合模板库聚合页,,,64000.0,,GEO需求机会表,1,B
9905,律师个人简历模板,模板业务,模板业务/岗位简历,简历/汇报/合同/表格等模板需求，适合模板库聚合页,,,64000.0,,GEO需求机会表,1,B
9906,机械工程师个人简历模板,模板业务,模板业务/岗位简历,简历/汇报/合同/表格等模板需求，适合模板库聚合页,,,64000.0,,GEO需求机会表,1,B
9907,测试工程师个人简历模板,模板业务,模板业务/岗位简历,简历/汇报/合同/表格等模板需求，适合模板库聚合页,,,64000.0,,GEO需求机会表,1,B
9908,电商运营个人简历模板,模板业务,模板业务/岗位简历,简历/汇报/合同/表格等模板需求，适合模板库聚合页,,,64000.0,,GEO需求机会表,1,B
9909,直播运营个人简历模板,模板业务,模板业务/岗位简历,简历/汇报/合同/表格等模板需求，适合模板库聚合页,,,64000.0,,GEO需求机会表,1,B
9910,管培生个人简历模板,模板业务,模板业务/岗位简历,简历/汇报/合同/表格等模板需求，适合模板库聚合页,,,64000.0,,GEO需求机会表,1,B
9911,行政个人简历模板,模板业务,模板业务/岗位简历,简历/汇报/合同/表格等模板需求，适合模板库聚合页,,,64000.0,,GEO需求机会表,1,B
9912,设计师个人简历模板,模板业务,模板业务/岗位简历,简历/汇报/合同/表格等模板需求，适合模板库聚合页,,,64000.0,,GEO需求机会表,1,B
9913,采购个人简历模板,模板业务,模板业务/岗位简历,简历/汇报/合同/表格等模板需求，适合模板库聚合页,,,64000.0,,GEO需求机会表,1,B
9914,项目经理个人简历模板,模板业务,模板业务/岗位简历,简历/汇报/合同/表格等模板需求，适合模板库聚合页,,,64000.0,,GEO需求机会表,1,B
9915,WPSPython工程师简历模板,模板业务,模板业务/岗位简历,简历/汇报/合同/表格等模板需求，适合模板库聚合页,,,52000.0,,GEO需求机会表,1,B
9916,WPSUI设计师简历模板,模板业务,模板业务/岗位简历,简历/汇报/合同/表格等模板需求，适合模板库聚合页,,,52000.0,,GEO需求机会表,1,B
9917,WPS内容运营简历模板,模板业务,模板业务/岗位简历,简历/汇报/合同/表格等模板需求，适合模板库聚合页,,,52000.0,,GEO需求机会表,1,B
9918,WPS医生简历模板,模板业务,模板业务/岗位简历,简历/汇报/合同/表格等模板需求，适合模板库聚合页,,,52000.0,,GEO需求机会表,1,B
9919,WPS商务简历模板,模板业务,模板业务/岗位简历,简历/汇报/合同/表格等模板需求，适合模板库聚合页,,,52000.0,,GEO需求机会表,1,B
9920,WPS土木工程师简历模板,模板业务,模板业务/岗位简历,简历/汇报/合同/表格等模板需求，适合模板库聚合页,,,52000.0,,GEO需求机会表,1,B
9921,WPS外贸业务员简历模板,模板业务,模板业务/岗位简历,简历/汇报/合同/表格等模板需求，适合模板库聚合页,,,52000.0,,GEO需求机会表,1,B
9922,WPS审计简历模板,模板业务,模板业务/岗位简历,简历/汇报/合同/表格等模板需求，适合模板库聚合页,,,52000.0,,GEO需求机会表,1,B
9923,WPS客户经理简历模板,模板业务,模板业务/岗位简历,简历/汇报/合同/表格等模板需求，适合模板库聚合页,,,52000.0,,GEO需求机会表,1,B
9924,WPS客服简历模板,模板业务,模板业务/岗位简历,简历/汇报/合同/表格等模板需求，适合模板库聚合页,,,52000.0,,GEO需求机会表,1,B
9925,WPS平面设计师简历模板,模板业务,模板业务/岗位简历,简历/汇报/合同/表格等模板需求，适合模板库聚合页,,,52000.0,,GEO需求机会表,1,B
9926,WPS建筑工程师简历模板,模板业务,模板业务/岗位简历,简历/汇报/合同/表格等模板需求，适合模板库聚合页,,,52000.0,,GEO需求机会表,1,B
9927,WPS律师简历模板,模板业务,模板业务/岗位简历,简历/汇报/合同/表格等模板需求，适合模板库聚合页,,,52000.0,,GEO需求机会表,1,B
9928,WPS机械工程师简历模板,模板业务,模板业务/岗位简历,简历/汇报/合同/表格等模板需求，适合模板库聚合页,,,52000.0,,GEO需求机会表,1,B
9929,WPS测试工程师简历模板,模板业务,模板业务/岗位简历,简历/汇报/合同/表格等模板需求，适合模板库聚合页,,,52000.0,,GEO需求机会表,1,B
9930,WPS电商运营简历模板,模板业务,模板业务/岗位简历,简历/汇报/合同/表格等模板需求，适合模板库聚合页,,,52000.0,,GEO需求机会表,1,B
9931,WPS直播运营简历模板,模板业务,模板业务/岗位简历,简历/汇报/合同/表格等模板需求，适合模板库聚合页,,,52000.0,,GEO需求机会表,1,B
9932,WPS管培生简历模板,模板业务,模板业务/岗位简历,简历/汇报/合同/表格等模板需求，适合模板库聚合页,,,52000.0,,GEO需求机会表,1,B
9933,WPS行政简历模板,模板业务,模板业务/岗位简历,简历/汇报/合同/表格等模板需求，适合模板库聚合页,,,52000.0,,GEO需求机会表,1,B
9934,WPS设计师简历模板,模板业务,模板业务/岗位简历,简历/汇报/合同/表格等模板需求，适合模板库聚合页,,,52000.0,,GEO需求机会表,1,B
9935,WPS采购简历模板,模板业务,模板业务/岗位简历,简历/汇报/合同/表格等模板需求，适合模板库聚合页,,,52000.0,,GEO需求机会表,1,B
9936,WPS项目经理简历模板,模板业务,模板业务/岗位简历,简历/汇报/合同/表格等模板需求，适合模板库聚合页,,,52000.0,,GEO需求机会表,1,B
9937,教育培训课件PPT模板,模板业务,模板业务/行业场景模板,简历/汇报/合同/表格等模板需求，适合模板库聚合页,,,120000.0,,GEO需求机会表,1,A
9938,电商运营方案PPT模板,模板业务,模板业务/行业场景模板,简历/汇报/合同/表格等模板需求，适合模板库聚合页,,,120000.0,,GEO需求机会表,1,A
9939,财务分析报告模板,模板业务,模板业务/行业场景模板,简历/汇报/合同/表格等模板需求，适合模板库聚合页,,,120000.0,,GEO需求机会表,1,A
9940,互联网产品需求文档模板,模板业务,模板业务/行业场景模板,简历/汇报/合同/表格等模板需求，适合模板库聚合页,,,110000.0,,GEO需求机会表,1,A
9941,房地产营销方案PPT模板,模板业务,模板业务/行业场景模板,简历/汇报/合同/表格等模板需求，适合模板库聚合页,,,110000.0,,GEO需求机会表,1,A
9942,人事招聘计划模板,模板业务,模板业务/行业场景模板,简历/汇报/合同/表格等模板需求，适合模板库聚合页,,,100000.0,,GEO需求机会表,1,A
9943,建筑施工进度计划表模板,模板业务,模板业务/行业场景模板,简历/汇报/合同/表格等模板需求，适合模板库聚合页,,,100000.0,,GEO需求机会表,1,A
9944,门店排班表模板,模板业务,模板业务/行业场景模板,简历/汇报/合同/表格等模板需求，适合模板库聚合页,,,100000.0,,GEO需求机会表,1,A
9945,餐饮开店计划书模板,模板业务,模板业务/行业场景模板,简历/汇报/合同/表格等模板需求，适合模板库聚合页,,,100000.0,,GEO需求机会表,1,A
9946,SaaS销售汇报PPT模板,模板业务,模板业务/行业场景模板,简历/汇报/合同/表格等模板需求，适合模板库聚合页,,,90000.0,,GEO需求机会表,1,A
9947,制造业生产计划表模板,模板业务,模板业务/行业场景模板,简历/汇报/合同/表格等模板需求，适合模板库聚合页,,,90000.0,,GEO需求机会表,1,A
9948,医疗护理工作汇报PPT模板,模板业务,模板业务/行业场景模板,简历/汇报/合同/表格等模板需求，适合模板库聚合页,,,90000.0,,GEO需求机会表,1,A
9949,学校课程表模板,模板业务,模板业务/行业场景模板,简历/汇报/合同/表格等模板需求，适合模板库聚合页,,,90000.0,,GEO需求机会表,1,A
9950,律师合同模板,模板业务,模板业务/行业场景模板,简历/汇报/合同/表格等模板需求，适合模板库聚合页,,,90000.0,,GEO需求机会表,1,A
9951,物业通知公告模板,模板业务,模板业务/行业场景模板,简历/汇报/合同/表格等模板需求，适合模板库聚合页,,,80000.0,,GEO需求机会表,1,A
9952,考勤表模板,模板业务,模板业务/表格模板,简历/汇报/合同/表格等模板需求，适合模板库聚合页,,,160000.0,,GEO需求机会表,1,S
9953,排班表模板,模板业务,模板业务/表格模板,简历/汇报/合同/表格等模板需求，适合模板库聚合页,,,150000.0,,GEO需求机会表,1,S
9954,财务报表模板,模板业务,模板业务/表格模板,简历/汇报/合同/表格等模板需求，适合模板库聚合页,,,150000.0,,GEO需求机会表,1,S
9955,工资表模板,模板业务,模板业务/表格模板,简历/汇报/合同/表格等模板需求，适合模板库聚合页,,,140000.0,,GEO需求机会表,1,A
9956,库存管理表格模板,模板业务,模板业务/表格模板,简历/汇报/合同/表格等模板需求，适合模板库聚合页,,,140000.0,,GEO需求机会表,1,A
9957,进销存表格模板,模板业务,模板业务/表格模板,简历/汇报/合同/表格等模板需求，适合模板库聚合页,,,140000.0,,GEO需求机会表,1,A
9958,项目进度表模板,模板业务,模板业务/表格模板,简历/汇报/合同/表格等模板需求，适合模板库聚合页,,,140000.0,,GEO需求机会表,1,A
9959,甘特图模板,模板业务,模板业务/表格模板,简历/汇报/合同/表格等模板需求，适合模板库聚合页,,,130000.0,,GEO需求机会表,1,A
9960,值班表模板,模板业务,模板业务/表格模板,简历/汇报/合同/表格等模板需求，适合模板库聚合页,,,120000.0,,GEO需求机会表,1,A
9961,客户管理表模板,模板业务,模板业务/表格模板,简历/汇报/合同/表格等模板需求，适合模板库聚合页,,,120000.0,,GEO需求机会表,1,A
9962,记账表模板,模板业务,模板业务/表格模板,简历/汇报/合同/表格等模板需求，适合模板库聚合页,,,120000.0,,GEO需求机会表,1,A
9963,销售日报表模板,模板业务,模板业务/表格模板,简历/汇报/合同/表格等模板需求，适合模板库聚合页,,,120000.0,,GEO需求机会表,1,A
9964,任务管理表模板,模板业务,模板业务/表格模板,简历/汇报/合同/表格等模板需求，适合模板库聚合页,,,110000.0,,GEO需求机会表,1,A
9965,现金日记账模板,模板业务,模板业务/表格模板,简历/汇报/合同/表格等模板需求，适合模板库聚合页,,,110000.0,,GEO需求机会表,1,A
9966,费用报销明细表模板,模板业务,模板业务/表格模板,简历/汇报/合同/表格等模板需求，适合模板库聚合页,,,110000.0,,GEO需求机会表,1,A
9967,预算表模板,模板业务,模板业务/表格模板,简历/汇报/合同/表格等模板需求，适合模板库聚合页,,,110000.0,,GEO需求机会表,1,A
9968,数据看板模板,模板业务,模板业务/表格模板,简历/汇报/合同/表格等模板需求，适合模板库聚合页,,,100000.0,,GEO需求机会表,1,A
9969,会议签到表模板,模板业务,模板业务/表格模板,简历/汇报/合同/表格等模板需求，适合模板库聚合页,,,90000.0,,GEO需求机会表,1,A
9970,培训签到表模板,模板业务,模板业务/表格模板,简历/汇报/合同/表格等模板需求，适合模板库聚合页,,,90000.0,,GEO需求机会表,1,A
9971,招聘进度表模板,模板业务,模板业务/表格模板,简历/汇报/合同/表格等模板需求，适合模板库聚合页,,,90000.0,,GEO需求机会表,1,A
9972,采购申请单模板,模板业务,模板业务/表格模板,简历/汇报/合同/表格等模板需求，适合模板库聚合页,,,90000.0,,GEO需求机会表,1,A
9973,销售漏斗表模板,模板业务,模板业务/表格模板,简历/汇报/合同/表格等模板需求，适合模板库聚合页,,,90000.0,,GEO需求机会表,1,A
9974,PPT模板免费下载,模板业务,模板业务/通用模板,简历/汇报/合同/表格等模板需求，适合模板库聚合页,,,260000.0,,GEO需求机会表,1,S
9975,免费简历模板,模板业务,模板业务/通用模板,简历/汇报/合同/表格等模板需求，适合模板库聚合页,,,220000.0,,GEO需求机会表,1,S
9976,年终总结PPT模板,模板业务,模板业务/通用模板,简历/汇报/合同/表格等模板需求，适合模板库聚合页,,,220000.0,,GEO需求机会表,1,S
9977,工作汇报PPT模板,模板业务,模板业务/通用模板,简历/汇报/合同/表格等模板需求，适合模板库聚合页,,,200000.0,,GEO需求机会表,1,S
9978,毕业答辩PPT模板,模板业务,模板业务/通用模板,简历/汇报/合同/表格等模板需求，适合模板库聚合页,,,200000.0,,GEO需求机会表,1,S
9979,论文答辩PPT模板,模板业务,模板业务/通用模板,简历/汇报/合同/表格等模板需求，适合模板库聚合页,,,200000.0,,GEO需求机会表,1,S
9980,Excel表格模板免费下载,模板业务,模板业务/通用模板,简历/汇报/合同/表格等模板需求，适合模板库聚合页,,,180000.0,,GEO需求机会表,1,S
9981,Word模板免费下载,模板业务,模板业务/通用模板,简历/汇报/合同/表格等模板需求，适合模板库聚合页,,,180000.0,,GEO需求机会表,1,S
9982,合同模板免费下载,模板业务,模板业务/通用模板,简历/汇报/合同/表格等模板需求，适合模板库聚合页,,,180000.0,,GEO需求机会表,1,S
9983,商业计划书PPT模板,模板业务,模板业务/通用模板,简历/汇报/合同/表格等模板需求，适合模板库聚合页,,,180000.0,,GEO需求机会表,1,S
9984,述职报告PPT模板,模板业务,模板业务/通用模板,简历/汇报/合同/表格等模板需求，适合模板库聚合页,,,180000.0,,GEO需求机会表,1,S
9985,WPS模板免费下载,模板业务,模板业务/通用模板,简历/汇报/合同/表格等模板需求，适合模板库聚合页,,,160000.0,,GEO需求机会表,1,S
9986,表格模板免费下载,模板业务,模板业务/通用模板,简历/汇报/合同/表格等模板需求，适合模板库聚合页,,,160000.0,,GEO需求机会表,1,S
9987,工作总结模板,模板业务,模板业务/通用模板,简历/汇报/合同/表格等模板需求，适合模板库聚合页,,,150000.0,,GEO需求机会表,1,S
9988,工作计划模板,模板业务,模板业务/通用模板,简历/汇报/合同/表格等模板需求，适合模板库聚合页,,,140000.0,,GEO需求机会表,1,A
9989,项目计划书模板,模板业务,模板业务/通用模板,简历/汇报/合同/表格等模板需求，适合模板库聚合页,,,140000.0,,GEO需求机会表,1,A
9990,会议纪要模板,模板业务,模板业务/通用模板,简历/汇报/合同/表格等模板需求，适合模板库聚合页,,,130000.0,,GEO需求机会表,1,A
9991,稻壳模板免费下载,模板业务,模板业务/通用模板,简历/汇报/合同/表格等模板需求，适合模板库聚合页,,,130000.0,,GEO需求机会表,1,A
9992,PPT模板哪里找,模板业务,模板资源/场景刚需,简历/汇报/合同/表格等模板需求，适合模板库聚合页,,,200000.0,,GEO需求机会表,1,S
9993,简历模板免费,模板业务,模板资源/场景刚需,简历/汇报/合同/表格等模板需求，适合模板库聚合页,,,180000.0,,GEO需求机会表,1,S
9994,WPS简历模板,模板业务,模板资源/场景刚需,简历/汇报/合同/表格等模板需求，适合模板库聚合页,,,120000.0,,GEO需求机会表,1,A
9995,工作总结PPT模板,模板业务,模板资源/场景刚需,简历/汇报/合同/表格等模板需求，适合模板库聚合页,,,110000.0,,GEO需求机会表,1,A
9996,WPS稻壳模板,模板业务,模板资源/场景刚需,简历/汇报/合同/表格等模板需求，适合模板库聚合页,,,90000.0,,GEO需求机会表,1,A
9997,WPS田字格模板,模板业务,模板资源/场景刚需,简历/汇报/合同/表格等模板需求，适合模板库聚合页,,,60000.0,,GEO需求机会表,1,B
9998,WPS日历模板,模板业务,模板资源/场景刚需,简历/汇报/合同/表格等模板需求，适合模板库聚合页,,,50000.0,,GEO需求机会表,1,B
9999,工作汇报ppt,模板业务,汇报模板,简历/汇报/合同/表格等模板需求，适合模板库聚合页,,171.0,,124059.0,第三方工具-社区SEO、短视频/内容平台-小红书,2,
10000,ppt汇报,模板业务,汇报模板,简历/汇报/合同/表格等模板需求，适合模板库聚合页,,,,53265.0,第三方工具-社区SEO、短视频/内容平台-小红书,2,
10001,述职报告ppt模板,模板业务,汇报模板,简历/汇报/合同/表格等模板需求，适合模板库聚合页,,1787.0,,,第三方工具-社区SEO,1,
10002,年终总结ppt模板,模板业务,汇报模板,简历/汇报/合同/表格等模板需求，适合模板库聚合页,,741.0,,,第三方工具-社区SEO,1,
10003,工作汇报ppt免费模板,模板业务,汇报模板,简历/汇报/合同/表格等模板需求，适合模板库聚合页,,110.0,,,第三方工具-社区SEO,1,
10004,汇报ppt,模板业务,汇报模板,简历/汇报/合同/表格等模板需求，适合模板库聚合页,,85.0,,,第三方工具-社区SEO,1,
10005,年终总结ppt模板免费,模板业务,汇报模板,简历/汇报/合同/表格等模板需求，适合模板库聚合页,,48.0,,,第三方工具-社区SEO,1,
10006,年终汇报ppt,模板业务,汇报模板,简历/汇报/合同/表格等模板需求，适合模板库聚合页,,64.0,,,第三方工具-社区SEO,1,
10007,年终述职报告ppt模板,模板业务,汇报模板,简历/汇报/合同/表格等模板需求，适合模板库聚合页,,41.0,,,第三方工具-社区SEO,1,
10008,年终总结报告ppt模板,模板业务,汇报模板,简历/汇报/合同/表格等模板需求，适合模板库聚合页,,83.0,,,第三方工具-社区SEO,1,
10009,ppt年终总结免费模板,模板业务,汇报模板,简历/汇报/合同/表格等模板需求，适合模板库聚合页,,29.0,,,第三方工具-社区SEO,1,
10010,年终述职ppt模板,模板业务,汇报模板,简历/汇报/合同/表格等模板需求，适合模板库聚合页,,29.0,,,第三方工具-社区SEO,1,
10011,工作汇报ppt模板,模板业务,汇报模板,简历/汇报/合同/表格等模板需求，适合模板库聚合页,,156.0,,,第三方工具-社区SEO,1,
10012,年终汇报ppt模板,模板业务,汇报模板,简历/汇报/合同/表格等模板需求，适合模板库聚合页,,38.0,,,第三方工具-社区SEO,1,
10013,仓库年终总结报告ppt,模板业务,汇报模板,简历/汇报/合同/表格等模板需求，适合模板库聚合页,,32.0,,,第三方工具-社区SEO,1,
10014,年终总结报告ppt,模板业务,汇报模板,简历/汇报/合同/表格等模板需求，适合模板库聚合页,,25.0,,,第三方工具-社区SEO,1,
10015,ppt汇报模板免费,模板业务,汇报模板,简历/汇报/合同/表格等模板需求，适合模板库聚合页,,16.0,,,第三方工具-社区SEO,1,
10016,述职汇报ppt,模板业务,汇报模板,简历/汇报/合同/表格等模板需求，适合模板库聚合页,,28.0,,,第三方工具-社区SEO,1,
10017,人力资源年终总结ppt,模板业务,汇报模板,简历/汇报/合同/表格等模板需求，适合模板库聚合页,,15.0,,,第三方工具-社区SEO,1,
10018,年终总结ppt模版,模板业务,汇报模板,简历/汇报/合同/表格等模板需求，适合模板库聚合页,,126.0,,,第三方工具-社区SEO,1,
10019,述职ppt模板,模板业务,汇报模板,简历/汇报/合同/表格等模板需求，适合模板库聚合页,,21.0,,,第三方工具-社区SEO,1,
10020,项目汇报ppt模板,模板业务,汇报模板,简历/汇报/合同/表格等模板需求，适合模板库聚合页,,20.0,,,第三方工具-社区SEO,1,
10021,述职ppt免费模板,模板业务,汇报模板,简历/汇报/合同/表格等模板需求，适合模板库聚合页,,26.0,,,第三方工具-社区SEO,1,
10022,年终个人工作总结ppt模板,模板业务,汇报模板,简历/汇报/合同/表格等模板需求，适合模板库聚合页,,11.0,,,第三方工具-社区SEO,1,
10023,个人年终总结ppt,模板业务,汇报模板,简历/汇报/合同/表格等模板需求，适合模板库聚合页,,14.0,,,第三方工具-社区SEO,1,
10024,年终报告ppt模板,模板业务,汇报模板,简历/汇报/合同/表格等模板需求，适合模板库聚合页,,14.0,,,第三方工具-社区SEO,1,
10025,课题汇报ppt,模板业务,汇报模板,简历/汇报/合同/表格等模板需求，适合模板库聚合页,,6.0,,,第三方工具-社区SEO,1,
10026,ppt汇报模板,模板业务,汇报模板,简历/汇报/合同/表格等模板需求，适合模板库聚合页,,63.0,,,第三方工具-社区SEO,1,
10027,年度汇报ppt,模板业务,汇报模板,简历/汇报/合同/表格等模板需求，适合模板库聚合页,,12.0,,,第三方工具-社区SEO,1,
10028,出纳年终总结ppt,模板业务,汇报模板,简历/汇报/合同/表格等模板需求，适合模板库聚合页,,9.0,,,第三方工具-社区SEO,1,
10029,部门年终总结ppt,模板业务,汇报模板,简历/汇报/合同/表格等模板需求，适合模板库聚合页,,7.0,,,第三方工具-社区SEO,1,
10030,转正汇报ppt,模板业务,汇报模板,简历/汇报/合同/表格等模板需求，适合模板库聚合页,,28.0,,,第三方工具-社区SEO,1,
10031,文献汇报ppt,模板业务,汇报模板,简历/汇报/合同/表格等模板需求，适合模板库聚合页,,15.0,,,第三方工具-社区SEO,1,
10032,总结汇报ppt模板,模板业务,汇报模板,简历/汇报/合同/表格等模板需求，适合模板库聚合页,,10.0,,,第三方工具-社区SEO,1,
10033,免费述职报告ppt模板,模板业务,汇报模板,简历/汇报/合同/表格等模板需求，适合模板库聚合页,,8.0,,,第三方工具-社区SEO,1,
10034,ppt年终总结,模板业务,汇报模板,简历/汇报/合同/表格等模板需求，适合模板库聚合页,,8.0,,,第三方工具-社区SEO,1,
10035,汇报ppt模板,模板业务,汇报模板,简历/汇报/合同/表格等模板需求，适合模板库聚合页,,143.0,,,第三方工具-社区SEO,1,
10036,学术汇报ppt,模板业务,汇报模板,简历/汇报/合同/表格等模板需求，适合模板库聚合页,,10.0,,,第三方工具-社区SEO,1,
10037,述职报告ppt模板范文,模板业务,汇报模板,简历/汇报/合同/表格等模板需求，适合模板库聚合页,,7.0,,,第三方工具-社区SEO,1,
10038,课题结题汇报ppt,模板业务,汇报模板,简历/汇报/合同/表格等模板需求，适合模板库聚合页,,7.0,,,第三方工具-社区SEO,1,
10039,ppt模板年终总结,模板业务,汇报模板,简历/汇报/合同/表格等模板需求，适合模板库聚合页,,6.0,,,第三方工具-社区SEO,1,
10040,工作汇报总结ppt,模板业务,汇报模板,简历/汇报/合同/表格等模板需求，适合模板库聚合页,,8.0,,,第三方工具-社区SEO,1,
10041,病例汇报ppt模板,模板业务,汇报模板,简历/汇报/合同/表格等模板需求，适合模板库聚合页,,8.0,,,第三方工具-社区SEO,1,
10042,年度汇报ppt模板,模板业务,汇报模板,简历/汇报/合同/表格等模板需求，适合模板库聚合页,,7.0,,,第三方工具-社区SEO,1,
10043,财务年终总结ppt,模板业务,汇报模板,简历/汇报/合同/表格等模板需求，适合模板库聚合页,,6.0,,,第三方工具-社区SEO,1,
10044,项目验收汇报ppt,模板业务,汇报模板,简历/汇报/合同/表格等模板需求，适合模板库聚合页,,6.0,,,第三方工具-社区SEO,1,
10045,年终总结ppt免费模板,模板业务,汇报模板,简历/汇报/合同/表格等模板需求，适合模板库聚合页,,6.0,,,第三方工具-社区SEO,1,
10046,年终总结ppt怎么写,模板业务,汇报模板,简历/汇报/合同/表格等模板需求，适合模板库聚合页,,5.0,,,第三方工具-社区SEO,1,
10047,项目进度汇报ppt,模板业务,汇报模板,简历/汇报/合同/表格等模板需求，适合模板库聚合页,,5.0,,,第三方工具-社区SEO,1,
10048,财务部年终总结ppt,模板业务,汇报模板,简历/汇报/合同/表格等模板需求，适合模板库聚合页,,5.0,,,第三方工具-社区SEO,1,
10049,年度述职ppt模板,模板业务,汇报模板,简历/汇报/合同/表格等模板需求，适合模板库聚合页,,5.0,,,第三方工具-社区SEO,1,
10050,ppt年终总结模板,模板业务,汇报模板,简历/汇报/合同/表格等模板需求，适合模板库聚合页,,5.0,,,第三方工具-社区SEO,1,
10051,年终总结个人ppt,模板业务,汇报模板,简历/汇报/合同/表格等模板需求，适合模板库聚合页,,5.0,,,第三方工具-社区SEO,1,
10052,销售年终总结ppt,模板业务,汇报模板,简历/汇报/合同/表格等模板需求，适合模板库聚合页,,5.0,,,第三方工具-社区SEO,1,
10053,年终总结ppt,模板业务,汇报模板,简历/汇报/合同/表格等模板需求，适合模板库聚合页,,2.0,,,第三方工具-社区SEO,1,
10054,年终总结ppt模板免费下载,模板业务,汇报模板,简历/汇报/合同/表格等模板需求，适合模板库聚合页,,121.0,,,第三方工具-社区SEO,1,
10055,ppt述职模板,模板业务,汇报模板,简历/汇报/合同/表格等模板需求，适合模板库聚合页,,9.0,,,第三方工具-社区SEO,1,
10056,年终ppt模板,模板业务,汇报模板,简历/汇报/合同/表格等模板需求，适合模板库聚合页,,8.0,,,第三方工具-社区SEO,1,
10057,年终总结ppt模板下载,模板业务,汇报模板,简历/汇报/合同/表格等模板需求，适合模板库聚合页,,5.0,,,第三方工具-社区SEO,1,
10058,年度工作汇报ppt,模板业务,汇报模板,简历/汇报/合同/表格等模板需求，适合模板库聚合页,,5.0,,,第三方工具-社区SEO,1,
10059,个人述职报告ppt模板,模板业务,汇报模板,简历/汇报/合同/表格等模板需求，适合模板库聚合页,,5.0,,,第三方工具-社区SEO,1,
10060,转正述职ppt模板,模板业务,汇报模板,简历/汇报/合同/表格等模板需求，适合模板库聚合页,,4.0,,,第三方工具-社区SEO,1,
10061,财务年终汇报ppt,模板业务,汇报模板,简历/汇报/合同/表格等模板需求，适合模板库聚合页,,4.0,,,第三方工具-社区SEO,1,
10062,年度总结汇报ppt,模板业务,汇报模板,简历/汇报/合同/表格等模板需求，适合模板库聚合页,,4.0,,,第三方工具-社区SEO,1,
10063,个人简历ppt模板,模板业务,简历模板,简历/汇报/合同/表格等模板需求，适合模板库聚合页,,206.0,,,第三方工具-社区SEO,1,
10064,个人简历ppt,模板业务,简历模板,简历/汇报/合同/表格等模板需求，适合模板库聚合页,,85.0,,,第三方工具-社区SEO,1,
10065,word简历模板,模板业务,简历模板,简历/汇报/合同/表格等模板需求，适合模板库聚合页,,774.0,,,第三方工具-社区SEO,1,
10066,简历模板word,模板业务,简历模板,简历/汇报/合同/表格等模板需求，适合模板库聚合页,,146.0,,,第三方工具-社区SEO,1,
10067,个人简历word,模板业务,简历模板,简历/汇报/合同/表格等模板需求，适合模板库聚合页,,137.0,,,第三方工具-社区SEO,1,
10068,简历word,模板业务,简历模板,简历/汇报/合同/表格等模板需求，适合模板库聚合页,,20.0,,,第三方工具-社区SEO,1,
10069,pdf简历模板免费,模板业务,简历模板,简历/汇报/合同/表格等模板需求，适合模板库聚合页,,16.0,,,第三方工具-社区SEO,1,
10070,个人简历模板word格式,模板业务,简历模板,简历/汇报/合同/表格等模板需求，适合模板库聚合页,,126.0,,,第三方工具-社区SEO,1,
10071,求职简历ppt,模板业务,简历模板,简历/汇报/合同/表格等模板需求，适合模板库聚合页,,33.0,,,第三方工具-社区SEO,1,
10072,个人简历ppt免费,模板业务,简历模板,简历/汇报/合同/表格等模板需求，适合模板库聚合页,,11.0,,,第三方工具-社区SEO,1,
10073,个人简历封面word下载,模板业务,简历模板,简历/汇报/合同/表格等模板需求，适合模板库聚合页,,1.0,,,第三方工具-社区SEO,1,
10074,个人简历word模板,模板业务,简历模板,简历/汇报/合同/表格等模板需求，适合模板库聚合页,,126.0,,,第三方工具-社区SEO,1,
10075,简历word模板,模板业务,简历模板,简历/汇报/合同/表格等模板需求，适合模板库聚合页,,59.0,,,第三方工具-社区SEO,1,
10076,简历ppt,模板业务,简历模板,简历/汇报/合同/表格等模板需求，适合模板库聚合页,,18.0,,,第三方工具-社区SEO,1,
10077,word简历,模板业务,简历模板,简历/汇报/合同/表格等模板需求，适合模板库聚合页,,117.0,,,第三方工具-社区SEO,1,
10078,简历ppt模板,模板业务,简历模板,简历/汇报/合同/表格等模板需求，适合模板库聚合页,,7.0,,,第三方工具-社区SEO,1,
10079,个人简历模板word,模板业务,简历模板,简历/汇报/合同/表格等模板需求，适合模板库聚合页,,139.0,,,第三方工具-社区SEO,1,
10080,word个人简历模板,模板业务,简历模板,简历/汇报/合同/表格等模板需求，适合模板库聚合页,,3.0,,,第三方工具-社区SEO,1,
10081,excel模板,模板业务,表格模板,简历/汇报/合同/表格等模板需求，适合模板库聚合页,,156.0,,,第三方工具-社区SEO,1,
10082,excel表格模板,模板业务,表格模板,简历/汇报/合同/表格等模板需求，适合模板库聚合页,,132.0,,,第三方工具-社区SEO,1,
10083,销售报表excel模板,模板业务,表格模板,简历/汇报/合同/表格等模板需求，适合模板库聚合页,,19.0,,,第三方工具-社区SEO,1,
10084,资产负债表模板excel,模板业务,表格模板,简历/汇报/合同/表格等模板需求，适合模板库聚合页,,5.0,,,第三方工具-社区SEO,1,
10085,excel甘特图模板,模板业务,表格模板,简历/汇报/合同/表格等模板需求，适合模板库聚合页,,5.0,,,第三方工具-社区SEO,1,
10086,excel图表模板,模板业务,表格模板,简历/汇报/合同/表格等模板需求，适合模板库聚合页,,4.0,,,第三方工具-社区SEO,1,
10087,ppt表格模板,模板业务,表格模板,简历/汇报/合同/表格等模板需求，适合模板库聚合页,,7.0,,,第三方工具-社区SEO,1,
10088,wps模板官网,模板业务,通用模板,简历/汇报/合同/表格等模板需求，适合模板库聚合页,1.0,,,,百度统计真实流量,1,
10089,WPS模板官网,模板业务,通用模板,简历/汇报/合同/表格等模板需求，适合模板库聚合页,1.0,,,,百度统计真实流量,1,
10090,WPS模板,模板业务,通用模板,简历/汇报/合同/表格等模板需求，适合模板库聚合页,1.0,,,,百度统计真实流量,1,
10091,WPS在线模板,模板业务,通用模板,简历/汇报/合同/表格等模板需求，适合模板库聚合页,1.0,,,,百度统计真实流量,1,
10092,word模板,模板业务,通用模板,简历/汇报/合同/表格等模板需求，适合模板库聚合页,,184.0,,,第三方工具-社区SEO,1,
10093,pdf模板,模板业务,通用模板,简历/汇报/合同/表格等模板需求，适合模板库聚合页,,21.0,,,第三方工具-社区SEO,1,
10094,会议记录模板word,模板业务,通用模板,简历/汇报/合同/表格等模板需求，适合模板库聚合页,,23.0,,,第三方工具-社区SEO,1,
10095,word文档模板,模板业务,通用模板,简历/汇报/合同/表格等模板需求，适合模板库聚合页,,13.0,,,第三方工具-社区SEO,1,
10096,组织结构图word模板,模板业务,通用模板,简历/汇报/合同/表格等模板需求，适合模板库聚合页,,13.0,,,第三方工具-社区SEO,1,
10097,word封面模板,模板业务,通用模板,简历/汇报/合同/表格等模板需求，适合模板库聚合页,,11.0,,,第三方工具-社区SEO,1,
10098,课程表word模板下载,模板业务,通用模板,简历/汇报/合同/表格等模板需求，适合模板库聚合页,,11.0,,,第三方工具-社区SEO,1,
10099,word信纸模板免费,模板业务,通用模板,简历/汇报/合同/表格等模板需求，适合模板库聚合页,,7.0,,,第三方工具-社区SEO,1,
10100,免费word模板,模板业务,通用模板,简历/汇报/合同/表格等模板需求，适合模板库聚合页,,6.0,,,第三方工具-社区SEO,1,
10101,开题报告模板word,模板业务,通用模板,简历/汇报/合同/表格等模板需求，适合模板库聚合页,,8.0,,,第三方工具-社区SEO,1,
10102,项目计划书模板word,模板业务,通用模板,简历/汇报/合同/表格等模板需求，适合模板库聚合页,,8.0,,,第三方工具-社区SEO,1,
10103,档案盒标签模板word,模板业务,通用模板,简历/汇报/合同/表格等模板需求，适合模板库聚合页,,6.0,,,第三方工具-社区SEO,1,
10104,公司抬头信纸word模板,模板业务,通用模板,简历/汇报/合同/表格等模板需求，适合模板库聚合页,,6.0,,,第三方工具-社区SEO,1,
10105,word模板免费下载,模板业务,通用模板,简历/汇报/合同/表格等模板需求，适合模板库聚合页,,5.0,,,第三方工具-社区SEO,1,
10106,会议纪要模板word模板,模板业务,通用模板,简历/汇报/合同/表格等模板需求，适合模板库聚合页,,5.0,,,第三方工具-社区SEO,1,
10107,田字格word模板,模板业务,通用模板,简历/汇报/合同/表格等模板需求，适合模板库聚合页,,4.0,,,第三方工具-社区SEO,1,
10108,word 目录模板,模板业务,通用模板,简历/汇报/合同/表格等模板需求，适合模板库聚合页,,2.0,,,第三方工具-社区SEO,1,
10109,word模板文件的扩展名,模板业务,通用模板,简历/汇报/合同/表格等模板需求，适合模板库聚合页,,,,,第三方工具-社区SEO,1,
10110,word模板下载,模板业务,通用模板,简历/汇报/合同/表格等模板需求，适合模板库聚合页,,118.0,,,第三方工具-社区SEO,1,
10111,职业生涯规划书模板word,模板业务,通用模板,简历/汇报/合同/表格等模板需求，适合模板库聚合页,,13.0,,,第三方工具-社区SEO,1,
10112,电子小报模板word版,模板业务,通用模板,简历/汇报/合同/表格等模板需求，适合模板库聚合页,,4.0,,,第三方工具-社区SEO,1,
10113,word模板制作,模板业务,通用模板,简历/汇报/合同/表格等模板需求，适合模板库聚合页,,3.0,,,第三方工具-社区SEO,1,
10114,word免费模板,模板业务,通用模板,简历/汇报/合同/表格等模板需求，适合模板库聚合页,,3.0,,,第三方工具-社区SEO,1,
10115,在线办公协作工具,云文档与在线办公,云协作,云文档/在线协作/在线制作，适合云文档产品页与对比页,,,,,百度搜索联想/相关搜索,1,
10116,wps在线协作,云文档与在线办公,云协作,云文档/在线协作/在线制作，适合云文档产品页与对比页,2.0,,,,百度统计真实流量,1,
10117,WPS Office 在线协作,云文档与在线办公,云协作,云文档/在线协作/在线制作，适合云文档产品页与对比页,1.0,,,,百度统计真实流量,1,
10118,wps协作文档,云文档与在线办公,云协作,云文档/在线协作/在线制作，适合云文档产品页与对比页,1.0,,,,百度统计真实流量,1,
10119,WPS支持多人在线协作编辑WORD\EXCEL和PPT文档,云文档与在线办公,云协作,云文档/在线协作/在线制作，适合云文档产品页与对比页,1.0,,,,百度统计真实流量,1,
10120,在线协作WORD,云文档与在线办公,云协作,云文档/在线协作/在线制作，适合云文档产品页与对比页,1.0,,,,百度统计真实流量,1,
10121,wps在线协作网址,云文档与在线办公,云协作,云文档/在线协作/在线制作，适合云文档产品页与对比页,1.0,,,,百度统计真实流量,1,
10122,wps多人共享在线协作在线excel,云文档与在线办公,云协作,云文档/在线协作/在线制作，适合云文档产品页与对比页,1.0,,,,百度统计真实流量,1,
10123,WPS在线协作,云文档与在线办公,云协作,云文档/在线协作/在线制作，适合云文档产品页与对比页,1.0,,,,百度统计真实流量,1,
10124,在线制作文档,云文档与在线办公,在线制作,云文档/在线协作/在线制作，适合云文档产品页与对比页,1.0,,,,百度统计真实流量,1,
10125,怎么制作在线文档让所有人编辑,云文档与在线办公,在线制作,云文档/在线协作/在线制作，适合云文档产品页与对比页,1.0,,,,百度统计真实流量,1,
10126,ppt在线制作一键生成,云文档与在线办公,在线制作,云文档/在线协作/在线制作，适合云文档产品页与对比页,,9.0,,,第三方工具-社区SEO,1,
10127,ppt在线制作,云文档与在线办公,在线制作,云文档/在线协作/在线制作，适合云文档产品页与对比页,,18.0,,,第三方工具-社区SEO,1,
10128,在线制作ppt,云文档与在线办公,在线制作,云文档/在线协作/在线制作，适合云文档产品页与对比页,,4.0,,,第三方工具-社区SEO,1,
10129,在线制作PPT,云文档与在线办公,在线制作/云端办公,云文档/在线协作/在线制作，适合云文档产品页与对比页,,,180000.0,,GEO需求机会表,1,S
10130,在线做表格,云文档与在线办公,在线制作/云端办公,云文档/在线协作/在线制作，适合云文档产品页与对比页,,,160000.0,,GEO需求机会表,1,S
10131,在线制作Excel表格,云文档与在线办公,在线制作/云端办公,云文档/在线协作/在线制作，适合云文档产品页与对比页,,,160000.0,,GEO需求机会表,1,S
10132,在线制作Word文档,云文档与在线办公,在线制作/云端办公,云文档/在线协作/在线制作，适合云文档产品页与对比页,,,160000.0,,GEO需求机会表,1,S
10133,在线做PPT免费,云文档与在线办公,在线制作/云端办公,云文档/在线协作/在线制作，适合云文档产品页与对比页,,,150000.0,,GEO需求机会表,1,S
10134,在线编辑PPT,云文档与在线办公,在线制作/云端办公,云文档/在线协作/在线制作，适合云文档产品页与对比页,,,150000.0,,GEO需求机会表,1,S
10135,在线做简历,云文档与在线办公,在线制作/云端办公,云文档/在线协作/在线制作，适合云文档产品页与对比页,,,140000.0,,GEO需求机会表,1,A
10136,在线制作简历,云文档与在线办公,在线制作/云端办公,云文档/在线协作/在线制作，适合云文档产品页与对比页,,,140000.0,,GEO需求机会表,1,A
10137,在线编辑Excel表格,云文档与在线办公,在线制作/云端办公,云文档/在线协作/在线制作，适合云文档产品页与对比页,,,140000.0,,GEO需求机会表,1,A
10138,在线编辑Word文档,云文档与在线办公,在线制作/云端办公,云文档/在线协作/在线制作，适合云文档产品页与对比页,,,140000.0,,GEO需求机会表,1,A
10139,在线做Excel表格免费,云文档与在线办公,在线制作/云端办公,云文档/在线协作/在线制作，适合云文档产品页与对比页,,,130000.0,,GEO需求机会表,1,A
10140,在线做Word文档免费,云文档与在线办公,在线制作/云端办公,云文档/在线协作/在线制作，适合云文档产品页与对比页,,,130000.0,,GEO需求机会表,1,A
10141,在线写文档,云文档与在线办公,在线制作/云端办公,云文档/在线协作/在线制作，适合云文档产品页与对比页,,,130000.0,,GEO需求机会表,1,A
10142,在线制作年终总结PPT,云文档与在线办公,在线制作/云端办公,云文档/在线协作/在线制作，适合云文档产品页与对比页,,,130000.0,,GEO需求机会表,1,A
10143,在线制作汇报PPT,云文档与在线办公,在线制作/云端办公,云文档/在线协作/在线制作，适合云文档产品页与对比页,,,120000.0,,GEO需求机会表,1,A
10144,在线制作论文答辩PPT,云文档与在线办公,在线制作/云端办公,云文档/在线协作/在线制作，适合云文档产品页与对比页,,,120000.0,,GEO需求机会表,1,A
10145,WPS在线制作PPT,云文档与在线办公,在线制作/云端办公,云文档/在线协作/在线制作，适合云文档产品页与对比页,,,100000.0,,GEO需求机会表,1,A
10146,在线多人编辑Excel,云文档与在线办公,在线制作/云端办公,云文档/在线协作/在线制作，适合云文档产品页与对比页,,,100000.0,,GEO需求机会表,1,A
10147,在线多人编辑PPT,云文档与在线办公,在线制作/云端办公,云文档/在线协作/在线制作，适合云文档产品页与对比页,,,100000.0,,GEO需求机会表,1,A
10148,在线多人编辑Word,云文档与在线办公,在线制作/云端办公,云文档/在线协作/在线制作，适合云文档产品页与对比页,,,100000.0,,GEO需求机会表,1,A
10149,金山文档在线制作PPT,云文档与在线办公,在线制作/云端办公,云文档/在线协作/在线制作，适合云文档产品页与对比页,,,100000.0,,GEO需求机会表,1,A
10150,金山文档在线制作表格,云文档与在线办公,在线制作/云端办公,云文档/在线协作/在线制作，适合云文档产品页与对比页,,,100000.0,,GEO需求机会表,1,A
10151,WPS在线制作Excel表格,云文档与在线办公,在线制作/云端办公,云文档/在线协作/在线制作，适合云文档产品页与对比页,,,90000.0,,GEO需求机会表,1,A
10152,WPS在线制作Word文档,云文档与在线办公,在线制作/云端办公,云文档/在线协作/在线制作，适合云文档产品页与对比页,,,90000.0,,GEO需求机会表,1,A
10153,在线共享文档怎么做,云文档与在线办公,在线制作/云端办公,云文档/在线协作/在线制作，适合云文档产品页与对比页,,,90000.0,,GEO需求机会表,1,A
10154,在线共享表格怎么做,云文档与在线办公,在线制作/云端办公,云文档/在线协作/在线制作，适合云文档产品页与对比页,,,90000.0,,GEO需求机会表,1,A
10155,在线制作合同,云文档与在线办公,在线制作/云端办公,云文档/在线协作/在线制作，适合云文档产品页与对比页,,,90000.0,,GEO需求机会表,1,A
10156,金山文档在线制作Word,云文档与在线办公,在线制作/云端办公,云文档/在线协作/在线制作，适合云文档产品页与对比页,,,90000.0,,GEO需求机会表,1,A
10157,WPS网页版怎么做PPT,云文档与在线办公,在线制作/云端办公,云文档/在线协作/在线制作，适合云文档产品页与对比页,,,80000.0,,GEO需求机会表,1,A
10158,WPS网页版怎么做表格,云文档与在线办公,在线制作/云端办公,云文档/在线协作/在线制作，适合云文档产品页与对比页,,,80000.0,,GEO需求机会表,1,A
10159,WPS网页版怎么编辑Word,云文档与在线办公,在线制作/云端办公,云文档/在线协作/在线制作，适合云文档产品页与对比页,,,80000.0,,GEO需求机会表,1,A
10160,在线制作证明,云文档与在线办公,在线制作/云端办公,云文档/在线协作/在线制作，适合云文档产品页与对比页,,,80000.0,,GEO需求机会表,1,A
10161,WPS网页版入口,云文档与在线办公,在线协作/云文档,云文档/在线协作/在线制作，适合云文档产品页与对比页,5.0,,90000.0,,百度统计真实流量、GEO需求机会表,2,A
10162,WPS在线文档怎么用,云文档与在线办公,在线协作/云文档,云文档/在线协作/在线制作，适合云文档产品页与对比页,,,100000.0,,GEO需求机会表,1,A
10163,金山文档和WPS区别,云文档与在线办公,在线协作/云文档,云文档/在线协作/在线制作，适合云文档产品页与对比页,,,90000.0,,GEO需求机会表,1,A
10164,WPS云文档安全吗,云文档与在线办公,在线协作/云文档,云文档/在线协作/在线制作，适合云文档产品页与对比页,,,80000.0,,GEO需求机会表,1,A
10165,WPS多人协作怎么用,云文档与在线办公,在线协作/云文档,云文档/在线协作/在线制作，适合云文档产品页与对比页,,,80000.0,,GEO需求机会表,1,A
10166,WPS文档怎么分享给别人,云文档与在线办公,在线协作/云文档,云文档/在线协作/在线制作，适合云文档产品页与对比页,,,80000.0,,GEO需求机会表,1,A
10167,WPS在线编辑怎么用,云文档与在线办公,在线协作/云文档,云文档/在线协作/在线制作，适合云文档产品页与对比页,,,70000.0,,GEO需求机会表,1,B
10168,WPS表单怎么收集信息,云文档与在线办公,在线协作/云文档,云文档/在线协作/在线制作，适合云文档产品页与对比页,,,70000.0,,GEO需求机会表,1,B
10169,WPS云同步怎么开启,云文档与在线办公,在线协作/云文档,云文档/在线协作/在线制作，适合云文档产品页与对比页,,,60000.0,,GEO需求机会表,1,B
10170,在线办公文档,云文档与在线办公,在线文档,云文档/在线协作/在线制作，适合云文档产品页与对比页,1.0,,,,百度搜索联想/相关搜索、百度统计真实流量,2,
10171,在线文档,云文档与在线办公,在线文档,云文档/在线协作/在线制作，适合云文档产品页与对比页,13.0,,,,百度搜索联想/相关搜索、百度统计真实流量,2,
10172,word在线编辑,云文档与在线办公,在线文档,云文档/在线协作/在线制作，适合云文档产品页与对比页,5.0,36.0,,,百度统计真实流量、第三方工具-社区SEO,2,
10173,在线word,云文档与在线办公,在线文档,云文档/在线协作/在线制作，适合云文档产品页与对比页,2.0,31.0,,,百度统计真实流量、第三方工具-社区SEO,2,
10174,在线word文档编辑,云文档与在线办公,在线文档,云文档/在线协作/在线制作，适合云文档产品页与对比页,1.0,4.0,,,百度统计真实流量、第三方工具-社区SEO,2,
10175,在线word编辑,云文档与在线办公,在线文档,云文档/在线协作/在线制作，适合云文档产品页与对比页,1.0,15.0,,,百度统计真实流量、第三方工具-社区SEO,2,
10176,pdf在线编辑,云文档与在线办公,在线文档,云文档/在线协作/在线制作，适合云文档产品页与对比页,1.0,2213.0,,,百度统计真实流量、第三方工具-社区SEO,2,
10177,word文档在线编辑,云文档与在线办公,在线文档,云文档/在线协作/在线制作，适合云文档产品页与对比页,1.0,45.0,,,百度统计真实流量、第三方工具-社区SEO,2,
10178,云文档删除的文件怎么恢复,云文档与在线办公,在线文档,云文档/在线协作/在线制作，适合云文档产品页与对比页,,,,,百度搜索联想/相关搜索,1,
10179,云文档在哪里找,云文档与在线办公,在线文档,云文档/在线协作/在线制作，适合云文档产品页与对比页,,,,,百度搜索联想/相关搜索,1,
10180,云文档怎么保存到本地,云文档与在线办公,在线文档,云文档/在线协作/在线制作，适合云文档产品页与对比页,,,,,百度搜索联想/相关搜索,1,
10181,云文档怎么保存到桌面,云文档与在线办公,在线文档,云文档/在线协作/在线制作，适合云文档产品页与对比页,,,,,百度搜索联想/相关搜索,1,
10182,云文档怎么创建,云文档与在线办公,在线文档,云文档/在线协作/在线制作，适合云文档产品页与对比页,,,,,百度搜索联想/相关搜索,1,
10183,云文档怎么删除,云文档与在线办公,在线文档,云文档/在线协作/在线制作，适合云文档产品页与对比页,,,,,百度搜索联想/相关搜索,1,
10184,云文档是什么意思,云文档与在线办公,在线文档,云文档/在线协作/在线制作，适合云文档产品页与对比页,,,,,百度搜索联想/相关搜索,1,
10185,云文档空间已满怎么删除,云文档与在线办公,在线文档,云文档/在线协作/在线制作，适合云文档产品页与对比页,,,,,百度搜索联想/相关搜索,1,
10186,云服务,云文档与在线办公,在线文档,云文档/在线协作/在线制作，适合云文档产品页与对比页,,,,,百度搜索联想/相关搜索,1,
10187,在线云文档,云文档与在线办公,在线文档,云文档/在线协作/在线制作，适合云文档产品页与对比页,,,,,百度搜索联想/相关搜索,1,
10188,在线公证办理,云文档与在线办公,在线文档,云文档/在线协作/在线制作，适合云文档产品页与对比页,,,,,百度搜索联想/相关搜索,1,
10189,在线办公什么意思,云文档与在线办公,在线文档,云文档/在线协作/在线制作，适合云文档产品页与对比页,,,,,百度搜索联想/相关搜索,1,
10190,在线办公室设计,云文档与在线办公,在线文档,云文档/在线协作/在线制作，适合云文档产品页与对比页,,,,,百度搜索联想/相关搜索,1,
10191,在线办公平台,云文档与在线办公,在线文档,云文档/在线协作/在线制作，适合云文档产品页与对比页,,,,,百度搜索联想/相关搜索,1,
10192,在线办公效率提升,云文档与在线办公,在线文档,云文档/在线协作/在线制作，适合云文档产品页与对比页,,,,,百度搜索联想/相关搜索,1,
10193,在线办公概念股龙头,云文档与在线办公,在线文档,云文档/在线协作/在线制作，适合云文档产品页与对比页,,,,,百度搜索联想/相关搜索,1,
10194,在线办公英语,云文档与在线办公,在线文档,云文档/在线协作/在线制作，适合云文档产品页与对比页,,,,,百度搜索联想/相关搜索,1,
10195,在线办公软件有哪些,云文档与在线办公,在线文档,云文档/在线协作/在线制作，适合云文档产品页与对比页,,,,,百度搜索联想/相关搜索,1,
10196,线上工作,云文档与在线办公,在线文档,云文档/在线协作/在线制作，适合云文档产品页与对比页,,,,,百度搜索联想/相关搜索,1,
10197,阿里云文档,云文档与在线办公,在线文档,云文档/在线协作/在线制作，适合云文档产品页与对比页,,,,,百度搜索联想/相关搜索,1,
10198,wps在线编辑,云文档与在线办公,在线文档,云文档/在线协作/在线制作，适合云文档产品页与对比页,174.0,,,,百度统计真实流量,1,
10199,wps在线文档,云文档与在线办公,在线文档,云文档/在线协作/在线制作，适合云文档产品页与对比页,94.0,,,,百度统计真实流量,1,
10200,金山文档表格在线编辑,云文档与在线办公,在线文档,云文档/在线协作/在线制作，适合云文档产品页与对比页,26.0,,,,百度统计真实流量,1,
10201,WPS在线编辑,云文档与在线办公,在线文档,云文档/在线协作/在线制作，适合云文档产品页与对比页,25.0,,,,百度统计真实流量,1,
10202,在线文档wps,云文档与在线办公,在线文档,云文档/在线协作/在线制作，适合云文档产品页与对比页,25.0,,,,百度统计真实流量,1,
10203,wps在线文档网页版,云文档与在线办公,在线文档,云文档/在线协作/在线制作，适合云文档产品页与对比页,25.0,,,,百度统计真实流量,1,
10204,金山软件在线办公官网,云文档与在线办公,在线文档,云文档/在线协作/在线制作，适合云文档产品页与对比页,23.0,,,,百度统计真实流量,1,
10205,金山文档,云文档与在线办公,在线文档,云文档/在线协作/在线制作，适合云文档产品页与对比页,19.0,,,,百度统计真实流量,1,
10206,wps 在线文档,云文档与在线办公,在线文档,云文档/在线协作/在线制作，适合云文档产品页与对比页,16.0,,,,百度统计真实流量,1,
10207,WPS在线文档网页版,云文档与在线办公,在线文档,云文档/在线协作/在线制作，适合云文档产品页与对比页,15.0,,,,百度统计真实流量,1,
10208,网页版wps在线编辑,云文档与在线办公,在线文档,云文档/在线协作/在线制作，适合云文档产品页与对比页,15.0,,,,百度统计真实流量,1,
10209,WPS在线文档,云文档与在线办公,在线文档,云文档/在线协作/在线制作，适合云文档产品页与对比页,14.0,,,,百度统计真实流量,1,
10210,wps金山文档,云文档与在线办公,在线文档,云文档/在线协作/在线制作，适合云文档产品页与对比页,14.0,,,,百度统计真实流量,1,
10211,WPS 在线文档,云文档与在线办公,在线文档,云文档/在线协作/在线制作，适合云文档产品页与对比页,10.0,,,,百度统计真实流量,1,
10212,在线文档WPS,云文档与在线办公,在线文档,云文档/在线协作/在线制作，适合云文档产品页与对比页,9.0,,,,百度统计真实流量,1,
10213,wps在线excel,云文档与在线办公,在线文档,云文档/在线协作/在线制作，适合云文档产品页与对比页,9.0,,,,百度统计真实流量,1,
10214,wps在线文档编辑,云文档与在线办公,在线文档,云文档/在线协作/在线制作，适合云文档产品页与对比页,8.0,,,,百度统计真实流量,1,
10215,在线编辑文档,云文档与在线办公,在线文档,云文档/在线协作/在线制作，适合云文档产品页与对比页,8.0,,,,百度统计真实流量,1,
10216,wps云文档,云文档与在线办公,在线文档,云文档/在线协作/在线制作，适合云文档产品页与对比页,7.0,,,,百度统计真实流量,1,
10217,金山文档网页版登录入口,云文档与在线办公,在线文档,云文档/在线协作/在线制作，适合云文档产品页与对比页,7.0,,,,百度统计真实流量,1,
10218,wps在线办公,云文档与在线办公,在线文档,云文档/在线协作/在线制作，适合云文档产品页与对比页,6.0,,,,百度统计真实流量,1,
10219,WPS 在线编辑,云文档与在线办公,在线文档,云文档/在线协作/在线制作，适合云文档产品页与对比页,5.0,,,,百度统计真实流量,1,
10220,wps云文档网页版,云文档与在线办公,在线文档,云文档/在线协作/在线制作，适合云文档产品页与对比页,5.0,,,,百度统计真实流量,1,
10221,金山在线文档,云文档与在线办公,在线文档,云文档/在线协作/在线制作，适合云文档产品页与对比页,5.0,,,,百度统计真实流量,1,
10222,金山文档 wps 官网,云文档与在线办公,在线文档,云文档/在线协作/在线制作，适合云文档产品页与对比页,5.0,,,,百度统计真实流量,1,
10223,wps在线编辑文档,云文档与在线办公,在线文档,云文档/在线协作/在线制作，适合云文档产品页与对比页,5.0,,,,百度统计真实流量,1,
10224,wps在线文档入口,云文档与在线办公,在线文档,云文档/在线协作/在线制作，适合云文档产品页与对比页,4.0,,,,百度统计真实流量,1,
10225,WPS在线文档官网,云文档与在线办公,在线文档,云文档/在线协作/在线制作，适合云文档产品页与对比页,4.0,,,,百度统计真实流量,1,
10226,wps表格在线编辑,云文档与在线办公,在线文档,云文档/在线协作/在线制作，适合云文档产品页与对比页,4.0,,,,百度统计真实流量,1,
10227,wps在线文档多人编辑,云文档与在线办公,在线文档,云文档/在线协作/在线制作，适合云文档产品页与对比页,4.0,,,,百度统计真实流量,1,
10228,wps在线文档官网,云文档与在线办公,在线文档,云文档/在线协作/在线制作，适合云文档产品页与对比页,4.0,,,,百度统计真实流量,1,
10229,WPS在线word,云文档与在线办公,在线文档,云文档/在线协作/在线制作，适合云文档产品页与对比页,3.0,,,,百度统计真实流量,1,
10230,WPS在线编辑器,云文档与在线办公,在线文档,云文档/在线协作/在线制作，适合云文档产品页与对比页,3.0,,,,百度统计真实流量,1,
10231,wps在线文档地址,云文档与在线办公,在线文档,云文档/在线协作/在线制作，适合云文档产品页与对比页,3.0,,,,百度统计真实流量,1,
10232,wps文档在线编辑,云文档与在线办公,在线文档,云文档/在线协作/在线制作，适合云文档产品页与对比页,3.0,,,,百度统计真实流量,1,
10233,多人协同在线文档,云文档与在线办公,在线文档,云文档/在线协作/在线制作，适合云文档产品页与对比页,3.0,,,,百度统计真实流量,1,
10234,word在线编辑网页版,云文档与在线办公,在线文档,云文档/在线协作/在线制作，适合云文档产品页与对比页,3.0,,,,百度统计真实流量,1,
10235,金山文档电脑网页版,云文档与在线办公,在线文档,云文档/在线协作/在线制作，适合云文档产品页与对比页,2.0,,,,百度统计真实流量,1,
10236,文档在线编辑怎么弄,云文档与在线办公,在线文档,云文档/在线协作/在线制作，适合云文档产品页与对比页,2.0,,,,百度统计真实流量,1,
10237,在线word网页版,云文档与在线办公,在线文档,云文档/在线协作/在线制作，适合云文档产品页与对比页,2.0,,,,百度统计真实流量,1,
10238,wps云文档登录入口,云文档与在线办公,在线文档,云文档/在线协作/在线制作，适合云文档产品页与对比页,2.0,,,,百度统计真实流量,1,
10239,wps金山文档在线编辑,云文档与在线办公,在线文档,云文档/在线协作/在线制作，适合云文档产品页与对比页,2.0,,,,百度统计真实流量,1,
10240,金山文档网页版,云文档与在线办公,在线文档,云文档/在线协作/在线制作，适合云文档产品页与对比页,2.0,,,,百度统计真实流量,1,
10241,金山表格在线编辑,云文档与在线办公,在线文档,云文档/在线协作/在线制作，适合云文档产品页与对比页,2.0,,,,百度统计真实流量,1,
10242,wps在线编辑docx,云文档与在线办公,在线文档,云文档/在线协作/在线制作，适合云文档产品页与对比页,2.0,,,,百度统计真实流量,1,
10243,WPS在线word官方API,云文档与在线办公,在线文档,云文档/在线协作/在线制作，适合云文档产品页与对比页,2.0,,,,百度统计真实流量,1,
10244,wps word在线编辑,云文档与在线办公,在线文档,云文档/在线协作/在线制作，适合云文档产品页与对比页,2.0,,,,百度统计真实流量,1,
10245,wps 在线编辑,云文档与在线办公,在线文档,云文档/在线协作/在线制作，适合云文档产品页与对比页,2.0,,,,百度统计真实流量,1,
10246,WPS在线编辑版,云文档与在线办公,在线文档,云文档/在线协作/在线制作，适合云文档产品页与对比页,2.0,,,,百度统计真实流量,1,
10247,金山在线办公软件官网,云文档与在线办公,在线文档,云文档/在线协作/在线制作，适合云文档产品页与对比页,2.0,,,,百度统计真实流量,1,
10248,WPS多人在线编辑表格,云文档与在线办公,在线文档,云文档/在线协作/在线制作，适合云文档产品页与对比页,2.0,,,,百度统计真实流量,1,
10249,金山在线办公软件,云文档与在线办公,在线文档,云文档/在线协作/在线制作，适合云文档产品页与对比页,2.0,,,,百度统计真实流量,1,
10250,wps在线文档网页,云文档与在线办公,在线文档,云文档/在线协作/在线制作，适合云文档产品页与对比页,2.0,,,,百度统计真实流量,1,
10251,wps在线文档编辑入口,云文档与在线办公,在线文档,云文档/在线协作/在线制作，适合云文档产品页与对比页,2.0,,,,百度统计真实流量,1,
10252,WPS 官网 在线文档,云文档与在线办公,在线文档,云文档/在线协作/在线制作，适合云文档产品页与对比页,2.0,,,,百度统计真实流量,1,
10253,WPS文档在线编辑,云文档与在线办公,在线文档,云文档/在线协作/在线制作，适合云文档产品页与对比页,2.0,,,,百度统计真实流量,1,
10254,在线excel wps 网页,云文档与在线办公,在线文档,云文档/在线协作/在线制作，适合云文档产品页与对比页,2.0,,,,百度统计真实流量,1,
10255,金山wps云文档,云文档与在线办公,在线文档,云文档/在线协作/在线制作，适合云文档产品页与对比页,2.0,,,,百度统计真实流量,1,
10256,WPS表格在线编辑,云文档与在线办公,在线文档,云文档/在线协作/在线制作，适合云文档产品页与对比页,2.0,,,,百度统计真实流量,1,
10257,wps 在线word,云文档与在线办公,在线文档,云文档/在线协作/在线制作，适合云文档产品页与对比页,2.0,,,,百度统计真实流量,1,
10258,wps在线word,云文档与在线办公,在线文档,云文档/在线协作/在线制作，适合云文档产品页与对比页,2.0,,,,百度统计真实流量,1,
10259,在线文档编辑,云文档与在线办公,在线文档,云文档/在线协作/在线制作，适合云文档产品页与对比页,2.0,,,,百度统计真实流量,1,
10260,在线编辑,云文档与在线办公,在线文档,云文档/在线协作/在线制作，适合云文档产品页与对比页,2.0,,,,百度统计真实流量,1,
10261,在线word浏览器,云文档与在线办公,在线文档,云文档/在线协作/在线制作，适合云文档产品页与对比页,2.0,,,,百度统计真实流量,1,
10262,在线编辑wps,云文档与在线办公,在线文档,云文档/在线协作/在线制作，适合云文档产品页与对比页,2.0,,,,百度统计真实流量,1,
10263,亚洲人成网站在线,云文档与在线办公,在线文档,云文档/在线协作/在线制作，适合云文档产品页与对比页,2.0,,,,百度统计真实流量,1,
10264,WPS Office-支持多人在线编辑多种文档格式_WPS官方网站,云文档与在线办公,在线文档,云文档/在线协作/在线制作，适合云文档产品页与对比页,2.0,,,,百度统计真实流量,1,
10265,WPS文件在线编辑,云文档与在线办公,在线文档,云文档/在线协作/在线制作，适合云文档产品页与对比页,2.0,,,,百度统计真实流量,1,
10266,wpsoffice在线文档,云文档与在线办公,在线文档,云文档/在线协作/在线制作，适合云文档产品页与对比页,2.0,,,,百度统计真实流量,1,
10267,WPs在线编辑,云文档与在线办公,在线文档,云文档/在线协作/在线制作，适合云文档产品页与对比页,2.0,,,,百度统计真实流量,1,
10268,wps在线编辑表格,云文档与在线办公,在线文档,云文档/在线协作/在线制作，适合云文档产品页与对比页,2.0,,,,百度统计真实流量,1,
10269,怎么弄在线文档多人编辑,云文档与在线办公,在线文档,云文档/在线协作/在线制作，适合云文档产品页与对比页,2.0,,,,百度统计真实流量,1,
10270,金山在线文档网页版,云文档与在线办公,在线文档,云文档/在线协作/在线制作，适合云文档产品页与对比页,1.0,,,,百度统计真实流量,1,
10271,wps网页在线文档,云文档与在线办公,在线文档,云文档/在线协作/在线制作，适合云文档产品页与对比页,1.0,,,,百度统计真实流量,1,
10272,wps在线编辑网页版,云文档与在线办公,在线文档,云文档/在线协作/在线制作，适合云文档产品页与对比页,1.0,,,,百度统计真实流量,1,
10273,wps云文档官网,云文档与在线办公,在线文档,云文档/在线协作/在线制作，适合云文档产品页与对比页,1.0,,,,百度统计真实流量,1,
10274,WPS365在线编辑,云文档与在线办公,在线文档,云文档/在线协作/在线制作，适合云文档产品页与对比页,1.0,,,,百度统计真实流量,1,
10275,WPS 在线编辑器,云文档与在线办公,在线文档,云文档/在线协作/在线制作，适合云文档产品页与对比页,1.0,,,,百度统计真实流量,1,
10276,wp在线,云文档与在线办公,在线文档,云文档/在线协作/在线制作，适合云文档产品页与对比页,1.0,,,,百度统计真实流量,1,
10277,在线办公wps,云文档与在线办公,在线文档,云文档/在线协作/在线制作，适合云文档产品页与对比页,1.0,,,,百度统计真实流量,1,
10278,WPS 网页版在线文档,云文档与在线办公,在线文档,云文档/在线协作/在线制作，适合云文档产品页与对比页,1.0,,,,百度统计真实流量,1,
10279,WPS的在线文档官网,云文档与在线办公,在线文档,云文档/在线协作/在线制作，适合云文档产品页与对比页,1.0,,,,百度统计真实流量,1,
10280,在线文档wps创建,云文档与在线办公,在线文档,云文档/在线协作/在线制作，适合云文档产品页与对比页,1.0,,,,百度统计真实流量,1,
10281,word在线编辑wps,云文档与在线办公,在线文档,云文档/在线协作/在线制作，适合云文档产品页与对比页,1.0,,,,百度统计真实流量,1,
10282,wps在线编辑excel,云文档与在线办公,在线文档,云文档/在线协作/在线制作，适合云文档产品页与对比页,1.0,,,,百度统计真实流量,1,
10283,支持多人在线编辑Word、Excel和PPT文档,云文档与在线办公,在线文档,云文档/在线协作/在线制作，适合云文档产品页与对比页,1.0,,,,百度统计真实流量,1,
10284,金山文档网页,云文档与在线办公,在线文档,云文档/在线协作/在线制作，适合云文档产品页与对比页,1.0,,,,百度统计真实流量,1,
10285,WPS在线办公,云文档与在线办公,在线文档,云文档/在线协作/在线制作，适合云文档产品页与对比页,1.0,,,,百度统计真实流量,1,
10286,wps团队在线文档,云文档与在线办公,在线文档,云文档/在线协作/在线制作，适合云文档产品页与对比页,1.0,,,,百度统计真实流量,1,
10287,wps在线文档登陆入口,云文档与在线办公,在线文档,云文档/在线协作/在线制作，适合云文档产品页与对比页,1.0,,,,百度统计真实流量,1,
10288,wps word文档在线编辑,云文档与在线办公,在线文档,云文档/在线协作/在线制作，适合云文档产品页与对比页,1.0,,,,百度统计真实流量,1,
10289,wps 在线文档官网,云文档与在线办公,在线文档,云文档/在线协作/在线制作，适合云文档产品页与对比页,1.0,,,,百度统计真实流量,1,
10290,wps多人在线编辑,云文档与在线办公,在线文档,云文档/在线协作/在线制作，适合云文档产品页与对比页,1.0,,,,百度统计真实流量,1,
10291,wps office在线编辑文档,云文档与在线办公,在线文档,云文档/在线协作/在线制作，适合云文档产品页与对比页,1.0,,,,百度统计真实流量,1,
10292,wps金山文档官网,云文档与在线办公,在线文档,云文档/在线协作/在线制作，适合云文档产品页与对比页,1.0,,,,百度统计真实流量,1,
10293,在线文档编辑 wps,云文档与在线办公,在线文档,云文档/在线协作/在线制作，适合云文档产品页与对比页,1.0,,,,百度统计真实流量,1,
10294,在线编辑 SDK wps,云文档与在线办公,在线文档,云文档/在线协作/在线制作，适合云文档产品页与对比页,1.0,,,,百度统计真实流量,1,
10295,wps在线文档’,云文档与在线办公,在线文档,云文档/在线协作/在线制作，适合云文档产品页与对比页,1.0,,,,百度统计真实流量,1,
10296,在线word打开,云文档与在线办公,在线文档,云文档/在线协作/在线制作，适合云文档产品页与对比页,1.0,,,,百度统计真实流量,1,
10297,"word,Excel文档在线编辑网站",云文档与在线办公,在线文档,云文档/在线协作/在线制作，适合云文档产品页与对比页,1.0,,,,百度统计真实流量,1,
10298,wps 文档中心在线文档,云文档与在线办公,在线文档,云文档/在线协作/在线制作，适合云文档产品页与对比页,1.0,,,,百度统计真实流量,1,
10299,在线excel文档 wps,云文档与在线办公,在线文档,云文档/在线协作/在线制作，适合云文档产品页与对比页,1.0,,,,百度统计真实流量,1,
10300,WPS在线文档网页端,云文档与在线办公,在线文档,云文档/在线协作/在线制作，适合云文档产品页与对比页,1.0,,,,百度统计真实流量,1,
10301,金山文档网页版入口,云文档与在线办公,在线文档,云文档/在线协作/在线制作，适合云文档产品页与对比页,1.0,,,,百度统计真实流量,1,
10302,WPS 在线文档网页版,云文档与在线办公,在线文档,云文档/在线协作/在线制作，适合云文档产品页与对比页,1.0,,,,百度统计真实流量,1,
10303,金山办公 在线文档,云文档与在线办公,在线文档,云文档/在线协作/在线制作，适合云文档产品页与对比页,1.0,,,,百度统计真实流量,1,
10304,在线文档多人编辑哪家好,云文档与在线办公,在线文档,云文档/在线协作/在线制作，适合云文档产品页与对比页,1.0,,,,百度统计真实流量,1,
10305,WPS有在线文档嘛,云文档与在线办公,在线文档,云文档/在线协作/在线制作，适合云文档产品页与对比页,1.0,,,,百度统计真实流量,1,
10306,手机在线超碰,云文档与在线办公,在线文档,云文档/在线协作/在线制作，适合云文档产品页与对比页,1.0,,,,百度统计真实流量,1,
10307,金山文档在线编辑,云文档与在线办公,在线文档,云文档/在线协作/在线制作，适合云文档产品页与对比页,1.0,,,,百度统计真实流量,1,
10308,wps金山文档在线编辑官网,云文档与在线办公,在线文档,云文档/在线协作/在线制作，适合云文档产品页与对比页,1.0,,,,百度统计真实流量,1,
10309,wps文档在线文档,云文档与在线办公,在线文档,云文档/在线协作/在线制作，适合云文档产品页与对比页,1.0,,,,百度统计真实流量,1,
10310,wps Excel在线编辑,云文档与在线办公,在线文档,云文档/在线协作/在线制作，适合云文档产品页与对比页,1.0,,,,百度统计真实流量,1,
10311,wps在线编辑文档怎么创建,云文档与在线办公,在线文档,云文档/在线协作/在线制作，适合云文档产品页与对比页,1.0,,,,百度统计真实流量,1,
10312,在线文档 PPT,云文档与在线办公,在线文档,云文档/在线协作/在线制作，适合云文档产品页与对比页,1.0,,,,百度统计真实流量,1,
10313,金山在线编辑网站,云文档与在线办公,在线文档,云文档/在线协作/在线制作，适合云文档产品页与对比页,1.0,,,,百度统计真实流量,1,
10314,wps网页在线编辑,云文档与在线办公,在线文档,云文档/在线协作/在线制作，适合云文档产品页与对比页,1.0,,,,百度统计真实流量,1,
10315,wps在线编辑创建,云文档与在线办公,在线文档,云文档/在线协作/在线制作，适合云文档产品页与对比页,1.0,,,,百度统计真实流量,1,
10316,wps在线word文档,云文档与在线办公,在线文档,云文档/在线协作/在线制作，适合云文档产品页与对比页,1.0,,,,百度统计真实流量,1,
10317,WPS 在线文档99,云文档与在线办公,在线文档,云文档/在线协作/在线制作，适合云文档产品页与对比页,1.0,,,,百度统计真实流量,1,
10318,表格在线编辑,云文档与在线办公,在线文档,云文档/在线协作/在线制作，适合云文档产品页与对比页,1.0,,,,百度统计真实流量,1,
10319,国产在线人成,云文档与在线办公,在线文档,云文档/在线协作/在线制作，适合云文档产品页与对比页,1.0,,,,百度统计真实流量,1,
10320,wps office 在线文档,云文档与在线办公,在线文档,云文档/在线协作/在线制作，适合云文档产品页与对比页,1.0,,,,百度统计真实流量,1,
10321,wps有没有在线编辑功能,云文档与在线办公,在线文档,云文档/在线协作/在线制作，适合云文档产品页与对比页,1.0,,,,百度统计真实流量,1,
10322,wps的在线文档,云文档与在线办公,在线文档,云文档/在线协作/在线制作，适合云文档产品页与对比页,1.0,,,,百度统计真实流量,1,
10323,wps office在线编辑,云文档与在线办公,在线文档,云文档/在线协作/在线制作，适合云文档产品页与对比页,1.0,,,,百度统计真实流量,1,
10324,金山文档 wps,云文档与在线办公,在线文档,云文档/在线协作/在线制作，适合云文档产品页与对比页,1.0,,,,百度统计真实流量,1,
10325,WPS在线文档网址,云文档与在线办公,在线文档,云文档/在线协作/在线制作，适合云文档产品页与对比页,1.0,,,,百度统计真实流量,1,
10326,wps 在线编辑 服务,云文档与在线办公,在线文档,云文档/在线协作/在线制作，适合云文档产品页与对比页,1.0,,,,百度统计真实流量,1,
10327,在线办公软件,云文档与在线办公,在线文档,云文档/在线协作/在线制作，适合云文档产品页与对比页,1.0,,,,百度统计真实流量,1,
10328,wps在线EXCEL,云文档与在线办公,在线文档,云文档/在线协作/在线制作，适合云文档产品页与对比页,1.0,,,,百度统计真实流量,1,
10329,WPS在线文档编辑,云文档与在线办公,在线文档,云文档/在线协作/在线制作，适合云文档产品页与对比页,1.0,,,,百度统计真实流量,1,
10330,在线编辑金山,云文档与在线办公,在线文档,云文档/在线协作/在线制作，适合云文档产品页与对比页,1.0,,,,百度统计真实流量,1,
10331,WPS 在线文档网址,云文档与在线办公,在线文档,云文档/在线协作/在线制作，适合云文档产品页与对比页,1.0,,,,百度统计真实流量,1,
10332,wps在线文档登录,云文档与在线办公,在线文档,云文档/在线协作/在线制作，适合云文档产品页与对比页,1.0,,,,百度统计真实流量,1,
10333,金山文档/pWkQexXleGneEBk,云文档与在线办公,在线文档,云文档/在线协作/在线制作，适合云文档产品页与对比页,1.0,,,,百度统计真实流量,1,
10334,WPS 在线文档页面,云文档与在线办公,在线文档,云文档/在线协作/在线制作，适合云文档产品页与对比页,1.0,,,,百度统计真实流量,1,
10335,wps文档表格在线编辑,云文档与在线办公,在线文档,云文档/在线协作/在线制作，适合云文档产品页与对比页,1.0,,,,百度统计真实流量,1,
10336,wpsd 在线文档,云文档与在线办公,在线文档,云文档/在线协作/在线制作，适合云文档产品页与对比页,1.0,,,,百度统计真实流量,1,
10337,金山文档表格在线编辑官网,云文档与在线办公,在线文档,云文档/在线协作/在线制作，适合云文档产品页与对比页,1.0,,,,百度统计真实流量,1,
10338,金山文档官网入口,云文档与在线办公,在线文档,云文档/在线协作/在线制作，适合云文档产品页与对比页,1.0,,,,百度统计真实流量,1,
10339,wps在线编辑入口,云文档与在线办公,在线文档,云文档/在线协作/在线制作，适合云文档产品页与对比页,1.0,,,,百度统计真实流量,1,
10340,超碰在线进入97,云文档与在线办公,在线文档,云文档/在线协作/在线制作，适合云文档产品页与对比页,1.0,,,,百度统计真实流量,1,
10341,在线excel wps,云文档与在线办公,在线文档,云文档/在线协作/在线制作，适合云文档产品页与对比页,1.0,,,,百度统计真实流量,1,
10342,WPS在线文档登录,云文档与在线办公,在线文档,云文档/在线协作/在线制作，适合云文档产品页与对比页,1.0,,,,百度统计真实流量,1,
10343,Ppt在线编辑,云文档与在线办公,在线文档,云文档/在线协作/在线制作，适合云文档产品页与对比页,1.0,,,,百度统计真实流量,1,
10344,wps首页在线文档首页,云文档与在线办公,在线文档,云文档/在线协作/在线制作，适合云文档产品页与对比页,1.0,,,,百度统计真实流量,1,
10345,wbs在线文档,云文档与在线办公,在线文档,云文档/在线协作/在线制作，适合云文档产品页与对比页,1.0,,,,百度统计真实流量,1,
10346,在线xlsx打开,云文档与在线办公,在线文档,云文档/在线协作/在线制作，适合云文档产品页与对比页,1.0,,,,百度统计真实流量,1,
10347,在线EXCEL wps,云文档与在线办公,在线文档,云文档/在线协作/在线制作，适合云文档产品页与对比页,1.0,,,,百度统计真实流量,1,
10348,在线wps 在线文档,云文档与在线办公,在线文档,云文档/在线协作/在线制作，适合云文档产品页与对比页,1.0,,,,百度统计真实流量,1,
10349,wps多人在线编辑文档,云文档与在线办公,在线文档,云文档/在线协作/在线制作，适合云文档产品页与对比页,1.0,,,,百度统计真实流量,1,
10350,在线编辑word excel pdf,云文档与在线办公,在线文档,云文档/在线协作/在线制作，适合云文档产品页与对比页,1.0,,,,百度统计真实流量,1,
10351,在线word文档编辑 wps,云文档与在线办公,在线文档,云文档/在线协作/在线制作，适合云文档产品页与对比页,1.0,,,,百度统计真实流量,1,
10352,金山在线办公官网,云文档与在线办公,在线文档,云文档/在线协作/在线制作，适合云文档产品页与对比页,1.0,,,,百度统计真实流量,1,
10353,WPS 在线办公,云文档与在线办公,在线文档,云文档/在线协作/在线制作，适合云文档产品页与对比页,1.0,,,,百度统计真实流量,1,
10354,wps在线编辑器,云文档与在线办公,在线文档,云文档/在线协作/在线制作，适合云文档产品页与对比页,1.0,,,,百度统计真实流量,1,
10355,在线文档 wps,云文档与在线办公,在线文档,云文档/在线协作/在线制作，适合云文档产品页与对比页,1.0,,,,百度统计真实流量,1,
10356,wps在线Excel,云文档与在线办公,在线文档,云文档/在线协作/在线制作，适合云文档产品页与对比页,1.0,,,,百度统计真实流量,1,
10357,腾讯云文档,云文档与在线办公,在线文档,云文档/在线协作/在线制作，适合云文档产品页与对比页,1.0,,,,百度统计真实流量,1,
10358,WPS云端,云文档与在线办公,在线文档,云文档/在线协作/在线制作，适合云文档产品页与对比页,1.0,,,,百度统计真实流量,1,
10359,中国wps在线文档,云文档与在线办公,在线文档,云文档/在线协作/在线制作，适合云文档产品页与对比页,1.0,,,,百度统计真实流量,1,
10360,WPS在线编辑表格,云文档与在线办公,在线文档,云文档/在线协作/在线制作，适合云文档产品页与对比页,1.0,,,,百度统计真实流量,1,
10361,WPS365在线办公,云文档与在线办公,在线文档,云文档/在线协作/在线制作，适合云文档产品页与对比页,1.0,,,,百度统计真实流量,1,
10362,wps ppt多人在线编辑,云文档与在线办公,在线文档,云文档/在线协作/在线制作，适合云文档产品页与对比页,1.0,,,,百度统计真实流量,1,
10363,WPS Office 在线编辑,云文档与在线办公,在线文档,云文档/在线协作/在线制作，适合云文档产品页与对比页,1.0,,,,百度统计真实流量,1,
10364,wps在线文档、,云文档与在线办公,在线文档,云文档/在线协作/在线制作，适合云文档产品页与对比页,1.0,,,,百度统计真实流量,1,
10365,在线编辑WPS,云文档与在线办公,在线文档,云文档/在线协作/在线制作，适合云文档产品页与对比页,1.0,,,,百度统计真实流量,1,
10366,wps局域网多人在线编辑文档,云文档与在线办公,在线文档,云文档/在线协作/在线制作，适合云文档产品页与对比页,1.0,,,,百度统计真实流量,1,
10367,wps在线文档网址,云文档与在线办公,在线文档,云文档/在线协作/在线制作，适合云文档产品页与对比页,1.0,,,,百度统计真实流量,1,
10368,WPS金山文档,云文档与在线办公,在线文档,云文档/在线协作/在线制作，适合云文档产品页与对比页,1.0,,,,百度统计真实流量,1,
10369,在线word wps,云文档与在线办公,在线文档,云文档/在线协作/在线制作，适合云文档产品页与对比页,1.0,,,,百度统计真实流量,1,
10370,wps在线文档网页版登录,云文档与在线办公,在线文档,云文档/在线协作/在线制作，适合云文档产品页与对比页,1.0,,,,百度统计真实流量,1,
10371,word网在线编辑,云文档与在线办公,在线文档,云文档/在线协作/在线制作，适合云文档产品页与对比页,1.0,,,,百度统计真实流量,1,
10372,wps在线文档企业版,云文档与在线办公,在线文档,云文档/在线协作/在线制作，适合云文档产品页与对比页,1.0,,,,百度统计真实流量,1,
10373,wps网页版在线编辑,云文档与在线办公,在线文档,云文档/在线协作/在线制作，适合云文档产品页与对比页,1.0,,,,百度统计真实流量,1,
10374,pdf在线编辑器,云文档与在线办公,在线文档,云文档/在线协作/在线制作，适合云文档产品页与对比页,,902.0,,,第三方工具-社区SEO,1,
10375,在线excel,云文档与在线办公,在线文档,云文档/在线协作/在线制作，适合云文档产品页与对比页,,165.0,,,第三方工具-社区SEO,1,
10376,在线编辑pdf,云文档与在线办公,在线文档,云文档/在线协作/在线制作，适合云文档产品页与对比页,,63.0,,,第三方工具-社区SEO,1,
10377,excel在线编辑,云文档与在线办公,在线文档,云文档/在线协作/在线制作，适合云文档产品页与对比页,,65.0,,,第三方工具-社区SEO,1,
10378,在线word文档,云文档与在线办公,在线文档,云文档/在线协作/在线制作，适合云文档产品页与对比页,,5.0,,,第三方工具-社区SEO,1,
10379,在线excel表格,云文档与在线办公,在线文档,云文档/在线协作/在线制作，适合云文档产品页与对比页,,5.0,,,第三方工具-社区SEO,1,
10380,pdf文件在线编辑,云文档与在线办公,在线文档,云文档/在线协作/在线制作，适合云文档产品页与对比页,,7.0,,,第三方工具-社区SEO,1,
10381,ppt在线编辑,云文档与在线办公,在线文档,云文档/在线协作/在线制作，适合云文档产品页与对比页,,4.0,,,第三方工具-社区SEO,1,
10382,在线编辑word,云文档与在线办公,在线文档,云文档/在线协作/在线制作，适合云文档产品页与对比页,,3.0,,,第三方工具-社区SEO,1,
10383,OA协同办公系统,协同办公与企业,OA协同,OA/企业协同/国产化，适合企业解决方案页,,,,,百度搜索联想/相关搜索,1,
10384,协同办公管理平台oa,协同办公与企业,OA协同,OA/企业协同/国产化，适合企业解决方案页,,,,,百度搜索联想/相关搜索,1,
10385,员工oa系统,协同办公与企业,OA协同,OA/企业协同/国产化，适合企业解决方案页,,,,,百度搜索联想/相关搜索,1,
10386,郑州颐和医院oa协同办公,协同办公与企业,OA协同,OA/企业协同/国产化，适合企业解决方案页,,,,,百度搜索联想/相关搜索,1,
10387,wps office download,协同办公与企业,OA协同,OA/企业协同/国产化，适合企业解决方案页,8.0,,,,百度统计真实流量,1,
10388,https://365.wps.cn/download365,协同办公与企业,OA协同,OA/企业协同/国产化，适合企业解决方案页,5.0,,,,百度统计真实流量,1,
10389,wps download,协同办公与企业,OA协同,OA/企业协同/国产化，适合企业解决方案页,5.0,,,,百度统计真实流量,1,
10390,https:/www.wps.cn/download,协同办公与企业,OA协同,OA/企业协同/国产化，适合企业解决方案页,4.0,,,,百度统计真实流量,1,
10391,wpsdownload,协同办公与企业,OA协同,OA/企业协同/国产化，适合企业解决方案页,2.0,,,,百度统计真实流量,1,
10392,wps office free download,协同办公与企业,OA协同,OA/企业协同/国产化，适合企业解决方案页,2.0,,,,百度统计真实流量,1,
10393,金山woa,协同办公与企业,OA协同,OA/企业协同/国产化，适合企业解决方案页,1.0,,,,百度统计真实流量,1,
10394,WPS office download,协同办公与企业,OA协同,OA/企业协同/国产化，适合企业解决方案页,1.0,,,,百度统计真实流量,1,
10395,WPS DOWNLOAD,协同办公与企业,OA协同,OA/企业协同/国产化，适合企业解决方案页,1.0,,,,百度统计真实流量,1,
10396,WPS.CN/DOWNLOAD,协同办公与企业,OA协同,OA/企业协同/国产化，适合企业解决方案页,1.0,,,,百度统计真实流量,1,
10397,wps.cn download,协同办公与企业,OA协同,OA/企业协同/国产化，适合企业解决方案页,1.0,,,,百度统计真实流量,1,
10398,wps365企业版,协同办公与企业,企业协同,OA/企业协同/国产化，适合企业解决方案页,14.0,,,,百度搜索联想/相关搜索、百度统计真实流量,2,
10399,企业介绍ppt,协同办公与企业,企业协同,OA/企业协同/国产化，适合企业解决方案页,,22.0,,58952.0,第三方工具-社区SEO、短视频/内容平台-小红书,2,
10400,vivo协同办公,协同办公与企业,企业协同,OA/企业协同/国产化，适合企业解决方案页,,,,,百度搜索联想/相关搜索,1,
10401,东华医为协同办公,协同办公与企业,企业协同,OA/企业协同/国产化，适合企业解决方案页,,,,,百度搜索联想/相关搜索,1,
10402,企业办公平台,协同办公与企业,企业协同,OA/企业协同/国产化，适合企业解决方案页,,,,,百度搜索联想/相关搜索,1,
10403,协同办公app,协同办公与企业,企业协同,OA/企业协同/国产化，适合企业解决方案页,,,,,百度搜索联想/相关搜索,1,
10404,协同办公平台,协同办公与企业,企业协同,OA/企业协同/国产化，适合企业解决方案页,,,,,百度搜索联想/相关搜索,1,
10405,协同办公系统,协同办公与企业,企业协同,OA/企业协同/国产化，适合企业解决方案页,,,,,百度搜索联想/相关搜索,1,
10406,协同办公软件有哪些,协同办公与企业,企业协同,OA/企业协同/国产化，适合企业解决方案页,,,,,百度搜索联想/相关搜索,1,
10407,江苏先声药业协同办公,协同办公与企业,企业协同,OA/企业协同/国产化，适合企业解决方案页,,,,,百度搜索联想/相关搜索,1,
10408,wps企业版,协同办公与企业,企业协同,OA/企业协同/国产化，适合企业解决方案页,27.0,,,,百度统计真实流量,1,
10409,WPS企业版,协同办公与企业,企业协同,OA/企业协同/国产化，适合企业解决方案页,12.0,,,,百度统计真实流量,1,
10410,wps企业版官网,协同办公与企业,企业协同,OA/企业协同/国产化，适合企业解决方案页,8.0,,,,百度统计真实流量,1,
10411,wps企业,协同办公与企业,企业协同,OA/企业协同/国产化，适合企业解决方案页,6.0,,,,百度统计真实流量,1,
10412,企业版wps,协同办公与企业,企业协同,OA/企业协同/国产化，适合企业解决方案页,5.0,,,,百度统计真实流量,1,
10413,珠海金山办公软件有限公司官网,协同办公与企业,企业协同,OA/企业协同/国产化，适合企业解决方案页,4.0,,,,百度统计真实流量,1,
10414,WPS协同办公,协同办公与企业,企业协同,OA/企业协同/国产化，适合企业解决方案页,3.0,,,,百度统计真实流量,1,
10415,office协同办公平台,协同办公与企业,企业协同,OA/企业协同/国产化，适合企业解决方案页,2.0,,,,百度统计真实流量,1,
10416,WPS企业版 - 正式版 v11.8.2.12219-release /opt/kingsoft/wps-office/office6 Li,协同办公与企业,企业协同,OA/企业协同/国产化，适合企业解决方案页,2.0,,,,百度统计真实流量,1,
10417,wps协同办公,协同办公与企业,企业协同,OA/企业协同/国产化，适合企业解决方案页,2.0,,,,百度统计真实流量,1,
10418,珠海金山办公软件有限公司,协同办公与企业,企业协同,OA/企业协同/国产化，适合企业解决方案页,1.0,,,,百度统计真实流量,1,
10419,WPS企业,协同办公与企业,企业协同,OA/企业协同/国产化，适合企业解决方案页,1.0,,,,百度统计真实流量,1,
10420,WPS在线协同编辑,协同办公与企业,企业协同,OA/企业协同/国产化，适合企业解决方案页,1.0,,,,百度统计真实流量,1,
10421,wps企业版官网首页,协同办公与企业,企业协同,OA/企业协同/国产化，适合企业解决方案页,1.0,,,,百度统计真实流量,1,
10422,企业版wps官网入口,协同办公与企业,企业协同,OA/企业协同/国产化，适合企业解决方案页,1.0,,,,百度统计真实流量,1,
10423,公司办公软件,协同办公与企业,企业协同,OA/企业协同/国产化，适合企业解决方案页,1.0,,,,百度统计真实流量,1,
10424,wps在线协同,协同办公与企业,企业协同,OA/企业协同/国产化，适合企业解决方案页,1.0,,,,百度统计真实流量,1,
10425,wps在线协同文档软件,协同办公与企业,企业协同,OA/企业协同/国产化，适合企业解决方案页,1.0,,,,百度统计真实流量,1,
10426,WPS在线协同,协同办公与企业,企业协同,OA/企业协同/国产化，适合企业解决方案页,1.0,,,,百度统计真实流量,1,
10427,金山wps企业版官网,协同办公与企业,企业协同,OA/企业协同/国产化，适合企业解决方案页,1.0,,,,百度统计真实流量,1,
10428,企业wps,协同办公与企业,企业协同,OA/企业协同/国产化，适合企业解决方案页,1.0,,,,百度统计真实流量,1,
10429,wps企业版本,协同办公与企业,企业协同,OA/企业协同/国产化，适合企业解决方案页,1.0,,,,百度统计真实流量,1,
10430,wps office企业版,协同办公与企业,企业协同,OA/企业协同/国产化，适合企业解决方案页,1.0,,,,百度统计真实流量,1,
10431,线上协同文档 软件,协同办公与企业,企业协同,OA/企业协同/国产化，适合企业解决方案页,1.0,,,,百度统计真实流量,1,
10432,WPS协同办公平台,协同办公与企业,企业协同,OA/企业协同/国产化，适合企业解决方案页,1.0,,,,百度统计真实流量,1,
10433,WPS企业版官方网站,协同办公与企业,企业协同,OA/企业协同/国产化，适合企业解决方案页,1.0,,,,百度统计真实流量,1,
10434,文档共享协同平台,协同办公与企业,企业协同,OA/企业协同/国产化，适合企业解决方案页,1.0,,,,百度统计真实流量,1,
10435,wps 企业,协同办公与企业,企业协同,OA/企业协同/国产化，适合企业解决方案页,1.0,,,,百度统计真实流量,1,
10436,wps公司,协同办公与企业,企业协同,OA/企业协同/国产化，适合企业解决方案页,1.0,,,,百度统计真实流量,1,
10437,WPS PDF 企业版 官网,协同办公与企业,企业协同,OA/企业协同/国产化，适合企业解决方案页,1.0,,,,百度统计真实流量,1,
10438,WPS365企业版,协同办公与企业,企业协同,OA/企业协同/国产化，适合企业解决方案页,1.0,,,,百度统计真实流量,1,
10439,WPS公司版PDF,协同办公与企业,企业协同,OA/企业协同/国产化，适合企业解决方案页,1.0,,,,百度统计真实流量,1,
10440,WPS企业管理,协同办公与企业,企业协同,OA/企业协同/国产化，适合企业解决方案页,1.0,,,,百度统计真实流量,1,
10441,WPS协同编辑,协同办公与企业,企业协同,OA/企业协同/国产化，适合企业解决方案页,1.0,,,,百度统计真实流量,1,
10442,北京金山办公软件股份有限公司,协同办公与企业,企业协同,OA/企业协同/国产化，适合企业解决方案页,1.0,,,,百度统计真实流量,1,
10443,WPS协同文档,协同办公与企业,企业协同,OA/企业协同/国产化，适合企业解决方案页,1.0,,,,百度统计真实流量,1,
10444,wps365企业版官方网,协同办公与企业,企业协同,OA/企业协同/国产化，适合企业解决方案页,1.0,,,,百度统计真实流量,1,
10445,wps企业版在线,协同办公与企业,企业协同,OA/企业协同/国产化，适合企业解决方案页,1.0,,,,百度统计真实流量,1,
10446,公司简介ppt,协同办公与企业,企业协同,OA/企业协同/国产化，适合企业解决方案页,,139.0,,,第三方工具-社区SEO,1,
10447,公司简介 ppt,协同办公与企业,企业协同,OA/企业协同/国产化，适合企业解决方案页,,19.0,,,第三方工具-社区SEO,1,
10448,企业ppt,协同办公与企业,企业协同,OA/企业协同/国产化，适合企业解决方案页,,128.0,,,第三方工具-社区SEO,1,
10449,企业文化ppt,协同办公与企业,企业协同,OA/企业协同/国产化，适合企业解决方案页,,12.0,,,第三方工具-社区SEO,1,
10450,公司介绍ppt,协同办公与企业,企业协同,OA/企业协同/国产化，适合企业解决方案页,,161.0,,,第三方工具-社区SEO,1,
10451,组织架构ppt,协同办公与企业,企业协同,OA/企业协同/国产化，适合企业解决方案页,,7.0,,,第三方工具-社区SEO,1,
10452,公司介绍ppt案例,协同办公与企业,企业协同,OA/企业协同/国产化，适合企业解决方案页,,7.0,,,第三方工具-社区SEO,1,
10453,企业宣传ppt,协同办公与企业,企业协同,OA/企业协同/国产化，适合企业解决方案页,,7.0,,,第三方工具-社区SEO,1,
10454,公司法pdf,协同办公与企业,企业协同,OA/企业协同/国产化，适合企业解决方案页,,6.0,,,第三方工具-社区SEO,1,
10455,ppt设计公司,协同办公与企业,企业协同,OA/企业协同/国产化，适合企业解决方案页,,6.0,,,第三方工具-社区SEO,1,
10456,公司年会ppt,协同办公与企业,企业协同,OA/企业协同/国产化，适合企业解决方案页,,6.0,,,第三方工具-社区SEO,1,
10457,企业简介ppt,协同办公与企业,企业协同,OA/企业协同/国产化，适合企业解决方案页,,5.0,,,第三方工具-社区SEO,1,
10458,word怎么做组织架构图,协同办公与企业,企业协同,OA/企业协同/国产化，适合企业解决方案页,,6.0,,,第三方工具-社区SEO,1,
10459,wps365政务版,协同办公与企业,企业采购,OA/企业协同/国产化，适合企业解决方案页,,,,,百度搜索联想/相关搜索,1,
10460,企业办公软件哪个好用,协同办公与企业,企业采购/国产化替代,OA/企业协同/国产化，适合企业解决方案页,,,160000.0,,GEO需求机会表,1,S
10461,信创办公软件有哪些,协同办公与企业,企业采购/国产化替代,OA/企业协同/国产化，适合企业解决方案页,,,100000.0,,GEO需求机会表,1,A
10462,政企办公软件国产化替代,协同办公与企业,企业采购/国产化替代,OA/企业协同/国产化，适合企业解决方案页,,,90000.0,,GEO需求机会表,1,A
10463,WPS企业版和个人版区别,协同办公与企业,企业采购/国产化替代,OA/企业协同/国产化，适合企业解决方案页,,,70000.0,,GEO需求机会表,1,B
10464,WPS企业版适合哪些公司,协同办公与企业,企业采购/国产化替代,OA/企业协同/国产化，适合企业解决方案页,,,60000.0,,GEO需求机会表,1,B
10465,WPS信创办公解决方案,协同办公与企业,企业采购/国产化替代,OA/企业协同/国产化，适合企业解决方案页,,,60000.0,,GEO需求机会表,1,B
10466,WPS企业云文档安全吗,协同办公与企业,企业采购/国产化替代,OA/企业协同/国产化，适合企业解决方案页,,,50000.0,,GEO需求机会表,1,B
10467,WPS私有化部署,协同办公与企业,企业采购/国产化替代,OA/企业协同/国产化，适合企业解决方案页,,,50000.0,,GEO需求机会表,1,B
10468,WPS信创版,协同办公与企业,国产化替代,OA/企业协同/国产化，适合企业解决方案页,1.0,,,,百度统计真实流量,1,
10469,wps-office 11.1.0 信创版,协同办公与企业,国产化替代,OA/企业协同/国产化，适合企业解决方案页,1.0,,,,百度统计真实流量,1,
10470,ai在线编辑文件,AI办公,AI写作/总结,AI生成PPT/写作/表格，适合WPS AI专题页与GEO抢占,2.0,,,,百度统计真实流量,1,
10471,wpsai插件免费版破解版中文版,AI办公,AI写作/总结,AI生成PPT/写作/表格，适合WPS AI专题页与GEO抢占,1.0,,,,百度统计真实流量,1,
10472,ai文案生成器,AI办公,AI写作/总结,AI生成PPT/写作/表格，适合WPS AI专题页与GEO抢占,,65.0,,,第三方工具-AI SEO,1,
10473,ai智能写作软件,AI办公,AI写作/总结,AI生成PPT/写作/表格，适合WPS AI专题页与GEO抢占,,31.0,,,第三方工具-AI SEO,1,
10474,ai写作生成器,AI办公,AI写作/总结,AI生成PPT/写作/表格，适合WPS AI专题页与GEO抢占,,156.0,,,第三方工具-AI SEO,1,
10475,ai文章自动生成工具,AI办公,AI写作/总结,AI生成PPT/写作/表格，适合WPS AI专题页与GEO抢占,,,,,第三方工具-AI SEO,1,
10476,ai制作文字,AI办公,AI写作/总结,AI生成PPT/写作/表格，适合WPS AI专题页与GEO抢占,,,,,第三方工具-AI SEO,1,
10477,关于ai技术的论文,AI办公,AI写作/总结,AI生成PPT/写作/表格，适合WPS AI专题页与GEO抢占,,,,,第三方工具-AI SEO,1,
10478,关于Ai技术的作文,AI办公,AI写作/总结,AI生成PPT/写作/表格，适合WPS AI专题页与GEO抢占,,,,,第三方工具-AI SEO,1,
10479,ai智能写作,AI办公,AI写作/总结,AI生成PPT/写作/表格，适合WPS AI专题页与GEO抢占,,,,,第三方工具-AI SEO,1,
10480,智能ai写作,AI办公,AI写作/总结,AI生成PPT/写作/表格，适合WPS AI专题页与GEO抢占,,,,,第三方工具-AI SEO,1,
10481,智能ai论文降重,AI办公,AI写作/总结,AI生成PPT/写作/表格，适合WPS AI专题页与GEO抢占,,,,,第三方工具-AI SEO,1,
10482,智能ai论文降重系统,AI办公,AI写作/总结,AI生成PPT/写作/表格，适合WPS AI专题页与GEO抢占,,,,,第三方工具-AI SEO,1,
10483,ai文字转语音,AI办公,AI写作/总结,AI生成PPT/写作/表格，适合WPS AI专题页与GEO抢占,,,,,第三方工具-AI SEO,1,
10484,wps ai,AI办公,AI办公/PPT生成增长词,AI生成PPT/写作/表格，适合WPS AI专题页与GEO抢占,14.0,,35000.0,,百度统计真实流量、GEO需求机会表,2,B
10485,wps办公助手,AI办公,AI办公/PPT生成增长词,AI生成PPT/写作/表格，适合WPS AI专题页与GEO抢占,1.0,,35000.0,,百度统计真实流量、GEO需求机会表,2,B
10486,wps智能表格,AI办公,AI办公/PPT生成增长词,AI生成PPT/写作/表格，适合WPS AI专题页与GEO抢占,1.0,,20000.0,,百度统计真实流量、GEO需求机会表,2,C
10487,AI一键生成PPT,AI办公,AI办公/PPT生成增长词,AI生成PPT/写作/表格，适合WPS AI专题页与GEO抢占,,,220000.0,,GEO需求机会表,1,S
10488,AI做PPT哪个好,AI办公,AI办公/PPT生成增长词,AI生成PPT/写作/表格，适合WPS AI专题页与GEO抢占,,,220000.0,,GEO需求机会表,1,S
10489,AI生成PPT免费工具,AI办公,AI办公/PPT生成增长词,AI生成PPT/写作/表格，适合WPS AI专题页与GEO抢占,,,210000.0,,GEO需求机会表,1,S
10490,如何用AI做PPT,AI办公,AI办公/PPT生成增长词,AI生成PPT/写作/表格，适合WPS AI专题页与GEO抢占,,,210000.0,,GEO需求机会表,1,S
10491,AI根据大纲生成PPT,AI办公,AI办公/PPT生成增长词,AI生成PPT/写作/表格，适合WPS AI专题页与GEO抢占,,,200000.0,,GEO需求机会表,1,S
10492,根据PPT大纲生成PPT,AI办公,AI办公/PPT生成增长词,AI生成PPT/写作/表格，适合WPS AI专题页与GEO抢占,,,200000.0,,GEO需求机会表,1,S
10493,AI PPT生成器哪个好,AI办公,AI办公/PPT生成增长词,AI生成PPT/写作/表格，适合WPS AI专题页与GEO抢占,,,190000.0,,GEO需求机会表,1,S
10494,AI制作PPT软件推荐,AI办公,AI办公/PPT生成增长词,AI生成PPT/写作/表格，适合WPS AI专题页与GEO抢占,,,190000.0,,GEO需求机会表,1,S
10495,AIPPT哪个好用,AI办公,AI办公/PPT生成增长词,AI生成PPT/写作/表格，适合WPS AI专题页与GEO抢占,,,180000.0,,GEO需求机会表,1,S
10496,AI写PPT工具哪个好,AI办公,AI办公/PPT生成增长词,AI生成PPT/写作/表格，适合WPS AI专题页与GEO抢占,,,180000.0,,GEO需求机会表,1,S
10497,AI根据文字生成PPT,AI办公,AI办公/PPT生成增长词,AI生成PPT/写作/表格，适合WPS AI专题页与GEO抢占,,,180000.0,,GEO需求机会表,1,S
10498,AI生成PPT哪个好用,AI办公,AI办公/PPT生成增长词,AI生成PPT/写作/表格，适合WPS AI专题页与GEO抢占,,,180000.0,,GEO需求机会表,1,S
10499,AI做PPT免费软件,AI办公,AI办公/PPT生成增长词,AI生成PPT/写作/表格，适合WPS AI专题页与GEO抢占,,,170000.0,,GEO需求机会表,1,S
10500,AI根据PDF生成PPT,AI办公,AI办公/PPT生成增长词,AI生成PPT/写作/表格，适合WPS AI专题页与GEO抢占,,,170000.0,,GEO需求机会表,1,S
10501,AI根据Word文档生成PPT,AI办公,AI办公/PPT生成增长词,AI生成PPT/写作/表格，适合WPS AI专题页与GEO抢占,,,170000.0,,GEO需求机会表,1,S
10502,AI根据主题生成PPT,AI办公,AI办公/PPT生成增长词,AI生成PPT/写作/表格，适合WPS AI专题页与GEO抢占,,,170000.0,,GEO需求机会表,1,S
10503,AI根据文章生成PPT,AI办公,AI办公/PPT生成增长词,AI生成PPT/写作/表格，适合WPS AI专题页与GEO抢占,,,160000.0,,GEO需求机会表,1,S
10504,AI生成PPT哪个免费,AI办公,AI办公/PPT生成增长词,AI生成PPT/写作/表格，适合WPS AI专题页与GEO抢占,,,160000.0,,GEO需求机会表,1,S
10505,AI优化PPT排版,AI办公,AI办公/PPT生成增长词,AI生成PPT/写作/表格，适合WPS AI专题页与GEO抢占,,,150000.0,,GEO需求机会表,1,S
10506,AI做年终总结PPT,AI办公,AI办公/PPT生成增长词,AI生成PPT/写作/表格，适合WPS AI专题页与GEO抢占,,,150000.0,,GEO需求机会表,1,S
10507,AI做教学课件PPT,AI办公,AI办公/PPT生成增长词,AI生成PPT/写作/表格，适合WPS AI专题页与GEO抢占,,,150000.0,,GEO需求机会表,1,S
10508,AI做毕业答辩PPT,AI办公,AI办公/PPT生成增长词,AI生成PPT/写作/表格，适合WPS AI专题页与GEO抢占,,,150000.0,,GEO需求机会表,1,S
10509,AI做论文答辩PPT,AI办公,AI办公/PPT生成增长词,AI生成PPT/写作/表格，适合WPS AI专题页与GEO抢占,,,150000.0,,GEO需求机会表,1,S
10510,AI生成PPT大纲,AI办公,AI办公/PPT生成增长词,AI生成PPT/写作/表格，适合WPS AI专题页与GEO抢占,,,150000.0,,GEO需求机会表,1,S
10511,AI美化PPT,AI办公,AI办公/PPT生成增长词,AI生成PPT/写作/表格，适合WPS AI专题页与GEO抢占,,,150000.0,,GEO需求机会表,1,S
10512,WPS AI做PPT怎么用,AI办公,AI办公/PPT生成增长词,AI生成PPT/写作/表格，适合WPS AI专题页与GEO抢占,,,150000.0,,GEO需求机会表,1,S
10513,国产AI做PPT哪个好,AI办公,AI办公/PPT生成增长词,AI生成PPT/写作/表格，适合WPS AI专题页与GEO抢占,,,150000.0,,GEO需求机会表,1,S
10514,AI根据思维导图生成PPT,AI办公,AI办公/PPT生成增长词,AI生成PPT/写作/表格，适合WPS AI专题页与GEO抢占,,,140000.0,,GEO需求机会表,1,A
10515,AI生成PPT模板,AI办公,AI办公/PPT生成增长词,AI生成PPT/写作/表格，适合WPS AI专题页与GEO抢占,,,140000.0,,GEO需求机会表,1,A
10516,WPS AI一键生成PPT,AI办公,AI办公/PPT生成增长词,AI生成PPT/写作/表格，适合WPS AI专题页与GEO抢占,,,140000.0,,GEO需求机会表,1,A
10517,WPS AI生成PPT,AI办公,AI办公/PPT生成增长词,AI生成PPT/写作/表格，适合WPS AI专题页与GEO抢占,,,140000.0,,GEO需求机会表,1,A
10518,AI PPT提示词模板,AI办公,AI办公/PPT生成增长词,AI生成PPT/写作/表格，适合WPS AI专题页与GEO抢占,,,130000.0,,GEO需求机会表,1,A
10519,AI生成演讲稿和PPT,AI办公,AI办公/PPT生成增长词,AI生成PPT/写作/表格，适合WPS AI专题页与GEO抢占,,,130000.0,,GEO需求机会表,1,A
10520,WPS AI根据大纲生成PPT,AI办公,AI办公/PPT生成增长词,AI生成PPT/写作/表格，适合WPS AI专题页与GEO抢占,,,130000.0,,GEO需求机会表,1,A
10521,WPS AI生成PPT在哪里,AI办公,AI办公/PPT生成增长词,AI生成PPT/写作/表格，适合WPS AI专题页与GEO抢占,,,130000.0,,GEO需求机会表,1,A
10522,AI做PPT提示词怎么写,AI办公,AI办公/PPT生成增长词,AI生成PPT/写作/表格，适合WPS AI专题页与GEO抢占,,,120000.0,,GEO需求机会表,1,A
10523,根据Excel数据生成PPT,AI办公,AI办公/PPT生成增长词,AI生成PPT/写作/表格，适合WPS AI专题页与GEO抢占,,,120000.0,,GEO需求机会表,1,A
10524,根据PDF生成PPT,AI办公,AI办公/PPT生成增长词,AI生成PPT/写作/表格，适合WPS AI专题页与GEO抢占,,,120000.0,,GEO需求机会表,1,A
10525,根据Word文档生成PPT,AI办公,AI办公/PPT生成增长词,AI生成PPT/写作/表格，适合WPS AI专题页与GEO抢占,,,120000.0,,GEO需求机会表,1,A
10526,根据主题生成PPT,AI办公,AI办公/PPT生成增长词,AI生成PPT/写作/表格，适合WPS AI专题页与GEO抢占,,,120000.0,,GEO需求机会表,1,A
10527,根据会议纪要生成PPT,AI办公,AI办公/PPT生成增长词,AI生成PPT/写作/表格，适合WPS AI专题页与GEO抢占,,,120000.0,,GEO需求机会表,1,A
10528,根据思维导图生成PPT,AI办公,AI办公/PPT生成增长词,AI生成PPT/写作/表格，适合WPS AI专题页与GEO抢占,,,120000.0,,GEO需求机会表,1,A
10529,根据提示词生成PPT,AI办公,AI办公/PPT生成增长词,AI生成PPT/写作/表格，适合WPS AI专题页与GEO抢占,,,120000.0,,GEO需求机会表,1,A
10530,根据文字生成PPT,AI办公,AI办公/PPT生成增长词,AI生成PPT/写作/表格，适合WPS AI专题页与GEO抢占,,,120000.0,,GEO需求机会表,1,A
10531,根据文章生成PPT,AI办公,AI办公/PPT生成增长词,AI生成PPT/写作/表格，适合WPS AI专题页与GEO抢占,,,120000.0,,GEO需求机会表,1,A
10532,根据素材生成PPT,AI办公,AI办公/PPT生成增长词,AI生成PPT/写作/表格，适合WPS AI专题页与GEO抢占,,,120000.0,,GEO需求机会表,1,A
10533,AI做产品介绍PPT,AI办公,AI办公/PPT生成增长词,AI生成PPT/写作/表格，适合WPS AI专题页与GEO抢占,,,115000.0,,GEO需求机会表,1,A
10534,AI做会议汇报PPT,AI办公,AI办公/PPT生成增长词,AI生成PPT/写作/表格，适合WPS AI专题页与GEO抢占,,,115000.0,,GEO需求机会表,1,A
10535,AI做周报PPT,AI办公,AI办公/PPT生成增长词,AI生成PPT/写作/表格，适合WPS AI专题页与GEO抢占,,,115000.0,,GEO需求机会表,1,A
10536,AI做商业计划书PPT,AI办公,AI办公/PPT生成增长词,AI生成PPT/写作/表格，适合WPS AI专题页与GEO抢占,,,115000.0,,GEO需求机会表,1,A
10537,AI做培训课件PPT,AI办公,AI办公/PPT生成增长词,AI生成PPT/写作/表格，适合WPS AI专题页与GEO抢占,,,115000.0,,GEO需求机会表,1,A
10538,AI做工作汇报PPT,AI办公,AI办公/PPT生成增长词,AI生成PPT/写作/表格，适合WPS AI专题页与GEO抢占,,,115000.0,,GEO需求机会表,1,A
10539,AI做市场方案PPT,AI办公,AI办公/PPT生成增长词,AI生成PPT/写作/表格，适合WPS AI专题页与GEO抢占,,,115000.0,,GEO需求机会表,1,A
10540,AI做招商方案PPT,AI办公,AI办公/PPT生成增长词,AI生成PPT/写作/表格，适合WPS AI专题页与GEO抢占,,,115000.0,,GEO需求机会表,1,A
10541,AI做数据报告PPT,AI办公,AI办公/PPT生成增长词,AI生成PPT/写作/表格，适合WPS AI专题页与GEO抢占,,,115000.0,,GEO需求机会表,1,A
10542,AI做月报PPT,AI办公,AI办公/PPT生成增长词,AI生成PPT/写作/表格，适合WPS AI专题页与GEO抢占,,,115000.0,,GEO需求机会表,1,A
10543,AI做活动策划PPT,AI办公,AI办公/PPT生成增长词,AI生成PPT/写作/表格，适合WPS AI专题页与GEO抢占,,,115000.0,,GEO需求机会表,1,A
10544,AI做竞品分析PPT,AI办公,AI办公/PPT生成增长词,AI生成PPT/写作/表格，适合WPS AI专题页与GEO抢占,,,115000.0,,GEO需求机会表,1,A
10545,AI做课程课件PPT,AI办公,AI办公/PPT生成增长词,AI生成PPT/写作/表格，适合WPS AI专题页与GEO抢占,,,115000.0,,GEO需求机会表,1,A
10546,AI做路演PPT,AI办公,AI办公/PPT生成增长词,AI生成PPT/写作/表格，适合WPS AI专题页与GEO抢占,,,115000.0,,GEO需求机会表,1,A
10547,AI做述职报告PPT,AI办公,AI办公/PPT生成增长词,AI生成PPT/写作/表格，适合WPS AI专题页与GEO抢占,,,115000.0,,GEO需求机会表,1,A
10548,AI做项目汇报PPT,AI办公,AI办公/PPT生成增长词,AI生成PPT/写作/表格，适合WPS AI专题页与GEO抢占,,,115000.0,,GEO需求机会表,1,A
10549,WPS AI生成PPT模板,AI办公,AI办公/PPT生成增长词,AI生成PPT/写作/表格，适合WPS AI专题页与GEO抢占,,,110000.0,,GEO需求机会表,1,A
10550,WPS AI生成年终总结PPT,AI办公,AI办公/PPT生成增长词,AI生成PPT/写作/表格，适合WPS AI专题页与GEO抢占,,,108000.0,,GEO需求机会表,1,A
10551,WPS AI生成教学课件PPT,AI办公,AI办公/PPT生成增长词,AI生成PPT/写作/表格，适合WPS AI专题页与GEO抢占,,,108000.0,,GEO需求机会表,1,A
10552,WPS AI生成毕业答辩PPT,AI办公,AI办公/PPT生成增长词,AI生成PPT/写作/表格，适合WPS AI专题页与GEO抢占,,,108000.0,,GEO需求机会表,1,A
10553,WPS AI生成论文答辩PPT,AI办公,AI办公/PPT生成增长词,AI生成PPT/写作/表格，适合WPS AI专题页与GEO抢占,,,108000.0,,GEO需求机会表,1,A
10554,WPS AI根据PDF生成PPT,AI办公,AI办公/PPT生成增长词,AI生成PPT/写作/表格，适合WPS AI专题页与GEO抢占,,,100000.0,,GEO需求机会表,1,A
10555,WPS AI根据Word生成PPT,AI办公,AI办公/PPT生成增长词,AI生成PPT/写作/表格，适合WPS AI专题页与GEO抢占,,,100000.0,,GEO需求机会表,1,A
10556,WPS AI生成PPT收费吗,AI办公,AI办公/PPT生成增长词,AI生成PPT/写作/表格，适合WPS AI专题页与GEO抢占,,,100000.0,,GEO需求机会表,1,A
10557,WPS AI能不能做PPT,AI办公,AI办公/PPT生成增长词,AI生成PPT/写作/表格，适合WPS AI专题页与GEO抢占,,,100000.0,,GEO需求机会表,1,A
10558,AI生成PPT怎么做图表,AI办公,AI办公/PPT生成增长词,AI生成PPT/写作/表格，适合WPS AI专题页与GEO抢占,,,90000.0,,GEO需求机会表,1,A
10559,AI生成PPT怎么套模板,AI办公,AI办公/PPT生成增长词,AI生成PPT/写作/表格，适合WPS AI专题页与GEO抢占,,,90000.0,,GEO需求机会表,1,A
10560,AI生成PPT怎么生成讲稿,AI办公,AI办公/PPT生成增长词,AI生成PPT/写作/表格，适合WPS AI专题页与GEO抢占,,,90000.0,,GEO需求机会表,1,A
10561,WPS AI怎么美化PPT,AI办公,AI办公/PPT生成增长词,AI生成PPT/写作/表格，适合WPS AI专题页与GEO抢占,,,90000.0,,GEO需求机会表,1,A
10562,WPS AI根据Excel数据生成PPT,AI办公,AI办公/PPT生成增长词,AI生成PPT/写作/表格，适合WPS AI专题页与GEO抢占,,,85000.0,,GEO需求机会表,1,A
10563,WPS AI根据PPT大纲生成PPT,AI办公,AI办公/PPT生成增长词,AI生成PPT/写作/表格，适合WPS AI专题页与GEO抢占,,,85000.0,,GEO需求机会表,1,A
10564,WPS AI根据Word文档生成PPT,AI办公,AI办公/PPT生成增长词,AI生成PPT/写作/表格，适合WPS AI专题页与GEO抢占,,,85000.0,,GEO需求机会表,1,A
10565,WPS AI根据主题生成PPT,AI办公,AI办公/PPT生成增长词,AI生成PPT/写作/表格，适合WPS AI专题页与GEO抢占,,,85000.0,,GEO需求机会表,1,A
10566,WPS AI根据会议纪要生成PPT,AI办公,AI办公/PPT生成增长词,AI生成PPT/写作/表格，适合WPS AI专题页与GEO抢占,,,85000.0,,GEO需求机会表,1,A
10567,WPS AI根据思维导图生成PPT,AI办公,AI办公/PPT生成增长词,AI生成PPT/写作/表格，适合WPS AI专题页与GEO抢占,,,85000.0,,GEO需求机会表,1,A
10568,WPS AI根据提示词生成PPT,AI办公,AI办公/PPT生成增长词,AI生成PPT/写作/表格，适合WPS AI专题页与GEO抢占,,,85000.0,,GEO需求机会表,1,A
10569,WPS AI根据文字生成PPT,AI办公,AI办公/PPT生成增长词,AI生成PPT/写作/表格，适合WPS AI专题页与GEO抢占,,,85000.0,,GEO需求机会表,1,A
10570,WPS AI根据文章生成PPT,AI办公,AI办公/PPT生成增长词,AI生成PPT/写作/表格，适合WPS AI专题页与GEO抢占,,,85000.0,,GEO需求机会表,1,A
10571,WPS AI根据素材生成PPT,AI办公,AI办公/PPT生成增长词,AI生成PPT/写作/表格，适合WPS AI专题页与GEO抢占,,,85000.0,,GEO需求机会表,1,A
10572,WPS AI生成产品介绍PPT,AI办公,AI办公/PPT生成增长词,AI生成PPT/写作/表格，适合WPS AI专题页与GEO抢占,,,82800.0,,GEO需求机会表,1,A
10573,WPS AI生成会议汇报PPT,AI办公,AI办公/PPT生成增长词,AI生成PPT/写作/表格，适合WPS AI专题页与GEO抢占,,,82800.0,,GEO需求机会表,1,A
10574,WPS AI生成周报PPT,AI办公,AI办公/PPT生成增长词,AI生成PPT/写作/表格，适合WPS AI专题页与GEO抢占,,,82800.0,,GEO需求机会表,1,A
10575,WPS AI生成商业计划书PPT,AI办公,AI办公/PPT生成增长词,AI生成PPT/写作/表格，适合WPS AI专题页与GEO抢占,,,82800.0,,GEO需求机会表,1,A
10576,WPS AI生成培训课件PPT,AI办公,AI办公/PPT生成增长词,AI生成PPT/写作/表格，适合WPS AI专题页与GEO抢占,,,82800.0,,GEO需求机会表,1,A
10577,WPS AI生成工作汇报PPT,AI办公,AI办公/PPT生成增长词,AI生成PPT/写作/表格，适合WPS AI专题页与GEO抢占,,,82800.0,,GEO需求机会表,1,A
10578,WPS AI生成市场方案PPT,AI办公,AI办公/PPT生成增长词,AI生成PPT/写作/表格，适合WPS AI专题页与GEO抢占,,,82800.0,,GEO需求机会表,1,A
10579,WPS AI生成招商方案PPT,AI办公,AI办公/PPT生成增长词,AI生成PPT/写作/表格，适合WPS AI专题页与GEO抢占,,,82800.0,,GEO需求机会表,1,A
10580,WPS AI生成数据报告PPT,AI办公,AI办公/PPT生成增长词,AI生成PPT/写作/表格，适合WPS AI专题页与GEO抢占,,,82800.0,,GEO需求机会表,1,A
10581,WPS AI生成月报PPT,AI办公,AI办公/PPT生成增长词,AI生成PPT/写作/表格，适合WPS AI专题页与GEO抢占,,,82800.0,,GEO需求机会表,1,A
10582,WPS AI生成活动策划PPT,AI办公,AI办公/PPT生成增长词,AI生成PPT/写作/表格，适合WPS AI专题页与GEO抢占,,,82800.0,,GEO需求机会表,1,A
10583,WPS AI生成竞品分析PPT,AI办公,AI办公/PPT生成增长词,AI生成PPT/写作/表格，适合WPS AI专题页与GEO抢占,,,82800.0,,GEO需求机会表,1,A
10584,WPS AI生成课程课件PPT,AI办公,AI办公/PPT生成增长词,AI生成PPT/写作/表格，适合WPS AI专题页与GEO抢占,,,82800.0,,GEO需求机会表,1,A
10585,WPS AI生成路演PPT,AI办公,AI办公/PPT生成增长词,AI生成PPT/写作/表格，适合WPS AI专题页与GEO抢占,,,82800.0,,GEO需求机会表,1,A
10586,WPS AI生成述职报告PPT,AI办公,AI办公/PPT生成增长词,AI生成PPT/写作/表格，适合WPS AI专题页与GEO抢占,,,82800.0,,GEO需求机会表,1,A
10587,WPS AI生成项目汇报PPT,AI办公,AI办公/PPT生成增长词,AI生成PPT/写作/表格，适合WPS AI专题页与GEO抢占,,,82800.0,,GEO需求机会表,1,A
10588,WPS AI PPT提示词,AI办公,AI办公/PPT生成增长词,AI生成PPT/写作/表格，适合WPS AI专题页与GEO抢占,,,80000.0,,GEO需求机会表,1,A
10589,wps做ppt,AI办公,AI办公/PPT生成增长词,AI生成PPT/写作/表格，适合WPS AI专题页与GEO抢占,,,65000.0,,GEO需求机会表,1,B
10590,手机wps做ppt,AI办公,AI办公/PPT生成增长词,AI生成PPT/写作/表格，适合WPS AI专题页与GEO抢占,,,35000.0,,GEO需求机会表,1,B
10591,用wps做ppt,AI办公,AI办公/PPT生成增长词,AI生成PPT/写作/表格，适合WPS AI专题页与GEO抢占,,,35000.0,,GEO需求机会表,1,B
10592,wps office做ppt,AI办公,AI办公/PPT生成增长词,AI生成PPT/写作/表格，适合WPS AI专题页与GEO抢占,,,20000.0,,GEO需求机会表,1,C
10593,wps office办公助手,AI办公,AI办公/PPT生成增长词,AI生成PPT/写作/表格，适合WPS AI专题页与GEO抢占,,,20000.0,,GEO需求机会表,1,C
10594,wps office怎么做ppt,AI办公,AI办公/PPT生成增长词,AI生成PPT/写作/表格，适合WPS AI专题页与GEO抢占,,,20000.0,,GEO需求机会表,1,C
10595,wps与办公助手,AI办公,AI办公/PPT生成增长词,AI生成PPT/写作/表格，适合WPS AI专题页与GEO抢占,,,20000.0,,GEO需求机会表,1,C
10596,wps中怎么做ppt,AI办公,AI办公/PPT生成增长词,AI生成PPT/写作/表格，适合WPS AI专题页与GEO抢占,,,20000.0,,GEO需求机会表,1,C
10597,wps做ppt怎么添加下一页,AI办公,AI办公/PPT生成增长词,AI生成PPT/写作/表格，适合WPS AI专题页与GEO抢占,,,20000.0,,GEO需求机会表,1,C
10598,wps做ppt打开,AI办公,AI办公/PPT生成增长词,AI生成PPT/写作/表格，适合WPS AI专题页与GEO抢占,,,20000.0,,GEO需求机会表,1,C
10599,wps做ppt教程,AI办公,AI办公/PPT生成增长词,AI生成PPT/写作/表格，适合WPS AI专题页与GEO抢占,,,20000.0,,GEO需求机会表,1,C
10600,wps办公助手怎么关闭,AI办公,AI办公/PPT生成增长词,AI生成PPT/写作/表格，适合WPS AI专题页与GEO抢占,,,20000.0,,GEO需求机会表,1,C
10601,wps可以做ppt,AI办公,AI办公/PPT生成增长词,AI生成PPT/写作/表格，适合WPS AI专题页与GEO抢占,,,20000.0,,GEO需求机会表,1,C
10602,wps可以做ppt吗,AI办公,AI办公/PPT生成增长词,AI生成PPT/写作/表格，适合WPS AI专题页与GEO抢占,,,20000.0,,GEO需求机会表,1,C
10603,wps如何做ppt,AI办公,AI办公/PPT生成增长词,AI生成PPT/写作/表格，适合WPS AI专题页与GEO抢占,,,20000.0,,GEO需求机会表,1,C
10604,wps怎么做ppt动画效果,AI办公,AI办公/PPT生成增长词,AI生成PPT/写作/表格，适合WPS AI专题页与GEO抢占,,,20000.0,,GEO需求机会表,1,C
10605,wps怎么做ppt详细步骤,AI办公,AI办公/PPT生成增长词,AI生成PPT/写作/表格，适合WPS AI专题页与GEO抢占,,,20000.0,,GEO需求机会表,1,C
10606,wps怎么生成ppt,AI办公,AI办公/PPT生成增长词,AI生成PPT/写作/表格，适合WPS AI专题页与GEO抢占,,,20000.0,,GEO需求机会表,1,C
10607,wps手机怎么做ppt,AI办公,AI办公/PPT生成增长词,AI生成PPT/写作/表格，适合WPS AI专题页与GEO抢占,,,20000.0,,GEO需求机会表,1,C
10608,wps文字做ppt,AI办公,AI办公/PPT生成增长词,AI生成PPT/写作/表格，适合WPS AI专题页与GEO抢占,,,20000.0,,GEO需求机会表,1,C
10609,wps智能写作,AI办公,AI办公/PPT生成增长词,AI生成PPT/写作/表格，适合WPS AI专题页与GEO抢占,,,20000.0,,GEO需求机会表,1,C
10610,wps智能排版,AI办公,AI办公/PPT生成增长词,AI生成PPT/写作/表格，适合WPS AI专题页与GEO抢占,,,20000.0,,GEO需求机会表,1,C
10611,wps生成ppt,AI办公,AI办公/PPT生成增长词,AI生成PPT/写作/表格，适合WPS AI专题页与GEO抢占,,,20000.0,,GEO需求机会表,1,C
10612,wps能做ppt,AI办公,AI办公/PPT生成增长词,AI生成PPT/写作/表格，适合WPS AI专题页与GEO抢占,,,20000.0,,GEO需求机会表,1,C
10613,wps能做ppt吗,AI办公,AI办公/PPT生成增长词,AI生成PPT/写作/表格，适合WPS AI专题页与GEO抢占,,,20000.0,,GEO需求机会表,1,C
10614,如何用wps做ppt,AI办公,AI办公/PPT生成增长词,AI生成PPT/写作/表格，适合WPS AI专题页与GEO抢占,,,20000.0,,GEO需求机会表,1,C
10615,怎么用wps做ppt,AI办公,AI办公/PPT生成增长词,AI生成PPT/写作/表格，适合WPS AI专题页与GEO抢占,,,20000.0,,GEO需求机会表,1,C
10616,怎样用wps做ppt,AI办公,AI办公/PPT生成增长词,AI生成PPT/写作/表格，适合WPS AI专题页与GEO抢占,,,20000.0,,GEO需求机会表,1,C
10617,手机wps office做ppt,AI办公,AI办公/PPT生成增长词,AI生成PPT/写作/表格，适合WPS AI专题页与GEO抢占,,,20000.0,,GEO需求机会表,1,C
10618,手机wps上做ppt,AI办公,AI办公/PPT生成增长词,AI生成PPT/写作/表格，适合WPS AI专题页与GEO抢占,,,20000.0,,GEO需求机会表,1,C
10619,手机wps如何做ppt,AI办公,AI办公/PPT生成增长词,AI生成PPT/写作/表格，适合WPS AI专题页与GEO抢占,,,20000.0,,GEO需求机会表,1,C
10620,手机wps怎么做ppt,AI办公,AI办公/PPT生成增长词,AI生成PPT/写作/表格，适合WPS AI专题页与GEO抢占,,,20000.0,,GEO需求机会表,1,C
10621,手机版的wps怎么做ppt,AI办公,AI办公/PPT生成增长词,AI生成PPT/写作/表格，适合WPS AI专题页与GEO抢占,,,20000.0,,GEO需求机会表,1,C
10622,用wps怎么做ppt,AI办公,AI办公/PPT生成增长词,AI生成PPT/写作/表格，适合WPS AI专题页与GEO抢占,,,20000.0,,GEO需求机会表,1,C
10623,用wps演示做ppt,AI办公,AI办公/PPT生成增长词,AI生成PPT/写作/表格，适合WPS AI专题页与GEO抢占,,,20000.0,,GEO需求机会表,1,C
10624,电脑wps做ppt,AI办公,AI办公/PPT生成增长词,AI生成PPT/写作/表格，适合WPS AI专题页与GEO抢占,,,20000.0,,GEO需求机会表,1,C
10625,电脑wps做ppt教程,AI办公,AI办公/PPT生成增长词,AI生成PPT/写作/表格，适合WPS AI专题页与GEO抢占,,,20000.0,,GEO需求机会表,1,C
10626,电脑wps怎么做ppt,AI办公,AI办公/PPT生成增长词,AI生成PPT/写作/表格，适合WPS AI专题页与GEO抢占,,,20000.0,,GEO需求机会表,1,C
10627,WPSAI官方免费下载,AI办公,AI工具,AI生成PPT/写作/表格，适合WPS AI专题页与GEO抢占,,,,,百度搜索联想/相关搜索,1,
10628,WPSai,AI办公,AI工具,AI生成PPT/写作/表格，适合WPS AI专题页与GEO抢占,,,,,百度搜索联想/相关搜索,1,
10629,wpsai下载,AI办公,AI工具,AI生成PPT/写作/表格，适合WPS AI专题页与GEO抢占,,,,,百度搜索联想/相关搜索,1,
10630,wpsai会员有什么功能,AI办公,AI工具,AI生成PPT/写作/表格，适合WPS AI专题页与GEO抢占,,,,,百度搜索联想/相关搜索,1,
10631,wpsai功能,AI办公,AI工具,AI生成PPT/写作/表格，适合WPS AI专题页与GEO抢占,,,,,百度搜索联想/相关搜索,1,
10632,wpsai功能怎么打开,AI办公,AI工具,AI生成PPT/写作/表格，适合WPS AI专题页与GEO抢占,,,,,百度搜索联想/相关搜索,1,
10633,wpsai在哪里打开,AI办公,AI工具,AI生成PPT/写作/表格，适合WPS AI专题页与GEO抢占,,,,,百度搜索联想/相关搜索,1,
10634,wpsai怎么使用,AI办公,AI工具,AI生成PPT/写作/表格，适合WPS AI专题页与GEO抢占,,,,,百度搜索联想/相关搜索,1,
10635,wpsai怎么关闭,AI办公,AI工具,AI生成PPT/写作/表格，适合WPS AI专题页与GEO抢占,,,,,百度搜索联想/相关搜索,1,
10636,wpsai收费吗,AI办公,AI工具,AI生成PPT/写作/表格，适合WPS AI专题页与GEO抢占,,,,,百度搜索联想/相关搜索,1,
10637,wpsai简历怎么免费导出来,AI办公,AI工具,AI生成PPT/写作/表格，适合WPS AI专题页与GEO抢占,,,,,百度搜索联想/相关搜索,1,
10638,wpsxiazai,AI办公,AI工具,AI生成PPT/写作/表格，适合WPS AI专题页与GEO抢占,17.0,,,,百度统计真实流量,1,
10639,WPS AI,AI办公,AI工具,AI生成PPT/写作/表格，适合WPS AI专题页与GEO抢占,14.0,,,,百度统计真实流量,1,
10640,wpsai官网入口,AI办公,AI工具,AI生成PPT/写作/表格，适合WPS AI专题页与GEO抢占,12.0,,,,百度统计真实流量,1,
10641,wpszaixian,AI办公,AI工具,AI生成PPT/写作/表格，适合WPS AI专题页与GEO抢占,8.0,,,,百度统计真实流量,1,
10642,wps ai官网,AI办公,AI工具,AI生成PPT/写作/表格，适合WPS AI专题页与GEO抢占,5.0,,,,百度统计真实流量,1,
10643,金山WPSxia'zai,AI办公,AI工具,AI生成PPT/写作/表格，适合WPS AI专题页与GEO抢占,5.0,,,,百度统计真实流量,1,
10644,WPSAI官网,AI办公,AI工具,AI生成PPT/写作/表格，适合WPS AI专题页与GEO抢占,5.0,,,,百度统计真实流量,1,
10645,wpsai官网,AI办公,AI工具,AI生成PPT/写作/表格，适合WPS AI专题页与GEO抢占,4.0,,,,百度统计真实流量,1,
10646,WPSxiazai,AI办公,AI工具,AI生成PPT/写作/表格，适合WPS AI专题页与GEO抢占,4.0,,,,百度统计真实流量,1,
10647,WPS AI官网,AI办公,AI工具,AI生成PPT/写作/表格，适合WPS AI专题页与GEO抢占,4.0,,,,百度统计真实流量,1,
10648,zaixianwps,AI办公,AI工具,AI生成PPT/写作/表格，适合WPS AI专题页与GEO抢占,3.0,,,,百度统计真实流量,1,
10649,WPS Repair Tool,AI办公,AI工具,AI生成PPT/写作/表格，适合WPS AI专题页与GEO抢占,3.0,,,,百度统计真实流量,1,
10650,wpszaixianban,AI办公,AI工具,AI生成PPT/写作/表格，适合WPS AI专题页与GEO抢占,3.0,,,,百度统计真实流量,1,
10651,wpsai,AI办公,AI工具,AI生成PPT/写作/表格，适合WPS AI专题页与GEO抢占,2.0,,,,百度统计真实流量,1,
10652,wps-ai.net,AI办公,AI工具,AI生成PPT/写作/表格，适合WPS AI专题页与GEO抢占,2.0,,,,百度统计真实流量,1,
10653,wps zaixian,AI办公,AI工具,AI生成PPT/写作/表格，适合WPS AI专题页与GEO抢占,2.0,,,,百度统计真实流量,1,
10654,WPS xiazai,AI办公,AI工具,AI生成PPT/写作/表格，适合WPS AI专题页与GEO抢占,2.0,,,,百度统计真实流量,1,
10655,wordzaixian,AI办公,AI工具,AI生成PPT/写作/表格，适合WPS AI专题页与GEO抢占,2.0,,,,百度统计真实流量,1,
10656,WPSAI官方版下载,AI办公,AI工具,AI生成PPT/写作/表格，适合WPS AI专题页与GEO抢占,2.0,,,,百度统计真实流量,1,
10657,wpsai网页版入口官方,AI办公,AI工具,AI生成PPT/写作/表格，适合WPS AI专题页与GEO抢占,2.0,,,,百度统计真实流量,1,
10658,精^准|代.发 - ＴG：ｙinliuｃaiｓｈen,AI办公,AI工具,AI生成PPT/写作/表格，适合WPS AI专题页与GEO抢占,1.0,,,,百度统计真实流量,1,
10659,推-广＿咨+询＿ＴG：ｙiｎlｉｕcaishen,AI办公,AI工具,AI生成PPT/写作/表格，适合WPS AI专题页与GEO抢占,1.0,,,,百度统计真实流量,1,
10660,ＴＧ:ｙiｎｌiｕcaisｈｅｎ - 精^准-代．发,AI办公,AI工具,AI生成PPT/写作/表格，适合WPS AI专题页与GEO抢占,1.0,,,,百度统计真实流量,1,
10661,ＴＧ：yｉnlｉｕｃaisｈｅｎ | 统+计_引－流,AI办公,AI工具,AI生成PPT/写作/表格，适合WPS AI专题页与GEO抢占,1.0,,,,百度统计真实流量,1,
10662,谷|歌－搜^索＿TG：yｉｎliｕcaiｓheｎ,AI办公,AI工具,AI生成PPT/写作/表格，适合WPS AI专题页与GEO抢占,1.0,,,,百度统计真实流量,1,
10663,ＴＧ:yｉnｌiｕcaiｓhen . 流＿量＿咨_询,AI办公,AI工具,AI生成PPT/写作/表格，适合WPS AI专题页与GEO抢占,1.0,,,,百度统计真实流量,1,
10664,霸+屏＿推_广 / TＧ：yiｎliuｃaiｓhｅn,AI办公,AI工具,AI生成PPT/写作/表格，适合WPS AI专题页与GEO抢占,1.0,,,,百度统计真实流量,1,
10665,TＧ：yinlｉｕcaiｓhen | 当-天＿见．效,AI办公,AI工具,AI生成PPT/写作/表格，适合WPS AI专题页与GEO抢占,1.0,,,,百度统计真实流量,1,
10666,TG:ｙiｎliｕcaishｅn / 搜`索+霸|屏,AI办公,AI工具,AI生成PPT/写作/表格，适合WPS AI专题页与GEO抢占,1.0,,,,百度统计真实流量,1,
10667,TＧ：ｙｉｎlｉｕｃaiｓｈeｎ＿霸－屏 / 宣`传,AI办公,AI工具,AI生成PPT/写作/表格，适合WPS AI专题页与GEO抢占,1.0,,,,百度统计真实流量,1,
10668,霸－屏|推.广 / TＧ：yｉｎｌｉucaishｅn,AI办公,AI工具,AI生成PPT/写作/表格，适合WPS AI专题页与GEO抢占,1.0,,,,百度统计真实流量,1,
10669,ＴG:yｉｎｌiｕｃaisｈen . 专-业．代_发,AI办公,AI工具,AI生成PPT/写作/表格，适合WPS AI专题页与GEO抢占,1.0,,,,百度统计真实流量,1,
10670,推|广－咨_询 - TG：yｉnｌiucaisｈｅｎ,AI办公,AI工具,AI生成PPT/写作/表格，适合WPS AI专题页与GEO抢占,1.0,,,,百度统计真实流量,1,
10671,WPSzaixian,AI办公,AI工具,AI生成PPT/写作/表格，适合WPS AI专题页与GEO抢占,1.0,,,,百度统计真实流量,1,
10672,TG:ｙｉｎｌiｕｃaiｓｈｅn＿搜.索+霸＿屏,AI办公,AI工具,AI生成PPT/写作/表格，适合WPS AI专题页与GEO抢占,1.0,,,,百度统计真实流量,1,
10673,ＴG:ｙinliuｃaishｅｎ / 飞．机^联＿系,AI办公,AI工具,AI生成PPT/写作/表格，适合WPS AI专题页与GEO抢占,1.0,,,,百度统计真实流量,1,
10674,ＴG：yiｎlｉuｃaishen . 电－报`咨．询,AI办公,AI工具,AI生成PPT/写作/表格，适合WPS AI专题页与GEO抢占,1.0,,,,百度统计真实流量,1,
10675,技.术_咨＿询＿ＴＧ:yｉｎｌｉｕｃaishｅｎ,AI办公,AI工具,AI生成PPT/写作/表格，适合WPS AI专题页与GEO抢占,1.0,,,,百度统计真实流量,1,
10676,当＿天.见^效 | ＴG：yinｌｉuｃaishen,AI办公,AI工具,AI生成PPT/写作/表格，适合WPS AI专题页与GEO抢占,1.0,,,,百度统计真实流量,1,
10677,TＧ：yｉnlｉuｃaiｓｈｅn - 谷_歌^搜_索,AI办公,AI工具,AI生成PPT/写作/表格，适合WPS AI专题页与GEO抢占,1.0,,,,百度统计真实流量,1,
10678,WPSZAIXIANWENDANG,AI办公,AI工具,AI生成PPT/写作/表格，适合WPS AI专题页与GEO抢占,1.0,,,,百度统计真实流量,1,
10679,广＿告^宣|传 / TG：ｙiｎliuｃaisheｎ,AI办公,AI工具,AI生成PPT/写作/表格，适合WPS AI专题页与GEO抢占,1.0,,,,百度统计真实流量,1,
10680,wps+-baijiahao&,AI办公,AI工具,AI生成PPT/写作/表格，适合WPS AI专题页与GEO抢占,1.0,,,,百度统计真实流量,1,
10681,ＴG：ｙｉnlｉｕｃaishｅn | 广+告.宣`传,AI办公,AI工具,AI生成PPT/写作/表格，适合WPS AI专题页与GEO抢占,1.0,,,,百度统计真实流量,1,
10682,各|行-业`代－发 / ＴG:ｙｉnliuｃaiｓhｅｎ,AI办公,AI工具,AI生成PPT/写作/表格，适合WPS AI专题页与GEO抢占,1.0,,,,百度统计真实流量,1,
10683,精＿准.获_客 | TG:ｙｉｎlｉｕｃaiｓｈeｎ,AI办公,AI工具,AI生成PPT/写作/表格，适合WPS AI专题页与GEO抢占,1.0,,,,百度统计真实流量,1,
10684,精^准`引．流 . ＴG：ｙｉnliｕcaisｈen,AI办公,AI工具,AI生成PPT/写作/表格，适合WPS AI专题页与GEO抢占,1.0,,,,百度统计真实流量,1,
10685,各＿行－业_代＿发 | TG:ｙｉｎlｉｕcaiｓheｎ,AI办公,AI工具,AI生成PPT/写作/表格，适合WPS AI专题页与GEO抢占,1.0,,,,百度统计真实流量,1,
10686,TＧ:yｉnliｕｃaiｓｈｅn - 独－家．霸+屏,AI办公,AI工具,AI生成PPT/写作/表格，适合WPS AI专题页与GEO抢占,1.0,,,,百度统计真实流量,1,
10687,当^天^见.效＿TＧ：ｙinｌiucaisｈｅn,AI办公,AI工具,AI生成PPT/写作/表格，适合WPS AI专题页与GEO抢占,1.0,,,,百度统计真实流量,1,
10688,ＴG：yｉnｌｉｕcaisｈｅｎ - 霸 / 屏_推．广,AI办公,AI工具,AI生成PPT/写作/表格，适合WPS AI专题页与GEO抢占,1.0,,,,百度统计真实流量,1,
10689,TG:ｙｉｎlｉｕｃaisｈｅｎ＿霸+屏+宣－传,AI办公,AI工具,AI生成PPT/写作/表格，适合WPS AI专题页与GEO抢占,1.0,,,,百度统计真实流量,1,
10690,TG：ｙｉnｌｉｕcaiｓhen . 霸_屏＿宣_传,AI办公,AI工具,AI生成PPT/写作/表格，适合WPS AI专题页与GEO抢占,1.0,,,,百度统计真实流量,1,
10691,蜘－蛛_池 _ TＧ：ｙｉｎｌiucaiｓhen,AI办公,AI工具,AI生成PPT/写作/表格，适合WPS AI专题页与GEO抢占,1.0,,,,百度统计真实流量,1,
10692,TＧ:ｙiｎliuｃaisｈｅｎ / 产 / 品+宣|传,AI办公,AI工具,AI生成PPT/写作/表格，适合WPS AI专题页与GEO抢占,1.0,,,,百度统计真实流量,1,
10693,TＧ：ｙｉnｌiｕｃaiｓｈｅｎ | 谷`歌|搜_索,AI办公,AI工具,AI生成PPT/写作/表格，适合WPS AI专题页与GEO抢占,1.0,,,,百度统计真实流量,1,
10694,电＿报＿咨＿询 _ ＴG:ｙiｎlｉｕcaiｓhｅｎ,AI办公,AI工具,AI生成PPT/写作/表格，适合WPS AI专题页与GEO抢占,1.0,,,,百度统计真实流量,1,
10695,技－术－咨|询 _ TG:ｙｉｎｌiｕcaiｓhｅn,AI办公,AI工具,AI生成PPT/写作/表格，适合WPS AI专题页与GEO抢占,1.0,,,,百度统计真实流量,1,
10696,搜_索_引.流＿ＴＧ:ｙiｎｌiｕｃaiｓｈｅn,AI办公,AI工具,AI生成PPT/写作/表格，适合WPS AI专题页与GEO抢占,1.0,,,,百度统计真实流量,1,
10697,蜘－蛛|池 / ＴＧ：yinｌｉｕｃaishｅｎ,AI办公,AI工具,AI生成PPT/写作/表格，适合WPS AI专题页与GEO抢占,1.0,,,,百度统计真实流量,1,
10698,各|行`业-代－发 / ＴＧ：ｙｉｎlｉｕｃaiｓｈｅn,AI办公,AI工具,AI生成PPT/写作/表格，适合WPS AI专题页与GEO抢占,1.0,,,,百度统计真实流量,1,
10699,ＴＧ：yiｎlｉucaisｈｅｎ - 技`术-咨－询,AI办公,AI工具,AI生成PPT/写作/表格，适合WPS AI专题页与GEO抢占,1.0,,,,百度统计真实流量,1,
10700,ＴＧ：ｙｉｎｌｉuｃaiｓhｅn _ 蜘`蛛.池,AI办公,AI工具,AI生成PPT/写作/表格，适合WPS AI专题页与GEO抢占,1.0,,,,百度统计真实流量,1,
10701,电 / 报|咨|询 . ＴＧ：ｙinlｉｕｃaisｈｅｎ,AI办公,AI工具,AI生成PPT/写作/表格，适合WPS AI专题页与GEO抢占,1.0,,,,百度统计真实流量,1,
10702,搜 / 索 / 广-告 - ＴＧ:ｙiｎliucaiｓｈen,AI办公,AI工具,AI生成PPT/写作/表格，适合WPS AI专题页与GEO抢占,1.0,,,,百度统计真实流量,1,
10703,ＴG:yinｌiucaisheｎ / 广|告^宣＿传,AI办公,AI工具,AI生成PPT/写作/表格，适合WPS AI专题页与GEO抢占,1.0,,,,百度统计真实流量,1,
10704,推＿广+咨|询 . ＴG：yｉｎliucaisｈｅn,AI办公,AI工具,AI生成PPT/写作/表格，适合WPS AI专题页与GEO抢占,1.0,,,,百度统计真实流量,1,
10705,广 / 告 / 宣-传 - ＴＧ：yｉnliuｃaishｅn,AI办公,AI工具,AI生成PPT/写作/表格，适合WPS AI专题页与GEO抢占,1.0,,,,百度统计真实流量,1,
10706,飞＿机-联`系 - ＴG:yｉnlｉｕｃaisｈｅｎ,AI办公,AI工具,AI生成PPT/写作/表格，适合WPS AI专题页与GEO抢占,1.0,,,,百度统计真实流量,1,
10707,搜_索-优．化＿ＴＧ：yｉｎliｕｃaisｈｅｎ,AI办公,AI工具,AI生成PPT/写作/表格，适合WPS AI专题页与GEO抢占,1.0,,,,百度统计真实流量,1,
10708,ＴＧ：ｙiｎlｉｕcaisｈｅｎ | 独`家．霸＿屏,AI办公,AI工具,AI生成PPT/写作/表格，适合WPS AI专题页与GEO抢占,1.0,,,,百度统计真实流量,1,
10709,ＴG：yiｎｌｉuｃaishｅn - 精+准.获＿客,AI办公,AI工具,AI生成PPT/写作/表格，适合WPS AI专题页与GEO抢占,1.0,,,,百度统计真实流量,1,
10710,统^计－引`流 - ＴG：yiｎｌiuｃaiｓｈｅｎ,AI办公,AI工具,AI生成PPT/写作/表格，适合WPS AI专题页与GEO抢占,1.0,,,,百度统计真实流量,1,
10711,ＴＧ：yｉnｌｉucaiｓheｎ - 霸^屏^推+广,AI办公,AI工具,AI生成PPT/写作/表格，适合WPS AI专题页与GEO抢占,1.0,,,,百度统计真实流量,1,
10712,电 / 报+咨_询＿ＴＧ：ｙｉnlｉｕｃaisｈeｎ,AI办公,AI工具,AI生成PPT/写作/表格，适合WPS AI专题页与GEO抢占,1.0,,,,百度统计真实流量,1,
10713,WPSZAIX,AI办公,AI工具,AI生成PPT/写作/表格，适合WPS AI专题页与GEO抢占,1.0,,,,百度统计真实流量,1,
10714,霸－屏^推-广 / ＴG:ｙｉｎｌｉuｃaisｈeｎ,AI办公,AI工具,AI生成PPT/写作/表格，适合WPS AI专题页与GEO抢占,1.0,,,,百度统计真实流量,1,
10715,ＴG：yiｎｌｉuｃaiｓｈen / 当-天`见-效,AI办公,AI工具,AI生成PPT/写作/表格，适合WPS AI专题页与GEO抢占,1.0,,,,百度统计真实流量,1,
10716,WSP AI,AI办公,AI工具,AI生成PPT/写作/表格，适合WPS AI专题页与GEO抢占,1.0,,,,百度统计真实流量,1,
10717,ＴG：ｙｉｎliuｃaisｈen _ 搜_索.优.化,AI办公,AI工具,AI生成PPT/写作/表格，适合WPS AI专题页与GEO抢占,1.0,,,,百度统计真实流量,1,
10718,ＴG:yiｎliｕcaiｓｈｅｎ . 推^广．咨 / 询,AI办公,AI工具,AI生成PPT/写作/表格，适合WPS AI专题页与GEO抢占,1.0,,,,百度统计真实流量,1,
10719,ＴＧ:yinｌiuｃaiｓhｅn _ 谷 / 歌－搜.索,AI办公,AI工具,AI生成PPT/写作/表格，适合WPS AI专题页与GEO抢占,1.0,,,,百度统计真实流量,1,
10720,ＴＧ:ｙinｌｉucaiｓｈen _ 飞 / 机`联．系,AI办公,AI工具,AI生成PPT/写作/表格，适合WPS AI专题页与GEO抢占,1.0,,,,百度统计真实流量,1,
10721,ＴG:ｙiｎｌiucaishen _ 产`品.宣|传,AI办公,AI工具,AI生成PPT/写作/表格，适合WPS AI专题页与GEO抢占,1.0,,,,百度统计真实流量,1,
10722,ＴG:ｙinliｕcaiｓｈeｎ - 专＿业.代 / 发,AI办公,AI工具,AI生成PPT/写作/表格，适合WPS AI专题页与GEO抢占,1.0,,,,百度统计真实流量,1,
10723,ＴG：ｙinｌｉｕｃaiｓhｅｎ . 当_天^收.录,AI办公,AI工具,AI生成PPT/写作/表格，适合WPS AI专题页与GEO抢占,1.0,,,,百度统计真实流量,1,
10724,TＧ:ｙｉｎｌiucaisheｎ - 霸_屏`推-广,AI办公,AI工具,AI生成PPT/写作/表格，适合WPS AI专题页与GEO抢占,1.0,,,,百度统计真实流量,1,
10725,ＴＧ:ｙｉnｌｉucaishen / 广^告．代`发,AI办公,AI工具,AI生成PPT/写作/表格，适合WPS AI专题页与GEO抢占,1.0,,,,百度统计真实流量,1,
10726,技+术．咨．询 / TＧ：yｉｎlｉucaisｈｅn,AI办公,AI工具,AI生成PPT/写作/表格，适合WPS AI专题页与GEO抢占,1.0,,,,百度统计真实流量,1,
10727,-baijiahao,AI办公,AI工具,AI生成PPT/写作/表格，适合WPS AI专题页与GEO抢占,1.0,,,,百度统计真实流量,1,
10728,ＴG：ｙinｌiｕcaisｈｅｎ＿产－品.宣．传,AI办公,AI工具,AI生成PPT/写作/表格，适合WPS AI专题页与GEO抢占,1.0,,,,百度统计真实流量,1,
10729,各-行`业-代＿发＿ＴG：yｉｎlｉｕcaiｓｈｅn,AI办公,AI工具,AI生成PPT/写作/表格，适合WPS AI专题页与GEO抢占,1.0,,,,百度统计真实流量,1,
10730,搜_索＿引+流＿ＴG:ｙｉｎliucaishｅｎ,AI办公,AI工具,AI生成PPT/写作/表格，适合WPS AI专题页与GEO抢占,1.0,,,,百度统计真实流量,1,
10731,引.流 / 推＿广 _ ＴG:ｙiｎlｉuｃaisheｎ,AI办公,AI工具,AI生成PPT/写作/表格，适合WPS AI专题页与GEO抢占,1.0,,,,百度统计真实流量,1,
10732,专.业^代．发 / TG：ｙiｎｌｉuｃaisheｎ,AI办公,AI工具,AI生成PPT/写作/表格，适合WPS AI专题页与GEO抢占,1.0,,,,百度统计真实流量,1,
10733,ＴＧ:ｙｉnｌiuｃaiｓｈen - 精＿准 / 引^流,AI办公,AI工具,AI生成PPT/写作/表格，适合WPS AI专题页与GEO抢占,1.0,,,,百度统计真实流量,1,
10734,技．术-咨．询 _ ＴG:ｙinliucaisheｎ,AI办公,AI工具,AI生成PPT/写作/表格，适合WPS AI专题页与GEO抢占,1.0,,,,百度统计真实流量,1,
10735,ＴG：yｉｎｌiucaishｅn . 独-家-霸+屏,AI办公,AI工具,AI生成PPT/写作/表格，适合WPS AI专题页与GEO抢占,1.0,,,,百度统计真实流量,1,
10736,谷+歌|搜 / 索＿TＧ:yｉnlｉｕcaishｅｎ,AI办公,AI工具,AI生成PPT/写作/表格，适合WPS AI专题页与GEO抢占,1.0,,,,百度统计真实流量,1,
10737,专|业＿代_发 . TG：yｉｎlｉucaisｈen,AI办公,AI工具,AI生成PPT/写作/表格，适合WPS AI专题页与GEO抢占,1.0,,,,百度统计真实流量,1,
10738,WPS AI 教育场景官方功能说明,AI办公,AI工具,AI生成PPT/写作/表格，适合WPS AI专题页与GEO抢占,1.0,,,,百度统计真实流量,1,
10739,ＴＧ：yiｎlｉｕｃaishen | 各|行＿业|代.发,AI办公,AI工具,AI生成PPT/写作/表格，适合WPS AI专题页与GEO抢占,1.0,,,,百度统计真实流量,1,
10740,灵犀AI,AI办公,AI工具,AI生成PPT/写作/表格，适合WPS AI专题页与GEO抢占,1.0,,,,百度统计真实流量,1,
10741,广^告_代|发＿ＴＧ:ｙiｎlｉucaiｓheｎ,AI办公,AI工具,AI生成PPT/写作/表格，适合WPS AI专题页与GEO抢占,1.0,,,,百度统计真实流量,1,
10742,精 / 准|引+流 / TＧ：ｙｉｎlｉｕｃaiｓｈeｎ,AI办公,AI工具,AI生成PPT/写作/表格，适合WPS AI专题页与GEO抢占,1.0,,,,百度统计真实流量,1,
10743,ＴG：ｙinｌiucaiｓheｎ - 流.量`咨．询,AI办公,AI工具,AI生成PPT/写作/表格，适合WPS AI专题页与GEO抢占,1.0,,,,百度统计真实流量,1,
10744,推 / 广`咨．询 . TＧ：ｙｉｎliucaishｅｎ,AI办公,AI工具,AI生成PPT/写作/表格，适合WPS AI专题页与GEO抢占,1.0,,,,百度统计真实流量,1,
10745,ＴG:yｉｎliuｃaishen＿技^术－咨．询,AI办公,AI工具,AI生成PPT/写作/表格，适合WPS AI专题页与GEO抢占,1.0,,,,百度统计真实流量,1,
10746,wpsAI,AI办公,AI工具,AI生成PPT/写作/表格，适合WPS AI专题页与GEO抢占,1.0,,,,百度统计真实流量,1,
10747,ＴG:ｙｉnｌiucaiｓhen / 独.家-霸+屏,AI办公,AI工具,AI生成PPT/写作/表格，适合WPS AI专题页与GEO抢占,1.0,,,,百度统计真实流量,1,
10748,WPS AI 官网,AI办公,AI工具,AI生成PPT/写作/表格，适合WPS AI专题页与GEO抢占,1.0,,,,百度统计真实流量,1,
10749,wpsAI在线版,AI办公,AI工具,AI生成PPT/写作/表格，适合WPS AI专题页与GEO抢占,1.0,,,,百度统计真实流量,1,
10750,各．行-业`代 / 发 _ TＧ：ｙiｎlｉucaiｓhｅn,AI办公,AI工具,AI生成PPT/写作/表格，适合WPS AI专题页与GEO抢占,1.0,,,,百度统计真实流量,1,
10751,ＴＧ：ｙｉnｌｉｕcaiｓhｅn / 搜`索|霸+屏,AI办公,AI工具,AI生成PPT/写作/表格，适合WPS AI专题页与GEO抢占,1.0,,,,百度统计真实流量,1,
10752,wps.mail.cn,AI办公,AI工具,AI生成PPT/写作/表格，适合WPS AI专题页与GEO抢占,1.0,,,,百度统计真实流量,1,
10753,TＧ：yinｌiｕcaisｈｅｎ / 专.业_代－发,AI办公,AI工具,AI生成PPT/写作/表格，适合WPS AI专题页与GEO抢占,1.0,,,,百度统计真实流量,1,
10754,WPS智能表,AI办公,AI工具,AI生成PPT/写作/表格，适合WPS AI专题页与GEO抢占,1.0,,,,百度统计真实流量,1,
10755,搜-索－广`告 - TＧ：ｙｉｎｌiucaiｓｈen,AI办公,AI工具,AI生成PPT/写作/表格，适合WPS AI专题页与GEO抢占,1.0,,,,百度统计真实流量,1,
10756,飞_机-联^系 . TＧ:yｉnｌｉｕcaiｓhen,AI办公,AI工具,AI生成PPT/写作/表格，适合WPS AI专题页与GEO抢占,1.0,,,,百度统计真实流量,1,
10757,ＴG:ｙiｎliｕcaishen . 专.业`代`发,AI办公,AI工具,AI生成PPT/写作/表格，适合WPS AI专题页与GEO抢占,1.0,,,,百度统计真实流量,1,
10758,WPS ai 官网入口,AI办公,AI工具,AI生成PPT/写作/表格，适合WPS AI专题页与GEO抢占,1.0,,,,百度统计真实流量,1,
10759,TG：ｙiｎliｕｃaiｓhen＿专|业^代.发,AI办公,AI工具,AI生成PPT/写作/表格，适合WPS AI专题页与GEO抢占,1.0,,,,百度统计真实流量,1,
10760,ＴG:yｉｎｌｉuｃaiｓheｎ - 精`准.代_发,AI办公,AI工具,AI生成PPT/写作/表格，适合WPS AI专题页与GEO抢占,1.0,,,,百度统计真实流量,1,
10761,广.告．代 / 发＿ＴＧ:ｙｉnlｉuｃaiｓhen,AI办公,AI工具,AI生成PPT/写作/表格，适合WPS AI专题页与GEO抢占,1.0,,,,百度统计真实流量,1,
10762,ＴG:yinliuｃaisｈeｎ - 搜.索|广＿告,AI办公,AI工具,AI生成PPT/写作/表格，适合WPS AI专题页与GEO抢占,1.0,,,,百度统计真实流量,1,
10763,广．告－代|发＿ＴG：yｉnｌｉｕｃaisｈｅｎ,AI办公,AI工具,AI生成PPT/写作/表格，适合WPS AI专题页与GEO抢占,1.0,,,,百度统计真实流量,1,
10764,霸.屏^推_广 . ＴＧ:yｉｎｌiｕcaiｓｈeｎ,AI办公,AI工具,AI生成PPT/写作/表格，适合WPS AI专题页与GEO抢占,1.0,,,,百度统计真实流量,1,
10765,灵犀Ai,AI办公,AI工具,AI生成PPT/写作/表格，适合WPS AI专题页与GEO抢占,1.0,,,,百度统计真实流量,1,
10766,TＧ:yｉｎliucaisｈen _ 当_天-收|录,AI办公,AI工具,AI生成PPT/写作/表格，适合WPS AI专题页与GEO抢占,1.0,,,,百度统计真实流量,1,
10767,霸^屏．宣-传 . TG:yｉnlｉｕｃaiｓhｅｎ,AI办公,AI工具,AI生成PPT/写作/表格，适合WPS AI专题页与GEO抢占,1.0,,,,百度统计真实流量,1,
10768,精＿准.引|流 _ ＴG：yｉｎliｕcaisｈｅｎ,AI办公,AI工具,AI生成PPT/写作/表格，适合WPS AI专题页与GEO抢占,1.0,,,,百度统计真实流量,1,
10769,ＴＧ：yｉｎｌｉｕｃaisｈｅn - 当 / 天`见`效,AI办公,AI工具,AI生成PPT/写作/表格，适合WPS AI专题页与GEO抢占,1.0,,,,百度统计真实流量,1,
10770,wps ai下载,AI办公,AI工具,AI生成PPT/写作/表格，适合WPS AI专题页与GEO抢占,1.0,,,,百度统计真实流量,1,
10771,wps xiazai,AI办公,AI工具,AI生成PPT/写作/表格，适合WPS AI专题页与GEO抢占,1.0,,,,百度统计真实流量,1,
10772,ＴG:ｙiｎｌｉuｃaiｓｈｅn / 流．量+咨－询,AI办公,AI工具,AI生成PPT/写作/表格，适合WPS AI专题页与GEO抢占,1.0,,,,百度统计真实流量,1,
10773,流.量.咨^询＿ＴG:yinlｉｕｃaisｈｅn,AI办公,AI工具,AI生成PPT/写作/表格，适合WPS AI专题页与GEO抢占,1.0,,,,百度统计真实流量,1,
10774,wps智能办公助手,AI办公,AI工具,AI生成PPT/写作/表格，适合WPS AI专题页与GEO抢占,1.0,,,,百度统计真实流量,1,
10775,zaixianword,AI办公,AI工具,AI生成PPT/写作/表格，适合WPS AI专题页与GEO抢占,1.0,,,,百度统计真实流量,1,
10776,当.天 / 见|效＿TＧ:ｙｉnliｕcaishｅｎ,AI办公,AI工具,AI生成PPT/写作/表格，适合WPS AI专题页与GEO抢占,1.0,,,,百度统计真实流量,1,
10777,当.天|收 / 录 | ＴG:ｙiｎliuｃaisｈｅｎ,AI办公,AI工具,AI生成PPT/写作/表格，适合WPS AI专题页与GEO抢占,1.0,,,,百度统计真实流量,1,
10778,ＴG：ｙｉｎliｕcaiｓｈｅｎ＿精 / 准－引．流,AI办公,AI工具,AI生成PPT/写作/表格，适合WPS AI专题页与GEO抢占,1.0,,,,百度统计真实流量,1,
10779,ＴG：yiｎliｕcaiｓhｅｎ | 搜`索_霸－屏,AI办公,AI工具,AI生成PPT/写作/表格，适合WPS AI专题页与GEO抢占,1.0,,,,百度统计真实流量,1,
10780,ＴG:yｉｎｌｉｕｃaiｓhｅn . 技．术^咨_询,AI办公,AI工具,AI生成PPT/写作/表格，适合WPS AI专题页与GEO抢占,1.0,,,,百度统计真实流量,1,
10781,独`家.霸|屏 - TＧ：ｙｉnｌｉucaisheｎ,AI办公,AI工具,AI生成PPT/写作/表格，适合WPS AI专题页与GEO抢占,1.0,,,,百度统计真实流量,1,
10782,TＧ：yinｌｉｕcaiｓｈen / 独+家 / 霸－屏,AI办公,AI工具,AI生成PPT/写作/表格，适合WPS AI专题页与GEO抢占,1.0,,,,百度统计真实流量,1,
10783,TG:ｙiｎlｉuｃaishｅｎ - 搜．索 / 霸|屏,AI办公,AI工具,AI生成PPT/写作/表格，适合WPS AI专题页与GEO抢占,1.0,,,,百度统计真实流量,1,
10784,当＿天＿见+效＿TG：yｉnｌiucaisｈen,AI办公,AI工具,AI生成PPT/写作/表格，适合WPS AI专题页与GEO抢占,1.0,,,,百度统计真实流量,1,
10785,TＧ：ｙｉnlｉｕｃaiｓhen＿专^业^代 / 发,AI办公,AI工具,AI生成PPT/写作/表格，适合WPS AI专题页与GEO抢占,1.0,,,,百度统计真实流量,1,
10786,技-术-咨＿询 . TG：yｉｎｌｉucaiｓhen,AI办公,AI工具,AI生成PPT/写作/表格，适合WPS AI专题页与GEO抢占,1.0,,,,百度统计真实流量,1,
10787,流．量`咨 / 询 . ＴG:yｉnliｕcaiｓhen,AI办公,AI工具,AI生成PPT/写作/表格，适合WPS AI专题页与GEO抢占,1.0,,,,百度统计真实流量,1,
10788,广`告．宣_传＿ＴG：yｉnｌｉuｃaiｓhｅｎ,AI办公,AI工具,AI生成PPT/写作/表格，适合WPS AI专题页与GEO抢占,1.0,,,,百度统计真实流量,1,
10789,精.准＿获.客 | ＴＧ：yｉｎliuｃaishen,AI办公,AI工具,AI生成PPT/写作/表格，适合WPS AI专题页与GEO抢占,1.0,,,,百度统计真实流量,1,
10790,霸－屏 / 推－广 . ＴG：yｉｎｌｉuｃaiｓheｎ,AI办公,AI工具,AI生成PPT/写作/表格，适合WPS AI专题页与GEO抢占,1.0,,,,百度统计真实流量,1,
10791,各＿行.业`代`发 | ＴＧ:ｙｉnlｉuｃaiｓhｅn,AI办公,AI工具,AI生成PPT/写作/表格，适合WPS AI专题页与GEO抢占,1.0,,,,百度统计真实流量,1,
10792,独+家`霸＿屏 . TＧ：ｙinlｉｕcaishｅｎ,AI办公,AI工具,AI生成PPT/写作/表格，适合WPS AI专题页与GEO抢占,1.0,,,,百度统计真实流量,1,
10793,技．术.咨^询 | ＴG：yｉｎliuｃaishen,AI办公,AI工具,AI生成PPT/写作/表格，适合WPS AI专题页与GEO抢占,1.0,,,,百度统计真实流量,1,
10794,电．报 / 咨+询 / ＴＧ:yiｎｌiucaishｅn,AI办公,AI工具,AI生成PPT/写作/表格，适合WPS AI专题页与GEO抢占,1.0,,,,百度统计真实流量,1,
10795,广－告+代.发 - TＧ:ｙinliuｃaishｅn,AI办公,AI工具,AI生成PPT/写作/表格，适合WPS AI专题页与GEO抢占,1.0,,,,百度统计真实流量,1,
10796,霸.屏.推-广＿TＧ：ｙｉnlｉuｃaiｓhen,AI办公,AI工具,AI生成PPT/写作/表格，适合WPS AI专题页与GEO抢占,1.0,,,,百度统计真实流量,1,
10797,技 / 术_咨-询 | TＧ:yｉｎｌiuｃaiｓhen,AI办公,AI工具,AI生成PPT/写作/表格，适合WPS AI专题页与GEO抢占,1.0,,,,百度统计真实流量,1,
10798,wpsXIAZAI,AI办公,AI工具,AI生成PPT/写作/表格，适合WPS AI专题页与GEO抢占,1.0,,,,百度统计真实流量,1,
10799,ＴＧ：yｉｎｌｉuｃaisｈeｎ＿搜.索.霸_屏,AI办公,AI工具,AI生成PPT/写作/表格，适合WPS AI专题页与GEO抢占,1.0,,,,百度统计真实流量,1,
10800,ＴG:yｉｎliｕcaiｓｈeｎ _ 引+流.推．广,AI办公,AI工具,AI生成PPT/写作/表格，适合WPS AI专题页与GEO抢占,1.0,,,,百度统计真实流量,1,
10801,广 / 告^代^发 . ＴＧ：ｙｉｎｌｉｕcaiｓheｎ,AI办公,AI工具,AI生成PPT/写作/表格，适合WPS AI专题页与GEO抢占,1.0,,,,百度统计真实流量,1,
10802,https://ai.wps.cn/,AI办公,AI工具,AI生成PPT/写作/表格，适合WPS AI专题页与GEO抢占,1.0,,,,百度统计真实流量,1,
10803,精|准 / 代^发 _ ＴG：yiｎｌiuｃaiｓｈen,AI办公,AI工具,AI生成PPT/写作/表格，适合WPS AI专题页与GEO抢占,1.0,,,,百度统计真实流量,1,
10804,搜^索+引．流 _ ＴＧ:ｙｉｎliucaiｓｈeｎ,AI办公,AI工具,AI生成PPT/写作/表格，适合WPS AI专题页与GEO抢占,1.0,,,,百度统计真实流量,1,
10805,ＴG:yiｎlｉucaishｅn _ 当`天 / 见-效,AI办公,AI工具,AI生成PPT/写作/表格，适合WPS AI专题页与GEO抢占,1.0,,,,百度统计真实流量,1,
10806,ＴG：ｙiｎｌiｕcaiｓｈｅｎ | 产＿品^宣-传,AI办公,AI工具,AI生成PPT/写作/表格，适合WPS AI专题页与GEO抢占,1.0,,,,百度统计真实流量,1,
10807,金山 智能体,AI办公,AI工具,AI生成PPT/写作/表格，适合WPS AI专题页与GEO抢占,1.0,,,,百度统计真实流量,1,
10808,TＧ：yiｎｌｉｕｃaiｓhｅｎ / 技`术－咨．询,AI办公,AI工具,AI生成PPT/写作/表格，适合WPS AI专题页与GEO抢占,1.0,,,,百度统计真实流量,1,
10809,霸 / 屏＿推＿广 | ＴＧ：yinlｉuｃaishｅｎ,AI办公,AI工具,AI生成PPT/写作/表格，适合WPS AI专题页与GEO抢占,1.0,,,,百度统计真实流量,1,
10810,WPSZAIXIANBAN,AI办公,AI工具,AI生成PPT/写作/表格，适合WPS AI专题页与GEO抢占,1.0,,,,百度统计真实流量,1,
10811,ＴG:ｙｉnｌｉｕcaishｅｎ＿当＿天 / 见－效,AI办公,AI工具,AI生成PPT/写作/表格，适合WPS AI专题页与GEO抢占,1.0,,,,百度统计真实流量,1,
10812,ＴG：ｙｉｎliｕcaisｈen＿搜.索`优．化,AI办公,AI工具,AI生成PPT/写作/表格，适合WPS AI专题页与GEO抢占,1.0,,,,百度统计真实流量,1,
10813,TＧ:ｙinｌiｕｃaiｓhen＿搜-索|引.流,AI办公,AI工具,AI生成PPT/写作/表格，适合WPS AI专题页与GEO抢占,1.0,,,,百度统计真实流量,1,
10814,搜 / 索`优 / 化 _ ＴＧ：yｉnｌｉucaishｅn,AI办公,AI工具,AI生成PPT/写作/表格，适合WPS AI专题页与GEO抢占,1.0,,,,百度统计真实流量,1,
10815,精|准-引-流 | TＧ:ｙｉnｌiｕcaiｓｈｅn,AI办公,AI工具,AI生成PPT/写作/表格，适合WPS AI专题页与GEO抢占,1.0,,,,百度统计真实流量,1,
10816,ＴG：ｙinｌｉuｃaisheｎ / 统－计 / 引.流,AI办公,AI工具,AI生成PPT/写作/表格，适合WPS AI专题页与GEO抢占,1.0,,,,百度统计真实流量,1,
10817,流^量^咨-询 / TＧ：ｙｉnliｕcaisheｎ,AI办公,AI工具,AI生成PPT/写作/表格，适合WPS AI专题页与GEO抢占,1.0,,,,百度统计真实流量,1,
10818,搜 / 索+广-告 / ＴG:yｉｎｌiｕｃaiｓheｎ,AI办公,AI工具,AI生成PPT/写作/表格，适合WPS AI专题页与GEO抢占,1.0,,,,百度统计真实流量,1,
10819,ＴＧ:yinliｕｃaiｓheｎ | 推．广 / 咨^询,AI办公,AI工具,AI生成PPT/写作/表格，适合WPS AI专题页与GEO抢占,1.0,,,,百度统计真实流量,1,
10820,搜_索|霸.屏 . ＴG：ｙｉnliucaishen,AI办公,AI工具,AI生成PPT/写作/表格，适合WPS AI专题页与GEO抢占,1.0,,,,百度统计真实流量,1,
10821,WPs Ai,AI办公,AI工具,AI生成PPT/写作/表格，适合WPS AI专题页与GEO抢占,1.0,,,,百度统计真实流量,1,
10822,谷 / 歌-搜.索 | ＴG：yinｌｉｕｃaiｓｈｅｎ,AI办公,AI工具,AI生成PPT/写作/表格，适合WPS AI专题页与GEO抢占,1.0,,,,百度统计真实流量,1,
10823,ＴG：ｙinｌｉucaishｅｎ _ 当－天_收|录,AI办公,AI工具,AI生成PPT/写作/表格，适合WPS AI专题页与GEO抢占,1.0,,,,百度统计真实流量,1,
10824,搜_索.引+流＿ＴＧ:yinｌｉｕcaiｓheｎ,AI办公,AI工具,AI生成PPT/写作/表格，适合WPS AI专题页与GEO抢占,1.0,,,,百度统计真实流量,1,
10825,搜．索.霸 / 屏 . ＴＧ:ｙｉnｌiucaiｓhen,AI办公,AI工具,AI生成PPT/写作/表格，适合WPS AI专题页与GEO抢占,1.0,,,,百度统计真实流量,1,
10826,ＴG:ｙｉｎlｉuｃaishｅｎ _ 推-广`咨－询,AI办公,AI工具,AI生成PPT/写作/表格，适合WPS AI专题页与GEO抢占,1.0,,,,百度统计真实流量,1,
10827,产.品 / 宣＿传 - TＧ:yｉnｌiuｃaishｅｎ,AI办公,AI工具,AI生成PPT/写作/表格，适合WPS AI专题页与GEO抢占,1.0,,,,百度统计真实流量,1,
10828,TＧ：ｙｉnｌiuｃaisｈeｎ | 专.业-代 / 发,AI办公,AI工具,AI生成PPT/写作/表格，适合WPS AI专题页与GEO抢占,1.0,,,,百度统计真实流量,1,
10829,wps ai官网入口,AI办公,AI工具,AI生成PPT/写作/表格，适合WPS AI专题页与GEO抢占,1.0,,,,百度统计真实流量,1,
10830,AI WPS,AI办公,AI工具,AI生成PPT/写作/表格，适合WPS AI专题页与GEO抢占,1.0,,,,百度统计真实流量,1,
10831,TＧ：yｉｎｌｉｕｃaisheｎ . 霸^屏＿推.广,AI办公,AI工具,AI生成PPT/写作/表格，适合WPS AI专题页与GEO抢占,1.0,,,,百度统计真实流量,1,
10832,精+准`引^流 / ＴＧ:yinlｉuｃaisｈen,AI办公,AI工具,AI生成PPT/写作/表格，适合WPS AI专题页与GEO抢占,1.0,,,,百度统计真实流量,1,
10833,TＧ:ｙｉnlｉｕcaishen - 引＿流^推 / 广,AI办公,AI工具,AI生成PPT/写作/表格，适合WPS AI专题页与GEO抢占,1.0,,,,百度统计真实流量,1,
10834,TＧ：yｉnｌｉucaisｈen / 霸_屏．推＿广,AI办公,AI工具,AI生成PPT/写作/表格，适合WPS AI专题页与GEO抢占,1.0,,,,百度统计真实流量,1,
10835,产|品|宣^传 . ＴG：ｙiｎlｉucaisheｎ,AI办公,AI工具,AI生成PPT/写作/表格，适合WPS AI专题页与GEO抢占,1.0,,,,百度统计真实流量,1,
10836,ＴG:yiｎlｉｕｃaishｅｎ | 推．广 / 咨-询,AI办公,AI工具,AI生成PPT/写作/表格，适合WPS AI专题页与GEO抢占,1.0,,,,百度统计真实流量,1,
10837,ＴG:ｙｉｎｌiucaiｓhｅｎ＿飞－机+联 / 系,AI办公,AI工具,AI生成PPT/写作/表格，适合WPS AI专题页与GEO抢占,1.0,,,,百度统计真实流量,1,
10838,TG：yｉnlｉucaishｅn . 广|告－代|发,AI办公,AI工具,AI生成PPT/写作/表格，适合WPS AI专题页与GEO抢占,1.0,,,,百度统计真实流量,1,
10839,wpsguanwangxiazai,AI办公,AI工具,AI生成PPT/写作/表格，适合WPS AI专题页与GEO抢占,1.0,,,,百度统计真实流量,1,
10840,ＴＧ:yｉｎliuｃaishｅｎ . 当 / 天+收-录,AI办公,AI工具,AI生成PPT/写作/表格，适合WPS AI专题页与GEO抢占,1.0,,,,百度统计真实流量,1,
10841,TＧ:ｙｉｎlｉuｃaisｈen / 技．术`咨 / 询,AI办公,AI工具,AI生成PPT/写作/表格，适合WPS AI专题页与GEO抢占,1.0,,,,百度统计真实流量,1,
10842,ＴＧ:ｙiｎｌiｕｃaishｅn - 产．品-宣－传,AI办公,AI工具,AI生成PPT/写作/表格，适合WPS AI专题页与GEO抢占,1.0,,,,百度统计真实流量,1,
10843,ＴG:ｙｉnｌiｕcaisheｎ＿搜 / 索－引`流,AI办公,AI工具,AI生成PPT/写作/表格，适合WPS AI专题页与GEO抢占,1.0,,,,百度统计真实流量,1,
10844,精．准`代^发 | ＴＧ:ｙｉｎlｉucaisｈｅｎ,AI办公,AI工具,AI生成PPT/写作/表格，适合WPS AI专题页与GEO抢占,1.0,,,,百度统计真实流量,1,
10845,wps安装ai插件,AI办公,AI工具,AI生成PPT/写作/表格，适合WPS AI专题页与GEO抢占,1.0,,,,百度统计真实流量,1,
10846,独|家-霸`屏＿ＴＧ：ｙinｌｉｕcaiｓｈeｎ,AI办公,AI工具,AI生成PPT/写作/表格，适合WPS AI专题页与GEO抢占,1.0,,,,百度统计真实流量,1,
10847,TＧ：ｙinｌiuｃaishen / 霸|屏＿推^广,AI办公,AI工具,AI生成PPT/写作/表格，适合WPS AI专题页与GEO抢占,1.0,,,,百度统计真实流量,1,
10848,TＧ：yiｎlｉuｃaisｈｅｎ _ 广－告_代_发,AI办公,AI工具,AI生成PPT/写作/表格，适合WPS AI专题页与GEO抢占,1.0,,,,百度统计真实流量,1,
10849,霸|屏－宣-传 . ＴＧ：yiｎliｕcaiｓheｎ,AI办公,AI工具,AI生成PPT/写作/表格，适合WPS AI专题页与GEO抢占,1.0,,,,百度统计真实流量,1,
10850,搜+索_广＿告 - ＴＧ:yｉｎlｉucaisｈeｎ,AI办公,AI工具,AI生成PPT/写作/表格，适合WPS AI专题页与GEO抢占,1.0,,,,百度统计真实流量,1,
10851,ＴG：ｙｉnｌｉuｃaisｈeｎ - 精`准＿引+流,AI办公,AI工具,AI生成PPT/写作/表格，适合WPS AI专题页与GEO抢占,1.0,,,,百度统计真实流量,1,
10852,ＴG：ｙinｌiｕｃaisheｎ＿谷`歌-搜-索,AI办公,AI工具,AI生成PPT/写作/表格，适合WPS AI专题页与GEO抢占,1.0,,,,百度统计真实流量,1,
10853,谷|歌.搜＿索＿TＧ:yｉnliｕcaiｓhen,AI办公,AI工具,AI生成PPT/写作/表格，适合WPS AI专题页与GEO抢占,1.0,,,,百度统计真实流量,1,
10854,ＴG:ｙｉｎｌｉｕｃaisheｎ＿当`天.收－录,AI办公,AI工具,AI生成PPT/写作/表格，适合WPS AI专题页与GEO抢占,1.0,,,,百度统计真实流量,1,
10855,TＧ：yinｌiucaiｓｈｅn | 百-度-搜-索,AI办公,AI工具,AI生成PPT/写作/表格，适合WPS AI专题页与GEO抢占,1.0,,,,百度统计真实流量,1,
10856,ＴG:ｙinlｉucaisｈｅｎ _ 百－度．搜|索,AI办公,AI工具,AI生成PPT/写作/表格，适合WPS AI专题页与GEO抢占,1.0,,,,百度统计真实流量,1,
10857,百＿度+搜.索 . ＴG：ｙｉnliucaisheｎ,AI办公,AI工具,AI生成PPT/写作/表格，适合WPS AI专题页与GEO抢占,1.0,,,,百度统计真实流量,1,
10858,专_业^代.发 - TG:yｉnliucaiｓｈｅn,AI办公,AI工具,AI生成PPT/写作/表格，适合WPS AI专题页与GEO抢占,1.0,,,,百度统计真实流量,1,
10859,TＧ:ｙｉｎｌｉucaiｓhen＿精-准－代－发,AI办公,AI工具,AI生成PPT/写作/表格，适合WPS AI专题页与GEO抢占,1.0,,,,百度统计真实流量,1,
10860,ＴＧ：ｙｉｎliucaiｓｈｅｎ _ 搜+索－引_流,AI办公,AI工具,AI生成PPT/写作/表格，适合WPS AI专题页与GEO抢占,1.0,,,,百度统计真实流量,1,
10861,引|流＿推`广 - ＴG：ｙiｎlｉucaisｈeｎ,AI办公,AI工具,AI生成PPT/写作/表格，适合WPS AI专题页与GEO抢占,1.0,,,,百度统计真实流量,1,
10862,ＴG：yiｎｌiucaiｓhｅn . 流_量`咨_询,AI办公,AI工具,AI生成PPT/写作/表格，适合WPS AI专题页与GEO抢占,1.0,,,,百度统计真实流量,1,
10863,TＧ：ｙｉnｌｉｕcaisｈｅｎ _ 引^流．推_广,AI办公,AI工具,AI生成PPT/写作/表格，适合WPS AI专题页与GEO抢占,1.0,,,,百度统计真实流量,1,
10864,TＧ：yiｎlｉucaiｓheｎ＿流-量.咨+询,AI办公,AI工具,AI生成PPT/写作/表格，适合WPS AI专题页与GEO抢占,1.0,,,,百度统计真实流量,1,
10865,精|准`代.发 / TＧ:yｉnｌｉucaiｓhｅｎ,AI办公,AI工具,AI生成PPT/写作/表格，适合WPS AI专题页与GEO抢占,1.0,,,,百度统计真实流量,1,
10866,ＴG:ｙiｎlｉuｃaiｓhｅn＿电`报－咨.询,AI办公,AI工具,AI生成PPT/写作/表格，适合WPS AI专题页与GEO抢占,1.0,,,,百度统计真实流量,1,
10867,飞|机+联`系 - ＴＧ:ｙiｎliucaishen,AI办公,AI工具,AI生成PPT/写作/表格，适合WPS AI专题页与GEO抢占,1.0,,,,百度统计真实流量,1,
10868,TＧ:ｙｉｎｌiｕcaishｅn - 搜_索|广＿告,AI办公,AI工具,AI生成PPT/写作/表格，适合WPS AI专题页与GEO抢占,1.0,,,,百度统计真实流量,1,
10869,TＧ：yinlｉuｃaisｈｅn - 精+准.引-流,AI办公,AI工具,AI生成PPT/写作/表格，适合WPS AI专题页与GEO抢占,1.0,,,,百度统计真实流量,1,
10870,ＴG：ｙｉｎlｉuｃaishｅｎ . 霸 / 屏+推.广,AI办公,AI工具,AI生成PPT/写作/表格，适合WPS AI专题页与GEO抢占,1.0,,,,百度统计真实流量,1,
10871,ＴG：ｙinｌｉucaishen _ 推^广-咨-询,AI办公,AI工具,AI生成PPT/写作/表格，适合WPS AI专题页与GEO抢占,1.0,,,,百度统计真实流量,1,
10872,TG:yｉｎｌｉuｃaishen - 搜.索|广．告,AI办公,AI工具,AI生成PPT/写作/表格，适合WPS AI专题页与GEO抢占,1.0,,,,百度统计真实流量,1,
10873,ＴG:ｙｉｎｌiucaiｓhｅn＿搜．索．广＿告,AI办公,AI工具,AI生成PPT/写作/表格，适合WPS AI专题页与GEO抢占,1.0,,,,百度统计真实流量,1,
10874,飞-机＿联＿系 / ＴＧ：ｙiｎｌｉuｃaisｈｅｎ,AI办公,AI工具,AI生成PPT/写作/表格，适合WPS AI专题页与GEO抢占,1.0,,,,百度统计真实流量,1,
10875,搜.索+优．化 - ＴＧ：yiｎliｕｃaisｈｅn,AI办公,AI工具,AI生成PPT/写作/表格，适合WPS AI专题页与GEO抢占,1.0,,,,百度统计真实流量,1,
10876,ＴG:yｉnｌｉｕcaisｈｅn - 搜 / 索_优．化,AI办公,AI工具,AI生成PPT/写作/表格，适合WPS AI专题页与GEO抢占,1.0,,,,百度统计真实流量,1,
10877,精 / 准`代＿发 - ＴＧ：yｉｎliｕcaisｈen,AI办公,AI工具,AI生成PPT/写作/表格，适合WPS AI专题页与GEO抢占,1.0,,,,百度统计真实流量,1,
10878,精－准－代`发 | ＴＧ:yinlｉucaiｓｈeｎ,AI办公,AI工具,AI生成PPT/写作/表格，适合WPS AI专题页与GEO抢占,1.0,,,,百度统计真实流量,1,
10879,搜.索+优 / 化 | TG：yｉnlｉuｃaisｈｅｎ,AI办公,AI工具,AI生成PPT/写作/表格，适合WPS AI专题页与GEO抢占,1.0,,,,百度统计真实流量,1,
10880,搜-索^优－化 . TG:ｙiｎlｉuｃaishｅn,AI办公,AI工具,AI生成PPT/写作/表格，适合WPS AI专题页与GEO抢占,1.0,,,,百度统计真实流量,1,
10881,ＴＧ：yinlｉuｃaiｓhen | 技_术_咨`询,AI办公,AI工具,AI生成PPT/写作/表格，适合WPS AI专题页与GEO抢占,1.0,,,,百度统计真实流量,1,
10882,ＴＧ：yｉnｌiuｃaiｓhen＿搜＿索-优－化,AI办公,AI工具,AI生成PPT/写作/表格，适合WPS AI专题页与GEO抢占,1.0,,,,百度统计真实流量,1,
10883,WPS 灵犀 AI,AI办公,AI工具,AI生成PPT/写作/表格，适合WPS AI专题页与GEO抢占,1.0,,,,百度统计真实流量,1,
10884,飞.机＿联＿系 . ＴG：ｙｉｎliuｃaishｅｎ,AI办公,AI工具,AI生成PPT/写作/表格，适合WPS AI专题页与GEO抢占,1.0,,,,百度统计真实流量,1,
10885,技-术-咨－询 . ＴG:yinlｉｕｃaiｓhｅn,AI办公,AI工具,AI生成PPT/写作/表格，适合WPS AI专题页与GEO抢占,1.0,,,,百度统计真实流量,1,
10886,ＴＧ:ｙｉｎliucaishｅｎ _ 推^广．咨`询,AI办公,AI工具,AI生成PPT/写作/表格，适合WPS AI专题页与GEO抢占,1.0,,,,百度统计真实流量,1,
10887,霸 / 屏^宣.传 - ＴＧ：ｙinｌｉucaishen,AI办公,AI工具,AI生成PPT/写作/表格，适合WPS AI专题页与GEO抢占,1.0,,,,百度统计真实流量,1,
10888,TG:ｙiｎlｉｕcaishｅｎ - 蜘|蛛＿池,AI办公,AI工具,AI生成PPT/写作/表格，适合WPS AI专题页与GEO抢占,1.0,,,,百度统计真实流量,1,
10889,当^天`收+录 | TG:ｙｉnｌiucaishen,AI办公,AI工具,AI生成PPT/写作/表格，适合WPS AI专题页与GEO抢占,1.0,,,,百度统计真实流量,1,
10890,技-术+咨－询 - ＴＧ:ｙinliuｃaiｓhｅn,AI办公,AI工具,AI生成PPT/写作/表格，适合WPS AI专题页与GEO抢占,1.0,,,,百度统计真实流量,1,
10891,ＴＧ:yinｌiucaiｓhen . 电．报-咨|询,AI办公,AI工具,AI生成PPT/写作/表格，适合WPS AI专题页与GEO抢占,1.0,,,,百度统计真实流量,1,
10892,ＴＧ:yinliuｃaisheｎ | 当^天＿见 / 效,AI办公,AI工具,AI生成PPT/写作/表格，适合WPS AI专题页与GEO抢占,1.0,,,,百度统计真实流量,1,
10893,百.度^搜.索 _ ＴG：ｙｉｎｌｉｕｃaiｓhｅn,AI办公,AI工具,AI生成PPT/写作/表格，适合WPS AI专题页与GEO抢占,1.0,,,,百度统计真实流量,1,
10894,搜+索.引`流＿TG:yｉｎlｉucaishen,AI办公,AI工具,AI生成PPT/写作/表格，适合WPS AI专题页与GEO抢占,1.0,,,,百度统计真实流量,1,
10895,TＧ：yinｌiｕｃaiｓｈｅｎ - 精＿准+获+客,AI办公,AI工具,AI生成PPT/写作/表格，适合WPS AI专题页与GEO抢占,1.0,,,,百度统计真实流量,1,
10896,wpsAI官网,AI办公,AI工具,AI生成PPT/写作/表格，适合WPS AI专题页与GEO抢占,1.0,,,,百度统计真实流量,1,
10897,ＴＧ:yｉnｌｉｕcaiｓｈen - 各．行．业^代.发,AI办公,AI工具,AI生成PPT/写作/表格，适合WPS AI专题页与GEO抢占,1.0,,,,百度统计真实流量,1,
10898,当_天^收－录 / ＴG:yｉnｌiuｃaisｈｅｎ,AI办公,AI工具,AI生成PPT/写作/表格，适合WPS AI专题页与GEO抢占,1.0,,,,百度统计真实流量,1,
10899,TG:ｙiｎｌiｕcaiｓhｅｎ . 流^量．咨.询,AI办公,AI工具,AI生成PPT/写作/表格，适合WPS AI专题页与GEO抢占,1.0,,,,百度统计真实流量,1,
10900,电+报．咨|询 | TＧ:yiｎｌｉｕｃaiｓｈeｎ,AI办公,AI工具,AI生成PPT/写作/表格，适合WPS AI专题页与GEO抢占,1.0,,,,百度统计真实流量,1,
10901,霸^屏^推 / 广 - TG:yｉnliｕcaiｓhｅｎ,AI办公,AI工具,AI生成PPT/写作/表格，适合WPS AI专题页与GEO抢占,1.0,,,,百度统计真实流量,1,
10902,统+计|引-流 - TＧ：yｉｎlｉｕcaisheｎ,AI办公,AI工具,AI生成PPT/写作/表格，适合WPS AI专题页与GEO抢占,1.0,,,,百度统计真实流量,1,
10903,百-度＿搜^索 _ ＴG：ｙｉnｌｉuｃaiｓheｎ,AI办公,AI工具,AI生成PPT/写作/表格，适合WPS AI专题页与GEO抢占,1.0,,,,百度统计真实流量,1,
10904,TＧ:yｉｎｌiucaiｓhｅｎ _ 当`天`见 / 效,AI办公,AI工具,AI生成PPT/写作/表格，适合WPS AI专题页与GEO抢占,1.0,,,,百度统计真实流量,1,
10905,ＴＧ:yiｎliｕｃaisｈｅｎ . 搜 / 索|引－流,AI办公,AI工具,AI生成PPT/写作/表格，适合WPS AI专题页与GEO抢占,1.0,,,,百度统计真实流量,1,
10906,谷|歌．搜`索 . TＧ：yinlｉｕcaiｓｈen,AI办公,AI工具,AI生成PPT/写作/表格，适合WPS AI专题页与GEO抢占,1.0,,,,百度统计真实流量,1,
10907,wps xiazai guangwang,AI办公,AI工具,AI生成PPT/写作/表格，适合WPS AI专题页与GEO抢占,1.0,,,,百度统计真实流量,1,
10908,word智能校对,AI办公,AI工具,AI生成PPT/写作/表格，适合WPS AI专题页与GEO抢占,1.0,,,,百度统计真实流量,1,
10909,ai排版,AI办公,AI工具,AI生成PPT/写作/表格，适合WPS AI专题页与GEO抢占,1.0,,,,百度统计真实流量,1,
10910,wps office ai官方下载,AI办公,AI工具,AI生成PPT/写作/表格，适合WPS AI专题页与GEO抢占,1.0,,,,百度统计真实流量,1,
10911,WPS ai,AI办公,AI工具,AI生成PPT/写作/表格，适合WPS AI专题页与GEO抢占,1.0,,,,百度统计真实流量,1,
10912,wpsai官方下载,AI办公,AI工具,AI生成PPT/写作/表格，适合WPS AI专题页与GEO抢占,1.0,,,,百度统计真实流量,1,
10913,www.WPS AI,AI办公,AI工具,AI生成PPT/写作/表格，适合WPS AI专题页与GEO抢占,1.0,,,,百度统计真实流量,1,
10914,wps ai网页版入口,AI办公,AI工具,AI生成PPT/写作/表格，适合WPS AI专题页与GEO抢占,1.0,,,,百度统计真实流量,1,
10915,ＴG:yｉnｌiｕｃaiｓｈｅn / 谷＿歌^搜+索,AI办公,AI工具,AI生成PPT/写作/表格，适合WPS AI专题页与GEO抢占,1.0,,,,百度统计真实流量,1,
10916,ＴG:yｉｎliuｃaishｅn . 技-术+咨．询,AI办公,AI工具,AI生成PPT/写作/表格，适合WPS AI专题页与GEO抢占,1.0,,,,百度统计真实流量,1,
10917,当-天+收．录＿ＴG:ｙinlｉucaiｓｈeｎ,AI办公,AI工具,AI生成PPT/写作/表格，适合WPS AI专题页与GEO抢占,1.0,,,,百度统计真实流量,1,
10918,wpszaix,AI办公,AI工具,AI生成PPT/写作/表格，适合WPS AI专题页与GEO抢占,1.0,,,,百度统计真实流量,1,
10919,ＴG:yiｎliｕｃaiｓｈeｎ - 搜-索．广．告,AI办公,AI工具,AI生成PPT/写作/表格，适合WPS AI专题页与GEO抢占,1.0,,,,百度统计真实流量,1,
10920,技`术_咨．询 _ ＴG:yiｎｌｉucaishen,AI办公,AI工具,AI生成PPT/写作/表格，适合WPS AI专题页与GEO抢占,1.0,,,,百度统计真实流量,1,
10921,ＴＧ：yinｌｉuｃaiｓhen _ 精 / 准 / 获 / 客,AI办公,AI工具,AI生成PPT/写作/表格，适合WPS AI专题页与GEO抢占,1.0,,,,百度统计真实流量,1,
10922,TＧ:ｙｉnｌiucaiｓheｎ＿蜘＿蛛 / 池,AI办公,AI工具,AI生成PPT/写作/表格，适合WPS AI专题页与GEO抢占,1.0,,,,百度统计真实流量,1,
10923,wps officezaixian,AI办公,AI工具,AI生成PPT/写作/表格，适合WPS AI专题页与GEO抢占,1.0,,,,百度统计真实流量,1,
10924,ＴG：ｙｉｎliｕcaiｓheｎ＿电^报 / 咨_询,AI办公,AI工具,AI生成PPT/写作/表格，适合WPS AI专题页与GEO抢占,1.0,,,,百度统计真实流量,1,
10925,广|告^宣+传 | ＴＧ：ｙｉnlｉuｃaisｈeｎ,AI办公,AI工具,AI生成PPT/写作/表格，适合WPS AI专题页与GEO抢占,1.0,,,,百度统计真实流量,1,
10926,TＧ：ｙiｎｌiｕｃaiｓhｅｎ | 谷＿歌-搜_索,AI办公,AI工具,AI生成PPT/写作/表格，适合WPS AI专题页与GEO抢占,1.0,,,,百度统计真实流量,1,
10927,TＧ：ｙinｌｉucaiｓhｅｎ . 蜘_蛛_池,AI办公,AI工具,AI生成PPT/写作/表格，适合WPS AI专题页与GEO抢占,1.0,,,,百度统计真实流量,1,
10928,统 / 计.引_流 . TＧ：yｉnlｉucaisｈｅn,AI办公,AI工具,AI生成PPT/写作/表格，适合WPS AI专题页与GEO抢占,1.0,,,,百度统计真实流量,1,
10929,wps AI,AI办公,AI工具,AI生成PPT/写作/表格，适合WPS AI专题页与GEO抢占,1.0,,,,百度统计真实流量,1,
10930,wps.domain,AI办公,AI工具,AI生成PPT/写作/表格，适合WPS AI专题页与GEO抢占,1.0,,,,百度统计真实流量,1,
10931,百+度.搜`索 . ＴG：yinlｉｕcaisｈeｎ,AI办公,AI工具,AI生成PPT/写作/表格，适合WPS AI专题页与GEO抢占,1.0,,,,百度统计真实流量,1,
10932,搜_索．广．告 _ TG：yｉｎliucaishen,AI办公,AI工具,AI生成PPT/写作/表格，适合WPS AI专题页与GEO抢占,1.0,,,,百度统计真实流量,1,
10933,TG:ｙiｎｌiuｃaiｓhen - 搜-索+优－化,AI办公,AI工具,AI生成PPT/写作/表格，适合WPS AI专题页与GEO抢占,1.0,,,,百度统计真实流量,1,
10934,推`广`咨_询 | TG：ｙiｎｌiｕｃaiｓhｅn,AI办公,AI工具,AI生成PPT/写作/表格，适合WPS AI专题页与GEO抢占,1.0,,,,百度统计真实流量,1,
10935,wps带ai的是哪个版本,AI办公,AI工具,AI生成PPT/写作/表格，适合WPS AI专题页与GEO抢占,1.0,,,,百度统计真实流量,1,
10936,wpsai官网入口官方免费版,AI办公,AI工具,AI生成PPT/写作/表格，适合WPS AI专题页与GEO抢占,1.0,,,,百度统计真实流量,1,
10937,WPS灵犀AI,AI办公,AI工具,AI生成PPT/写作/表格，适合WPS AI专题页与GEO抢占,1.0,,,,百度统计真实流量,1,
10938,wpsai下载官网,AI办公,AI工具,AI生成PPT/写作/表格，适合WPS AI专题页与GEO抢占,1.0,,,,百度统计真实流量,1,
10939,ai导出pdf,AI办公,AI工具,AI生成PPT/写作/表格，适合WPS AI专题页与GEO抢占,,21.0,,,第三方工具-社区SEO,1,
10940,ai转pdf,AI办公,AI工具,AI生成PPT/写作/表格，适合WPS AI专题页与GEO抢占,,16.0,,,第三方工具-社区SEO,1,
10941,ai怎么导出pdf,AI办公,AI工具,AI生成PPT/写作/表格，适合WPS AI专题页与GEO抢占,,7.0,,,第三方工具-社区SEO,1,
10942,pdf转ai,AI办公,AI工具,AI生成PPT/写作/表格，适合WPS AI专题页与GEO抢占,,6.0,,,第三方工具-社区SEO,1,
10943,什么是ai智能,AI办公,AI工具,AI生成PPT/写作/表格，适合WPS AI专题页与GEO抢占,,1153.0,,,第三方工具-AI SEO,1,
10944,ai生成图片,AI办公,AI工具,AI生成PPT/写作/表格，适合WPS AI专题页与GEO抢占,,1593.0,,,第三方工具-AI SEO,1,
10945,华为ai人工智能叫什么,AI办公,AI工具,AI生成PPT/写作/表格，适合WPS AI专题页与GEO抢占,,288.0,,,第三方工具-AI SEO,1,
10946,ai图片生成器,AI办公,AI工具,AI生成PPT/写作/表格，适合WPS AI专题页与GEO抢占,,424.0,,,第三方工具-AI SEO,1,
10947,ai人工智能网站,AI办公,AI工具,AI生成PPT/写作/表格，适合WPS AI专题页与GEO抢占,,341.0,,,第三方工具-AI SEO,1,
10948,艺术字ai生成,AI办公,AI工具,AI生成PPT/写作/表格，适合WPS AI专题页与GEO抢占,,184.0,,,第三方工具-AI SEO,1,
10949,ai生成,AI办公,AI工具,AI生成PPT/写作/表格，适合WPS AI专题页与GEO抢占,,259.0,,,第三方工具-AI SEO,1,
10950,ai智能客服,AI办公,AI工具,AI生成PPT/写作/表格，适合WPS AI专题页与GEO抢占,,189.0,,,第三方工具-AI SEO,1,
10951,ai智能回答,AI办公,AI工具,AI生成PPT/写作/表格，适合WPS AI专题页与GEO抢占,,19199.0,,,第三方工具-AI SEO,1,
10952,ai人工智能软件,AI办公,AI工具,AI生成PPT/写作/表格，适合WPS AI专题页与GEO抢占,,2215.0,,,第三方工具-AI SEO,1,
10953,ai智能电话机器人,AI办公,AI工具,AI生成PPT/写作/表格，适合WPS AI专题页与GEO抢占,,470.0,,,第三方工具-AI SEO,1,
10954,ai图片生成,AI办公,AI工具,AI生成PPT/写作/表格，适合WPS AI专题页与GEO抢占,,124.0,,,第三方工具-AI SEO,1,
10955,杨幂ai智能人脸替换脸造梦厂,AI办公,AI工具,AI生成PPT/写作/表格，适合WPS AI专题页与GEO抢占,,411.0,,,第三方工具-AI SEO,1,
10956,什么是ai人工智能,AI办公,AI工具,AI生成PPT/写作/表格，适合WPS AI专题页与GEO抢占,,447.0,,,第三方工具-AI SEO,1,
10957,ai画图在线生成,AI办公,AI工具,AI生成PPT/写作/表格，适合WPS AI专题页与GEO抢占,,63.0,,,第三方工具-AI SEO,1,
10958,ai智能软件,AI办公,AI工具,AI生成PPT/写作/表格，适合WPS AI专题页与GEO抢占,,208.0,,,第三方工具-AI SEO,1,
10959,ai生成logo,AI办公,AI工具,AI生成PPT/写作/表格，适合WPS AI专题页与GEO抢占,,49.0,,,第三方工具-AI SEO,1,
10960,ai做logo教程,AI办公,AI工具,AI生成PPT/写作/表格，适合WPS AI专题页与GEO抢占,,49.0,,,第三方工具-AI SEO,1,
10961,ai画logo,AI办公,AI工具,AI生成PPT/写作/表格，适合WPS AI专题页与GEO抢占,,83.0,,,第三方工具-AI SEO,1,
10962,ai技术是什么意思,AI办公,AI工具,AI生成PPT/写作/表格，适合WPS AI专题页与GEO抢占,,1604.0,,,第三方工具-AI SEO,1,
10963,ai智能机器人外呼系统,AI办公,AI工具,AI生成PPT/写作/表格，适合WPS AI专题页与GEO抢占,,84.0,,,第三方工具-AI SEO,1,
10964,ai数字人生成工具,AI办公,AI工具,AI生成PPT/写作/表格，适合WPS AI专题页与GEO抢占,,43.0,,,第三方工具-AI SEO,1,
10965,ai智能机器人,AI办公,AI工具,AI生成PPT/写作/表格，适合WPS AI专题页与GEO抢占,,1294.0,,,第三方工具-AI SEO,1,
10966,AI视频制作,AI办公,AI工具,AI生成PPT/写作/表格，适合WPS AI专题页与GEO抢占,,65.0,,,第三方工具-AI SEO,1,
10967,图片生成ai图,AI办公,AI工具,AI生成PPT/写作/表格，适合WPS AI专题页与GEO抢占,,59.0,,,第三方工具-AI SEO,1,
10968,ai生成海报,AI办公,AI工具,AI生成PPT/写作/表格，适合WPS AI专题页与GEO抢占,,36.0,,,第三方工具-AI SEO,1,
10969,ai一键生成图片,AI办公,AI工具,AI生成PPT/写作/表格，适合WPS AI专题页与GEO抢占,,215.0,,,第三方工具-AI SEO,1,
10970,生成图片的ai工具,AI办公,AI工具,AI生成PPT/写作/表格，适合WPS AI专题页与GEO抢占,,80.0,,,第三方工具-AI SEO,1,
10971,ai生成图片软件免费,AI办公,AI工具,AI生成PPT/写作/表格，适合WPS AI专题页与GEO抢占,,43.0,,,第三方工具-AI SEO,1,
10972,ai海报智能生成,AI办公,AI工具,AI生成PPT/写作/表格，适合WPS AI专题页与GEO抢占,,32.0,,,第三方工具-AI SEO,1,
10973,阿里ai人工智能平台,AI办公,AI工具,AI生成PPT/写作/表格，适合WPS AI专题页与GEO抢占,,32.0,,,第三方工具-AI SEO,1,
10974,ai到底是啥技术,AI办公,AI工具,AI生成PPT/写作/表格，适合WPS AI专题页与GEO抢占,,277.0,,,第三方工具-AI SEO,1,
10975,ai智能教育,AI办公,AI工具,AI生成PPT/写作/表格，适合WPS AI专题页与GEO抢占,,123.0,,,第三方工具-AI SEO,1,
10976,ai动画生成器,AI办公,AI工具,AI生成PPT/写作/表格，适合WPS AI专题页与GEO抢占,,27.0,,,第三方工具-AI SEO,1,
10977,人工ai智能,AI办公,AI工具,AI生成PPT/写作/表格，适合WPS AI专题页与GEO抢占,,31.0,,,第三方工具-AI SEO,1,
10978,ai一键生成logo,AI办公,AI工具,AI生成PPT/写作/表格，适合WPS AI专题页与GEO抢占,,23.0,,,第三方工具-AI SEO,1,
10979,ai制作视频,AI办公,AI工具,AI生成PPT/写作/表格，适合WPS AI专题页与GEO抢占,,40.0,,,第三方工具-AI SEO,1,
10980,ai怎么做logo,AI办公,AI工具,AI生成PPT/写作/表格，适合WPS AI专题页与GEO抢占,,23.0,,,第三方工具-AI SEO,1,
10981,ai制作海报,AI办公,AI工具,AI生成PPT/写作/表格，适合WPS AI专题页与GEO抢占,,32.0,,,第三方工具-AI SEO,1,
10982,ai技术的应用,AI办公,AI工具,AI生成PPT/写作/表格，适合WPS AI专题页与GEO抢占,,118.0,,,第三方工具-AI SEO,1,
10983,ai生成图片软件,AI办公,AI工具,AI生成PPT/写作/表格，适合WPS AI专题页与GEO抢占,,14.0,,,第三方工具-AI SEO,1,
10984,ai画画生成器,AI办公,AI工具,AI生成PPT/写作/表格，适合WPS AI专题页与GEO抢占,,23.0,,,第三方工具-AI SEO,1,
10985,ai生成图片在线制作,AI办公,AI工具,AI生成PPT/写作/表格，适合WPS AI专题页与GEO抢占,,16.0,,,第三方工具-AI SEO,1,
10986,ai生成艺术字,AI办公,AI工具,AI生成PPT/写作/表格，适合WPS AI专题页与GEO抢占,,15.0,,,第三方工具-AI SEO,1,
10987,ai绘图在线生成,AI办公,AI工具,AI生成PPT/写作/表格，适合WPS AI专题页与GEO抢占,,15.0,,,第三方工具-AI SEO,1,
10988,ai制图生成器,AI办公,AI工具,AI生成PPT/写作/表格，适合WPS AI专题页与GEO抢占,,14.0,,,第三方工具-AI SEO,1,
10989,智能ai机器人,AI办公,AI工具,AI生成PPT/写作/表格，适合WPS AI专题页与GEO抢占,,20.0,,,第三方工具-AI SEO,1,
10990,画图ai自动生成图,AI办公,AI工具,AI生成PPT/写作/表格，适合WPS AI专题页与GEO抢占,,139.0,,,第三方工具-AI SEO,1,
10991,ai制作,AI办公,AI工具,AI生成PPT/写作/表格，适合WPS AI专题页与GEO抢占,,11.0,,,第三方工具-AI SEO,1,
10992,ai取名生成器,AI办公,AI工具,AI生成PPT/写作/表格，适合WPS AI专题页与GEO抢占,,28.0,,,第三方工具-AI SEO,1,
10993,ai作画在线生成,AI办公,AI工具,AI生成PPT/写作/表格，适合WPS AI专题页与GEO抢占,,14.0,,,第三方工具-AI SEO,1,
10994,图片ai生成,AI办公,AI工具,AI生成PPT/写作/表格，适合WPS AI专题页与GEO抢占,,9.0,,,第三方工具-AI SEO,1,
10995,ai答题智能机器人,AI办公,AI工具,AI生成PPT/写作/表格，适合WPS AI专题页与GEO抢占,,32.0,,,第三方工具-AI SEO,1,
10996,ai智能是什么,AI办公,AI工具,AI生成PPT/写作/表格，适合WPS AI专题页与GEO抢占,,16.0,,,第三方工具-AI SEO,1,
10997,ai智能办公,AI办公,AI工具,AI生成PPT/写作/表格，适合WPS AI专题页与GEO抢占,,16.0,,,第三方工具-AI SEO,1,
10998,ai生成动画软件免费,AI办公,AI工具,AI生成PPT/写作/表格，适合WPS AI专题页与GEO抢占,,15.0,,,第三方工具-AI SEO,1,
10999,可以生成图片的ai,AI办公,AI工具,AI生成PPT/写作/表格，适合WPS AI专题页与GEO抢占,,11.0,,,第三方工具-AI SEO,1,
11000,ai技术培训,AI办公,AI工具,AI生成PPT/写作/表格，适合WPS AI专题页与GEO抢占,,52.0,,,第三方工具-AI SEO,1,
11001,ai智能外呼,AI办公,AI工具,AI生成PPT/写作/表格，适合WPS AI专题页与GEO抢占,,161.0,,,第三方工具-AI SEO,1,
11002,ai绘画生成器,AI办公,AI工具,AI生成PPT/写作/表格，适合WPS AI专题页与GEO抢占,,78.0,,,第三方工具-AI SEO,1,
11003,ai绘图生成,AI办公,AI工具,AI生成PPT/写作/表格，适合WPS AI专题页与GEO抢占,,20.0,,,第三方工具-AI SEO,1,
11004,ai制作动画,AI办公,AI工具,AI生成PPT/写作/表格，适合WPS AI专题页与GEO抢占,,8.0,,,第三方工具-AI SEO,1,
11005,ai自动生成绘画软件,AI办公,AI工具,AI生成PPT/写作/表格，适合WPS AI专题页与GEO抢占,,176.0,,,第三方工具-AI SEO,1,
11006,AI生成3D模型,AI办公,AI工具,AI生成PPT/写作/表格，适合WPS AI专题页与GEO抢占,,6.0,,,第三方工具-AI SEO,1,
11007,ai智能抠图软件,AI办公,AI工具,AI生成PPT/写作/表格，适合WPS AI专题页与GEO抢占,,9.0,,,第三方工具-AI SEO,1,
11008,ai漫画图片生成,AI办公,AI工具,AI生成PPT/写作/表格，适合WPS AI专题页与GEO抢占,,9.0,,,第三方工具-AI SEO,1,
11009,ai网站生成器,AI办公,AI工具,AI生成PPT/写作/表格，适合WPS AI专题页与GEO抢占,,6.0,,,第三方工具-AI SEO,1,
11010,ai制作logo,AI办公,AI工具,AI生成PPT/写作/表格，适合WPS AI专题页与GEO抢占,,10.0,,,第三方工具-AI SEO,1,
11011,ai人工智能课程,AI办公,AI工具,AI生成PPT/写作/表格，适合WPS AI专题页与GEO抢占,,17.0,,,第三方工具-AI SEO,1,
11012,用ai做logo,AI办公,AI工具,AI生成PPT/写作/表格，适合WPS AI专题页与GEO抢占,,8.0,,,第三方工具-AI SEO,1,
11013,ai动画制作,AI办公,AI工具,AI生成PPT/写作/表格，适合WPS AI专题页与GEO抢占,,7.0,,,第三方工具-AI SEO,1,
11014,ai怎么画logo,AI办公,AI工具,AI生成PPT/写作/表格，适合WPS AI专题页与GEO抢占,,7.0,,,第三方工具-AI SEO,1,
11015,ai智能生成海报,AI办公,AI工具,AI生成PPT/写作/表格，适合WPS AI专题页与GEO抢占,,9.0,,,第三方工具-AI SEO,1,
11016,ai绘图生成免费,AI办公,AI工具,AI生成PPT/写作/表格，适合WPS AI专题页与GEO抢占,,8.0,,,第三方工具-AI SEO,1,
11017,ai免费生成logo,AI办公,AI工具,AI生成PPT/写作/表格，适合WPS AI专题页与GEO抢占,,5.0,,,第三方工具-AI SEO,1,
11018,ai设计logo教程,AI办公,AI工具,AI生成PPT/写作/表格，适合WPS AI专题页与GEO抢占,,5.0,,,第三方工具-AI SEO,1,
11019,ai智能客服系统,AI办公,AI工具,AI生成PPT/写作/表格，适合WPS AI专题页与GEO抢占,,9.0,,,第三方工具-AI SEO,1,
11020,ai绘画一键生成绘画,AI办公,AI工具,AI生成PPT/写作/表格，适合WPS AI专题页与GEO抢占,,10.0,,,第三方工具-AI SEO,1,
11021,免费ai视频生成,AI办公,AI工具,AI生成PPT/写作/表格，适合WPS AI专题页与GEO抢占,,3.0,,,第三方工具-AI SEO,1,
11022,ai在线生成图片,AI办公,AI工具,AI生成PPT/写作/表格，适合WPS AI专题页与GEO抢占,,3.0,,,第三方工具-AI SEO,1,
11023,ai生成模型,AI办公,AI工具,AI生成PPT/写作/表格，适合WPS AI专题页与GEO抢占,,3.0,,,第三方工具-AI SEO,1,
11024,免费ai生成图片,AI办公,AI工具,AI生成PPT/写作/表格，适合WPS AI专题页与GEO抢占,,3.0,,,第三方工具-AI SEO,1,
11025,AI视频怎么制作,AI办公,AI工具,AI生成PPT/写作/表格，适合WPS AI专题页与GEO抢占,,9.0,,,第三方工具-AI SEO,1,
11026,智能ai是什么,AI办公,AI工具,AI生成PPT/写作/表格，适合WPS AI专题页与GEO抢占,,5.0,,,第三方工具-AI SEO,1,
11027,ai视频自动生成原创,AI办公,AI工具,AI生成PPT/写作/表格，适合WPS AI专题页与GEO抢占,,5.0,,,第三方工具-AI SEO,1,
11028,ai卡通人物生成,AI办公,AI工具,AI生成PPT/写作/表格，适合WPS AI专题页与GEO抢占,,4.0,,,第三方工具-AI SEO,1,
11029,ai海报制作,AI办公,AI工具,AI生成PPT/写作/表格，适合WPS AI专题页与GEO抢占,,6.0,,,第三方工具-AI SEO,1,
11030,ai网页制作,AI办公,AI工具,AI生成PPT/写作/表格，适合WPS AI专题页与GEO抢占,,5.0,,,第三方工具-AI SEO,1,
11031,ai智能质检系统,AI办公,AI工具,AI生成PPT/写作/表格，适合WPS AI专题页与GEO抢占,,3.0,,,第三方工具-AI SEO,1,
11032,ai生成图片免费,AI办公,AI工具,AI生成PPT/写作/表格，适合WPS AI专题页与GEO抢占,,12.0,,,第三方工具-AI SEO,1,
11033,ai智能抠图,AI办公,AI工具,AI生成PPT/写作/表格，适合WPS AI专题页与GEO抢占,,99.0,,,第三方工具-AI SEO,1,
11034,ai智能电销机器人,AI办公,AI工具,AI生成PPT/写作/表格，适合WPS AI专题页与GEO抢占,,5.0,,,第三方工具-AI SEO,1,
11035,AI动图生成器,AI办公,AI工具,AI生成PPT/写作/表格，适合WPS AI专题页与GEO抢占,,6.0,,,第三方工具-AI SEO,1,
11036,ai生成视频免费,AI办公,AI工具,AI生成PPT/写作/表格，适合WPS AI专题页与GEO抢占,,2.0,,,第三方工具-AI SEO,1,
11037,ai技术应用,AI办公,AI工具,AI生成PPT/写作/表格，适合WPS AI专题页与GEO抢占,,67.0,,,第三方工具-AI SEO,1,
11038,ai识别技术,AI办公,AI工具,AI生成PPT/写作/表格，适合WPS AI专题页与GEO抢占,,6.0,,,第三方工具-AI SEO,1,
11039,ai智能外呼系统,AI办公,AI工具,AI生成PPT/写作/表格，适合WPS AI专题页与GEO抢占,,10.0,,,第三方工具-AI SEO,1,
11040,ai人工智能是什么,AI办公,AI工具,AI生成PPT/写作/表格，适合WPS AI专题页与GEO抢占,,9.0,,,第三方工具-AI SEO,1,
11041,ai智能系统,AI办公,AI工具,AI生成PPT/写作/表格，适合WPS AI专题页与GEO抢占,,7.0,,,第三方工具-AI SEO,1,
11042,ai智能手机,AI办公,AI工具,AI生成PPT/写作/表格，适合WPS AI专题页与GEO抢占,,2.0,,,第三方工具-AI SEO,1,
11043,ai智能公司起名,AI办公,AI工具,AI生成PPT/写作/表格，适合WPS AI专题页与GEO抢占,,2.0,,,第三方工具-AI SEO,1,
11044,一键生成ai绘画,AI办公,AI工具,AI生成PPT/写作/表格，适合WPS AI专题页与GEO抢占,,9.0,,,第三方工具-AI SEO,1,
11045,ai绘画生成,AI办公,AI工具,AI生成PPT/写作/表格，适合WPS AI专题页与GEO抢占,,7.0,,,第三方工具-AI SEO,1,
11046,ai生成标题,AI办公,AI工具,AI生成PPT/写作/表格，适合WPS AI专题页与GEO抢占,,2.0,,,第三方工具-AI SEO,1,
11047,ai生成职业照,AI办公,AI工具,AI生成PPT/写作/表格，适合WPS AI专题页与GEO抢占,,2.0,,,第三方工具-AI SEO,1,
11048,AI生成表情包,AI办公,AI工具,AI生成PPT/写作/表格，适合WPS AI专题页与GEO抢占,,2.0,,,第三方工具-AI SEO,1,
11049,ai制作海报教程全过程,AI办公,AI工具,AI生成PPT/写作/表格，适合WPS AI专题页与GEO抢占,,2.0,,,第三方工具-AI SEO,1,
11050,ai技术发展,AI办公,AI工具,AI生成PPT/写作/表格，适合WPS AI专题页与GEO抢占,,15.0,,,第三方工具-AI SEO,1,
11051,人工智能ai技术,AI办公,AI工具,AI生成PPT/写作/表格，适合WPS AI专题页与GEO抢占,,6.0,,,第三方工具-AI SEO,1,
11052,华为ai人工智能,AI办公,AI工具,AI生成PPT/写作/表格，适合WPS AI专题页与GEO抢占,,80.0,,,第三方工具-AI SEO,1,
11053,ai智能设计,AI办公,AI工具,AI生成PPT/写作/表格，适合WPS AI专题页与GEO抢占,,16.0,,,第三方工具-AI SEO,1,
11054,AI智能恋情,AI办公,AI工具,AI生成PPT/写作/表格，适合WPS AI专题页与GEO抢占,,9.0,,,第三方工具-AI SEO,1,
11055,ai智能识别,AI办公,AI工具,AI生成PPT/写作/表格，适合WPS AI专题页与GEO抢占,,3.0,,,第三方工具-AI SEO,1,
11056,ai智能学习机,AI办公,AI工具,AI生成PPT/写作/表格，适合WPS AI专题页与GEO抢占,,3.0,,,第三方工具-AI SEO,1,
11057,ai智能营销系统,AI办公,AI工具,AI生成PPT/写作/表格，适合WPS AI专题页与GEO抢占,,2.0,,,第三方工具-AI SEO,1,
11058,ai绘画一键生成绘画免费,AI办公,AI工具,AI生成PPT/写作/表格，适合WPS AI专题页与GEO抢占,,7.0,,,第三方工具-AI SEO,1,
11059,生成ai,AI办公,AI工具,AI生成PPT/写作/表格，适合WPS AI专题页与GEO抢占,,1.0,,,第三方工具-AI SEO,1,
11060,ai作画生成器在线,AI办公,AI工具,AI生成PPT/写作/表格，适合WPS AI专题页与GEO抢占,,1.0,,,第三方工具-AI SEO,1,
11061,免费ai图片生成,AI办公,AI工具,AI生成PPT/写作/表格，适合WPS AI专题页与GEO抢占,,1.0,,,第三方工具-AI SEO,1,
11062,ai绘画生成器免费网站,AI办公,AI工具,AI生成PPT/写作/表格，适合WPS AI专题页与GEO抢占,,1.0,,,第三方工具-AI SEO,1,
11063,ai技术员,AI办公,AI工具,AI生成PPT/写作/表格，适合WPS AI专题页与GEO抢占,,3.0,,,第三方工具-AI SEO,1,
11064,ai和人工智能区别,AI办公,AI工具,AI生成PPT/写作/表格，适合WPS AI专题页与GEO抢占,,28.0,,,第三方工具-AI SEO,1,
11065,ai人工智能图片放大,AI办公,AI工具,AI生成PPT/写作/表格，适合WPS AI专题页与GEO抢占,,6.0,,,第三方工具-AI SEO,1,
11066,ai智能营销,AI办公,AI工具,AI生成PPT/写作/表格，适合WPS AI专题页与GEO抢占,,5.0,,,第三方工具-AI SEO,1,
11067,AI智能监控摄像头,AI办公,AI工具,AI生成PPT/写作/表格，适合WPS AI专题页与GEO抢占,,4.0,,,第三方工具-AI SEO,1,
11068,ai智能家居,AI办公,AI工具,AI生成PPT/写作/表格，适合WPS AI专题页与GEO抢占,,2.0,,,第三方工具-AI SEO,1,
11069,人工智能ai明星,AI办公,AI工具,AI生成PPT/写作/表格，适合WPS AI专题页与GEO抢占,,2.0,,,第三方工具-AI SEO,1,
11070,logo设计ai生成,AI办公,AI工具,AI生成PPT/写作/表格，适合WPS AI专题页与GEO抢占,,7.0,,,第三方工具-AI SEO,1,
11071,ai自动生成艺术字,AI办公,AI工具,AI生成PPT/写作/表格，适合WPS AI专题页与GEO抢占,,6.0,,,第三方工具-AI SEO,1,
11072,ai生成美女,AI办公,AI工具,AI生成PPT/写作/表格，适合WPS AI专题页与GEO抢占,,3.0,,,第三方工具-AI SEO,1,
11073,ai生成绘画,AI办公,AI工具,AI生成PPT/写作/表格，适合WPS AI专题页与GEO抢占,,2.0,,,第三方工具-AI SEO,1,
11074,ai生成房间设计图,AI办公,AI工具,AI生成PPT/写作/表格，适合WPS AI专题页与GEO抢占,,2.0,,,第三方工具-AI SEO,1,
11075,在线ai生成图片,AI办公,AI工具,AI生成PPT/写作/表格，适合WPS AI专题页与GEO抢占,,1.0,,,第三方工具-AI SEO,1,
11076,ai生成logo软件,AI办公,AI工具,AI生成PPT/写作/表格，适合WPS AI专题页与GEO抢占,,1.0,,,第三方工具-AI SEO,1,
11077,ai公司起名生成器,AI办公,AI工具,AI生成PPT/写作/表格，适合WPS AI专题页与GEO抢占,,1.0,,,第三方工具-AI SEO,1,
11078,ai绘画在线生成器,AI办公,AI工具,AI生成PPT/写作/表格，适合WPS AI专题页与GEO抢占,,1.0,,,第三方工具-AI SEO,1,
11079,用ai设计logo,AI办公,AI工具,AI生成PPT/写作/表格，适合WPS AI专题页与GEO抢占,,7.0,,,第三方工具-AI SEO,1,
11080,怎么用ai设计logo,AI办公,AI工具,AI生成PPT/写作/表格，适合WPS AI专题页与GEO抢占,,1.0,,,第三方工具-AI SEO,1,
11081,ai新技术,AI办公,AI工具,AI生成PPT/写作/表格，适合WPS AI专题页与GEO抢占,,6.0,,,第三方工具-AI SEO,1,
11082,ai应用技术,AI办公,AI工具,AI生成PPT/写作/表格，适合WPS AI专题页与GEO抢占,,2.0,,,第三方工具-AI SEO,1,
11083,ai智能聊天,AI办公,AI工具,AI生成PPT/写作/表格，适合WPS AI专题页与GEO抢占,,10.0,,,第三方工具-AI SEO,1,
11084,ai智能机器人对话,AI办公,AI工具,AI生成PPT/写作/表格，适合WPS AI专题页与GEO抢占,,4.0,,,第三方工具-AI SEO,1,
11085,ai智能硬件,AI办公,AI工具,AI生成PPT/写作/表格，适合WPS AI专题页与GEO抢占,,3.0,,,第三方工具-AI SEO,1,
11086,ai人工智能机器人,AI办公,AI工具,AI生成PPT/写作/表格，适合WPS AI专题页与GEO抢占,,2.0,,,第三方工具-AI SEO,1,
11087,AI智能质检,AI办公,AI工具,AI生成PPT/写作/表格，适合WPS AI专题页与GEO抢占,,2.0,,,第三方工具-AI SEO,1,
11088,ai智能学车,AI办公,AI工具,AI生成PPT/写作/表格，适合WPS AI专题页与GEO抢占,,2.0,,,第三方工具-AI SEO,1,
11089,ai人工智能换脸视频网站,AI办公,AI工具,AI生成PPT/写作/表格，适合WPS AI专题页与GEO抢占,,1.0,,,第三方工具-AI SEO,1,
11090,智能ai平台,AI办公,AI工具,AI生成PPT/写作/表格，适合WPS AI专题页与GEO抢占,,1.0,,,第三方工具-AI SEO,1,
11091,人工智能ai换脸,AI办公,AI工具,AI生成PPT/写作/表格，适合WPS AI专题页与GEO抢占,,1.0,,,第三方工具-AI SEO,1,
11092,智能AI客服,AI办公,AI工具,AI生成PPT/写作/表格，适合WPS AI专题页与GEO抢占,,1.0,,,第三方工具-AI SEO,1,
11093,人工智能ai教育,AI办公,AI工具,AI生成PPT/写作/表格，适合WPS AI专题页与GEO抢占,,1.0,,,第三方工具-AI SEO,1,
11094,ai内容生成,AI办公,AI工具,AI生成PPT/写作/表格，适合WPS AI专题页与GEO抢占,,,,,第三方工具-AI SEO,1,
11095,ai生成电影,AI办公,AI工具,AI生成PPT/写作/表格，适合WPS AI专题页与GEO抢占,,,,,第三方工具-AI SEO,1,
11096,ai绘画免费生成软件,AI办公,AI工具,AI生成PPT/写作/表格，适合WPS AI专题页与GEO抢占,,,,,第三方工具-AI SEO,1,
11097,ai艺术字生成,AI办公,AI工具,AI生成PPT/写作/表格，适合WPS AI专题页与GEO抢占,,,,,第三方工具-AI SEO,1,
11098,AI绘画生成器网站,AI办公,AI工具,AI生成PPT/写作/表格，适合WPS AI专题页与GEO抢占,,,,,第三方工具-AI SEO,1,
11099,生成视频的ai模型,AI办公,AI工具,AI生成PPT/写作/表格，适合WPS AI专题页与GEO抢占,,,,,第三方工具-AI SEO,1,
11100,ai自动生成logo,AI办公,AI工具,AI生成PPT/写作/表格，适合WPS AI专题页与GEO抢占,,,,,第三方工具-AI SEO,1,
11101,ai生成er图,AI办公,AI工具,AI生成PPT/写作/表格，适合WPS AI专题页与GEO抢占,,,,,第三方工具-AI SEO,1,
11102,ai生成三维模型,AI办公,AI工具,AI生成PPT/写作/表格，适合WPS AI专题页与GEO抢占,,,,,第三方工具-AI SEO,1,
11103,ai绘画生成器免费,AI办公,AI工具,AI生成PPT/写作/表格，适合WPS AI专题页与GEO抢占,,6.0,,,第三方工具-AI SEO,1,
11104,免费ai视频生成软件,AI办公,AI工具,AI生成PPT/写作/表格，适合WPS AI专题页与GEO抢占,,4.0,,,第三方工具-AI SEO,1,
11105,ai生成条形码,AI办公,AI工具,AI生成PPT/写作/表格，适合WPS AI专题页与GEO抢占,,1.0,,,第三方工具-AI SEO,1,
11106,ai头像制作生成器,AI办公,AI工具,AI生成PPT/写作/表格，适合WPS AI专题页与GEO抢占,,1.0,,,第三方工具-AI SEO,1,
11107,ai绘画在线生成图片,AI办公,AI工具,AI生成PPT/写作/表格，适合WPS AI专题页与GEO抢占,,1.0,,,第三方工具-AI SEO,1,
11108,ai制作教程,AI办公,AI工具,AI生成PPT/写作/表格，适合WPS AI专题页与GEO抢占,,1.0,,,第三方工具-AI SEO,1,
11109,ai怎么设计logo,AI办公,AI工具,AI生成PPT/写作/表格，适合WPS AI专题页与GEO抢占,,1.0,,,第三方工具-AI SEO,1,
11110,ai换脸技术,AI办公,AI工具,AI生成PPT/写作/表格，适合WPS AI专题页与GEO抢占,,,,,第三方工具-AI SEO,1,
11111,ai绘画技术,AI办公,AI工具,AI生成PPT/写作/表格，适合WPS AI专题页与GEO抢占,,3.0,,,第三方工具-AI SEO,1,
11112,AI前沿技术,AI办公,AI工具,AI生成PPT/写作/表格，适合WPS AI专题页与GEO抢占,,1.0,,,第三方工具-AI SEO,1,
11113,ai技术有哪些应用,AI办公,AI工具,AI生成PPT/写作/表格，适合WPS AI专题页与GEO抢占,,1.0,,,第三方工具-AI SEO,1,
11114,人工智能ai在线,AI办公,AI工具,AI生成PPT/写作/表格，适合WPS AI专题页与GEO抢占,,,,,第三方工具-AI SEO,1,
11115,ai人工智能平台,AI办公,AI工具,AI生成PPT/写作/表格，适合WPS AI专题页与GEO抢占,,48.0,,,第三方工具-AI SEO,1,
11116,ai人工智能是什么意思,AI办公,AI工具,AI生成PPT/写作/表格，适合WPS AI专题页与GEO抢占,,31.0,,,第三方工具-AI SEO,1,
11117,AI智能人工看相,AI办公,AI工具,AI生成PPT/写作/表格，适合WPS AI专题页与GEO抢占,,25.0,,,第三方工具-AI SEO,1,
11118,ai人工智能图片,AI办公,AI工具,AI生成PPT/写作/表格，适合WPS AI专题页与GEO抢占,,17.0,,,第三方工具-AI SEO,1,
11119,ai智能填报志愿,AI办公,AI工具,AI生成PPT/写作/表格，适合WPS AI专题页与GEO抢占,,10.0,,,第三方工具-AI SEO,1,
11120,ai智能学习,AI办公,AI工具,AI生成PPT/写作/表格，适合WPS AI专题页与GEO抢占,,5.0,,,第三方工具-AI SEO,1,
11121,ai智能英语,AI办公,AI工具,AI生成PPT/写作/表格，适合WPS AI专题页与GEO抢占,,2.0,,,第三方工具-AI SEO,1,
11122,ai智能回复机器人,AI办公,AI工具,AI生成PPT/写作/表格，适合WPS AI专题页与GEO抢占,,1.0,,,第三方工具-AI SEO,1,
11123,ai智能大模型,AI办公,AI工具,AI生成PPT/写作/表格，适合WPS AI专题页与GEO抢占,,1.0,,,第三方工具-AI SEO,1,
11124,松鼠智能ai,AI办公,AI工具,AI生成PPT/写作/表格，适合WPS AI专题页与GEO抢占,,1.0,,,第三方工具-AI SEO,1,
11125,ai智能音响,AI办公,AI工具,AI生成PPT/写作/表格，适合WPS AI专题页与GEO抢占,,1.0,,,第三方工具-AI SEO,1,
11126,智能客服ai,AI办公,AI工具,AI生成PPT/写作/表格，适合WPS AI专题页与GEO抢占,,1.0,,,第三方工具-AI SEO,1,
11127,人工智能ai视频,AI办公,AI工具,AI生成PPT/写作/表格，适合WPS AI专题页与GEO抢占,,1.0,,,第三方工具-AI SEO,1,
11128,ai人工智能网,AI办公,AI工具,AI生成PPT/写作/表格，适合WPS AI专题页与GEO抢占,,,,,第三方工具-AI SEO,1,
11129,微软ai人工智能,AI办公,AI工具,AI生成PPT/写作/表格，适合WPS AI专题页与GEO抢占,,,,,第三方工具-AI SEO,1,
11130,AI智能检测系统,AI办公,AI工具,AI生成PPT/写作/表格，适合WPS AI专题页与GEO抢占,,,,,第三方工具-AI SEO,1,
11131,ai人工智能大模型,AI办公,AI工具,AI生成PPT/写作/表格，适合WPS AI专题页与GEO抢占,,,,,第三方工具-AI SEO,1,
11132,ai智能音箱哪个品牌好,AI办公,AI工具,AI生成PPT/写作/表格，适合WPS AI专题页与GEO抢占,,,,,第三方工具-AI SEO,1,
11133,ai人工智能软件开发,AI办公,AI工具,AI生成PPT/写作/表格，适合WPS AI专题页与GEO抢占,,,,,第三方工具-AI SEO,1,
11134,AI人工智能测试手相,AI办公,AI工具,AI生成PPT/写作/表格，适合WPS AI专题页与GEO抢占,,,,,第三方工具-AI SEO,1,
11135,ai语音大模型,AI办公,AI工具,AI生成PPT/写作/表格，适合WPS AI专题页与GEO抢占,,,,,第三方工具-AI SEO,1,
11136,绘画ai生成,AI办公,AI工具,AI生成PPT/写作/表格，适合WPS AI专题页与GEO抢占,,,,,第三方工具-AI SEO,1,
11137,ai绘画生成软件,AI办公,AI工具,AI生成PPT/写作/表格，适合WPS AI专题页与GEO抢占,,,,,第三方工具-AI SEO,1,
11138,ai如何生成视频,AI办公,AI工具,AI生成PPT/写作/表格，适合WPS AI专题页与GEO抢占,,,,,第三方工具-AI SEO,1,
11139,ai形状生成工具,AI办公,AI工具,AI生成PPT/写作/表格，适合WPS AI专题页与GEO抢占,,,,,第三方工具-AI SEO,1,
11140,ai标题生成,AI办公,AI工具,AI生成PPT/写作/表格，适合WPS AI专题页与GEO抢占,,,,,第三方工具-AI SEO,1,
11141,AI生成作画,AI办公,AI工具,AI生成PPT/写作/表格，适合WPS AI专题页与GEO抢占,,,,,第三方工具-AI SEO,1,
11142,ai生成系统,AI办公,AI工具,AI生成PPT/写作/表格，适合WPS AI专题页与GEO抢占,,,,,第三方工具-AI SEO,1,
11143,ai自动生成工具,AI办公,AI工具,AI生成PPT/写作/表格，适合WPS AI专题页与GEO抢占,,,,,第三方工具-AI SEO,1,
11144,ai自动生成网站,AI办公,AI工具,AI生成PPT/写作/表格，适合WPS AI专题页与GEO抢占,,,,,第三方工具-AI SEO,1,
11145,生成式ai应用,AI办公,AI工具,AI生成PPT/写作/表格，适合WPS AI专题页与GEO抢占,,,,,第三方工具-AI SEO,1,
11146,ai一键生成小说,AI办公,AI工具,AI生成PPT/写作/表格，适合WPS AI专题页与GEO抢占,,,,,第三方工具-AI SEO,1,
11147,AI梦境生成器,AI办公,AI工具,AI生成PPT/写作/表格，适合WPS AI专题页与GEO抢占,,,,,第三方工具-AI SEO,1,
11148,ai录音生成,AI办公,AI工具,AI生成PPT/写作/表格，适合WPS AI专题页与GEO抢占,,,,,第三方工具-AI SEO,1,
11149,生成式ai软件,AI办公,AI工具,AI生成PPT/写作/表格，适合WPS AI专题页与GEO抢占,,,,,第三方工具-AI SEO,1,
11150,ai怎么生成条形码,AI办公,AI工具,AI生成PPT/写作/表格，适合WPS AI专题页与GEO抢占,,,,,第三方工具-AI SEO,1,
11151,ai条形码怎么生成,AI办公,AI工具,AI生成PPT/写作/表格，适合WPS AI专题页与GEO抢占,,,,,第三方工具-AI SEO,1,
11152,ai生成计划书,AI办公,AI工具,AI生成PPT/写作/表格，适合WPS AI专题页与GEO抢占,,,,,第三方工具-AI SEO,1,
11153,ai绘画关键词生成软件,AI办公,AI工具,AI生成PPT/写作/表格，适合WPS AI专题页与GEO抢占,,,,,第三方工具-AI SEO,1,
11154,ai形状生成工具怎么用,AI办公,AI工具,AI生成PPT/写作/表格，适合WPS AI专题页与GEO抢占,,,,,第三方工具-AI SEO,1,
11155,ai如何生成条形码,AI办公,AI工具,AI生成PPT/写作/表格，适合WPS AI专题页与GEO抢占,,,,,第三方工具-AI SEO,1,
11156,ai自动生成动画软件,AI办公,AI工具,AI生成PPT/写作/表格，适合WPS AI专题页与GEO抢占,,,,,第三方工具-AI SEO,1,
11157,ai生成绘画工具,AI办公,AI工具,AI生成PPT/写作/表格，适合WPS AI专题页与GEO抢占,,,,,第三方工具-AI SEO,1,
11158,ai生成壁纸软件免费,AI办公,AI工具,AI生成PPT/写作/表格，适合WPS AI专题页与GEO抢占,,,,,第三方工具-AI SEO,1,
11159,ai职业照生成,AI办公,AI工具,AI生成PPT/写作/表格，适合WPS AI专题页与GEO抢占,,,,,第三方工具-AI SEO,1,
11160,生成式ai平台,AI办公,AI工具,AI生成PPT/写作/表格，适合WPS AI专题页与GEO抢占,,,,,第三方工具-AI SEO,1,
11161,ai生成商业计划书,AI办公,AI工具,AI生成PPT/写作/表格，适合WPS AI专题页与GEO抢占,,,,,第三方工具-AI SEO,1,
11162,ai3d模型生成,AI办公,AI工具,AI生成PPT/写作/表格，适合WPS AI专题页与GEO抢占,,,,,第三方工具-AI SEO,1,
11163,ai软件如何生成条码,AI办公,AI工具,AI生成PPT/写作/表格，适合WPS AI专题页与GEO抢占,,,,,第三方工具-AI SEO,1,
11164,ai建筑绘画生成软件,AI办公,AI工具,AI生成PPT/写作/表格，适合WPS AI专题页与GEO抢占,,,,,第三方工具-AI SEO,1,
11165,ai绘画是怎么生成的,AI办公,AI工具,AI生成PPT/写作/表格，适合WPS AI专题页与GEO抢占,,,,,第三方工具-AI SEO,1,
11166,ai自动生成诗歌,AI办公,AI工具,AI生成PPT/写作/表格，适合WPS AI专题页与GEO抢占,,,,,第三方工具-AI SEO,1,
11167,ai生成真人图像的软件,AI办公,AI工具,AI生成PPT/写作/表格，适合WPS AI专题页与GEO抢占,,,,,第三方工具-AI SEO,1,
11168,什么叫生成式ai,AI办公,AI工具,AI生成PPT/写作/表格，适合WPS AI专题页与GEO抢占,,,,,第三方工具-AI SEO,1,
11169,AI模型生成,AI办公,AI工具,AI生成PPT/写作/表格，适合WPS AI专题页与GEO抢占,,,,,第三方工具-AI SEO,1,
11170,ai图片生成模型,AI办公,AI工具,AI生成PPT/写作/表格，适合WPS AI专题页与GEO抢占,,,,,第三方工具-AI SEO,1,
11171,ai绘画生成工具,AI办公,AI工具,AI生成PPT/写作/表格，适合WPS AI专题页与GEO抢占,,,,,第三方工具-AI SEO,1,
11172,生成式ai模型,AI办公,AI工具,AI生成PPT/写作/表格，适合WPS AI专题页与GEO抢占,,,,,第三方工具-AI SEO,1,
11173,ai绘画生成网站,AI办公,AI工具,AI生成PPT/写作/表格，适合WPS AI专题页与GEO抢占,,,,,第三方工具-AI SEO,1,
11174,ai绘图生成动漫,AI办公,AI工具,AI生成PPT/写作/表格，适合WPS AI专题页与GEO抢占,,,,,第三方工具-AI SEO,1,
11175,生成式ai 应用,AI办公,AI工具,AI生成PPT/写作/表格，适合WPS AI专题页与GEO抢占,,,,,第三方工具-AI SEO,1,
11176,生成式ai大模型,AI办公,AI工具,AI生成PPT/写作/表格，适合WPS AI专题页与GEO抢占,,,,,第三方工具-AI SEO,1,
11177,AI视频生成模型,AI办公,AI工具,AI生成PPT/写作/表格，适合WPS AI专题页与GEO抢占,,,,,第三方工具-AI SEO,1,
11178,ai画图生成器,AI办公,AI工具,AI生成PPT/写作/表格，适合WPS AI专题页与GEO抢占,,,,,第三方工具-AI SEO,1,
11179,ai绘画关键词生成器,AI办公,AI工具,AI生成PPT/写作/表格，适合WPS AI专题页与GEO抢占,,,,,第三方工具-AI SEO,1,
11180,ai绘图关键词生成器,AI办公,AI工具,AI生成PPT/写作/表格，适合WPS AI专题页与GEO抢占,,,,,第三方工具-AI SEO,1,
11181,AI绘画生成古风人物的关键词,AI办公,AI工具,AI生成PPT/写作/表格，适合WPS AI专题页与GEO抢占,,,,,第三方工具-AI SEO,1,
11182,二次元ai绘画生成器网站,AI办公,AI工具,AI生成PPT/写作/表格，适合WPS AI专题页与GEO抢占,,,,,第三方工具-AI SEO,1,
11183,ai自动生成视频工具,AI办公,AI工具,AI生成PPT/写作/表格，适合WPS AI专题页与GEO抢占,,7.0,,,第三方工具-AI SEO,1,
11184,四维ai照片生成免费,AI办公,AI工具,AI生成PPT/写作/表格，适合WPS AI专题页与GEO抢占,,4.0,,,第三方工具-AI SEO,1,
11185,在线生成AI真人语音,AI办公,AI工具,AI生成PPT/写作/表格，适合WPS AI专题页与GEO抢占,,4.0,,,第三方工具-AI SEO,1,
11186,ai绘画生成器网站入口,AI办公,AI工具,AI生成PPT/写作/表格，适合WPS AI专题页与GEO抢占,,3.0,,,第三方工具-AI SEO,1,
11187,ai自动生成绘画,AI办公,AI工具,AI生成PPT/写作/表格，适合WPS AI专题页与GEO抢占,,1.0,,,第三方工具-AI SEO,1,
11188,ai自动生成绘画软件免费,AI办公,AI工具,AI生成PPT/写作/表格，适合WPS AI专题页与GEO抢占,,1.0,,,第三方工具-AI SEO,1,
11189,ai制作字体,AI办公,AI工具,AI生成PPT/写作/表格，适合WPS AI专题页与GEO抢占,,1.0,,,第三方工具-AI SEO,1,
11190,ai图标制作,AI办公,AI工具,AI生成PPT/写作/表格，适合WPS AI专题页与GEO抢占,,,,,第三方工具-AI SEO,1,
11191,ai效果图制作,AI办公,AI工具,AI生成PPT/写作/表格，适合WPS AI专题页与GEO抢占,,,,,第三方工具-AI SEO,1,
11192,ai制作效果图,AI办公,AI工具,AI生成PPT/写作/表格，适合WPS AI专题页与GEO抢占,,,,,第三方工具-AI SEO,1,
11193,ai海报制作教程,AI办公,AI工具,AI生成PPT/写作/表格，适合WPS AI专题页与GEO抢占,,,,,第三方工具-AI SEO,1,
11194,ai制作网站,AI办公,AI工具,AI生成PPT/写作/表格，适合WPS AI专题页与GEO抢占,,,,,第三方工具-AI SEO,1,
11195,AI封面制作,AI办公,AI工具,AI生成PPT/写作/表格，适合WPS AI专题页与GEO抢占,,,,,第三方工具-AI SEO,1,
11196,ai广告制作,AI办公,AI工具,AI生成PPT/写作/表格，适合WPS AI专题页与GEO抢占,,,,,第三方工具-AI SEO,1,
11197,ai矢量图制作,AI办公,AI工具,AI生成PPT/写作/表格，适合WPS AI专题页与GEO抢占,,,,,第三方工具-AI SEO,1,
11198,ai制作矢量图,AI办公,AI工具,AI生成PPT/写作/表格，适合WPS AI专题页与GEO抢占,,,,,第三方工具-AI SEO,1,
11199,ai制作立体字,AI办公,AI工具,AI生成PPT/写作/表格，适合WPS AI专题页与GEO抢占,,,,,第三方工具-AI SEO,1,
11200,ai制作网页,AI办公,AI工具,AI生成PPT/写作/表格，适合WPS AI专题页与GEO抢占,,,,,第三方工具-AI SEO,1,
11201,ai制作图标,AI办公,AI工具,AI生成PPT/写作/表格，适合WPS AI专题页与GEO抢占,,,,,第三方工具-AI SEO,1,
11202,ai如何制作网格,AI办公,AI工具,AI生成PPT/写作/表格，适合WPS AI专题页与GEO抢占,,,,,第三方工具-AI SEO,1,
11203,ai制作logo教程,AI办公,AI工具,AI生成PPT/写作/表格，适合WPS AI专题页与GEO抢占,,,,,第三方工具-AI SEO,1,
11204,ai制作广告海报,AI办公,AI工具,AI生成PPT/写作/表格，适合WPS AI专题页与GEO抢占,,,,,第三方工具-AI SEO,1,
11205,视频ai配音怎么制作,AI办公,AI工具,AI生成PPT/写作/表格，适合WPS AI专题页与GEO抢占,,,,,第三方工具-AI SEO,1,
11206,ai音乐制作网站,AI办公,AI工具,AI生成PPT/写作/表格，适合WPS AI专题页与GEO抢占,,,,,第三方工具-AI SEO,1,
11207,ai制作logo实例教程,AI办公,AI工具,AI生成PPT/写作/表格，适合WPS AI专题页与GEO抢占,,,,,第三方工具-AI SEO,1,
11208,如何制作人工智能ai,AI办公,AI工具,AI生成PPT/写作/表格，适合WPS AI专题页与GEO抢占,,,,,第三方工具-AI SEO,1,
11209,ai笔刷制作,AI办公,AI工具,AI生成PPT/写作/表格，适合WPS AI专题页与GEO抢占,,,,,第三方工具-AI SEO,1,
11210,ai名片制作,AI办公,AI工具,AI生成PPT/写作/表格，适合WPS AI专题页与GEO抢占,,,,,第三方工具-AI SEO,1,
11211,ai模型制作,AI办公,AI工具,AI生成PPT/写作/表格，适合WPS AI专题页与GEO抢占,,,,,第三方工具-AI SEO,1,
11212,ai大模型制作,AI办公,AI工具,AI生成PPT/写作/表格，适合WPS AI专题页与GEO抢占,,,,,第三方工具-AI SEO,1,
11213,ai怎么制作网页,AI办公,AI工具,AI生成PPT/写作/表格，适合WPS AI专题页与GEO抢占,,,,,第三方工具-AI SEO,1,
11214,ai设计logo,AI办公,AI工具,AI生成PPT/写作/表格，适合WPS AI专题页与GEO抢占,,,,,第三方工具-AI SEO,1,
11215,ai做logo,AI办公,AI工具,AI生成PPT/写作/表格，适合WPS AI专题页与GEO抢占,,,,,第三方工具-AI SEO,1,
11216,怎么用ai做logo,AI办公,AI工具,AI生成PPT/写作/表格，适合WPS AI专题页与GEO抢占,,1.0,,,第三方工具-AI SEO,1,
11217,如何用ai设计logo,AI办公,AI工具,AI生成PPT/写作/表格，适合WPS AI专题页与GEO抢占,,,,,第三方工具-AI SEO,1,
11218,ai设计logo步骤,AI办公,AI工具,AI生成PPT/写作/表格，适合WPS AI专题页与GEO抢占,,,,,第三方工具-AI SEO,1,
11219,ai技术,AI办公,AI工具,AI生成PPT/写作/表格，适合WPS AI专题页与GEO抢占,,,,,第三方工具-AI SEO,1,
11220,什么是ai技术,AI办公,AI工具,AI生成PPT/写作/表格，适合WPS AI专题页与GEO抢占,,,,,第三方工具-AI SEO,1,
11221,ai是什么技术,AI办公,AI工具,AI生成PPT/写作/表格，适合WPS AI专题页与GEO抢占,,,,,第三方工具-AI SEO,1,
11222,什么叫ai技术,AI办公,AI工具,AI生成PPT/写作/表格，适合WPS AI专题页与GEO抢占,,,,,第三方工具-AI SEO,1,
11223,ai技术是什么技术,AI办公,AI工具,AI生成PPT/写作/表格，适合WPS AI专题页与GEO抢占,,,,,第三方工具-AI SEO,1,
11224,ai技术包括哪些技术,AI办公,AI工具,AI生成PPT/写作/表格，适合WPS AI专题页与GEO抢占,,,,,第三方工具-AI SEO,1,
11225,ai技术是什么,AI办公,AI工具,AI生成PPT/写作/表格，适合WPS AI专题页与GEO抢占,,,,,第三方工具-AI SEO,1,
11226,ai人工智能技术,AI办公,AI工具,AI生成PPT/写作/表格，适合WPS AI专题页与GEO抢占,,,,,第三方工具-AI SEO,1,
11227,ai人脸识别技术,AI办公,AI工具,AI生成PPT/写作/表格，适合WPS AI专题页与GEO抢占,,,,,第三方工具-AI SEO,1,
11228,ai技术有哪些,AI办公,AI工具,AI生成PPT/写作/表格，适合WPS AI专题页与GEO抢占,,,,,第三方工具-AI SEO,1,
11229,ai智能技术,AI办公,AI工具,AI生成PPT/写作/表格，适合WPS AI专题页与GEO抢占,,12.0,,,第三方工具-AI SEO,1,
11230,ai技术换脸,AI办公,AI工具,AI生成PPT/写作/表格，适合WPS AI专题页与GEO抢占,,8.0,,,第三方工具-AI SEO,1,
11231,ai技术学习,AI办公,AI工具,AI生成PPT/写作/表格，适合WPS AI专题页与GEO抢占,,4.0,,,第三方工具-AI SEO,1,
11232,ai技术员招聘,AI办公,AI工具,AI生成PPT/写作/表格，适合WPS AI专题页与GEO抢占,,2.0,,,第三方工具-AI SEO,1,
11233,ai换脸技术教程,AI办公,AI工具,AI生成PPT/写作/表格，适合WPS AI专题页与GEO抢占,,,,,第三方工具-AI SEO,1,
11234,ai技术应用领域,AI办公,AI工具,AI生成PPT/写作/表格，适合WPS AI专题页与GEO抢占,,,,,第三方工具-AI SEO,1,
11235,ai新技术是什么,AI办公,AI工具,AI生成PPT/写作/表格，适合WPS AI专题页与GEO抢占,,,,,第三方工具-AI SEO,1,
11236,ai技术的现实应用,AI办公,AI工具,AI生成PPT/写作/表格，适合WPS AI专题页与GEO抢占,,,,,第三方工具-AI SEO,1,
11237,ai图像识别技术原理,AI办公,AI工具,AI生成PPT/写作/表格，适合WPS AI专题页与GEO抢占,,,,,第三方工具-AI SEO,1,
11238,ai技术是什么意思啊,AI办公,AI工具,AI生成PPT/写作/表格，适合WPS AI专题页与GEO抢占,,,,,第三方工具-AI SEO,1,
11239,ai大模型技术,AI办公,AI工具,AI生成PPT/写作/表格，适合WPS AI专题页与GEO抢占,,,,,第三方工具-AI SEO,1,
11240,ai大模型技术架构,AI办公,AI工具,AI生成PPT/写作/表格，适合WPS AI专题页与GEO抢占,,,,,第三方工具-AI SEO,1,
11241,ai智能,AI办公,AI工具,AI生成PPT/写作/表格，适合WPS AI专题页与GEO抢占,,,,,第三方工具-AI SEO,1,
11242,ai人工智能,AI办公,AI工具,AI生成PPT/写作/表格，适合WPS AI专题页与GEO抢占,,,,,第三方工具-AI SEO,1,
11243,人工智能ai,AI办公,AI工具,AI生成PPT/写作/表格，适合WPS AI专题页与GEO抢占,,,,,第三方工具-AI SEO,1,
11244,ai智能客服机器人,AI办公,AI工具,AI生成PPT/写作/表格，适合WPS AI专题页与GEO抢占,,,,,第三方工具-AI SEO,1,
11245,人工智能ai软件,AI办公,AI工具,AI生成PPT/写作/表格，适合WPS AI专题页与GEO抢占,,,,,第三方工具-AI SEO,1,
11246,智能ai,AI办公,AI工具,AI生成PPT/写作/表格，适合WPS AI专题页与GEO抢占,,,,,第三方工具-AI SEO,1,
11247,ai智能问答,AI办公,AI工具,AI生成PPT/写作/表格，适合WPS AI专题页与GEO抢占,,,,,第三方工具-AI SEO,1,
11248,AI智能聊天机器人,AI办公,AI工具,AI生成PPT/写作/表格，适合WPS AI专题页与GEO抢占,,,,,第三方工具-AI SEO,1,
11249,ai人工智能在线,AI办公,AI工具,AI生成PPT/写作/表格，适合WPS AI专题页与GEO抢占,,238.0,,,第三方工具-AI SEO,1,
11250,智能ai电话机器人,AI办公,AI工具,AI生成PPT/写作/表格，适合WPS AI专题页与GEO抢占,,66.0,,,第三方工具-AI SEO,1,
11251,ai人工智能培训,AI办公,AI工具,AI生成PPT/写作/表格，适合WPS AI专题页与GEO抢占,,19.0,,,第三方工具-AI SEO,1,
11252,ai智能眼镜,AI办公,AI工具,AI生成PPT/写作/表格，适合WPS AI专题页与GEO抢占,,19.0,,,第三方工具-AI SEO,1,
11253,ai智能客服服务商,AI办公,AI工具,AI生成PPT/写作/表格，适合WPS AI专题页与GEO抢占,,8.0,,,第三方工具-AI SEO,1,
11254,ai人工智能换脸福利视频,AI办公,AI工具,AI生成PPT/写作/表格，适合WPS AI专题页与GEO抢占,,4.0,,,第三方工具-AI SEO,1,
11255,ai智能外呼电话系统,AI办公,AI工具,AI生成PPT/写作/表格，适合WPS AI专题页与GEO抢占,,4.0,,,第三方工具-AI SEO,1,
11256,ai智能客服系统开发,AI办公,AI工具,AI生成PPT/写作/表格，适合WPS AI专题页与GEO抢占,,3.0,,,第三方工具-AI SEO,1,
11257,ai智能绘画,AI办公,AI工具,AI生成PPT/写作/表格，适合WPS AI专题页与GEO抢占,,3.0,,,第三方工具-AI SEO,1,
11258,ai人工智能绘画,AI办公,AI工具,AI生成PPT/写作/表格，适合WPS AI专题页与GEO抢占,,2.0,,,第三方工具-AI SEO,1,
11259,ai人工智能学习,AI办公,AI工具,AI生成PPT/写作/表格，适合WPS AI专题页与GEO抢占,,2.0,,,第三方工具-AI SEO,1,
11260,ai智能语音系统,AI办公,AI工具,AI生成PPT/写作/表格，适合WPS AI专题页与GEO抢占,,2.0,,,第三方工具-AI SEO,1,
11261,ai学人工智能教育平台,AI办公,AI工具,AI生成PPT/写作/表格，适合WPS AI专题页与GEO抢占,,1.0,,,第三方工具-AI SEO,1,
11262,ai和人工智能,AI办公,AI工具,AI生成PPT/写作/表格，适合WPS AI专题页与GEO抢占,,1.0,,,第三方工具-AI SEO,1,
11263,ai智能语音,AI办公,AI工具,AI生成PPT/写作/表格，适合WPS AI专题页与GEO抢占,,1.0,,,第三方工具-AI SEO,1,
11264,ai智能换脸,AI办公,AI工具,AI生成PPT/写作/表格，适合WPS AI专题页与GEO抢占,,1.0,,,第三方工具-AI SEO,1,
11265,智能AI换脸,AI办公,AI工具,AI生成PPT/写作/表格，适合WPS AI专题页与GEO抢占,,1.0,,,第三方工具-AI SEO,1,
11266,松鼠ai智能,AI办公,AI工具,AI生成PPT/写作/表格，适合WPS AI专题页与GEO抢占,,1.0,,,第三方工具-AI SEO,1,
11267,ai智能电话,AI办公,AI工具,AI生成PPT/写作/表格，适合WPS AI专题页与GEO抢占,,1.0,,,第三方工具-AI SEO,1,
11268,ai人工智能换脸,AI办公,AI工具,AI生成PPT/写作/表格，适合WPS AI专题页与GEO抢占,,1.0,,,第三方工具-AI SEO,1,
11269,AI智能秤,AI办公,AI工具,AI生成PPT/写作/表格，适合WPS AI专题页与GEO抢占,,1.0,,,第三方工具-AI SEO,1,
11270,松鼠ai智能教育,AI办公,AI工具,AI生成PPT/写作/表格，适合WPS AI专题页与GEO抢占,,,,,第三方工具-AI SEO,1,
11271,ai人工智能教育,AI办公,AI工具,AI生成PPT/写作/表格，适合WPS AI专题页与GEO抢占,,,,,第三方工具-AI SEO,1,
11272,华为ai智能音箱,AI办公,AI工具,AI生成PPT/写作/表格，适合WPS AI专题页与GEO抢占,,,,,第三方工具-AI SEO,1,
11273,智能ai外呼,AI办公,AI工具,AI生成PPT/写作/表格，适合WPS AI专题页与GEO抢占,,,,,第三方工具-AI SEO,1,
11274,ai智能名片,AI办公,AI工具,AI生成PPT/写作/表格，适合WPS AI专题页与GEO抢占,,,,,第三方工具-AI SEO,1,
11275,ai智能语音机器人,AI办公,AI工具,AI生成PPT/写作/表格，适合WPS AI专题页与GEO抢占,,,,,第三方工具-AI SEO,1,
11276,智能ai语音机器人,AI办公,AI工具,AI生成PPT/写作/表格，适合WPS AI专题页与GEO抢占,,,,,第三方工具-AI SEO,1,
11277,智能人工ai,AI办公,AI工具,AI生成PPT/写作/表格，适合WPS AI专题页与GEO抢占,,,,,第三方工具-AI SEO,1,
11278,ai智能对话,AI办公,AI工具,AI生成PPT/写作/表格，适合WPS AI专题页与GEO抢占,,,,,第三方工具-AI SEO,1,
11279,人工智能ai学习,AI办公,AI工具,AI生成PPT/写作/表格，适合WPS AI专题页与GEO抢占,,,,,第三方工具-AI SEO,1,
11280,ai智能获客,AI办公,AI工具,AI生成PPT/写作/表格，适合WPS AI专题页与GEO抢占,,,,,第三方工具-AI SEO,1,
11281,ai电话智能机器人,AI办公,AI工具,AI生成PPT/写作/表格，适合WPS AI专题页与GEO抢占,,,,,第三方工具-AI SEO,1,
11282,人工智能ai图片,AI办公,AI工具,AI生成PPT/写作/表格，适合WPS AI专题页与GEO抢占,,,,,第三方工具-AI SEO,1,
11283,松鼠ai人工智能,AI办公,AI工具,AI生成PPT/写作/表格，适合WPS AI专题页与GEO抢占,,,,,第三方工具-AI SEO,1,
11284,ai人工智能公司,AI办公,AI工具,AI生成PPT/写作/表格，适合WPS AI专题页与GEO抢占,,,,,第三方工具-AI SEO,1,
11285,ai智能狗,AI办公,AI工具,AI生成PPT/写作/表格，适合WPS AI专题页与GEO抢占,,,,,第三方工具-AI SEO,1,
11286,ai智能算法,AI办公,AI工具,AI生成PPT/写作/表格，适合WPS AI专题页与GEO抢占,,,,,第三方工具-AI SEO,1,
11287,小度ai智能音箱,AI办公,AI工具,AI生成PPT/写作/表格，适合WPS AI专题页与GEO抢占,,,,,第三方工具-AI SEO,1,
11288,ai人工智能教程,AI办公,AI工具,AI生成PPT/写作/表格，适合WPS AI专题页与GEO抢占,,,,,第三方工具-AI SEO,1,
11289,ai人工智能专业,AI办公,AI工具,AI生成PPT/写作/表格，适合WPS AI专题页与GEO抢占,,,,,第三方工具-AI SEO,1,
11290,ai智能参考线,AI办公,AI工具,AI生成PPT/写作/表格，适合WPS AI专题页与GEO抢占,,,,,第三方工具-AI SEO,1,
11291,ai人工智能电影,AI办公,AI工具,AI生成PPT/写作/表格，适合WPS AI专题页与GEO抢占,,,,,第三方工具-AI SEO,1,
11292,人工智能ai电影,AI办公,AI工具,AI生成PPT/写作/表格，适合WPS AI专题页与GEO抢占,,,,,第三方工具-AI SEO,1,
11293,ai智能教育怎么样,AI办公,AI工具,AI生成PPT/写作/表格，适合WPS AI专题页与GEO抢占,,,,,第三方工具-AI SEO,1,
11294,人工智能ai网站,AI办公,AI工具,AI生成PPT/写作/表格，适合WPS AI专题页与GEO抢占,,,,,第三方工具-AI SEO,1,
11295,ai智能陪练,AI办公,AI工具,AI生成PPT/写作/表格，适合WPS AI专题页与GEO抢占,,,,,第三方工具-AI SEO,1,
11296,ai智能拓客系统,AI办公,AI工具,AI生成PPT/写作/表格，适合WPS AI专题页与GEO抢占,,,,,第三方工具-AI SEO,1,
11297,ai智能教育培训,AI办公,AI工具,AI生成PPT/写作/表格，适合WPS AI专题页与GEO抢占,,,,,第三方工具-AI SEO,1,
11298,AI智能获客系统,AI办公,AI工具,AI生成PPT/写作/表格，适合WPS AI专题页与GEO抢占,,,,,第三方工具-AI SEO,1,
11299,松鼠ai人工智能教育,AI办公,AI工具,AI生成PPT/写作/表格，适合WPS AI专题页与GEO抢占,,,,,第三方工具-AI SEO,1,
11300,ai智能机器人软件,AI办公,AI工具,AI生成PPT/写作/表格，适合WPS AI专题页与GEO抢占,,,,,第三方工具-AI SEO,1,
11301,AI智能监控系统,AI办公,AI工具,AI生成PPT/写作/表格，适合WPS AI专题页与GEO抢占,,,,,第三方工具-AI SEO,1,
11302,ai人工智能绘图,AI办公,AI工具,AI生成PPT/写作/表格，适合WPS AI专题页与GEO抢占,,,,,第三方工具-AI SEO,1,
11303,ai智能体育,AI办公,AI工具,AI生成PPT/写作/表格，适合WPS AI专题页与GEO抢占,,,,,第三方工具-AI SEO,1,
11304,智能聊天ai机器人,AI办公,AI工具,AI生成PPT/写作/表格，适合WPS AI专题页与GEO抢占,,,,,第三方工具-AI SEO,1,
11305,ai智能体验中心,AI办公,AI工具,AI生成PPT/写作/表格，适合WPS AI专题页与GEO抢占,,,,,第三方工具-AI SEO,1,
11306,ai智能教育机器人,AI办公,AI工具,AI生成PPT/写作/表格，适合WPS AI专题页与GEO抢占,,,,,第三方工具-AI SEO,1,
11307,ai人工智能入门,AI办公,AI工具,AI生成PPT/写作/表格，适合WPS AI专题页与GEO抢占,,,,,第三方工具-AI SEO,1,
11308,什么是人工智能ai,AI办公,AI工具,AI生成PPT/写作/表格，适合WPS AI专题页与GEO抢占,,,,,第三方工具-AI SEO,1,
11309,ai智能换脸软件,AI办公,AI工具,AI生成PPT/写作/表格，适合WPS AI专题页与GEO抢占,,,,,第三方工具-AI SEO,1,
11310,AI智能虚拟人,AI办公,AI工具,AI生成PPT/写作/表格，适合WPS AI专题页与GEO抢占,,,,,第三方工具-AI SEO,1,
11311,ai人工智能客服,AI办公,AI工具,AI生成PPT/写作/表格，适合WPS AI专题页与GEO抢占,,,,,第三方工具-AI SEO,1,
11312,人工智能ai客服,AI办公,AI工具,AI生成PPT/写作/表格，适合WPS AI专题页与GEO抢占,,,,,第三方工具-AI SEO,1,
11313,ai外呼智能机器人,AI办公,AI工具,AI生成PPT/写作/表格，适合WPS AI专题页与GEO抢占,,,,,第三方工具-AI SEO,1,
11314,ai人工智能官网,AI办公,AI工具,AI生成PPT/写作/表格，适合WPS AI专题页与GEO抢占,,,,,第三方工具-AI SEO,1,
11315,智能ai客服系统,AI办公,AI工具,AI生成PPT/写作/表格，适合WPS AI专题页与GEO抢占,,,,,第三方工具-AI SEO,1,
11316,ai智能机器人多少钱,AI办公,AI工具,AI生成PPT/写作/表格，适合WPS AI专题页与GEO抢占,,,,,第三方工具-AI SEO,1,
11317,智能AI聊天机器人,AI办公,AI工具,AI生成PPT/写作/表格，适合WPS AI专题页与GEO抢占,,,,,第三方工具-AI SEO,1,
11318,ai人工智能汽车,AI办公,AI工具,AI生成PPT/写作/表格，适合WPS AI专题页与GEO抢占,,,,,第三方工具-AI SEO,1,
11319,ai智能营销软件,AI办公,AI工具,AI生成PPT/写作/表格，适合WPS AI专题页与GEO抢占,,,,,第三方工具-AI SEO,1,
11320,ai智能营销机器人,AI办公,AI工具,AI生成PPT/写作/表格，适合WPS AI专题页与GEO抢占,,,,,第三方工具-AI SEO,1,
11321,ai智能学习灯,AI办公,AI工具,AI生成PPT/写作/表格，适合WPS AI专题页与GEO抢占,,,,,第三方工具-AI SEO,1,
11322,ai智能教学系统,AI办公,AI工具,AI生成PPT/写作/表格，适合WPS AI专题页与GEO抢占,,,,,第三方工具-AI SEO,1,
11323,智能ai对话机器人,AI办公,AI工具,AI生成PPT/写作/表格，适合WPS AI专题页与GEO抢占,,,,,第三方工具-AI SEO,1,
11324,ai智能语音外呼系统,AI办公,AI工具,AI生成PPT/写作/表格，适合WPS AI专题页与GEO抢占,,,,,第三方工具-AI SEO,1,
11325,ai人工智能怎么学,AI办公,AI工具,AI生成PPT/写作/表格，适合WPS AI专题页与GEO抢占,,,,,第三方工具-AI SEO,1,
11326,ai智能名片小程序,AI办公,AI工具,AI生成PPT/写作/表格，适合WPS AI专题页与GEO抢占,,,,,第三方工具-AI SEO,1,
11327,ai智能语音机器人排名,AI办公,AI工具,AI生成PPT/写作/表格，适合WPS AI专题页与GEO抢占,,,,,第三方工具-AI SEO,1,
11328,ai人工智能教育有哪些,AI办公,AI工具,AI生成PPT/写作/表格，适合WPS AI专题页与GEO抢占,,,,,第三方工具-AI SEO,1,
11329,ai智能外呼机器人,AI办公,AI工具,AI生成PPT/写作/表格，适合WPS AI专题页与GEO抢占,,,,,第三方工具-AI SEO,1,
11330,微信ai智能机器人,AI办公,AI工具,AI生成PPT/写作/表格，适合WPS AI专题页与GEO抢占,,,,,第三方工具-AI SEO,1,
11331,高考智能AI监控,AI办公,AI工具,AI生成PPT/写作/表格，适合WPS AI专题页与GEO抢占,,,,,第三方工具-AI SEO,1,
11332,人工智能ai应用领域,AI办公,AI工具,AI生成PPT/写作/表格，适合WPS AI专题页与GEO抢占,,,,,第三方工具-AI SEO,1,
11333,AI智能供应链,AI办公,AI工具,AI生成PPT/写作/表格，适合WPS AI专题页与GEO抢占,,,,,第三方工具-AI SEO,1,
11334,人工智能ai换脸软件,AI办公,AI工具,AI生成PPT/写作/表格，适合WPS AI专题页与GEO抢占,,,,,第三方工具-AI SEO,1,
11335,ai智能视频监控系统,AI办公,AI工具,AI生成PPT/写作/表格，适合WPS AI专题页与GEO抢占,,,,,第三方工具-AI SEO,1,
11336,ai智能语音电话机器人,AI办公,AI工具,AI生成PPT/写作/表格，适合WPS AI专题页与GEO抢占,,,,,第三方工具-AI SEO,1,
11337,ai智能电话营销机器人,AI办公,AI工具,AI生成PPT/写作/表格，适合WPS AI专题页与GEO抢占,,,,,第三方工具-AI SEO,1,
11338,AI智能机器人打电话,AI办公,AI工具,AI生成PPT/写作/表格，适合WPS AI专题页与GEO抢占,,,,,第三方工具-AI SEO,1,
11339,ai智能客服平台,AI办公,AI工具,AI生成PPT/写作/表格，适合WPS AI专题页与GEO抢占,,,,,第三方工具-AI SEO,1,
11340,ai智能云客服,AI办公,AI工具,AI生成PPT/写作/表格，适合WPS AI专题页与GEO抢占,,,,,第三方工具-AI SEO,1,
11341,ai人工智能测手相,AI办公,AI工具,AI生成PPT/写作/表格，适合WPS AI专题页与GEO抢占,,,,,第三方工具-AI SEO,1,
11342,人工智能ai机器人对话,AI办公,AI工具,AI生成PPT/写作/表格，适合WPS AI专题页与GEO抢占,,,,,第三方工具-AI SEO,1,
11343,智能人工ai客服,AI办公,AI工具,AI生成PPT/写作/表格，适合WPS AI专题页与GEO抢占,,,,,第三方工具-AI SEO,1,
11344,智能AI外呼机器人,AI办公,AI工具,AI生成PPT/写作/表格，适合WPS AI专题页与GEO抢占,,,,,第三方工具-AI SEO,1,
11345,ai智能在线客服,AI办公,AI工具,AI生成PPT/写作/表格，适合WPS AI专题页与GEO抢占,,,,,第三方工具-AI SEO,1,
11346,ai人工智能编程培训,AI办公,AI工具,AI生成PPT/写作/表格，适合WPS AI专题页与GEO抢占,,,,,第三方工具-AI SEO,1,
11347,ai智能知识库,AI办公,AI工具,AI生成PPT/写作/表格，适合WPS AI专题页与GEO抢占,,,,,第三方工具-AI SEO,1,
11348,ai人工智能是什么行业,AI办公,AI工具,AI生成PPT/写作/表格，适合WPS AI专题页与GEO抢占,,,,,第三方工具-AI SEO,1,
11349,ai人工智能的应用领域,AI办公,AI工具,AI生成PPT/写作/表格，适合WPS AI专题页与GEO抢占,,,,,第三方工具-AI SEO,1,
11350,ai智能名片源码,AI办公,AI工具,AI生成PPT/写作/表格，适合WPS AI专题页与GEO抢占,,,,,第三方工具-AI SEO,1,
11351,AI智能名片小程序源码,AI办公,AI工具,AI生成PPT/写作/表格，适合WPS AI专题页与GEO抢占,,,,,第三方工具-AI SEO,1,
11352,ai智能外呼系统销售,AI办公,AI工具,AI生成PPT/写作/表格，适合WPS AI专题页与GEO抢占,,,,,第三方工具-AI SEO,1,
11353,ai智能客服运营,AI办公,AI工具,AI生成PPT/写作/表格，适合WPS AI专题页与GEO抢占,,,,,第三方工具-AI SEO,1,
11354,ai智能外呼系统排名,AI办公,AI工具,AI生成PPT/写作/表格，适合WPS AI专题页与GEO抢占,,,,,第三方工具-AI SEO,1,
11355,ai智能绘画泳装,AI办公,AI工具,AI生成PPT/写作/表格，适合WPS AI专题页与GEO抢占,,,,,第三方工具-AI SEO,1,
11356,ai客服人工智能,AI办公,AI工具,AI生成PPT/写作/表格，适合WPS AI专题页与GEO抢占,,,,,第三方工具-AI SEO,1,
11357,ai人工智能面相测试,AI办公,AI工具,AI生成PPT/写作/表格，适合WPS AI专题页与GEO抢占,,,,,第三方工具-AI SEO,1,
11358,ai人工智能应用,AI办公,AI工具,AI生成PPT/写作/表格，适合WPS AI专题页与GEO抢占,,,,,第三方工具-AI SEO,1,
11359,百川AI智能大模型,AI办公,AI工具,AI生成PPT/写作/表格，适合WPS AI专题页与GEO抢占,,,,,第三方工具-AI SEO,1,
11360,ai智能客服管理系统,AI办公,AI工具,AI生成PPT/写作/表格，适合WPS AI专题页与GEO抢占,,,,,第三方工具-AI SEO,1,
11361,ai智能绘画免费软件,AI办公,AI工具,AI生成PPT/写作/表格，适合WPS AI专题页与GEO抢占,,,,,第三方工具-AI SEO,1,
11362,ai智能公司,AI办公,AI工具,AI生成PPT/写作/表格，适合WPS AI专题页与GEO抢占,,,,,第三方工具-AI SEO,1,
11363,ai智能培训,AI办公,AI工具,AI生成PPT/写作/表格，适合WPS AI专题页与GEO抢占,,,,,第三方工具-AI SEO,1,
11364,ai智能音箱,AI办公,AI工具,AI生成PPT/写作/表格，适合WPS AI专题页与GEO抢占,,,,,第三方工具-AI SEO,1,
11365,ai人工智能编程,AI办公,AI工具,AI生成PPT/写作/表格，适合WPS AI专题页与GEO抢占,,,,,第三方工具-AI SEO,1,
11366,人工智能和ai,AI办公,AI工具,AI生成PPT/写作/表格，适合WPS AI专题页与GEO抢占,,,,,第三方工具-AI SEO,1,
11367,人工智能ai培训,AI办公,AI工具,AI生成PPT/写作/表格，适合WPS AI专题页与GEO抢占,,,,,第三方工具-AI SEO,1,
11368,人工智能ai系统,AI办公,AI工具,AI生成PPT/写作/表格，适合WPS AI专题页与GEO抢占,,,,,第三方工具-AI SEO,1,
11369,ai人工智能视频,AI办公,AI工具,AI生成PPT/写作/表格，适合WPS AI专题页与GEO抢占,,,,,第三方工具-AI SEO,1,
11370,ai人工智能的发展,AI办公,AI工具,AI生成PPT/写作/表格，适合WPS AI专题页与GEO抢占,,,,,第三方工具-AI SEO,1,
11371,ai人工智能语音系统,AI办公,AI工具,AI生成PPT/写作/表格，适合WPS AI专题页与GEO抢占,,,,,第三方工具-AI SEO,1,
11372,人工智能ai是什么,AI办公,AI工具,AI生成PPT/写作/表格，适合WPS AI专题页与GEO抢占,,,,,第三方工具-AI SEO,1,
11373,人工智能ai机器人,AI办公,AI工具,AI生成PPT/写作/表格，适合WPS AI专题页与GEO抢占,,,,,第三方工具-AI SEO,1,
11374,AI智能模型,AI办公,AI工具,AI生成PPT/写作/表格，适合WPS AI专题页与GEO抢占,,,,,第三方工具-AI SEO,1,
11375,ai智能呼叫中心,AI办公,AI工具,AI生成PPT/写作/表格，适合WPS AI专题页与GEO抢占,,,,,第三方工具-AI SEO,1,
11376,ai智能办公系统,AI办公,AI工具,AI生成PPT/写作/表格，适合WPS AI专题页与GEO抢占,,,,,第三方工具-AI SEO,1,
11377,智能家居ai,AI办公,AI工具,AI生成PPT/写作/表格，适合WPS AI专题页与GEO抢占,,,,,第三方工具-AI SEO,1,
11378,ai智能绘画作品,AI办公,AI工具,AI生成PPT/写作/表格，适合WPS AI专题页与GEO抢占,,,,,第三方工具-AI SEO,1,
11379,ai人工智能画图,AI办公,AI工具,AI生成PPT/写作/表格，适合WPS AI专题页与GEO抢占,,,,,第三方工具-AI SEO,1,
11380,智能ai电销机器人,AI办公,AI工具,AI生成PPT/写作/表格，适合WPS AI专题页与GEO抢占,,,,,第三方工具-AI SEO,1,
11381,ai人工智能绘画软件免费,AI办公,AI工具,AI生成PPT/写作/表格，适合WPS AI专题页与GEO抢占,,,,,第三方工具-AI SEO,1,
11382,ai语音,AI办公,AI工具,AI生成PPT/写作/表格，适合WPS AI专题页与GEO抢占,,,,,第三方工具-AI SEO,1,
11383,ai语音助手,AI办公,AI工具,AI生成PPT/写作/表格，适合WPS AI专题页与GEO抢占,,,,,第三方工具-AI SEO,1,
11384,语音ai,AI办公,AI工具,AI生成PPT/写作/表格，适合WPS AI专题页与GEO抢占,,,,,第三方工具-AI SEO,1,
11385,ai语音识别,AI办公,AI工具,AI生成PPT/写作/表格，适合WPS AI专题页与GEO抢占,,,,,第三方工具-AI SEO,1,
11386,ai语音机器人,AI办公,AI工具,AI生成PPT/写作/表格，适合WPS AI专题页与GEO抢占,,,,,第三方工具-AI SEO,1,
11387,ai语音对话,AI办公,AI工具,AI生成PPT/写作/表格，适合WPS AI专题页与GEO抢占,,,,,第三方工具-AI SEO,1,
11388,语音识别ai,AI办公,AI工具,AI生成PPT/写作/表格，适合WPS AI专题页与GEO抢占,,,,,第三方工具-AI SEO,1,
11389,ai语音客服,AI办公,AI工具,AI生成PPT/写作/表格，适合WPS AI专题页与GEO抢占,,,,,第三方工具-AI SEO,1,
11390,在线ai语音,AI办公,AI工具,AI生成PPT/写作/表格，适合WPS AI专题页与GEO抢占,,,,,第三方工具-AI SEO,1,
11391,ai语音外呼,AI办公,AI工具,AI生成PPT/写作/表格，适合WPS AI专题页与GEO抢占,,,,,第三方工具-AI SEO,1,
11392,ai语音机器人多少钱,AI办公,AI工具,AI生成PPT/写作/表格，适合WPS AI专题页与GEO抢占,,,,,第三方工具-AI SEO,1,
11393,微软ai语音合成,AI办公,AI工具,AI生成PPT/写作/表格，适合WPS AI专题页与GEO抢占,,,,,第三方工具-AI SEO,1,
11394,ai语音聊天机器人,AI办公,AI工具,AI生成PPT/写作/表格，适合WPS AI专题页与GEO抢占,,,,,第三方工具-AI SEO,1,
11395,ai语音模型,AI办公,AI工具,AI生成PPT/写作/表格，适合WPS AI专题页与GEO抢占,,,,,第三方工具-AI SEO,1,
11396,AI办公软件推荐,AI办公,AI工具推荐/对比选型,AI生成PPT/写作/表格，适合WPS AI专题页与GEO抢占,,,220000.0,,GEO需求机会表,1,S
11397,国内AI办公软件哪个好,AI办公,AI工具推荐/对比选型,AI生成PPT/写作/表格，适合WPS AI专题页与GEO抢占,,,200000.0,,GEO需求机会表,1,S
11398,AI PPT工具哪个好,AI办公,AI工具推荐/对比选型,AI生成PPT/写作/表格，适合WPS AI专题页与GEO抢占,,,190000.0,,GEO需求机会表,1,S
11399,AI办公工具哪个好用,AI办公,AI工具推荐/对比选型,AI生成PPT/写作/表格，适合WPS AI专题页与GEO抢占,,,190000.0,,GEO需求机会表,1,S
11400,免费AI办公软件推荐,AI办公,AI工具推荐/对比选型,AI生成PPT/写作/表格，适合WPS AI专题页与GEO抢占,,,180000.0,,GEO需求机会表,1,S
11401,适合职场人的AI工具,AI办公,AI工具推荐/对比选型,AI生成PPT/写作/表格，适合WPS AI专题页与GEO抢占,,,170000.0,,GEO需求机会表,1,S
11402,AI PDF工具哪个好,AI办公,AI工具推荐/对比选型,AI生成PPT/写作/表格，适合WPS AI专题页与GEO抢占,,,160000.0,,GEO需求机会表,1,S
11403,办公AI工具排行榜,AI办公,AI工具推荐/对比选型,AI生成PPT/写作/表格，适合WPS AI专题页与GEO抢占,,,160000.0,,GEO需求机会表,1,S
11404,国产AI办公软件推荐,AI办公,AI工具推荐/对比选型,AI生成PPT/写作/表格，适合WPS AI专题页与GEO抢占,,,160000.0,,GEO需求机会表,1,S
11405,AI文档工具哪个好,AI办公,AI工具推荐/对比选型,AI生成PPT/写作/表格，适合WPS AI专题页与GEO抢占,,,150000.0,,GEO需求机会表,1,S
11406,AI表格工具哪个好,AI办公,AI工具推荐/对比选型,AI生成PPT/写作/表格，适合WPS AI专题页与GEO抢占,,,150000.0,,GEO需求机会表,1,S
11407,WPS AI和Office Copilot区别,AI办公,AI工具推荐/对比选型,AI生成PPT/写作/表格，适合WPS AI专题页与GEO抢占,,,120000.0,,GEO需求机会表,1,A
11408,WPS AI值得开通吗,AI办公,AI工具推荐/对比选型,AI生成PPT/写作/表格，适合WPS AI专题页与GEO抢占,,,100000.0,,GEO需求机会表,1,A
11409,WPS AI免费吗,AI办公,AI工具推荐/对比选型,AI生成PPT/写作/表格，适合WPS AI专题页与GEO抢占,,,100000.0,,GEO需求机会表,1,A
11410,WPS AI和Kimi哪个好,AI办公,AI工具推荐/对比选型,AI生成PPT/写作/表格，适合WPS AI专题页与GEO抢占,,,100000.0,,GEO需求机会表,1,A
11411,WPS AI和豆包哪个好,AI办公,AI工具推荐/对比选型,AI生成PPT/写作/表格，适合WPS AI专题页与GEO抢占,,,100000.0,,GEO需求机会表,1,A
11412,WPS AI好用吗,AI办公,AI工具推荐/对比选型,AI生成PPT/写作/表格，适合WPS AI专题页与GEO抢占,,,100000.0,,GEO需求机会表,1,A
11413,WPS AI收费吗,AI办公,AI工具推荐/对比选型,AI生成PPT/写作/表格，适合WPS AI专题页与GEO抢占,,,100000.0,,GEO需求机会表,1,A
11414,WPS AI是免费的吗,AI办公,AI工具推荐/对比选型,AI生成PPT/写作/表格，适合WPS AI专题页与GEO抢占,,,100000.0,,GEO需求机会表,1,A
11415,Office和WPS的区别,AI办公,AI工具推荐/对比选型,AI生成PPT/写作/表格，适合WPS AI专题页与GEO抢占,,,90000.0,,GEO需求机会表,1,A
11416,WPS AI入口在哪里,AI办公,AI工具推荐/对比选型,AI生成PPT/写作/表格，适合WPS AI专题页与GEO抢占,,,90000.0,,GEO需求机会表,1,A
11417,WPS AI和DeepSeek哪个好,AI办公,AI工具推荐/对比选型,AI生成PPT/写作/表格，适合WPS AI专题页与GEO抢占,,,90000.0,,GEO需求机会表,1,A
11418,WPS AI和通义千问哪个好,AI办公,AI工具推荐/对比选型,AI生成PPT/写作/表格，适合WPS AI专题页与GEO抢占,,,90000.0,,GEO需求机会表,1,A
11419,WPS AI适合企业吗,AI办公,AI工具推荐/对比选型,AI生成PPT/写作/表格，适合WPS AI专题页与GEO抢占,,,80000.0,,GEO需求机会表,1,A
11420,WPS AI适合学生吗,AI办公,AI工具推荐/对比选型,AI生成PPT/写作/表格，适合WPS AI专题页与GEO抢占,,,80000.0,,GEO需求机会表,1,A
11421,WPS Office是什么软件,AI办公,AI工具推荐/对比选型,AI生成PPT/写作/表格，适合WPS AI专题页与GEO抢占,,,80000.0,,GEO需求机会表,1,A
11422,WPS办公助手怎么用,AI办公,AI工具推荐/对比选型,AI生成PPT/写作/表格，适合WPS AI专题页与GEO抢占,,,80000.0,,GEO需求机会表,1,A
11423,WPS办公助手是什么,AI办公,AI工具推荐/对比选型,AI生成PPT/写作/表格，适合WPS AI专题页与GEO抢占,,,70000.0,,GEO需求机会表,1,B
11424,WPS和金山文档有什么区别,AI办公,AI工具推荐/对比选型,AI生成PPT/写作/表格，适合WPS AI专题页与GEO抢占,,,70000.0,,GEO需求机会表,1,B
11425,WPS AI和DeepSeek怎么配合使用,AI办公,AI工具推荐/对比选型,AI生成PPT/写作/表格，适合WPS AI专题页与GEO抢占,,,60000.0,,GEO需求机会表,1,B
11426,WPS AI和Kimi怎么配合使用,AI办公,AI工具推荐/对比选型,AI生成PPT/写作/表格，适合WPS AI专题页与GEO抢占,,,60000.0,,GEO需求机会表,1,B
11427,WPS AI和豆包怎么配合使用,AI办公,AI工具推荐/对比选型,AI生成PPT/写作/表格，适合WPS AI专题页与GEO抢占,,,60000.0,,GEO需求机会表,1,B
11428,WPS和腾讯文档哪个好用,AI办公,AI工具推荐/对比选型,AI生成PPT/写作/表格，适合WPS AI专题页与GEO抢占,,,60000.0,,GEO需求机会表,1,B
11429,WPS适合学生用吗,AI办公,AI工具推荐/对比选型,AI生成PPT/写作/表格，适合WPS AI专题页与GEO抢占,,,60000.0,,GEO需求机会表,1,B
11430,AI写作软件哪个好,AI办公,AI文档写作/总结润色,AI生成PPT/写作/表格，适合WPS AI专题页与GEO抢占,,,180000.0,,GEO需求机会表,1,S
11431,AI总结PDF,AI办公,AI文档写作/总结润色,AI生成PPT/写作/表格，适合WPS AI专题页与GEO抢占,,,170000.0,,GEO需求机会表,1,S
11432,AI写文章用什么软件,AI办公,AI文档写作/总结润色,AI生成PPT/写作/表格，适合WPS AI专题页与GEO抢占,,,160000.0,,GEO需求机会表,1,S
11433,AI写简历,AI办公,AI文档写作/总结润色,AI生成PPT/写作/表格，适合WPS AI专题页与GEO抢占,,,160000.0,,GEO需求机会表,1,S
11434,AI总结长文档,AI办公,AI文档写作/总结润色,AI生成PPT/写作/表格，适合WPS AI专题页与GEO抢占,,,160000.0,,GEO需求机会表,1,S
11435,WPS AI怎么用,AI办公,AI文档写作/总结润色,AI生成PPT/写作/表格，适合WPS AI专题页与GEO抢占,,,160000.0,,GEO需求机会表,1,S
11436,AI写会议纪要,AI办公,AI文档写作/总结润色,AI生成PPT/写作/表格，适合WPS AI专题页与GEO抢占,,,150000.0,,GEO需求机会表,1,S
11437,AI写工作总结,AI办公,AI文档写作/总结润色,AI生成PPT/写作/表格，适合WPS AI专题页与GEO抢占,,,150000.0,,GEO需求机会表,1,S
11438,AI写年终总结,AI办公,AI文档写作/总结润色,AI生成PPT/写作/表格，适合WPS AI专题页与GEO抢占,,,150000.0,,GEO需求机会表,1,S
11439,AI润色文章,AI办公,AI文档写作/总结润色,AI生成PPT/写作/表格，适合WPS AI专题页与GEO抢占,,,150000.0,,GEO需求机会表,1,S
11440,AI优化简历,AI办公,AI文档写作/总结润色,AI生成PPT/写作/表格，适合WPS AI专题页与GEO抢占,,,140000.0,,GEO需求机会表,1,A
11441,AI总结Word文档,AI办公,AI文档写作/总结润色,AI生成PPT/写作/表格，适合WPS AI专题页与GEO抢占,,,140000.0,,GEO需求机会表,1,A
11442,AI改写文章,AI办公,AI文档写作/总结润色,AI生成PPT/写作/表格，适合WPS AI专题页与GEO抢占,,,140000.0,,GEO需求机会表,1,A
11443,AI论文润色,AI办公,AI文档写作/总结润色,AI生成PPT/写作/表格，适合WPS AI专题页与GEO抢占,,,140000.0,,GEO需求机会表,1,A
11444,AI写周报,AI办公,AI文档写作/总结润色,AI生成PPT/写作/表格，适合WPS AI专题页与GEO抢占,,,130000.0,,GEO需求机会表,1,A
11445,AI写方案,AI办公,AI文档写作/总结润色,AI生成PPT/写作/表格，适合WPS AI专题页与GEO抢占,,,130000.0,,GEO需求机会表,1,A
11446,AI写论文大纲,AI办公,AI文档写作/总结润色,AI生成PPT/写作/表格，适合WPS AI专题页与GEO抢占,,,130000.0,,GEO需求机会表,1,A
11447,AI写述职报告,AI办公,AI文档写作/总结润色,AI生成PPT/写作/表格，适合WPS AI专题页与GEO抢占,,,130000.0,,GEO需求机会表,1,A
11448,AI根据录音生成会议纪要,AI办公,AI文档写作/总结润色,AI生成PPT/写作/表格，适合WPS AI专题页与GEO抢占,,,130000.0,,GEO需求机会表,1,A
11449,AI翻译文档,AI办公,AI文档写作/总结润色,AI生成PPT/写作/表格，适合WPS AI专题页与GEO抢占,,,130000.0,,GEO需求机会表,1,A
11450,AI中英文润色,AI办公,AI文档写作/总结润色,AI生成PPT/写作/表格，适合WPS AI专题页与GEO抢占,,,120000.0,,GEO需求机会表,1,A
11451,AI写公文,AI办公,AI文档写作/总结润色,AI生成PPT/写作/表格，适合WPS AI专题页与GEO抢占,,,120000.0,,GEO需求机会表,1,A
11452,AI写商业计划书,AI办公,AI文档写作/总结润色,AI生成PPT/写作/表格，适合WPS AI专题页与GEO抢占,,,120000.0,,GEO需求机会表,1,A
11453,AI写月报,AI办公,AI文档写作/总结润色,AI生成PPT/写作/表格，适合WPS AI专题页与GEO抢占,,,120000.0,,GEO需求机会表,1,A
11454,AI写策划案,AI办公,AI文档写作/总结润色,AI生成PPT/写作/表格，适合WPS AI专题页与GEO抢占,,,120000.0,,GEO需求机会表,1,A
11455,AI扩写文章,AI办公,AI文档写作/总结润色,AI生成PPT/写作/表格，适合WPS AI专题页与GEO抢占,,,120000.0,,GEO需求机会表,1,A
11456,AI提炼文档重点,AI办公,AI文档写作/总结润色,AI生成PPT/写作/表格，适合WPS AI专题页与GEO抢占,,,120000.0,,GEO需求机会表,1,A
11457,AI论文降重,AI办公,AI文档写作/总结润色,AI生成PPT/写作/表格，适合WPS AI专题页与GEO抢占,,,120000.0,,GEO需求机会表,1,A
11458,WPS AI写作怎么用,AI办公,AI文档写作/总结润色,AI生成PPT/写作/表格，适合WPS AI专题页与GEO抢占,,,120000.0,,GEO需求机会表,1,A
11459,WPS AI总结PDF怎么用,AI办公,AI文档写作/总结润色,AI生成PPT/写作/表格，适合WPS AI专题页与GEO抢占,,,120000.0,,GEO需求机会表,1,A
11460,AI生成工作计划,AI办公,AI文档写作/总结润色,AI生成PPT/写作/表格，适合WPS AI专题页与GEO抢占,,,110000.0,,GEO需求机会表,1,A
11461,WPS AI可以做什么,AI办公,AI文档写作/总结润色,AI生成PPT/写作/表格，适合WPS AI专题页与GEO抢占,,,110000.0,,GEO需求机会表,1,A
11462,WPS AI总结文档怎么用,AI办公,AI文档写作/总结润色,AI生成PPT/写作/表格，适合WPS AI专题页与GEO抢占,,,110000.0,,GEO需求机会表,1,A
11463,AI生成合同模板,AI办公,AI文档写作/总结润色,AI生成PPT/写作/表格，适合WPS AI专题页与GEO抢占,,,100000.0,,GEO需求机会表,1,A
11464,AI缩写文章,AI办公,AI文档写作/总结润色,AI生成PPT/写作/表格，适合WPS AI专题页与GEO抢占,,,100000.0,,GEO需求机会表,1,A
11465,WPS AI会议纪要怎么用,AI办公,AI文档写作/总结润色,AI生成PPT/写作/表格，适合WPS AI专题页与GEO抢占,,,100000.0,,GEO需求机会表,1,A
11466,WPS AI怎么写工作总结,AI办公,AI文档写作/总结润色,AI生成PPT/写作/表格，适合WPS AI专题页与GEO抢占,,,100000.0,,GEO需求机会表,1,A
11467,WPS AI怎么生成报告,AI办公,AI文档写作/总结润色,AI生成PPT/写作/表格，适合WPS AI专题页与GEO抢占,,,100000.0,,GEO需求机会表,1,A
11468,WPS AI润色文章怎么用,AI办公,AI文档写作/总结润色,AI生成PPT/写作/表格，适合WPS AI专题页与GEO抢占,,,100000.0,,GEO需求机会表,1,A
11469,WPS AI可以总结长文吗,AI办公,AI文档写作/总结润色,AI生成PPT/写作/表格，适合WPS AI专题页与GEO抢占,,,90000.0,,GEO需求机会表,1,A
11470,WPS AI怎么生成文档,AI办公,AI文档写作/总结润色,AI生成PPT/写作/表格，适合WPS AI专题页与GEO抢占,,,90000.0,,GEO需求机会表,1,A
11471,WPS AI可以翻译文档吗,AI办公,AI文档写作/总结润色,AI生成PPT/写作/表格，适合WPS AI专题页与GEO抢占,,,80000.0,,GEO需求机会表,1,A
11472,WPS AI怎么写简历,AI办公,AI文档写作/总结润色,AI生成PPT/写作/表格，适合WPS AI专题页与GEO抢占,,,70000.0,,GEO需求机会表,1,B
11473,ai做ppt,AI办公,AI生成PPT,AI生成PPT/写作/表格，适合WPS AI专题页与GEO抢占,,977.0,,99831.0,第三方工具-社区SEO、短视频/内容平台-小红书,2,
11474,ai制作ppt,AI办公,AI生成PPT,AI生成PPT/写作/表格，适合WPS AI专题页与GEO抢占,,196.0,,,第三方工具-社区SEO、第三方工具-AI SEO,2,
11475,ai生成ppt,AI办公,AI生成PPT,AI生成PPT/写作/表格，适合WPS AI专题页与GEO抢占,,646.0,,99143.0,第三方工具-AI SEO、短视频/内容平台-小红书,2,
11476,wpsai生成ppt,AI办公,AI生成PPT,AI生成PPT/写作/表格，适合WPS AI专题页与GEO抢占,,,,,百度搜索联想/相关搜索,1,
11477,能做ppt的ai,AI办公,AI生成PPT,AI生成PPT/写作/表格，适合WPS AI专题页与GEO抢占,,,,,百度搜索联想/相关搜索,1,
11478,wpsAIPPT官网,AI办公,AI生成PPT,AI生成PPT/写作/表格，适合WPS AI专题页与GEO抢占,2.0,,,,百度统计真实流量,1,
11479,ppt制作的ai,AI办公,AI生成PPT,AI生成PPT/写作/表格，适合WPS AI专题页与GEO抢占,1.0,,,,百度统计真实流量,1,
11480,WPSAippt官网,AI办公,AI生成PPT,AI生成PPT/写作/表格，适合WPS AI专题页与GEO抢占,1.0,,,,百度统计真实流量,1,
11481,灵犀AI PPT,AI办公,AI生成PPT,AI生成PPT/写作/表格，适合WPS AI专题页与GEO抢占,1.0,,,,百度统计真实流量,1,
11482,AIppt.wps.cn,AI办公,AI生成PPT,AI生成PPT/写作/表格，适合WPS AI专题页与GEO抢占,1.0,,,,百度统计真实流量,1,
11483,WPS AI PPT,AI办公,AI生成PPT,AI生成PPT/写作/表格，适合WPS AI专题页与GEO抢占,1.0,,,,百度统计真实流量,1,
11484,人工智能ppt,AI办公,AI生成PPT,AI生成PPT/写作/表格，适合WPS AI专题页与GEO抢占,,51.0,,,第三方工具-社区SEO,1,
11485,智能ppt,AI办公,AI生成PPT,AI生成PPT/写作/表格，适合WPS AI专题页与GEO抢占,,21.0,,,第三方工具-社区SEO,1,
11486,智能家居ppt,AI办公,AI生成PPT,AI生成PPT/写作/表格，适合WPS AI专题页与GEO抢占,,13.0,,,第三方工具-社区SEO,1,
11487,智能制造ppt,AI办公,AI生成PPT,AI生成PPT/写作/表格，适合WPS AI专题页与GEO抢占,,6.0,,,第三方工具-社区SEO,1,
11488,ai制作ppt免费,AI办公,AI生成PPT,AI生成PPT/写作/表格，适合WPS AI专题页与GEO抢占,,218.0,,,第三方工具-AI SEO,1,
11489,ai自动生成ppt,AI办公,AI生成PPT,AI生成PPT/写作/表格，适合WPS AI专题页与GEO抢占,,107.0,,,第三方工具-AI SEO,1,
11490,ppt生成ai,AI办公,AI生成PPT,AI生成PPT/写作/表格，适合WPS AI专题页与GEO抢占,,89.0,,,第三方工具-AI SEO,1,
11491,ai一键生成ppt,AI办公,AI生成PPT,AI生成PPT/写作/表格，适合WPS AI专题页与GEO抢占,,49.0,,,第三方工具-AI SEO,1,
11492,ai免费生成ppt,AI办公,AI生成PPT,AI生成PPT/写作/表格，适合WPS AI专题页与GEO抢占,,34.0,,,第三方工具-AI SEO,1,
11493,ai一键生成ppt免费,AI办公,AI生成PPT,AI生成PPT/写作/表格，适合WPS AI专题页与GEO抢占,,50.0,,,第三方工具-AI SEO,1,
11494,制作ppt的ai,AI办公,AI生成PPT,AI生成PPT/写作/表格，适合WPS AI专题页与GEO抢占,,16.0,,,第三方工具-AI SEO,1,
11495,生成ppt的ai,AI办公,AI生成PPT,AI生成PPT/写作/表格，适合WPS AI专题页与GEO抢占,,11.0,,,第三方工具-AI SEO,1,
11496,ppt制作ai,AI办公,AI生成PPT,AI生成PPT/写作/表格，适合WPS AI专题页与GEO抢占,,35.0,,,第三方工具-AI SEO,1,
11497,ai生成ppt免费,AI办公,AI生成PPT,AI生成PPT/写作/表格，适合WPS AI专题页与GEO抢占,,15.0,,,第三方工具-AI SEO,1,
11498,自动生成ppt的ai,AI办公,AI生成PPT,AI生成PPT/写作/表格，适合WPS AI专题页与GEO抢占,,4.0,,,第三方工具-AI SEO,1,
11499,ai人工智能ppt,AI办公,AI生成PPT,AI生成PPT/写作/表格，适合WPS AI专题页与GEO抢占,,13.0,,,第三方工具-AI SEO,1,
11500,ai生成ppt免费下载,AI办公,AI生成PPT,AI生成PPT/写作/表格，适合WPS AI专题页与GEO抢占,,,,,第三方工具-AI SEO,1,
11501,ai生成ppt网站,AI办公,AI生成PPT,AI生成PPT/写作/表格，适合WPS AI专题页与GEO抢占,,,,,第三方工具-AI SEO,1,
11502,ai免费生成ppt的网站,AI办公,AI生成PPT,AI生成PPT/写作/表格，适合WPS AI专题页与GEO抢占,,,,,第三方工具-AI SEO,1,
11503,ai怎么制作ppt,AI办公,AI生成PPT,AI生成PPT/写作/表格，适合WPS AI专题页与GEO抢占,,,,,第三方工具-AI SEO,1,
11504,ai自动生成表格,AI办公,AI表格/数据分析,AI生成PPT/写作/表格，适合WPS AI专题页与GEO抢占,,,,,百度搜索联想/相关搜索,1,
11505,哪个ai可以做excel,AI办公,AI表格/数据分析,AI生成PPT/写作/表格，适合WPS AI专题页与GEO抢占,,,,,百度搜索联想/相关搜索,1,
11506,WPS智能表格,AI办公,AI表格/数据分析,AI生成PPT/写作/表格，适合WPS AI专题页与GEO抢占,1.0,,,,百度统计真实流量,1,
11507,wpszaixian表格,AI办公,AI表格/数据分析,AI生成PPT/写作/表格，适合WPS AI专题页与GEO抢占,1.0,,,,百度统计真实流量,1,
11508,excel智能填充,AI办公,AI表格/数据分析,AI生成PPT/写作/表格，适合WPS AI专题页与GEO抢占,,11.0,,,第三方工具-社区SEO,1,
11509,ai自动生成表格的软件,AI办公,AI表格/数据分析,AI生成PPT/写作/表格，适合WPS AI专题页与GEO抢占,,3.0,,,第三方工具-AI SEO,1,
11510,ai制作表格,AI办公,AI表格/数据分析,AI生成PPT/写作/表格，适合WPS AI专题页与GEO抢占,,5.0,,,第三方工具-AI SEO,1,
11511,Ai生成数据,AI办公,AI表格/数据分析,AI生成PPT/写作/表格，适合WPS AI专题页与GEO抢占,,,,,第三方工具-AI SEO,1,
11512,ai怎么制作表格,AI办公,AI表格/数据分析,AI生成PPT/写作/表格，适合WPS AI专题页与GEO抢占,,,,,第三方工具-AI SEO,1,
11513,AI把PDF表格转Excel,AI办公,AI表格/数据分析,AI生成PPT/写作/表格，适合WPS AI专题页与GEO抢占,,,180000.0,,GEO需求机会表,1,S
11514,AI把图片表格转Excel,AI办公,AI表格/数据分析,AI生成PPT/写作/表格，适合WPS AI专题页与GEO抢占,,,180000.0,,GEO需求机会表,1,S
11515,AI分析Excel数据,AI办公,AI表格/数据分析,AI生成PPT/写作/表格，适合WPS AI专题页与GEO抢占,,,170000.0,,GEO需求机会表,1,S
11516,AI做表格哪个好,AI办公,AI表格/数据分析,AI生成PPT/写作/表格，适合WPS AI专题页与GEO抢占,,,160000.0,,GEO需求机会表,1,S
11517,AI生成Excel公式,AI办公,AI表格/数据分析,AI生成PPT/写作/表格，适合WPS AI专题页与GEO抢占,,,160000.0,,GEO需求机会表,1,S
11518,AI生成Excel表格,AI办公,AI表格/数据分析,AI生成PPT/写作/表格，适合WPS AI专题页与GEO抢占,,,160000.0,,GEO需求机会表,1,S
11519,AI写Excel公式,AI办公,AI表格/数据分析,AI生成PPT/写作/表格，适合WPS AI专题页与GEO抢占,,,150000.0,,GEO需求机会表,1,S
11520,AI自动整理表格,AI办公,AI表格/数据分析,AI生成PPT/写作/表格，适合WPS AI专题页与GEO抢占,,,150000.0,,GEO需求机会表,1,S
11521,AI识别表格图片,AI办公,AI表格/数据分析,AI生成PPT/写作/表格，适合WPS AI专题页与GEO抢占,,,150000.0,,GEO需求机会表,1,S
11522,AI根据文字生成表格,AI办公,AI表格/数据分析,AI生成PPT/写作/表格，适合WPS AI专题页与GEO抢占,,,140000.0,,GEO需求机会表,1,A
11523,AI生成图表,AI办公,AI表格/数据分析,AI生成PPT/写作/表格，适合WPS AI专题页与GEO抢占,,,140000.0,,GEO需求机会表,1,A
11524,AI根据表格生成报告,AI办公,AI表格/数据分析,AI生成PPT/写作/表格，适合WPS AI专题页与GEO抢占,,,130000.0,,GEO需求机会表,1,A
11525,AI表格函数怎么写,AI办公,AI表格/数据分析,AI生成PPT/写作/表格，适合WPS AI专题页与GEO抢占,,,130000.0,,GEO需求机会表,1,A
11526,AI做数据透视表,AI办公,AI表格/数据分析,AI生成PPT/写作/表格，适合WPS AI专题页与GEO抢占,,,120000.0,,GEO需求机会表,1,A
11527,AI提取表格数据,AI办公,AI表格/数据分析,AI生成PPT/写作/表格，适合WPS AI专题页与GEO抢占,,,120000.0,,GEO需求机会表,1,A
11528,AI清洗表格数据,AI办公,AI表格/数据分析,AI生成PPT/写作/表格，适合WPS AI专题页与GEO抢占,,,120000.0,,GEO需求机会表,1,A
11529,WPS AI分析表格数据,AI办公,AI表格/数据分析,AI生成PPT/写作/表格，适合WPS AI专题页与GEO抢占,,,120000.0,,GEO需求机会表,1,A
11530,WPS AI表格怎么用,AI办公,AI表格/数据分析,AI生成PPT/写作/表格，适合WPS AI专题页与GEO抢占,,,120000.0,,GEO需求机会表,1,A
11531,WPS AI写公式怎么用,AI办公,AI表格/数据分析,AI生成PPT/写作/表格，适合WPS AI专题页与GEO抢占,,,110000.0,,GEO需求机会表,1,A
11532,WPS AI生成表格,AI办公,AI表格/数据分析,AI生成PPT/写作/表格，适合WPS AI专题页与GEO抢占,,,110000.0,,GEO需求机会表,1,A
11533,AI合并表格数据,AI办公,AI表格/数据分析,AI生成PPT/写作/表格，适合WPS AI专题页与GEO抢占,,,100000.0,,GEO需求机会表,1,A
11534,WPS AI生成图表,AI办公,AI表格/数据分析,AI生成PPT/写作/表格，适合WPS AI专题页与GEO抢占,,,100000.0,,GEO需求机会表,1,A
11535,WPS AI PDF表格转Excel,AI办公,AI表格/数据分析,AI生成PPT/写作/表格，适合WPS AI专题页与GEO抢占,,,90000.0,,GEO需求机会表,1,A
11536,WPS AI图片转表格,AI办公,AI表格/数据分析,AI生成PPT/写作/表格，适合WPS AI专题页与GEO抢占,,,90000.0,,GEO需求机会表,1,A
11537,WPS AI怎么做表格,AI办公,AI表格/数据分析,AI生成PPT/写作/表格，适合WPS AI专题页与GEO抢占,,,80000.0,,GEO需求机会表,1,A
11538,WPS AI可以做数据透视表吗,AI办公,AI表格/数据分析,AI生成PPT/写作/表格，适合WPS AI专题页与GEO抢占,,,70000.0,,GEO需求机会表,1,B
11539,wps365与wpsoffice的区别,竞品对比与选型,Office对比,对比选型阶段，适合客观对比页与FAQ,,,,,百度搜索联想/相关搜索,1,
11540,wpsoffice和微软office哪个好用,竞品对比与选型,Office对比,对比选型阶段，适合客观对比页与FAQ,,,,,百度搜索联想/相关搜索,1,
11541,WPS对比两份PDF文档,竞品对比与选型,云文档对比,对比选型阶段，适合客观对比页与FAQ,1.0,,,,百度统计真实流量,1,
11542,怎么对比两个excel文档的数据差异,竞品对比与选型,云文档对比,对比选型阶段，适合客观对比页与FAQ,,16.0,,,第三方工具-社区SEO,1,
11543,word文档对比,竞品对比与选型,云文档对比,对比选型阶段，适合客观对比页与FAQ,,15.0,,,第三方工具-社区SEO,1,
11544,两个word文档怎么对比,竞品对比与选型,云文档对比,对比选型阶段，适合客观对比页与FAQ,,5.0,,,第三方工具-社区SEO,1,
11545,在线文档哪个好用,竞品对比与选型,云文档竞品对比,对比选型阶段，适合客观对比页与FAQ,,,180000.0,,GEO需求机会表,1,S
11546,腾讯文档和金山文档哪个好,竞品对比与选型,云文档竞品对比,对比选型阶段，适合客观对比页与FAQ,,,180000.0,,GEO需求机会表,1,S
11547,在线协作文档哪个好用,竞品对比与选型,云文档竞品对比,对比选型阶段，适合客观对比页与FAQ,,,160000.0,,GEO需求机会表,1,S
11548,免费在线文档哪个好,竞品对比与选型,云文档竞品对比,对比选型阶段，适合客观对比页与FAQ,,,150000.0,,GEO需求机会表,1,S
11549,多人在线编辑文档哪个好,竞品对比与选型,云文档竞品对比,对比选型阶段，适合客观对比页与FAQ,,,150000.0,,GEO需求机会表,1,S
11550,金山文档和腾讯文档区别,竞品对比与选型,云文档竞品对比,对比选型阶段，适合客观对比页与FAQ,,,150000.0,,GEO需求机会表,1,S
11551,飞书文档和金山文档哪个好,竞品对比与选型,云文档竞品对比,对比选型阶段，适合客观对比页与FAQ,,,150000.0,,GEO需求机会表,1,S
11552,在线表格工具哪个好,竞品对比与选型,云文档竞品对比,对比选型阶段，适合客观对比页与FAQ,,,140000.0,,GEO需求机会表,1,A
11553,企业云文档哪个好,竞品对比与选型,云文档竞品对比,对比选型阶段，适合客观对比页与FAQ,,,130000.0,,GEO需求机会表,1,A
11554,在线PPT工具哪个好,竞品对比与选型,云文档竞品对比,对比选型阶段，适合客观对比页与FAQ,,,130000.0,,GEO需求机会表,1,A
11555,腾讯文档和飞书文档哪个好,竞品对比与选型,云文档竞品对比,对比选型阶段，适合客观对比页与FAQ,,,120000.0,,GEO需求机会表,1,A
11556,金山文档安全吗,竞品对比与选型,云文档竞品对比,对比选型阶段，适合客观对比页与FAQ,,,120000.0,,GEO需求机会表,1,A
11557,飞书文档和金山文档区别,竞品对比与选型,云文档竞品对比,对比选型阶段，适合客观对比页与FAQ,,,120000.0,,GEO需求机会表,1,A
11558,WPS云文档和金山文档区别,竞品对比与选型,云文档竞品对比,对比选型阶段，适合客观对比页与FAQ,,,110000.0,,GEO需求机会表,1,A
11559,石墨文档和金山文档哪个好,竞品对比与选型,云文档竞品对比,对比选型阶段，适合客观对比页与FAQ,,,110000.0,,GEO需求机会表,1,A
11560,金山文档和WPS云文档区别,竞品对比与选型,云文档竞品对比,对比选型阶段，适合客观对比页与FAQ,,,110000.0,,GEO需求机会表,1,A
11561,钉钉文档和金山文档哪个好,竞品对比与选型,云文档竞品对比,对比选型阶段，适合客观对比页与FAQ,,,100000.0,,GEO需求机会表,1,A
11562,WPS在线文档和金山文档区别,竞品对比与选型,云文档竞品对比,对比选型阶段，适合客观对比页与FAQ,,,90000.0,,GEO需求机会表,1,A
11563,金山文档可以多人编辑吗,竞品对比与选型,云文档竞品对比,对比选型阶段，适合客观对比页与FAQ,,,90000.0,,GEO需求机会表,1,A
11564,金山文档和石墨文档区别,竞品对比与选型,云文档竞品对比,对比选型阶段，适合客观对比页与FAQ,,,90000.0,,GEO需求机会表,1,A
11565,金山文档适合企业吗,竞品对比与选型,云文档竞品对比,对比选型阶段，适合客观对比页与FAQ,,,90000.0,,GEO需求机会表,1,A
11566,免费Office替代软件推荐,竞品对比与选型,竞品对比/Office替代,对比选型阶段，适合客观对比页与FAQ,,,220000.0,,GEO需求机会表,1,S
11567,WPS和Office哪个好用,竞品对比与选型,竞品对比/Office替代,对比选型阶段，适合客观对比页与FAQ,,,180000.0,,GEO需求机会表,1,S
11568,WPS可以替代Office吗,竞品对比与选型,竞品对比/Office替代,对比选型阶段，适合客观对比页与FAQ,,,160000.0,,GEO需求机会表,1,S
11569,办公软件免费版哪个好,竞品对比与选型,竞品对比/Office替代,对比选型阶段，适合客观对比页与FAQ,,,160000.0,,GEO需求机会表,1,S
11570,国产Office软件哪个好,竞品对比与选型,竞品对比/Office替代,对比选型阶段，适合客观对比页与FAQ,,,160000.0,,GEO需求机会表,1,S
11571,国产办公软件哪个好用,竞品对比与选型,竞品对比/Office替代,对比选型阶段，适合客观对比页与FAQ,,,160000.0,,GEO需求机会表,1,S
11572,Microsoft Office和WPS哪个好,竞品对比与选型,竞品对比/Office替代,对比选型阶段，适合客观对比页与FAQ,,,150000.0,,GEO需求机会表,1,S
11573,WPS和Office有什么区别,竞品对比与选型,竞品对比/Office替代,对比选型阶段，适合客观对比页与FAQ,,,150000.0,,GEO需求机会表,1,S
11574,Office和WPS哪个好用,竞品对比与选型,竞品对比/Office替代,对比选型阶段，适合客观对比页与FAQ,,,140000.0,,GEO需求机会表,1,A
11575,WPS和Microsoft 365区别,竞品对比与选型,竞品对比/Office替代,对比选型阶段，适合客观对比页与FAQ,,,130000.0,,GEO需求机会表,1,A
11576,WPS和Office兼容吗,竞品对比与选型,竞品对比/Office替代,对比选型阶段，适合客观对比页与FAQ,,,130000.0,,GEO需求机会表,1,A
11577,办公软件电脑版哪个好,竞品对比与选型,竞品对比/Office替代,对比选型阶段，适合客观对比页与FAQ,,,130000.0,,GEO需求机会表,1,A
11578,手机办公软件哪个好用,竞品对比与选型,竞品对比/Office替代,对比选型阶段，适合客观对比页与FAQ,,,130000.0,,GEO需求机会表,1,A
11579,WPS AI和Office Copilot哪个好,竞品对比与选型,竞品对比/Office替代,对比选型阶段，适合客观对比页与FAQ,,,120000.0,,GEO需求机会表,1,A
11580,WPS和Word有什么区别,竞品对比与选型,竞品对比/Office替代,对比选型阶段，适合客观对比页与FAQ,,,110000.0,,GEO需求机会表,1,A
11581,WPS打开Office文件格式会乱吗,竞品对比与选型,竞品对比/Office替代,对比选型阶段，适合客观对比页与FAQ,,,110000.0,,GEO需求机会表,1,A
11582,WPS表格和Excel有什么区别,竞品对比与选型,竞品对比/Office替代,对比选型阶段，适合客观对比页与FAQ,,,110000.0,,GEO需求机会表,1,A
11583,WPS AI和Copilot区别,竞品对比与选型,竞品对比/Office替代,对比选型阶段，适合客观对比页与FAQ,,,100000.0,,GEO需求机会表,1,A
11584,WPS和Office学生用哪个,竞品对比与选型,竞品对比/Office替代,对比选型阶段，适合客观对比页与FAQ,,,100000.0,,GEO需求机会表,1,A
11585,WPS打开Office文件会乱码吗,竞品对比与选型,竞品对比/Office替代,对比选型阶段，适合客观对比页与FAQ,,,100000.0,,GEO需求机会表,1,A
11586,WPS表格和Excel哪个好用,竞品对比与选型,竞品对比/Office替代,对比选型阶段，适合客观对比页与FAQ,,,100000.0,,GEO需求机会表,1,A
11587,企业用WPS还是Office,竞品对比与选型,竞品对比/Office替代,对比选型阶段，适合客观对比页与FAQ,,,100000.0,,GEO需求机会表,1,A
11588,WPS PPT和PowerPoint哪个好用,竞品对比与选型,竞品对比/Office替代,对比选型阶段，适合客观对比页与FAQ,,,90000.0,,GEO需求机会表,1,A
11589,WPS和腾讯文档哪个好,竞品对比与选型,竞品对比/Office替代,对比选型阶段，适合客观对比页与FAQ,,,90000.0,,GEO需求机会表,1,A
11590,WPS和飞书文档哪个好,竞品对比与选型,竞品对比/Office替代,对比选型阶段，适合客观对比页与FAQ,,,90000.0,,GEO需求机会表,1,A
11591,WPS文字和Word哪个好用,竞品对比与选型,竞品对比/Office替代,对比选型阶段，适合客观对比页与FAQ,,,90000.0,,GEO需求机会表,1,A
11592,WPS演示和PowerPoint区别,竞品对比与选型,竞品对比/Office替代,对比选型阶段，适合客观对比页与FAQ,,,90000.0,,GEO需求机会表,1,A
11593,大学生用WPS还是Office,竞品对比与选型,竞品对比/Office替代,对比选型阶段，适合客观对比页与FAQ,,,90000.0,,GEO需求机会表,1,A
11594,职场用WPS还是Office,竞品对比与选型,竞品对比/Office替代,对比选型阶段，适合客观对比页与FAQ,,,90000.0,,GEO需求机会表,1,A
11595,WPS个人版和Office家庭版区别,竞品对比与选型,竞品对比/Office替代,对比选型阶段，适合客观对比页与FAQ,,,80000.0,,GEO需求机会表,1,A
11596,WPS会员和Microsoft 365哪个好,竞品对比与选型,竞品对比/Office替代,对比选型阶段，适合客观对比页与FAQ,,,80000.0,,GEO需求机会表,1,A
11597,WPS和钉钉文档哪个好,竞品对比与选型,竞品对比/Office替代,对比选型阶段，适合客观对比页与FAQ,,,80000.0,,GEO需求机会表,1,A
11598,WPS和Google Docs哪个好,竞品对比与选型,竞品对比/Office替代,对比选型阶段，适合客观对比页与FAQ,,,70000.0,,GEO需求机会表,1,B
11599,WPS和LibreOffice哪个好,竞品对比与选型,竞品对比/Office替代,对比选型阶段，适合客观对比页与FAQ,,,70000.0,,GEO需求机会表,1,B
11600,WPS和OnlyOffice哪个好,竞品对比与选型,竞品对比/Office替代,对比选型阶段，适合客观对比页与FAQ,,,70000.0,,GEO需求机会表,1,B
11601,WPS和永中Office哪个好,竞品对比与选型,竞品对比/Office替代,对比选型阶段，适合客观对比页与FAQ,,,70000.0,,GEO需求机会表,1,B
11602,wps365和WPS有区别吗,竞品对比与选型,选型对比,对比选型阶段，适合客观对比页与FAQ,,,,,百度搜索联想/相关搜索,1,
11603,wps365和wps哪个好,竞品对比与选型,选型对比,对比选型阶段，适合客观对比页与FAQ,,,,,百度搜索联想/相关搜索,1,
11604,wps下载哪个版本,竞品对比与选型,选型对比,对比选型阶段，适合客观对比页与FAQ,,,,,百度搜索联想/相关搜索,1,
11605,wps下载哪个版本电脑上好用,竞品对比与选型,选型对比,对比选型阶段，适合客观对比页与FAQ,,,,,百度搜索联想/相关搜索,1,
11606,wps会员和wps超级会员有什么区别,竞品对比与选型,选型对比,对比选型阶段，适合客观对比页与FAQ,,,,,百度搜索联想/相关搜索,1,
11607,wvs网页版入口,竞品对比与选型,选型对比,对比选型阶段，适合客观对比页与FAQ,3.0,,,,百度统计真实流量,1,
11608,wps是哪个公司的产品,竞品对比与选型,选型对比,对比选型阶段，适合客观对比页与FAQ,2.0,,,,百度统计真实流量,1,
11609,wps在win8应该下载哪个版本,竞品对比与选型,选型对比,对比选型阶段，适合客观对比页与FAQ,2.0,,,,百度统计真实流量,1,
11610,WPS哪个版本优化好,竞品对比与选型,选型对比,对比选型阶段，适合客观对比页与FAQ,1.0,,,,百度统计真实流量,1,
11611,wvs官方网站入口,竞品对比与选型,选型对比,对比选型阶段，适合客观对比页与FAQ,1.0,,,,百度统计真实流量,1,
11612,wvs网页版入口官方,竞品对比与选型,选型对比,对比选型阶段，适合客观对比页与FAQ,1.0,,,,百度统计真实流量,1,
11613,wps下载哪个版本好,竞品对比与选型,选型对比,对比选型阶段，适合客观对比页与FAQ,1.0,,,,百度统计真实流量,1,
11614,wvs网页端,竞品对比与选型,选型对比,对比选型阶段，适合客观对比页与FAQ,1.0,,,,百度统计真实流量,1,
11615,办公软件下载哪个,竞品对比与选型,选型对比,对比选型阶段，适合客观对比页与FAQ,1.0,,,,百度统计真实流量,1,
11616,WPS会员与大会员的区别,竞品对比与选型,选型对比,对比选型阶段，适合客观对比页与FAQ,1.0,,,,百度统计真实流量,1,
11617,wps大会员跟wps会员的区别,竞品对比与选型,选型对比,对比选型阶段，适合客观对比页与FAQ,1.0,,,,百度统计真实流量,1,
11618,哪个版本的wps最好用,竞品对比与选型,选型对比,对比选型阶段，适合客观对比页与FAQ,1.0,,,,百度统计真实流量,1,
11619,统信下载哪个版本WPS,竞品对比与选型,选型对比,对比选型阶段，适合客观对比页与FAQ,1.0,,,,百度统计真实流量,1,
11620,wps企业版和个人版有什么区别,竞品对比与选型,选型对比,对比选型阶段，适合客观对比页与FAQ,1.0,,,,百度统计真实流量,1,
11621,pdf软件哪个好用,竞品对比与选型,选型对比,对比选型阶段，适合客观对比页与FAQ,,111.0,,,第三方工具-社区SEO,1,
11622,pdf阅读器哪个好用,竞品对比与选型,选型对比,对比选型阶段，适合客观对比页与FAQ,,156.0,,,第三方工具-社区SEO,1,
11623,excel对比,竞品对比与选型,选型对比,对比选型阶段，适合客观对比页与FAQ,,18.0,,,第三方工具-社区SEO,1,
11624,pdf对比,竞品对比与选型,选型对比,对比选型阶段，适合客观对比页与FAQ,,14.0,,,第三方工具-社区SEO,1,
11625,pptx和ppt的区别,竞品对比与选型,选型对比,对比选型阶段，适合客观对比页与FAQ,,101.0,,,第三方工具-社区SEO,1,
11626,excel怎么对比两列数据的异同,竞品对比与选型,选型对比,对比选型阶段，适合客观对比页与FAQ,,15.0,,,第三方工具-社区SEO,1,
11627,电脑pdf阅读器哪个好用,竞品对比与选型,选型对比,对比选型阶段，适合客观对比页与FAQ,,62.0,,,第三方工具-社区SEO,1,
11628,excel数据对比,竞品对比与选型,选型对比,对比选型阶段，适合客观对比页与FAQ,,13.0,,,第三方工具-社区SEO,1,
11629,word对比,竞品对比与选型,选型对比,对比选型阶段，适合客观对比页与FAQ,,10.0,,,第三方工具-社区SEO,1,
11630,wps和word有什么区别,竞品对比与选型,选型对比,对比选型阶段，适合客观对比页与FAQ,,31.0,,,第三方工具-社区SEO,1,
11631,excel乘法函数是哪个,竞品对比与选型,选型对比,对比选型阶段，适合客观对比页与FAQ,,9.0,,,第三方工具-社区SEO,1,
11632,如何对比excel表里面两列数据是否一样,竞品对比与选型,选型对比,对比选型阶段，适合客观对比页与FAQ,,12.0,,,第三方工具-社区SEO,1,
11633,excel对比两个表格数据异同,竞品对比与选型,选型对比,对比选型阶段，适合客观对比页与FAQ,,7.0,,,第三方工具-社区SEO,1,
11634,pdf文件对比,竞品对比与选型,选型对比,对比选型阶段，适合客观对比页与FAQ,,6.0,,,第三方工具-社区SEO,1,
11635,pdf和word的区别,竞品对比与选型,选型对比,对比选型阶段，适合客观对比页与FAQ,,30.0,,,第三方工具-社区SEO,1,
11636,excel两列对比,竞品对比与选型,选型对比,对比选型阶段，适合客观对比页与FAQ,,5.0,,,第三方工具-社区SEO,1,
11637,word和wps的区别,竞品对比与选型,选型对比,对比选型阶段，适合客观对比页与FAQ,,15.0,,,第三方工具-社区SEO,1,
11638,word文件对比,竞品对比与选型,选型对比,对比选型阶段，适合客观对比页与FAQ,,5.0,,,第三方工具-社区SEO,1,
11639,excel表格对比,竞品对比与选型,选型对比,对比选型阶段，适合客观对比页与FAQ,,5.0,,,第三方工具-社区SEO,1,
11640,excel两列数据对比找不同,竞品对比与选型,选型对比,对比选型阶段，适合客观对比页与FAQ,,5.0,,,第三方工具-社区SEO,1,
11641,对比ppt,竞品对比与选型,选型对比,对比选型阶段，适合客观对比页与FAQ,,5.0,,,第三方工具-社区SEO,1,
11642,excel两个表格数据对比,竞品对比与选型,选型对比,对比选型阶段，适合客观对比页与FAQ,,5.0,,,第三方工具-社区SEO,1,
11643,excel对比工具,竞品对比与选型,选型对比,对比选型阶段，适合客观对比页与FAQ,,4.0,,,第三方工具-社区SEO,1,
11644,ppt和pptx有什么区别,竞品对比与选型,选型对比,对比选型阶段，适合客观对比页与FAQ,,122.0,,,第三方工具-社区SEO,1,
11645,职场人生存法则,内容与社媒词,小红书,社媒平台热词，适合内容选题与种草,,,,2519730.0,短视频/内容平台-小红书,1,
11646,高效工作早下班,内容与社媒词,小红书,社媒平台热词，适合内容选题与种草,,,,2283619.0,短视频/内容平台-小红书,1,
11647,办公技巧,内容与社媒词,小红书,社媒平台热词，适合内容选题与种草,,,,2179481.0,短视频/内容平台-小红书,1,
11648,职场生存有感,内容与社媒词,小红书,社媒平台热词，适合内容选题与种草,,,,2150508.0,短视频/内容平台-小红书,1,
11649,职场进阶指南,内容与社媒词,小红书,社媒平台热词，适合内容选题与种草,,,,2122267.0,短视频/内容平台-小红书,1,
11650,职场smalltalk,内容与社媒词,小红书,社媒平台热词，适合内容选题与种草,,,,1704914.0,短视频/内容平台-小红书,1,
11651,拯救职场不开心,内容与社媒词,小红书,社媒平台热词，适合内容选题与种草,,,,1672171.0,短视频/内容平台-小红书,1,
11652,职场,内容与社媒词,小红书,社媒平台热词，适合内容选题与种草,,,,1457620.0,短视频/内容平台-小红书,1,
11653,教资面试结构化,内容与社媒词,小红书,社媒平台热词，适合内容选题与种草,,,,1337396.0,短视频/内容平台-小红书,1,
11654,教资面试试讲,内容与社媒词,小红书,社媒平台热词，适合内容选题与种草,,,,1228181.0,短视频/内容平台-小红书,1,
11655,excel,内容与社媒词,小红书,社媒平台热词，适合内容选题与种草,,,,1132699.0,短视频/内容平台-小红书,1,
11656,教师资格证面试,内容与社媒词,小红书,社媒平台热词，适合内容选题与种草,,,,1056065.0,短视频/内容平台-小红书,1,
11657,职场那些事儿,内容与社媒词,小红书,社媒平台热词，适合内容选题与种草,,,,951035.0,短视频/内容平台-小红书,1,
11658,2025秋招季,内容与社媒词,小红书,社媒平台热词，适合内容选题与种草,,,,915237.0,短视频/内容平台-小红书,1,
11659,秋招信息差,内容与社媒词,小红书,社媒平台热词，适合内容选题与种草,,,,912194.0,短视频/内容平台-小红书,1,
11660,Excel技巧,内容与社媒词,小红书,社媒平台热词，适合内容选题与种草,,,,834764.0,短视频/内容平台-小红书,1,
11661,创业,内容与社媒词,小红书,社媒平台热词，适合内容选题与种草,,,,834000.0,短视频/内容平台-小红书,1,
11662,零基础学电脑,内容与社媒词,小红书,社媒平台热词，适合内容选题与种草,,,,774472.0,短视频/内容平台-小红书,1,
11663,Word,内容与社媒词,小红书,社媒平台热词，适合内容选题与种草,,,,749968.0,短视频/内容平台-小红书,1,
11664,word干货,内容与社媒词,小红书,社媒平台热词，适合内容选题与种草,,,,748494.0,短视频/内容平台-小红书,1,
11665,副业可以这么干,内容与社媒词,小红书,社媒平台热词，适合内容选题与种草,,,,711146.0,短视频/内容平台-小红书,1,
11666,不上班搞钱指南,内容与社媒词,小红书,社媒平台热词，适合内容选题与种草,,,,679645.0,短视频/内容平台-小红书,1,
11667,工作总结PPT,内容与社媒词,小红书,社媒平台热词，适合内容选题与种草,,,,661175.0,短视频/内容平台-小红书,1,
11668,职场感悟,内容与社媒词,小红书,社媒平台热词，适合内容选题与种草,,,,657406.0,短视频/内容平台-小红书,1,
11669,海外红人营销,内容与社媒词,小红书,社媒平台热词，适合内容选题与种草,,,,649123.0,短视频/内容平台-小红书,1,
11670,电脑隐私,内容与社媒词,小红书,社媒平台热词，适合内容选题与种草,,,,645242.0,短视频/内容平台-小红书,1,
11671,海外社媒营销,内容与社媒词,小红书,社媒平台热词，适合内容选题与种草,,,,631272.0,短视频/内容平台-小红书,1,
11672,get职场新知识,内容与社媒词,小红书,社媒平台热词，适合内容选题与种草,,,,622647.0,短视频/内容平台-小红书,1,
11673,职场人际关系,内容与社媒词,小红书,社媒平台热词，适合内容选题与种草,,,,614800.0,短视频/内容平台-小红书,1,
11674,海外营销,内容与社媒词,小红书,社媒平台热词，适合内容选题与种草,,,,602812.0,短视频/内容平台-小红书,1,
11675,教资面试试讲很听劝,内容与社媒词,小红书,社媒平台热词，适合内容选题与种草,,,,585399.0,短视频/内容平台-小红书,1,
11676,海玛国际传媒,内容与社媒词,小红书,社媒平台热词，适合内容选题与种草,,,,568982.0,短视频/内容平台-小红书,1,
11677,职场软实力,内容与社媒词,小红书,社媒平台热词，适合内容选题与种草,,,,550462.0,短视频/内容平台-小红书,1,
11678,年终总结,内容与社媒词,小红书,社媒平台热词，适合内容选题与种草,,,,522589.0,短视频/内容平台-小红书,1,
11679,ppt动画效果制作,内容与社媒词,小红书,社媒平台热词，适合内容选题与种草,,,,503735.0,短视频/内容平台-小红书,1,
11680,短视频干货,内容与社媒词,小红书,社媒平台热词，适合内容选题与种草,,,,492371.0,短视频/内容平台-小红书,1,
11681,如何和领导相处,内容与社媒词,小红书,社媒平台热词，适合内容选题与种草,,,,483643.0,短视频/内容平台-小红书,1,
11682,ps小技巧,内容与社媒词,小红书,社媒平台热词，适合内容选题与种草,,,,481382.0,短视频/内容平台-小红书,1,
11683,短视频运营,内容与社媒词,小红书,社媒平台热词，适合内容选题与种草,,,,471380.0,短视频/内容平台-小红书,1,
11684,创业坦白局,内容与社媒词,小红书,社媒平台热词，适合内容选题与种草,,,,471372.0,短视频/内容平台-小红书,1,
11685,职场新出路,内容与社媒词,小红书,社媒平台热词，适合内容选题与种草,,,,461978.0,短视频/内容平台-小红书,1,
11686,山东省考,内容与社媒词,小红书,社媒平台热词，适合内容选题与种草,,,,457984.0,短视频/内容平台-小红书,1,
11687,office办公技巧,内容与社媒词,小红书,社媒平台热词，适合内容选题与种草,,,,453734.0,短视频/内容平台-小红书,1,
11688,创意ppt,内容与社媒词,小红书,社媒平台热词，适合内容选题与种草,,,,451710.0,短视频/内容平台-小红书,1,
11689,销售技巧,内容与社媒词,小红书,社媒平台热词，适合内容选题与种草,,,,448848.0,短视频/内容平台-小红书,1,
11690,秋招有路子,内容与社媒词,小红书,社媒平台热词，适合内容选题与种草,,,,430465.0,短视频/内容平台-小红书,1,
11691,PPT模板,内容与社媒词,小红书,社媒平台热词，适合内容选题与种草,,,,426721.0,短视频/内容平台-小红书,1,
11692,ps学习,内容与社媒词,小红书,社媒平台热词，适合内容选题与种草,,,,426358.0,短视频/内容平台-小红书,1,
11693,新媒体运营,内容与社媒词,小红书,社媒平台热词，适合内容选题与种草,,,,416505.0,短视频/内容平台-小红书,1,
11694,初入职场的我们,内容与社媒词,小红书,社媒平台热词，适合内容选题与种草,,,,414345.0,短视频/内容平台-小红书,1,
11695,创业思维,内容与社媒词,小红书,社媒平台热词，适合内容选题与种草,,,,398840.0,短视频/内容平台-小红书,1,
11696,工作总结,内容与社媒词,小红书,社媒平台热词，适合内容选题与种草,,,,394224.0,短视频/内容平台-小红书,1,
11697,找工作啊找工作,内容与社媒词,小红书,社媒平台热词，适合内容选题与种草,,,,388194.0,短视频/内容平台-小红书,1,
11698,函数公式,内容与社媒词,小红书,社媒平台热词，适合内容选题与种草,,,,387198.0,短视频/内容平台-小红书,1,
11699,平面设计教程,内容与社媒词,小红书,社媒平台热词，适合内容选题与种草,,,,382039.0,短视频/内容平台-小红书,1,
11700,工作汇报,内容与社媒词,小红书,社媒平台热词，适合内容选题与种草,,,,376763.0,短视频/内容平台-小红书,1,
11701,浙江省考,内容与社媒词,小红书,社媒平台热词，适合内容选题与种草,,,,374219.0,短视频/内容平台-小红书,1,
11702,ai教程,内容与社媒词,小红书,社媒平台热词，适合内容选题与种草,,,,370946.0,短视频/内容平台-小红书,1,
11703,想转行,内容与社媒词,小红书,社媒平台热词，适合内容选题与种草,,,,369567.0,短视频/内容平台-小红书,1,
11704,帮帮秋招伤心人,内容与社媒词,小红书,社媒平台热词，适合内容选题与种草,,,,366246.0,短视频/内容平台-小红书,1,
11705,教师资格证考试,内容与社媒词,小红书,社媒平台热词，适合内容选题与种草,,,,365713.0,短视频/内容平台-小红书,1,
11706,教资面试备考,内容与社媒词,小红书,社媒平台热词，适合内容选题与种草,,,,365101.0,短视频/内容平台-小红书,1,
11707,职场思维,内容与社媒词,小红书,社媒平台热词，适合内容选题与种草,,,,364918.0,短视频/内容平台-小红书,1,
11708,ai数字人,内容与社媒词,小红书,社媒平台热词，适合内容选题与种草,,,,363993.0,短视频/内容平台-小红书,1,
11709,职场那些事,内容与社媒词,小红书,社媒平台热词，适合内容选题与种草,,,,361749.0,短视频/内容平台-小红书,1,
11710,找工作避雷,内容与社媒词,小红书,社媒平台热词，适合内容选题与种草,,,,354548.0,短视频/内容平台-小红书,1,
11711,PPT教程,内容与社媒词,小红书,社媒平台热词，适合内容选题与种草,,,,350835.0,短视频/内容平台-小红书,1,
11712,商业计划书PPT,内容与社媒词,小红书,社媒平台热词，适合内容选题与种草,,,,346011.0,短视频/内容平台-小红书,1,
11713,电商设计,内容与社媒词,小红书,社媒平台热词，适合内容选题与种草,,,,340112.0,短视频/内容平台-小红书,1,
11714,教师资格证备考,内容与社媒词,小红书,社媒平台热词，适合内容选题与种草,,,,339141.0,短视频/内容平台-小红书,1,
11715,公务员省考,内容与社媒词,小红书,社媒平台热词，适合内容选题与种草,,,,322163.0,短视频/内容平台-小红书,1,
11716,找工作别走弯路,内容与社媒词,小红书,社媒平台热词，适合内容选题与种草,,,,303484.0,短视频/内容平台-小红书,1,
11717,述职报告,内容与社媒词,小红书,社媒平台热词，适合内容选题与种草,,,,302972.0,短视频/内容平台-小红书,1,
11718,教师面试,内容与社媒词,小红书,社媒平台热词，适合内容选题与种草,,,,296712.0,短视频/内容平台-小红书,1,
11719,嘴笨有救了,内容与社媒词,小红书,社媒平台热词，适合内容选题与种草,,,,289722.0,短视频/内容平台-小红书,1,
11720,网文写作技巧,内容与社媒词,小红书,社媒平台热词，适合内容选题与种草,,,,286652.0,短视频/内容平台-小红书,1,
11721,职场经验,内容与社媒词,小红书,社媒平台热词，适合内容选题与种草,,,,279129.0,短视频/内容平台-小红书,1,
11722,顾小北,内容与社媒词,小红书,社媒平台热词，适合内容选题与种草,,,,275392.0,短视频/内容平台-小红书,1,
11723,小生意实况报道,内容与社媒词,小红书,社媒平台热词，适合内容选题与种草,,,,274343.0,短视频/内容平台-小红书,1,
11724,新手开网店,内容与社媒词,小红书,社媒平台热词，适合内容选题与种草,,,,273329.0,短视频/内容平台-小红书,1,
11725,高级感ppt,内容与社媒词,小红书,社媒平台热词，适合内容选题与种草,,,,271037.0,短视频/内容平台-小红书,1,
11726,短视频灵感,内容与社媒词,小红书,社媒平台热词，适合内容选题与种草,,,,268988.0,短视频/内容平台-小红书,1,
11727,微信礼仪,内容与社媒词,小红书,社媒平台热词，适合内容选题与种草,,,,268466.0,短视频/内容平台-小红书,1,
11728,幼儿园教师资格证面试,内容与社媒词,小红书,社媒平台热词，适合内容选题与种草,,,,267318.0,短视频/内容平台-小红书,1,
11729,直播技巧,内容与社媒词,小红书,社媒平台热词，适合内容选题与种草,,,,259646.0,短视频/内容平台-小红书,1,
11730,刮刮乐技巧,内容与社媒词,小红书,社媒平台热词，适合内容选题与种草,,,,257526.0,短视频/内容平台-小红书,1,
11731,国企央企,内容与社媒词,小红书,社媒平台热词，适合内容选题与种草,,,,257300.0,短视频/内容平台-小红书,1,
11732,行政执法卷,内容与社媒词,小红书,社媒平台热词，适合内容选题与种草,,,,255025.0,短视频/内容平台-小红书,1,
11733,教资结构化,内容与社媒词,小红书,社媒平台热词，适合内容选题与种草,,,,251154.0,短视频/内容平台-小红书,1,
11734,给秋招伤心人出主意,内容与社媒词,小红书,社媒平台热词，适合内容选题与种草,,,,249942.0,短视频/内容平台-小红书,1,
11735,国企秋招,内容与社媒词,小红书,社媒平台热词，适合内容选题与种草,,,,248604.0,短视频/内容平台-小红书,1,
11736,外贸经验,内容与社媒词,小红书,社媒平台热词，适合内容选题与种草,,,,244253.0,短视频/内容平台-小红书,1,
11737,周末双休,内容与社媒词,小红书,社媒平台热词，适合内容选题与种草,,,,241768.0,短视频/内容平台-小红书,1,
11738,笔杆子养成,内容与社媒词,小红书,社媒平台热词，适合内容选题与种草,,,,240928.0,短视频/内容平台-小红书,1,
11739,我是会计女孩,内容与社媒词,小红书,社媒平台热词，适合内容选题与种草,,,,238889.0,短视频/内容平台-小红书,1,
11740,跨境电商独立站,内容与社媒词,小红书,社媒平台热词，适合内容选题与种草,,,,237952.0,短视频/内容平台-小红书,1,
11741,求职经验侃侃谈,内容与社媒词,小红书,社媒平台热词，适合内容选题与种草,,,,236821.0,短视频/内容平台-小红书,1,
11742,那些赚钱的副业,内容与社媒词,小红书,社媒平台热词，适合内容选题与种草,,,,236007.0,短视频/内容平台-小红书,1,
11743,独立站,内容与社媒词,小红书,社媒平台热词，适合内容选题与种草,,,,233562.0,短视频/内容平台-小红书,1,
11744,创业交流,内容与社媒词,小红书,社媒平台热词，适合内容选题与种草,,,,229226.0,短视频/内容平台-小红书,1,
11745,体制内碎碎念,内容与社媒词,小红书,社媒平台热词，适合内容选题与种草,,,,228016.0,短视频/内容平台-小红书,1,
11746,高薪工作,内容与社媒词,小红书,社媒平台热词，适合内容选题与种草,,,,227174.0,短视频/内容平台-小红书,1,
11747,体制内新人,内容与社媒词,小红书,社媒平台热词，适合内容选题与种草,,,,226239.0,短视频/内容平台-小红书,1,
11748,AI生成PPT,内容与社媒词,小红书,社媒平台热词，适合内容选题与种草,,,,223724.0,短视频/内容平台-小红书,1,
11749,向上管理,内容与社媒词,小红书,社媒平台热词，适合内容选题与种草,,,,223416.0,短视频/内容平台-小红书,1,
11750,体制内微信礼仪,内容与社媒词,小红书,社媒平台热词，适合内容选题与种草,,,,222693.0,短视频/内容平台-小红书,1,
11751,教资备考,内容与社媒词,小红书,社媒平台热词，适合内容选题与种草,,,,222222.0,短视频/内容平台-小红书,1,
11752,简历优化,内容与社媒词,小红书,社媒平台热词，适合内容选题与种草,,,,221481.0,短视频/内容平台-小红书,1,
11753,主播培训,内容与社媒词,小红书,社媒平台热词，适合内容选题与种草,,,,215471.0,短视频/内容平台-小红书,1,
11754,体制内工作是种什么体验,内容与社媒词,小红书,社媒平台热词，适合内容选题与种草,,,,215377.0,短视频/内容平台-小红书,1,
11755,和体制内打交道,内容与社媒词,小红书,社媒平台热词，适合内容选题与种草,,,,215377.0,短视频/内容平台-小红书,1,
11756,PS教程,内容与社媒词,小红书,社媒平台热词，适合内容选题与种草,,,,213028.0,短视频/内容平台-小红书,1,
11757,销售话术,内容与社媒词,小红书,社媒平台热词，适合内容选题与种草,,,,212169.0,短视频/内容平台-小红书,1,
11758,教资资料,内容与社媒词,小红书,社媒平台热词，适合内容选题与种草,,,,210651.0,短视频/内容平台-小红书,1,
11759,职场幸福感提升,内容与社媒词,小红书,社媒平台热词，适合内容选题与种草,,,,209731.0,短视频/内容平台-小红书,1,
11760,亚马逊跨境电商,内容与社媒词,小红书,社媒平台热词，适合内容选题与种草,,,,207975.0,短视频/内容平台-小红书,1,
11761,公务员,内容与社媒词,小红书,社媒平台热词，适合内容选题与种草,,,,204447.0,短视频/内容平台-小红书,1,
11762,运营干货,内容与社媒词,小红书,社媒平台热词，适合内容选题与种草,,,,202845.0,短视频/内容平台-小红书,1,
11763,教师资格证面试结构化,内容与社媒词,小红书,社媒平台热词，适合内容选题与种草,,,,200455.0,短视频/内容平台-小红书,1,
11764,如何与老板沟通,内容与社媒词,小红书,社媒平台热词，适合内容选题与种草,,,,198080.0,短视频/内容平台-小红书,1,
11765,推荐好的工作,内容与社媒词,小红书,社媒平台热词，适合内容选题与种草,,,,197966.0,短视频/内容平台-小红书,1,
11766,Excel操作技巧,内容与社媒词,小红书,社媒平台热词，适合内容选题与种草,,,,194160.0,短视频/内容平台-小红书,1,
11767,团队管理,内容与社媒词,小红书,社媒平台热词，适合内容选题与种草,,,,192295.0,短视频/内容平台-小红书,1,
11768,轻资产创业,内容与社媒词,小红书,社媒平台热词，适合内容选题与种草,,,,191833.0,短视频/内容平台-小红书,1,
11769,人性,内容与社媒词,小红书,社媒平台热词，适合内容选题与种草,,,,189968.0,短视频/内容平台-小红书,1,
11770,我的兼职副业,内容与社媒词,小红书,社媒平台热词，适合内容选题与种草,,,,189316.0,短视频/内容平台-小红书,1,
11771,教资笔试成绩,内容与社媒词,小红书,社媒平台热词，适合内容选题与种草,,,,188051.0,短视频/内容平台-小红书,1,
11772,外贸业务员,内容与社媒词,小红书,社媒平台热词，适合内容选题与种草,,,,186609.0,短视频/内容平台-小红书,1,
11773,离职的原因,内容与社媒词,小红书,社媒平台热词，适合内容选题与种草,,,,186020.0,短视频/内容平台-小红书,1,
11774,求职,内容与社媒词,小红书,社媒平台热词，适合内容选题与种草,,,,183875.0,短视频/内容平台-小红书,1,
11775,网文写作干货,内容与社媒词,小红书,社媒平台热词，适合内容选题与种草,,,,182353.0,短视频/内容平台-小红书,1,
11776,外贸人找客户,内容与社媒词,小红书,社媒平台热词，适合内容选题与种草,,,,180416.0,短视频/内容平台-小红书,1,
11777,闪剪数字人,内容与社媒词,小红书,社媒平台热词，适合内容选题与种草,,,,180380.0,短视频/内容平台-小红书,1,
11778,心机同事,内容与社媒词,小红书,社媒平台热词，适合内容选题与种草,,,,179024.0,短视频/内容平台-小红书,1,
11779,领导的语言艺术,内容与社媒词,小红书,社媒平台热词，适合内容选题与种草,,,,178960.0,短视频/内容平台-小红书,1,
11780,写材料素材,内容与社媒词,小红书,社媒平台热词，适合内容选题与种草,,,,178196.0,短视频/内容平台-小红书,1,
11781,周末兴趣班,内容与社媒词,小红书,社媒平台热词，适合内容选题与种草,,,,177676.0,短视频/内容平台-小红书,1,
11782,PPT模板分享,内容与社媒词,小红书,社媒平台热词，适合内容选题与种草,,,,176594.0,短视频/内容平台-小红书,1,
11783,销售那些事,内容与社媒词,小红书,社媒平台热词，适合内容选题与种草,,,,174617.0,短视频/内容平台-小红书,1,
11784,幼儿教资面试,内容与社媒词,小红书,社媒平台热词，适合内容选题与种草,,,,173705.0,短视频/内容平台-小红书,1,
11785,副业挣钱,内容与社媒词,小红书,社媒平台热词，适合内容选题与种草,,,,173169.0,短视频/内容平台-小红书,1,
11786,PPT制作,内容与社媒词,小红书,社媒平台热词，适合内容选题与种草,,,,172482.0,短视频/内容平台-小红书,1,
11787,收留秋招伤心人,内容与社媒词,小红书,社媒平台热词，适合内容选题与种草,,,,172448.0,短视频/内容平台-小红书,1,
11788,小学教师资格证,内容与社媒词,小红书,社媒平台热词，适合内容选题与种草,,,,172071.0,短视频/内容平台-小红书,1,
11789,电商干货,内容与社媒词,小红书,社媒平台热词，适合内容选题与种草,,,,171230.0,短视频/内容平台-小红书,1,
11790,会计工作,内容与社媒词,小红书,社媒平台热词，适合内容选题与种草,,,,167882.0,短视频/内容平台-小红书,1,
11791,改简历,内容与社媒词,小红书,社媒平台热词，适合内容选题与种草,,,,167789.0,短视频/内容平台-小红书,1,
11792,银行面试,内容与社媒词,小红书,社媒平台热词，适合内容选题与种草,,,,167496.0,短视频/内容平台-小红书,1,
11793,短视频干货分享,内容与社媒词,小红书,社媒平台热词，适合内容选题与种草,,,,166321.0,短视频/内容平台-小红书,1,
11794,PPT图片,内容与社媒词,小红书,社媒平台热词，适合内容选题与种草,,,,166206.0,短视频/内容平台-小红书,1,
11795,大刘鉴店,内容与社媒词,小红书,社媒平台热词，适合内容选题与种草,,,,164630.0,短视频/内容平台-小红书,1,
11796,旁门左道PPT,内容与社媒词,小红书,社媒平台热词，适合内容选题与种草,,,,163981.0,短视频/内容平台-小红书,1,
11797,boss直聘,内容与社媒词,小红书,社媒平台热词，适合内容选题与种草,,,,163975.0,短视频/内容平台-小红书,1,
11798,面试笔试抄作业,内容与社媒词,小红书,社媒平台热词，适合内容选题与种草,,,,160678.0,短视频/内容平台-小红书,1,
11799,行政执法类申论,内容与社媒词,小红书,社媒平台热词，适合内容选题与种草,,,,159773.0,短视频/内容平台-小红书,1,
11800,职场技能,内容与社媒词,小红书,社媒平台热词，适合内容选题与种草,,,,159523.0,短视频/内容平台-小红书,1,
11801,财务报表,内容与社媒词,小红书,社媒平台热词，适合内容选题与种草,,,,159461.0,短视频/内容平台-小红书,1,
11802,在家开网店,内容与社媒词,小红书,社媒平台热词，适合内容选题与种草,,,,159412.0,短视频/内容平台-小红书,1,
11803,六尺巷工作法,内容与社媒词,小红书,社媒平台热词，适合内容选题与种草,,,,156856.0,短视频/内容平台-小红书,1,
11804,简历怎么写,内容与社媒词,小红书,社媒平台热词，适合内容选题与种草,,,,156628.0,短视频/内容平台-小红书,1,
11805,去除ai味,内容与社媒词,小红书,社媒平台热词，适合内容选题与种草,,,,156314.0,短视频/内容平台-小红书,1,
11806,简历润色,内容与社媒词,小红书,社媒平台热词，适合内容选题与种草,,,,155728.0,短视频/内容平台-小红书,1,
11807,教资考试,内容与社媒词,小红书,社媒平台热词，适合内容选题与种草,,,,155004.0,短视频/内容平台-小红书,1,
11808,申论公文格式,内容与社媒词,小红书,社媒平台热词，适合内容选题与种草,,,,154544.0,短视频/内容平台-小红书,1,
11809,招聘软件,内容与社媒词,小红书,社媒平台热词，适合内容选题与种草,,,,154514.0,短视频/内容平台-小红书,1,
11810,我离职了,内容与社媒词,小红书,社媒平台热词，适合内容选题与种草,,,,154053.0,短视频/内容平台-小红书,1,
11811,跨境电商tiktok,内容与社媒词,小红书,社媒平台热词，适合内容选题与种草,,,,153242.0,短视频/内容平台-小红书,1,
11812,教资面试试讲模板,内容与社媒词,小红书,社媒平台热词，适合内容选题与种草,,,,152307.0,短视频/内容平台-小红书,1,
11813,销售营销,内容与社媒词,小红书,社媒平台热词，适合内容选题与种草,,,,152112.0,短视频/内容平台-小红书,1,
11814,销售思维,内容与社媒词,小红书,社媒平台热词，适合内容选题与种草,,,,150232.0,短视频/内容平台-小红书,1,
11815,PPT实用技巧,内容与社媒词,小红书,社媒平台热词，适合内容选题与种草,,,,149458.0,短视频/内容平台-小红书,1,
11816,外贸日常分享,内容与社媒词,小红书,社媒平台热词，适合内容选题与种草,,,,148180.0,短视频/内容平台-小红书,1,
11817,营销干货,内容与社媒词,小红书,社媒平台热词，适合内容选题与种草,,,,147713.0,短视频/内容平台-小红书,1,
11818,副业搞钱新思路,内容与社媒词,小红书,社媒平台热词，适合内容选题与种草,,,,147241.0,短视频/内容平台-小红书,1,
11819,初级会计备考,内容与社媒词,小红书,社媒平台热词，适合内容选题与种草,,,,146615.0,短视频/内容平台-小红书,1,
11820,面试热点,内容与社媒词,小红书,社媒平台热词，适合内容选题与种草,,,,145747.0,短视频/内容平台-小红书,1,
11821,大客户销售,内容与社媒词,小红书,社媒平台热词，适合内容选题与种草,,,,145414.0,短视频/内容平台-小红书,1,
11822,做电商,内容与社媒词,小红书,社媒平台热词，适合内容选题与种草,,,,145149.0,短视频/内容平台-小红书,1,
11823,拒绝职场pua,内容与社媒词,小红书,社媒平台热词，适合内容选题与种草,,,,144348.0,短视频/内容平台-小红书,1,
11824,财务分析,内容与社媒词,小红书,社媒平台热词，适合内容选题与种草,,,,143296.0,短视频/内容平台-小红书,1,
11825,职场人际交往,内容与社媒词,小红书,社媒平台热词，适合内容选题与种草,,,,142377.0,短视频/内容平台-小红书,1,
11826,空乘面试,内容与社媒词,小红书,社媒平台热词，适合内容选题与种草,,,,140759.0,短视频/内容平台-小红书,1,
11827,职场中的人情世故,内容与社媒词,小红书,社媒平台热词，适合内容选题与种草,,,,140048.0,短视频/内容平台-小红书,1,
11828,带薪年假,内容与社媒词,小红书,社媒平台热词，适合内容选题与种草,,,,139320.0,短视频/内容平台-小红书,1,
11829,网文写作,内容与社媒词,小红书,社媒平台热词，适合内容选题与种草,,,,138968.0,短视频/内容平台-小红书,1,
11830,国考面试,内容与社媒词,小红书,社媒平台热词，适合内容选题与种草,,,,137982.0,短视频/内容平台-小红书,1,
11831,财务会计,内容与社媒词,小红书,社媒平台热词，适合内容选题与种草,,,,137669.0,短视频/内容平台-小红书,1,
11832,ai写作指令,内容与社媒词,小红书,社媒平台热词，适合内容选题与种草,,,,137069.0,短视频/内容平台-小红书,1,
11833,教师资格面试,内容与社媒词,小红书,社媒平台热词，适合内容选题与种草,,,,136781.0,短视频/内容平台-小红书,1,
11834,公文写作素材干货,内容与社媒词,小红书,社媒平台热词，适合内容选题与种草,,,,134521.0,短视频/内容平台-小红书,1,
11835,PPT动画,内容与社媒词,小红书,社媒平台热词，适合内容选题与种草,,,,134450.0,短视频/内容平台-小红书,1,
11836,试用期工资,内容与社媒词,小红书,社媒平台热词，适合内容选题与种草,,,,134378.0,短视频/内容平台-小红书,1,
11837,转化率,内容与社媒词,小红书,社媒平台热词，适合内容选题与种草,,,,133153.0,短视频/内容平台-小红书,1,
11838,员工管理,内容与社媒词,小红书,社媒平台热词，适合内容选题与种草,,,,132197.0,短视频/内容平台-小红书,1,
11839,财务人,内容与社媒词,小红书,社媒平台热词，适合内容选题与种草,,,,131587.0,短视频/内容平台-小红书,1,
11840,双休公司,内容与社媒词,小红书,社媒平台热词，适合内容选题与种草,,,,131276.0,短视频/内容平台-小红书,1,
11841,职场潜规则,内容与社媒词,小红书,社媒平台热词，适合内容选题与种草,,,,128268.0,短视频/内容平台-小红书,1,
11842,国考行政执法类,内容与社媒词,小红书,社媒平台热词，适合内容选题与种草,,,,127925.0,短视频/内容平台-小红书,1,
11843,办公室人设,内容与社媒词,小红书,社媒平台热词，适合内容选题与种草,,,,126543.0,短视频/内容平台-小红书,1,
11844,求职工作,内容与社媒词,小红书,社媒平台热词，适合内容选题与种草,,,,125657.0,短视频/内容平台-小红书,1,
11845,上下标,内容与社媒词,小红书,社媒平台热词，适合内容选题与种草,,,,124952.0,短视频/内容平台-小红书,1,
11846,幼儿园教资面试,内容与社媒词,小红书,社媒平台热词，适合内容选题与种草,,,,122598.0,短视频/内容平台-小红书,1,
11847,国企工作,内容与社媒词,小红书,社媒平台热词，适合内容选题与种草,,,,121580.0,短视频/内容平台-小红书,1,
11848,高客单价,内容与社媒词,小红书,社媒平台热词，适合内容选题与种草,,,,121459.0,短视频/内容平台-小红书,1,
11849,营销思维,内容与社媒词,小红书,社媒平台热词，适合内容选题与种草,,,,120436.0,短视频/内容平台-小红书,1,
11850,cling柯林,内容与社媒词,小红书,社媒平台热词，适合内容选题与种草,,,,120390.0,短视频/内容平台-小红书,1,
11851,ai写作指令技巧,内容与社媒词,小红书,社媒平台热词，适合内容选题与种草,,,,120288.0,短视频/内容平台-小红书,1,
11852,不辞职创业,内容与社媒词,小红书,社媒平台热词，适合内容选题与种草,,,,119861.0,短视频/内容平台-小红书,1,
11853,ppt模板分享,内容与社媒词,小红书,社媒平台热词，适合内容选题与种草,,,,119851.0,短视频/内容平台-小红书,1,
11854,闪剪智能,内容与社媒词,小红书,社媒平台热词，适合内容选题与种草,,,,119830.0,短视频/内容平台-小红书,1,
11855,tk小店,内容与社媒词,小红书,社媒平台热词，适合内容选题与种草,,,,118678.0,短视频/内容平台-小红书,1,
11856,亚马逊运营,内容与社媒词,小红书,社媒平台热词，适合内容选题与种草,,,,117295.0,短视频/内容平台-小红书,1,
11857,外贸知识,内容与社媒词,小红书,社媒平台热词，适合内容选题与种草,,,,116685.0,短视频/内容平台-小红书,1,
11858,内容运营,内容与社媒词,小红书,社媒平台热词，适合内容选题与种草,,,,115086.0,短视频/内容平台-小红书,1,
11859,优化简历,内容与社媒词,小红书,社媒平台热词，适合内容选题与种草,,,,114180.0,短视频/内容平台-小红书,1,
11860,跨境创业,内容与社媒词,小红书,社媒平台热词，适合内容选题与种草,,,,113711.0,短视频/内容平台-小红书,1,
11861,秋招面试,内容与社媒词,小红书,社媒平台热词，适合内容选题与种草,,,,113397.0,短视频/内容平台-小红书,1,
11862,人事管理,内容与社媒词,小红书,社媒平台热词，适合内容选题与种草,,,,113169.0,短视频/内容平台-小红书,1,
11863,教资结构化面试,内容与社媒词,小红书,社媒平台热词，适合内容选题与种草,,,,113037.0,短视频/内容平台-小红书,1,
11864,绩效考核,内容与社媒词,小红书,社媒平台热词，适合内容选题与种草,,,,111903.0,短视频/内容平台-小红书,1,
11865,外贸狗的日常,内容与社媒词,小红书,社媒平台热词，适合内容选题与种草,,,,111183.0,短视频/内容平台-小红书,1,
11866,流量模型,内容与社媒词,小红书,社媒平台热词，适合内容选题与种草,,,,110667.0,短视频/内容平台-小红书,1,
11867,25山东省考,内容与社媒词,小红书,社媒平台热词，适合内容选题与种草,,,,110625.0,短视频/内容平台-小红书,1,
11868,25军队文职,内容与社媒词,小红书,社媒平台热词，适合内容选题与种草,,,,109913.0,短视频/内容平台-小红书,1,
11869,广东省考,内容与社媒词,小红书,社媒平台热词，适合内容选题与种草,,,,109618.0,短视频/内容平台-小红书,1,
11870,AI效率神器,内容与社媒词,小红书,社媒平台热词，适合内容选题与种草,,,,109606.0,短视频/内容平台-小红书,1,
11871,工资待遇,内容与社媒词,小红书,社媒平台热词，适合内容选题与种草,,,,106851.0,短视频/内容平台-小红书,1,
11872,PPT模版,内容与社媒词,小红书,社媒平台热词，适合内容选题与种草,,,,105950.0,短视频/内容平台-小红书,1,
11873,注册公司,内容与社媒词,小红书,社媒平台热词，适合内容选题与种草,,,,105920.0,短视频/内容平台-小红书,1,
11874,银行柜员,内容与社媒词,小红书,社媒平台热词，适合内容选题与种草,,,,104792.0,短视频/内容平台-小红书,1,
11875,数据分析我在行,内容与社媒词,小红书,社媒平台热词，适合内容选题与种草,,,,104018.0,短视频/内容平台-小红书,1,
11876,超格教资,内容与社媒词,小红书,社媒平台热词，适合内容选题与种草,,,,103253.0,短视频/内容平台-小红书,1,
11877,自我蜕变,内容与社媒词,小红书,社媒平台热词，适合内容选题与种草,,,,102311.0,短视频/内容平台-小红书,1,
11878,天津省考,内容与社媒词,小红书,社媒平台热词，适合内容选题与种草,,,,102277.0,短视频/内容平台-小红书,1,
11879,弹性工作,内容与社媒词,小红书,社媒平台热词，适合内容选题与种草,,,,101932.0,短视频/内容平台-小红书,1,
11880,AI简历,内容与社媒词,小红书,社媒平台热词，适合内容选题与种草,,,,101643.0,短视频/内容平台-小红书,1,
11881,六险一金,内容与社媒词,小红书,社媒平台热词，适合内容选题与种草,,,,101582.0,短视频/内容平台-小红书,1,
11882,短视频知识,内容与社媒词,小红书,社媒平台热词，适合内容选题与种草,,,,101563.0,短视频/内容平台-小红书,1,
11883,PS小技巧,内容与社媒词,小红书,社媒平台热词，适合内容选题与种草,,,,101322.0,短视频/内容平台-小红书,1,
11884,跨境电商运营,内容与社媒词,小红书,社媒平台热词，适合内容选题与种草,,,,101234.0,短视频/内容平台-小红书,1,
11885,面试求职,内容与社媒词,小红书,社媒平台热词，适合内容选题与种草,,,,100510.0,短视频/内容平台-小红书,1,
11886,海纳职通,内容与社媒词,小红书,社媒平台热词，适合内容选题与种草,,,,100370.0,短视频/内容平台-小红书,1,
11887,行政执法申论,内容与社媒词,小红书,社媒平台热词，适合内容选题与种草,,,,100145.0,短视频/内容平台-小红书,1,
11888,银行秋招,内容与社媒词,小红书,社媒平台热词，适合内容选题与种草,,,,99423.0,短视频/内容平台-小红书,1,
11889,新媒体运营入门,内容与社媒词,小红书,社媒平台热词，适合内容选题与种草,,,,99311.0,短视频/内容平台-小红书,1,
11890,短视频知识分享,内容与社媒词,小红书,社媒平台热词，适合内容选题与种草,,,,99135.0,短视频/内容平台-小红书,1,
11891,简历石沉大海,内容与社媒词,小红书,社媒平台热词，适合内容选题与种草,,,,98458.0,短视频/内容平台-小红书,1,
11892,核对数据,内容与社媒词,小红书,社媒平台热词，适合内容选题与种草,,,,98286.0,短视频/内容平台-小红书,1,
11893,工作推荐,内容与社媒词,小红书,社媒平台热词，适合内容选题与种草,,,,98253.0,短视频/内容平台-小红书,1,
11894,客户关系,内容与社媒词,小红书,社媒平台热词，适合内容选题与种草,,,,97544.0,短视频/内容平台-小红书,1,
11895,会计,内容与社媒词,小红书,社媒平台热词，适合内容选题与种草,,,,96860.0,短视频/内容平台-小红书,1,
11896,节日福利,内容与社媒词,小红书,社媒平台热词，适合内容选题与种草,,,,96832.0,短视频/内容平台-小红书,1,
11897,行测判断推理,内容与社媒词,小红书,社媒平台热词，适合内容选题与种草,,,,96627.0,短视频/内容平台-小红书,1,
11898,人事资料,内容与社媒词,小红书,社媒平台热词，适合内容选题与种草,,,,96547.0,短视频/内容平台-小红书,1,
11899,高级感PPT,内容与社媒词,小红书,社媒平台热词，适合内容选题与种草,,,,95481.0,短视频/内容平台-小红书,1,
11900,工作计划,内容与社媒词,小红书,社媒平台热词，适合内容选题与种草,,,,95313.0,短视频/内容平台-小红书,1,
11901,职场真相,内容与社媒词,小红书,社媒平台热词，适合内容选题与种草,,,,95156.0,短视频/内容平台-小红书,1,
11902,职场黑话,内容与社媒词,小红书,社媒平台热词，适合内容选题与种草,,,,93649.0,短视频/内容平台-小红书,1,
11903,求职干货,内容与社媒词,小红书,社媒平台热词，适合内容选题与种草,,,,93044.0,短视频/内容平台-小红书,1,
11904,直播话术,内容与社媒词,小红书,社媒平台热词，适合内容选题与种草,,,,92948.0,短视频/内容平台-小红书,1,
11905,网文写作资料,内容与社媒词,小红书,社媒平台热词，适合内容选题与种草,,,,92887.0,短视频/内容平台-小红书,1,
11906,面试有秘招,内容与社媒词,小红书,社媒平台热词，适合内容选题与种草,,,,92152.0,短视频/内容平台-小红书,1,
11907,新入职护士,内容与社媒词,小红书,社媒平台热词，适合内容选题与种草,,,,91527.0,短视频/内容平台-小红书,1,
11908,100个梦想工作,内容与社媒词,小红书,社媒平台热词，适合内容选题与种草,,,,90957.0,短视频/内容平台-小红书,1,
11909,甘特图,内容与社媒词,小红书,社媒平台热词，适合内容选题与种草,,,,89854.0,短视频/内容平台-小红书,1,
11910,教师编制考试,内容与社媒词,小红书,社媒平台热词，适合内容选题与种草,,,,89573.0,短视频/内容平台-小红书,1,
11911,要好好休息呀大家,内容与社媒词,小红书,社媒平台热词，适合内容选题与种草,,,,88660.0,短视频/内容平台-小红书,1,
11912,饭局文化,内容与社媒词,小红书,社媒平台热词，适合内容选题与种草,,,,88277.0,短视频/内容平台-小红书,1,
11913,公务摄影,内容与社媒词,小红书,社媒平台热词，适合内容选题与种草,,,,87541.0,短视频/内容平台-小红书,1,
11914,会计人,内容与社媒词,小红书,社媒平台热词，适合内容选题与种草,,,,87444.0,短视频/内容平台-小红书,1,
11915,荣耀PC,内容与社媒词,小红书,社媒平台热词，适合内容选题与种草,,,,86963.0,短视频/内容平台-小红书,1,
11916,管理思维,内容与社媒词,小红书,社媒平台热词，适合内容选题与种草,,,,86849.0,短视频/内容平台-小红书,1,
11917,初级会计考试,内容与社媒词,小红书,社媒平台热词，适合内容选题与种草,,,,86750.0,短视频/内容平台-小红书,1,
11918,创业风口抢先知,内容与社媒词,小红书,社媒平台热词，适合内容选题与种草,,,,86598.0,短视频/内容平台-小红书,1,
11919,营销策划,内容与社媒词,小红书,社媒平台热词，适合内容选题与种草,,,,86475.0,短视频/内容平台-小红书,1,
11920,结构化真题,内容与社媒词,小红书,社媒平台热词，适合内容选题与种草,,,,85511.0,短视频/内容平台-小红书,1,
11921,江苏省考申论,内容与社媒词,小红书,社媒平台热词，适合内容选题与种草,,,,85117.0,短视频/内容平台-小红书,1,
11922,电商人,内容与社媒词,小红书,社媒平台热词，适合内容选题与种草,,,,84630.0,短视频/内容平台-小红书,1,
11923,义乌拿货,内容与社媒词,小红书,社媒平台热词，适合内容选题与种草,,,,84472.0,短视频/内容平台-小红书,1,
11924,军队文职经验,内容与社媒词,小红书,社媒平台热词，适合内容选题与种草,,,,84267.0,短视频/内容平台-小红书,1,
11925,山东省考公务员,内容与社媒词,小红书,社媒平台热词，适合内容选题与种草,,,,83532.0,短视频/内容平台-小红书,1,
11926,直播运营,内容与社媒词,小红书,社媒平台热词，适合内容选题与种草,,,,83399.0,短视频/内容平台-小红书,1,
11927,财税知识,内容与社媒词,小红书,社媒平台热词，适合内容选题与种草,,,,82580.0,短视频/内容平台-小红书,1,
11928,tiktok创业,内容与社媒词,小红书,社媒平台热词，适合内容选题与种草,,,,82112.0,短视频/内容平台-小红书,1,
11929,军队文职选岗,内容与社媒词,小红书,社媒平台热词，适合内容选题与种草,,,,82108.0,短视频/内容平台-小红书,1,
11930,年度考核登记表,内容与社媒词,小红书,社媒平台热词，适合内容选题与种草,,,,81312.0,短视频/内容平台-小红书,1,
11931,小学教资面试,内容与社媒词,小红书,社媒平台热词，适合内容选题与种草,,,,80487.0,短视频/内容平台-小红书,1,
11932,HR人力资源,内容与社媒词,小红书,社媒平台热词，适合内容选题与种草,,,,80396.0,短视频/内容平台-小红书,1,
11933,秋招伤心人联盟,内容与社媒词,小红书,社媒平台热词，适合内容选题与种草,,,,79964.0,短视频/内容平台-小红书,1,
11934,新手创业,内容与社媒词,小红书,社媒平台热词，适合内容选题与种草,,,,79891.0,短视频/内容平台-小红书,1,
11935,初级会计,内容与社媒词,小红书,社媒平台热词，适合内容选题与种草,,,,79701.0,短视频/内容平台-小红书,1,
11936,架构图,内容与社媒词,小红书,社媒平台热词，适合内容选题与种草,,,,79620.0,短视频/内容平台-小红书,1,
11937,外贸开发,内容与社媒词,小红书,社媒平台热词，适合内容选题与种草,,,,79418.0,短视频/内容平台-小红书,1,
11938,直播电商,内容与社媒词,小红书,社媒平台热词，适合内容选题与种草,,,,79327.0,短视频/内容平台-小红书,1,
11939,镜头表现力,内容与社媒词,小红书,社媒平台热词，适合内容选题与种草,,,,79165.0,短视频/内容平台-小红书,1,
11940,赚钱,内容与社媒词,小红书,社媒平台热词，适合内容选题与种草,,,,79039.0,短视频/内容平台-小红书,1,
11941,职场高情商,内容与社媒词,小红书,社媒平台热词，适合内容选题与种草,,,,78890.0,短视频/内容平台-小红书,1,
11942,外贸soho小伙伴,内容与社媒词,小红书,社媒平台热词，适合内容选题与种草,,,,78534.0,短视频/内容平台-小红书,1,
11943,店铺运营,内容与社媒词,小红书,社媒平台热词，适合内容选题与种草,,,,78212.0,短视频/内容平台-小红书,1,
11944,25浙江省考,内容与社媒词,小红书,社媒平台热词，适合内容选题与种草,,,,78163.0,短视频/内容平台-小红书,1,
11945,用户运营,内容与社媒词,小红书,社媒平台热词，适合内容选题与种草,,,,78077.0,短视频/内容平台-小红书,1,
11946,呐喊喷泉厂家,内容与社媒词,小红书,社媒平台热词，适合内容选题与种草,,,,77656.0,短视频/内容平台-小红书,1,
11947,幼儿教资,内容与社媒词,小红书,社媒平台热词，适合内容选题与种草,,,,77413.0,短视频/内容平台-小红书,1,
11948,面试日常,内容与社媒词,小红书,社媒平台热词，适合内容选题与种草,,,,77055.0,短视频/内容平台-小红书,1,
11949,photoshop教程,内容与社媒词,小红书,社媒平台热词，适合内容选题与种草,,,,77003.0,短视频/内容平台-小红书,1,
11950,代理记账,内容与社媒词,小红书,社媒平台热词，适合内容选题与种草,,,,76846.0,短视频/内容平台-小红书,1,
11951,结构化时政,内容与社媒词,小红书,社媒平台热词，适合内容选题与种草,,,,75959.0,短视频/内容平台-小红书,1,
11952,公务员遴选,内容与社媒词,小红书,社媒平台热词，适合内容选题与种草,,,,75677.0,短视频/内容平台-小红书,1,
11953,职场为人处事,内容与社媒词,小红书,社媒平台热词，适合内容选题与种草,,,,75317.0,短视频/内容平台-小红书,1,
11954,汇报PPT,内容与社媒词,小红书,社媒平台热词，适合内容选题与种草,,,,75149.0,短视频/内容平台-小红书,1,
11955,2025军队文职,内容与社媒词,小红书,社媒平台热词，适合内容选题与种草,,,,75048.0,短视频/内容平台-小红书,1,
11956,江苏省考笔试,内容与社媒词,小红书,社媒平台热词，适合内容选题与种草,,,,74527.0,短视频/内容平台-小红书,1,
11957,行政工作,内容与社媒词,小红书,社媒平台热词，适合内容选题与种草,,,,74486.0,短视频/内容平台-小红书,1,
11958,短视频转场,内容与社媒词,小红书,社媒平台热词，适合内容选题与种草,,,,74422.0,短视频/内容平台-小红书,1,
11959,做外贸,内容与社媒词,小红书,社媒平台热词，适合内容选题与种草,,,,74149.0,短视频/内容平台-小红书,1,
11960,拆解博主,内容与社媒词,小红书,社媒平台热词，适合内容选题与种草,,,,73834.0,短视频/内容平台-小红书,1,
11961,数据分析师,内容与社媒词,小红书,社媒平台热词，适合内容选题与种草,,,,73557.0,短视频/内容平台-小红书,1,
11962,看透人性,内容与社媒词,小红书,社媒平台热词，适合内容选题与种草,,,,73385.0,短视频/内容平台-小红书,1,
11963,网文写作经验,内容与社媒词,小红书,社媒平台热词，适合内容选题与种草,,,,73226.0,短视频/内容平台-小红书,1,
11964,学生破防,内容与社媒词,小红书,社媒平台热词，适合内容选题与种草,,,,72718.0,短视频/内容平台-小红书,1,
11965,网文写作教学,内容与社媒词,小红书,社媒平台热词，适合内容选题与种草,,,,72531.0,短视频/内容平台-小红书,1,
11966,网文写作常识,内容与社媒词,小红书,社媒平台热词，适合内容选题与种草,,,,72501.0,短视频/内容平台-小红书,1,
11967,ai小技巧,内容与社媒词,小红书,社媒平台热词，适合内容选题与种草,,,,72373.0,短视频/内容平台-小红书,1,
11968,用离职的心态打工,内容与社媒词,小红书,社媒平台热词，适合内容选题与种草,,,,72228.0,短视频/内容平台-小红书,1,
11969,会议拍照,内容与社媒词,小红书,社媒平台热词，适合内容选题与种草,,,,71936.0,短视频/内容平台-小红书,1,
11970,文职备考,内容与社媒词,小红书,社媒平台热词，适合内容选题与种草,,,,71832.0,短视频/内容平台-小红书,1,
11971,开网店,内容与社媒词,小红书,社媒平台热词，适合内容选题与种草,,,,71542.0,短视频/内容平台-小红书,1,
11972,财务干货,内容与社媒词,小红书,社媒平台热词，适合内容选题与种草,,,,71182.0,短视频/内容平台-小红书,1,
11973,公考面试,内容与社媒词,小红书,社媒平台热词，适合内容选题与种草,,,,71156.0,短视频/内容平台-小红书,1,
11974,运营助理,内容与社媒词,小红书,社媒平台热词，适合内容选题与种草,,,,70681.0,短视频/内容平台-小红书,1,
11975,职场攻略,内容与社媒词,小红书,社媒平台热词，适合内容选题与种草,,,,70357.0,短视频/内容平台-小红书,1,
11976,运营策略,内容与社媒词,小红书,社媒平台热词，适合内容选题与种草,,,,70330.0,短视频/内容平台-小红书,1,
11977,公考面试素材,内容与社媒词,小红书,社媒平台热词，适合内容选题与种草,,,,70263.0,短视频/内容平台-小红书,1,
11978,ai大模型,内容与社媒词,小红书,社媒平台热词，适合内容选题与种草,,,,70260.0,短视频/内容平台-小红书,1,
11979,打造个人IP,内容与社媒词,小红书,社媒平台热词，适合内容选题与种草,,,,70175.0,短视频/内容平台-小红书,1,
11980,行政执法作文,内容与社媒词,小红书,社媒平台热词，适合内容选题与种草,,,,69096.0,短视频/内容平台-小红书,1,
11981,教师结构化,内容与社媒词,小红书,社媒平台热词，适合内容选题与种草,,,,69085.0,短视频/内容平台-小红书,1,
11982,数据图表,内容与社媒词,小红书,社媒平台热词，适合内容选题与种草,,,,68882.0,短视频/内容平台-小红书,1,
11983,企事业行政单位,内容与社媒词,小红书,社媒平台热词，适合内容选题与种草,,,,68700.0,短视频/内容平台-小红书,1,
11984,国企央企私企,内容与社媒词,小红书,社媒平台热词，适合内容选题与种草,,,,68700.0,短视频/内容平台-小红书,1,
11985,工作思路,内容与社媒词,小红书,社媒平台热词，适合内容选题与种草,,,,68532.0,短视频/内容平台-小红书,1,
11986,深圳咖啡培训,内容与社媒词,小红书,社媒平台热词，适合内容选题与种草,,,,68316.0,短视频/内容平台-小红书,1,
11987,深圳找工作,内容与社媒词,小红书,社媒平台热词，适合内容选题与种草,,,,68283.0,短视频/内容平台-小红书,1,
11988,创业赛道如何选择,内容与社媒词,小红书,社媒平台热词，适合内容选题与种草,,,,67851.0,短视频/内容平台-小红书,1,
11989,tiktok运营,内容与社媒词,小红书,社媒平台热词，适合内容选题与种草,,,,67643.0,短视频/内容平台-小红书,1,
11990,视频创作技巧,内容与社媒词,小红书,社媒平台热词，适合内容选题与种草,,,,67446.0,短视频/内容平台-小红书,1,
11991,年底找工作,内容与社媒词,小红书,社媒平台热词，适合内容选题与种草,,,,67429.0,短视频/内容平台-小红书,1,
11992,吴小K流量模型,内容与社媒词,小红书,社媒平台热词，适合内容选题与种草,,,,66632.0,短视频/内容平台-小红书,1,
11993,初级会计实务,内容与社媒词,小红书,社媒平台热词，适合内容选题与种草,,,,66537.0,短视频/内容平台-小红书,1,
11994,运营学习,内容与社媒词,小红书,社媒平台热词，适合内容选题与种草,,,,66524.0,短视频/内容平台-小红书,1,
11995,销售技巧与话术,内容与社媒词,小红书,社媒平台热词，适合内容选题与种草,,,,66188.0,短视频/内容平台-小红书,1,
11996,PPT素材,内容与社媒词,小红书,社媒平台热词，适合内容选题与种草,,,,66026.0,短视频/内容平台-小红书,1,
11997,来聊聊你的副业,内容与社媒词,小红书,社媒平台热词，适合内容选题与种草,,,,66013.0,短视频/内容平台-小红书,1,
11998,AI做PPT,内容与社媒词,小红书,社媒平台热词，适合内容选题与种草,,,,65788.0,短视频/内容平台-小红书,1,
11999,工作规划,内容与社媒词,小红书,社媒平台热词，适合内容选题与种草,,,,65650.0,短视频/内容平台-小红书,1,
12000,浙江省考申论,内容与社媒词,小红书,社媒平台热词，适合内容选题与种草,,,,65512.0,短视频/内容平台-小红书,1,
12001,内容营销,内容与社媒词,小红书,社媒平台热词，适合内容选题与种草,,,,65470.0,短视频/内容平台-小红书,1,
12002,剪辑思路,内容与社媒词,小红书,社媒平台热词，适合内容选题与种草,,,,65463.0,短视频/内容平台-小红书,1,
12003,年轻人整顿职场,内容与社媒词,小红书,社媒平台热词，适合内容选题与种草,,,,65368.0,短视频/内容平台-小红书,1,
12004,风口行业,内容与社媒词,小红书,社媒平台热词，适合内容选题与种草,,,,65128.0,短视频/内容平台-小红书,1,
12005,银行校招,内容与社媒词,小红书,社媒平台热词，适合内容选题与种草,,,,64949.0,短视频/内容平台-小红书,1,
12006,Ai数字人,内容与社媒词,小红书,社媒平台热词，适合内容选题与种草,,,,64712.0,短视频/内容平台-小红书,1,
12007,人性博弈,内容与社媒词,小红书,社媒平台热词，适合内容选题与种草,,,,64697.0,短视频/内容平台-小红书,1,
12008,代理记账报税,内容与社媒词,小红书,社媒平台热词，适合内容选题与种草,,,,64608.0,短视频/内容平台-小红书,1,
12009,老板ip,内容与社媒词,小红书,社媒平台热词，适合内容选题与种草,,,,64568.0,短视频/内容平台-小红书,1,
12010,薪酬体系,内容与社媒词,小红书,社媒平台热词，适合内容选题与种草,,,,64479.0,短视频/内容平台-小红书,1,
12011,教资面试报名,内容与社媒词,小红书,社媒平台热词，适合内容选题与种草,,,,64421.0,短视频/内容平台-小红书,1,
12012,注册公司代理,内容与社媒词,小红书,社媒平台热词，适合内容选题与种草,,,,64353.0,短视频/内容平台-小红书,1,
12013,外企找工作,内容与社媒词,小红书,社媒平台热词，适合内容选题与种草,,,,64239.0,短视频/内容平台-小红书,1,
12014,hannah的销售星球,内容与社媒词,小红书,社媒平台热词，适合内容选题与种草,,,,63991.0,短视频/内容平台-小红书,1,
12015,PPT设计,内容与社媒词,小红书,社媒平台热词，适合内容选题与种草,,,,63967.0,短视频/内容平台-小红书,1,
12016,注册公司代理记账报税,内容与社媒词,小红书,社媒平台热词，适合内容选题与种草,,,,63507.0,短视频/内容平台-小红书,1,
12017,军队文职备考,内容与社媒词,小红书,社媒平台热词，适合内容选题与种草,,,,63356.0,短视频/内容平台-小红书,1,
12018,产品运营,内容与社媒词,小红书,社媒平台热词，适合内容选题与种草,,,,63237.0,短视频/内容平台-小红书,1,
12019,海外职场,内容与社媒词,小红书,社媒平台热词，适合内容选题与种草,,,,63211.0,短视频/内容平台-小红书,1,
12020,竞聘演讲稿,内容与社媒词,小红书,社媒平台热词，适合内容选题与种草,,,,63022.0,短视频/内容平台-小红书,1,
12021,职场说话之道,内容与社媒词,小红书,社媒平台热词，适合内容选题与种草,,,,62825.0,短视频/内容平台-小红书,1,
12022,会计﻿,内容与社媒词,小红书,社媒平台热词，适合内容选题与种草,,,,62726.0,短视频/内容平台-小红书,1,
12023,外企信息怎么找,内容与社媒词,小红书,社媒平台热词，适合内容选题与种草,,,,62545.0,短视频/内容平台-小红书,1,
12024,教师招聘面试结构化,内容与社媒词,小红书,社媒平台热词，适合内容选题与种草,,,,62021.0,短视频/内容平台-小红书,1,
12025,Excel函数,内容与社媒词,小红书,社媒平台热词，适合内容选题与种草,,,,61808.0,短视频/内容平台-小红书,1,
12026,护士找工作,内容与社媒词,小红书,社媒平台热词，适合内容选题与种草,,,,61563.0,短视频/内容平台-小红书,1,
12027,与领导相处,内容与社媒词,小红书,社媒平台热词，适合内容选题与种草,,,,61560.0,短视频/内容平台-小红书,1,
12028,浙江公务员,内容与社媒词,小红书,社媒平台热词，适合内容选题与种草,,,,61551.0,短视频/内容平台-小红书,1,
12029,资产负债表,内容与社媒词,小红书,社媒平台热词，适合内容选题与种草,,,,61474.0,短视频/内容平台-小红书,1,
12030,职业规划咨询,内容与社媒词,小红书,社媒平台热词，适合内容选题与种草,,,,61467.0,短视频/内容平台-小红书,1,
12031,HR的日常,内容与社媒词,小红书,社媒平台热词，适合内容选题与种草,,,,60972.0,短视频/内容平台-小红书,1,
12032,HRBP,内容与社媒词,小红书,社媒平台热词，适合内容选题与种草,,,,60700.0,短视频/内容平台-小红书,1,
12033,发票查验,内容与社媒词,小红书,社媒平台热词，适合内容选题与种草,,,,60689.0,短视频/内容平台-小红书,1,
12034,饭局发言,内容与社媒词,小红书,社媒平台热词，适合内容选题与种草,,,,60398.0,短视频/内容平台-小红书,1,
12035,sql,内容与社媒词,小红书,社媒平台热词，适合内容选题与种草,,,,60254.0,短视频/内容平台-小红书,1,
12036,EXCEL,内容与社媒词,小红书,社媒平台热词，适合内容选题与种草,,,,60176.0,短视频/内容平台-小红书,1,
12037,教资面试时政,内容与社媒词,小红书,社媒平台热词，适合内容选题与种草,,,,60151.0,短视频/内容平台-小红书,1,
12038,字节裁员,内容与社媒词,小红书,社媒平台热词，适合内容选题与种草,,,,59969.0,短视频/内容平台-小红书,1,
12039,外贸独立站,内容与社媒词,小红书,社媒平台热词，适合内容选题与种草,,,,59485.0,短视频/内容平台-小红书,1,
12040,半结构化,内容与社媒词,小红书,社媒平台热词，适合内容选题与种草,,,,59409.0,短视频/内容平台-小红书,1,
12041,挑战开100家店,内容与社媒词,小红书,社媒平台热词，适合内容选题与种草,,,,59321.0,短视频/内容平台-小红书,1,
12042,跨境电商选品,内容与社媒词,小红书,社媒平台热词，适合内容选题与种草,,,,59294.0,短视频/内容平台-小红书,1,
12043,注册公司流程,内容与社媒词,小红书,社媒平台热词，适合内容选题与种草,,,,59274.0,短视频/内容平台-小红书,1,
12044,cicpa,内容与社媒词,小红书,社媒平台热词，适合内容选题与种草,,,,59148.0,短视频/内容平台-小红书,1,
12045,25初级会计,内容与社媒词,小红书,社媒平台热词，适合内容选题与种草,,,,59025.0,短视频/内容平台-小红书,1,
12046,职场个人提升,内容与社媒词,小红书,社媒平台热词，适合内容选题与种草,,,,59015.0,短视频/内容平台-小红书,1,
12047,电商行业,内容与社媒词,小红书,社媒平台热词，适合内容选题与种草,,,,58891.0,短视频/内容平台-小红书,1,
12048,SEO,内容与社媒词,小红书,社媒平台热词，适合内容选题与种草,,,,58850.0,短视频/内容平台-小红书,1,
12049,人事行政,内容与社媒词,小红书,社媒平台热词，适合内容选题与种草,,,,58755.0,短视频/内容平台-小红书,1,
12050,00后开100家炒菜店,内容与社媒词,小红书,社媒平台热词，适合内容选题与种草,,,,58590.0,短视频/内容平台-小红书,1,
12051,初级会计证,内容与社媒词,小红书,社媒平台热词，适合内容选题与种草,,,,58545.0,短视频/内容平台-小红书,1,
12052,文职报名,内容与社媒词,小红书,社媒平台热词，适合内容选题与种草,,,,58535.0,短视频/内容平台-小红书,1,
12053,Udemy,内容与社媒词,小红书,社媒平台热词，适合内容选题与种草,,,,58475.0,短视频/内容平台-小红书,1,
12054,搞钱野路子,内容与社媒词,小红书,社媒平台热词，适合内容选题与种草,,,,58398.0,短视频/内容平台-小红书,1,
12055,简道云,内容与社媒词,小红书,社媒平台热词，适合内容选题与种草,,,,58101.0,短视频/内容平台-小红书,1,
12056,体制内写作,内容与社媒词,小红书,社媒平台热词，适合内容选题与种草,,,,58065.0,短视频/内容平台-小红书,1,
12057,天津市考笔试,内容与社媒词,小红书,社媒平台热词，适合内容选题与种草,,,,57997.0,短视频/内容平台-小红书,1,
12058,利润表,内容与社媒词,小红书,社媒平台热词，适合内容选题与种草,,,,57680.0,短视频/内容平台-小红书,1,
12059,PPT教学,内容与社媒词,小红书,社媒平台热词，适合内容选题与种草,,,,57628.0,短视频/内容平台-小红书,1,
12060,笔杆子素材,内容与社媒词,小红书,社媒平台热词，适合内容选题与种草,,,,57462.0,短视频/内容平台-小红书,1,
12061,假期怎么搞副业,内容与社媒词,小红书,社媒平台热词，适合内容选题与种草,,,,57172.0,短视频/内容平台-小红书,1,
12062,申论行政执法,内容与社媒词,小红书,社媒平台热词，适合内容选题与种草,,,,57119.0,短视频/内容平台-小红书,1,
12063,cpc,内容与社媒词,小红书,社媒平台热词，适合内容选题与种草,,,,57064.0,短视频/内容平台-小红书,1,
12064,财务bp,内容与社媒词,小红书,社媒平台热词，适合内容选题与种草,,,,56595.0,短视频/内容平台-小红书,1,
12065,AI产品经理,内容与社媒词,小红书,社媒平台热词，适合内容选题与种草,,,,56506.0,短视频/内容平台-小红书,1,
12066,脸皮薄,内容与社媒词,小红书,社媒平台热词，适合内容选题与种草,,,,56455.0,短视频/内容平台-小红书,1,
12067,小学教资,内容与社媒词,小红书,社媒平台热词，适合内容选题与种草,,,,56420.0,短视频/内容平台-小红书,1,
12068,申论万能开头,内容与社媒词,小红书,社媒平台热词，适合内容选题与种草,,,,56383.0,短视频/内容平台-小红书,1,
12069,职场智慧,内容与社媒词,小红书,社媒平台热词，适合内容选题与种草,,,,56169.0,短视频/内容平台-小红书,1,
12070,文职考试,内容与社媒词,小红书,社媒平台热词，适合内容选题与种草,,,,55702.0,短视频/内容平台-小红书,1,
12071,大厂离职,内容与社媒词,小红书,社媒平台热词，适合内容选题与种草,,,,55685.0,短视频/内容平台-小红书,1,
12072,会计实操会计小白快速上岗,内容与社媒词,小红书,社媒平台热词，适合内容选题与种草,,,,55593.0,短视频/内容平台-小红书,1,
12073,视频翻译,内容与社媒词,小红书,社媒平台热词，适合内容选题与种草,,,,55419.0,短视频/内容平台-小红书,1,
12074,ps教学,内容与社媒词,小红书,社媒平台热词，适合内容选题与种草,,,,55381.0,短视频/内容平台-小红书,1,
12075,职场提升自己,内容与社媒词,小红书,社媒平台热词，适合内容选题与种草,,,,55329.0,短视频/内容平台-小红书,1,
12076,小白做外贸业务员,内容与社媒词,小红书,社媒平台热词，适合内容选题与种草,,,,55143.0,短视频/内容平台-小红书,1,
12077,工作轻松,内容与社媒词,小红书,社媒平台热词，适合内容选题与种草,,,,55019.0,短视频/内容平台-小红书,1,
12078,教资必过,内容与社媒词,小红书,社媒平台热词，适合内容选题与种草,,,,54848.0,短视频/内容平台-小红书,1,
12079,职场黑话大揭秘,内容与社媒词,小红书,社媒平台热词，适合内容选题与种草,,,,54775.0,短视频/内容平台-小红书,1,
12080,找工作好难,内容与社媒词,小红书,社媒平台热词，适合内容选题与种草,,,,54769.0,短视频/内容平台-小红书,1,
12081,引流获客,内容与社媒词,小红书,社媒平台热词，适合内容选题与种草,,,,54421.0,短视频/内容平台-小红书,1,
12082,面试话术,内容与社媒词,小红书,社媒平台热词，适合内容选题与种草,,,,54411.0,短视频/内容平台-小红书,1,
12083,ps入门教程,内容与社媒词,小红书,社媒平台热词，适合内容选题与种草,,,,54221.0,短视频/内容平台-小红书,1,
12084,找工作别走弯,内容与社媒词,小红书,社媒平台热词，适合内容选题与种草,,,,53792.0,短视频/内容平台-小红书,1,
12085,面试题库,内容与社媒词,小红书,社媒平台热词，适合内容选题与种草,,,,53597.0,短视频/内容平台-小红书,1,
12086,老板思维,内容与社媒词,小红书,社媒平台热词，适合内容选题与种草,,,,53531.0,短视频/内容平台-小红书,1,
12087,教资报名,内容与社媒词,小红书,社媒平台热词，适合内容选题与种草,,,,53314.0,短视频/内容平台-小红书,1,
12088,岗位竞聘,内容与社媒词,小红书,社媒平台热词，适合内容选题与种草,,,,53272.0,短视频/内容平台-小红书,1,
12089,小众职业,内容与社媒词,小红书,社媒平台热词，适合内容选题与种草,,,,53220.0,短视频/内容平台-小红书,1,
12090,创始人IP,内容与社媒词,小红书,社媒平台热词，适合内容选题与种草,,,,53121.0,短视频/内容平台-小红书,1,
12091,竞聘优势,内容与社媒词,小红书,社媒平台热词，适合内容选题与种草,,,,53053.0,短视频/内容平台-小红书,1,
12092,网文写作素材积累,内容与社媒词,小红书,社媒平台热词，适合内容选题与种草,,,,52709.0,短视频/内容平台-小红书,1,
12093,修图艺术,内容与社媒词,小红书,社媒平台热词，适合内容选题与种草,,,,52576.0,短视频/内容平台-小红书,1,
12094,虚线描边,内容与社媒词,小红书,社媒平台热词，适合内容选题与种草,,,,52576.0,短视频/内容平台-小红书,1,
12095,AIPPT,内容与社媒词,小红书,社媒平台热词，适合内容选题与种草,,,,52535.0,短视频/内容平台-小红书,1,
12096,深圳教师招聘,内容与社媒词,小红书,社媒平台热词，适合内容选题与种草,,,,52520.0,短视频/内容平台-小红书,1,
12097,公司招聘,内容与社媒词,小红书,社媒平台热词，适合内容选题与种草,,,,52395.0,短视频/内容平台-小红书,1,
12098,高端就业,内容与社媒词,小红书,社媒平台热词，适合内容选题与种草,,,,52272.0,短视频/内容平台-小红书,1,
12099,高客单,内容与社媒词,小红书,社媒平台热词，适合内容选题与种草,,,,52227.0,短视频/内容平台-小红书,1,
12100,体制内工作经验,内容与社媒词,小红书,社媒平台热词，适合内容选题与种草,,,,52159.0,短视频/内容平台-小红书,1,
12101,万能话术,内容与社媒词,小红书,社媒平台热词，适合内容选题与种草,,,,51874.0,短视频/内容平台-小红书,1,
12102,PPT结尾页,内容与社媒词,小红书,社媒平台热词，适合内容选题与种草,,,,51791.0,短视频/内容平台-小红书,1,
12103,文档对齐,内容与社媒词,小红书,社媒平台热词，适合内容选题与种草,,,,51746.0,短视频/内容平台-小红书,1,
12104,海外短视频,内容与社媒词,小红书,社媒平台热词，适合内容选题与种草,,,,51687.0,短视频/内容平台-小红书,1,
12105,网文写作于货,内容与社媒词,小红书,社媒平台热词，适合内容选题与种草,,,,51543.0,短视频/内容平台-小红书,1,
12106,重庆找工作,内容与社媒词,小红书,社媒平台热词，适合内容选题与种草,,,,51470.0,短视频/内容平台-小红书,1,
12107,2025江苏省考,内容与社媒词,小红书,社媒平台热词，适合内容选题与种草,,,,51156.0,短视频/内容平台-小红书,1,
12108,找工作太难了,内容与社媒词,小红书,社媒平台热词，适合内容选题与种草,,,,51091.0,短视频/内容平台-小红书,1,
12109,产品经理入门,内容与社媒词,小红书,社媒平台热词，适合内容选题与种草,,,,51000.0,短视频/内容平台-小红书,1,
12110,山东公务员,内容与社媒词,小红书,社媒平台热词，适合内容选题与种草,,,,50892.0,短视频/内容平台-小红书,1,
12111,中学教资,内容与社媒词,小红书,社媒平台热词，适合内容选题与种草,,,,50671.0,短视频/内容平台-小红书,1,
12112,illustrator教程,内容与社媒词,小红书,社媒平台热词，适合内容选题与种草,,,,50565.0,短视频/内容平台-小红书,1,
12113,退费方法,内容与社媒词,小红书,社媒平台热词，适合内容选题与种草,,,,50530.0,短视频/内容平台-小红书,1,
12114,文件分割线,内容与社媒词,小红书,社媒平台热词，适合内容选题与种草,,,,50472.0,短视频/内容平台-小红书,1,
12115,门老弟,内容与社媒词,小红书,社媒平台热词，适合内容选题与种草,,,,50449.0,短视频/内容平台-小红书,1,
12116,门老弟生意经,内容与社媒词,小红书,社媒平台热词，适合内容选题与种草,,,,50449.0,短视频/内容平台-小红书,1,
12117,短视频开头,内容与社媒词,小红书,社媒平台热词，适合内容选题与种草,,,,50207.0,短视频/内容平台-小红书,1,
12118,离职原因,内容与社媒词,小红书,社媒平台热词，适合内容选题与种草,,,,50120.0,短视频/内容平台-小红书,1,
12119,护士夜班,内容与社媒词,小红书,社媒平台热词，适合内容选题与种草,,,,49938.0,短视频/内容平台-小红书,1,
12120,门老弟生意圈,内容与社媒词,小红书,社媒平台热词，适合内容选题与种草,,,,49827.0,短视频/内容平台-小红书,1,
12121,吴思雅,内容与社媒词,小红书,社媒平台热词，适合内容选题与种草,,,,49825.0,短视频/内容平台-小红书,1,
12122,求职陪跑,内容与社媒词,小红书,社媒平台热词，适合内容选题与种草,,,,49803.0,短视频/内容平台-小红书,1,
12123,双休工作,内容与社媒词,小红书,社媒平台热词，适合内容选题与种草,,,,49775.0,短视频/内容平台-小红书,1,
12124,（已屏蔽）,其他,其他,需求模糊或杂项，需人工复核,239.0,,,,百度统计真实流量,1,
12125,heimaoku.COM最新泛站程序资源,其他,其他,需求模糊或杂项，需人工复核,107.0,,,,百度统计真实流量,1,
12126,统计推广软件 9e9.net,其他,其他,需求模糊或杂项，需人工复核,21.0,,,,百度统计真实流量,1,
12127,鈥學PS,其他,其他,需求模糊或杂项，需人工复核,19.0,,,,百度统计真实流量,1,
12128,未知,其他,其他,需求模糊或杂项，需人工复核,8.0,,,,百度统计真实流量,1,
12129,wpcoffce,其他,其他,需求模糊或杂项，需人工复核,6.0,,,,百度统计真实流量,1,
12130,黑马校对,其他,其他,需求模糊或杂项，需人工复核,4.0,,,,百度统计真实流量,1,
12131,wp鈥唖,其他,其他,需求模糊或杂项，需人工复核,3.0,,,,百度统计真实流量,1,
12132,w鈥唒鈥唖,其他,其他,需求模糊或杂项，需人工复核,3.0,,,,百度统计真实流量,1,
12133,w软件,其他,其他,需求模糊或杂项，需人工复核,2.0,,,,百度统计真实流量,1,
12134,稻壳组卷,其他,其他,需求模糊或杂项，需人工复核,2.0,,,,百度统计真实流量,1,
12135,ofd用什么软件打开,其他,其他,需求模糊或杂项，需人工复核,2.0,,,,百度统计真实流量,1,
12136,wp,其他,其他,需求模糊或杂项，需人工复核,1.0,,,,百度统计真实流量,1,
12137,work软件,其他,其他,需求模糊或杂项，需人工复核,1.0,,,,百度统计真实流量,1,
12138,W文件官网,其他,其他,需求模糊或杂项，需人工复核,1.0,,,,百度统计真实流量,1,
12139,测网速,其他,其他,需求模糊或杂项，需人工复核,1.0,,,,百度统计真实流量,1,
12140,wpas官网,其他,其他,需求模糊或杂项，需人工复核,1.0,,,,百度统计真实流量,1,
12141,jinsanwendang,其他,其他,需求模糊或杂项，需人工复核,1.0,,,,百度统计真实流量,1,
12142,工作软件,其他,其他,需求模糊或杂项，需人工复核,1.0,,,,百度统计真实流量,1,
12143,WWW.超碰,其他,其他,需求模糊或杂项，需人工复核,1.0,,,,百度统计真实流量,1,
12144,doc软件,其他,其他,需求模糊或杂项，需人工复核,1.0,,,,百度统计真实流量,1,
12145,_xxxxx2025,其他,其他,需求模糊或杂项，需人工复核,1.0,,,,百度统计真实流量,1,
12146,VBA 宏插件,其他,其他,需求模糊或杂项，需人工复核,1.0,,,,百度统计真实流量,1,
12147,鈥榳ps,其他,其他,需求模糊或杂项，需人工复核,1.0,,,,百度统计真实流量,1,
12148,www。超碰。com,其他,其他,需求模糊或杂项，需人工复核,1.0,,,,百度统计真实流量,1,
12149,et文件,其他,其他,需求模糊或杂项，需人工复核,1.0,,,,百度统计真实流量,1,
12150,官方网站,其他,其他,需求模糊或杂项，需人工复核,1.0,,,,百度统计真实流量,1,
12151,办工软件,其他,其他,需求模糊或杂项，需人工复核,1.0,,,,百度统计真实流量,1,
12152,wpa的官网,其他,其他,需求模糊或杂项，需人工复核,1.0,,,,百度统计真实流量,1,
12153,ws,其他,其他,需求模糊或杂项，需人工复核,1.0,,,,百度统计真实流量,1,
12154,sor文件用什么软件打开,其他,其他,需求模糊或杂项，需人工复核,1.0,,,,百度统计真实流量,1,
12155,wpk客服电话24小时人工服务,其他,其他,需求模糊或杂项，需人工复核,1.0,,,,百度统计真实流量,1,
12156,四女超碰,其他,其他,需求模糊或杂项，需人工复核,1.0,,,,百度统计真实流量,1,
12157,鈥寃ps,其他,其他,需求模糊或杂项，需人工复核,1.0,,,,百度统计真实流量,1,
12158,最新版办工软件,其他,其他,需求模糊或杂项，需人工复核,1.0,,,,百度统计真实流量,1,
12159,鈥榃PS,其他,其他,需求模糊或杂项，需人工复核,1.0,,,,百度统计真实流量,1,
12160,kdocscn网页版登录入口,其他,其他,需求模糊或杂项，需人工复核,1.0,,,,百度统计真实流量,1,
12161,wp鈥宻,其他,其他,需求模糊或杂项，需人工复核,1.0,,,,百度统计真实流量,1,
12162,ofd文件,其他,其他,需求模糊或杂项，需人工复核,1.0,,,,百度统计真实流量,1,
12163,超碰国产44,其他,其他,需求模糊或杂项，需人工复核,1.0,,,,百度统计真实流量,1,
12164,et,其他,其他,需求模糊或杂项，需人工复核,1.0,,,,百度统计真实流量,1,
12165,WS软件,其他,其他,需求模糊或杂项，需人工复核,1.0,,,,百度统计真实流量,1,
12166,WAS个人版,其他,其他,需求模糊或杂项，需人工复核,1.0,,,,百度统计真实流量,1,
