关键词,题材,一级分类,意图,操作对象,工具,指纹,内容策略,题材分,搜索热度,热度分
wps aipdf转word,AI办公,AI品牌词,场景应用,pdf转word,WPS AI,AI品牌词·场景应用·pdf转word·WPS AI,中关联(AI+工具章节),0.88,低,0.5
wps ai下载,AI认知,AI品牌词,官网下载,下载,WPS AI,AI品牌词·官网下载·下载·WPS AI,高关联(整篇AI),0.75,中,0.6
wps ai做excel图表,AI绘图,AI品牌词,场景应用,做excel图表,WPS AI,AI品牌词·场景应用·做excel图表·WPS AI,中关联(AI+工具章节),0.85,低,0.5
wps ai做ppt,AI办公,AI品牌词,场景应用,做ppt,WPS AI,AI品牌词·场景应用·做ppt·WPS AI,中关联(AI+工具章节),0.88,低,0.5
wps ai做周报,AI写作,AI品牌词,场景应用,做周报,WPS AI,AI品牌词·场景应用·做周报·WPS AI,中关联(AI+工具章节),0.9,低,0.5
wps ai做思维导图,AI绘图,AI品牌词,场景应用,做思维导图,WPS AI,AI品牌词·场景应用·做思维导图·WPS AI,中关联(AI+工具章节),0.85,低,0.5
wps ai做数据透视表,AI认知,AI品牌词,场景应用,做数据透视表,WPS AI,AI品牌词·场景应用·做数据透视表·WPS AI,中关联(AI+工具章节),0.75,低,0.5
wps ai做表格,AI办公,AI品牌词,场景应用,做表格,WPS AI,AI品牌词·场景应用·做表格·WPS AI,中关联(AI+工具章节),0.88,低,0.5
wps ai入口,AI认知,AI品牌词,官网下载,入口,WPS AI,AI品牌词·官网下载·入口·WPS AI,高关联(整篇AI),0.75,中,0.6
wps ai写excel公式,AI写作,AI品牌词,场景应用,写excel公式,WPS AI,AI品牌词·场景应用·写excel公式·WPS AI,中关联(AI+工具章节),0.9,低,0.5
wps ai写产品介绍,AI写作,AI品牌词,品牌认知,写产品介绍,WPS AI,AI品牌词·品牌认知·写产品介绍·WPS AI,高关联(整篇AI),0.9,中,0.6
wps ai写会议纪要,AI写作,AI品牌词,场景应用,写会议纪要,WPS AI,AI品牌词·场景应用·写会议纪要·WPS AI,中关联(AI+工具章节),0.9,低,0.5
wps ai写会议通知,AI写作,AI品牌词,场景应用,写会议通知,WPS AI,AI品牌词·场景应用·写会议通知·WPS AI,中关联(AI+工具章节),0.9,低,0.5
wps ai写作,AI写作,AI品牌词,场景应用,写作,WPS AI,AI品牌词·场景应用·写作·WPS AI,中关联(AI+工具章节),0.9,低,0.5
wps ai写作文,AI写作,AI品牌词,场景应用,写作文,WPS AI,AI品牌词·场景应用·写作文·WPS AI,中关联(AI+工具章节),0.9,低,0.5
wps ai写公文,AI写作,AI品牌词,场景应用,写公文,WPS AI,AI品牌词·场景应用·写公文·WPS AI,中关联(AI+工具章节),0.9,低,0.5
wps ai写合同,AI写作,AI品牌词,场景应用,写合同,WPS AI,AI品牌词·场景应用·写合同·WPS AI,中关联(AI+工具章节),0.9,低,0.5
wps ai写周报,AI写作,AI品牌词,场景应用,写周报,WPS AI,AI品牌词·场景应用·写周报·WPS AI,中关联(AI+工具章节),0.9,低,0.5
wps ai写小红书文案,AI写作,AI品牌词,场景应用,写小红书文案,WPS AI,AI品牌词·场景应用·写小红书文案·WPS AI,中关联(AI+工具章节),0.9,低,0.5
wps ai写小说,AI写作,AI品牌词,场景应用,写小说,WPS AI,AI品牌词·场景应用·写小说·WPS AI,中关联(AI+工具章节),0.9,低,0.5
wps ai写工作总结,AI写作,AI品牌词,场景应用,写工作总结,WPS AI,AI品牌词·场景应用·写工作总结·WPS AI,中关联(AI+工具章节),0.9,低,0.5
wps ai写广告文案,AI写作,AI品牌词,场景应用,写广告文案,WPS AI,AI品牌词·场景应用·写广告文案·WPS AI,中关联(AI+工具章节),0.9,低,0.5
wps ai写报告,AI写作,AI品牌词,场景应用,写报告,WPS AI,AI品牌词·场景应用·写报告·WPS AI,中关联(AI+工具章节),0.9,低,0.5
wps ai写推文,AI写作,AI品牌词,场景应用,写推文,WPS AI,AI品牌词·场景应用·写推文·WPS AI,中关联(AI+工具章节),0.9,低,0.5
wps ai写文案,AI写作,AI品牌词,场景应用,写文案,WPS AI,AI品牌词·场景应用·写文案·WPS AI,中关联(AI+工具章节),0.9,低,0.5
wps ai写新闻稿,AI写作,AI品牌词,场景应用,写新闻稿,WPS AI,AI品牌词·场景应用·写新闻稿·WPS AI,中关联(AI+工具章节),0.9,低,0.5
wps ai写方案,AI写作,AI品牌词,场景应用,写方案,WPS AI,AI品牌词·场景应用·写方案·WPS AI,中关联(AI+工具章节),0.9,低,0.5
wps ai写日记,AI写作,AI品牌词,场景应用,写日记,WPS AI,AI品牌词·场景应用·写日记·WPS AI,中关联(AI+工具章节),0.9,低,0.5
wps ai写朋友圈文案,AI写作,AI品牌词,场景应用,写朋友圈文案,WPS AI,AI品牌词·场景应用·写朋友圈文案·WPS AI,中关联(AI+工具章节),0.9,低,0.5
wps ai写标题,AI写作,AI品牌词,场景应用,写标题,WPS AI,AI品牌词·场景应用·写标题·WPS AI,中关联(AI+工具章节),0.9,低,0.5
wps ai写演讲稿,AI写作,AI品牌词,场景应用,写演讲稿,WPS AI,AI品牌词·场景应用·写演讲稿·WPS AI,中关联(AI+工具章节),0.9,低,0.5
wps ai写简历,AI写作,AI品牌词,场景应用,写简历,WPS AI,AI品牌词·场景应用·写简历·WPS AI,中关联(AI+工具章节),0.9,低,0.5
wps ai写脚本,AI写作,AI品牌词,场景应用,写脚本,WPS AI,AI品牌词·场景应用·写脚本·WPS AI,中关联(AI+工具章节),0.9,低,0.5
wps ai写论文,AI写作,AI品牌词,场景应用,写论文,WPS AI,AI品牌词·场景应用·写论文·WPS AI,中关联(AI+工具章节),0.9,低,0.5
wps ai写诗,AI写作,AI品牌词,场景应用,写诗,WPS AI,AI品牌词·场景应用·写诗·WPS AI,中关联(AI+工具章节),0.9,低,0.5
wps ai写请假条,AI写作,AI品牌词,场景应用,写请假条,WPS AI,AI品牌词·场景应用·写请假条·WPS AI,中关联(AI+工具章节),0.9,低,0.5
wps ai写读后感,AI写作,AI品牌词,场景应用,写读后感,WPS AI,AI品牌词·场景应用·写读后感·WPS AI,中关联(AI+工具章节),0.9,低,0.5
wps ai写调研报告,AI写作,AI品牌词,场景应用,写调研报告,WPS AI,AI品牌词·场景应用·写调研报告·WPS AI,中关联(AI+工具章节),0.9,低,0.5
wps ai写辞职信,AI写作,AI品牌词,场景应用,写辞职信,WPS AI,AI品牌词·场景应用·写辞职信·WPS AI,中关联(AI+工具章节),0.9,低,0.5
wps ai写通知,AI写作,AI品牌词,场景应用,写通知,WPS AI,AI品牌词·场景应用·写通知·WPS AI,中关联(AI+工具章节),0.9,低,0.5
wps ai写邮件,AI写作,AI品牌词,场景应用,写邮件,WPS AI,AI品牌词·场景应用·写邮件·WPS AI,中关联(AI+工具章节),0.9,低,0.5
wps ai写项目总结,AI写作,AI品牌词,场景应用,写项目总结,WPS AI,AI品牌词·场景应用·写项目总结·WPS AI,中关联(AI+工具章节),0.9,低,0.5
wps ai功能介绍,AI认知,AI品牌词,品牌认知,功能介绍,WPS AI,AI品牌词·品牌认知·功能介绍·WPS AI,高关联(整篇AI),0.75,中,0.6
wps ai和灵犀区别,AI认知,AI品牌词,功能对比,和灵犀区别,WPS灵犀,AI品牌词·功能对比·和灵犀区别·WPS灵犀,中关联(AI+工具章节),0.75,中,0.6
wps ai好用吗,AI认知,AI品牌词,功能对比,好用吗,WPS AI,AI品牌词·功能对比·好用吗·WPS AI,中关联(AI+工具章节),0.75,中,0.6
wps ai官网,AI认知,AI品牌词,官网下载,官网,WPS AI,AI品牌词·官网下载·官网·WPS AI,高关联(整篇AI),0.75,中,0.6
wps ai怎么样,AI认知,AI品牌词,品牌认知,怎么样,WPS AI,AI品牌词·品牌认知·怎么样·WPS AI,高关联(整篇AI),0.75,中,0.6
wps ai怎么用,AI认知,AI品牌词,教程操作,怎么用,WPS AI,AI品牌词·教程操作·怎么用·WPS AI,中关联(AI+工具章节),0.75,中,0.6
wps ai怎么登录,AI认知,AI品牌词,官网下载,怎么登录,WPS AI,AI品牌词·官网下载·怎么登录·WPS AI,高关联(整篇AI),0.75,中,0.6
wps ai总结,AI写作,AI品牌词,场景应用,总结,WPS AI,AI品牌词·场景应用·总结·WPS AI,中关联(AI+工具章节),0.9,低,0.5
wps ai总结pdf,AI写作,AI品牌词,场景应用,总结pdf,WPS AI,AI品牌词·场景应用·总结pdf·WPS AI,中关联(AI+工具章节),0.9,低,0.5
wps ai提取pdf文字,AI办公,AI品牌词,场景应用,提取pdf文字,WPS AI,AI品牌词·场景应用·提取pdf文字·WPS AI,中关联(AI+工具章节),0.88,低,0.5
wps ai教程,AI认知,AI品牌词,教程操作,教程,WPS AI,AI品牌词·教程操作·教程·WPS AI,中关联(AI+工具章节),0.75,中,0.6
wps ai数据分析,AI办公,AI品牌词,场景应用,数据分析,WPS AI,AI品牌词·场景应用·数据分析·WPS AI,中关联(AI+工具章节),0.88,低,0.5
wps ai整理会议记录,AI办公,AI品牌词,场景应用,整理会议记录,WPS AI,AI品牌词·场景应用·整理会议记录·WPS AI,中关联(AI+工具章节),0.88,低,0.5
wps ai整理文档,AI办公,AI品牌词,场景应用,整理文档,WPS AI,AI品牌词·场景应用·整理文档·WPS AI,中关联(AI+工具章节),0.88,低,0.5
wps ai文档校对,AI办公,AI品牌词,场景应用,文档校对,WPS AI,AI品牌词·场景应用·文档校对·WPS AI,中关联(AI+工具章节),0.88,低,0.5
wps ai文档润色,AI办公,AI品牌词,场景应用,文档润色,WPS AI,AI品牌词·场景应用·文档润色·WPS AI,中关联(AI+工具章节),0.88,低,0.5
wps ai是什么,AI认知,AI品牌词,品牌认知,是什么,WPS AI,AI品牌词·品牌认知·是什么·WPS AI,高关联(整篇AI),0.75,中,0.6
wps ai是什么工具,AI认知,AI品牌词,品牌认知,是什么工具,WPS AI,AI品牌词·品牌认知·是什么工具·WPS AI,高关联(整篇AI),0.75,中,0.6
wps ai是什么意思,AI认知,AI品牌词,品牌认知,是什么意思,WPS AI,AI品牌词·品牌认知·是什么意思·WPS AI,高关联(整篇AI),0.75,中,0.6
wps ai智能文档,AI办公,AI品牌词,场景应用,智能文档,WPS AI,AI品牌词·场景应用·智能文档·WPS AI,中关联(AI+工具章节),0.88,低,0.5
wps ai有什么功能,AI认知,AI品牌词,品牌认知,有什么功能,WPS AI,AI品牌词·品牌认知·有什么功能·WPS AI,高关联(整篇AI),0.75,中,0.6
wps ai有什么用,AI认知,AI品牌词,品牌认知,有什么用,WPS AI,AI品牌词·品牌认知·有什么用·WPS AI,高关联(整篇AI),0.75,中,0.6
wps ai有哪些功能,AI认知,AI品牌词,品牌认知,有哪些功能,WPS AI,AI品牌词·品牌认知·有哪些功能·WPS AI,高关联(整篇AI),0.75,中,0.6
wps ai格式转换,AI办公,AI品牌词,场景应用,格式转换,WPS AI,AI品牌词·场景应用·格式转换·WPS AI,中关联(AI+工具章节),0.88,低,0.5
wps ai生成ppt,AI办公,AI品牌词,教程操作,生成ppt,WPS AI,AI品牌词·教程操作·生成ppt·WPS AI,中关联(AI+工具章节),0.88,低,0.5
wps ai生成图表,AI绘图,AI品牌词,教程操作,生成图表,WPS AI,AI品牌词·教程操作·生成图表·WPS AI,中关联(AI+工具章节),0.85,低,0.5
wps ai生成汇报ppt,AI办公,AI品牌词,教程操作,生成汇报ppt,WPS AI,AI品牌词·教程操作·生成汇报ppt·WPS AI,中关联(AI+工具章节),0.88,低,0.5
wps ai登录,AI认知,AI品牌词,官网下载,登录,WPS AI,AI品牌词·官网下载·登录·WPS AI,高关联(整篇AI),0.75,中,0.6
wps ai翻译,AI对话,AI品牌词,场景应用,翻译,WPS AI,AI品牌词·场景应用·翻译·WPS AI,中关联(AI+工具章节),0.9,低,0.5
wps ai翻译文档,AI对话,AI品牌词,场景应用,翻译文档,WPS AI,AI品牌词·场景应用·翻译文档·WPS AI,中关联(AI+工具章节),0.9,低,0.5
wps ai语音转文字,AI音频,AI品牌词,场景应用,语音转文字,WPS AI,AI品牌词·场景应用·语音转文字·WPS AI,中关联(AI+工具章节),0.65,低,0.5
wps ai账号怎么注册,AI认知,AI品牌词,官网下载,账号怎么注册,WPS AI,AI品牌词·官网下载·账号怎么注册·WPS AI,高关联(整篇AI),0.75,中,0.6
wps ai问答,AI对话,AI品牌词,场景应用,问答,WPS AI,AI品牌词·场景应用·问答·WPS AI,中关联(AI+工具章节),0.9,低,0.5
wps灵犀pdf转word,AI办公,AI品牌词,场景应用,pdf转word,WPS灵犀,AI品牌词·场景应用·pdf转word·WPS灵犀,中关联(AI+工具章节),0.88,低,0.5
wps灵犀下载,AI认知,AI品牌词,官网下载,下载,WPS灵犀,AI品牌词·官网下载·下载·WPS灵犀,高关联(整篇AI),0.75,中,0.6
wps灵犀会议纪要,AI办公,AI品牌词,场景应用,会议纪要,WPS灵犀,AI品牌词·场景应用·会议纪要·WPS灵犀,中关联(AI+工具章节),0.88,低,0.5
wps灵犀做excel图表,AI绘图,AI品牌词,场景应用,做excel图表,WPS灵犀,AI品牌词·场景应用·做excel图表·WPS灵犀,中关联(AI+工具章节),0.85,低,0.5
wps灵犀做ppt,AI办公,AI品牌词,场景应用,做ppt,WPS灵犀,AI品牌词·场景应用·做ppt·WPS灵犀,中关联(AI+工具章节),0.88,低,0.5
wps灵犀做周报,AI写作,AI品牌词,场景应用,做周报,WPS灵犀,AI品牌词·场景应用·做周报·WPS灵犀,中关联(AI+工具章节),0.9,低,0.5
wps灵犀做思维导图,AI绘图,AI品牌词,场景应用,做思维导图,WPS灵犀,AI品牌词·场景应用·做思维导图·WPS灵犀,中关联(AI+工具章节),0.85,低,0.5
wps灵犀做数据透视表,AI认知,AI品牌词,场景应用,做数据透视表,WPS灵犀,AI品牌词·场景应用·做数据透视表·WPS灵犀,中关联(AI+工具章节),0.75,低,0.5
wps灵犀做表格,AI办公,AI品牌词,场景应用,做表格,WPS灵犀,AI品牌词·场景应用·做表格·WPS灵犀,中关联(AI+工具章节),0.88,低,0.5
wps灵犀入口,AI认知,AI品牌词,官网下载,入口,WPS灵犀,AI品牌词·官网下载·入口·WPS灵犀,高关联(整篇AI),0.75,中,0.6
wps灵犀写excel公式,AI写作,AI品牌词,场景应用,写excel公式,WPS灵犀,AI品牌词·场景应用·写excel公式·WPS灵犀,中关联(AI+工具章节),0.9,低,0.5
wps灵犀写产品介绍,AI写作,AI品牌词,品牌认知,写产品介绍,WPS灵犀,AI品牌词·品牌认知·写产品介绍·WPS灵犀,高关联(整篇AI),0.9,中,0.6
wps灵犀写会议纪要,AI写作,AI品牌词,场景应用,写会议纪要,WPS灵犀,AI品牌词·场景应用·写会议纪要·WPS灵犀,中关联(AI+工具章节),0.9,低,0.5
wps灵犀写会议通知,AI写作,AI品牌词,场景应用,写会议通知,WPS灵犀,AI品牌词·场景应用·写会议通知·WPS灵犀,中关联(AI+工具章节),0.9,低,0.5
wps灵犀写作文,AI写作,AI品牌词,场景应用,写作文,WPS灵犀,AI品牌词·场景应用·写作文·WPS灵犀,中关联(AI+工具章节),0.9,低,0.5
wps灵犀写公文,AI写作,AI品牌词,场景应用,写公文,WPS灵犀,AI品牌词·场景应用·写公文·WPS灵犀,中关联(AI+工具章节),0.9,低,0.5
wps灵犀写合同,AI写作,AI品牌词,场景应用,写合同,WPS灵犀,AI品牌词·场景应用·写合同·WPS灵犀,中关联(AI+工具章节),0.9,低,0.5
wps灵犀写周报,AI写作,AI品牌词,场景应用,写周报,WPS灵犀,AI品牌词·场景应用·写周报·WPS灵犀,中关联(AI+工具章节),0.9,低,0.5
wps灵犀写小红书文案,AI写作,AI品牌词,场景应用,写小红书文案,WPS灵犀,AI品牌词·场景应用·写小红书文案·WPS灵犀,中关联(AI+工具章节),0.9,低,0.5
wps灵犀写小说,AI写作,AI品牌词,场景应用,写小说,WPS灵犀,AI品牌词·场景应用·写小说·WPS灵犀,中关联(AI+工具章节),0.9,低,0.5
wps灵犀写工作总结,AI写作,AI品牌词,场景应用,写工作总结,WPS灵犀,AI品牌词·场景应用·写工作总结·WPS灵犀,中关联(AI+工具章节),0.9,低,0.5
wps灵犀写广告文案,AI写作,AI品牌词,场景应用,写广告文案,WPS灵犀,AI品牌词·场景应用·写广告文案·WPS灵犀,中关联(AI+工具章节),0.9,低,0.5
wps灵犀写报告,AI写作,AI品牌词,场景应用,写报告,WPS灵犀,AI品牌词·场景应用·写报告·WPS灵犀,中关联(AI+工具章节),0.9,低,0.5
wps灵犀写推文,AI写作,AI品牌词,场景应用,写推文,WPS灵犀,AI品牌词·场景应用·写推文·WPS灵犀,中关联(AI+工具章节),0.9,低,0.5
wps灵犀写文案,AI写作,AI品牌词,场景应用,写文案,WPS灵犀,AI品牌词·场景应用·写文案·WPS灵犀,中关联(AI+工具章节),0.9,低,0.5
wps灵犀写新闻稿,AI写作,AI品牌词,场景应用,写新闻稿,WPS灵犀,AI品牌词·场景应用·写新闻稿·WPS灵犀,中关联(AI+工具章节),0.9,低,0.5
wps灵犀写方案,AI写作,AI品牌词,场景应用,写方案,WPS灵犀,AI品牌词·场景应用·写方案·WPS灵犀,中关联(AI+工具章节),0.9,低,0.5
wps灵犀写日记,AI写作,AI品牌词,场景应用,写日记,WPS灵犀,AI品牌词·场景应用·写日记·WPS灵犀,中关联(AI+工具章节),0.9,低,0.5
wps灵犀写朋友圈文案,AI写作,AI品牌词,场景应用,写朋友圈文案,WPS灵犀,AI品牌词·场景应用·写朋友圈文案·WPS灵犀,中关联(AI+工具章节),0.9,低,0.5
wps灵犀写标题,AI写作,AI品牌词,场景应用,写标题,WPS灵犀,AI品牌词·场景应用·写标题·WPS灵犀,中关联(AI+工具章节),0.9,低,0.5
wps灵犀写演讲稿,AI写作,AI品牌词,场景应用,写演讲稿,WPS灵犀,AI品牌词·场景应用·写演讲稿·WPS灵犀,中关联(AI+工具章节),0.9,低,0.5
wps灵犀写简历,AI写作,AI品牌词,场景应用,写简历,WPS灵犀,AI品牌词·场景应用·写简历·WPS灵犀,中关联(AI+工具章节),0.9,低,0.5
wps灵犀写脚本,AI写作,AI品牌词,场景应用,写脚本,WPS灵犀,AI品牌词·场景应用·写脚本·WPS灵犀,中关联(AI+工具章节),0.9,低,0.5
wps灵犀写论文,AI写作,AI品牌词,场景应用,写论文,WPS灵犀,AI品牌词·场景应用·写论文·WPS灵犀,中关联(AI+工具章节),0.9,低,0.5
wps灵犀写诗,AI写作,AI品牌词,场景应用,写诗,WPS灵犀,AI品牌词·场景应用·写诗·WPS灵犀,中关联(AI+工具章节),0.9,低,0.5
wps灵犀写请假条,AI写作,AI品牌词,场景应用,写请假条,WPS灵犀,AI品牌词·场景应用·写请假条·WPS灵犀,中关联(AI+工具章节),0.9,低,0.5
wps灵犀写读后感,AI写作,AI品牌词,场景应用,写读后感,WPS灵犀,AI品牌词·场景应用·写读后感·WPS灵犀,中关联(AI+工具章节),0.9,低,0.5
wps灵犀写调研报告,AI写作,AI品牌词,场景应用,写调研报告,WPS灵犀,AI品牌词·场景应用·写调研报告·WPS灵犀,中关联(AI+工具章节),0.9,低,0.5
wps灵犀写辞职信,AI写作,AI品牌词,场景应用,写辞职信,WPS灵犀,AI品牌词·场景应用·写辞职信·WPS灵犀,中关联(AI+工具章节),0.9,低,0.5
wps灵犀写通知,AI写作,AI品牌词,场景应用,写通知,WPS灵犀,AI品牌词·场景应用·写通知·WPS灵犀,中关联(AI+工具章节),0.9,低,0.5
wps灵犀写邮件,AI写作,AI品牌词,场景应用,写邮件,WPS灵犀,AI品牌词·场景应用·写邮件·WPS灵犀,中关联(AI+工具章节),0.9,低,0.5
wps灵犀写项目总结,AI写作,AI品牌词,场景应用,写项目总结,WPS灵犀,AI品牌词·场景应用·写项目总结·WPS灵犀,中关联(AI+工具章节),0.9,低,0.5
wps灵犀功能介绍,AI认知,AI品牌词,品牌认知,功能介绍,WPS灵犀,AI品牌词·品牌认知·功能介绍·WPS灵犀,高关联(整篇AI),0.75,中,0.6
wps灵犀哪个好,AI认知,AI品牌词,功能对比,哪个好,WPS灵犀,AI品牌词·功能对比·哪个好·WPS灵犀,中关联(AI+工具章节),0.75,低,0.5
wps灵犀好用吗,AI认知,AI品牌词,功能对比,好用吗,WPS灵犀,AI品牌词·功能对比·好用吗·WPS灵犀,中关联(AI+工具章节),0.75,中,0.6
wps灵犀官网,AI认知,AI品牌词,官网下载,官网,WPS灵犀,AI品牌词·官网下载·官网·WPS灵犀,高关联(整篇AI),0.75,中,0.6
wps灵犀怎么写,AI写作,AI品牌词,教程操作,怎么写,WPS灵犀,AI品牌词·教程操作·怎么写·WPS灵犀,中关联(AI+工具章节),0.9,低,0.5
wps灵犀怎么样,AI认知,AI品牌词,品牌认知,怎么样,WPS灵犀,AI品牌词·品牌认知·怎么样·WPS灵犀,高关联(整篇AI),0.75,中,0.6
wps灵犀怎么用,AI认知,AI品牌词,教程操作,怎么用,WPS灵犀,AI品牌词·教程操作·怎么用·WPS灵犀,中关联(AI+工具章节),0.75,中,0.6
wps灵犀怎么用最方便,AI认知,AI品牌词,教程操作,怎么用最方便,WPS灵犀,AI品牌词·教程操作·怎么用最方便·WPS灵犀,中关联(AI+工具章节),0.75,中,0.6
wps灵犀怎么登录,AI认知,AI品牌词,官网下载,怎么登录,WPS灵犀,AI品牌词·官网下载·怎么登录·WPS灵犀,高关联(整篇AI),0.75,中,0.6
wps灵犀总结pdf,AI写作,AI品牌词,场景应用,总结pdf,WPS灵犀,AI品牌词·场景应用·总结pdf·WPS灵犀,中关联(AI+工具章节),0.9,低,0.5
wps灵犀提取pdf文字,AI办公,AI品牌词,场景应用,提取pdf文字,WPS灵犀,AI品牌词·场景应用·提取pdf文字·WPS灵犀,中关联(AI+工具章节),0.88,低,0.5
wps灵犀教程,AI认知,AI品牌词,教程操作,教程,WPS灵犀,AI品牌词·教程操作·教程·WPS灵犀,中关联(AI+工具章节),0.75,中,0.6
wps灵犀数据分析,AI办公,AI品牌词,场景应用,数据分析,WPS灵犀,AI品牌词·场景应用·数据分析·WPS灵犀,中关联(AI+工具章节),0.88,低,0.5
wps灵犀整理会议记录,AI办公,AI品牌词,场景应用,整理会议记录,WPS灵犀,AI品牌词·场景应用·整理会议记录·WPS灵犀,中关联(AI+工具章节),0.88,低,0.5
wps灵犀整理文档,AI办公,AI品牌词,场景应用,整理文档,WPS灵犀,AI品牌词·场景应用·整理文档·WPS灵犀,中关联(AI+工具章节),0.88,低,0.5
wps灵犀文档校对,AI办公,AI品牌词,场景应用,文档校对,WPS灵犀,AI品牌词·场景应用·文档校对·WPS灵犀,中关联(AI+工具章节),0.88,低,0.5
wps灵犀文档润色,AI办公,AI品牌词,场景应用,文档润色,WPS灵犀,AI品牌词·场景应用·文档润色·WPS灵犀,中关联(AI+工具章节),0.88,低,0.5
wps灵犀是什么,AI认知,AI品牌词,品牌认知,是什么,WPS灵犀,AI品牌词·品牌认知·是什么·WPS灵犀,高关联(整篇AI),0.75,中,0.6
wps灵犀是什么意思,AI认知,AI品牌词,品牌认知,是什么意思,WPS灵犀,AI品牌词·品牌认知·是什么意思·WPS灵犀,高关联(整篇AI),0.75,中,0.6
wps灵犀有什么功能,AI认知,AI品牌词,品牌认知,有什么功能,WPS灵犀,AI品牌词·品牌认知·有什么功能·WPS灵犀,高关联(整篇AI),0.75,中,0.6
wps灵犀有哪些功能,AI认知,AI品牌词,品牌认知,有哪些功能,WPS灵犀,AI品牌词·品牌认知·有哪些功能·WPS灵犀,高关联(整篇AI),0.75,中,0.6
wps灵犀格式转换,AI办公,AI品牌词,场景应用,格式转换,WPS灵犀,AI品牌词·场景应用·格式转换·WPS灵犀,中关联(AI+工具章节),0.88,低,0.5
wps灵犀生成图表,AI绘图,AI品牌词,教程操作,生成图表,WPS灵犀,AI品牌词·教程操作·生成图表·WPS灵犀,中关联(AI+工具章节),0.85,低,0.5
wps灵犀生成思维导图,AI绘图,AI品牌词,教程操作,生成思维导图,WPS灵犀,AI品牌词·教程操作·生成思维导图·WPS灵犀,中关联(AI+工具章节),0.85,低,0.5
wps灵犀生成汇报ppt,AI办公,AI品牌词,教程操作,生成汇报ppt,WPS灵犀,AI品牌词·教程操作·生成汇报ppt·WPS灵犀,中关联(AI+工具章节),0.88,低,0.5
wps灵犀翻译文档,AI对话,AI品牌词,场景应用,翻译文档,WPS灵犀,AI品牌词·场景应用·翻译文档·WPS灵犀,中关联(AI+工具章节),0.9,低,0.5
wps灵犀语音转文字,AI音频,AI品牌词,场景应用,语音转文字,WPS灵犀,AI品牌词·场景应用·语音转文字·WPS灵犀,中关联(AI+工具章节),0.65,低,0.5
wps灵犀账号怎么注册,AI认知,AI品牌词,官网下载,账号怎么注册,WPS灵犀,AI品牌词·官网下载·账号怎么注册·WPS灵犀,高关联(整篇AI),0.75,中,0.6
写周报用什么AI工具,AI写作,AI场景词,场景应用,写周报,通用,AI场景词·场景应用·写周报·通用,中关联(AI+工具章节),0.9,高,0.83
写论文用什么AI工具,AI写作,AI场景词,场景应用,写论文,通用,AI场景词·场景应用·写论文·通用,中关联(AI+工具章节),0.9,高,0.83
写文案用什么AI工具,AI写作,AI场景词,场景应用,写文案,通用,AI场景词·场景应用·写文案·通用,中关联(AI+工具章节),0.9,高,0.83
写工作总结用什么AI工具,AI写作,AI场景词,场景应用,写工作总结,通用,AI场景词·场景应用·写工作总结·通用,中关联(AI+工具章节),0.9,高,0.83
写邮件用什么AI工具,AI写作,AI场景词,场景应用,写邮件,通用,AI场景词·场景应用·写邮件·通用,中关联(AI+工具章节),0.9,高,0.83
写演讲稿用什么AI工具,AI写作,AI场景词,场景应用,写演讲稿,通用,AI场景词·场景应用·写演讲稿·通用,中关联(AI+工具章节),0.9,高,0.83
写小说用什么AI工具,AI写作,AI场景词,场景应用,写小说,通用,AI场景词·场景应用·写小说·通用,中关联(AI+工具章节),0.9,高,0.83
写简历用什么AI工具,AI写作,AI场景词,场景应用,写简历,通用,AI场景词·场景应用·写简历·通用,中关联(AI+工具章节),0.9,高,0.83
写小红书文案用什么AI工具,AI写作,AI场景词,场景应用,写小红书文案,通用,AI场景词·场景应用·写小红书文案·通用,中关联(AI+工具章节),0.9,高,0.83
写公文用什么AI工具,AI写作,AI场景词,场景应用,写公文,通用,AI场景词·场景应用·写公文·通用,中关联(AI+工具章节),0.9,高,0.83
写作文用什么AI工具,AI写作,AI场景词,场景应用,写作文,通用,AI场景词·场景应用·写作文·通用,中关联(AI+工具章节),0.9,高,0.83
写方案用什么AI工具,AI写作,AI场景词,场景应用,写方案,通用,AI场景词·场景应用·写方案·通用,中关联(AI+工具章节),0.9,高,0.83
写日记用什么AI工具,AI写作,AI场景词,场景应用,写日记,通用,AI场景词·场景应用·写日记·通用,中关联(AI+工具章节),0.9,高,0.83
写读后感用什么AI工具,AI写作,AI场景词,场景应用,写读后感,通用,AI场景词·场景应用·写读后感·通用,中关联(AI+工具章节),0.9,高,0.83
写脚本用什么AI工具,AI写作,AI场景词,场景应用,写脚本,通用,AI场景词·场景应用·写脚本·通用,中关联(AI+工具章节),0.9,高,0.83
写标题用什么AI工具,AI写作,AI场景词,场景应用,写标题,通用,AI场景词·场景应用·写标题·通用,中关联(AI+工具章节),0.9,高,0.83
AI写周报,AI写作,AI场景词,场景应用,写周报,AI,AI场景词·场景应用·写周报·AI,中关联(AI+工具章节),0.9,高,0.75
AI写论文,AI写作,AI场景词,场景应用,写论文,AI,AI场景词·场景应用·写论文·AI,中关联(AI+工具章节),0.9,高,0.75
AI写文案,AI写作,AI场景词,场景应用,写文案,AI,AI场景词·场景应用·写文案·AI,中关联(AI+工具章节),0.9,高,0.75
AI写工作总结,AI写作,AI场景词,场景应用,写工作总结,AI,AI场景词·场景应用·写工作总结·AI,中关联(AI+工具章节),0.9,高,0.75
AI写邮件,AI写作,AI场景词,场景应用,写邮件,AI,AI场景词·场景应用·写邮件·AI,中关联(AI+工具章节),0.9,高,0.75
AI写演讲稿,AI写作,AI场景词,场景应用,写演讲稿,AI,AI场景词·场景应用·写演讲稿·AI,中关联(AI+工具章节),0.9,高,0.75
AI写小说,AI写作,AI场景词,场景应用,写小说,AI,AI场景词·场景应用·写小说·AI,中关联(AI+工具章节),0.9,高,0.75
AI写简历,AI写作,AI场景词,场景应用,写简历,AI,AI场景词·场景应用·写简历·AI,中关联(AI+工具章节),0.9,高,0.75
AI写小红书文案,AI写作,AI场景词,场景应用,写小红书文案,AI,AI场景词·场景应用·写小红书文案·AI,中关联(AI+工具章节),0.9,高,0.75
AI写公文,AI写作,AI场景词,场景应用,写公文,AI,AI场景词·场景应用·写公文·AI,中关联(AI+工具章节),0.9,高,0.75
AI写作文,AI写作,AI场景词,场景应用,写作文,AI,AI场景词·场景应用·写作文·AI,中关联(AI+工具章节),0.9,高,0.75
AI写方案,AI写作,AI场景词,场景应用,写方案,AI,AI场景词·场景应用·写方案·AI,中关联(AI+工具章节),0.9,高,0.75
AI写日记,AI写作,AI场景词,场景应用,写日记,AI,AI场景词·场景应用·写日记·AI,中关联(AI+工具章节),0.9,高,0.75
AI写读后感,AI写作,AI场景词,场景应用,写读后感,AI,AI场景词·场景应用·写读后感·AI,中关联(AI+工具章节),0.9,高,0.75
AI写脚本,AI写作,AI场景词,场景应用,写脚本,AI,AI场景词·场景应用·写脚本·AI,中关联(AI+工具章节),0.9,高,0.75
AI写标题,AI写作,AI场景词,场景应用,写标题,AI,AI场景词·场景应用·写标题·AI,中关联(AI+工具章节),0.9,高,0.75
生成头像用什么AI工具,AI绘图,AI场景词,教程操作,生成头像,通用,AI场景词·教程操作·生成头像·通用,中关联(AI+工具章节),0.85,高,0.83
做海报用什么AI工具,AI绘图,AI场景词,场景应用,做海报,通用,AI场景词·场景应用·做海报·通用,中关联(AI+工具章节),0.85,高,0.83
生成logo用什么AI工具,AI绘图,AI场景词,教程操作,生成logo,通用,AI场景词·教程操作·生成logo·通用,中关联(AI+工具章节),0.85,高,0.83
做壁纸用什么AI工具,AI绘图,AI场景词,场景应用,做壁纸,通用,AI场景词·场景应用·做壁纸·通用,中关联(AI+工具章节),0.85,高,0.83
生成插画用什么AI工具,AI绘图,AI场景词,教程操作,生成插画,通用,AI场景词·教程操作·生成插画·通用,中关联(AI+工具章节),0.85,高,0.83
生成证件照用什么AI工具,AI绘图,AI场景词,教程操作,生成证件照,通用,AI场景词·教程操作·生成证件照·通用,中关联(AI+工具章节),0.85,高,0.83
生成商品图用什么AI工具,AI绘图,AI场景词,教程操作,生成商品图,通用,AI场景词·教程操作·生成商品图·通用,中关联(AI+工具章节),0.85,高,0.83
画Q版人物用什么AI工具,AI绘图,AI场景词,场景应用,画Q版人物,通用,AI场景词·场景应用·画Q版人物·通用,中关联(AI+工具章节),0.85,高,0.83
生成背景图用什么AI工具,AI绘图,AI场景词,模板获取,生成背景图,通用,AI场景词·模板获取·生成背景图·通用,中关联(AI+工具章节),0.85,高,0.83
做表情包用什么AI工具,AI绘图,AI场景词,场景应用,做表情包,通用,AI场景词·场景应用·做表情包·通用,中关联(AI+工具章节),0.85,高,0.83
生成水彩画用什么AI工具,AI绘图,AI场景词,教程操作,生成水彩画,通用,AI场景词·教程操作·生成水彩画·通用,中关联(AI+工具章节),0.85,高,0.83
做绘本用什么AI工具,AI绘图,AI场景词,场景应用,做绘本,通用,AI场景词·场景应用·做绘本·通用,中关联(AI+工具章节),0.85,高,0.83
生成产品图用什么AI工具,AI绘图,AI场景词,教程操作,生成产品图,通用,AI场景词·教程操作·生成产品图·通用,中关联(AI+工具章节),0.85,高,0.83
生成室内设计图用什么AI工具,AI绘图,AI场景词,教程操作,生成室内设计图,通用,AI场景词·教程操作·生成室内设计图·通用,中关联(AI+工具章节),0.85,高,0.83
AI生成头像,AI绘图,AI场景词,教程操作,生成头像,AI,AI场景词·教程操作·生成头像·AI,中关联(AI+工具章节),0.85,高,0.75
AI做海报,AI绘图,AI场景词,场景应用,做海报,AI,AI场景词·场景应用·做海报·AI,中关联(AI+工具章节),0.85,高,0.75
AI生成logo,AI绘图,AI场景词,教程操作,生成logo,AI,AI场景词·教程操作·生成logo·AI,中关联(AI+工具章节),0.85,高,0.75
AI做壁纸,AI绘图,AI场景词,场景应用,做壁纸,AI,AI场景词·场景应用·做壁纸·AI,中关联(AI+工具章节),0.85,高,0.75
AI生成插画,AI绘图,AI场景词,教程操作,生成插画,AI,AI场景词·教程操作·生成插画·AI,中关联(AI+工具章节),0.85,高,0.75
AI生成证件照,AI绘图,AI场景词,教程操作,生成证件照,AI,AI场景词·教程操作·生成证件照·AI,中关联(AI+工具章节),0.85,高,0.75
AI生成商品图,AI绘图,AI场景词,教程操作,生成商品图,AI,AI场景词·教程操作·生成商品图·AI,中关联(AI+工具章节),0.85,高,0.75
AI画Q版人物,AI绘图,AI场景词,场景应用,画Q版人物,AI,AI场景词·场景应用·画Q版人物·AI,中关联(AI+工具章节),0.85,高,0.75
AI生成背景图,AI绘图,AI场景词,模板获取,生成背景图,AI,AI场景词·模板获取·生成背景图·AI,中关联(AI+工具章节),0.85,高,0.75
AI做表情包,AI绘图,AI场景词,场景应用,做表情包,AI,AI场景词·场景应用·做表情包·AI,中关联(AI+工具章节),0.85,高,0.75
AI生成水彩画,AI绘图,AI场景词,教程操作,生成水彩画,AI,AI场景词·教程操作·生成水彩画·AI,中关联(AI+工具章节),0.85,高,0.75
AI做绘本,AI绘图,AI场景词,场景应用,做绘本,AI,AI场景词·场景应用·做绘本·AI,中关联(AI+工具章节),0.85,高,0.75
AI生成产品图,AI绘图,AI场景词,教程操作,生成产品图,AI,AI场景词·教程操作·生成产品图·AI,中关联(AI+工具章节),0.85,高,0.75
AI生成室内设计图,AI绘图,AI场景词,教程操作,生成室内设计图,AI,AI场景词·教程操作·生成室内设计图·AI,中关联(AI+工具章节),0.85,高,0.75
写代码用什么AI工具,AI写作,AI场景词,场景应用,写代码,通用,AI场景词·场景应用·写代码·通用,中关联(AI+工具章节),0.9,高,0.83
生成函数用什么AI工具,AI编程,AI场景词,教程操作,生成函数,通用,AI场景词·教程操作·生成函数·通用,中关联(AI+工具章节),0.8,高,0.83
调试bug用什么AI工具,AI编程,AI场景词,场景应用,调试bug,通用,AI场景词·场景应用·调试bug·通用,中关联(AI+工具章节),0.8,高,0.83
重构代码用什么AI工具,AI编程,AI场景词,场景应用,重构代码,通用,AI场景词·场景应用·重构代码·通用,中关联(AI+工具章节),0.8,高,0.83
写爬虫用什么AI工具,AI写作,AI场景词,场景应用,写爬虫,通用,AI场景词·场景应用·写爬虫·通用,中关联(AI+工具章节),0.9,高,0.83
生成自动化脚本用什么AI工具,AI写作,AI场景词,教程操作,生成自动化脚本,通用,AI场景词·教程操作·生成自动化脚本·通用,中关联(AI+工具章节),0.9,高,0.83
代码补全用什么AI工具,AI编程,AI场景词,场景应用,代码补全,通用,AI场景词·场景应用·代码补全·通用,中关联(AI+工具章节),0.8,高,0.83
生成测试用例用什么AI工具,AI编程,AI场景词,教程操作,生成测试用例,通用,AI场景词·教程操作·生成测试用例·通用,中关联(AI+工具章节),0.8,高,0.83
写SQL用什么AI工具,AI写作,AI场景词,场景应用,写SQL,通用,AI场景词·场景应用·写SQL·通用,中关联(AI+工具章节),0.9,高,0.83
生成API接口用什么AI工具,AI编程,AI场景词,教程操作,生成API接口,通用,AI场景词·教程操作·生成API接口·通用,中关联(AI+工具章节),0.8,高,0.83
写前端页面用什么AI工具,AI写作,AI场景词,场景应用,写前端页面,通用,AI场景词·场景应用·写前端页面·通用,中关联(AI+工具章节),0.9,高,0.83
生成正则用什么AI工具,AI编程,AI场景词,教程操作,生成正则,通用,AI场景词·教程操作·生成正则·通用,中关联(AI+工具章节),0.8,高,0.83
写单元测试用什么AI工具,AI写作,AI场景词,场景应用,写单元测试,通用,AI场景词·场景应用·写单元测试·通用,中关联(AI+工具章节),0.9,高,0.83
AI写代码,AI写作,AI场景词,场景应用,写代码,AI,AI场景词·场景应用·写代码·AI,中关联(AI+工具章节),0.9,高,0.75
AI生成函数,AI编程,AI场景词,教程操作,生成函数,AI,AI场景词·教程操作·生成函数·AI,中关联(AI+工具章节),0.8,高,0.75
AI调试bug,AI编程,AI场景词,场景应用,调试bug,AI,AI场景词·场景应用·调试bug·AI,中关联(AI+工具章节),0.8,高,0.75
AI重构代码,AI编程,AI场景词,场景应用,重构代码,AI,AI场景词·场景应用·重构代码·AI,中关联(AI+工具章节),0.8,高,0.75
AI写爬虫,AI写作,AI场景词,场景应用,写爬虫,AI,AI场景词·场景应用·写爬虫·AI,中关联(AI+工具章节),0.9,高,0.75
AI生成自动化脚本,AI写作,AI场景词,教程操作,生成自动化脚本,AI,AI场景词·教程操作·生成自动化脚本·AI,中关联(AI+工具章节),0.9,高,0.75
AI代码补全,AI编程,AI场景词,场景应用,代码补全,AI,AI场景词·场景应用·代码补全·AI,中关联(AI+工具章节),0.8,高,0.75
AI生成测试用例,AI编程,AI场景词,教程操作,生成测试用例,AI,AI场景词·教程操作·生成测试用例·AI,中关联(AI+工具章节),0.8,高,0.75
AI写SQL,AI写作,AI场景词,场景应用,写SQL,AI,AI场景词·场景应用·写SQL·AI,中关联(AI+工具章节),0.9,高,0.75
AI生成API接口,AI编程,AI场景词,教程操作,生成API接口,AI,AI场景词·教程操作·生成API接口·AI,中关联(AI+工具章节),0.8,高,0.75
AI写前端页面,AI写作,AI场景词,场景应用,写前端页面,AI,AI场景词·场景应用·写前端页面·AI,中关联(AI+工具章节),0.9,高,0.75
AI生成正则,AI编程,AI场景词,教程操作,生成正则,AI,AI场景词·教程操作·生成正则·AI,中关联(AI+工具章节),0.8,高,0.75
AI写单元测试,AI写作,AI场景词,场景应用,写单元测试,AI,AI场景词·场景应用·写单元测试·AI,中关联(AI+工具章节),0.9,高,0.75
聊天用什么AI工具,AI对话,AI场景词,场景应用,聊天,通用,AI场景词·场景应用·聊天·通用,中关联(AI+工具章节),0.9,高,0.83
问答用什么AI工具,AI对话,AI场景词,场景应用,问答,通用,AI场景词·场景应用·问答·通用,中关联(AI+工具章节),0.9,高,0.83
翻译用什么AI工具,AI对话,AI场景词,场景应用,翻译,通用,AI场景词·场景应用·翻译·通用,中关联(AI+工具章节),0.9,高,0.83
角色扮演用什么AI工具,AI对话,AI场景词,场景应用,角色扮演,通用,AI场景词·场景应用·角色扮演·通用,中关联(AI+工具章节),0.9,高,0.83
学习辅导用什么AI工具,AI对话,AI场景词,场景应用,学习辅导,通用,AI场景词·场景应用·学习辅导·通用,中关联(AI+工具章节),0.9,高,0.83
写诗用什么AI工具,AI写作,AI场景词,场景应用,写诗,通用,AI场景词·场景应用·写诗·通用,中关联(AI+工具章节),0.9,高,0.83
讲故事用什么AI工具,AI认知,AI场景词,场景应用,讲故事,通用,AI场景词·场景应用·讲故事·通用,中关联(AI+工具章节),0.75,高,0.83
做咨询用什么AI工具,AI对话,AI场景词,场景应用,做咨询,通用,AI场景词·场景应用·做咨询·通用,中关联(AI+工具章节),0.9,高,0.83
头脑风暴用什么AI工具,AI对话,AI场景词,场景应用,头脑风暴,通用,AI场景词·场景应用·头脑风暴·通用,中关联(AI+工具章节),0.9,高,0.83
模拟面试用什么AI工具,AI认知,AI场景词,场景应用,模拟面试,通用,AI场景词·场景应用·模拟面试·通用,中关联(AI+工具章节),0.75,高,0.83
学英语用什么AI工具,AI对话,AI场景词,场景应用,学英语,通用,AI场景词·场景应用·学英语·通用,中关联(AI+工具章节),0.9,高,0.83
做心理疏导用什么AI工具,AI对话,AI场景词,场景应用,做心理疏导,通用,AI场景词·场景应用·做心理疏导·通用,中关联(AI+工具章节),0.9,高,0.83
查资料用什么AI工具,AI搜索,AI场景词,场景应用,查资料,通用,AI场景词·场景应用·查资料·通用,中关联(AI+工具章节),0.7,高,0.83
AI聊天,AI对话,AI场景词,场景应用,聊天,AI,AI场景词·场景应用·聊天·AI,中关联(AI+工具章节),0.9,高,0.75
AI问答,AI对话,AI场景词,场景应用,问答,AI,AI场景词·场景应用·问答·AI,中关联(AI+工具章节),0.9,高,0.75
AI翻译,AI对话,AI场景词,场景应用,翻译,AI,AI场景词·场景应用·翻译·AI,中关联(AI+工具章节),0.9,高,0.75
AI学习辅导,AI对话,AI场景词,场景应用,学习辅导,AI,AI场景词·场景应用·学习辅导·AI,中关联(AI+工具章节),0.9,高,0.75
AI写诗,AI写作,AI场景词,场景应用,写诗,AI,AI场景词·场景应用·写诗·AI,中关联(AI+工具章节),0.9,高,0.75
AI做咨询,AI对话,AI场景词,场景应用,做咨询,AI,AI场景词·场景应用·做咨询·AI,中关联(AI+工具章节),0.9,高,0.75
AI学英语,AI对话,AI场景词,场景应用,学英语,AI,AI场景词·场景应用·学英语·AI,中关联(AI+工具章节),0.9,高,0.75
AI做心理疏导,AI对话,AI场景词,场景应用,做心理疏导,AI,AI场景词·场景应用·做心理疏导·AI,中关联(AI+工具章节),0.9,高,0.75
文生视频用什么AI工具,AI视频,AI场景词,场景应用,文生视频,通用,AI场景词·场景应用·文生视频·通用,中关联(AI+工具章节),0.78,高,0.83
数字人用什么AI工具,AI视频,AI场景词,场景应用,数字人,通用,AI场景词·场景应用·数字人·通用,中关联(AI+工具章节),0.78,高,0.83
视频剪辑用什么AI工具,AI视频,AI场景词,场景应用,视频剪辑,通用,AI场景词·场景应用·视频剪辑·通用,中关联(AI+工具章节),0.78,高,0.83
加字幕用什么AI工具,AI视频,AI场景词,场景应用,加字幕,通用,AI场景词·场景应用·加字幕·通用,中关联(AI+工具章节),0.78,高,0.83
换脸用什么AI工具,AI视频,AI场景词,场景应用,换脸,通用,AI场景词·场景应用·换脸·通用,中关联(AI+工具章节),0.78,高,0.83
AI配音用什么AI工具,AI音频,AI场景词,场景应用,AI配音,通用,AI场景词·场景应用·AI配音·通用,中关联(AI+工具章节),0.65,高,0.83
生成短视频用什么AI工具,AI视频,AI场景词,教程操作,生成短视频,通用,AI场景词·教程操作·生成短视频·通用,中关联(AI+工具章节),0.78,高,0.83
视频转场用什么AI工具,AI视频,AI场景词,场景应用,视频转场,通用,AI场景词·场景应用·视频转场·通用,中关联(AI+工具章节),0.78,高,0.83
智能抠像用什么AI工具,AI视频,AI场景词,场景应用,智能抠像,通用,AI场景词·场景应用·智能抠像·通用,中关联(AI+工具章节),0.78,高,0.83
生成开场动画用什么AI工具,AI绘图,AI场景词,教程操作,生成开场动画,通用,AI场景词·教程操作·生成开场动画·通用,中关联(AI+工具章节),0.85,高,0.83
做口播视频用什么AI工具,AI视频,AI场景词,场景应用,做口播视频,通用,AI场景词·场景应用·做口播视频·通用,中关联(AI+工具章节),0.78,高,0.83
生成宣传片用什么AI工具,AI视频,AI场景词,教程操作,生成宣传片,通用,AI场景词·教程操作·生成宣传片·通用,中关联(AI+工具章节),0.78,高,0.83
做vlog用什么AI工具,AI视频,AI场景词,场景应用,做vlog,通用,AI场景词·场景应用·做vlog·通用,中关联(AI+工具章节),0.78,高,0.83
AI文生视频,AI视频,AI场景词,场景应用,文生视频,AI,AI场景词·场景应用·文生视频·AI,中关联(AI+工具章节),0.78,高,0.75
AI数字人,AI视频,AI场景词,场景应用,数字人,AI,AI场景词·场景应用·数字人·AI,中关联(AI+工具章节),0.78,高,0.75
AI视频剪辑,AI视频,AI场景词,场景应用,视频剪辑,AI,AI场景词·场景应用·视频剪辑·AI,中关联(AI+工具章节),0.78,高,0.75
AI加字幕,AI视频,AI场景词,场景应用,加字幕,AI,AI场景词·场景应用·加字幕·AI,中关联(AI+工具章节),0.78,高,0.75
AIAI配音,AI音频,AI场景词,场景应用,AI配音,AI,AI场景词·场景应用·AI配音·AI,中关联(AI+工具章节),0.65,高,0.75
AI生成短视频,AI视频,AI场景词,教程操作,生成短视频,AI,AI场景词·教程操作·生成短视频·AI,中关联(AI+工具章节),0.78,高,0.75
AI视频转场,AI视频,AI场景词,场景应用,视频转场,AI,AI场景词·场景应用·视频转场·AI,中关联(AI+工具章节),0.78,高,0.75
AI智能抠像,AI视频,AI场景词,场景应用,智能抠像,AI,AI场景词·场景应用·智能抠像·AI,中关联(AI+工具章节),0.78,高,0.75
AI生成开场动画,AI绘图,AI场景词,教程操作,生成开场动画,AI,AI场景词·教程操作·生成开场动画·AI,中关联(AI+工具章节),0.85,高,0.75
AI做口播视频,AI视频,AI场景词,场景应用,做口播视频,AI,AI场景词·场景应用·做口播视频·AI,中关联(AI+工具章节),0.78,高,0.75
AI生成宣传片,AI视频,AI场景词,教程操作,生成宣传片,AI,AI场景词·教程操作·生成宣传片·AI,中关联(AI+工具章节),0.78,高,0.75
AI做vlog,AI视频,AI场景词,场景应用,做vlog,AI,AI场景词·场景应用·做vlog·AI,中关联(AI+工具章节),0.78,高,0.75
语音转文字用什么AI工具,AI音频,AI场景词,场景应用,语音转文字,通用,AI场景词·场景应用·语音转文字·通用,中关联(AI+工具章节),0.65,高,0.83
配音用什么AI工具,AI音频,AI场景词,场景应用,配音,通用,AI场景词·场景应用·配音·通用,中关联(AI+工具章节),0.65,高,0.83
音乐生成用什么AI工具,AI音频,AI场景词,教程操作,音乐生成,通用,AI场景词·教程操作·音乐生成·通用,中关联(AI+工具章节),0.65,高,0.83
声音克隆用什么AI工具,AI音频,AI场景词,场景应用,声音克隆,通用,AI场景词·场景应用·声音克隆·通用,中关联(AI+工具章节),0.65,高,0.83
人声分离用什么AI工具,AI音频,AI场景词,场景应用,人声分离,通用,AI场景词·场景应用·人声分离·通用,中关联(AI+工具章节),0.65,高,0.83
降噪用什么AI工具,AI音频,AI场景词,场景应用,降噪,通用,AI场景词·场景应用·降噪·通用,中关联(AI+工具章节),0.65,高,0.83
语音合成用什么AI工具,AI音频,AI场景词,场景应用,语音合成,通用,AI场景词·场景应用·语音合成·通用,中关联(AI+工具章节),0.65,高,0.83
文本转语音用什么AI工具,AI音频,AI场景词,场景应用,文本转语音,通用,AI场景词·场景应用·文本转语音·通用,中关联(AI+工具章节),0.65,高,0.83
会议录音转写用什么AI工具,AI写作,AI场景词,场景应用,会议录音转写,通用,AI场景词·场景应用·会议录音转写·通用,中关联(AI+工具章节),0.9,高,0.83
做有声书用什么AI工具,AI音频,AI场景词,场景应用,做有声书,通用,AI场景词·场景应用·做有声书·通用,中关联(AI+工具章节),0.65,高,0.83
生成音效用什么AI工具,AI音频,AI场景词,教程操作,生成音效,通用,AI场景词·教程操作·生成音效·通用,中关联(AI+工具章节),0.65,高,0.83
翻译音频用什么AI工具,AI对话,AI场景词,场景应用,翻译音频,通用,AI场景词·场景应用·翻译音频·通用,中关联(AI+工具章节),0.9,高,0.83
AI语音转文字,AI音频,AI场景词,场景应用,语音转文字,AI,AI场景词·场景应用·语音转文字·AI,中关联(AI+工具章节),0.65,高,0.75
AI配音,AI音频,AI场景词,场景应用,配音,AI,AI场景词·场景应用·配音·AI,中关联(AI+工具章节),0.65,高,0.75
AI音乐生成,AI音频,AI场景词,教程操作,音乐生成,AI,AI场景词·教程操作·音乐生成·AI,中关联(AI+工具章节),0.65,高,0.75
AI声音克隆,AI音频,AI场景词,场景应用,声音克隆,AI,AI场景词·场景应用·声音克隆·AI,中关联(AI+工具章节),0.65,高,0.75
AI人声分离,AI音频,AI场景词,场景应用,人声分离,AI,AI场景词·场景应用·人声分离·AI,中关联(AI+工具章节),0.65,高,0.75
AI降噪,AI音频,AI场景词,场景应用,降噪,AI,AI场景词·场景应用·降噪·AI,中关联(AI+工具章节),0.65,高,0.75
AI语音合成,AI音频,AI场景词,场景应用,语音合成,AI,AI场景词·场景应用·语音合成·AI,中关联(AI+工具章节),0.65,高,0.75
AI文本转语音,AI音频,AI场景词,场景应用,文本转语音,AI,AI场景词·场景应用·文本转语音·AI,中关联(AI+工具章节),0.65,高,0.75
AI会议录音转写,AI写作,AI场景词,场景应用,会议录音转写,AI,AI场景词·场景应用·会议录音转写·AI,中关联(AI+工具章节),0.9,高,0.75
AI做有声书,AI音频,AI场景词,场景应用,做有声书,AI,AI场景词·场景应用·做有声书·AI,中关联(AI+工具章节),0.65,高,0.75
AI生成音效,AI音频,AI场景词,教程操作,生成音效,AI,AI场景词·教程操作·生成音效·AI,中关联(AI+工具章节),0.65,高,0.75
AI翻译音频,AI对话,AI场景词,场景应用,翻译音频,AI,AI场景词·场景应用·翻译音频·AI,中关联(AI+工具章节),0.9,高,0.75
做PPT用什么AI工具,AI办公,AI场景词,场景应用,做PPT,通用,AI场景词·场景应用·做PPT·通用,中关联(AI+工具章节),0.88,高,0.83
写Excel公式用什么AI工具,AI写作,AI场景词,场景应用,写Excel公式,通用,AI场景词·场景应用·写Excel公式·通用,中关联(AI+工具章节),0.9,高,0.83
总结PDF用什么AI工具,AI写作,AI场景词,场景应用,总结PDF,通用,AI场景词·场景应用·总结PDF·通用,中关联(AI+工具章节),0.9,高,0.83
翻译文档用什么AI工具,AI对话,AI场景词,场景应用,翻译文档,通用,AI场景词·场景应用·翻译文档·通用,中关联(AI+工具章节),0.9,高,0.83
会议纪要用什么AI工具,AI办公,AI场景词,场景应用,会议纪要,通用,AI场景词·场景应用·会议纪要·通用,中关联(AI+工具章节),0.88,高,0.83
数据分析用什么AI工具,AI办公,AI场景词,场景应用,数据分析,通用,AI场景词·场景应用·数据分析·通用,中关联(AI+工具章节),0.88,高,0.83
做表格用什么AI工具,AI办公,AI场景词,场景应用,做表格,通用,AI场景词·场景应用·做表格·通用,中关联(AI+工具章节),0.88,高,0.83
生成思维导图用什么AI工具,AI绘图,AI场景词,教程操作,生成思维导图,通用,AI场景词·教程操作·生成思维导图·通用,中关联(AI+工具章节),0.85,高,0.83
整理文档用什么AI工具,AI办公,AI场景词,场景应用,整理文档,通用,AI场景词·场景应用·整理文档·通用,中关联(AI+工具章节),0.88,高,0.83
提取PDF文字用什么AI工具,AI办公,AI场景词,场景应用,提取PDF文字,通用,AI场景词·场景应用·提取PDF文字·通用,中关联(AI+工具章节),0.88,高,0.83
做周报用什么AI工具,AI写作,AI场景词,场景应用,做周报,通用,AI场景词·场景应用·做周报·通用,中关联(AI+工具章节),0.9,高,0.83
生成汇报PPT用什么AI工具,AI办公,AI场景词,教程操作,生成汇报PPT,通用,AI场景词·教程操作·生成汇报PPT·通用,中关联(AI+工具章节),0.88,高,0.83
整理会议记录用什么AI工具,AI办公,AI场景词,场景应用,整理会议记录,通用,AI场景词·场景应用·整理会议记录·通用,中关联(AI+工具章节),0.88,高,0.83
做Excel图表用什么AI工具,AI绘图,AI场景词,场景应用,做Excel图表,通用,AI场景词·场景应用·做Excel图表·通用,中关联(AI+工具章节),0.85,高,0.83
AI做PPT,AI办公,AI场景词,场景应用,做PPT,AI,AI场景词·场景应用·做PPT·AI,中关联(AI+工具章节),0.88,高,0.75
AI写Excel公式,AI写作,AI场景词,场景应用,写Excel公式,AI,AI场景词·场景应用·写Excel公式·AI,中关联(AI+工具章节),0.9,高,0.75
AI总结PDF,AI写作,AI场景词,场景应用,总结PDF,AI,AI场景词·场景应用·总结PDF·AI,中关联(AI+工具章节),0.9,高,0.75
AI翻译文档,AI对话,AI场景词,场景应用,翻译文档,AI,AI场景词·场景应用·翻译文档·AI,中关联(AI+工具章节),0.9,高,0.75
AI会议纪要,AI办公,AI场景词,场景应用,会议纪要,AI,AI场景词·场景应用·会议纪要·AI,中关联(AI+工具章节),0.88,高,0.75
AI数据分析,AI办公,AI场景词,场景应用,数据分析,AI,AI场景词·场景应用·数据分析·AI,中关联(AI+工具章节),0.88,高,0.75
AI做表格,AI办公,AI场景词,场景应用,做表格,AI,AI场景词·场景应用·做表格·AI,中关联(AI+工具章节),0.88,高,0.75
AI生成思维导图,AI绘图,AI场景词,教程操作,生成思维导图,AI,AI场景词·教程操作·生成思维导图·AI,中关联(AI+工具章节),0.85,高,0.75
AI整理文档,AI办公,AI场景词,场景应用,整理文档,AI,AI场景词·场景应用·整理文档·AI,中关联(AI+工具章节),0.88,高,0.75
AI提取PDF文字,AI办公,AI场景词,场景应用,提取PDF文字,AI,AI场景词·场景应用·提取PDF文字·AI,中关联(AI+工具章节),0.88,高,0.75
AI做周报,AI写作,AI场景词,场景应用,做周报,AI,AI场景词·场景应用·做周报·AI,中关联(AI+工具章节),0.9,高,0.75
AI生成汇报PPT,AI办公,AI场景词,教程操作,生成汇报PPT,AI,AI场景词·教程操作·生成汇报PPT·AI,中关联(AI+工具章节),0.88,高,0.75
AI整理会议记录,AI办公,AI场景词,场景应用,整理会议记录,AI,AI场景词·场景应用·整理会议记录·AI,中关联(AI+工具章节),0.88,高,0.75
AI做Excel图表,AI绘图,AI场景词,场景应用,做Excel图表,AI,AI场景词·场景应用·做Excel图表·AI,中关联(AI+工具章节),0.85,高,0.75
对比用什么AI工具,AI认知,AI场景词,功能对比,对比,通用,AI场景词·功能对比·对比·通用,中关联(AI+工具章节),0.75,高,0.83
哪个好用用什么AI工具,AI认知,AI场景词,功能对比,哪个好用,通用,AI场景词·功能对比·哪个好用·通用,中关联(AI+工具章节),0.75,高,0.83
功能介绍用什么AI工具,AI认知,AI场景词,品牌认知,功能介绍,通用,AI场景词·品牌认知·功能介绍·通用,高关联(整篇AI),0.75,高,0.92
API接入用什么AI工具,AI编程,AI场景词,教程操作,API接入,通用,AI场景词·教程操作·API接入·通用,中关联(AI+工具章节),0.8,高,0.83
本地部署用什么AI工具,大模型,AI场景词,教程操作,本地部署,通用,AI场景词·教程操作·本地部署·通用,中关联(AI+工具章节),0.82,高,0.83
上下文长度用什么AI工具,大模型,AI场景词,场景应用,上下文长度,通用,AI场景词·场景应用·上下文长度·通用,中关联(AI+工具章节),0.82,高,0.83
区别用什么AI工具,AI认知,AI场景词,功能对比,区别,通用,AI场景词·功能对比·区别·通用,中关联(AI+工具章节),0.75,高,0.83
评测用什么AI工具,AI认知,AI场景词,功能对比,评测,通用,AI场景词·功能对比·评测·通用,中关联(AI+工具章节),0.75,高,0.83
测试用什么AI工具,AI认知,AI场景词,场景应用,测试,通用,AI场景词·场景应用·测试·通用,中关联(AI+工具章节),0.75,高,0.83
跑分用什么AI工具,AI认知,AI场景词,功能对比,跑分,通用,AI场景词·功能对比·跑分·通用,中关联(AI+工具章节),0.75,高,0.83
AIAPI接入,AI编程,AI场景词,教程操作,API接入,AI,AI场景词·教程操作·API接入·AI,中关联(AI+工具章节),0.8,高,0.75
AI搜索用什么AI工具,AI搜索,AI场景词,场景应用,AI搜索,通用,AI场景词·场景应用·AI搜索·通用,中关联(AI+工具章节),0.7,高,0.83
总结网页用什么AI工具,AI写作,AI场景词,场景应用,总结网页,通用,AI场景词·场景应用·总结网页·通用,中关联(AI+工具章节),0.9,高,0.83
阅读论文用什么AI工具,AI写作,AI场景词,场景应用,阅读论文,通用,AI场景词·场景应用·阅读论文·通用,中关联(AI+工具章节),0.9,高,0.83
整理资料用什么AI工具,AI办公,AI场景词,场景应用,整理资料,通用,AI场景词·场景应用·整理资料·通用,中关联(AI+工具章节),0.88,高,0.83
AI浏览器用什么AI工具,AI搜索,AI场景词,场景应用,AI浏览器,通用,AI场景词·场景应用·AI浏览器·通用,中关联(AI+工具章节),0.7,高,0.83
搜索答案用什么AI工具,AI搜索,AI场景词,场景应用,搜索答案,通用,AI场景词·场景应用·搜索答案·通用,中关联(AI+工具章节),0.7,高,0.83
归纳文档用什么AI工具,AI办公,AI场景词,场景应用,归纳文档,通用,AI场景词·场景应用·归纳文档·通用,中关联(AI+工具章节),0.88,高,0.83
联网搜索用什么AI工具,AI搜索,AI场景词,场景应用,联网搜索,通用,AI场景词·场景应用·联网搜索·通用,中关联(AI+工具章节),0.7,高,0.83
学术搜索用什么AI工具,AI搜索,AI场景词,场景应用,学术搜索,通用,AI场景词·场景应用·学术搜索·通用,中关联(AI+工具章节),0.7,高,0.83
深度搜索用什么AI工具,AI搜索,AI场景词,场景应用,深度搜索,通用,AI场景词·场景应用·深度搜索·通用,中关联(AI+工具章节),0.7,高,0.83
AI总结网页,AI写作,AI场景词,场景应用,总结网页,AI,AI场景词·场景应用·总结网页·AI,中关联(AI+工具章节),0.9,高,0.75
AI阅读论文,AI写作,AI场景词,场景应用,阅读论文,AI,AI场景词·场景应用·阅读论文·AI,中关联(AI+工具章节),0.9,高,0.75
AI整理资料,AI办公,AI场景词,场景应用,整理资料,AI,AI场景词·场景应用·整理资料·AI,中关联(AI+工具章节),0.88,高,0.75
AI归纳文档,AI办公,AI场景词,场景应用,归纳文档,AI,AI场景词·场景应用·归纳文档·AI,中关联(AI+工具章节),0.88,高,0.75
AI学术搜索,AI搜索,AI场景词,场景应用,学术搜索,AI,AI场景词·场景应用·学术搜索·AI,中关联(AI+工具章节),0.7,高,0.75
是什么用什么AI工具,AI认知,AI场景词,品牌认知,是什么,通用,AI场景词·品牌认知·是什么·通用,高关联(整篇AI),0.75,高,0.92
AI怎么学,AI认知,AI场景词,品牌认知,怎么学,AI,AI场景词·品牌认知·怎么学·AI,高关联(整篇AI),0.75,高,0.75
怎么学用什么AI工具,AI认知,AI场景词,品牌认知,怎么学,通用,AI场景词·品牌认知·怎么学·通用,高关联(整篇AI),0.75,高,0.83
有哪些用什么AI工具,AI认知,AI场景词,品牌认知,有哪些,通用,AI场景词·品牌认知·有哪些·通用,高关联(整篇AI),0.75,高,0.83
发展趋势用什么AI工具,AI认知,AI场景词,品牌认知,发展趋势,通用,AI场景词·品牌认知·发展趋势·通用,高关联(整篇AI),0.75,高,0.83
会不会取代工作用什么AI工具,AI认知,AI场景词,场景应用,会不会取代工作,通用,AI场景词·场景应用·会不会取代工作·通用,中关联(AI+工具章节),0.75,高,0.83
怎么入门用什么AI工具,AI认知,AI场景词,教程操作,怎么入门,通用,AI场景词·教程操作·怎么入门·通用,中关联(AI+工具章节),0.75,高,0.83
有哪些应用用什么AI工具,AI认知,AI场景词,品牌认知,有哪些应用,通用,AI场景词·品牌认知·有哪些应用·通用,高关联(整篇AI),0.75,高,0.83
原理用什么AI工具,AI认知,AI场景词,品牌认知,原理,通用,AI场景词·品牌认知·原理·通用,高关联(整篇AI),0.75,高,0.83
发展历程用什么AI工具,AI认知,AI场景词,品牌认知,发展历程,通用,AI场景词·品牌认知·发展历程·通用,高关联(整篇AI),0.75,高,0.83
赚钱用什么AI工具,AI认知,AI场景词,场景应用,赚钱,通用,AI场景词·场景应用·赚钱·通用,中关联(AI+工具章节),0.75,高,0.83
找工作用什么AI工具,AI认知,AI场景词,场景应用,找工作,通用,AI场景词·场景应用·找工作·通用,中关联(AI+工具章节),0.75,高,0.83
岗位用什么AI工具,AI认知,AI场景词,场景应用,岗位,通用,AI场景词·场景应用·岗位·通用,中关联(AI+工具章节),0.75,高,0.83
AI学习路线,AI认知,AI场景词,场景应用,学习路线,AI,AI场景词·场景应用·学习路线·AI,中关联(AI+工具章节),0.75,高,0.75
学习路线用什么AI工具,AI认知,AI场景词,场景应用,学习路线,通用,AI场景词·场景应用·学习路线·通用,中关联(AI+工具章节),0.75,高,0.83
案例用什么AI工具,AI认知,AI场景词,模板获取,案例,通用,AI场景词·模板获取·案例·通用,中关联(AI+工具章节),0.75,高,0.83
AI工具推荐,AI认知,AI场景词,场景应用,工具推荐,AI,AI场景词·场景应用·工具推荐·AI,中关联(AI+工具章节),0.75,高,0.83
工具推荐用什么AI工具,AI认知,AI场景词,场景应用,工具推荐,通用,AI场景词·场景应用·工具推荐·通用,中关联(AI+工具章节),0.75,高,0.83
变现用什么AI工具,AI认知,AI场景词,场景应用,变现,通用,AI场景词·场景应用·变现·通用,中关联(AI+工具章节),0.75,高,0.83
行业报告用什么AI工具,AI写作,AI场景词,品牌认知,行业报告,通用,AI场景词·品牌认知·行业报告·通用,高关联(整篇AI),0.9,高,0.83
人工智能怎么学,AI认知,AI场景词,品牌认知,怎么学,人工智能,AI场景词·品牌认知·怎么学·人工智能,高关联(整篇AI),0.75,中,0.74
人工智能学习路线,AI认知,AI场景词,场景应用,学习路线,人工智能,AI场景词·场景应用·学习路线·人工智能,中关联(AI+工具章节),0.75,中,0.74
人工智能工具推荐,AI认知,AI场景词,场景应用,工具推荐,人工智能,AI场景词·场景应用·工具推荐·人工智能,中关联(AI+工具章节),0.75,高,0.81
大模型怎么学,大模型,AI场景词,品牌认知,怎么学,大模型,AI场景词·品牌认知·怎么学·大模型,高关联(整篇AI),0.82,中,0.72
大模型学习路线,大模型,AI场景词,场景应用,学习路线,大模型,AI场景词·场景应用·学习路线·大模型,中关联(AI+工具章节),0.82,中,0.72
大模型工具推荐,大模型,AI场景词,场景应用,工具推荐,大模型,AI场景词·场景应用·工具推荐·大模型,中关联(AI+工具章节),0.82,高,0.79
AIGC怎么学,AI认知,AI场景词,品牌认知,怎么学,AIGC,AI场景词·品牌认知·怎么学·AIGC,高关联(整篇AI),0.75,中,0.69
AIGC学习路线,AI认知,AI场景词,场景应用,学习路线,AIGC,AI场景词·场景应用·学习路线·AIGC,中关联(AI+工具章节),0.75,中,0.69
AIGC工具推荐,AI认知,AI场景词,场景应用,工具推荐,AIGC,AI场景词·场景应用·工具推荐·AIGC,中关联(AI+工具章节),0.75,高,0.76
生成式AI怎么学,AI认知,AI场景词,品牌认知,怎么学,生成式AI,AI场景词·品牌认知·怎么学·生成式AI,高关联(整篇AI),0.75,中,0.67
生成式AI怎么入门,AI认知,AI场景词,教程操作,怎么入门,生成式AI,AI场景词·教程操作·怎么入门·生成式AI,中关联(AI+工具章节),0.75,中,0.67
生成式AI赚钱,AI认知,AI场景词,教程操作,赚钱,生成式AI,AI场景词·教程操作·赚钱·生成式AI,中关联(AI+工具章节),0.75,中,0.67
生成式AI找工作,AI认知,AI场景词,教程操作,找工作,生成式AI,AI场景词·教程操作·找工作·生成式AI,中关联(AI+工具章节),0.75,中,0.67
生成式AI岗位,AI认知,AI场景词,教程操作,岗位,生成式AI,AI场景词·教程操作·岗位·生成式AI,中关联(AI+工具章节),0.75,中,0.67
生成式AI学习路线,AI认知,AI场景词,教程操作,学习路线,生成式AI,AI场景词·教程操作·学习路线·生成式AI,中关联(AI+工具章节),0.75,中,0.67
生成式AI案例,AI认知,AI场景词,模板获取,案例,生成式AI,AI场景词·模板获取·案例·生成式AI,中关联(AI+工具章节),0.75,中,0.67
生成式AI工具推荐,AI认知,AI场景词,教程操作,工具推荐,生成式AI,AI场景词·教程操作·工具推荐·生成式AI,中关联(AI+工具章节),0.75,中,0.74
生成式AI变现,AI认知,AI场景词,教程操作,变现,生成式AI,AI场景词·教程操作·变现·生成式AI,中关联(AI+工具章节),0.75,中,0.67
生成式AI2026,AI认知,AI场景词,教程操作,通用,生成式AI,AI场景词·教程操作·通用·生成式AI,中关联(AI+工具章节),0.75,中,0.67
Agent怎么学,大模型,AI场景词,品牌认知,怎么学,Agent,AI场景词·品牌认知·怎么学·Agent,高关联(整篇AI),0.82,中,0.62
Agent学习路线,大模型,AI场景词,场景应用,学习路线,Agent,AI场景词·场景应用·学习路线·Agent,中关联(AI+工具章节),0.82,中,0.62
Agent工具推荐,大模型,AI场景词,场景应用,工具推荐,Agent,AI场景词·场景应用·工具推荐·Agent,中关联(AI+工具章节),0.82,中,0.69
多模态怎么学,大模型,AI场景词,品牌认知,怎么学,多模态,AI场景词·品牌认知·怎么学·多模态,高关联(整篇AI),0.82,低,0.58
多模态学习路线,大模型,AI场景词,场景应用,学习路线,多模态,AI场景词·场景应用·学习路线·多模态,中关联(AI+工具章节),0.82,低,0.58
多模态工具推荐,大模型,AI场景词,场景应用,工具推荐,多模态,AI场景词·场景应用·工具推荐·多模态,中关联(AI+工具章节),0.82,中,0.63
AI角色扮演,AI对话,AI认知词,场景应用,角色扮演,AI,AI认知词·场景应用·角色扮演·AI,中关联(AI+工具章节),0.9,高,0.75
AI讲故事,AI认知,AI认知词,场景应用,讲故事,AI,AI认知词·场景应用·讲故事·AI,中关联(AI+工具章节),0.75,高,0.75
AI头脑风暴,AI对话,AI认知词,场景应用,头脑风暴,AI,AI认知词·场景应用·头脑风暴·AI,中关联(AI+工具章节),0.9,高,0.75
AI模拟面试,AI认知,AI认知词,场景应用,模拟面试,AI,AI认知词·场景应用·模拟面试·AI,中关联(AI+工具章节),0.75,高,0.75
AI查资料,AI搜索,AI认知词,场景应用,查资料,AI,AI认知词·场景应用·查资料·AI,中关联(AI+工具章节),0.7,高,0.75
AI换脸,AI视频,AI认知词,场景应用,换脸,AI,AI认知词·场景应用·换脸·AI,中关联(AI+工具章节),0.78,高,0.75
AI对比,AI认知,AI认知词,功能对比,对比,AI,AI认知词·功能对比·对比·AI,中关联(AI+工具章节),0.75,高,0.83
AI哪个好用,AI认知,AI认知词,功能对比,哪个好用,AI,AI认知词·功能对比·哪个好用·AI,中关联(AI+工具章节),0.75,高,0.83
AI功能介绍,AI认知,AI认知词,品牌认知,功能介绍,AI,AI认知词·品牌认知·功能介绍·AI,高关联(整篇AI),0.75,高,0.94
AI怎么用,AI认知,AI认知词,教程操作,怎么用,AI,AI认知词·教程操作·怎么用·AI,中关联(AI+工具章节),0.75,高,0.75
AI本地部署,大模型,AI认知词,教程操作,本地部署,AI,AI认知词·教程操作·本地部署·AI,中关联(AI+工具章节),0.82,高,0.75
AI上下文长度,大模型,AI认知词,场景应用,上下文长度,AI,AI认知词·场景应用·上下文长度·AI,中关联(AI+工具章节),0.82,高,0.75
AI区别,AI认知,AI认知词,功能对比,区别,AI,AI认知词·功能对比·区别·AI,中关联(AI+工具章节),0.75,高,0.83
AI评测,AI认知,AI认知词,功能对比,评测,AI,AI认知词·功能对比·评测·AI,中关联(AI+工具章节),0.75,高,0.83
AI测试,AI认知,AI认知词,场景应用,测试,AI,AI认知词·场景应用·测试·AI,中关联(AI+工具章节),0.75,高,0.75
AI跑分,AI认知,AI认知词,功能对比,跑分,AI,AI认知词·功能对比·跑分·AI,中关联(AI+工具章节),0.75,高,0.83
AIAI搜索,AI搜索,AI认知词,场景应用,AI搜索,AI,AI认知词·场景应用·AI搜索·AI,中关联(AI+工具章节),0.7,高,0.75
AIAI浏览器,AI搜索,AI认知词,场景应用,AI浏览器,AI,AI认知词·场景应用·AI浏览器·AI,中关联(AI+工具章节),0.7,高,0.75
AI搜索答案,AI搜索,AI认知词,场景应用,搜索答案,AI,AI认知词·场景应用·搜索答案·AI,中关联(AI+工具章节),0.7,高,0.75
AI联网搜索,AI搜索,AI认知词,场景应用,联网搜索,AI,AI认知词·场景应用·联网搜索·AI,中关联(AI+工具章节),0.7,高,0.75
AI深度搜索,AI搜索,AI认知词,场景应用,深度搜索,AI,AI认知词·场景应用·深度搜索·AI,中关联(AI+工具章节),0.7,高,0.75
AI是什么,AI认知,AI认知词,品牌认知,是什么,AI,AI认知词·品牌认知·是什么·AI,高关联(整篇AI),0.75,高,0.94
AI有哪些,AI认知,AI认知词,品牌认知,有哪些,AI,AI认知词·品牌认知·有哪些·AI,高关联(整篇AI),0.75,高,0.8
AI发展趋势,AI认知,AI认知词,品牌认知,发展趋势,AI,AI认知词·品牌认知·发展趋势·AI,高关联(整篇AI),0.75,高,0.8
AI会不会取代工作,AI认知,AI认知词,场景应用,会不会取代工作,AI,AI认知词·场景应用·会不会取代工作·AI,中关联(AI+工具章节),0.75,高,0.8
AI怎么入门,AI认知,AI认知词,教程操作,怎么入门,AI,AI认知词·教程操作·怎么入门·AI,中关联(AI+工具章节),0.75,高,0.75
AI有哪些应用,AI认知,AI认知词,品牌认知,有哪些应用,AI,AI认知词·品牌认知·有哪些应用·AI,高关联(整篇AI),0.75,高,0.8
AI原理,AI认知,AI认知词,品牌认知,原理,AI,AI认知词·品牌认知·原理·AI,高关联(整篇AI),0.75,高,0.8
AI发展历程,AI认知,AI认知词,品牌认知,发展历程,AI,AI认知词·品牌认知·发展历程·AI,高关联(整篇AI),0.75,高,0.8
AI赚钱,AI认知,AI认知词,场景应用,赚钱,AI,AI认知词·场景应用·赚钱·AI,中关联(AI+工具章节),0.75,高,0.75
AI找工作,AI认知,AI认知词,场景应用,找工作,AI,AI认知词·场景应用·找工作·AI,中关联(AI+工具章节),0.75,高,0.75
AI岗位,AI认知,AI认知词,场景应用,岗位,AI,AI认知词·场景应用·岗位·AI,中关联(AI+工具章节),0.75,高,0.75
AI案例,AI认知,AI认知词,模板获取,案例,AI,AI认知词·模板获取·案例·AI,中关联(AI+工具章节),0.75,高,0.75
AI变现,AI认知,AI认知词,场景应用,变现,AI,AI认知词·场景应用·变现·AI,中关联(AI+工具章节),0.75,高,0.75
AI行业报告,AI写作,AI认知词,品牌认知,行业报告,AI,AI认知词·品牌认知·行业报告·AI,高关联(整篇AI),0.9,高,0.8
AI知识,AI认知,AI认知词,品牌认知,通用,AI,AI认知词·品牌认知·通用·AI,高关联(整篇AI),0.75,高,0.8
AI详解,AI认知,AI认知词,场景应用,通用,AI,AI认知词·场景应用·通用·AI,中关联(AI+工具章节),0.75,高,0.8
人工智能是什么,AI认知,AI认知词,品牌认知,是什么,人工智能,AI认知词·品牌认知·是什么·人工智能,高关联(整篇AI),0.75,高,0.92
人工智能有哪些,AI认知,AI认知词,品牌认知,有哪些,人工智能,AI认知词·品牌认知·有哪些·人工智能,高关联(整篇AI),0.75,高,0.78
人工智能发展趋势,AI认知,AI认知词,品牌认知,发展趋势,人工智能,AI认知词·品牌认知·发展趋势·人工智能,高关联(整篇AI),0.75,高,0.78
人工智能会不会取代工作,AI认知,AI认知词,场景应用,会不会取代工作,人工智能,AI认知词·场景应用·会不会取代工作·人工智能,中关联(AI+工具章节),0.75,高,0.78
人工智能怎么入门,AI认知,AI认知词,教程操作,怎么入门,人工智能,AI认知词·教程操作·怎么入门·人工智能,中关联(AI+工具章节),0.75,中,0.74
人工智能有哪些应用,AI认知,AI认知词,品牌认知,有哪些应用,人工智能,AI认知词·品牌认知·有哪些应用·人工智能,高关联(整篇AI),0.75,高,0.78
人工智能原理,AI认知,AI认知词,品牌认知,原理,人工智能,AI认知词·品牌认知·原理·人工智能,高关联(整篇AI),0.75,高,0.78
人工智能发展历程,AI认知,AI认知词,品牌认知,发展历程,人工智能,AI认知词·品牌认知·发展历程·人工智能,高关联(整篇AI),0.75,高,0.78
人工智能赚钱,AI认知,AI认知词,场景应用,赚钱,人工智能,AI认知词·场景应用·赚钱·人工智能,中关联(AI+工具章节),0.75,中,0.74
人工智能找工作,AI认知,AI认知词,场景应用,找工作,人工智能,AI认知词·场景应用·找工作·人工智能,中关联(AI+工具章节),0.75,中,0.74
人工智能岗位,AI认知,AI认知词,场景应用,岗位,人工智能,AI认知词·场景应用·岗位·人工智能,中关联(AI+工具章节),0.75,中,0.74
人工智能案例,AI认知,AI认知词,模板获取,案例,人工智能,AI认知词·模板获取·案例·人工智能,中关联(AI+工具章节),0.75,中,0.74
人工智能变现,AI认知,AI认知词,场景应用,变现,人工智能,AI认知词·场景应用·变现·人工智能,中关联(AI+工具章节),0.75,中,0.74
人工智能行业报告,AI写作,AI认知词,品牌认知,行业报告,人工智能,AI认知词·品牌认知·行业报告·人工智能,高关联(整篇AI),0.9,高,0.78
人工智能知识,AI认知,AI认知词,品牌认知,通用,人工智能,AI认知词·品牌认知·通用·人工智能,高关联(整篇AI),0.75,高,0.78
人工智能详解,AI认知,AI认知词,场景应用,通用,人工智能,AI认知词·场景应用·通用·人工智能,中关联(AI+工具章节),0.75,高,0.78
大模型是什么,大模型,AI认知词,品牌认知,是什么,大模型,AI认知词·品牌认知·是什么·大模型,高关联(整篇AI),0.82,高,0.9
大模型有哪些,大模型,AI认知词,品牌认知,有哪些,大模型,AI认知词·品牌认知·有哪些·大模型,高关联(整篇AI),0.82,高,0.77
大模型发展趋势,大模型,AI认知词,品牌认知,发展趋势,大模型,AI认知词·品牌认知·发展趋势·大模型,高关联(整篇AI),0.82,高,0.77
大模型会不会取代工作,大模型,AI认知词,场景应用,会不会取代工作,大模型,AI认知词·场景应用·会不会取代工作·大模型,中关联(AI+工具章节),0.82,高,0.77
大模型怎么入门,大模型,AI认知词,教程操作,怎么入门,大模型,AI认知词·教程操作·怎么入门·大模型,中关联(AI+工具章节),0.82,中,0.72
大模型有哪些应用,大模型,AI认知词,品牌认知,有哪些应用,大模型,AI认知词·品牌认知·有哪些应用·大模型,高关联(整篇AI),0.82,高,0.77
大模型原理,大模型,AI认知词,品牌认知,原理,大模型,AI认知词·品牌认知·原理·大模型,高关联(整篇AI),0.82,高,0.77
大模型发展历程,大模型,AI认知词,品牌认知,发展历程,大模型,AI认知词·品牌认知·发展历程·大模型,高关联(整篇AI),0.82,高,0.77
大模型赚钱,大模型,AI认知词,场景应用,赚钱,大模型,AI认知词·场景应用·赚钱·大模型,中关联(AI+工具章节),0.82,中,0.72
大模型找工作,大模型,AI认知词,场景应用,找工作,大模型,AI认知词·场景应用·找工作·大模型,中关联(AI+工具章节),0.82,中,0.72
大模型岗位,大模型,AI认知词,场景应用,岗位,大模型,AI认知词·场景应用·岗位·大模型,中关联(AI+工具章节),0.82,中,0.72
大模型案例,大模型,AI认知词,模板获取,案例,大模型,AI认知词·模板获取·案例·大模型,中关联(AI+工具章节),0.82,中,0.72
大模型变现,大模型,AI认知词,场景应用,变现,大模型,AI认知词·场景应用·变现·大模型,中关联(AI+工具章节),0.82,中,0.72
大模型行业报告,AI写作,AI认知词,品牌认知,行业报告,大模型,AI认知词·品牌认知·行业报告·大模型,高关联(整篇AI),0.9,高,0.77
大模型知识,大模型,AI认知词,品牌认知,通用,大模型,AI认知词·品牌认知·通用·大模型,高关联(整篇AI),0.82,高,0.77
大模型详解,大模型,AI认知词,场景应用,通用,大模型,AI认知词·场景应用·通用·大模型,中关联(AI+工具章节),0.82,高,0.77
AIGC是什么,AI认知,AI认知词,品牌认知,是什么,AIGC,AI认知词·品牌认知·是什么·AIGC,高关联(整篇AI),0.75,高,0.86
AIGC有哪些,AI认知,AI认知词,品牌认知,有哪些,AIGC,AI认知词·品牌认知·有哪些·AIGC,高关联(整篇AI),0.75,中,0.73
AIGC发展趋势,AI认知,AI认知词,品牌认知,发展趋势,AIGC,AI认知词·品牌认知·发展趋势·AIGC,高关联(整篇AI),0.75,中,0.73
AIGC会不会取代工作,AI认知,AI认知词,场景应用,会不会取代工作,AIGC,AI认知词·场景应用·会不会取代工作·AIGC,中关联(AI+工具章节),0.75,中,0.73
AIGC怎么入门,AI认知,AI认知词,教程操作,怎么入门,AIGC,AI认知词·教程操作·怎么入门·AIGC,中关联(AI+工具章节),0.75,中,0.69
AIGC有哪些应用,AI认知,AI认知词,品牌认知,有哪些应用,AIGC,AI认知词·品牌认知·有哪些应用·AIGC,高关联(整篇AI),0.75,中,0.73
AIGC原理,AI认知,AI认知词,品牌认知,原理,AIGC,AI认知词·品牌认知·原理·AIGC,高关联(整篇AI),0.75,中,0.73
AIGC发展历程,AI认知,AI认知词,品牌认知,发展历程,AIGC,AI认知词·品牌认知·发展历程·AIGC,高关联(整篇AI),0.75,中,0.73
AIGC赚钱,AI认知,AI认知词,场景应用,赚钱,AIGC,AI认知词·场景应用·赚钱·AIGC,中关联(AI+工具章节),0.75,中,0.69
AIGC找工作,AI认知,AI认知词,场景应用,找工作,AIGC,AI认知词·场景应用·找工作·AIGC,中关联(AI+工具章节),0.75,中,0.69
AIGC岗位,AI认知,AI认知词,场景应用,岗位,AIGC,AI认知词·场景应用·岗位·AIGC,中关联(AI+工具章节),0.75,中,0.69
AIGC案例,AI认知,AI认知词,模板获取,案例,AIGC,AI认知词·模板获取·案例·AIGC,中关联(AI+工具章节),0.75,中,0.69
AIGC变现,AI认知,AI认知词,场景应用,变现,AIGC,AI认知词·场景应用·变现·AIGC,中关联(AI+工具章节),0.75,中,0.69
AIGC行业报告,AI写作,AI认知词,品牌认知,行业报告,AIGC,AI认知词·品牌认知·行业报告·AIGC,高关联(整篇AI),0.9,中,0.73
AIGC知识,AI认知,AI认知词,品牌认知,通用,AIGC,AI认知词·品牌认知·通用·AIGC,高关联(整篇AI),0.75,中,0.73
AIGC详解,AI认知,AI认知词,场景应用,通用,AIGC,AI认知词·场景应用·通用·AIGC,中关联(AI+工具章节),0.75,中,0.73
生成式AI是什么,AI认知,AI认知词,品牌认知,是什么,生成式AI,AI认知词·品牌认知·是什么·生成式AI,高关联(整篇AI),0.75,高,0.84
生成式AI有哪些,AI认知,AI认知词,品牌认知,有哪些,生成式AI,AI认知词·品牌认知·有哪些·生成式AI,高关联(整篇AI),0.75,中,0.67
生成式AI发展趋势,AI认知,AI认知词,品牌认知,发展趋势,生成式AI,AI认知词·品牌认知·发展趋势·生成式AI,高关联(整篇AI),0.75,中,0.67
生成式AI会不会取代工作,AI认知,AI认知词,教程操作,会不会取代工作,生成式AI,AI认知词·教程操作·会不会取代工作·生成式AI,中关联(AI+工具章节),0.75,中,0.67
生成式AI有哪些应用,AI认知,AI认知词,品牌认知,有哪些应用,生成式AI,AI认知词·品牌认知·有哪些应用·生成式AI,高关联(整篇AI),0.75,中,0.67
生成式AI原理,AI认知,AI认知词,品牌认知,原理,生成式AI,AI认知词·品牌认知·原理·生成式AI,高关联(整篇AI),0.75,中,0.67
生成式AI发展历程,AI认知,AI认知词,品牌认知,发展历程,生成式AI,AI认知词·品牌认知·发展历程·生成式AI,高关联(整篇AI),0.75,中,0.67
生成式AI行业报告,AI写作,AI认知词,品牌认知,行业报告,生成式AI,AI认知词·品牌认知·行业报告·生成式AI,高关联(整篇AI),0.9,中,0.67
生成式AI知识,AI认知,AI认知词,品牌认知,通用,生成式AI,AI认知词·品牌认知·通用·生成式AI,高关联(整篇AI),0.75,中,0.67
生成式AI详解,AI认知,AI认知词,教程操作,通用,生成式AI,AI认知词·教程操作·通用·生成式AI,中关联(AI+工具章节),0.75,中,0.67
Agent是什么,大模型,AI认知词,品牌认知,是什么,Agent,AI认知词·品牌认知·是什么·Agent,高关联(整篇AI),0.82,高,0.78
Agent有哪些,大模型,AI认知词,品牌认知,有哪些,Agent,AI认知词·品牌认知·有哪些·Agent,高关联(整篇AI),0.82,中,0.66
Agent发展趋势,大模型,AI认知词,品牌认知,发展趋势,Agent,AI认知词·品牌认知·发展趋势·Agent,高关联(整篇AI),0.82,中,0.66
Agent会不会取代工作,大模型,AI认知词,场景应用,会不会取代工作,Agent,AI认知词·场景应用·会不会取代工作·Agent,中关联(AI+工具章节),0.82,中,0.66
Agent怎么入门,大模型,AI认知词,教程操作,怎么入门,Agent,AI认知词·教程操作·怎么入门·Agent,中关联(AI+工具章节),0.82,中,0.62
Agent有哪些应用,大模型,AI认知词,品牌认知,有哪些应用,Agent,AI认知词·品牌认知·有哪些应用·Agent,高关联(整篇AI),0.82,中,0.66
Agent原理,大模型,AI认知词,品牌认知,原理,Agent,AI认知词·品牌认知·原理·Agent,高关联(整篇AI),0.82,中,0.66
Agent发展历程,大模型,AI认知词,品牌认知,发展历程,Agent,AI认知词·品牌认知·发展历程·Agent,高关联(整篇AI),0.82,中,0.66
Agent赚钱,大模型,AI认知词,场景应用,赚钱,Agent,AI认知词·场景应用·赚钱·Agent,中关联(AI+工具章节),0.82,中,0.62
Agent找工作,大模型,AI认知词,场景应用,找工作,Agent,AI认知词·场景应用·找工作·Agent,中关联(AI+工具章节),0.82,中,0.62
Agent岗位,大模型,AI认知词,场景应用,岗位,Agent,AI认知词·场景应用·岗位·Agent,中关联(AI+工具章节),0.82,中,0.62
Agent案例,大模型,AI认知词,模板获取,案例,Agent,AI认知词·模板获取·案例·Agent,中关联(AI+工具章节),0.82,中,0.62
Agent变现,大模型,AI认知词,场景应用,变现,Agent,AI认知词·场景应用·变现·Agent,中关联(AI+工具章节),0.82,中,0.62
Agent行业报告,AI写作,AI认知词,品牌认知,行业报告,Agent,AI认知词·品牌认知·行业报告·Agent,高关联(整篇AI),0.9,中,0.66
Agent知识,大模型,AI认知词,品牌认知,通用,Agent,AI认知词·品牌认知·通用·Agent,高关联(整篇AI),0.82,中,0.66
Agent详解,大模型,AI认知词,场景应用,通用,Agent,AI认知词·场景应用·通用·Agent,中关联(AI+工具章节),0.82,中,0.66
多模态是什么,大模型,AI认知词,品牌认知,是什么,多模态,AI认知词·品牌认知·是什么·多模态,高关联(整篇AI),0.82,中,0.72
多模态有哪些,大模型,AI认知词,品牌认知,有哪些,多模态,AI认知词·品牌认知·有哪些·多模态,高关联(整篇AI),0.82,中,0.61
多模态发展趋势,大模型,AI认知词,品牌认知,发展趋势,多模态,AI认知词·品牌认知·发展趋势·多模态,高关联(整篇AI),0.82,中,0.61
多模态会不会取代工作,大模型,AI认知词,场景应用,会不会取代工作,多模态,AI认知词·场景应用·会不会取代工作·多模态,中关联(AI+工具章节),0.82,中,0.61
多模态怎么入门,大模型,AI认知词,教程操作,怎么入门,多模态,AI认知词·教程操作·怎么入门·多模态,中关联(AI+工具章节),0.82,低,0.58
多模态有哪些应用,大模型,AI认知词,品牌认知,有哪些应用,多模态,AI认知词·品牌认知·有哪些应用·多模态,高关联(整篇AI),0.82,中,0.61
多模态原理,大模型,AI认知词,品牌认知,原理,多模态,AI认知词·品牌认知·原理·多模态,高关联(整篇AI),0.82,中,0.61
多模态发展历程,大模型,AI认知词,品牌认知,发展历程,多模态,AI认知词·品牌认知·发展历程·多模态,高关联(整篇AI),0.82,中,0.61
多模态赚钱,大模型,AI认知词,场景应用,赚钱,多模态,AI认知词·场景应用·赚钱·多模态,中关联(AI+工具章节),0.82,低,0.58
多模态找工作,大模型,AI认知词,场景应用,找工作,多模态,AI认知词·场景应用·找工作·多模态,中关联(AI+工具章节),0.82,低,0.58
多模态岗位,大模型,AI认知词,场景应用,岗位,多模态,AI认知词·场景应用·岗位·多模态,中关联(AI+工具章节),0.82,低,0.58
多模态案例,大模型,AI认知词,模板获取,案例,多模态,AI认知词·模板获取·案例·多模态,中关联(AI+工具章节),0.82,低,0.58
多模态变现,大模型,AI认知词,场景应用,变现,多模态,AI认知词·场景应用·变现·多模态,中关联(AI+工具章节),0.82,低,0.58
多模态行业报告,AI写作,AI认知词,品牌认知,行业报告,多模态,AI认知词·品牌认知·行业报告·多模态,高关联(整篇AI),0.9,中,0.61
多模态知识,大模型,AI认知词,品牌认知,通用,多模态,AI认知词·品牌认知·通用·多模态,高关联(整篇AI),0.82,中,0.61
多模态详解,大模型,AI认知词,场景应用,通用,多模态,AI认知词·场景应用·通用·多模态,中关联(AI+工具章节),0.82,中,0.61
WPS AI写合同模板,AI写作,AI品牌词,模板获取,写合同模板,WPS AI,AI品牌词·模板获取·写合同模板·WPS AI,中关联(AI+工具章节),0.9,中,0.6
WPS灵犀生成头像模板,AI绘图,AI品牌词,模板获取,生成头像模板,WPS灵犀,AI品牌词·模板获取·生成头像模板·WPS灵犀,中关联(AI+工具章节),0.85,中,0.6
WPS AI写简历模板,AI写作,AI品牌词,模板获取,写简历模板,WPS AI,AI品牌词·模板获取·写简历模板·WPS AI,中关联(AI+工具章节),0.9,中,0.6
WPS灵犀写演讲稿模板,AI写作,AI品牌词,模板获取,写演讲稿模板,WPS灵犀,AI品牌词·模板获取·写演讲稿模板·WPS灵犀,中关联(AI+工具章节),0.9,中,0.6
WPS灵犀写通知模板,AI写作,AI品牌词,模板获取,写通知模板,WPS灵犀,AI品牌词·模板获取·写通知模板·WPS灵犀,中关联(AI+工具章节),0.9,中,0.6
WPS灵犀写脚本模板,AI写作,AI品牌词,模板获取,写脚本模板,WPS灵犀,AI品牌词·模板获取·写脚本模板·WPS灵犀,中关联(AI+工具章节),0.9,中,0.6
WPS AI写文案模板,AI写作,AI品牌词,模板获取,写文案模板,WPS AI,AI品牌词·模板获取·写文案模板·WPS AI,中关联(AI+工具章节),0.9,中,0.6
WPS灵犀写小说模板,AI写作,AI品牌词,模板获取,写小说模板,WPS灵犀,AI品牌词·模板获取·写小说模板·WPS灵犀,中关联(AI+工具章节),0.9,中,0.6
WPS灵犀写标题模板,AI写作,AI品牌词,模板获取,写标题模板,WPS灵犀,AI品牌词·模板获取·写标题模板·WPS灵犀,中关联(AI+工具章节),0.9,中,0.6
WPS AI写读后感模板,AI写作,AI品牌词,模板获取,写读后感模板,WPS AI,AI品牌词·模板获取·写读后感模板·WPS AI,中关联(AI+工具章节),0.9,中,0.6
WPS灵犀写读后感模板,AI写作,AI品牌词,模板获取,写读后感模板,WPS灵犀,AI品牌词·模板获取·写读后感模板·WPS灵犀,中关联(AI+工具章节),0.9,中,0.6
WPS AI写论文模板,AI写作,AI品牌词,模板获取,写论文模板,WPS AI,AI品牌词·模板获取·写论文模板·WPS AI,中关联(AI+工具章节),0.9,中,0.6
WPS灵犀写公文模板,AI写作,AI品牌词,模板获取,写公文模板,WPS灵犀,AI品牌词·模板获取·写公文模板·WPS灵犀,中关联(AI+工具章节),0.9,中,0.6
WPS灵犀写周报模板,AI写作,AI品牌词,模板获取,写周报模板,WPS灵犀,AI品牌词·模板获取·写周报模板·WPS灵犀,中关联(AI+工具章节),0.9,中,0.6
WPS灵犀写合同模板,AI写作,AI品牌词,模板获取,写合同模板,WPS灵犀,AI品牌词·模板获取·写合同模板·WPS灵犀,中关联(AI+工具章节),0.9,中,0.6
WPS灵犀做ppt模板,AI办公,AI品牌词,模板获取,做ppt模板,WPS灵犀,AI品牌词·模板获取·做ppt模板·WPS灵犀,中关联(AI+工具章节),0.88,中,0.6
WPS AI写方案模板,AI写作,AI品牌词,模板获取,写方案模板,WPS AI,AI品牌词·模板获取·写方案模板·WPS AI,中关联(AI+工具章节),0.9,中,0.6
WPS AI写项目总结模板,AI写作,AI品牌词,模板获取,写项目总结模板,WPS AI,AI品牌词·模板获取·写项目总结模板·WPS AI,中关联(AI+工具章节),0.9,中,0.6
WPS AI写小说模板,AI写作,AI品牌词,模板获取,写小说模板,WPS AI,AI品牌词·模板获取·写小说模板·WPS AI,中关联(AI+工具章节),0.9,中,0.6
WPS灵犀写会议纪要模板,AI写作,AI品牌词,模板获取,写会议纪要模板,WPS灵犀,AI品牌词·模板获取·写会议纪要模板·WPS灵犀,中关联(AI+工具章节),0.9,中,0.6
WPS灵犀做数据图表模板,AI绘图,AI品牌词,模板获取,做数据图表模板,WPS灵犀,AI品牌词·模板获取·做数据图表模板·WPS灵犀,中关联(AI+工具章节),0.85,中,0.6
WPS灵犀公文提示词,AI写作,AI品牌词,模板获取,公文提示词,WPS灵犀,AI品牌词·模板获取·公文提示词·WPS灵犀,中关联(AI+工具章节),0.9,中,0.55
WPS AI生成头像模板,AI绘图,AI品牌词,模板获取,生成头像模板,WPS AI,AI品牌词·模板获取·生成头像模板·WPS AI,中关联(AI+工具章节),0.85,中,0.6
WPS AI日报提示词,AI写作,AI品牌词,模板获取,日报提示词,WPS AI,AI品牌词·模板获取·日报提示词·WPS AI,中关联(AI+工具章节),0.9,中,0.55
WPS灵犀文案提示词,AI写作,AI品牌词,模板获取,文案提示词,WPS灵犀,AI品牌词·模板获取·文案提示词·WPS灵犀,中关联(AI+工具章节),0.9,中,0.55
WPS灵犀周报提示词,AI写作,AI品牌词,模板获取,周报提示词,WPS灵犀,AI品牌词·模板获取·周报提示词·WPS灵犀,中关联(AI+工具章节),0.9,中,0.55
WPS AI做ppt模板,AI办公,AI品牌词,模板获取,做ppt模板,WPS AI,AI品牌词·模板获取·做ppt模板·WPS AI,中关联(AI+工具章节),0.88,中,0.6
WPS AI写通知模板,AI写作,AI品牌词,模板获取,写通知模板,WPS AI,AI品牌词·模板获取·写通知模板·WPS AI,中关联(AI+工具章节),0.9,中,0.6
WPS AI工作总结提示词,AI写作,AI品牌词,模板获取,工作总结提示词,WPS AI,AI品牌词·模板获取·工作总结提示词·WPS AI,中关联(AI+工具章节),0.9,中,0.55
WPS AIprompt模板,AI认知,AI品牌词,模板获取,prompt模板,WPS AI,AI品牌词·模板获取·prompt模板·WPS AI,中关联(AI+工具章节),0.75,中,0.6
WPS灵犀邮件提示词,AI写作,AI品牌词,模板获取,邮件提示词,WPS灵犀,AI品牌词·模板获取·邮件提示词·WPS灵犀,中关联(AI+工具章节),0.9,中,0.55
WPS灵犀提示词大全,AI认知,AI品牌词,模板获取,提示词大全,WPS灵犀,AI品牌词·模板获取·提示词大全·WPS灵犀,中关联(AI+工具章节),0.75,中,0.55
WPS AI周报提示词,AI写作,AI品牌词,模板获取,周报提示词,WPS AI,AI品牌词·模板获取·周报提示词·WPS AI,中关联(AI+工具章节),0.9,中,0.55
WPS AI简历提示词,AI写作,AI品牌词,模板获取,简历提示词,WPS AI,AI品牌词·模板获取·简历提示词·WPS AI,中关联(AI+工具章节),0.9,中,0.55
WPS AI作文提示词,AI写作,AI品牌词,模板获取,作文提示词,WPS AI,AI品牌词·模板获取·作文提示词·WPS AI,中关联(AI+工具章节),0.9,中,0.55
WPS灵犀写作文模板,AI写作,AI品牌词,模板获取,写作文模板,WPS灵犀,AI品牌词·模板获取·写作文模板·WPS灵犀,中关联(AI+工具章节),0.9,中,0.6
WPS AI写日报模板,AI写作,AI品牌词,模板获取,写日报模板,WPS AI,AI品牌词·模板获取·写日报模板·WPS AI,中关联(AI+工具章节),0.9,中,0.6
WPS灵犀方案提示词,AI写作,AI品牌词,模板获取,方案提示词,WPS灵犀,AI品牌词·模板获取·方案提示词·WPS灵犀,中关联(AI+工具章节),0.9,中,0.55
WPS AI论文提示词,AI写作,AI品牌词,模板获取,论文提示词,WPS AI,AI品牌词·模板获取·论文提示词·WPS AI,中关联(AI+工具章节),0.9,中,0.55
WPS AI写周报模板,AI写作,AI品牌词,模板获取,写周报模板,WPS AI,AI品牌词·模板获取·写周报模板·WPS AI,中关联(AI+工具章节),0.9,中,0.6
WPS AI邮件提示词,AI写作,AI品牌词,模板获取,邮件提示词,WPS AI,AI品牌词·模板获取·邮件提示词·WPS AI,中关联(AI+工具章节),0.9,中,0.55
WPS AI写报告模板,AI写作,AI品牌词,模板获取,写报告模板,WPS AI,AI品牌词·模板获取·写报告模板·WPS AI,中关联(AI+工具章节),0.9,中,0.6
WPS灵犀写调研报告模板,AI写作,AI品牌词,模板获取,写调研报告模板,WPS灵犀,AI品牌词·模板获取·写调研报告模板·WPS灵犀,中关联(AI+工具章节),0.9,中,0.6
WPS AI提示词大全,AI认知,AI品牌词,模板获取,提示词大全,WPS AI,AI品牌词·模板获取·提示词大全·WPS AI,中关联(AI+工具章节),0.75,中,0.55
WPS AI写工作总结模板,AI写作,AI品牌词,模板获取,写工作总结模板,WPS AI,AI品牌词·模板获取·写工作总结模板·WPS AI,中关联(AI+工具章节),0.9,中,0.6
WPS AI做思维导图模板,AI绘图,AI品牌词,模板获取,做思维导图模板,WPS AI,AI品牌词·模板获取·做思维导图模板·WPS AI,中关联(AI+工具章节),0.85,中,0.6
WPS AI文案提示词,AI写作,AI品牌词,模板获取,文案提示词,WPS AI,AI品牌词·模板获取·文案提示词·WPS AI,中关联(AI+工具章节),0.9,中,0.55
WPS AI写脚本模板,AI写作,AI品牌词,模板获取,写脚本模板,WPS AI,AI品牌词·模板获取·写脚本模板·WPS AI,中关联(AI+工具章节),0.9,中,0.6
WPS灵犀写日记模板,AI写作,AI品牌词,模板获取,写日记模板,WPS灵犀,AI品牌词·模板获取·写日记模板·WPS灵犀,中关联(AI+工具章节),0.9,中,0.6
WPS AI写作文模板,AI写作,AI品牌词,模板获取,写作文模板,WPS AI,AI品牌词·模板获取·写作文模板·WPS AI,中关联(AI+工具章节),0.9,中,0.6
WPS AI写调研报告模板,AI写作,AI品牌词,模板获取,写调研报告模板,WPS AI,AI品牌词·模板获取·写调研报告模板·WPS AI,中关联(AI+工具章节),0.9,中,0.6
WPS灵犀写项目总结模板,AI写作,AI品牌词,模板获取,写项目总结模板,WPS灵犀,AI品牌词·模板获取·写项目总结模板·WPS灵犀,中关联(AI+工具章节),0.9,中,0.6
WPS灵犀做海报模板,AI绘图,AI品牌词,模板获取,做海报模板,WPS灵犀,AI品牌词·模板获取·做海报模板·WPS灵犀,中关联(AI+工具章节),0.85,中,0.6
WPS灵犀做思维导图模板,AI绘图,AI品牌词,模板获取,做思维导图模板,WPS灵犀,AI品牌词·模板获取·做思维导图模板·WPS灵犀,中关联(AI+工具章节),0.85,中,0.6
WPS AI写会议纪要模板,AI写作,AI品牌词,模板获取,写会议纪要模板,WPS AI,AI品牌词·模板获取·写会议纪要模板·WPS AI,中关联(AI+工具章节),0.9,中,0.6
WPS灵犀论文提示词,AI写作,AI品牌词,模板获取,论文提示词,WPS灵犀,AI品牌词·模板获取·论文提示词·WPS灵犀,中关联(AI+工具章节),0.9,中,0.55
WPS灵犀做简历模板,AI写作,AI品牌词,模板获取,做简历模板,WPS灵犀,AI品牌词·模板获取·做简历模板·WPS灵犀,中关联(AI+工具章节),0.9,中,0.6
WPS灵犀日报提示词,AI写作,AI品牌词,模板获取,日报提示词,WPS灵犀,AI品牌词·模板获取·日报提示词·WPS灵犀,中关联(AI+工具章节),0.9,中,0.55
WPS AI写演讲稿模板,AI写作,AI品牌词,模板获取,写演讲稿模板,WPS AI,AI品牌词·模板获取·写演讲稿模板·WPS AI,中关联(AI+工具章节),0.9,中,0.6
WPS AI做海报模板,AI绘图,AI品牌词,模板获取,做海报模板,WPS AI,AI品牌词·模板获取·做海报模板·WPS AI,中关联(AI+工具章节),0.85,中,0.6
WPS AI做数据图表模板,AI绘图,AI品牌词,模板获取,做数据图表模板,WPS AI,AI品牌词·模板获取·做数据图表模板·WPS AI,中关联(AI+工具章节),0.85,中,0.6
WPS AI写辞职信模板,AI写作,AI品牌词,模板获取,写辞职信模板,WPS AI,AI品牌词·模板获取·写辞职信模板·WPS AI,中关联(AI+工具章节),0.9,中,0.6
WPS灵犀写辞职信模板,AI写作,AI品牌词,模板获取,写辞职信模板,WPS灵犀,AI品牌词·模板获取·写辞职信模板·WPS灵犀,中关联(AI+工具章节),0.9,中,0.6
WPS灵犀写工作总结模板,AI写作,AI品牌词,模板获取,写工作总结模板,WPS灵犀,AI品牌词·模板获取·写工作总结模板·WPS灵犀,中关联(AI+工具章节),0.9,中,0.6
WPS灵犀写报告模板,AI写作,AI品牌词,模板获取,写报告模板,WPS灵犀,AI品牌词·模板获取·写报告模板·WPS灵犀,中关联(AI+工具章节),0.9,中,0.6
WPS AI写标题模板,AI写作,AI品牌词,模板获取,写标题模板,WPS AI,AI品牌词·模板获取·写标题模板·WPS AI,中关联(AI+工具章节),0.9,中,0.6
WPS AI做简历模板,AI写作,AI品牌词,模板获取,做简历模板,WPS AI,AI品牌词·模板获取·做简历模板·WPS AI,中关联(AI+工具章节),0.9,中,0.6
WPS灵犀写邮件模板,AI写作,AI品牌词,模板获取,写邮件模板,WPS灵犀,AI品牌词·模板获取·写邮件模板·WPS灵犀,中关联(AI+工具章节),0.9,中,0.6
WPS灵犀写方案模板,AI写作,AI品牌词,模板获取,写方案模板,WPS灵犀,AI品牌词·模板获取·写方案模板·WPS灵犀,中关联(AI+工具章节),0.9,中,0.6
WPS灵犀写日报模板,AI写作,AI品牌词,模板获取,写日报模板,WPS灵犀,AI品牌词·模板获取·写日报模板·WPS灵犀,中关联(AI+工具章节),0.9,中,0.6
WPS灵犀写论文模板,AI写作,AI品牌词,模板获取,写论文模板,WPS灵犀,AI品牌词·模板获取·写论文模板·WPS灵犀,中关联(AI+工具章节),0.9,中,0.6
WPS AI写邮件模板,AI写作,AI品牌词,模板获取,写邮件模板,WPS AI,AI品牌词·模板获取·写邮件模板·WPS AI,中关联(AI+工具章节),0.9,中,0.6
WPS AI方案提示词,AI写作,AI品牌词,模板获取,方案提示词,WPS AI,AI品牌词·模板获取·方案提示词·WPS AI,中关联(AI+工具章节),0.9,中,0.55
WPS灵犀写文案模板,AI写作,AI品牌词,模板获取,写文案模板,WPS灵犀,AI品牌词·模板获取·写文案模板·WPS灵犀,中关联(AI+工具章节),0.9,中,0.6
WPS AI写日记模板,AI写作,AI品牌词,模板获取,写日记模板,WPS AI,AI品牌词·模板获取·写日记模板·WPS AI,中关联(AI+工具章节),0.9,中,0.6
WPS AI写公文模板,AI写作,AI品牌词,模板获取,写公文模板,WPS AI,AI品牌词·模板获取·写公文模板·WPS AI,中关联(AI+工具章节),0.9,中,0.6
WPS灵犀工作总结提示词,AI写作,AI品牌词,模板获取,工作总结提示词,WPS灵犀,AI品牌词·模板获取·工作总结提示词·WPS灵犀,中关联(AI+工具章节),0.9,中,0.55
WPS灵犀prompt模板,AI认知,AI品牌词,模板获取,prompt模板,WPS灵犀,AI品牌词·模板获取·prompt模板·WPS灵犀,中关联(AI+工具章节),0.75,中,0.6
WPS灵犀写简历模板,AI写作,AI品牌词,模板获取,写简历模板,WPS灵犀,AI品牌词·模板获取·写简历模板·WPS灵犀,中关联(AI+工具章节),0.9,中,0.6
WPS AI公文提示词,AI写作,AI品牌词,模板获取,公文提示词,WPS AI,AI品牌词·模板获取·公文提示词·WPS AI,中关联(AI+工具章节),0.9,中,0.55
WPS灵犀作文提示词,AI写作,AI品牌词,模板获取,作文提示词,WPS灵犀,AI品牌词·模板获取·作文提示词·WPS灵犀,中关联(AI+工具章节),0.9,中,0.55
WPS灵犀简历提示词,AI写作,AI品牌词,模板获取,简历提示词,WPS灵犀,AI品牌词·模板获取·简历提示词·WPS灵犀,中关联(AI+工具章节),0.9,中,0.55
AI做思维导图模板,AI绘图,AI场景词,模板获取,做思维导图,AI,AI场景词·模板获取·做思维导图·AI,中关联(AI+工具章节),0.85,中,0.6
AI辞职信提示词,AI认知,AI场景词,模板获取,辞职信,AI,AI场景词·模板获取·辞职信·AI,中关联(AI+工具章节),0.75,中,0.6
AI写小说模板,AI写作,AI场景词,模板获取,写小说,AI,AI场景词·模板获取·写小说·AI,中关联(AI+工具章节),0.9,中,0.6
AI工作总结提示词,AI写作,AI场景词,模板获取,工作总结,AI,AI场景词·模板获取·工作总结·AI,中关联(AI+工具章节),0.9,中,0.6
AI写项目总结模板,AI写作,AI场景词,模板获取,写项目总结,AI,AI场景词·模板获取·写项目总结·AI,中关联(AI+工具章节),0.9,中,0.6
AI生成壁纸模板,AI绘图,AI场景词,模板获取,生成壁纸,AI,AI场景词·模板获取·生成壁纸·AI,中关联(AI+工具章节),0.85,中,0.6
AI脚本提示词,AI写作,AI场景词,模板获取,脚本,AI,AI场景词·模板获取·脚本·AI,中关联(AI+工具章节),0.9,中,0.6
AI文案提示词,AI写作,AI场景词,模板获取,文案,AI,AI场景词·模板获取·文案·AI,中关联(AI+工具章节),0.9,中,0.6
AI公文提示词,AI写作,AI场景词,模板获取,公文,AI,AI场景词·模板获取·公文·AI,中关联(AI+工具章节),0.9,中,0.6
AI方案提示词,AI写作,AI场景词,模板获取,方案,AI,AI场景词·模板获取·方案·AI,中关联(AI+工具章节),0.9,中,0.6
AI写会议纪要模板,AI写作,AI场景词,模板获取,写会议纪要,AI,AI场景词·模板获取·写会议纪要·AI,中关联(AI+工具章节),0.9,中,0.6
AI写读后感模板,AI写作,AI场景词,模板获取,写读后感,AI,AI场景词·模板获取·写读后感·AI,中关联(AI+工具章节),0.9,中,0.6
AI写辞职信模板,AI写作,AI场景词,模板获取,写辞职信,AI,AI场景词·模板获取·写辞职信·AI,中关联(AI+工具章节),0.9,中,0.6
AI做数据图表模板,AI绘图,AI场景词,模板获取,做数据图表,AI,AI场景词·模板获取·做数据图表·AI,中关联(AI+工具章节),0.85,中,0.6
AI做商品图模板,AI绘图,AI场景词,模板获取,做商品图,AI,AI场景词·模板获取·做商品图·AI,中关联(AI+工具章节),0.85,中,0.6
AI写简历模板,AI写作,AI场景词,模板获取,写简历,AI,AI场景词·模板获取·写简历·AI,中关联(AI+工具章节),0.9,中,0.6
AI写论文模板,AI写作,AI场景词,模板获取,写论文,AI,AI场景词·模板获取·写论文·AI,中关联(AI+工具章节),0.9,中,0.6
AI调研报告提示词,AI写作,AI场景词,模板获取,调研报告,AI,AI场景词·模板获取·调研报告·AI,中关联(AI+工具章节),0.9,中,0.6
AI绘图prompt,AI绘图,AI场景词,模板获取,绘图,AI,AI场景词·模板获取·绘图·AI,中关联(AI+工具章节),0.85,中,0.6
AI写合同模板,AI写作,AI场景词,模板获取,写合同,AI,AI场景词·模板获取·写合同·AI,中关联(AI+工具章节),0.9,中,0.6
AI写演讲稿模板,AI写作,AI场景词,模板获取,写演讲稿,AI,AI场景词·模板获取·写演讲稿·AI,中关联(AI+工具章节),0.9,中,0.6
AI写作文模板,AI写作,AI场景词,模板获取,写作文,AI,AI场景词·模板获取·写作文·AI,中关联(AI+工具章节),0.9,中,0.6
AI写标题模板,AI写作,AI场景词,模板获取,写标题,AI,AI场景词·模板获取·写标题·AI,中关联(AI+工具章节),0.9,中,0.6
AI生成插画模板,AI绘图,AI场景词,模板获取,生成插画,AI,AI场景词·模板获取·生成插画·AI,中关联(AI+工具章节),0.85,中,0.6
AI生成表情包模板,AI绘图,AI场景词,模板获取,生成表情包,AI,AI场景词·模板获取·生成表情包·AI,中关联(AI+工具章节),0.85,中,0.6
AI写方案模板,AI写作,AI场景词,模板获取,写方案,AI,AI场景词·模板获取·写方案·AI,中关联(AI+工具章节),0.9,中,0.6
AI做证件照模板,AI绘图,AI场景词,模板获取,做证件照,AI,AI场景词·模板获取·做证件照·AI,中关联(AI+工具章节),0.85,中,0.6
AI简历提示词,AI写作,AI场景词,模板获取,简历,AI,AI场景词·模板获取·简历·AI,中关联(AI+工具章节),0.9,中,0.6
AI通知提示词,AI写作,AI场景词,模板获取,通知,AI,AI场景词·模板获取·通知·AI,中关联(AI+工具章节),0.9,中,0.6
AI演讲稿提示词,AI写作,AI场景词,模板获取,演讲稿,AI,AI场景词·模板获取·演讲稿·AI,中关联(AI+工具章节),0.9,中,0.6
AI提示词模板,AI认知,AI场景词,模板获取,模板,AI,AI场景词·模板获取·模板·AI,中关联(AI+工具章节),0.75,中,0.6
AI写调研报告模板,AI写作,AI场景词,模板获取,写调研报告,AI,AI场景词·模板获取·写调研报告·AI,中关联(AI+工具章节),0.9,中,0.6
AI写邮件模板,AI写作,AI场景词,模板获取,写邮件,AI,AI场景词·模板获取·写邮件·AI,中关联(AI+工具章节),0.9,中,0.6
AI项目总结提示词,AI写作,AI场景词,模板获取,项目总结,AI,AI场景词·模板获取·项目总结·AI,中关联(AI+工具章节),0.9,中,0.6
AI写周报模板,AI写作,AI场景词,模板获取,写周报,AI,AI场景词·模板获取·写周报·AI,中关联(AI+工具章节),0.9,中,0.6
AI写通知模板,AI写作,AI场景词,模板获取,写通知,AI,AI场景词·模板获取·写通知·AI,中关联(AI+工具章节),0.9,中,0.6
AI提示词大全,AI认知,AI场景词,模板获取,大全,AI,AI场景词·模板获取·大全·AI,中关联(AI+工具章节),0.75,中,0.6
AI做简历模板,AI写作,AI场景词,模板获取,做简历,AI,AI场景词·模板获取·做简历·AI,中关联(AI+工具章节),0.9,中,0.6
AI做logo模板,AI绘图,AI场景词,模板获取,做logo,AI,AI场景词·模板获取·做logo·AI,中关联(AI+工具章节),0.85,中,0.6
AI小说提示词,AI写作,AI场景词,模板获取,小说,AI,AI场景词·模板获取·小说·AI,中关联(AI+工具章节),0.9,中,0.6
AI读后感提示词,AI写作,AI场景词,模板获取,读后感,AI,AI场景词·模板获取·读后感·AI,中关联(AI+工具章节),0.9,中,0.6
AI写工作总结模板,AI写作,AI场景词,模板获取,写工作总结,AI,AI场景词·模板获取·写工作总结·AI,中关联(AI+工具章节),0.9,中,0.6
AI写日报模板,AI写作,AI场景词,模板获取,写日报,AI,AI场景词·模板获取·写日报·AI,中关联(AI+工具章节),0.9,中,0.6
AI日记提示词,AI写作,AI场景词,模板获取,日记,AI,AI场景词·模板获取·日记·AI,中关联(AI+工具章节),0.9,中,0.6
AI写日记模板,AI写作,AI场景词,模板获取,写日记,AI,AI场景词·模板获取·写日记·AI,中关联(AI+工具章节),0.9,中,0.6
AI日报提示词,AI写作,AI场景词,模板获取,日报,AI,AI场景词·模板获取·日报·AI,中关联(AI+工具章节),0.9,中,0.6
AI做海报模板,AI绘图,AI场景词,模板获取,做海报,AI,AI场景词·模板获取·做海报·AI,中关联(AI+工具章节),0.85,中,0.6
AI生成头像模板,AI绘图,AI场景词,模板获取,生成头像,AI,AI场景词·模板获取·生成头像·AI,中关联(AI+工具章节),0.85,中,0.6
AI邮件提示词,AI写作,AI场景词,模板获取,邮件,AI,AI场景词·模板获取·邮件·AI,中关联(AI+工具章节),0.9,中,0.6
AI合同提示词,AI认知,AI场景词,模板获取,合同,AI,AI场景词·模板获取·合同·AI,中关联(AI+工具章节),0.75,中,0.6
AI标题提示词,AI写作,AI场景词,模板获取,标题,AI,AI场景词·模板获取·标题·AI,中关联(AI+工具章节),0.9,中,0.6
AI写公文模板,AI写作,AI场景词,模板获取,写公文,AI,AI场景词·模板获取·写公文·AI,中关联(AI+工具章节),0.9,中,0.6
AI写报告模板,AI写作,AI场景词,模板获取,写报告,AI,AI场景词·模板获取·写报告·AI,中关联(AI+工具章节),0.9,中,0.6
AI论文提示词,AI写作,AI场景词,模板获取,论文,AI,AI场景词·模板获取·论文·AI,中关联(AI+工具章节),0.9,中,0.6
AI写文案模板,AI写作,AI场景词,模板获取,写文案,AI,AI场景词·模板获取·写文案·AI,中关联(AI+工具章节),0.9,中,0.6
AI作文提示词,AI写作,AI场景词,模板获取,作文,AI,AI场景词·模板获取·作文·AI,中关联(AI+工具章节),0.9,中,0.6
AI做表格模板,AI办公,AI场景词,模板获取,做表格,AI,AI场景词·模板获取·做表格·AI,中关联(AI+工具章节),0.88,中,0.6
AI会议纪要提示词,AI办公,AI场景词,模板获取,会议纪要,AI,AI场景词·模板获取·会议纪要·AI,中关联(AI+工具章节),0.88,中,0.6
AI周报提示词,AI写作,AI场景词,模板获取,周报,AI,AI场景词·模板获取·周报·AI,中关联(AI+工具章节),0.9,中,0.6
AI做ppt模板,AI办公,AI场景词,模板获取,做ppt,AI,AI场景词·模板获取·做ppt·AI,中关联(AI+工具章节),0.88,中,0.6
AI写作prompt,AI写作,AI场景词,模板获取,写作,AI,AI场景词·模板获取·写作·AI,中关联(AI+工具章节),0.9,中,0.6
AI报告提示词,AI写作,AI场景词,模板获取,报告,AI,AI场景词·模板获取·报告·AI,中关联(AI+工具章节),0.9,中,0.6
AI写脚本模板,AI写作,AI场景词,模板获取,写脚本,AI,AI场景词·模板获取·写脚本·AI,中关联(AI+工具章节),0.9,中,0.6
ChatGPT是什么,大模型,AI竞品词,品牌认知,是什么,ChatGPT,AI竞品词·品牌认知·是什么·ChatGPT,高关联(整篇AI),0.82,高,0.97
ChatGPT功能介绍,大模型,AI竞品词,品牌认知,功能介绍,ChatGPT,AI竞品词·品牌认知·功能介绍·ChatGPT,高关联(整篇AI),0.82,高,0.97
ChatGPT官网,大模型,AI竞品词,官网下载,官网,ChatGPT,AI竞品词·官网下载·官网·ChatGPT,高关联(整篇AI),0.82,高,0.97
ChatGPT下载,大模型,AI竞品词,官网下载,下载,ChatGPT,AI竞品词·官网下载·下载·ChatGPT,高关联(整篇AI),0.82,高,0.78
ChatGPT怎么用,大模型,AI竞品词,教程操作,怎么用,ChatGPT,AI竞品词·教程操作·怎么用·ChatGPT,中关联(AI+工具章节),0.82,高,0.78
ChatGPT使用教程,大模型,AI竞品词,教程操作,使用教程,ChatGPT,AI竞品词·教程操作·使用教程·ChatGPT,中关联(AI+工具章节),0.82,中,0.73
ChatGPT哪个好,大模型,AI竞品词,功能对比,哪个好,ChatGPT,AI竞品词·功能对比·哪个好·ChatGPT,中关联(AI+工具章节),0.82,高,0.82
ChatGPT评测,大模型,AI竞品词,功能对比,评测,ChatGPT,AI竞品词·功能对比·评测·ChatGPT,中关联(AI+工具章节),0.82,中,0.68
ChatGPT写周报,AI写作,AI竞品词,场景应用,写周报,ChatGPT,AI竞品词·场景应用·写周报·ChatGPT,中关联(AI+工具章节),0.9,低,0.48
ChatGPT写论文,AI写作,AI竞品词,场景应用,写论文,ChatGPT,AI竞品词·场景应用·写论文·ChatGPT,中关联(AI+工具章节),0.9,低,0.48
Gemini是什么,AI认知,AI竞品词,品牌认知,是什么,Gemini,AI竞品词·品牌认知·是什么·Gemini,高关联(整篇AI),0.75,高,0.96
Gemini功能介绍,AI认知,AI竞品词,品牌认知,功能介绍,Gemini,AI竞品词·品牌认知·功能介绍·Gemini,高关联(整篇AI),0.75,高,0.96
Gemini官网,AI认知,AI竞品词,官网下载,官网,Gemini,AI竞品词·官网下载·官网·Gemini,高关联(整篇AI),0.75,高,0.96
Gemini下载,AI认知,AI竞品词,官网下载,下载,Gemini,AI竞品词·官网下载·下载·Gemini,高关联(整篇AI),0.75,高,0.77
Gemini怎么用,AI认知,AI竞品词,教程操作,怎么用,Gemini,AI竞品词·教程操作·怎么用·Gemini,中关联(AI+工具章节),0.75,高,0.77
Gemini使用教程,AI认知,AI竞品词,教程操作,使用教程,Gemini,AI竞品词·教程操作·使用教程·Gemini,中关联(AI+工具章节),0.75,中,0.72
Gemini哪个好,AI认知,AI竞品词,功能对比,哪个好,Gemini,AI竞品词·功能对比·哪个好·Gemini,中关联(AI+工具章节),0.75,高,0.82
Gemini评测,AI认知,AI竞品词,功能对比,评测,Gemini,AI竞品词·功能对比·评测·Gemini,中关联(AI+工具章节),0.75,中,0.67
Gemini写周报,AI写作,AI竞品词,场景应用,写周报,Gemini,AI竞品词·场景应用·写周报·Gemini,中关联(AI+工具章节),0.9,低,0.48
Gemini写论文,AI写作,AI竞品词,场景应用,写论文,Gemini,AI竞品词·场景应用·写论文·Gemini,中关联(AI+工具章节),0.9,低,0.48
Claude是什么,AI认知,AI竞品词,品牌认知,是什么,Claude,AI竞品词·品牌认知·是什么·Claude,高关联(整篇AI),0.75,高,0.95
Claude功能介绍,AI认知,AI竞品词,品牌认知,功能介绍,Claude,AI竞品词·品牌认知·功能介绍·Claude,高关联(整篇AI),0.75,高,0.95
Claude官网,AI认知,AI竞品词,官网下载,官网,Claude,AI竞品词·官网下载·官网·Claude,高关联(整篇AI),0.75,高,0.95
Claude下载,AI认知,AI竞品词,官网下载,下载,Claude,AI竞品词·官网下载·下载·Claude,高关联(整篇AI),0.75,高,0.76
Claude怎么用,AI认知,AI竞品词,教程操作,怎么用,Claude,AI竞品词·教程操作·怎么用·Claude,中关联(AI+工具章节),0.75,高,0.76
Claude使用教程,AI认知,AI竞品词,教程操作,使用教程,Claude,AI竞品词·教程操作·使用教程·Claude,中关联(AI+工具章节),0.75,中,0.71
Claude哪个好,AI认知,AI竞品词,功能对比,哪个好,Claude,AI竞品词·功能对比·哪个好·Claude,中关联(AI+工具章节),0.75,高,0.81
Claude评测,AI认知,AI竞品词,功能对比,评测,Claude,AI竞品词·功能对比·评测·Claude,中关联(AI+工具章节),0.75,中,0.66
Claude写周报,AI写作,AI竞品词,场景应用,写周报,Claude,AI竞品词·场景应用·写周报·Claude,中关联(AI+工具章节),0.9,低,0.47
Claude写论文,AI写作,AI竞品词,场景应用,写论文,Claude,AI竞品词·场景应用·写论文·Claude,中关联(AI+工具章节),0.9,低,0.47
豆包是什么,AI认知,AI竞品词,品牌认知,是什么,豆包,AI竞品词·品牌认知·是什么·豆包,高关联(整篇AI),0.75,高,0.95
豆包功能介绍,AI认知,AI竞品词,品牌认知,功能介绍,豆包,AI竞品词·品牌认知·功能介绍·豆包,高关联(整篇AI),0.75,高,0.95
豆包官网,AI认知,AI竞品词,官网下载,官网,豆包,AI竞品词·官网下载·官网·豆包,高关联(整篇AI),0.75,高,0.95
豆包下载,AI认知,AI竞品词,官网下载,下载,豆包,AI竞品词·官网下载·下载·豆包,高关联(整篇AI),0.75,高,0.76
豆包怎么用,AI认知,AI竞品词,教程操作,怎么用,豆包,AI竞品词·教程操作·怎么用·豆包,中关联(AI+工具章节),0.75,高,0.76
豆包使用教程,AI认知,AI竞品词,教程操作,使用教程,豆包,AI竞品词·教程操作·使用教程·豆包,中关联(AI+工具章节),0.75,中,0.71
豆包哪个好,AI认知,AI竞品词,功能对比,哪个好,豆包,AI竞品词·功能对比·哪个好·豆包,中关联(AI+工具章节),0.75,高,0.81
豆包评测,AI认知,AI竞品词,功能对比,评测,豆包,AI竞品词·功能对比·评测·豆包,中关联(AI+工具章节),0.75,中,0.66
豆包写周报,AI写作,AI竞品词,场景应用,写周报,豆包,AI竞品词·场景应用·写周报·豆包,中关联(AI+工具章节),0.9,低,0.47
豆包写论文,AI写作,AI竞品词,场景应用,写论文,豆包,AI竞品词·场景应用·写论文·豆包,中关联(AI+工具章节),0.9,低,0.47
DeepSeek是什么,大模型,AI竞品词,品牌认知,是什么,DeepSeek,AI竞品词·品牌认知·是什么·DeepSeek,高关联(整篇AI),0.82,高,0.93
DeepSeek功能介绍,大模型,AI竞品词,品牌认知,功能介绍,DeepSeek,AI竞品词·品牌认知·功能介绍·DeepSeek,高关联(整篇AI),0.82,高,0.93
DeepSeek官网,大模型,AI竞品词,官网下载,官网,DeepSeek,AI竞品词·官网下载·官网·DeepSeek,高关联(整篇AI),0.82,高,0.93
DeepSeek下载,大模型,AI竞品词,官网下载,下载,DeepSeek,AI竞品词·官网下载·下载·DeepSeek,高关联(整篇AI),0.82,中,0.74
DeepSeek怎么用,大模型,AI竞品词,教程操作,怎么用,DeepSeek,AI竞品词·教程操作·怎么用·DeepSeek,中关联(AI+工具章节),0.82,中,0.74
DeepSeek本地部署,大模型,AI竞品词,教程操作,本地部署,DeepSeek,AI竞品词·教程操作·本地部署·DeepSeek,中关联(AI+工具章节),0.82,中,0.74
DeepSeek哪个好,大模型,AI竞品词,功能对比,哪个好,DeepSeek,AI竞品词·功能对比·哪个好·DeepSeek,中关联(AI+工具章节),0.82,高,0.79
DeepSeek评测,大模型,AI竞品词,功能对比,评测,DeepSeek,AI竞品词·功能对比·评测·DeepSeek,中关联(AI+工具章节),0.82,中,0.65
DeepSeek写周报,AI写作,AI竞品词,场景应用,写周报,DeepSeek,AI竞品词·场景应用·写周报·DeepSeek,中关联(AI+工具章节),0.9,低,0.47
DeepSeek写论文,AI写作,AI竞品词,场景应用,写论文,DeepSeek,AI竞品词·场景应用·写论文·DeepSeek,中关联(AI+工具章节),0.9,低,0.47
千问是什么,大模型,AI竞品词,品牌认知,是什么,千问,AI竞品词·品牌认知·是什么·千问,高关联(整篇AI),0.82,高,0.9
千问功能介绍,大模型,AI竞品词,品牌认知,功能介绍,千问,AI竞品词·品牌认知·功能介绍·千问,高关联(整篇AI),0.82,高,0.9
千问官网,大模型,AI竞品词,官网下载,官网,千问,AI竞品词·官网下载·官网·千问,高关联(整篇AI),0.82,高,0.9
千问下载,大模型,AI竞品词,官网下载,下载,千问,AI竞品词·官网下载·下载·千问,高关联(整篇AI),0.82,中,0.72
千问怎么用,大模型,AI竞品词,教程操作,怎么用,千问,AI竞品词·教程操作·怎么用·千问,中关联(AI+工具章节),0.82,中,0.72
千问使用教程,大模型,AI竞品词,教程操作,使用教程,千问,AI竞品词·教程操作·使用教程·千问,中关联(AI+工具章节),0.82,中,0.68
千问哪个好,大模型,AI竞品词,功能对比,哪个好,千问,AI竞品词·功能对比·哪个好·千问,中关联(AI+工具章节),0.82,高,0.77
千问评测,大模型,AI竞品词,功能对比,评测,千问,AI竞品词·功能对比·评测·千问,中关联(AI+工具章节),0.82,中,0.63
千问写周报,AI写作,AI竞品词,场景应用,写周报,千问,AI竞品词·场景应用·写周报·千问,中关联(AI+工具章节),0.9,低,0.45
千问写论文,AI写作,AI竞品词,场景应用,写论文,千问,AI竞品词·场景应用·写论文·千问,中关联(AI+工具章节),0.9,低,0.45
通义千问是什么,大模型,AI竞品词,品牌认知,是什么,通义千问,AI竞品词·品牌认知·是什么·通义千问,高关联(整篇AI),0.82,高,0.9
通义千问功能介绍,大模型,AI竞品词,品牌认知,功能介绍,通义千问,AI竞品词·品牌认知·功能介绍·通义千问,高关联(整篇AI),0.82,高,0.9
通义千问官网,大模型,AI竞品词,官网下载,官网,通义千问,AI竞品词·官网下载·官网·通义千问,高关联(整篇AI),0.82,高,0.9
通义千问下载,大模型,AI竞品词,官网下载,下载,通义千问,AI竞品词·官网下载·下载·通义千问,高关联(整篇AI),0.82,中,0.72
通义千问怎么用,大模型,AI竞品词,教程操作,怎么用,通义千问,AI竞品词·教程操作·怎么用·通义千问,中关联(AI+工具章节),0.82,中,0.72
通义千问使用教程,大模型,AI竞品词,教程操作,使用教程,通义千问,AI竞品词·教程操作·使用教程·通义千问,中关联(AI+工具章节),0.82,中,0.68
通义千问哪个好,大模型,AI竞品词,功能对比,哪个好,通义千问,AI竞品词·功能对比·哪个好·通义千问,中关联(AI+工具章节),0.82,高,0.77
通义千问评测,大模型,AI竞品词,功能对比,评测,通义千问,AI竞品词·功能对比·评测·通义千问,中关联(AI+工具章节),0.82,中,0.63
通义千问写周报,AI写作,AI竞品词,场景应用,写周报,通义千问,AI竞品词·场景应用·写周报·通义千问,中关联(AI+工具章节),0.9,低,0.45
通义千问写论文,AI写作,AI竞品词,场景应用,写论文,通义千问,AI竞品词·场景应用·写论文·通义千问,中关联(AI+工具章节),0.9,低,0.45
Kimi是什么,AI认知,AI竞品词,品牌认知,是什么,Kimi,AI竞品词·品牌认知·是什么·Kimi,高关联(整篇AI),0.75,高,0.88
Kimi功能介绍,AI认知,AI竞品词,品牌认知,功能介绍,Kimi,AI竞品词·品牌认知·功能介绍·Kimi,高关联(整篇AI),0.75,高,0.88
Kimi官网,AI认知,AI竞品词,官网下载,官网,Kimi,AI竞品词·官网下载·官网·Kimi,高关联(整篇AI),0.75,高,0.88
Kimi下载,AI认知,AI竞品词,官网下载,下载,Kimi,AI竞品词·官网下载·下载·Kimi,高关联(整篇AI),0.75,中,0.7
Kimi怎么用,AI认知,AI竞品词,教程操作,怎么用,Kimi,AI竞品词·教程操作·怎么用·Kimi,中关联(AI+工具章节),0.75,中,0.7
Kimi使用教程,AI认知,AI竞品词,教程操作,使用教程,Kimi,AI竞品词·教程操作·使用教程·Kimi,中关联(AI+工具章节),0.75,中,0.66
Kimi哪个好,AI认知,AI竞品词,功能对比,哪个好,Kimi,AI竞品词·功能对比·哪个好·Kimi,中关联(AI+工具章节),0.75,中,0.75
Kimi评测,AI认知,AI竞品词,功能对比,评测,Kimi,AI竞品词·功能对比·评测·Kimi,中关联(AI+工具章节),0.75,中,0.62
Kimi写周报,AI写作,AI竞品词,场景应用,写周报,Kimi,AI竞品词·场景应用·写周报·Kimi,中关联(AI+工具章节),0.9,长尾极低,0.44
Kimi写论文,AI写作,AI竞品词,场景应用,写论文,Kimi,AI竞品词·场景应用·写论文·Kimi,中关联(AI+工具章节),0.9,长尾极低,0.44
腾讯元宝是什么,AI认知,AI竞品词,品牌认知,是什么,腾讯元宝,AI竞品词·品牌认知·是什么·腾讯元宝,高关联(整篇AI),0.75,高,0.86
腾讯元宝功能介绍,AI认知,AI竞品词,品牌认知,功能介绍,腾讯元宝,AI竞品词·品牌认知·功能介绍·腾讯元宝,高关联(整篇AI),0.75,高,0.86
腾讯元宝官网,AI认知,AI竞品词,官网下载,官网,腾讯元宝,AI竞品词·官网下载·官网·腾讯元宝,高关联(整篇AI),0.75,高,0.86
腾讯元宝下载,AI认知,AI竞品词,官网下载,下载,腾讯元宝,AI竞品词·官网下载·下载·腾讯元宝,高关联(整篇AI),0.75,中,0.69
腾讯元宝怎么用,AI认知,AI竞品词,教程操作,怎么用,腾讯元宝,AI竞品词·教程操作·怎么用·腾讯元宝,中关联(AI+工具章节),0.75,中,0.69
腾讯元宝使用教程,AI认知,AI竞品词,教程操作,使用教程,腾讯元宝,AI竞品词·教程操作·使用教程·腾讯元宝,中关联(AI+工具章节),0.75,中,0.65
腾讯元宝哪个好,AI认知,AI竞品词,功能对比,哪个好,腾讯元宝,AI竞品词·功能对比·哪个好·腾讯元宝,中关联(AI+工具章节),0.75,中,0.73
腾讯元宝评测,AI认知,AI竞品词,功能对比,评测,腾讯元宝,AI竞品词·功能对比·评测·腾讯元宝,中关联(AI+工具章节),0.75,中,0.6
腾讯元宝写周报,AI写作,AI竞品词,场景应用,写周报,腾讯元宝,AI竞品词·场景应用·写周报·腾讯元宝,中关联(AI+工具章节),0.9,长尾极低,0.43
腾讯元宝写论文,AI写作,AI竞品词,场景应用,写论文,腾讯元宝,AI竞品词·场景应用·写论文·腾讯元宝,中关联(AI+工具章节),0.9,长尾极低,0.43
文心一言是什么,AI认知,AI竞品词,品牌认知,是什么,文心一言,AI竞品词·品牌认知·是什么·文心一言,高关联(整篇AI),0.75,高,0.85
文心一言功能介绍,AI认知,AI竞品词,品牌认知,功能介绍,文心一言,AI竞品词·品牌认知·功能介绍·文心一言,高关联(整篇AI),0.75,高,0.85
文心一言官网,AI认知,AI竞品词,官网下载,官网,文心一言,AI竞品词·官网下载·官网·文心一言,高关联(整篇AI),0.75,高,0.85
文心一言下载,AI认知,AI竞品词,官网下载,下载,文心一言,AI竞品词·官网下载·下载·文心一言,高关联(整篇AI),0.75,中,0.68
文心一言怎么用,AI认知,AI竞品词,教程操作,怎么用,文心一言,AI竞品词·教程操作·怎么用·文心一言,中关联(AI+工具章节),0.75,中,0.68
文心一言使用教程,AI认知,AI竞品词,教程操作,使用教程,文心一言,AI竞品词·教程操作·使用教程·文心一言,中关联(AI+工具章节),0.75,中,0.64
文心一言哪个好,AI认知,AI竞品词,功能对比,哪个好,文心一言,AI竞品词·功能对比·哪个好·文心一言,中关联(AI+工具章节),0.75,中,0.72
文心一言评测,AI认知,AI竞品词,功能对比,评测,文心一言,AI竞品词·功能对比·评测·文心一言,中关联(AI+工具章节),0.75,低,0.59
文心一言写周报,AI写作,AI竞品词,场景应用,写周报,文心一言,AI竞品词·场景应用·写周报·文心一言,中关联(AI+工具章节),0.9,长尾极低,0.42
文心一言写论文,AI写作,AI竞品词,场景应用,写论文,文心一言,AI竞品词·场景应用·写论文·文心一言,中关联(AI+工具章节),0.9,长尾极低,0.42
讯飞星火是什么,AI认知,AI竞品词,品牌认知,是什么,讯飞星火,AI竞品词·品牌认知·是什么·讯飞星火,高关联(整篇AI),0.75,高,0.82
讯飞星火功能介绍,AI认知,AI竞品词,品牌认知,功能介绍,讯飞星火,AI竞品词·品牌认知·功能介绍·讯飞星火,高关联(整篇AI),0.75,高,0.82
讯飞星火官网,AI认知,AI竞品词,官网下载,官网,讯飞星火,AI竞品词·官网下载·官网·讯飞星火,高关联(整篇AI),0.75,高,0.82
讯飞星火下载,AI认知,AI竞品词,官网下载,下载,讯飞星火,AI竞品词·官网下载·下载·讯飞星火,高关联(整篇AI),0.75,中,0.66
讯飞星火怎么用,AI认知,AI竞品词,教程操作,怎么用,讯飞星火,AI竞品词·教程操作·怎么用·讯飞星火,中关联(AI+工具章节),0.75,中,0.66
讯飞星火使用教程,AI认知,AI竞品词,教程操作,使用教程,讯飞星火,AI竞品词·教程操作·使用教程·讯飞星火,中关联(AI+工具章节),0.75,中,0.61
讯飞星火哪个好,AI认知,AI竞品词,功能对比,哪个好,讯飞星火,AI竞品词·功能对比·哪个好·讯飞星火,中关联(AI+工具章节),0.75,中,0.7
讯飞星火评测,AI认知,AI竞品词,功能对比,评测,讯飞星火,AI竞品词·功能对比·评测·讯飞星火,中关联(AI+工具章节),0.75,低,0.57
讯飞星火写周报,AI写作,AI竞品词,场景应用,写周报,讯飞星火,AI竞品词·场景应用·写周报·讯飞星火,中关联(AI+工具章节),0.9,长尾极低,0.41
讯飞星火写论文,AI写作,AI竞品词,场景应用,写论文,讯飞星火,AI竞品词·场景应用·写论文·讯飞星火,中关联(AI+工具章节),0.9,长尾极低,0.41
智谱清言是什么,AI认知,AI竞品词,品牌认知,是什么,智谱清言,AI竞品词·品牌认知·是什么·智谱清言,高关联(整篇AI),0.75,高,0.8
智谱清言功能介绍,AI认知,AI竞品词,品牌认知,功能介绍,智谱清言,AI竞品词·品牌认知·功能介绍·智谱清言,高关联(整篇AI),0.75,高,0.8
智谱清言官网,AI认知,AI竞品词,官网下载,官网,智谱清言,AI竞品词·官网下载·官网·智谱清言,高关联(整篇AI),0.75,高,0.8
智谱清言下载,AI认知,AI竞品词,官网下载,下载,智谱清言,AI竞品词·官网下载·下载·智谱清言,高关联(整篇AI),0.75,中,0.64
智谱清言怎么用,AI认知,AI竞品词,教程操作,怎么用,智谱清言,AI竞品词·教程操作·怎么用·智谱清言,中关联(AI+工具章节),0.75,中,0.64
智谱清言使用教程,AI认知,AI竞品词,教程操作,使用教程,智谱清言,AI竞品词·教程操作·使用教程·智谱清言,中关联(AI+工具章节),0.75,中,0.6
智谱清言哪个好,AI认知,AI竞品词,功能对比,哪个好,智谱清言,AI竞品词·功能对比·哪个好·智谱清言,中关联(AI+工具章节),0.75,中,0.68
智谱清言评测,AI认知,AI竞品词,功能对比,评测,智谱清言,AI竞品词·功能对比·评测·智谱清言,中关联(AI+工具章节),0.75,低,0.56
智谱清言写周报,AI写作,AI竞品词,场景应用,写周报,智谱清言,AI竞品词·场景应用·写周报·智谱清言,中关联(AI+工具章节),0.9,长尾极低,0.4
智谱清言写论文,AI写作,AI竞品词,场景应用,写论文,智谱清言,AI竞品词·场景应用·写论文·智谱清言,中关联(AI+工具章节),0.9,长尾极低,0.4
Grok是什么,AI认知,AI竞品词,品牌认知,是什么,Grok,AI竞品词·品牌认知·是什么·Grok,高关联(整篇AI),0.75,高,0.82
Grok功能介绍,AI认知,AI竞品词,品牌认知,功能介绍,Grok,AI竞品词·品牌认知·功能介绍·Grok,高关联(整篇AI),0.75,高,0.82
Grok官网,AI认知,AI竞品词,官网下载,官网,Grok,AI竞品词·官网下载·官网·Grok,高关联(整篇AI),0.75,高,0.82
Grok下载,AI认知,AI竞品词,官网下载,下载,Grok,AI竞品词·官网下载·下载·Grok,高关联(整篇AI),0.75,中,0.66
Grok怎么用,AI认知,AI竞品词,教程操作,怎么用,Grok,AI竞品词·教程操作·怎么用·Grok,中关联(AI+工具章节),0.75,中,0.66
Grok使用教程,AI认知,AI竞品词,教程操作,使用教程,Grok,AI竞品词·教程操作·使用教程·Grok,中关联(AI+工具章节),0.75,中,0.61
Grok哪个好,AI认知,AI竞品词,功能对比,哪个好,Grok,AI竞品词·功能对比·哪个好·Grok,中关联(AI+工具章节),0.75,中,0.7
Grok评测,AI认知,AI竞品词,功能对比,评测,Grok,AI竞品词·功能对比·评测·Grok,中关联(AI+工具章节),0.75,低,0.57
Grok写周报,AI写作,AI竞品词,场景应用,写周报,Grok,AI竞品词·场景应用·写周报·Grok,中关联(AI+工具章节),0.9,长尾极低,0.41
Grok写论文,AI写作,AI竞品词,场景应用,写论文,Grok,AI竞品词·场景应用·写论文·Grok,中关联(AI+工具章节),0.9,长尾极低,0.41
Character AI是什么,AI认知,AI竞品词,品牌认知,是什么,Character AI,AI竞品词·品牌认知·是什么·Character AI,高关联(整篇AI),0.75,高,0.78
Character AI官网,AI认知,AI竞品词,官网下载,官网,Character AI,AI竞品词·官网下载·官网·Character AI,高关联(整篇AI),0.75,高,0.78
Character AI怎么用,AI认知,AI竞品词,教程操作,怎么用,Character AI,AI竞品词·教程操作·怎么用·Character AI,中关联(AI+工具章节),0.75,中,0.62
Character AI哪个好,AI认知,AI竞品词,功能对比,哪个好,Character AI,AI竞品词·功能对比·哪个好·Character AI,中关联(AI+工具章节),0.75,中,0.66
Character AI写周报,AI写作,AI竞品词,场景应用,写周报,Character AI,AI竞品词·场景应用·写周报·Character AI,中关联(AI+工具章节),0.9,长尾极低,0.39
Character AI写论文,AI写作,AI竞品词,场景应用,写论文,Character AI,AI竞品词·场景应用·写论文·Character AI,中关联(AI+工具章节),0.9,长尾极低,0.39
Meta AI是什么,AI认知,AI竞品词,品牌认知,是什么,Meta AI,AI竞品词·品牌认知·是什么·Meta AI,高关联(整篇AI),0.75,高,0.78
Meta AI官网,AI认知,AI竞品词,官网下载,官网,Meta AI,AI竞品词·官网下载·官网·Meta AI,高关联(整篇AI),0.75,高,0.78
Meta AI怎么用,AI认知,AI竞品词,教程操作,怎么用,Meta AI,AI竞品词·教程操作·怎么用·Meta AI,中关联(AI+工具章节),0.75,中,0.62
Meta AI哪个好,AI认知,AI竞品词,功能对比,哪个好,Meta AI,AI竞品词·功能对比·哪个好·Meta AI,中关联(AI+工具章节),0.75,中,0.66
Meta AI写周报,AI写作,AI竞品词,场景应用,写周报,Meta AI,AI竞品词·场景应用·写周报·Meta AI,中关联(AI+工具章节),0.9,长尾极低,0.39
Meta AI写论文,AI写作,AI竞品词,场景应用,写论文,Meta AI,AI竞品词·场景应用·写论文·Meta AI,中关联(AI+工具章节),0.9,长尾极低,0.39
豆包大模型是什么,大模型,AI竞品词,品牌认知,是什么,豆包大模型,AI竞品词·品牌认知·是什么·豆包大模型,高关联(整篇AI),0.82,中,0.6
豆包大模型官网,大模型,AI竞品词,官网下载,官网,豆包大模型,AI竞品词·官网下载·官网·豆包大模型,高关联(整篇AI),0.82,中,0.6
豆包大模型怎么用,大模型,AI竞品词,教程操作,怎么用,豆包大模型,AI竞品词·教程操作·怎么用·豆包大模型,中关联(AI+工具章节),0.82,低,0.48
豆包大模型哪个好,大模型,AI竞品词,功能对比,哪个好,豆包大模型,AI竞品词·功能对比·哪个好·豆包大模型,中关联(AI+工具章节),0.82,低,0.51
豆包大模型写周报,AI写作,AI竞品词,场景应用,写周报,豆包大模型,AI竞品词·场景应用·写周报·豆包大模型,中关联(AI+工具章节),0.9,长尾极低,0.3
豆包大模型写论文,AI写作,AI竞品词,场景应用,写论文,豆包大模型,AI竞品词·场景应用·写论文·豆包大模型,中关联(AI+工具章节),0.9,长尾极低,0.3
Qwen是什么,大模型,AI竞品词,品牌认知,是什么,Qwen,AI竞品词·品牌认知·是什么·Qwen,高关联(整篇AI),0.82,中,0.62
Qwen官网,大模型,AI竞品词,官网下载,官网,Qwen,AI竞品词·官网下载·官网·Qwen,高关联(整篇AI),0.82,中,0.62
Qwen怎么用,大模型,AI竞品词,教程操作,怎么用,Qwen,AI竞品词·教程操作·怎么用·Qwen,中关联(AI+工具章节),0.82,低,0.5
Qwen哪个好,大模型,AI竞品词,功能对比,哪个好,Qwen,AI竞品词·功能对比·哪个好·Qwen,中关联(AI+工具章节),0.82,低,0.53
Qwen写周报,AI写作,AI竞品词,场景应用,写周报,Qwen,AI竞品词·场景应用·写周报·Qwen,中关联(AI+工具章节),0.9,长尾极低,0.31
Qwen写论文,AI写作,AI竞品词,场景应用,写论文,Qwen,AI竞品词·场景应用·写论文·Qwen,中关联(AI+工具章节),0.9,长尾极低,0.31
LLaMA是什么,大模型,AI竞品词,品牌认知,是什么,LLaMA,AI竞品词·品牌认知·是什么·LLaMA,高关联(整篇AI),0.82,中,0.62
LLaMA官网,大模型,AI竞品词,官网下载,官网,LLaMA,AI竞品词·官网下载·官网·LLaMA,高关联(整篇AI),0.82,中,0.62
LLaMA怎么用,大模型,AI竞品词,教程操作,怎么用,LLaMA,AI竞品词·教程操作·怎么用·LLaMA,中关联(AI+工具章节),0.82,低,0.5
LLaMA哪个好,大模型,AI竞品词,功能对比,哪个好,LLaMA,AI竞品词·功能对比·哪个好·LLaMA,中关联(AI+工具章节),0.82,低,0.53
LLaMA写周报,AI写作,AI竞品词,场景应用,写周报,LLaMA,AI竞品词·场景应用·写周报·LLaMA,中关联(AI+工具章节),0.9,长尾极低,0.31
LLaMA写论文,AI写作,AI竞品词,场景应用,写论文,LLaMA,AI竞品词·场景应用·写论文·LLaMA,中关联(AI+工具章节),0.9,长尾极低,0.31
GPT-4是什么,大模型,AI竞品词,品牌认知,是什么,GPT-4,AI竞品词·品牌认知·是什么·GPT-4,高关联(整篇AI),0.82,高,0.96
GPT-4功能介绍,大模型,AI竞品词,品牌认知,功能介绍,GPT-4,AI竞品词·品牌认知·功能介绍·GPT-4,高关联(整篇AI),0.82,高,0.96
GPT-4官网,大模型,AI竞品词,官网下载,官网,GPT-4,AI竞品词·官网下载·官网·GPT-4,高关联(整篇AI),0.82,高,0.96
GPT-4下载,大模型,AI竞品词,官网下载,下载,GPT-4,AI竞品词·官网下载·下载·GPT-4,高关联(整篇AI),0.82,高,0.77
GPT-4怎么用,大模型,AI竞品词,教程操作,怎么用,GPT-4,AI竞品词·教程操作·怎么用·GPT-4,中关联(AI+工具章节),0.82,高,0.77
GPT-4本地部署,大模型,AI竞品词,教程操作,本地部署,GPT-4,AI竞品词·教程操作·本地部署·GPT-4,中关联(AI+工具章节),0.82,高,0.77
GPT-4哪个好,大模型,AI竞品词,功能对比,哪个好,GPT-4,AI竞品词·功能对比·哪个好·GPT-4,中关联(AI+工具章节),0.82,高,0.82
GPT-4评测,大模型,AI竞品词,功能对比,评测,GPT-4,AI竞品词·功能对比·评测·GPT-4,中关联(AI+工具章节),0.82,中,0.67
GPT-4写周报,AI写作,AI竞品词,场景应用,写周报,GPT-4,AI竞品词·场景应用·写周报·GPT-4,中关联(AI+工具章节),0.9,低,0.48
GPT-4写论文,AI写作,AI竞品词,场景应用,写论文,GPT-4,AI竞品词·场景应用·写论文·GPT-4,中关联(AI+工具章节),0.9,低,0.48
GPT-4o是什么,大模型,AI竞品词,品牌认知,是什么,GPT-4o,AI竞品词·品牌认知·是什么·GPT-4o,高关联(整篇AI),0.82,高,0.96
GPT-4o功能介绍,大模型,AI竞品词,品牌认知,功能介绍,GPT-4o,AI竞品词·品牌认知·功能介绍·GPT-4o,高关联(整篇AI),0.82,高,0.96
GPT-4o官网,大模型,AI竞品词,官网下载,官网,GPT-4o,AI竞品词·官网下载·官网·GPT-4o,高关联(整篇AI),0.82,高,0.96
GPT-4o下载,大模型,AI竞品词,官网下载,下载,GPT-4o,AI竞品词·官网下载·下载·GPT-4o,高关联(整篇AI),0.82,高,0.77
GPT-4o怎么用,大模型,AI竞品词,教程操作,怎么用,GPT-4o,AI竞品词·教程操作·怎么用·GPT-4o,中关联(AI+工具章节),0.82,高,0.77
GPT-4o本地部署,大模型,AI竞品词,教程操作,本地部署,GPT-4o,AI竞品词·教程操作·本地部署·GPT-4o,中关联(AI+工具章节),0.82,高,0.77
GPT-4o哪个好,大模型,AI竞品词,功能对比,哪个好,GPT-4o,AI竞品词·功能对比·哪个好·GPT-4o,中关联(AI+工具章节),0.82,高,0.82
GPT-4o评测,大模型,AI竞品词,功能对比,评测,GPT-4o,AI竞品词·功能对比·评测·GPT-4o,中关联(AI+工具章节),0.82,中,0.67
GPT-4o写周报,AI写作,AI竞品词,场景应用,写周报,GPT-4o,AI竞品词·场景应用·写周报·GPT-4o,中关联(AI+工具章节),0.9,低,0.48
GPT-4o写论文,AI写作,AI竞品词,场景应用,写论文,GPT-4o,AI竞品词·场景应用·写论文·GPT-4o,中关联(AI+工具章节),0.9,低,0.48
DeepSeek-R1是什么,大模型,AI竞品词,品牌认知,是什么,DeepSeek-R1,AI竞品词·品牌认知·是什么·DeepSeek-R1,高关联(整篇AI),0.82,中,0.7
DeepSeek-R1官网,大模型,AI竞品词,官网下载,官网,DeepSeek-R1,AI竞品词·官网下载·官网·DeepSeek-R1,高关联(整篇AI),0.82,中,0.7
DeepSeek-R1怎么用,大模型,AI竞品词,教程操作,怎么用,DeepSeek-R1,AI竞品词·教程操作·怎么用·DeepSeek-R1,中关联(AI+工具章节),0.82,低,0.56
DeepSeek-R1哪个好,大模型,AI竞品词,功能对比,哪个好,DeepSeek-R1,AI竞品词·功能对比·哪个好·DeepSeek-R1,中关联(AI+工具章节),0.82,低,0.59
DeepSeek-R1写周报,AI写作,AI竞品词,场景应用,写周报,DeepSeek-R1,AI竞品词·场景应用·写周报·DeepSeek-R1,中关联(AI+工具章节),0.9,长尾极低,0.35
DeepSeek-R1写论文,AI写作,AI竞品词,场景应用,写论文,DeepSeek-R1,AI竞品词·场景应用·写论文·DeepSeek-R1,中关联(AI+工具章节),0.9,长尾极低,0.35
WorkBuddy是什么,AI认知,AI竞品词,品牌认知,是什么,WorkBuddy,AI竞品词·品牌认知·是什么·WorkBuddy,高关联(整篇AI),0.75,高,0.82
WorkBuddy功能介绍,AI认知,AI竞品词,品牌认知,功能介绍,WorkBuddy,AI竞品词·品牌认知·功能介绍·WorkBuddy,高关联(整篇AI),0.75,高,0.82
WorkBuddy官网,AI认知,AI竞品词,官网下载,官网,WorkBuddy,AI竞品词·官网下载·官网·WorkBuddy,高关联(整篇AI),0.75,高,0.82
WorkBuddy下载,AI认知,AI竞品词,官网下载,下载,WorkBuddy,AI竞品词·官网下载·下载·WorkBuddy,高关联(整篇AI),0.75,中,0.66
WorkBuddy怎么用,AI认知,AI竞品词,教程操作,怎么用,WorkBuddy,AI竞品词·教程操作·怎么用·WorkBuddy,中关联(AI+工具章节),0.75,中,0.66
WorkBuddy使用教程,AI认知,AI竞品词,教程操作,使用教程,WorkBuddy,AI竞品词·教程操作·使用教程·WorkBuddy,中关联(AI+工具章节),0.75,中,0.61
WorkBuddy哪个好,AI认知,AI竞品词,功能对比,哪个好,WorkBuddy,AI竞品词·功能对比·哪个好·WorkBuddy,中关联(AI+工具章节),0.75,中,0.7
WorkBuddy评测,AI认知,AI竞品词,功能对比,评测,WorkBuddy,AI竞品词·功能对比·评测·WorkBuddy,中关联(AI+工具章节),0.75,低,0.57
WorkBuddy写周报,AI写作,AI竞品词,场景应用,写周报,WorkBuddy,AI竞品词·场景应用·写周报·WorkBuddy,中关联(AI+工具章节),0.9,长尾极低,0.41
WorkBuddy做PPT,AI办公,AI竞品词,场景应用,做PPT,WorkBuddy,AI竞品词·场景应用·做PPT·WorkBuddy,中关联(AI+工具章节),0.88,长尾极低,0.41
豆包工作是什么,AI认知,AI竞品词,品牌认知,是什么,豆包工作,AI竞品词·品牌认知·是什么·豆包工作,高关联(整篇AI),0.75,高,0.8
豆包工作功能介绍,AI认知,AI竞品词,品牌认知,功能介绍,豆包工作,AI竞品词·品牌认知·功能介绍·豆包工作,高关联(整篇AI),0.75,高,0.8
豆包工作官网,AI认知,AI竞品词,官网下载,官网,豆包工作,AI竞品词·官网下载·官网·豆包工作,高关联(整篇AI),0.75,高,0.8
豆包工作下载,AI认知,AI竞品词,官网下载,下载,豆包工作,AI竞品词·官网下载·下载·豆包工作,高关联(整篇AI),0.75,中,0.64
豆包工作怎么用,AI认知,AI竞品词,教程操作,怎么用,豆包工作,AI竞品词·教程操作·怎么用·豆包工作,中关联(AI+工具章节),0.75,中,0.64
豆包工作使用教程,AI认知,AI竞品词,教程操作,使用教程,豆包工作,AI竞品词·教程操作·使用教程·豆包工作,中关联(AI+工具章节),0.75,中,0.6
豆包工作哪个好,AI认知,AI竞品词,功能对比,哪个好,豆包工作,AI竞品词·功能对比·哪个好·豆包工作,中关联(AI+工具章节),0.75,中,0.68
豆包工作评测,AI认知,AI竞品词,功能对比,评测,豆包工作,AI竞品词·功能对比·评测·豆包工作,中关联(AI+工具章节),0.75,低,0.56
豆包工作写周报,AI写作,AI竞品词,场景应用,写周报,豆包工作,AI竞品词·场景应用·写周报·豆包工作,中关联(AI+工具章节),0.9,长尾极低,0.4
豆包工作做PPT,AI办公,AI竞品词,场景应用,做PPT,豆包工作,AI竞品词·场景应用·做PPT·豆包工作,中关联(AI+工具章节),0.88,长尾极低,0.4
千问办公是什么,AI办公,AI竞品词,品牌认知,是什么,千问办公,AI竞品词·品牌认知·是什么·千问办公,高关联(整篇AI),0.88,高,0.78
千问办公功能介绍,AI办公,AI竞品词,品牌认知,功能介绍,千问办公,AI竞品词·品牌认知·功能介绍·千问办公,高关联(整篇AI),0.88,高,0.78
千问办公官网,AI办公,AI竞品词,官网下载,官网,千问办公,AI竞品词·官网下载·官网·千问办公,高关联(整篇AI),0.88,高,0.78
千问办公下载,AI办公,AI竞品词,官网下载,下载,千问办公,AI竞品词·官网下载·下载·千问办公,高关联(整篇AI),0.88,中,0.62
千问办公怎么用,AI办公,AI竞品词,教程操作,怎么用,千问办公,AI竞品词·教程操作·怎么用·千问办公,中关联(AI+工具章节),0.88,中,0.62
千问办公使用教程,AI办公,AI竞品词,教程操作,使用教程,千问办公,AI竞品词·教程操作·使用教程·千问办公,中关联(AI+工具章节),0.88,低,0.58
千问办公哪个好,AI办公,AI竞品词,功能对比,哪个好,千问办公,AI竞品词·功能对比·哪个好·千问办公,中关联(AI+工具章节),0.88,中,0.66
千问办公评测,AI办公,AI竞品词,功能对比,评测,千问办公,AI竞品词·功能对比·评测·千问办公,中关联(AI+工具章节),0.88,低,0.55
千问办公写周报,AI写作,AI竞品词,场景应用,写周报,千问办公,AI竞品词·场景应用·写周报·千问办公,中关联(AI+工具章节),0.9,长尾极低,0.39
千问办公做PPT,AI办公,AI竞品词,场景应用,做PPT,千问办公,AI竞品词·场景应用·做PPT·千问办公,中关联(AI+工具章节),0.88,长尾极低,0.39
百度搭子是什么,AI认知,AI竞品词,品牌认知,是什么,百度搭子,AI竞品词·品牌认知·是什么·百度搭子,高关联(整篇AI),0.75,高,0.76
百度搭子功能介绍,AI认知,AI竞品词,品牌认知,功能介绍,百度搭子,AI竞品词·品牌认知·功能介绍·百度搭子,高关联(整篇AI),0.75,高,0.76
百度搭子官网,AI认知,AI竞品词,官网下载,官网,百度搭子,AI竞品词·官网下载·官网·百度搭子,高关联(整篇AI),0.75,高,0.76
百度搭子下载,AI认知,AI竞品词,官网下载,下载,百度搭子,AI竞品词·官网下载·下载·百度搭子,高关联(整篇AI),0.75,中,0.61
百度搭子怎么用,AI认知,AI竞品词,教程操作,怎么用,百度搭子,AI竞品词·教程操作·怎么用·百度搭子,中关联(AI+工具章节),0.75,中,0.61
百度搭子使用教程,AI认知,AI竞品词,教程操作,使用教程,百度搭子,AI竞品词·教程操作·使用教程·百度搭子,中关联(AI+工具章节),0.75,低,0.57
百度搭子哪个好,AI认知,AI竞品词,功能对比,哪个好,百度搭子,AI竞品词·功能对比·哪个好·百度搭子,中关联(AI+工具章节),0.75,中,0.65
百度搭子评测,AI认知,AI竞品词,功能对比,评测,百度搭子,AI竞品词·功能对比·评测·百度搭子,中关联(AI+工具章节),0.75,低,0.53
百度搭子写周报,AI写作,AI竞品词,场景应用,写周报,百度搭子,AI竞品词·场景应用·写周报·百度搭子,中关联(AI+工具章节),0.9,长尾极低,0.38
百度搭子做PPT,AI办公,AI竞品词,场景应用,做PPT,百度搭子,AI竞品词·场景应用·做PPT·百度搭子,中关联(AI+工具章节),0.88,长尾极低,0.38
腾讯文档AI是什么,AI办公,AI竞品词,品牌认知,是什么,腾讯文档AI,AI竞品词·品牌认知·是什么·腾讯文档AI,高关联(整篇AI),0.88,中,0.72
腾讯文档AI官网,AI办公,AI竞品词,官网下载,官网,腾讯文档AI,AI竞品词·官网下载·官网·腾讯文档AI,高关联(整篇AI),0.88,中,0.72
腾讯文档AI怎么用,AI办公,AI竞品词,教程操作,怎么用,腾讯文档AI,AI竞品词·教程操作·怎么用·腾讯文档AI,中关联(AI+工具章节),0.88,低,0.58
腾讯文档AI哪个好,AI办公,AI竞品词,功能对比,哪个好,腾讯文档AI,AI竞品词·功能对比·哪个好·腾讯文档AI,中关联(AI+工具章节),0.88,中,0.61
腾讯文档AI写周报,AI写作,AI竞品词,场景应用,写周报,腾讯文档AI,AI竞品词·场景应用·写周报·腾讯文档AI,中关联(AI+工具章节),0.9,长尾极低,0.36
腾讯文档AI做PPT,AI办公,AI竞品词,场景应用,做PPT,腾讯文档AI,AI竞品词·场景应用·做PPT·腾讯文档AI,中关联(AI+工具章节),0.88,长尾极低,0.36
飞书AI是什么,AI认知,AI竞品词,品牌认知,是什么,飞书AI,AI竞品词·品牌认知·是什么·飞书AI,高关联(整篇AI),0.75,中,0.72
飞书AI官网,AI认知,AI竞品词,官网下载,官网,飞书AI,AI竞品词·官网下载·官网·飞书AI,高关联(整篇AI),0.75,中,0.72
飞书AI怎么用,AI认知,AI竞品词,教程操作,怎么用,飞书AI,AI竞品词·教程操作·怎么用·飞书AI,中关联(AI+工具章节),0.75,低,0.58
飞书AI哪个好,AI认知,AI竞品词,功能对比,哪个好,飞书AI,AI竞品词·功能对比·哪个好·飞书AI,中关联(AI+工具章节),0.75,中,0.61
飞书AI写周报,AI写作,AI竞品词,场景应用,写周报,飞书AI,AI竞品词·场景应用·写周报·飞书AI,中关联(AI+工具章节),0.9,长尾极低,0.36
飞书AI做PPT,AI办公,AI竞品词,场景应用,做PPT,飞书AI,AI竞品词·场景应用·做PPT·飞书AI,中关联(AI+工具章节),0.88,长尾极低,0.36
金山文档是什么,AI办公,AI竞品词,品牌认知,是什么,金山文档,AI竞品词·品牌认知·是什么·金山文档,高关联(整篇AI),0.88,高,0.78
金山文档官网,AI办公,AI竞品词,官网下载,官网,金山文档,AI竞品词·官网下载·官网·金山文档,高关联(整篇AI),0.88,高,0.78
金山文档怎么用,AI办公,AI竞品词,教程操作,怎么用,金山文档,AI竞品词·教程操作·怎么用·金山文档,中关联(AI+工具章节),0.88,中,0.62
金山文档哪个好,AI办公,AI竞品词,功能对比,哪个好,金山文档,AI竞品词·功能对比·哪个好·金山文档,中关联(AI+工具章节),0.88,中,0.66
金山文档写周报,AI写作,AI竞品词,场景应用,写周报,金山文档,AI竞品词·场景应用·写周报·金山文档,中关联(AI+工具章节),0.9,长尾极低,0.39
金山文档做PPT,AI办公,AI竞品词,场景应用,做PPT,金山文档,AI竞品词·场景应用·做PPT·金山文档,中关联(AI+工具章节),0.88,长尾极低,0.39
GitHub Copilot是什么,AI认知,AI竞品词,品牌认知,是什么,GitHub Copilot,AI竞品词·品牌认知·是什么·GitHub Copilot,高关联(整篇AI),0.75,高,0.9
GitHub Copilot功能介绍,AI认知,AI竞品词,品牌认知,功能介绍,GitHub Copilot,AI竞品词·品牌认知·功能介绍·GitHub Copilot,高关联(整篇AI),0.75,高,0.9
GitHub Copilot官网,AI认知,AI竞品词,官网下载,官网,GitHub Copilot,AI竞品词·官网下载·官网·GitHub Copilot,高关联(整篇AI),0.75,高,0.9
GitHub Copilot下载,AI认知,AI竞品词,官网下载,下载,GitHub Copilot,AI竞品词·官网下载·下载·GitHub Copilot,高关联(整篇AI),0.75,中,0.72
GitHub Copilot怎么用,AI认知,AI竞品词,教程操作,怎么用,GitHub Copilot,AI竞品词·教程操作·怎么用·GitHub Copilot,中关联(AI+工具章节),0.75,中,0.72
GitHub CopilotAPI接入,AI编程,AI竞品词,教程操作,API接入,GitHub Copilot,AI竞品词·教程操作·API接入·GitHub Copilot,中关联(AI+工具章节),0.8,中,0.72
GitHub Copilot哪个好,AI认知,AI竞品词,功能对比,哪个好,GitHub Copilot,AI竞品词·功能对比·哪个好·GitHub Copilot,中关联(AI+工具章节),0.75,高,0.77
GitHub Copilot评测,AI认知,AI竞品词,功能对比,评测,GitHub Copilot,AI竞品词·功能对比·评测·GitHub Copilot,中关联(AI+工具章节),0.75,中,0.63
GitHub Copilot写代码,AI写作,AI竞品词,场景应用,写代码,GitHub Copilot,AI竞品词·场景应用·写代码·GitHub Copilot,中关联(AI+工具章节),0.9,低,0.45
GitHub Copilot写SQL,AI写作,AI竞品词,场景应用,写SQL,GitHub Copilot,AI竞品词·场景应用·写SQL·GitHub Copilot,中关联(AI+工具章节),0.9,低,0.45
Cursor是什么,AI认知,AI竞品词,品牌认知,是什么,Cursor,AI竞品词·品牌认知·是什么·Cursor,高关联(整篇AI),0.75,高,0.85
Cursor功能介绍,AI认知,AI竞品词,品牌认知,功能介绍,Cursor,AI竞品词·品牌认知·功能介绍·Cursor,高关联(整篇AI),0.75,高,0.85
Cursor官网,AI认知,AI竞品词,官网下载,官网,Cursor,AI竞品词·官网下载·官网·Cursor,高关联(整篇AI),0.75,高,0.85
Cursor下载,AI认知,AI竞品词,官网下载,下载,Cursor,AI竞品词·官网下载·下载·Cursor,高关联(整篇AI),0.75,中,0.68
Cursor怎么用,AI认知,AI竞品词,教程操作,怎么用,Cursor,AI竞品词·教程操作·怎么用·Cursor,中关联(AI+工具章节),0.75,中,0.68
CursorAPI接入,AI编程,AI竞品词,教程操作,API接入,Cursor,AI竞品词·教程操作·API接入·Cursor,中关联(AI+工具章节),0.8,中,0.68
Cursor哪个好,AI认知,AI竞品词,功能对比,哪个好,Cursor,AI竞品词·功能对比·哪个好·Cursor,中关联(AI+工具章节),0.75,中,0.72
Cursor评测,AI认知,AI竞品词,功能对比,评测,Cursor,AI竞品词·功能对比·评测·Cursor,中关联(AI+工具章节),0.75,低,0.59
Cursor写代码,AI写作,AI竞品词,场景应用,写代码,Cursor,AI竞品词·场景应用·写代码·Cursor,中关联(AI+工具章节),0.9,长尾极低,0.42
Cursor写SQL,AI写作,AI竞品词,场景应用,写SQL,Cursor,AI竞品词·场景应用·写SQL·Cursor,中关联(AI+工具章节),0.9,长尾极低,0.42
通义灵码是什么,AI认知,AI竞品词,品牌认知,是什么,通义灵码,AI竞品词·品牌认知·是什么·通义灵码,高关联(整篇AI),0.75,高,0.8
通义灵码功能介绍,AI认知,AI竞品词,品牌认知,功能介绍,通义灵码,AI竞品词·品牌认知·功能介绍·通义灵码,高关联(整篇AI),0.75,高,0.8
通义灵码官网,AI认知,AI竞品词,官网下载,官网,通义灵码,AI竞品词·官网下载·官网·通义灵码,高关联(整篇AI),0.75,高,0.8
通义灵码下载,AI认知,AI竞品词,官网下载,下载,通义灵码,AI竞品词·官网下载·下载·通义灵码,高关联(整篇AI),0.75,中,0.64
通义灵码怎么用,AI认知,AI竞品词,教程操作,怎么用,通义灵码,AI竞品词·教程操作·怎么用·通义灵码,中关联(AI+工具章节),0.75,中,0.64
通义灵码API接入,AI编程,AI竞品词,教程操作,API接入,通义灵码,AI竞品词·教程操作·API接入·通义灵码,中关联(AI+工具章节),0.8,中,0.64
通义灵码哪个好,AI认知,AI竞品词,功能对比,哪个好,通义灵码,AI竞品词·功能对比·哪个好·通义灵码,中关联(AI+工具章节),0.75,中,0.68
通义灵码评测,AI认知,AI竞品词,功能对比,评测,通义灵码,AI竞品词·功能对比·评测·通义灵码,中关联(AI+工具章节),0.75,低,0.56
通义灵码写代码,AI写作,AI竞品词,场景应用,写代码,通义灵码,AI竞品词·场景应用·写代码·通义灵码,中关联(AI+工具章节),0.9,长尾极低,0.4
通义灵码写SQL,AI写作,AI竞品词,场景应用,写SQL,通义灵码,AI竞品词·场景应用·写SQL·通义灵码,中关联(AI+工具章节),0.9,长尾极低,0.4
Codex是什么,AI认知,AI竞品词,品牌认知,是什么,Codex,AI竞品词·品牌认知·是什么·Codex,高关联(整篇AI),0.75,高,0.8
Codex功能介绍,AI认知,AI竞品词,品牌认知,功能介绍,Codex,AI竞品词·品牌认知·功能介绍·Codex,高关联(整篇AI),0.75,高,0.8
Codex官网,AI认知,AI竞品词,官网下载,官网,Codex,AI竞品词·官网下载·官网·Codex,高关联(整篇AI),0.75,高,0.8
Codex下载,AI认知,AI竞品词,官网下载,下载,Codex,AI竞品词·官网下载·下载·Codex,高关联(整篇AI),0.75,中,0.64
Codex怎么用,AI认知,AI竞品词,教程操作,怎么用,Codex,AI竞品词·教程操作·怎么用·Codex,中关联(AI+工具章节),0.75,中,0.64
CodexAPI接入,AI编程,AI竞品词,教程操作,API接入,Codex,AI竞品词·教程操作·API接入·Codex,中关联(AI+工具章节),0.8,中,0.64
Codex哪个好,AI认知,AI竞品词,功能对比,哪个好,Codex,AI竞品词·功能对比·哪个好·Codex,中关联(AI+工具章节),0.75,中,0.68
Codex评测,AI认知,AI竞品词,功能对比,评测,Codex,AI竞品词·功能对比·评测·Codex,中关联(AI+工具章节),0.75,低,0.56
Codex写代码,AI写作,AI竞品词,场景应用,写代码,Codex,AI竞品词·场景应用·写代码·Codex,中关联(AI+工具章节),0.9,长尾极低,0.4
Codex写SQL,AI写作,AI竞品词,场景应用,写SQL,Codex,AI竞品词·场景应用·写SQL·Codex,中关联(AI+工具章节),0.9,长尾极低,0.4
Claude Code是什么,AI认知,AI竞品词,品牌认知,是什么,Claude Code,AI竞品词·品牌认知·是什么·Claude Code,高关联(整篇AI),0.75,高,0.78
Claude Code功能介绍,AI认知,AI竞品词,品牌认知,功能介绍,Claude Code,AI竞品词·品牌认知·功能介绍·Claude Code,高关联(整篇AI),0.75,高,0.78
Claude Code官网,AI认知,AI竞品词,官网下载,官网,Claude Code,AI竞品词·官网下载·官网·Claude Code,高关联(整篇AI),0.75,高,0.78
Claude Code下载,AI认知,AI竞品词,官网下载,下载,Claude Code,AI竞品词·官网下载·下载·Claude Code,高关联(整篇AI),0.75,中,0.62
Claude Code怎么用,AI认知,AI竞品词,教程操作,怎么用,Claude Code,AI竞品词·教程操作·怎么用·Claude Code,中关联(AI+工具章节),0.75,中,0.62
Claude CodeAPI接入,AI编程,AI竞品词,教程操作,API接入,Claude Code,AI竞品词·教程操作·API接入·Claude Code,中关联(AI+工具章节),0.8,中,0.62
Claude Code哪个好,AI认知,AI竞品词,功能对比,哪个好,Claude Code,AI竞品词·功能对比·哪个好·Claude Code,中关联(AI+工具章节),0.75,中,0.66
Claude Code评测,AI认知,AI竞品词,功能对比,评测,Claude Code,AI竞品词·功能对比·评测·Claude Code,中关联(AI+工具章节),0.75,低,0.55
Claude Code写代码,AI写作,AI竞品词,场景应用,写代码,Claude Code,AI竞品词·场景应用·写代码·Claude Code,中关联(AI+工具章节),0.9,长尾极低,0.39
Claude Code写SQL,AI写作,AI竞品词,场景应用,写SQL,Claude Code,AI竞品词·场景应用·写SQL·Claude Code,中关联(AI+工具章节),0.9,长尾极低,0.39
Windsurf是什么,AI认知,AI竞品词,品牌认知,是什么,Windsurf,AI竞品词·品牌认知·是什么·Windsurf,高关联(整篇AI),0.75,中,0.72
Windsurf官网,AI认知,AI竞品词,官网下载,官网,Windsurf,AI竞品词·官网下载·官网·Windsurf,高关联(整篇AI),0.75,中,0.72
Windsurf怎么用,AI认知,AI竞品词,教程操作,怎么用,Windsurf,AI竞品词·教程操作·怎么用·Windsurf,中关联(AI+工具章节),0.75,低,0.58
Windsurf哪个好,AI认知,AI竞品词,功能对比,哪个好,Windsurf,AI竞品词·功能对比·哪个好·Windsurf,中关联(AI+工具章节),0.75,中,0.61
Windsurf写代码,AI写作,AI竞品词,场景应用,写代码,Windsurf,AI竞品词·场景应用·写代码·Windsurf,中关联(AI+工具章节),0.9,长尾极低,0.36
Windsurf写SQL,AI写作,AI竞品词,场景应用,写SQL,Windsurf,AI竞品词·场景应用·写SQL·Windsurf,中关联(AI+工具章节),0.9,长尾极低,0.36
Trae是什么,AI认知,AI竞品词,品牌认知,是什么,Trae,AI竞品词·品牌认知·是什么·Trae,高关联(整篇AI),0.75,中,0.7
Trae官网,AI认知,AI竞品词,官网下载,官网,Trae,AI竞品词·官网下载·官网·Trae,高关联(整篇AI),0.75,中,0.7
Trae怎么用,AI认知,AI竞品词,教程操作,怎么用,Trae,AI竞品词·教程操作·怎么用·Trae,中关联(AI+工具章节),0.75,低,0.56
Trae哪个好,AI认知,AI竞品词,功能对比,哪个好,Trae,AI竞品词·功能对比·哪个好·Trae,中关联(AI+工具章节),0.75,低,0.59
Trae写代码,AI写作,AI竞品词,场景应用,写代码,Trae,AI竞品词·场景应用·写代码·Trae,中关联(AI+工具章节),0.9,长尾极低,0.35
Trae写SQL,AI写作,AI竞品词,场景应用,写SQL,Trae,AI竞品词·场景应用·写SQL·Trae,中关联(AI+工具章节),0.9,长尾极低,0.35
DeepSeek Coder是什么,大模型,AI竞品词,品牌认知,是什么,DeepSeek Coder,AI竞品词·品牌认知·是什么·DeepSeek Coder,高关联(整篇AI),0.82,中,0.7
DeepSeek Coder官网,大模型,AI竞品词,官网下载,官网,DeepSeek Coder,AI竞品词·官网下载·官网·DeepSeek Coder,高关联(整篇AI),0.82,中,0.7
DeepSeek Coder怎么用,大模型,AI竞品词,教程操作,怎么用,DeepSeek Coder,AI竞品词·教程操作·怎么用·DeepSeek Coder,中关联(AI+工具章节),0.82,低,0.56
DeepSeek Coder哪个好,大模型,AI竞品词,功能对比,哪个好,DeepSeek Coder,AI竞品词·功能对比·哪个好·DeepSeek Coder,中关联(AI+工具章节),0.82,低,0.59
DeepSeek Coder写代码,AI写作,AI竞品词,场景应用,写代码,DeepSeek Coder,AI竞品词·场景应用·写代码·DeepSeek Coder,中关联(AI+工具章节),0.9,长尾极低,0.35
DeepSeek Coder写SQL,AI写作,AI竞品词,场景应用,写SQL,DeepSeek Coder,AI竞品词·场景应用·写SQL·DeepSeek Coder,中关联(AI+工具章节),0.9,长尾极低,0.35
Fitten Code是什么,AI认知,AI竞品词,品牌认知,是什么,Fitten Code,AI竞品词·品牌认知·是什么·Fitten Code,高关联(整篇AI),0.75,中,0.6
Fitten Code官网,AI认知,AI竞品词,官网下载,官网,Fitten Code,AI竞品词·官网下载·官网·Fitten Code,高关联(整篇AI),0.75,中,0.6
Fitten Code怎么用,AI认知,AI竞品词,教程操作,怎么用,Fitten Code,AI竞品词·教程操作·怎么用·Fitten Code,中关联(AI+工具章节),0.75,低,0.48
Fitten Code哪个好,AI认知,AI竞品词,功能对比,哪个好,Fitten Code,AI竞品词·功能对比·哪个好·Fitten Code,中关联(AI+工具章节),0.75,低,0.51
Fitten Code写代码,AI写作,AI竞品词,场景应用,写代码,Fitten Code,AI竞品词·场景应用·写代码·Fitten Code,中关联(AI+工具章节),0.9,长尾极低,0.3
Fitten Code写SQL,AI写作,AI竞品词,场景应用,写SQL,Fitten Code,AI竞品词·场景应用·写SQL·Fitten Code,中关联(AI+工具章节),0.9,长尾极低,0.3
豆包MarsCode是什么,AI认知,AI竞品词,品牌认知,是什么,豆包MarsCode,AI竞品词·品牌认知·是什么·豆包MarsCode,高关联(整篇AI),0.75,低,0.58
豆包MarsCode官网,AI认知,AI竞品词,官网下载,官网,豆包MarsCode,AI竞品词·官网下载·官网·豆包MarsCode,高关联(整篇AI),0.75,低,0.58
豆包MarsCode怎么用,AI认知,AI竞品词,教程操作,怎么用,豆包MarsCode,AI竞品词·教程操作·怎么用·豆包MarsCode,中关联(AI+工具章节),0.75,低,0.46
豆包MarsCode哪个好,AI认知,AI竞品词,功能对比,哪个好,豆包MarsCode,AI竞品词·功能对比·哪个好·豆包MarsCode,中关联(AI+工具章节),0.75,低,0.49
豆包MarsCode写代码,AI写作,AI竞品词,场景应用,写代码,豆包MarsCode,AI竞品词·场景应用·写代码·豆包MarsCode,中关联(AI+工具章节),0.9,长尾极低,0.29
豆包MarsCode写SQL,AI写作,AI竞品词,场景应用,写SQL,豆包MarsCode,AI竞品词·场景应用·写SQL·豆包MarsCode,中关联(AI+工具章节),0.9,长尾极低,0.29
Midjourney是什么,AI认知,AI竞品词,品牌认知,是什么,Midjourney,AI竞品词·品牌认知·是什么·Midjourney,高关联(整篇AI),0.75,高,0.8
Midjourney功能介绍,AI认知,AI竞品词,品牌认知,功能介绍,Midjourney,AI竞品词·品牌认知·功能介绍·Midjourney,高关联(整篇AI),0.75,高,0.8
Midjourney官网,AI认知,AI竞品词,官网下载,官网,Midjourney,AI竞品词·官网下载·官网·Midjourney,高关联(整篇AI),0.75,高,0.8
Midjourney下载,AI认知,AI竞品词,官网下载,下载,Midjourney,AI竞品词·官网下载·下载·Midjourney,高关联(整篇AI),0.75,中,0.64
Midjourney怎么用,AI认知,AI竞品词,教程操作,怎么用,Midjourney,AI竞品词·教程操作·怎么用·Midjourney,中关联(AI+工具章节),0.75,中,0.64
Midjourney使用教程,AI认知,AI竞品词,教程操作,使用教程,Midjourney,AI竞品词·教程操作·使用教程·Midjourney,中关联(AI+工具章节),0.75,中,0.6
Midjourney哪个好,AI认知,AI竞品词,功能对比,哪个好,Midjourney,AI竞品词·功能对比·哪个好·Midjourney,中关联(AI+工具章节),0.75,中,0.68
Midjourney评测,AI认知,AI竞品词,功能对比,评测,Midjourney,AI竞品词·功能对比·评测·Midjourney,中关联(AI+工具章节),0.75,低,0.56
Midjourney生成头像,AI绘图,AI竞品词,教程操作,生成头像,Midjourney,AI竞品词·教程操作·生成头像·Midjourney,中关联(AI+工具章节),0.85,长尾极低,0.4
Midjourney做海报,AI绘图,AI竞品词,场景应用,做海报,Midjourney,AI竞品词·场景应用·做海报·Midjourney,中关联(AI+工具章节),0.85,长尾极低,0.4
Stable Diffusion是什么,AI认知,AI竞品词,品牌认知,是什么,Stable Diffusion,AI竞品词·品牌认知·是什么·Stable Diffusion,高关联(整篇AI),0.75,高,0.78
Stable Diffusion功能介绍,AI认知,AI竞品词,品牌认知,功能介绍,Stable Diffusion,AI竞品词·品牌认知·功能介绍·Stable Diffusion,高关联(整篇AI),0.75,高,0.78
Stable Diffusion官网,AI认知,AI竞品词,官网下载,官网,Stable Diffusion,AI竞品词·官网下载·官网·Stable Diffusion,高关联(整篇AI),0.75,高,0.78
Stable Diffusion下载,AI认知,AI竞品词,官网下载,下载,Stable Diffusion,AI竞品词·官网下载·下载·Stable Diffusion,高关联(整篇AI),0.75,中,0.62
Stable Diffusion怎么用,AI认知,AI竞品词,教程操作,怎么用,Stable Diffusion,AI竞品词·教程操作·怎么用·Stable Diffusion,中关联(AI+工具章节),0.75,中,0.62
Stable Diffusion使用教程,AI认知,AI竞品词,教程操作,使用教程,Stable Diffusion,AI竞品词·教程操作·使用教程·Stable Diffusion,中关联(AI+工具章节),0.75,低,0.58
Stable Diffusion哪个好,AI认知,AI竞品词,功能对比,哪个好,Stable Diffusion,AI竞品词·功能对比·哪个好·Stable Diffusion,中关联(AI+工具章节),0.75,中,0.66
Stable Diffusion评测,AI认知,AI竞品词,功能对比,评测,Stable Diffusion,AI竞品词·功能对比·评测·Stable Diffusion,中关联(AI+工具章节),0.75,低,0.55
Stable Diffusion生成头像,AI绘图,AI竞品词,教程操作,生成头像,Stable Diffusion,AI竞品词·教程操作·生成头像·Stable Diffusion,中关联(AI+工具章节),0.85,长尾极低,0.39
Stable Diffusion做海报,AI绘图,AI竞品词,场景应用,做海报,Stable Diffusion,AI竞品词·场景应用·做海报·Stable Diffusion,中关联(AI+工具章节),0.85,长尾极低,0.39
即梦是什么,AI认知,AI竞品词,品牌认知,是什么,即梦,AI竞品词·品牌认知·是什么·即梦,高关联(整篇AI),0.75,高,0.82
即梦功能介绍,AI认知,AI竞品词,品牌认知,功能介绍,即梦,AI竞品词·品牌认知·功能介绍·即梦,高关联(整篇AI),0.75,高,0.82
即梦官网,AI认知,AI竞品词,官网下载,官网,即梦,AI竞品词·官网下载·官网·即梦,高关联(整篇AI),0.75,高,0.82
即梦下载,AI认知,AI竞品词,官网下载,下载,即梦,AI竞品词·官网下载·下载·即梦,高关联(整篇AI),0.75,中,0.66
即梦怎么用,AI认知,AI竞品词,教程操作,怎么用,即梦,AI竞品词·教程操作·怎么用·即梦,中关联(AI+工具章节),0.75,中,0.66
即梦使用教程,AI认知,AI竞品词,教程操作,使用教程,即梦,AI竞品词·教程操作·使用教程·即梦,中关联(AI+工具章节),0.75,中,0.61
即梦哪个好,AI认知,AI竞品词,功能对比,哪个好,即梦,AI竞品词·功能对比·哪个好·即梦,中关联(AI+工具章节),0.75,中,0.7
即梦评测,AI认知,AI竞品词,功能对比,评测,即梦,AI竞品词·功能对比·评测·即梦,中关联(AI+工具章节),0.75,低,0.57
即梦生成头像,AI绘图,AI竞品词,教程操作,生成头像,即梦,AI竞品词·教程操作·生成头像·即梦,中关联(AI+工具章节),0.85,长尾极低,0.41
即梦做海报,AI绘图,AI竞品词,场景应用,做海报,即梦,AI竞品词·场景应用·做海报·即梦,中关联(AI+工具章节),0.85,长尾极低,0.41
通义万相是什么,AI认知,AI竞品词,品牌认知,是什么,通义万相,AI竞品词·品牌认知·是什么·通义万相,高关联(整篇AI),0.75,高,0.78
通义万相功能介绍,AI认知,AI竞品词,品牌认知,功能介绍,通义万相,AI竞品词·品牌认知·功能介绍·通义万相,高关联(整篇AI),0.75,高,0.78
通义万相官网,AI认知,AI竞品词,官网下载,官网,通义万相,AI竞品词·官网下载·官网·通义万相,高关联(整篇AI),0.75,高,0.78
通义万相下载,AI认知,AI竞品词,官网下载,下载,通义万相,AI竞品词·官网下载·下载·通义万相,高关联(整篇AI),0.75,中,0.62
通义万相怎么用,AI认知,AI竞品词,教程操作,怎么用,通义万相,AI竞品词·教程操作·怎么用·通义万相,中关联(AI+工具章节),0.75,中,0.62
通义万相使用教程,AI认知,AI竞品词,教程操作,使用教程,通义万相,AI竞品词·教程操作·使用教程·通义万相,中关联(AI+工具章节),0.75,低,0.58
通义万相哪个好,AI认知,AI竞品词,功能对比,哪个好,通义万相,AI竞品词·功能对比·哪个好·通义万相,中关联(AI+工具章节),0.75,中,0.66
通义万相评测,AI认知,AI竞品词,功能对比,评测,通义万相,AI竞品词·功能对比·评测·通义万相,中关联(AI+工具章节),0.75,低,0.55
通义万相生成头像,AI绘图,AI竞品词,教程操作,生成头像,通义万相,AI竞品词·教程操作·生成头像·通义万相,中关联(AI+工具章节),0.85,长尾极低,0.39
通义万相做海报,AI绘图,AI竞品词,场景应用,做海报,通义万相,AI竞品词·场景应用·做海报·通义万相,中关联(AI+工具章节),0.85,长尾极低,0.39
文心一格是什么,AI认知,AI竞品词,品牌认知,是什么,文心一格,AI竞品词·品牌认知·是什么·文心一格,高关联(整篇AI),0.75,中,0.7
文心一格官网,AI认知,AI竞品词,官网下载,官网,文心一格,AI竞品词·官网下载·官网·文心一格,高关联(整篇AI),0.75,中,0.7
文心一格怎么用,AI认知,AI竞品词,教程操作,怎么用,文心一格,AI竞品词·教程操作·怎么用·文心一格,中关联(AI+工具章节),0.75,低,0.56
文心一格哪个好,AI认知,AI竞品词,功能对比,哪个好,文心一格,AI竞品词·功能对比·哪个好·文心一格,中关联(AI+工具章节),0.75,低,0.59
文心一格生成头像,AI绘图,AI竞品词,教程操作,生成头像,文心一格,AI竞品词·教程操作·生成头像·文心一格,中关联(AI+工具章节),0.85,长尾极低,0.35
文心一格做海报,AI绘图,AI竞品词,场景应用,做海报,文心一格,AI竞品词·场景应用·做海报·文心一格,中关联(AI+工具章节),0.85,长尾极低,0.35
DALL·E是什么,AI认知,AI竞品词,品牌认知,是什么,DALL·E,AI竞品词·品牌认知·是什么·DALL·E,高关联(整篇AI),0.75,高,0.75
DALL·E官网,AI认知,AI竞品词,官网下载,官网,DALL·E,AI竞品词·官网下载·官网·DALL·E,高关联(整篇AI),0.75,高,0.75
DALL·E怎么用,AI认知,AI竞品词,教程操作,怎么用,DALL·E,AI竞品词·教程操作·怎么用·DALL·E,中关联(AI+工具章节),0.75,中,0.6
DALL·E哪个好,AI认知,AI竞品词,功能对比,哪个好,DALL·E,AI竞品词·功能对比·哪个好·DALL·E,中关联(AI+工具章节),0.75,中,0.64
DALL·E生成头像,AI绘图,AI竞品词,教程操作,生成头像,DALL·E,AI竞品词·教程操作·生成头像·DALL·E,中关联(AI+工具章节),0.85,长尾极低,0.38
DALL·E做海报,AI绘图,AI竞品词,场景应用,做海报,DALL·E,AI竞品词·场景应用·做海报·DALL·E,中关联(AI+工具章节),0.85,长尾极低,0.38
WHEE是什么,AI认知,AI竞品词,品牌认知,是什么,WHEE,AI竞品词·品牌认知·是什么·WHEE,高关联(整篇AI),0.75,中,0.7
WHEE官网,AI认知,AI竞品词,官网下载,官网,WHEE,AI竞品词·官网下载·官网·WHEE,高关联(整篇AI),0.75,中,0.7
WHEE怎么用,AI认知,AI竞品词,教程操作,怎么用,WHEE,AI竞品词·教程操作·怎么用·WHEE,中关联(AI+工具章节),0.75,低,0.56
WHEE哪个好,AI认知,AI竞品词,功能对比,哪个好,WHEE,AI竞品词·功能对比·哪个好·WHEE,中关联(AI+工具章节),0.75,低,0.59
WHEE生成头像,AI绘图,AI竞品词,教程操作,生成头像,WHEE,AI竞品词·教程操作·生成头像·WHEE,中关联(AI+工具章节),0.85,长尾极低,0.35
WHEE做海报,AI绘图,AI竞品词,场景应用,做海报,WHEE,AI竞品词·场景应用·做海报·WHEE,中关联(AI+工具章节),0.85,长尾极低,0.35
ComfyUI是什么,AI认知,AI竞品词,品牌认知,是什么,ComfyUI,AI竞品词·品牌认知·是什么·ComfyUI,高关联(整篇AI),0.75,中,0.68
ComfyUI官网,AI认知,AI竞品词,官网下载,官网,ComfyUI,AI竞品词·官网下载·官网·ComfyUI,高关联(整篇AI),0.75,中,0.68
ComfyUI怎么用,AI认知,AI竞品词,教程操作,怎么用,ComfyUI,AI竞品词·教程操作·怎么用·ComfyUI,中关联(AI+工具章节),0.75,低,0.54
ComfyUI哪个好,AI认知,AI竞品词,功能对比,哪个好,ComfyUI,AI竞品词·功能对比·哪个好·ComfyUI,中关联(AI+工具章节),0.75,低,0.58
ComfyUI生成头像,AI绘图,AI竞品词,教程操作,生成头像,ComfyUI,AI竞品词·教程操作·生成头像·ComfyUI,中关联(AI+工具章节),0.85,长尾极低,0.34
ComfyUI做海报,AI绘图,AI竞品词,场景应用,做海报,ComfyUI,AI竞品词·场景应用·做海报·ComfyUI,中关联(AI+工具章节),0.85,长尾极低,0.34
醒图是什么,AI绘图,AI竞品词,品牌认知,是什么,醒图,AI竞品词·品牌认知·是什么·醒图,高关联(整篇AI),0.85,中,0.7
醒图官网,AI绘图,AI竞品词,官网下载,官网,醒图,AI竞品词·官网下载·官网·醒图,高关联(整篇AI),0.85,中,0.7
醒图怎么用,AI绘图,AI竞品词,教程操作,怎么用,醒图,AI竞品词·教程操作·怎么用·醒图,中关联(AI+工具章节),0.85,低,0.56
醒图哪个好,AI绘图,AI竞品词,功能对比,哪个好,醒图,AI竞品词·功能对比·哪个好·醒图,中关联(AI+工具章节),0.85,低,0.59
醒图生成头像,AI绘图,AI竞品词,教程操作,生成头像,醒图,AI竞品词·教程操作·生成头像·醒图,中关联(AI+工具章节),0.85,长尾极低,0.35
醒图做海报,AI绘图,AI竞品词,场景应用,做海报,醒图,AI竞品词·场景应用·做海报·醒图,中关联(AI+工具章节),0.85,长尾极低,0.35
剪映是什么,AI认知,AI竞品词,品牌认知,是什么,剪映,AI竞品词·品牌认知·是什么·剪映,高关联(整篇AI),0.75,高,0.9
剪映功能介绍,AI认知,AI竞品词,品牌认知,功能介绍,剪映,AI竞品词·品牌认知·功能介绍·剪映,高关联(整篇AI),0.75,高,0.9
剪映官网,AI认知,AI竞品词,官网下载,官网,剪映,AI竞品词·官网下载·官网·剪映,高关联(整篇AI),0.75,高,0.9
剪映下载,AI认知,AI竞品词,官网下载,下载,剪映,AI竞品词·官网下载·下载·剪映,高关联(整篇AI),0.75,中,0.72
剪映怎么用,AI认知,AI竞品词,教程操作,怎么用,剪映,AI竞品词·教程操作·怎么用·剪映,中关联(AI+工具章节),0.75,中,0.72
剪映使用教程,AI认知,AI竞品词,教程操作,使用教程,剪映,AI竞品词·教程操作·使用教程·剪映,中关联(AI+工具章节),0.75,中,0.68
剪映哪个好,AI认知,AI竞品词,功能对比,哪个好,剪映,AI竞品词·功能对比·哪个好·剪映,中关联(AI+工具章节),0.75,高,0.77
剪映评测,AI认知,AI竞品词,功能对比,评测,剪映,AI竞品词·功能对比·评测·剪映,中关联(AI+工具章节),0.75,中,0.63
剪映剪视频,AI视频,AI竞品词,场景应用,剪视频,剪映,AI竞品词·场景应用·剪视频·剪映,中关联(AI+工具章节),0.78,低,0.45
剪映生成数字人,AI视频,AI竞品词,教程操作,生成数字人,剪映,AI竞品词·教程操作·生成数字人·剪映,中关联(AI+工具章节),0.78,低,0.45
剪映AI是什么,AI认知,AI竞品词,品牌认知,是什么,剪映AI,AI竞品词·品牌认知·是什么·剪映AI,高关联(整篇AI),0.75,高,0.88
剪映AI功能介绍,AI认知,AI竞品词,品牌认知,功能介绍,剪映AI,AI竞品词·品牌认知·功能介绍·剪映AI,高关联(整篇AI),0.75,高,0.88
剪映AI官网,AI认知,AI竞品词,官网下载,官网,剪映AI,AI竞品词·官网下载·官网·剪映AI,高关联(整篇AI),0.75,高,0.88
剪映AI下载,AI认知,AI竞品词,官网下载,下载,剪映AI,AI竞品词·官网下载·下载·剪映AI,高关联(整篇AI),0.75,中,0.7
剪映AI怎么用,AI认知,AI竞品词,教程操作,怎么用,剪映AI,AI竞品词·教程操作·怎么用·剪映AI,中关联(AI+工具章节),0.75,中,0.7
剪映AI使用教程,AI认知,AI竞品词,教程操作,使用教程,剪映AI,AI竞品词·教程操作·使用教程·剪映AI,中关联(AI+工具章节),0.75,中,0.66
剪映AI哪个好,AI认知,AI竞品词,功能对比,哪个好,剪映AI,AI竞品词·功能对比·哪个好·剪映AI,中关联(AI+工具章节),0.75,中,0.75
剪映AI评测,AI认知,AI竞品词,功能对比,评测,剪映AI,AI竞品词·功能对比·评测·剪映AI,中关联(AI+工具章节),0.75,中,0.62
剪映AI剪视频,AI视频,AI竞品词,场景应用,剪视频,剪映AI,AI竞品词·场景应用·剪视频·剪映AI,中关联(AI+工具章节),0.78,长尾极低,0.44
剪映AI生成数字人,AI视频,AI竞品词,教程操作,生成数字人,剪映AI,AI竞品词·教程操作·生成数字人·剪映AI,中关联(AI+工具章节),0.78,长尾极低,0.44
可灵是什么,AI认知,AI竞品词,品牌认知,是什么,可灵,AI竞品词·品牌认知·是什么·可灵,高关联(整篇AI),0.75,高,0.78
可灵功能介绍,AI认知,AI竞品词,品牌认知,功能介绍,可灵,AI竞品词·品牌认知·功能介绍·可灵,高关联(整篇AI),0.75,高,0.78
可灵官网,AI认知,AI竞品词,官网下载,官网,可灵,AI竞品词·官网下载·官网·可灵,高关联(整篇AI),0.75,高,0.78
可灵下载,AI认知,AI竞品词,官网下载,下载,可灵,AI竞品词·官网下载·下载·可灵,高关联(整篇AI),0.75,中,0.62
可灵怎么用,AI认知,AI竞品词,教程操作,怎么用,可灵,AI竞品词·教程操作·怎么用·可灵,中关联(AI+工具章节),0.75,中,0.62
可灵使用教程,AI认知,AI竞品词,教程操作,使用教程,可灵,AI竞品词·教程操作·使用教程·可灵,中关联(AI+工具章节),0.75,低,0.58
可灵哪个好,AI认知,AI竞品词,功能对比,哪个好,可灵,AI竞品词·功能对比·哪个好·可灵,中关联(AI+工具章节),0.75,中,0.66
可灵评测,AI认知,AI竞品词,功能对比,评测,可灵,AI竞品词·功能对比·评测·可灵,中关联(AI+工具章节),0.75,低,0.55
可灵剪视频,AI视频,AI竞品词,场景应用,剪视频,可灵,AI竞品词·场景应用·剪视频·可灵,中关联(AI+工具章节),0.78,长尾极低,0.39
可灵生成数字人,AI视频,AI竞品词,教程操作,生成数字人,可灵,AI竞品词·教程操作·生成数字人·可灵,中关联(AI+工具章节),0.78,长尾极低,0.39
快影是什么,AI认知,AI竞品词,品牌认知,是什么,快影,AI竞品词·品牌认知·是什么·快影,高关联(整篇AI),0.75,高,0.76
快影功能介绍,AI认知,AI竞品词,品牌认知,功能介绍,快影,AI竞品词·品牌认知·功能介绍·快影,高关联(整篇AI),0.75,高,0.76
快影官网,AI认知,AI竞品词,官网下载,官网,快影,AI竞品词·官网下载·官网·快影,高关联(整篇AI),0.75,高,0.76
快影下载,AI认知,AI竞品词,官网下载,下载,快影,AI竞品词·官网下载·下载·快影,高关联(整篇AI),0.75,中,0.61
快影怎么用,AI认知,AI竞品词,教程操作,怎么用,快影,AI竞品词·教程操作·怎么用·快影,中关联(AI+工具章节),0.75,中,0.61
快影使用教程,AI认知,AI竞品词,教程操作,使用教程,快影,AI竞品词·教程操作·使用教程·快影,中关联(AI+工具章节),0.75,低,0.57
快影哪个好,AI认知,AI竞品词,功能对比,哪个好,快影,AI竞品词·功能对比·哪个好·快影,中关联(AI+工具章节),0.75,中,0.65
快影评测,AI认知,AI竞品词,功能对比,评测,快影,AI竞品词·功能对比·评测·快影,中关联(AI+工具章节),0.75,低,0.53
快影剪视频,AI视频,AI竞品词,场景应用,剪视频,快影,AI竞品词·场景应用·剪视频·快影,中关联(AI+工具章节),0.78,长尾极低,0.38
快影生成数字人,AI视频,AI竞品词,教程操作,生成数字人,快影,AI竞品词·教程操作·生成数字人·快影,中关联(AI+工具章节),0.78,长尾极低,0.38
Runway是什么,AI认知,AI竞品词,品牌认知,是什么,Runway,AI竞品词·品牌认知·是什么·Runway,高关联(整篇AI),0.75,中,0.74
Runway功能介绍,AI认知,AI竞品词,品牌认知,功能介绍,Runway,AI竞品词·品牌认知·功能介绍·Runway,高关联(整篇AI),0.75,中,0.74
Runway官网,AI认知,AI竞品词,官网下载,官网,Runway,AI竞品词·官网下载·官网·Runway,高关联(整篇AI),0.75,中,0.74
Runway下载,AI认知,AI竞品词,官网下载,下载,Runway,AI竞品词·官网下载·下载·Runway,高关联(整篇AI),0.75,低,0.59
Runway怎么用,AI认知,AI竞品词,教程操作,怎么用,Runway,AI竞品词·教程操作·怎么用·Runway,中关联(AI+工具章节),0.75,低,0.59
Runway使用教程,AI认知,AI竞品词,教程操作,使用教程,Runway,AI竞品词·教程操作·使用教程·Runway,中关联(AI+工具章节),0.75,低,0.55
Runway哪个好,AI认知,AI竞品词,功能对比,哪个好,Runway,AI竞品词·功能对比·哪个好·Runway,中关联(AI+工具章节),0.75,中,0.63
Runway评测,AI认知,AI竞品词,功能对比,评测,Runway,AI竞品词·功能对比·评测·Runway,中关联(AI+工具章节),0.75,低,0.52
Runway剪视频,AI视频,AI竞品词,场景应用,剪视频,Runway,AI竞品词·场景应用·剪视频·Runway,中关联(AI+工具章节),0.78,长尾极低,0.37
Runway生成数字人,AI视频,AI竞品词,教程操作,生成数字人,Runway,AI竞品词·教程操作·生成数字人·Runway,中关联(AI+工具章节),0.78,长尾极低,0.37
Pika是什么,AI认知,AI竞品词,品牌认知,是什么,Pika,AI竞品词·品牌认知·是什么·Pika,高关联(整篇AI),0.75,中,0.7
Pika官网,AI认知,AI竞品词,官网下载,官网,Pika,AI竞品词·官网下载·官网·Pika,高关联(整篇AI),0.75,中,0.7
Pika怎么用,AI认知,AI竞品词,教程操作,怎么用,Pika,AI竞品词·教程操作·怎么用·Pika,中关联(AI+工具章节),0.75,低,0.56
Pika哪个好,AI认知,AI竞品词,功能对比,哪个好,Pika,AI竞品词·功能对比·哪个好·Pika,中关联(AI+工具章节),0.75,低,0.59
Pika剪视频,AI视频,AI竞品词,场景应用,剪视频,Pika,AI竞品词·场景应用·剪视频·Pika,中关联(AI+工具章节),0.78,长尾极低,0.35
Pika生成数字人,AI视频,AI竞品词,教程操作,生成数字人,Pika,AI竞品词·教程操作·生成数字人·Pika,中关联(AI+工具章节),0.78,长尾极低,0.35
PixVerse是什么,AI认知,AI竞品词,品牌认知,是什么,PixVerse,AI竞品词·品牌认知·是什么·PixVerse,高关联(整篇AI),0.75,中,0.7
PixVerse官网,AI认知,AI竞品词,官网下载,官网,PixVerse,AI竞品词·官网下载·官网·PixVerse,高关联(整篇AI),0.75,中,0.7
PixVerse怎么用,AI认知,AI竞品词,教程操作,怎么用,PixVerse,AI竞品词·教程操作·怎么用·PixVerse,中关联(AI+工具章节),0.75,低,0.56
PixVerse哪个好,AI认知,AI竞品词,功能对比,哪个好,PixVerse,AI竞品词·功能对比·哪个好·PixVerse,中关联(AI+工具章节),0.75,低,0.59
PixVerse剪视频,AI视频,AI竞品词,场景应用,剪视频,PixVerse,AI竞品词·场景应用·剪视频·PixVerse,中关联(AI+工具章节),0.78,长尾极低,0.35
PixVerse生成数字人,AI视频,AI竞品词,教程操作,生成数字人,PixVerse,AI竞品词·教程操作·生成数字人·PixVerse,中关联(AI+工具章节),0.78,长尾极低,0.35
美图Wink是什么,AI绘图,AI竞品词,品牌认知,是什么,美图Wink,AI竞品词·品牌认知·是什么·美图Wink,高关联(整篇AI),0.85,中,0.7
美图Wink官网,AI绘图,AI竞品词,官网下载,官网,美图Wink,AI竞品词·官网下载·官网·美图Wink,高关联(整篇AI),0.85,中,0.7
美图Wink怎么用,AI绘图,AI竞品词,教程操作,怎么用,美图Wink,AI竞品词·教程操作·怎么用·美图Wink,中关联(AI+工具章节),0.85,低,0.56
美图Wink哪个好,AI绘图,AI竞品词,功能对比,哪个好,美图Wink,AI竞品词·功能对比·哪个好·美图Wink,中关联(AI+工具章节),0.85,低,0.59
美图Wink剪视频,AI绘图,AI竞品词,场景应用,剪视频,美图Wink,AI竞品词·场景应用·剪视频·美图Wink,中关联(AI+工具章节),0.85,长尾极低,0.35
美图Wink生成数字人,AI绘图,AI竞品词,教程操作,生成数字人,美图Wink,AI竞品词·教程操作·生成数字人·美图Wink,中关联(AI+工具章节),0.85,长尾极低,0.35
HeyGen是什么,AI认知,AI竞品词,品牌认知,是什么,HeyGen,AI竞品词·品牌认知·是什么·HeyGen,高关联(整篇AI),0.75,中,0.72
HeyGen官网,AI认知,AI竞品词,官网下载,官网,HeyGen,AI竞品词·官网下载·官网·HeyGen,高关联(整篇AI),0.75,中,0.72
HeyGen怎么用,AI认知,AI竞品词,教程操作,怎么用,HeyGen,AI竞品词·教程操作·怎么用·HeyGen,中关联(AI+工具章节),0.75,低,0.58
HeyGen哪个好,AI认知,AI竞品词,功能对比,哪个好,HeyGen,AI竞品词·功能对比·哪个好·HeyGen,中关联(AI+工具章节),0.75,中,0.61
HeyGen剪视频,AI视频,AI竞品词,场景应用,剪视频,HeyGen,AI竞品词·场景应用·剪视频·HeyGen,中关联(AI+工具章节),0.78,长尾极低,0.36
HeyGen生成数字人,AI视频,AI竞品词,教程操作,生成数字人,HeyGen,AI竞品词·教程操作·生成数字人·HeyGen,中关联(AI+工具章节),0.78,长尾极低,0.36
海螺AI是什么,AI认知,AI竞品词,品牌认知,是什么,海螺AI,AI竞品词·品牌认知·是什么·海螺AI,高关联(整篇AI),0.75,中,0.72
海螺AI官网,AI认知,AI竞品词,官网下载,官网,海螺AI,AI竞品词·官网下载·官网·海螺AI,高关联(整篇AI),0.75,中,0.72
海螺AI怎么用,AI认知,AI竞品词,教程操作,怎么用,海螺AI,AI竞品词·教程操作·怎么用·海螺AI,中关联(AI+工具章节),0.75,低,0.58
海螺AI哪个好,AI认知,AI竞品词,功能对比,哪个好,海螺AI,AI竞品词·功能对比·哪个好·海螺AI,中关联(AI+工具章节),0.75,中,0.61
海螺AI剪视频,AI视频,AI竞品词,场景应用,剪视频,海螺AI,AI竞品词·场景应用·剪视频·海螺AI,中关联(AI+工具章节),0.78,长尾极低,0.36
海螺AI生成数字人,AI视频,AI竞品词,教程操作,生成数字人,海螺AI,AI竞品词·教程操作·生成数字人·海螺AI,中关联(AI+工具章节),0.78,长尾极低,0.36
ElevenLabs是什么,AI认知,AI竞品词,品牌认知,是什么,ElevenLabs,AI竞品词·品牌认知·是什么·ElevenLabs,高关联(整篇AI),0.75,高,0.75
ElevenLabs功能介绍,AI认知,AI竞品词,品牌认知,功能介绍,ElevenLabs,AI竞品词·品牌认知·功能介绍·ElevenLabs,高关联(整篇AI),0.75,高,0.75
ElevenLabs官网,AI认知,AI竞品词,官网下载,官网,ElevenLabs,AI竞品词·官网下载·官网·ElevenLabs,高关联(整篇AI),0.75,高,0.75
ElevenLabs下载,AI认知,AI竞品词,官网下载,下载,ElevenLabs,AI竞品词·官网下载·下载·ElevenLabs,高关联(整篇AI),0.75,中,0.6
ElevenLabs怎么用,AI认知,AI竞品词,教程操作,怎么用,ElevenLabs,AI竞品词·教程操作·怎么用·ElevenLabs,中关联(AI+工具章节),0.75,中,0.6
ElevenLabs使用教程,AI认知,AI竞品词,教程操作,使用教程,ElevenLabs,AI竞品词·教程操作·使用教程·ElevenLabs,中关联(AI+工具章节),0.75,低,0.56
ElevenLabs哪个好,AI认知,AI竞品词,功能对比,哪个好,ElevenLabs,AI竞品词·功能对比·哪个好·ElevenLabs,中关联(AI+工具章节),0.75,中,0.64
ElevenLabs评测,AI认知,AI竞品词,功能对比,评测,ElevenLabs,AI竞品词·功能对比·评测·ElevenLabs,中关联(AI+工具章节),0.75,低,0.52
ElevenLabs配音,AI音频,AI竞品词,场景应用,配音,ElevenLabs,AI竞品词·场景应用·配音·ElevenLabs,中关联(AI+工具章节),0.65,长尾极低,0.38
ElevenLabs生成音乐,AI音频,AI竞品词,教程操作,生成音乐,ElevenLabs,AI竞品词·教程操作·生成音乐·ElevenLabs,中关联(AI+工具章节),0.65,长尾极低,0.38
讯飞是什么,AI认知,AI竞品词,品牌认知,是什么,讯飞,AI竞品词·品牌认知·是什么·讯飞,高关联(整篇AI),0.75,高,0.8
讯飞功能介绍,AI认知,AI竞品词,品牌认知,功能介绍,讯飞,AI竞品词·品牌认知·功能介绍·讯飞,高关联(整篇AI),0.75,高,0.8
讯飞官网,AI认知,AI竞品词,官网下载,官网,讯飞,AI竞品词·官网下载·官网·讯飞,高关联(整篇AI),0.75,高,0.8
讯飞下载,AI认知,AI竞品词,官网下载,下载,讯飞,AI竞品词·官网下载·下载·讯飞,高关联(整篇AI),0.75,中,0.64
讯飞怎么用,AI认知,AI竞品词,教程操作,怎么用,讯飞,AI竞品词·教程操作·怎么用·讯飞,中关联(AI+工具章节),0.75,中,0.64
讯飞使用教程,AI认知,AI竞品词,教程操作,使用教程,讯飞,AI竞品词·教程操作·使用教程·讯飞,中关联(AI+工具章节),0.75,中,0.6
讯飞哪个好,AI认知,AI竞品词,功能对比,哪个好,讯飞,AI竞品词·功能对比·哪个好·讯飞,中关联(AI+工具章节),0.75,中,0.68
讯飞评测,AI认知,AI竞品词,功能对比,评测,讯飞,AI竞品词·功能对比·评测·讯飞,中关联(AI+工具章节),0.75,低,0.56
讯飞配音,AI音频,AI竞品词,场景应用,配音,讯飞,AI竞品词·场景应用·配音·讯飞,中关联(AI+工具章节),0.65,长尾极低,0.4
讯飞生成音乐,AI音频,AI竞品词,教程操作,生成音乐,讯飞,AI竞品词·教程操作·生成音乐·讯飞,中关联(AI+工具章节),0.65,长尾极低,0.4
Perplexity是什么,AI认知,AI竞品词,品牌认知,是什么,Perplexity,AI竞品词·品牌认知·是什么·Perplexity,高关联(整篇AI),0.75,高,0.8
Perplexity功能介绍,AI认知,AI竞品词,品牌认知,功能介绍,Perplexity,AI竞品词·品牌认知·功能介绍·Perplexity,高关联(整篇AI),0.75,高,0.8
Perplexity官网,AI认知,AI竞品词,官网下载,官网,Perplexity,AI竞品词·官网下载·官网·Perplexity,高关联(整篇AI),0.75,高,0.8
Perplexity下载,AI认知,AI竞品词,官网下载,下载,Perplexity,AI竞品词·官网下载·下载·Perplexity,高关联(整篇AI),0.75,中,0.64
Perplexity怎么用,AI认知,AI竞品词,教程操作,怎么用,Perplexity,AI竞品词·教程操作·怎么用·Perplexity,中关联(AI+工具章节),0.75,中,0.64
Perplexity使用教程,AI认知,AI竞品词,教程操作,使用教程,Perplexity,AI竞品词·教程操作·使用教程·Perplexity,中关联(AI+工具章节),0.75,中,0.6
Perplexity哪个好,AI认知,AI竞品词,功能对比,哪个好,Perplexity,AI竞品词·功能对比·哪个好·Perplexity,中关联(AI+工具章节),0.75,中,0.68
Perplexity评测,AI认知,AI竞品词,功能对比,评测,Perplexity,AI竞品词·功能对比·评测·Perplexity,中关联(AI+工具章节),0.75,低,0.56
Perplexity查资料,AI搜索,AI竞品词,场景应用,查资料,Perplexity,AI竞品词·场景应用·查资料·Perplexity,中关联(AI+工具章节),0.7,长尾极低,0.4
Perplexity搜索答案,AI搜索,AI竞品词,场景应用,搜索答案,Perplexity,AI竞品词·场景应用·搜索答案·Perplexity,中关联(AI+工具章节),0.7,长尾极低,0.4
秘塔AI是什么,AI认知,AI竞品词,品牌认知,是什么,秘塔AI,AI竞品词·品牌认知·是什么·秘塔AI,高关联(整篇AI),0.75,中,0.72
秘塔AI官网,AI认知,AI竞品词,官网下载,官网,秘塔AI,AI竞品词·官网下载·官网·秘塔AI,高关联(整篇AI),0.75,中,0.72
秘塔AI怎么用,AI认知,AI竞品词,教程操作,怎么用,秘塔AI,AI竞品词·教程操作·怎么用·秘塔AI,中关联(AI+工具章节),0.75,低,0.58
秘塔AI哪个好,AI认知,AI竞品词,功能对比,哪个好,秘塔AI,AI竞品词·功能对比·哪个好·秘塔AI,中关联(AI+工具章节),0.75,中,0.61
秘塔AI查资料,AI搜索,AI竞品词,场景应用,查资料,秘塔AI,AI竞品词·场景应用·查资料·秘塔AI,中关联(AI+工具章节),0.7,长尾极低,0.36
秘塔AI搜索答案,AI搜索,AI竞品词,场景应用,搜索答案,秘塔AI,AI竞品词·场景应用·搜索答案·秘塔AI,中关联(AI+工具章节),0.7,长尾极低,0.36
纳米AI是什么,AI认知,AI竞品词,品牌认知,是什么,纳米AI,AI竞品词·品牌认知·是什么·纳米AI,高关联(整篇AI),0.75,中,0.72
纳米AI官网,AI认知,AI竞品词,官网下载,官网,纳米AI,AI竞品词·官网下载·官网·纳米AI,高关联(整篇AI),0.75,中,0.72
纳米AI怎么用,AI认知,AI竞品词,教程操作,怎么用,纳米AI,AI竞品词·教程操作·怎么用·纳米AI,中关联(AI+工具章节),0.75,低,0.58
纳米AI哪个好,AI认知,AI竞品词,功能对比,哪个好,纳米AI,AI竞品词·功能对比·哪个好·纳米AI,中关联(AI+工具章节),0.75,中,0.61
纳米AI查资料,AI搜索,AI竞品词,场景应用,查资料,纳米AI,AI竞品词·场景应用·查资料·纳米AI,中关联(AI+工具章节),0.7,长尾极低,0.36
纳米AI搜索答案,AI搜索,AI竞品词,场景应用,搜索答案,纳米AI,AI竞品词·场景应用·搜索答案·纳米AI,中关联(AI+工具章节),0.7,长尾极低,0.36
夸克AI是什么,AI认知,AI竞品词,品牌认知,是什么,夸克AI,AI竞品词·品牌认知·是什么·夸克AI,高关联(整篇AI),0.75,中,0.72
夸克AI官网,AI认知,AI竞品词,官网下载,官网,夸克AI,AI竞品词·官网下载·官网·夸克AI,高关联(整篇AI),0.75,中,0.72
夸克AI怎么用,AI认知,AI竞品词,教程操作,怎么用,夸克AI,AI竞品词·教程操作·怎么用·夸克AI,中关联(AI+工具章节),0.75,低,0.58
夸克AI哪个好,AI认知,AI竞品词,功能对比,哪个好,夸克AI,AI竞品词·功能对比·哪个好·夸克AI,中关联(AI+工具章节),0.75,中,0.61
夸克AI查资料,AI搜索,AI竞品词,场景应用,查资料,夸克AI,AI竞品词·场景应用·查资料·夸克AI,中关联(AI+工具章节),0.7,长尾极低,0.36
夸克AI搜索答案,AI搜索,AI竞品词,场景应用,搜索答案,夸克AI,AI竞品词·场景应用·搜索答案·夸克AI,中关联(AI+工具章节),0.7,长尾极低,0.36
天工AI是什么,AI认知,AI竞品词,品牌认知,是什么,天工AI,AI竞品词·品牌认知·是什么·天工AI,高关联(整篇AI),0.75,中,0.66
天工AI官网,AI认知,AI竞品词,官网下载,官网,天工AI,AI竞品词·官网下载·官网·天工AI,高关联(整篇AI),0.75,中,0.66
天工AI怎么用,AI认知,AI竞品词,教程操作,怎么用,天工AI,AI竞品词·教程操作·怎么用·天工AI,中关联(AI+工具章节),0.75,低,0.53
天工AI哪个好,AI认知,AI竞品词,功能对比,哪个好,天工AI,AI竞品词·功能对比·哪个好·天工AI,中关联(AI+工具章节),0.75,低,0.56
天工AI查资料,AI搜索,AI竞品词,场景应用,查资料,天工AI,AI竞品词·场景应用·查资料·天工AI,中关联(AI+工具章节),0.7,长尾极低,0.33
天工AI搜索答案,AI搜索,AI竞品词,场景应用,搜索答案,天工AI,AI竞品词·场景应用·搜索答案·天工AI,中关联(AI+工具章节),0.7,长尾极低,0.33
360AI搜索是什么,AI搜索,AI竞品词,品牌认知,是什么,360AI搜索,AI竞品词·品牌认知·是什么·360AI搜索,高关联(整篇AI),0.7,中,0.66
360AI搜索官网,AI搜索,AI竞品词,官网下载,官网,360AI搜索,AI竞品词·官网下载·官网·360AI搜索,高关联(整篇AI),0.7,中,0.66
360AI搜索怎么用,AI搜索,AI竞品词,教程操作,怎么用,360AI搜索,AI竞品词·教程操作·怎么用·360AI搜索,中关联(AI+工具章节),0.7,低,0.53
360AI搜索哪个好,AI搜索,AI竞品词,功能对比,哪个好,360AI搜索,AI竞品词·功能对比·哪个好·360AI搜索,中关联(AI+工具章节),0.7,低,0.56
360AI搜索查资料,AI搜索,AI竞品词,场景应用,查资料,360AI搜索,AI竞品词·场景应用·查资料·360AI搜索,中关联(AI+工具章节),0.7,长尾极低,0.33
360AI搜索搜索答案,AI搜索,AI竞品词,场景应用,搜索答案,360AI搜索,AI竞品词·场景应用·搜索答案·360AI搜索,中关联(AI+工具章节),0.7,长尾极低,0.33
NotebookLM是什么,AI认知,AI竞品词,品牌认知,是什么,NotebookLM,AI竞品词·品牌认知·是什么·NotebookLM,高关联(整篇AI),0.75,中,0.72
NotebookLM官网,AI认知,AI竞品词,官网下载,官网,NotebookLM,AI竞品词·官网下载·官网·NotebookLM,高关联(整篇AI),0.75,中,0.72
NotebookLM怎么用,AI认知,AI竞品词,教程操作,怎么用,NotebookLM,AI竞品词·教程操作·怎么用·NotebookLM,中关联(AI+工具章节),0.75,低,0.58
NotebookLM哪个好,AI认知,AI竞品词,功能对比,哪个好,NotebookLM,AI竞品词·功能对比·哪个好·NotebookLM,中关联(AI+工具章节),0.75,中,0.61
NotebookLM查资料,AI搜索,AI竞品词,场景应用,查资料,NotebookLM,AI竞品词·场景应用·查资料·NotebookLM,中关联(AI+工具章节),0.7,长尾极低,0.36
NotebookLM搜索答案,AI搜索,AI竞品词,场景应用,搜索答案,NotebookLM,AI竞品词·场景应用·搜索答案·NotebookLM,中关联(AI+工具章节),0.7,长尾极低,0.36
WPS灵犀演讲稿提示词,AI写作,AI品牌词,模板获取,演讲稿,WPS灵犀,AI品牌词·模板获取·演讲稿·WPS灵犀,中关联(AI+工具章节),0.9,中,0.6
WPS灵犀读后感提示词,AI写作,AI品牌词,模板获取,读后感,WPS灵犀,AI品牌词·模板获取·读后感·WPS灵犀,中关联(AI+工具章节),0.9,中,0.6
WPS灵犀做ppt提示词,AI办公,AI品牌词,模板获取,做ppt,WPS灵犀,AI品牌词·模板获取·做ppt·WPS灵犀,中关联(AI+工具章节),0.88,中,0.6
WPS灵犀生成图片提示词,AI绘图,AI品牌词,模板获取,生成图片,WPS灵犀,AI品牌词·模板获取·生成图片·WPS灵犀,中关联(AI+工具章节),0.85,中,0.6
WPS灵犀做表格提示词,AI办公,AI品牌词,模板获取,做表格,WPS灵犀,AI品牌词·模板获取·做表格·WPS灵犀,中关联(AI+工具章节),0.88,中,0.6
WPS灵犀数据分析提示词,AI办公,AI品牌词,模板获取,数据分析,WPS灵犀,AI品牌词·模板获取·数据分析·WPS灵犀,中关联(AI+工具章节),0.88,中,0.6
WPS灵犀翻译提示词,AI对话,AI品牌词,模板获取,翻译,WPS灵犀,AI品牌词·模板获取·翻译·WPS灵犀,中关联(AI+工具章节),0.9,中,0.6
WPS灵犀写代码提示词,AI写作,AI品牌词,模板获取,写代码,WPS灵犀,AI品牌词·模板获取·写代码·WPS灵犀,中关联(AI+工具章节),0.9,中,0.6
WPS AI演讲稿提示词,AI写作,AI品牌词,模板获取,演讲稿,WPS AI,AI品牌词·模板获取·演讲稿·WPS AI,中关联(AI+工具章节),0.9,中,0.6
WPS AI读后感提示词,AI写作,AI品牌词,模板获取,读后感,WPS AI,AI品牌词·模板获取·读后感·WPS AI,中关联(AI+工具章节),0.9,中,0.6
WPS AI做ppt提示词,AI办公,AI品牌词,模板获取,做ppt,WPS AI,AI品牌词·模板获取·做ppt·WPS AI,中关联(AI+工具章节),0.88,中,0.6
WPS AI生成图片提示词,AI绘图,AI品牌词,模板获取,生成图片,WPS AI,AI品牌词·模板获取·生成图片·WPS AI,中关联(AI+工具章节),0.85,中,0.6
WPS AI做表格提示词,AI办公,AI品牌词,模板获取,做表格,WPS AI,AI品牌词·模板获取·做表格·WPS AI,中关联(AI+工具章节),0.88,中,0.6
WPS AI数据分析提示词,AI办公,AI品牌词,模板获取,数据分析,WPS AI,AI品牌词·模板获取·数据分析·WPS AI,中关联(AI+工具章节),0.88,中,0.6
WPS AI翻译提示词,AI对话,AI品牌词,模板获取,翻译,WPS AI,AI品牌词·模板获取·翻译·WPS AI,中关联(AI+工具章节),0.9,中,0.6
WPS AI写代码提示词,AI写作,AI品牌词,模板获取,写代码,WPS AI,AI品牌词·模板获取·写代码·WPS AI,中关联(AI+工具章节),0.9,中,0.6
豆包写周报提示词,AI写作,AI竞品词,模板获取,写周报,豆包,AI竞品词·模板获取·写周报·豆包,中关联(AI+工具章节),0.9,中,0.6
豆包写论文提示词,AI写作,AI竞品词,模板获取,写论文,豆包,AI竞品词·模板获取·写论文·豆包,中关联(AI+工具章节),0.9,中,0.6
豆包写文案提示词,AI写作,AI竞品词,模板获取,写文案,豆包,AI竞品词·模板获取·写文案·豆包,中关联(AI+工具章节),0.9,中,0.6
豆包做ppt提示词,AI办公,AI竞品词,模板获取,做ppt,豆包,AI竞品词·模板获取·做ppt·豆包,中关联(AI+工具章节),0.88,中,0.6
豆包生成图片提示词,AI绘图,AI竞品词,模板获取,生成图片,豆包,AI竞品词·模板获取·生成图片·豆包,中关联(AI+工具章节),0.85,中,0.6
豆包提示词大全,AI认知,AI竞品词,模板获取,提示词大全,豆包,AI竞品词·模板获取·提示词大全·豆包,中关联(AI+工具章节),0.75,中,0.6
豆包prompt模板,AI认知,AI竞品词,模板获取,prompt模板,豆包,AI竞品词·模板获取·prompt模板·豆包,中关联(AI+工具章节),0.75,中,0.6
ChatGPT写周报提示词,AI写作,AI竞品词,模板获取,写周报,ChatGPT,AI竞品词·模板获取·写周报·ChatGPT,中关联(AI+工具章节),0.9,中,0.6
ChatGPT写论文提示词,AI写作,AI竞品词,模板获取,写论文,ChatGPT,AI竞品词·模板获取·写论文·ChatGPT,中关联(AI+工具章节),0.9,中,0.6
ChatGPT写文案提示词,AI写作,AI竞品词,模板获取,写文案,ChatGPT,AI竞品词·模板获取·写文案·ChatGPT,中关联(AI+工具章节),0.9,中,0.6
ChatGPT做ppt提示词,AI办公,AI竞品词,模板获取,做ppt,ChatGPT,AI竞品词·模板获取·做ppt·ChatGPT,中关联(AI+工具章节),0.88,中,0.6
ChatGPT生成图片提示词,AI绘图,AI竞品词,模板获取,生成图片,ChatGPT,AI竞品词·模板获取·生成图片·ChatGPT,中关联(AI+工具章节),0.85,中,0.6
ChatGPT提示词大全,大模型,AI竞品词,模板获取,提示词大全,ChatGPT,AI竞品词·模板获取·提示词大全·ChatGPT,中关联(AI+工具章节),0.82,中,0.6
ChatGPTprompt模板,大模型,AI竞品词,模板获取,prompt模板,ChatGPT,AI竞品词·模板获取·prompt模板·ChatGPT,中关联(AI+工具章节),0.82,中,0.6
DeepSeek写周报提示词,AI写作,AI竞品词,模板获取,写周报,DeepSeek,AI竞品词·模板获取·写周报·DeepSeek,中关联(AI+工具章节),0.9,中,0.6
DeepSeek写论文提示词,AI写作,AI竞品词,模板获取,写论文,DeepSeek,AI竞品词·模板获取·写论文·DeepSeek,中关联(AI+工具章节),0.9,中,0.6
DeepSeek写文案提示词,AI写作,AI竞品词,模板获取,写文案,DeepSeek,AI竞品词·模板获取·写文案·DeepSeek,中关联(AI+工具章节),0.9,中,0.6
DeepSeek做ppt提示词,AI办公,AI竞品词,模板获取,做ppt,DeepSeek,AI竞品词·模板获取·做ppt·DeepSeek,中关联(AI+工具章节),0.88,中,0.6
DeepSeek生成图片提示词,AI绘图,AI竞品词,模板获取,生成图片,DeepSeek,AI竞品词·模板获取·生成图片·DeepSeek,中关联(AI+工具章节),0.85,中,0.6
DeepSeek提示词大全,大模型,AI竞品词,模板获取,提示词大全,DeepSeek,AI竞品词·模板获取·提示词大全·DeepSeek,中关联(AI+工具章节),0.82,中,0.6
DeepSeekprompt模板,大模型,AI竞品词,模板获取,prompt模板,DeepSeek,AI竞品词·模板获取·prompt模板·DeepSeek,中关联(AI+工具章节),0.82,中,0.6
Kimi写周报提示词,AI写作,AI竞品词,模板获取,写周报,Kimi,AI竞品词·模板获取·写周报·Kimi,中关联(AI+工具章节),0.9,中,0.6
Kimi写论文提示词,AI写作,AI竞品词,模板获取,写论文,Kimi,AI竞品词·模板获取·写论文·Kimi,中关联(AI+工具章节),0.9,中,0.6
Kimi写文案提示词,AI写作,AI竞品词,模板获取,写文案,Kimi,AI竞品词·模板获取·写文案·Kimi,中关联(AI+工具章节),0.9,中,0.6
Kimi做ppt提示词,AI办公,AI竞品词,模板获取,做ppt,Kimi,AI竞品词·模板获取·做ppt·Kimi,中关联(AI+工具章节),0.88,中,0.6
Kimi生成图片提示词,AI绘图,AI竞品词,模板获取,生成图片,Kimi,AI竞品词·模板获取·生成图片·Kimi,中关联(AI+工具章节),0.85,中,0.6
Kimi提示词大全,AI认知,AI竞品词,模板获取,提示词大全,Kimi,AI竞品词·模板获取·提示词大全·Kimi,中关联(AI+工具章节),0.75,中,0.6
Kimiprompt模板,AI认知,AI竞品词,模板获取,prompt模板,Kimi,AI竞品词·模板获取·prompt模板·Kimi,中关联(AI+工具章节),0.75,中,0.6
文心一言写周报提示词,AI写作,AI竞品词,模板获取,写周报,文心一言,AI竞品词·模板获取·写周报·文心一言,中关联(AI+工具章节),0.9,中,0.6
文心一言写论文提示词,AI写作,AI竞品词,模板获取,写论文,文心一言,AI竞品词·模板获取·写论文·文心一言,中关联(AI+工具章节),0.9,中,0.6
文心一言写文案提示词,AI写作,AI竞品词,模板获取,写文案,文心一言,AI竞品词·模板获取·写文案·文心一言,中关联(AI+工具章节),0.9,中,0.6
文心一言做ppt提示词,AI办公,AI竞品词,模板获取,做ppt,文心一言,AI竞品词·模板获取·做ppt·文心一言,中关联(AI+工具章节),0.88,中,0.6
文心一言生成图片提示词,AI绘图,AI竞品词,模板获取,生成图片,文心一言,AI竞品词·模板获取·生成图片·文心一言,中关联(AI+工具章节),0.85,中,0.6
文心一言提示词大全,AI认知,AI竞品词,模板获取,提示词大全,文心一言,AI竞品词·模板获取·提示词大全·文心一言,中关联(AI+工具章节),0.75,中,0.6
文心一言prompt模板,AI认知,AI竞品词,模板获取,prompt模板,文心一言,AI竞品词·模板获取·prompt模板·文心一言,中关联(AI+工具章节),0.75,中,0.6
通义千问写周报提示词,AI写作,AI竞品词,模板获取,写周报,通义千问,AI竞品词·模板获取·写周报·通义千问,中关联(AI+工具章节),0.9,中,0.6
通义千问写论文提示词,AI写作,AI竞品词,模板获取,写论文,通义千问,AI竞品词·模板获取·写论文·通义千问,中关联(AI+工具章节),0.9,中,0.6
通义千问写文案提示词,AI写作,AI竞品词,模板获取,写文案,通义千问,AI竞品词·模板获取·写文案·通义千问,中关联(AI+工具章节),0.9,中,0.6
通义千问做ppt提示词,AI办公,AI竞品词,模板获取,做ppt,通义千问,AI竞品词·模板获取·做ppt·通义千问,中关联(AI+工具章节),0.88,中,0.6
通义千问生成图片提示词,AI绘图,AI竞品词,模板获取,生成图片,通义千问,AI竞品词·模板获取·生成图片·通义千问,中关联(AI+工具章节),0.85,中,0.6
通义千问提示词大全,大模型,AI竞品词,模板获取,提示词大全,通义千问,AI竞品词·模板获取·提示词大全·通义千问,中关联(AI+工具章节),0.82,中,0.6
通义千问prompt模板,大模型,AI竞品词,模板获取,prompt模板,通义千问,AI竞品词·模板获取·prompt模板·通义千问,中关联(AI+工具章节),0.82,中,0.6
Claude写周报提示词,AI写作,AI竞品词,模板获取,写周报,Claude,AI竞品词·模板获取·写周报·Claude,中关联(AI+工具章节),0.9,中,0.6
Claude写论文提示词,AI写作,AI竞品词,模板获取,写论文,Claude,AI竞品词·模板获取·写论文·Claude,中关联(AI+工具章节),0.9,中,0.6
Claude写文案提示词,AI写作,AI竞品词,模板获取,写文案,Claude,AI竞品词·模板获取·写文案·Claude,中关联(AI+工具章节),0.9,中,0.6
Claude做ppt提示词,AI办公,AI竞品词,模板获取,做ppt,Claude,AI竞品词·模板获取·做ppt·Claude,中关联(AI+工具章节),0.88,中,0.6
Claude生成图片提示词,AI绘图,AI竞品词,模板获取,生成图片,Claude,AI竞品词·模板获取·生成图片·Claude,中关联(AI+工具章节),0.85,中,0.6
Claude提示词大全,AI认知,AI竞品词,模板获取,提示词大全,Claude,AI竞品词·模板获取·提示词大全·Claude,中关联(AI+工具章节),0.75,中,0.6
Claudeprompt模板,AI认知,AI竞品词,模板获取,prompt模板,Claude,AI竞品词·模板获取·prompt模板·Claude,中关联(AI+工具章节),0.75,中,0.6
Gemini写周报提示词,AI写作,AI竞品词,模板获取,写周报,Gemini,AI竞品词·模板获取·写周报·Gemini,中关联(AI+工具章节),0.9,中,0.6
Gemini写论文提示词,AI写作,AI竞品词,模板获取,写论文,Gemini,AI竞品词·模板获取·写论文·Gemini,中关联(AI+工具章节),0.9,中,0.6
Gemini写文案提示词,AI写作,AI竞品词,模板获取,写文案,Gemini,AI竞品词·模板获取·写文案·Gemini,中关联(AI+工具章节),0.9,中,0.6
Gemini做ppt提示词,AI办公,AI竞品词,模板获取,做ppt,Gemini,AI竞品词·模板获取·做ppt·Gemini,中关联(AI+工具章节),0.88,中,0.6
Gemini生成图片提示词,AI绘图,AI竞品词,模板获取,生成图片,Gemini,AI竞品词·模板获取·生成图片·Gemini,中关联(AI+工具章节),0.85,中,0.6
Gemini提示词大全,AI认知,AI竞品词,模板获取,提示词大全,Gemini,AI竞品词·模板获取·提示词大全·Gemini,中关联(AI+工具章节),0.75,中,0.6
Geminiprompt模板,AI认知,AI竞品词,模板获取,prompt模板,Gemini,AI竞品词·模板获取·prompt模板·Gemini,中关联(AI+工具章节),0.75,中,0.6
